t_ns,wall_ms,sentence
20662258968907,1788550608433,"$GPGSV,1,1,04,06,64,030,39,13,00,000,45,22,36,122,41,24,35,253,43,1*6C  "
20662259080835,1788550608433,"$GPGSV,1,1,04,11,74,236,33,14,15,131,27,21,24,163,36,24,35,253,36,8*6F  "
20662259208960,1788550608433,"$GLGSV,1,1,04,10,00,000,37,20,63,299,44,19,34,024,40,21,30,247,39,1*7A  "
20662259328491,1788550608433,"$GAGSV,2,1,06,02,60,096,30,15,33,213,35,18,62,017,43,30,54,332,45,7*71  "
20662259453543,1788550608433,"$GAGSV,2,2,06,34,86,155,36,36,37,039,32,7*72  "
20662259785574,1788550608433,"$GAGSV,1,1,04,15,33,213,27,18,62,017,25,30,54,332,28,36,37,039,25,1*7A  "
20662260027553,1788550608433,"$GQGSV,1,1,02,02,23,100,27,03,32,061,30,8*6F  "
20662260169168,1788550608433,"$GBGSV,2,1,06,23,71,208,30,25,29,159,33,28,53,277,33,37,40,310,34,5*73  "
20662260350157,1788550608433,"$GBGSV,2,2,06,38,53,026,25,42,08,091,24,5*7A  "
20662269322397,1788550608442,"$GNGSA,A,3,06,11,12,14,17,19,21,22,24,,,,0.7,0.4,0.5,1*3C  "
20662269610626,1788550608442,"$PSSGR,GSA,A,3,06,11,14,21,24,,,,,,,,0.7,0.4,0.5,1,8*45  "
20662269624532,1788550608442,"$GNGSA,A,3,80,83,85,,,,,,,,,,0.7,0.4,0.5,2*3A  "
20662269640626,1788550608442,"$GNGSA,A,3,02,15,18,25,30,34,36,,,,,,0.7,0.4,0.5,3*3C  "
20662270593387,1788550608442,"$PSSGR,GSA,A,3,302,315,318,330,334,336,,,,,,,0.7,0.4,0.5,3,1*46  "
20662270882605,1788550608442,"$GNGSA,A,3,06,08,09,10,13,23,25,27,28,37,38,42,0.7,0.4,0.5,4*36  "
20662271512293,1788550608442,"$PSSGR,GSA,A,3,223,225,227,228,237,238,242,,,,,,0.7,0.4,0.5,4,5*79  "
20662271534480,1788550608442,"$GNGSA,A,3,02,03,,,,,,,,,,,0.7,0.4,0.5,5*32  "
20662271902605,1788550608442,"$PSSGR,GSA,A,3,194,195,,,,,,,,,,,0.7,0.4,0.5,5,8*46  "
20662272209949,1788550608442,"$GNVTG,,T,,M,0.0,N,0.0,K,A*3D  "
20662272572449,1788550608442,"$GNDTM,W84,,0000.000000,N,00000.000000,E,0.000,W84*41  "
20662272866720,1788550608442,"$GNRMC,193647.97,A,2831.360523,N,07734.439994,E,0.0,,040926,1.3,E,A,V*70  "
20662273058126,1788550608442,"$GNGNS,193647.97,2831.360523,N,07734.439994,E,AAAAAN,33,0.4,208.8,-54.0,,,V*03  "
20662273291824,1788550608442,"$GNGGA,193647.97,2831.360523,N,07734.439994,E,1,12,0.4,208.8,M,-54.0,M,,*5F  "
20662273610678,1788550608447,"$PSMSG,magcal=FAIL,bluesky=0*00 "
20662765706303,1788550608939,"$GNGSA,A,3,06,11,12,14,17,19,21,22,24,,,,0.6,0.4,0.5,1*3D  "
20662765723282,1788550608939,"$PSSGR,GSA,A,3,06,11,14,21,24,,,,,,,,0.6,0.4,0.5,1,8*44  "
20662766186668,1788550608939,"$GNGSA,A,3,80,83,85,,,,,,,,,,0.6,0.4,0.5,2*3B  "
20662767357449,1788550608939,"$GNGSA,A,3,02,15,18,25,30,34,36,,,,,,0.6,0.4,0.5,3*3D  "
20662768533491,1788550608939,"$PSSGR,GSA,A,3,302,315,318,330,334,336,,,,,,,0.6,0.4,0.5,3,1*47  "
20662769190886,1788550608939,"$GNGSA,A,3,01,06,08,09,10,13,23,25,27,28,37,38,0.6,0.4,0.5,4*30  "
20662769205053,1788550608939,"$PSSGR,GSA,A,3,223,225,227,228,237,238,242,,,,,,0.6,0.4,0.5,4,5*78  "
20662769389376,1788550608939,"$GNGSA,A,3,02,03,,,,,,,,,,,0.6,0.4,0.5,5*33  "
20662769622189,1788550608939,"$PSSGR,GSA,A,3,194,195,,,,,,,,,,,0.6,0.4,0.5,5,8*47  "
20662769880157,1788550608939,"$GNVTG,,T,,M,0.0,N,0.0,K,A*3D  "
20662770581355,1788550608939,"$GNDTM,W84,,0000.000000,N,00000.000000,E,0.000,W84*41  "
20662770596043,1788550608939,"$GNRMC,193649.00,A,2831.360522,N,07734.439992,E,0.0,,040926,1.3,E,A,V*77  "
20662773197866,1788550608939,"$GNGNS,193649.00,2831.360522,N,07734.439992,E,AAAAAN,34,0.4,208.8,-54.0,,,V*03  "
20662773466043,1788550608939,"$GNGGA,193649.00,2831.360522,N,07734.439992,E,1,12,0.4,208.8,M,-54.0,M,,*58  "
20662773624220,1788550608947,"$PSMSG,magcal=PASS,bluesky=0*00 "
20663767070886,1788550609940,"$GPGSV,3,1,12,05,02,189,24,06,64,030,42,11,74,236,35,12,31,320,33,1*67  "
20663767567553,1788550609940,"$GPGSV,3,2,12,13,00,000,44,14,15,131,31,17,21,067,34,19,46,039,37,1*63  "
20663767595105,1788550609940,"$GPGSV,3,3,12,21,24,163,40,22,36,122,43,24,35,253,44,40,00,000,37,1*65  "
20663767840157,1788550609940,"$GPGSV,2,1,05,06,64,030,18,11,74,236,33,14,15,131,24,21,24,163,33,8*64  "
20663768219271,1788550609940,"$GPGSV,2,2,05,24,35,253,37,8*58  "
20663769442917,1788550609940,"$GLGSV,2,1,06,10,00,000,36,09,73,164,27,16,16,151,36,20,63,299,46,1*75  "
20663770275417,1788550609940,"$GLGSV,2,2,06,19,34,024,40,21,30,247,36,1*77  "
20663770330834,1788550609940,"$GAGSV,2,1,07,02,60,096,29,15,33,213,39,18,62,017,44,25,10,122,23,7*74  "
20663770617761,1788550609940,"$GAGSV,2,2,07,30,54,332,42,34,86,155,35,36,37,039,37,7*43  "
20663770958178,1788550609940,"$GAGSV,2,1,06,02,60,096,22,15,33,213,28,18,62,017,30,30,54,332,33,1*7D  "
20663771351199,1788550609940,"$GAGSV,2,2,06,34,86,155,23,36,37,039,27,1*74  "
20663771691980,1788550609940,"$GQGSV,1,1,02,02,23,100,28,03,32,061,30,1*69  "
20663772078021,1788550609940,"$GQGSV,1,1,02,02,23,100,22,03,32,061,24,8*6F  "
20663772542188,1788550609940,"$GBGSV,5,1,17,42,08,091,28,38,53,026,44,37,40,310,37,34,03,058,24,1*78  "
20663772890990,1788550609940,"$GBGSV,5,2,17,33,06,141,27,28,53,277,41,27,14,251,32,25,29,159,27,1*78  "
20663773405365,1788550609940,"$GBGSV,5,3,17,23,71,208,38,13,66,337,46,10,13,164,31,09,26,145,37,1*7C  "
20663773640313,1788550609940,"$GBGSV,5,4,17,08,37,051,31,06,34,118,32,03,40,128,34,02,54,175,28,1*72  "
20663774061771,1788550609940,"$GBGSV,5,5,17,01,16,104,34,1*44  "
20663774386719,1788550609940,"$GBGSV,2,1,08,23,71,208,27,25,29,159,29,27,14,251,20,28,53,277,35,5*77  "
20663774628646,1788550609940,"$GBGSV,2,2,08,33,06,141,27,37,40,310,34,38,53,026,31,42,08,091,27,5*70  "
20663778881199,1788550609952,"$GNGSA,A,3,06,11,12,14,17,19,21,22,24,,,,0.6,0.4,0.5,1*3D  "
20663779377865,1788550609952,"$PSSGR,GSA,A,3,06,11,14,21,24,,,,,,,,0.6,0.4,0.5,1,8*44  "
20663780035417,1788550609952,"$GNGSA,A,3,80,83,85,,,,,,,,,,0.6,0.4,0.5,2*3B  "
20663780427657,1788550609952,"$GNGSA,A,3,02,15,18,25,30,34,36,,,,,,0.6,0.4,0.5,3*3D  "
20663781354271,1788550609952,"$PSSGR,GSA,A,3,302,315,318,330,334,336,,,,,,,0.6,0.4,0.5,3,1*47  "
20663781481771,1788550609952,"$GNGSA,A,3,01,02,06,08,09,10,13,23,25,27,28,37,0.6,0.4,0.5,4*39  "
20663781924584,1788550609952,"$PSSGR,GSA,A,3,223,225,227,228,237,238,242,,,,,,0.6,0.4,0.5,4,5*78  "
20663782326876,1788550609952,"$GNGSA,A,3,02,03,,,,,,,,,,,0.6,0.4,0.5,5*33  "
20663782505053,1788550609952,"$PSSGR,GSA,A,3,194,195,,,,,,,,,,,0.6,0.4,0.5,5,8*47  "
20663782816407,1788550609952,"$GNVTG,,T,,M,0.0,N,0.0,K,A*3D  "
20663783012761,1788550609952,"$GNDTM,W84,,0000.000000,N,00000.000000,E,0.000,W84*41  "
20663783219532,1788550609952,"$GNRMC,193650.00,A,2831.360520,N,07734.439989,E,0.0,,040926,1.3,E,A,V*77  "
20663783377709,1788550609952,"$GNGNS,193650.00,2831.360520,N,07734.439989,E,AAAAAN,35,0.4,208.8,-54.0,,,V*02  "
20663783595574,1788550609952,"$GNGGA,193650.00,2831.360520,N,07734.439989,E,1,12,0.4,208.8,M,-54.0,M,,*58  "
20663783821771,1788550609957,"$PSMSG,magcal=PASS,bluesky=0*00 "
20664766415990,1788550610939,"$GPGSV,3,1,12,05,02,189,26,06,64,030,42,11,74,236,36,12,31,320,33,1*66  "
20664766459636,1788550610939,"$GPGSV,3,2,12,13,00,000,42,14,15,131,31,17,21,067,35,19,46,039,37,1*64  "
20664766970417,1788550610939,"$GPGSV,3,3,12,21,24,163,39,22,36,122,42,24,35,253,44,40,00,000,37,1*6A  "
20664767235782,1788550610939,"$GPGSV,2,1,05,06,64,030,29,11,74,236,33,14,15,131,26,21,24,163,34,8*63  "
20664767275990,1788550610939,"$GPGSV,2,2,05,24,35,253,36,8*59  "
20664767626302,1788550610939,"$GLGSV,2,1,06,10,00,000,37,09,73,164,27,16,16,151,36,20,63,299,46,1*74  "
20664768237396,1788550610939,"$GLGSV,2,2,06,19,34,024,40,21,30,247,37,1*76  "
20664768625834,1788550610939,"$GAGSV,2,1,07,02,60,096,32,15,33,213,40,18,62,017,44,25,10,122,23,7*70  "
20664768660417,1788550610939,"$GAGSV,2,2,07,30,54,332,43,34,86,155,37,36,37,039,37,7*40  "
20664768771875,1788550610939,"$GAGSV,2,1,06,02,60,096,27,15,33,213,28,18,62,017,33,30,54,332,32,1*7A  "
20664769132240,1788550610939,"$GAGSV,2,2,06,34,86,155,22,36,37,039,31,1*72  "
20664769400104,1788550610939,"$GQGSV,1,1,02,02,23,100,27,03,32,061,32,1*64  "
20664769421459,1788550610939,"$GQGSV,1,1,02,02,23,100,24,03,32,061,26,8*6B  "
20664770267396,1788550610939,"$GBGSV,5,1,17,42,08,091,27,38,53,026,44,37,40,310,38,34,03,058,22,1*7E  "
20664770628750,1788550610939,"$GBGSV,5,2,17,33,06,141,29,28,53,277,43,27,14,251,32,25,29,159,29,1*7A  "
20664770943646,1788550610939,"$GBGSV,5,3,17,23,71,208,39,13,66,337,46,10,13,164,31,09,26,145,37,1*7D  "
20664771573386,1788550610939,"$GBGSV,5,4,17,08,37,051,33,06,34,118,32,03,40,128,35,02,54,175,32,1*7A  "
20664771902657,1788550610939,"$GBGSV,5,5,17,01,16,104,34,1*44  "
20664772254636,1788550610939,"$GBGSV,2,1,08,23,71,208,33,25,29,159,29,27,14,251,35,28,53,277,40,3*72  "
20664772924219,1788550610939,"$GBGSV,2,2,08,33,06,141,28,37,40,310,35,38,53,026,41,42,08,091,26,3*7E  "
20664773062813,1788550610939,"$GBGSV,2,1,08,23,71,208,30,25,29,159,30,27,14,251,20,28,53,277,35,5*79  "
20664773309011,1788550610939,"$GBGSV,2,2,08,33,06,141,26,37,40,310,32,38,53,026,30,42,08,091,28,5*79  "
20664776004792,1788550610950,"$GNGSA,A,3,06,11,12,14,17,19,21,22,24,,,,0.6,0.4,0.5,1*3D  "
20664776210052,1788550610950,"$PSSGR,GSA,A,3,06,11,14,21,24,,,,,,,,0.6,0.4,0.5,1,8*44  "
20664776353594,1788550610950,"$GNGSA,A,3,80,83,85,,,,,,,,,,0.6,0.4,0.5,2*3B  "
20664776518229,1788550610950,"$GNGSA,A,3,02,15,18,25,30,34,36,,,,,,0.6,0.4,0.5,3*3D  "
20664776986875,1788550610950,"$PSSGR,GSA,A,3,302,315,318,330,334,336,,,,,,,0.6,0.4,0.5,3,1*47  "
20664776997084,1788550610950,"$GNGSA,A,3,01,02,06,08,09,10,13,23,25,27,28,37,0.6,0.4,0.5,4*39  "
20664777005886,1788550610950,"$PSSGR,GSA,A,3,223,225,227,228,237,238,242,,,,,,0.6,0.4,0.5,4,5*78  "
20664777176094,1788550610950,"$GNGSA,A,3,02,03,,,,,,,,,,,0.6,0.4,0.5,5*33  "
20664777448229,1788550610950,"$PSSGR,GSA,A,3,194,195,,,,,,,,,,,0.6,0.4,0.5,5,8*47  "
20664777635157,1788550610950,"$GNVTG,,T,,M,0.0,N,0.0,K,A*3D  "
20664777898438,1788550610950,"$GNDTM,W84,,0000.000000,N,00000.000000,E,0.000,W84*41  "
20664778107969,1788550610950,"$GNRMC,193651.00,A,2831.360519,N,07734.439987,E,0.0,,040926,1.3,E,A,V*72  "
20664778314375,1788550610950,"$GNGNS,193651.00,2831.360519,N,07734.439987,E,AAAAAN,35,0.4,208.8,-54.0,,,V*07  "
20664778574792,1788550610950,"$GNGGA,193651.00,2831.360519,N,07734.439987,E,1,12,0.4,208.8,M,-54.0,M,,*5D  "
20664778861979,1788550610952,"$PSMSG,magcal=PASS,bluesky=0*00 "
20665768251406,1788550611942,"$GPGSV,3,1,12,05,02,189,25,06,64,030,44,11,74,236,35,12,31,320,32,1*61  "
20665768446198,1788550611942,"$GPGSV,3,2,12,13,00,000,43,14,15,131,34,17,21,067,35,19,46,039,32,1*65  "
20665768900729,1788550611942,"$GPGSV,3,3,12,21,24,163,37,22,36,122,41,24,35,253,44,40,00,000,39,1*69  "
20665768925989,1788550611942,"$GPGSV,2,1,05,06,64,030,28,11,74,236,32,14,15,131,26,21,24,163,35,8*62  "
20665770415260,1788550611942,"$GPGSV,2,2,05,24,35,253,37,8*58  "
20665770446042,1788550611942,"$GLGSV,2,1,06,10,00,000,36,09,73,164,29,16,16,151,37,20,63,299,46,1*7A  "
20665771359062,1788550611942,"$GLGSV,2,2,06,19,34,024,40,21,30,247,39,1*78  "
20665771512708,1788550611942,"$GAGSV,2,1,07,02,60,096,36,15,33,213,40,18,62,017,45,25,10,122,23,7*75  "
20665771524062,1788550611942,"$GAGSV,2,2,07,30,54,332,43,34,86,155,37,36,37,039,37,7*40  "
20665772691510,1788550611942,"$GAGSV,2,1,06,02,60,096,28,15,33,213,28,18,62,017,32,30,54,332,32,1*74  "
20665772715312,1788550611942,"$GAGSV,2,2,06,34,86,155,23,36,37,039,32,1*70  "
20665773291562,1788550611942,"$GQGSV,1,1,02,02,23,100,30,03,32,061,31,1*61  "
20665773894531,1788550611942,"$GQGSV,1,1,02,02,23,100,24,03,32,061,28,8*65  "
20665773915104,1788550611942,"$GBGSV,5,1,17,42,08,091,26,38,53,026,44,37,40,310,38,34,03,058,22,1*7F  "
20665774063021,1788550611942,"$GBGSV,5,2,17,33,06,141,32,28,53,277,44,27,14,251,32,25,29,159,30,1*7F  "
20665774087500,1788550611942,"$GBGSV,5,3,17,23,71,208,41,13,66,337,47,10,13,164,32,09,26,145,36,1*71  "
20665774096875,1788550611942,"$GBGSV,5,4,17,08,37,051,33,06,34,118,33,03,40,128,35,02,54,175,34,1*7D  "
20665774155312,1788550611942,"$GBGSV,5,5,17,01,16,104,36,1*46  "
20665774175208,1788550611942,"$GBGSV,2,1,08,23,71,208,31,25,29,159,30,27,14,251,35,28,53,277,41,3*79  "
20665775949896,1788550611942,"$GBGSV,2,2,08,33,06,141,30,37,40,310,37,38,53,026,40,42,08,091,27,3*75  "
20665776058542,1788550611942,"$GBGSV,2,1,08,23,71,208,31,25,29,159,31,27,14,251,20,28,53,277,35,5*79  "
20665776079948,1788550611942,"$GBGSV,2,2,08,33,06,141,26,37,40,310,32,38,53,026,30,42,08,091,24,5*75  "
20665777738021,1788550611950,"$GNGSA,A,3,06,11,12,14,17,19,21,22,24,,,,0.6,0.4,0.5,1*3D  "
20665777760573,1788550611950,"$PSSGR,GSA,A,3,06,11,14,21,24,,,,,,,,0.6,0.4,0.5,1,8*44  "
20665778068489,1788550611950,"$GNGSA,A,3,80,83,85,,,,,,,,,,0.6,0.4,0.5,2*3B  "
20665778076458,1788550611950,"$GNGSA,A,3,02,15,18,25,30,34,36,,,,,,0.6,0.4,0.5,3*3D  "
20665778081927,1788550611950,"$PSSGR,GSA,A,3,302,315,318,330,334,336,,,,,,,0.6,0.4,0.5,3,1*47  "
20665778087292,1788550611950,"$GNGSA,A,3,01,02,06,08,09,10,13,23,25,27,28,37,0.6,0.4,0.5,4*39  "
20665778092552,1788550611950,"$PSSGR,GSA,A,3,223,225,227,228,237,238,242,,,,,,0.6,0.4,0.5,4,5*78  "
20665778401094,1788550611950,"$GNGSA,A,3,02,03,,,,,,,,,,,0.6,0.4,0.5,5*33  "
20665779009844,1788550611950,"$PSSGR,GSA,A,3,194,195,,,,,,,,,,,0.6,0.4,0.5,5,8*47  "
20665779024739,1788550611950,"$GNVTG,,T,,M,0.0,N,0.0,K,A*3D  "
20665779031094,1788550611950,"$GNDTM,W84,,0000.000000,N,00000.000000,E,0.000,W84*41  "
20665779090052,1788550611950,"$GNRMC,193652.00,A,2831.360516,N,07734.439986,E,0.0,,040926,1.3,E,A,V*7F  "
20665779247552,1788550611950,"$GNGNS,193652.00,2831.360516,N,07734.439986,E,AAAAAN,35,0.4,208.8,-54.0,,,V*0A  "
20665779508229,1788550611950,"$GNGGA,193652.00,2831.360516,N,07734.439986,E,1,12,0.4,208.8,M,-54.0,M,,*50  "
20665779785781,1788550611953,"$PSMSG,magcal=PASS,bluesky=0*00 "
20666769118437,1788550612942,"$GPGSV,3,1,12,05,02,189,24,06,64,030,39,11,74,236,39,12,31,320,30,1*64  "
20666769202291,1788550612942,"$GPGSV,3,2,12,13,00,000,41,14,15,131,35,17,21,067,38,19,46,039,35,1*6C  "
20666769440312,1788550612942,"$GPGSV,3,3,12,21,24,163,38,22,36,122,41,24,35,253,42,40,00,000,41,1*6F  "
20666769826927,1788550612942,"$GPGSV,2,1,05,06,64,030,28,11,74,236,34,14,15,131,25,21,24,163,36,8*64  "
20666769959427,1788550612942,"$GPGSV,2,2,05,24,35,253,35,8*5A  "
20666770296406,1788550612942,"$GLGSV,2,1,06,10,00,000,34,09,73,164,30,16,16,151,37,20,63,299,45,1*73  "
20666770489374,1788550612942,"$GLGSV,2,2,06,19,34,024,40,21,30,247,40,1*76  "
20666771016041,1788550612942,"$GAGSV,2,1,07,02,60,096,35,15,33,213,37,18,62,017,41,25,10,122,23,7*72  "
20666771350208,1788550612942,"$GAGSV,2,2,07,30,54,332,42,34,86,155,34,36,37,039,34,7*41  "
20666771535312,1788550612942,"$GAGSV,2,1,06,02,60,096,24,15,33,213,25,18,62,017,23,30,54,332,31,1*76  "
20666771714687,1788550612942,"$GAGSV,2,2,06,34,86,155,21,36,37,039,31,1*71  "
20666772007343,1788550612942,"$GQGSV,1,1,02,02,23,100,30,03,32,061,34,1*64  "
20666772194062,1788550612942,"$GQGSV,1,1,02,02,23,100,29,03,32,061,30,8*61  "
20666772410364,1788550612942,"$GBGSV,5,1,18,42,08,091,32,38,53,026,42,37,40,310,39,34,03,058,24,1*74  "
20666773443854,1788550612942,"$GBGSV,5,2,18,33,06,141,34,28,53,277,44,27,14,251,33,25,29,159,32,1*75  "
20666773462343,1788550612942,"$GBGSV,5,3,18,23,71,208,43,13,66,337,44,10,13,164,32,09,26,145,36,1*7F  "
20666773472447,1788550612942,"$GBGSV,5,4,18,08,37,051,35,07,03,161,25,06,34,118,35,03,40,128,35,1*70  "
20666773744791,1788550612942,"$GBGSV,5,5,18,02,54,175,35,01,16,104,37,1*7E  "
20666773777343,1788550612942,"$GBGSV,2,1,08,23,71,208,36,25,29,159,28,27,14,251,34,28,53,277,41,3*76  "
20666773984322,1788550612942,"$GBGSV,2,2,08,33,06,141,32,37,40,310,38,38,53,026,37,42,08,091,29,3*76  "
20666774287291,1788550612942,"$GBGSV,2,1,08,23,71,208,32,25,29,159,34,27,14,251,23,28,53,277,33,5*7A  "
20666774427604,1788550612942,"$GBGSV,2,2,08,33,06,141,25,37,40,310,34,38,53,026,24,42,08,091,24,5*75  "
20666778350729,1788550612952,"$GNGSA,A,3,06,11,12,14,17,19,21,22,24,,,,0.6,0.4,0.5,1*3D  "
20666778515468,1788550612952,"$PSSGR,GSA,A,3,06,11,14,21,24,,,,,,,,0.6,0.4,0.5,1,8*44  "
20666778871770,1788550612952,"$GNGSA,A,3,80,83,85,,,,,,,,,,0.6,0.4,0.5,2*3B  "
20666779212187,1788550612952,"$GNGSA,A,3,02,15,18,25,30,34,36,,,,,,0.6,0.4,0.5,3*3D  "
20666779902135,1788550612952,"$PSSGR,GSA,A,3,302,315,318,330,334,336,,,,,,,0.6,0.4,0.5,3,1*47  "
20666779926770,1788550612952,"$GNGSA,A,3,01,02,06,08,09,10,13,23,25,27,28,37,0.6,0.4,0.5,4*39  "
20666779939166,1788550612952,"$PSSGR,GSA,A,3,223,225,227,228,237,238,242,,,,,,0.6,0.4,0.5,4,5*78  "
20666779948697,1788550612952,"$GNGSA,A,3,02,03,,,,,,,,,,,0.6,0.4,0.5,5*33  "
20666780511249,1788550612952,"$PSSGR,GSA,A,3,194,195,,,,,,,,,,,0.6,0.4,0.5,5,8*47  "
20666780728177,1788550612952,"$GNVTG,,T,,M,0.0,N,0.0,K,A*3D  "
20666780747708,1788550612952,"$GNDTM,W84,,0000.000000,N,00000.000000,E,0.000,W84*41  "
20666780760416,1788550612952,"$GNRMC,193653.00,A,2831.360519,N,07734.439980,E,0.0,,040926,1.3,E,A,V*77  "
20666780775989,1788550612952,"$GNGNS,193653.00,2831.360519,N,07734.439980,E,AAAAAN,35,0.4,208.8,-54.0,,,V*02  "
20666780898541,1788550612952,"$GNGGA,193653.00,2831.360519,N,07734.439980,E,1,12,0.4,208.8,M,-54.0,M,,*58  "
20666781090885,1788550612955,"$PSMSG,magcal=PASS,bluesky=0*00 "
20667768843385,1788550613941,"$GPGSV,3,1,12,05,02,189,23,06,64,030,31,11,74,236,35,12,31,320,34,1*63  "
20667769129166,1788550613941,"$GPGSV,3,2,12,13,00,000,43,14,15,131,32,17,21,067,37,19,46,039,41,1*65  "
20667769514478,1788550613941,"$GPGSV,3,3,12,21,24,163,40,22,36,122,40,24,35,253,43,40,00,000,39,1*6F  "
20667769952447,1788550613941,"$GPGSV,2,1,05,06,64,030,22,11,74,236,32,14,15,131,31,21,24,163,37,8*6C  "
20667770515364,1788550613941,"$GPGSV,2,2,05,24,35,253,33,8*5C  "
20667771292812,1788550613941,"$GLGSV,2,1,06,10,00,000,37,09,73,164,35,16,16,151,37,20,63,299,47,1*77  "
20667771992655,1788550613941,"$GLGSV,2,2,06,19,34,024,32,21,30,247,37,1*73  "
20667772367030,1788550613941,"$GAGSV,2,1,07,02,60,096,40,15,33,213,41,18,62,017,38,25,10,122,22,7*7E  "
20667772958176,1788550613941,"$GAGSV,2,2,07,30,54,332,41,34,86,155,28,36,37,039,39,7*42  "
20667773405416,1788550613941,"$GAGSV,2,1,07,02,60,096,28,15,33,213,23,18,62,017,29,25,10,122,16,1*75  "
20667773713124,1788550613941,"$GAGSV,2,2,07,30,54,332,29,34,86,155,21,36,37,039,34,1*4E  "
20667773974530,1788550613941,"$GQGSV,1,1,02,02,23,100,29,03,32,061,36,1*6E  "
20667774270989,1788550613941,"$GQGSV,1,1,02,02,23,100,31,03,32,061,30,8*68  "
20667774522760,1788550613941,"$GBGSV,5,1,17,42,08,091,32,38,53,026,42,37,40,310,43,34,03,058,24,1*76  "
20667774745260,1788550613941,"$GBGSV,5,2,17,33,06,141,34,28,53,277,40,27,14,251,33,25,29,159,32,1*7E  "
20667775008124,1788550613941,"$GBGSV,5,3,17,23,71,208,42,13,66,337,42,10,13,164,35,09,26,145,38,1*7E  "
20667775388072,1788550613941,"$GBGSV,5,4,17,08,37,051,39,06,34,118,35,03,40,128,36,02,54,175,34,1*72  "
20667776426457,1788550613941,"$GBGSV,5,5,17,01,16,104,33,1*43  "
20667776689530,1788550613941,"$GBGSV,2,1,08,23,71,208,36,25,29,159,34,27,14,251,33,28,53,277,36,3*7C  "
20667776947291,1788550613941,"$GBGSV,2,2,08,33,06,141,33,37,40,310,42,38,53,026,39,42,08,091,23,3*7E  "
20667777122707,1788550613941,"$GBGSV,2,1,08,23,71,208,31,25,29,159,33,27,14,251,23,28,53,277,35,5*78  "
20667777426978,1788550613941,"$GBGSV,2,2,08,33,06,141,27,37,40,310,31,38,53,026,24,42,08,091,26,5*70  "
20667783141197,1788550613955,"$GNGSA,A,3,06,11,12,14,17,19,21,22,24,,,,0.6,0.4,0.5,1*3D  "
20667783163228,1788550613955,"$PSSGR,GSA,A,3,06,11,14,21,24,,,,,,,,0.6,0.4,0.5,1,8*44  "
20667783172447,1788550613955,"$GNGSA,A,3,80,83,85,,,,,,,,,,0.6,0.4,0.5,2*3B  "
20667783182968,1788550613955,"$GNGSA,A,3,02,15,18,25,30,34,36,,,,,,0.6,0.4,0.5,3*3D  "
20667783198385,1788550613955,"$PSSGR,GSA,A,3,302,315,318,330,334,336,,,,,,,0.6,0.4,0.5,3,1*47  "
20667783212707,1788550613955,"$GNGSA,A,3,01,02,06,08,09,10,13,23,25,27,28,37,0.6,0.4,0.5,4*39  "
20667783704843,1788550613955,"$PSSGR,GSA,A,3,223,225,227,228,237,238,242,,,,,,0.6,0.4,0.5,4,5*78  "
20667783716457,1788550613955,"$GNGSA,A,3,02,03,,,,,,,,,,,0.6,0.4,0.5,5*33  "
20667784156093,1788550613955,"$PSSGR,GSA,A,3,194,195,,,,,,,,,,,0.6,0.4,0.5,5,8*47  "
20667784657499,1788550613955,"$GNVTG,,T,,M,0.0,N,0.0,K,A*3D  "
20667784695780,1788550613955,"$GNDTM,W84,,0000.000000,N,00000.000000,E,0.000,W84*41  "
20667785031926,1788550613955,"$GNRMC,193654.00,A,2831.360518,N,07734.439977,E,0.0,,040926,1.3,E,A,V*79  "
20667785158853,1788550613955,"$GNGNS,193654.00,2831.360518,N,07734.439977,E,AAAAAN,35,0.4,208.8,-54.0,,,V*0C  "
20667785339010,1788550613955,"$GNGGA,193654.00,2831.360518,N,07734.439977,E,1,12,0.4,208.8,M,-54.0,M,,*56  "
20667785649426,1788550613959,"$PSMSG,magcal=PASS,bluesky=0*00 "
20668765221613,1788550614938,"$GPGSV,3,1,12,05,02,189,23,06,64,030,30,11,74,236,30,12,31,320,34,1*67  "
20668765376405,1788550614938,"$GPGSV,3,2,12,13,00,000,46,14,15,131,35,17,21,067,40,19,46,039,41,1*67  "
20668765747551,1788550614938,"$GPGSV,3,3,12,21,24,163,40,22,36,122,43,24,35,253,43,40,00,000,39,1*6C  "
20668766346197,1788550614938,"$GPGSV,2,1,05,06,64,030,34,11,74,236,33,14,15,131,31,21,24,163,35,8*68  "
20668766899165,1788550614938,"$GPGSV,2,2,05,24,35,253,33,8*5C  "
20668767303176,1788550614938,"$GLGSV,2,1,06,10,00,000,38,09,73,164,37,16,16,151,36,20,63,299,47,1*7B  "
20668767603020,1788550614938,"$GLGSV,2,2,06,19,34,024,35,21,30,247,36,1*75  "
20668768252915,1788550614938,"$GAGSV,2,1,07,02,60,096,37,15,33,213,41,18,62,017,35,25,10,122,22,7*73  "
20668768299113,1788550614938,"$GAGSV,2,2,07,30,54,332,40,34,86,155,32,36,37,039,40,7*46  "
20668768547342,1788550614938,"$GAGSV,2,1,07,02,60,096,35,15,33,213,21,18,62,017,33,25,10,122,24,1*71  "
20668769525311,1788550614938,"$GAGSV,2,2,07,30,54,332,25,34,86,155,21,36,37,039,35,1*43  "
20668770076301,1788550614938,"$GQGSV,1,1,02,02,23,100,27,03,32,061,36,1*60  "
20668770945051,1788550614938,"$GQGSV,1,1,02,02,23,100,30,03,32,061,30,8*69  "
20668771877759,1788550614938,"$GBGSV,5,1,19,42,08,091,31,38,53,026,39,37,40,310,45,34,03,058,22,1*77  "
20668772449374,1788550614938,"$GBGSV,5,2,19,33,06,141,30,28,53,277,40,27,14,251,33,25,29,159,35,1*73  "
20668772800363,1788550614938,"$GBGSV,5,3,19,23,71,208,42,14,04,069,28,13,66,337,41,10,13,164,36,1*72  "
20668773123957,1788550614938,"$GBGSV,5,4,19,09,26,145,37,08,37,051,41,07,03,161,26,06,34,118,33,1*74  "
20668773828436,1788550614938,"$GBGSV,5,5,19,03,40,128,36,02,54,175,36,01,16,104,32,1*40  "
20668774042342,1788550614938,"$GBGSV,2,1,08,23,71,208,37,25,29,159,35,27,14,251,35,28,53,277,38,3*74  "
20668774401665,1788550614938,"$GBGSV,2,2,08,33,06,141,30,37,40,310,40,38,53,026,40,42,08,091,24,3*76  "
20668774607655,1788550614938,"$GBGSV,2,1,08,23,71,208,29,25,29,159,33,27,14,251,23,28,53,277,37,5*73  "
20668774879634,1788550614938,"$GBGSV,2,2,08,33,06,141,27,37,40,310,31,38,53,026,31,42,08,091,28,5*7A  "
20668779244217,1788550614953,"$GNGSA,A,3,06,11,12,14,17,19,21,22,24,,,,0.6,0.4,0.5,1*3D  "
20668780396405,1788550614953,"$PSSGR,GSA,A,3,06,11,14,21,24,,,,,,,,0.6,0.4,0.5,1,8*44  "
20668780412915,1788550614953,"$GNGSA,A,3,80,83,85,,,,,,,,,,0.6,0.4,0.5,2*3B  "
20668780422759,1788550614953,"$GNGSA,A,3,02,15,18,25,30,34,36,,,,,,0.6,0.4,0.5,3*3D  "
20668780432238,1788550614953,"$PSSGR,GSA,A,3,302,315,318,325,330,334,336,,,,,,0.6,0.4,0.5,3,1*73  "
20668780739634,1788550614953,"$GNGSA,A,3,01,02,06,08,09,10,13,23,25,27,28,37,0.6,0.4,0.5,4*39  "
20668781197759,1788550614953,"$PSSGR,GSA,A,3,223,225,227,228,237,238,242,,,,,,0.6,0.4,0.5,4,5*78  "
20668781406249,1788550614953,"$GNGSA,A,3,02,03,,,,,,,,,,,0.6,0.4,0.5,5*33  "
20668781814478,1788550614953,"$PSSGR,GSA,A,3,194,195,,,,,,,,,,,0.6,0.4,0.5,5,8*47  "
20668782126509,1788550614953,"$GNVTG,,T,,M,0.0,N,0.0,K,A*3D  "
20668782553592,1788550614953,"$GNDTM,W84,,0000.000000,N,00000.000000,E,0.000,W84*41  "
20668782952082,1788550614953,"$GNRMC,193655.00,A,2831.360516,N,07734.439974,E,0.0,,040926,1.3,E,A,V*75  "
20668783568280,1788550614953,"$GNGNS,193655.00,2831.360516,N,07734.439974,E,AAAAAN,35,0.4,208.8,-54.0,,,V*00  "
20668783606509,1788550614953,"$GNGGA,193655.00,2831.360516,N,07734.439974,E,1,12,0.4,208.8,M,-54.0,M,,*5A  "
20668784266717,1788550614958,"$PSMSG,magcal=PASS,bluesky=0*00 "
20669766911457,1788550615940,"$GPGSV,3,1,12,05,02,189,23,06,64,030,35,11,74,236,34,12,31,320,34,1*66  "
20669767735780,1788550615940,"$GPGSV,3,2,12,13,00,000,46,14,15,131,38,17,21,067,39,19,46,039,41,1*64  "
20669767898800,1788550615940,"$GPGSV,3,3,12,21,24,163,41,22,36,122,42,24,35,253,44,40,00,000,37,1*65  "
20669768084269,1788550615940,"$GPGSV,2,1,05,06,64,030,35,11,74,236,30,14,15,131,29,21,24,163,34,8*62  "
20669768327811,1788550615940,"$GPGSV,2,2,05,24,35,253,31,8*5E  "
20669768689425,1788550615940,"$GLGSV,2,1,06,10,00,000,38,09,73,164,35,16,16,151,34,20,63,299,46,1*7A  "
20669768829165,1788550615940,"$GLGSV,2,2,06,19,34,024,39,21,30,247,39,1*76  "
20669769270207,1788550615940,"$GAGSV,2,1,08,02,60,096,38,15,33,213,42,18,62,017,33,25,10,122,20,7*74  "
20669769602082,1788550615940,"$GAGSV,2,2,08,27,09,313,16,30,54,332,40,34,86,155,31,36,37,039,38,7*7F  "
20669769619061,1788550615940,"$GAGSV,2,1,07,02,60,096,36,15,33,213,21,18,62,017,32,25,10,122,23,1*74  "
20669769805207,1788550615940,"$GAGSV,2,2,07,30,54,332,28,34,86,155,20,36,37,039,34,1*4E  "
20669769987603,1788550615940,"$GQGSV,1,1,02,02,23,100,33,03,32,061,33,1*60  "
20669770143748,1788550615940,"$GQGSV,1,1,02,02,23,100,30,03,32,061,31,8*68  "
20669770453384,1788550615940,"$GBGSV,5,1,19,42,08,091,31,38,53,026,38,37,40,310,46,34,03,058,27,1*70  "
20669770715623,1788550615940,"$GBGSV,5,2,19,33,06,141,35,28,53,277,41,27,14,251,35,25,29,159,36,1*72  "
20669770852446,1788550615940,"$GBGSV,5,3,19,23,71,208,40,14,04,069,24,13,66,337,39,10,13,164,34,1*71  "
20669771066196,1788550615940,"$GBGSV,5,4,19,09,26,145,35,08,37,051,42,07,03,161,27,06,34,118,34,1*73  "
20669771295103,1788550615940,"$GBGSV,5,5,19,03,40,128,35,02,54,175,36,01,16,104,32,1*43  "
20669771362550,1788550615940,"$GBGSV,2,1,08,23,71,208,38,25,29,159,33,27,14,251,35,28,53,277,38,3*7D  "
20669771533853,1788550615940,"$GBGSV,2,2,08,33,06,141,30,37,40,310,43,38,53,026,41,42,08,091,23,3*73  "
20669771635155,1788550615940,"$GBGSV,2,1,08,23,71,208,25,25,29,159,34,27,14,251,23,28,53,277,37,5*78  "
20669771748905,1788550615940,"$GBGSV,2,2,08,33,06,141,25,37,40,310,32,38,53,026,31,42,08,091,29,5*7A  "
20669776779425,1788550615948,"$GNGSA,A,3,06,11,12,14,17,19,21,22,24,,,,0.6,0.4,0.5,1*3D  "
20669776794061,1788550615948,"$PSSGR,GSA,A,3,06,11,14,21,24,,,,,,,,0.6,0.4,0.5,1,8*44  "
20669776799998,1788550615948,"$GNGSA,A,3,80,83,85,,,,,,,,,,0.6,0.4,0.5,2*3B  "
20669776813488,1788550615948,"$GNGSA,A,3,02,15,18,25,27,30,34,36,,,,,0.6,0.4,0.5,3*38  "
20669776818748,1788550615948,"$PSSGR,GSA,A,3,302,315,318,325,330,334,336,,,,,,0.6,0.4,0.5,3,1*73  "
20669776823957,1788550615948,"$GNGSA,A,3,01,02,06,08,09,10,13,23,25,27,28,37,0.6,0.4,0.5,4*39  "
20669776829061,1788550615948,"$PSSGR,GSA,A,3,223,225,227,228,237,238,242,,,,,,0.6,0.4,0.5,4,5*78  "
20669776834217,1788550615948,"$GNGSA,A,3,02,03,,,,,,,,,,,0.6,0.4,0.5,5*33  "
20669776838905,1788550615948,"$PSSGR,GSA,A,3,194,195,,,,,,,,,,,0.6,0.4,0.5,5,8*47  "
20669776848905,1788550615948,"$GNVTG,,T,,M,0.0,N,0.0,K,A*3D  "
20669776853540,1788550615948,"$GNDTM,W84,,0000.000000,N,00000.000000,E,0.000,W84*41  "
20669776859269,1788550615948,"$GNRMC,193656.00,A,2831.360514,N,07734.439972,E,0.0,,040926,1.3,E,A,V*72  "
20669776865519,1788550615948,"$GNGNS,193656.00,2831.360514,N,07734.439972,E,AAAAAN,36,0.4,208.8,-54.0,,,V*04  "
20669776871665,1788550615948,"$GNGGA,193656.00,2831.360514,N,07734.439972,E,1,12,0.4,208.8,M,-54.0,M,,*5D  "
20669776879321,1788550615950,"$PSMSG,magcal=PASS,bluesky=0*00 "
20670766567915,1788550616939,"$GPGSV,3,1,12,05,02,189,23,06,64,030,35,11,74,236,32,12,31,320,31,1*65  "
20670766622394,1788550616939,"$GPGSV,3,2,12,13,00,000,43,14,15,131,33,17,21,067,40,19,46,039,41,1*64  "
20670767565831,1788550616939,"$GPGSV,3,3,12,21,24,163,41,22,36,122,41,24,35,253,43,40,00,000,40,1*61  "
20670767604008,1788550616939,"$GPGSV,2,1,05,06,64,030,32,11,74,236,32,14,15,131,32,21,24,163,36,8*6F  "
20670768067758,1788550616939,"$GPGSV,2,2,05,24,35,253,33,8*5C  "
20670768510050,1788550616939,"$GLGSV,2,1,06,10,00,000,37,09,73,164,35,16,16,151,38,20,63,299,44,1*7B  "
20670768707758,1788550616939,"$GLGSV,2,2,06,19,34,024,34,21,30,247,36,1*74  "
20670769066560,1788550616939,"$GAGSV,2,1,08,02,60,096,40,15,33,213,42,18,62,017,37,25,10,122,23,7*7C  "
20670769788019,1788550616939,"$GAGSV,2,2,08,27,09,313,16,30,54,332,40,34,86,155,28,36,37,039,41,7*79  "
20670770391144,1788550616939,"$GAGSV,2,1,07,02,60,096,33,15,33,213,23,18,62,017,33,25,10,122,22,1*73  "
20670770593383,1788550616939,"$GAGSV,2,2,07,30,54,332,26,34,86,155,20,36,37,039,36,1*42  "
20670770883279,1788550616939,"$GQGSV,1,1,02,02,23,100,33,03,32,061,40,1*64  "
20670771033435,1788550616939,"$GQGSV,1,1,02,02,23,100,32,03,32,061,29,8*63  "
20670771427602,1788550616939,"$GBGSV,5,1,19,42,08,091,31,38,53,026,41,37,40,310,40,34,03,058,27,1*78  "
20670771571092,1788550616939,"$GBGSV,5,2,19,33,06,141,30,28,53,277,40,27,14,251,32,25,29,159,31,1*76  "
20670771972029,1788550616939,"$GBGSV,5,3,19,23,71,208,41,14,04,069,27,13,66,337,43,10,13,164,36,1*7C  "
20670772223175,1788550616939,"$GBGSV,5,4,19,09,26,145,37,08,37,051,40,07,03,161,27,06,34,118,33,1*74  "
20670772502446,1788550616939,"$GBGSV,5,5,19,03,40,128,34,02,54,175,34,01,16,104,32,1*40  "
20670772832394,1788550616939,"$GBGSV,2,1,08,23,71,208,35,25,29,159,32,27,14,251,34,28,53,277,37,3*7F  "
20670772949894,1788550616939,"$GBGSV,2,2,08,33,06,141,27,37,40,310,38,38,53,026,40,42,08,091,27,3*7C  "
20670773226248,1788550616939,"$GBGSV,2,1,08,23,71,208,29,25,29,159,33,27,14,251,23,28,53,277,36,5*72  "
20670774183383,1788550616939,"$GBGSV,2,2,08,33,06,141,28,37,40,310,33,38,53,026,30,42,08,091,28,5*76  "
20670776623488,1788550616950,"$GNGSA,A,3,06,11,12,14,17,19,21,22,24,,,,0.6,0.4,0.5,1*3D  "
20670776820154,1788550616950,"$PSSGR,GSA,A,3,06,11,14,21,24,,,,,,,,0.6,0.4,0.5,1,8*44  "
20670777457446,1788550616950,"$GNGSA,A,3,80,83,85,,,,,,,,,,0.6,0.4,0.5,2*3B  "
20670777531456,1788550616950,"$GNGSA,A,3,02,15,18,25,27,30,34,36,,,,,0.6,0.4,0.5,3*38  "
20670777545623,1788550616950,"$PSSGR,GSA,A,3,302,315,318,325,330,334,336,,,,,,0.6,0.4,0.5,3,1*73  "
20670777632550,1788550616950,"$GNGSA,A,3,01,02,06,08,09,10,13,23,25,27,28,37,0.6,0.4,0.5,4*39  "
20670777799738,1788550616950,"$PSSGR,GSA,A,3,223,225,227,228,237,238,242,,,,,,0.6,0.4,0.5,4,5*78  "
20670778082342,1788550616950,"$GNGSA,A,3,02,03,,,,,,,,,,,0.6,0.4,0.5,5*33  "
20670778275675,1788550616950,"$PSSGR,GSA,A,3,194,195,,,,,,,,,,,0.6,0.4,0.5,5,8*47  "
20670778487706,1788550616950,"$GNVTG,,T,,M,0.0,N,0.0,K,A*3D  "
20670778661248,1788550616950,"$GNDTM,W84,,0000.000000,N,00000.000000,E,0.000,W84*41  "
20670779832967,1788550616950,"$GNRMC,193657.00,A,2831.360513,N,07734.439971,E,0.0,,040926,1.3,E,A,V*77  "
20670779981821,1788550616950,"$GNGNS,193657.00,2831.360513,N,07734.439971,E,AAAAAN,36,0.4,208.8,-54.0,,,V*01  "
20670780264477,1788550616950,"$GNGGA,193657.00,2831.360513,N,07734.439971,E,1,12,0.4,208.8,M,-54.0,M,,*58  "
20670780280310,1788550616954,"$PSMSG,magcal=PASS,bluesky=0*00 "
20671767405935,1788550617940,"$GPGSV,3,1,12,05,02,189,23,06,64,030,32,11,74,236,30,12,31,320,29,1*69  "
20671768035727,1788550617940,"$GPGSV,3,2,12,13,00,000,43,14,15,131,36,17,21,067,38,19,46,039,39,1*61  "
20671768077341,1788550617940,"$GPGSV,3,3,12,21,24,163,41,22,36,122,41,24,35,253,45,40,00,000,41,1*66  "
20671768172602,1788550617940,"$GPGSV,2,1,05,06,64,030,28,11,74,236,31,14,15,131,32,21,24,163,36,8*67  "
20671768525258,1788550617940,"$GPGSV,2,2,05,24,35,253,33,8*5C  "
20671768553071,1788550617940,"$GLGSV,2,1,06,10,00,000,34,09,73,164,36,16,16,151,39,20,63,299,41,1*7F  "
20671768893227,1788550617940,"$GLGSV,2,2,06,19,34,024,33,21,30,247,34,1*71  "
20671769264789,1788550617940,"$GAGSV,2,1,08,02,60,096,39,15,33,213,40,18,62,017,32,25,10,122,24,7*72  "
20671769661560,1788550617940,"$GAGSV,2,2,08,27,09,313,16,30,54,332,36,34,86,155,31,36,37,039,40,7*71  "
20671770035571,1788550617940,"$GAGSV,2,1,07,02,60,096,30,15,33,213,23,18,62,017,31,25,10,122,22,1*72  "
20671770989633,1788550617940,"$GAGSV,2,2,07,30,54,332,29,34,86,155,20,36,37,039,35,1*4E  "
20671771016404,1788550617940,"$GQGSV,1,1,01,03,32,061,40,1*55  "
20671771193904,1788550617940,"$GQGSV,1,1,02,02,23,100,33,03,32,061,28,8*63  "
20671771415102,1788550617940,"$GBGSV,5,1,19,42,08,091,31,38,53,026,42,37,40,310,35,34,03,058,22,1*7C  "
20671772326508,1788550617940,"$GBGSV,5,2,19,33,06,141,33,28,53,277,36,27,14,251,31,25,29,159,27,1*70  "
20671772624373,1788550617940,"$GBGSV,5,3,19,23,71,208,40,14,04,069,25,13,66,337,41,10,13,164,36,1*7D  "
20671772731091,1788550617940,"$GBGSV,5,4,19,09,26,145,35,08,37,051,39,07,03,161,27,06,34,118,35,1*7E  "
20671772833591,1788550617940,"$GBGSV,5,5,19,03,40,128,34,02,54,175,38,01,16,104,29,1*46  "
20671773171196,1788550617940,"$GBGSV,2,1,08,23,71,208,35,25,29,159,31,27,14,251,32,28,53,277,31,3*7C  "
20671773867081,1788550617940,"$GBGSV,2,2,08,33,06,141,31,37,40,310,35,38,53,026,41,42,08,091,28,3*78  "
20671773907758,1788550617940,"$GBGSV,2,1,08,23,71,208,30,25,29,159,32,27,14,251,17,28,53,277,35,5*7F  "
20671774548904,1788550617940,"$GBGSV,2,2,08,33,06,141,27,37,40,310,33,38,53,026,30,42,08,091,28,5*79  "
20671776765154,1788550617950,"$GNGSA,A,3,06,11,12,14,17,19,21,22,24,,,,0.6,0.4,0.5,1*3D  "
20671776978123,1788550617950,"$PSSGR,GSA,A,3,06,11,14,21,24,,,,,,,,0.6,0.4,0.5,1,8*44  "
20671777139633,1788550617950,"$GNGSA,A,3,80,83,85,,,,,,,,,,0.6,0.4,0.5,2*3B  "
20671777320623,1788550617950,"$GNGSA,A,3,02,15,18,25,27,30,34,36,,,,,0.6,0.4,0.5,3*38  "
20671777563279,1788550617950,"$PSSGR,GSA,A,3,302,315,318,325,330,334,336,,,,,,0.6,0.4,0.5,3,1*73  "
20671777727602,1788550617950,"$GNGSA,A,3,01,02,06,08,09,10,13,23,25,27,28,37,0.6,0.4,0.5,4*39  "
20671778260883,1788550617950,"$PSSGR,GSA,A,3,223,225,227,228,237,238,242,,,,,,0.6,0.4,0.5,4,5*78  "
20671778577393,1788550617950,"$GNGSA,A,3,02,03,,,,,,,,,,,0.6,0.4,0.5,5*33  "
20671778755206,1788550617950,"$PSSGR,GSA,A,3,194,195,,,,,,,,,,,0.6,0.4,0.5,5,8*47  "
20671778918748,1788550617950,"$GNVTG,,T,,M,0.0,N,0.0,K,A*3D  "
20671779094581,1788550617950,"$GNDTM,W84,,0000.000000,N,00000.000000,E,0.000,W84*41  "
20671779293591,1788550617950,"$GNRMC,193658.00,A,2831.360514,N,07734.439967,E,0.0,,040926,1.3,E,A,V*78  "
20671779460310,1788550617950,"$GNGNS,193658.00,2831.360514,N,07734.439967,E,AAAAAN,36,0.4,208.8,-54.0,,,V*0E  "
20671779695362,1788550617950,"$GNGGA,193658.00,2831.360514,N,07734.439967,E,1,12,0.4,208.8,M,-54.0,M,,*57  "
20671779953070,1788550617954,"$PSMSG,magcal=PASS,bluesky=0*00 "
20672768553695,1788550618942,"$GPGSV,3,1,12,05,02,189,23,06,64,030,30,11,74,236,29,12,31,320,34,1*6F  "
20672768585049,1788550618942,"$GPGSV,3,2,12,13,00,000,41,14,15,131,38,17,21,067,39,19,46,039,38,1*6D  "
20672768662706,1788550618942,"$GPGSV,3,3,12,21,24,163,40,22,36,122,42,24,35,253,46,40,00,000,41,1*67  "
20672768877185,1788550618942,"$GPGSV,2,1,05,06,64,030,29,11,74,236,32,14,15,131,31,21,24,163,37,8*67  "
20672769051039,1788550618942,"$GPGSV,2,2,05,24,35,253,34,8*5B  "
20672769187081,1788550618942,"$GLGSV,2,1,06,10,00,000,34,09,73,164,37,16,16,151,39,20,63,299,39,1*71  "
20672769288226,1788550618942,"$GLGSV,2,2,06,19,34,024,33,21,30,247,36,1*73  "
20672769368226,1788550618942,"$GAGSV,2,1,08,02,60,096,39,15,33,213,42,18,62,017,32,25,10,122,27,7*73  "
20672769631351,1788550618942,"$GAGSV,2,2,08,27,09,313,16,30,54,332,37,34,86,155,31,36,37,039,40,7*70  "
20672769898070,1788550618942,"$GAGSV,2,1,07,02,60,096,29,15,33,213,20,18,62,017,30,25,10,122,20,1*7A  "
20672769918435,1788550618942,"$GAGSV,2,2,07,30,54,332,28,34,86,155,20,36,37,039,34,1*4E  "
20672769999789,1788550618942,"$GQGSV,1,1,01,03,32,061,39,1*5B  "
20672770135570,1788550618942,"$GQGSV,1,1,02,02,23,100,32,03,32,061,27,8*6D  "
20672770277497,1788550618942,"$GBGSV,5,1,19,42,08,091,33,38,53,026,41,37,40,310,38,34,03,058,22,1*70  "
20672770426039,1788550618942,"$GBGSV,5,2,19,33,06,141,34,28,53,277,35,27,14,251,32,25,29,159,34,1*75  "
20672770644893,1788550618942,"$GBGSV,5,3,19,23,71,208,38,14,04,069,27,13,66,337,41,10,13,164,36,1*70  "
20672770741560,1788550618942,"$GBGSV,5,4,19,09,26,145,36,08,37,051,40,07,03,161,24,06,34,118,37,1*72  "
20672770856247,1788550618942,"$GBGSV,5,5,19,03,40,128,33,02,54,175,36,01,16,104,29,1*4F  "
20672771084737,1788550618942,"$GBGSV,2,1,08,23,71,208,35,25,29,159,34,27,14,251,35,28,53,277,30,3*7F  "
20672771202133,1788550618942,"$GBGSV,2,2,08,33,06,141,32,37,40,310,38,38,53,026,40,42,08,091,28,3*77  "
20672771334789,1788550618942,"$GBGSV,2,1,08,23,71,208,31,25,29,159,35,27,14,251,21,28,53,277,33,5*7A  "
20672771514841,1788550618942,"$GBGSV,2,2,08,33,06,141,28,37,40,310,33,38,53,026,30,42,08,091,27,5*79  "
20672774274737,1788550618948,"$GNGSA,A,3,06,11,12,14,17,19,21,22,24,,,,0.6,0.4,0.5,1*3D  "
20672774489216,1788550618948,"$PSSGR,GSA,A,3,06,11,14,21,24,,,,,,,,0.6,0.4,0.5,1,8*44  "
20672775136508,1788550618948,"$GNGSA,A,3,80,83,85,,,,,,,,,,0.6,0.4,0.5,2*3B  "
20672775149997,1788550618948,"$GNGSA,A,3,02,15,18,25,27,30,34,36,,,,,0.6,0.4,0.5,3*38  "
20672775156039,1788550618948,"$PSSGR,GSA,A,3,302,315,318,325,330,334,336,,,,,,0.6,0.4,0.5,3,1*73  "
20672775161716,1788550618948,"$GNGSA,A,3,01,02,06,08,09,10,13,23,25,27,28,37,0.6,0.4,0.5,4*39  "
20672775177237,1788550618948,"$PSSGR,GSA,A,3,223,225,227,228,237,238,242,,,,,,0.6,0.4,0.5,4,5*78  "
20672775760049,1788550618948,"$GNGSA,A,3,02,03,,,,,,,,,,,0.6,0.4,0.5,5*33  "
20672775768226,1788550618948,"$PSSGR,GSA,A,3,194,195,,,,,,,,,,,0.6,0.4,0.5,5,8*47  "
20672775773747,1788550618948,"$GNVTG,,T,,M,0.0,N,0.0,K,A*3D  "
20672775778591,1788550618948,"$GNDTM,W84,,0000.000000,N,00000.000000,E,0.000,W84*41  "
20672775839633,1788550618948,"$GNRMC,193659.00,A,2831.360515,N,07734.439963,E,0.0,,040926,1.3,E,A,V*7C  "
20672776019060,1788550618948,"$GNGNS,193659.00,2831.360515,N,07734.439963,E,AAAAAN,36,0.4,208.8,-54.0,,,V*0A  "
20672776151143,1788550618948,"$GNGGA,193659.00,2831.360515,N,07734.439963,E,1,12,0.4,208.8,M,-54.0,M,,*53  "
20672776341456,1788550618950,"$PSMSG,magcal=PASS,bluesky=0*00 "
20673766885257,1788550619940,"$GPGSV,3,1,12,05,02,189,23,06,64,030,33,11,74,236,31,12,31,320,31,1*60  "
20673767300830,1788550619940,"$GPGSV,3,2,12,13,00,000,39,14,15,131,38,17,21,067,39,19,46,039,38,1*62  "
20673767663018,1788550619940,"$GPGSV,3,3,12,21,24,163,40,22,36,122,41,24,35,253,45,40,00,000,42,1*64  "
20673767940726,1788550619940,"$GPGSV,2,1,05,06,64,030,28,11,74,236,32,14,15,131,32,21,24,163,37,8*65  "
20673768399788,1788550619940,"$GPGSV,2,2,05,24,35,253,33,8*5C  "
20673769435101,1788550619940,"$GLGSV,2,1,06,10,00,000,34,09,73,164,37,16,16,151,40,20,63,299,40,1*71  "
20673769463278,1788550619940,"$GLGSV,2,2,06,19,34,024,31,21,30,247,35,1*72  "
20673769858851,1788550619940,"$GAGSV,2,1,08,02,60,096,40,15,33,213,41,18,62,017,32,25,10,122,23,7*7A  "
20673769887132,1788550619940,"$GAGSV,2,2,08,27,09,313,16,30,54,332,35,34,86,155,31,36,37,039,41,7*73  "
20673770151403,1788550619940,"$GAGSV,2,1,07,02,60,096,30,15,33,213,20,18,62,017,30,25,10,122,21,1*73  "
20673770535309,1788550619940,"$GAGSV,2,2,07,30,54,332,27,34,86,155,19,36,37,039,33,1*4C  "
20673770776976,1788550619940,"$GQGSV,1,1,02,02,23,100,27,03,32,061,39,1*6F  "
20673771023018,1788550619940,"$GQGSV,1,1,02,02,23,100,31,03,32,061,26,8*6F  "
20673772580153,1788550619940,"$GBGSV,5,1,19,42,08,091,31,38,53,026,42,37,40,310,38,34,03,058,22,1*71  "
20673772784580,1788550619940,"$GBGSV,5,2,19,33,06,141,33,28,53,277,34,27,14,251,31,25,29,159,28,1*7D  "
20673772805622,1788550619940,"$GBGSV,5,3,19,23,71,208,40,14,04,069,23,13,66,337,41,10,13,164,35,1*78  "
20673772821768,1788550619940,"$GBGSV,5,4,19,09,26,145,36,08,37,051,40,07,03,161,24,06,34,118,36,1*73  "
20673774310778,1788550619940,"$GBGSV,5,5,19,03,40,128,33,02,54,175,39,01,16,104,29,1*40  "
20673774325309,1788550619940,"$GBGSV,2,1,08,23,71,208,38,25,29,159,30,27,14,251,34,28,53,277,32,3*75  "
20673774331507,1788550619940,"$GBGSV,2,2,08,33,06,141,30,37,40,310,36,38,53,026,39,42,08,091,28,3*75  "
20673774345466,1788550619940,"$GBGSV,2,1,08,23,71,208,30,25,29,159,35,27,14,251,20,28,53,277,33,5*7A  "
20673774350986,1788550619940,"$GBGSV,2,2,08,33,06,141,28,37,40,310,33,38,53,026,28,42,08,091,26,5*71  "
20673776276038,1788550619950,"$GNGSA,A,3,06,11,12,14,17,19,21,22,24,,,,0.6,0.4,0.5,1*3D  "
20673776698643,1788550619950,"$PSSGR,GSA,A,3,06,11,14,21,24,,,,,,,,0.6,0.4,0.5,1,8*44  "
20673776713174,1788550619950,"$GNGSA,A,3,80,83,85,,,,,,,,,,0.6,0.4,0.5,2*3B  "
20673776718955,1788550619950,"$GNGSA,A,3,02,15,18,25,27,30,34,36,,,,,0.6,0.4,0.5,3*38  "
20673776860361,1788550619950,"$PSSGR,GSA,A,3,302,315,318,325,330,334,336,,,,,,0.6,0.4,0.5,3,1*73  "
20673776882080,1788550619950,"$GNGSA,A,3,01,02,06,08,09,10,13,23,25,27,28,37,0.6,0.4,0.5,4*39  "
20673777363434,1788550619950,"$PSSGR,GSA,A,3,223,225,227,228,237,238,242,,,,,,0.6,0.4,0.5,4,5*78  "
20673777372184,1788550619950,"$GNGSA,A,3,02,03,,,,,,,,,,,0.6,0.4,0.5,5*33  "
20673777377549,1788550619950,"$PSSGR,GSA,A,3,194,195,,,,,,,,,,,0.6,0.4,0.5,5,8*47  "
20673777555986,1788550619950,"$GNVTG,,T,,M,0.0,N,0.0,K,A*3D  "
20673777677913,1788550619950,"$GNDTM,W84,,0000.000000,N,00000.000000,E,0.000,W84*41  "
20673777857705,1788550619950,"$GNRMC,193700.00,A,2831.360514,N,07734.439962,E,0.0,,040926,1.3,E,A,V*71  "
20673778068903,1788550619950,"$GNGNS,193700.00,2831.360514,N,07734.439962,E,AAAAAN,36,0.4,208.8,-54.0,,,V*07  "
20673778185309,1788550619950,"$GNGGA,193700.00,2831.360514,N,07734.439962,E,1,12,0.4,208.8,M,-54.0,M,,*5E  "
20673778553851,1788550619952,"$PSMSG,magcal=PASS,bluesky=0*00 "
20674766280830,1788550620939,"$GPGSV,3,1,12,05,02,189,23,06,64,030,29,11,74,236,28,12,31,320,29,1*6A  "
20674767263642,1788550620939,"$GPGSV,3,2,12,13,00,000,40,14,15,131,36,17,21,067,40,19,46,039,40,1*63  "
20674767288538,1788550620939,"$GPGSV,3,3,12,21,24,163,40,22,36,122,43,24,35,253,44,40,00,000,41,1*64  "
20674767299684,1788550620939,"$GPGSV,2,1,05,06,64,030,29,11,74,236,32,14,15,131,31,21,24,163,36,8*66  "
20674767309476,1788550620939,"$GPGSV,2,2,05,24,35,253,33,8*5C  "
20674767351455,1788550620939,"$GLGSV,2,1,06,10,00,000,36,09,73,164,37,16,16,151,40,20,63,299,40,1*73  "
20674768270049,1788550620939,"$GLGSV,2,2,06,19,34,024,32,21,30,247,36,1*72  "
20674768296819,1788550620939,"$GAGSV,2,1,08,02,60,096,39,15,33,213,43,18,62,017,32,25,10,122,23,7*76  "
20674768304892,1788550620939,"$GAGSV,2,2,08,27,09,313,16,30,54,332,37,34,86,155,34,36,37,039,41,7*74  "
20674768311403,1788550620939,"$GAGSV,2,1,07,02,60,096,29,15,33,213,18,18,62,017,30,25,10,122,21,1*70  "
20674768317601,1788550620939,"$GAGSV,2,2,07,30,54,332,29,34,86,155,22,36,37,039,33,1*4A  "
20674768472549,1788550620939,"$GQGSV,1,1,02,02,23,100,29,03,32,061,39,1*61  "
20674768799996,1788550620939,"$GQGSV,1,1,02,02,23,100,30,03,32,061,24,8*6C  "
20674769163382,1788550620939,"$GBGSV,5,1,18,42,08,091,29,38,53,026,41,37,40,310,35,34,03,058,22,1*77  "
20674769284788,1788550620939,"$GBGSV,5,2,18,33,06,141,29,28,53,277,33,27,14,251,32,25,29,159,31,1*7B  "
20674769490101,1788550620939,"$GBGSV,5,3,18,23,71,208,40,14,04,069,23,13,66,337,40,10,13,164,34,1*79  "
20674769607705,1788550620939,"$GBGSV,5,4,18,09,26,145,34,08,37,051,40,06,34,118,34,03,40,128,33,1*7A  "
20674769818746,1788550620939,"$GBGSV,5,5,18,02,54,175,35,01,16,104,26,1*7E  "
20674770039424,1788550620939,"$GBGSV,2,1,08,23,71,208,37,25,29,159,31,27,14,251,35,28,53,277,32,3*7A  "
20674770207757,1788550620939,"$GBGSV,2,2,08,33,06,141,30,37,40,310,33,38,53,026,40,42,08,091,30,3*77  "
20674770390830,1788550620939,"$GBGSV,2,1,08,23,71,208,27,25,29,159,34,27,14,251,20,28,53,277,33,5*7D  "
20674770687809,1788550620939,"$GBGSV,2,2,08,33,06,141,26,37,40,310,33,38,53,026,28,42,08,091,27,5*7E  "
20674773371767,1788550620947,"$GNGSA,A,3,06,11,12,14,17,19,21,22,24,,,,0.6,0.4,0.5,1*3D  "
20674774541871,1788550620947,"$PSSGR,GSA,A,3,06,11,14,21,24,,,,,,,,0.6,0.4,0.5,1,8*44  "
20674774658017,1788550620947,"$GNGSA,A,3,80,83,85,,,,,,,,,,0.6,0.4,0.5,2*3B  "
20674774988538,1788550620947,"$GNGSA,A,3,02,15,18,25,27,30,34,36,,,,,0.6,0.4,0.5,3*38  "
20674775004267,1788550620947,"$PSSGR,GSA,A,3,302,315,318,325,330,334,336,,,,,,0.6,0.4,0.5,3,1*73  "
20674775162444,1788550620947,"$GNGSA,A,3,01,02,06,08,09,10,13,23,25,27,28,37,0.6,0.4,0.5,4*39  "
20674775176767,1788550620947,"$PSSGR,GSA,A,3,223,225,227,228,237,238,242,,,,,,0.6,0.4,0.5,4,5*78  "
20674775542132,1788550620947,"$GNGSA,A,3,02,03,,,,,,,,,,,0.6,0.4,0.5,5*33  "
20674775566090,1788550620947,"$PSSGR,GSA,A,3,194,195,,,,,,,,,,,0.6,0.4,0.5,5,8*47  "
20674775608642,1788550620947,"$GNVTG,,T,,M,0.0,N,0.0,K,A*3D  "
20674776094007,1788550620947,"$GNDTM,W84,,0000.000000,N,00000.000000,E,0.000,W84*41  "
20674776758799,1788550620947,"$GNRMC,193701.00,A,2831.360513,N,07734.439961,E,0.0,,040926,1.3,E,A,V*74  "
20674777443590,1788550620947,"$GNGNS,193701.00,2831.360513,N,07734.439961,E,AAAAAN,36,0.4,208.8,-54.0,,,V*02  "
20674777458955,1788550620947,"$GNGGA,193701.00,2831.360513,N,07734.439961,E,1,12,0.4,208.8,M,-54.0,M,,*5B  "
20674777539059,1788550620951,"$PSMSG,magcal=PASS,bluesky=0*00 "
20675764287913,1788550621937,"$GPGSV,3,1,11,05,02,189,23,11,74,236,30,12,31,320,30,13,00,000,40,1*62  "
20675764897236,1788550621937,"$GPGSV,3,2,11,14,15,131,35,17,21,067,41,19,46,039,40,21,24,163,39,1*6F  "
20675764916506,1788550621937,"$GPGSV,3,3,11,22,36,122,43,24,35,253,45,40,00,000,40,1*52  "
20675764924736,1788550621937,"$GPGSV,2,1,05,06,64,030,31,11,74,236,32,14,15,131,33,21,24,163,37,8*6C  "
20675764937756,1788550621937,"$GPGSV,2,2,05,24,35,253,34,8*5B  "
20675764944215,1788550621937,"$GLGSV,2,1,06,10,00,000,36,09,73,164,37,16,16,151,39,20,63,299,40,1*7D  "
20675764951038,1788550621937,"$GLGSV,2,2,06,19,34,024,33,21,30,247,37,1*72  "
20675764957184,1788550621937,"$GAGSV,2,1,08,02,60,096,38,15,33,213,43,18,62,017,30,25,10,122,23,7*75  "
20675764963850,1788550621937,"$GAGSV,2,2,08,27,09,313,16,30,54,332,38,34,86,155,34,36,37,039,41,7*7B  "
20675765062392,1788550621937,"$GAGSV,2,1,07,02,60,096,32,15,33,213,18,18,62,017,32,25,10,122,19,1*73  "
20675765158329,1788550621937,"$GAGSV,2,2,07,30,54,332,28,34,86,155,26,36,37,039,35,1*49  "
20675766135829,1788550621937,"$GQGSV,1,1,02,02,23,100,29,03,32,061,39,1*61  "
20675766156767,1788550621937,"$GQGSV,1,1,02,02,23,100,32,03,32,061,27,8*6D  "
20675766166402,1788550621937,"$GBGSV,5,1,18,42,08,091,30,38,53,026,42,37,40,310,35,34,03,058,19,1*74  "
20675766174163,1788550621937,"$GBGSV,5,2,18,33,06,141,26,28,53,277,34,27,14,251,33,25,29,159,33,1*70  "
20675766181611,1788550621937,"$GBGSV,5,3,18,23,71,208,40,14,04,069,25,13,66,337,41,10,13,164,36,1*7C  "
20675766233746,1788550621937,"$GBGSV,5,4,18,09,26,145,34,08,37,051,40,06,34,118,36,03,40,128,33,1*78  "
20675766339371,1788550621937,"$GBGSV,5,5,18,02,54,175,37,01,16,104,26,1*7C  "
20675767839944,1788550621937,"$GBGSV,2,1,08,23,71,208,38,25,29,159,30,27,14,251,35,28,53,277,31,3*77  "
20675767855881,1788550621937,"$GBGSV,2,2,08,33,06,141,29,37,40,310,32,38,53,026,40,42,08,091,30,3*7E  "
20675767861975,1788550621937,"$GBGSV,2,1,08,23,71,208,29,25,29,159,35,27,14,251,19,28,53,277,35,5*7E  "
20675767876350,1788550621937,"$GBGSV,2,2,08,33,06,141,28,37,40,310,34,38,53,026,31,42,08,091,29,5*71  "
20675771652965,1788550621944,"$GNGSA,A,3,06,11,12,14,17,19,21,22,24,,,,0.6,0.4,0.5,1*3D  "
20675772128434,1788550621944,"$PSSGR,GSA,A,3,06,11,14,21,24,,,,,,,,0.6,0.4,0.5,1,8*44  "
20675772588017,1788550621944,"$GNGSA,A,3,80,83,85,,,,,,,,,,0.6,0.4,0.5,2*3B  "
20675780711663,1788550621944,"$GNGSA,A,3,02,15,18,25,30,34,36,,,,,,0.6,0.4,0.5,3*3D  "
20675780750413,1788550621944,"$PSSGR,GSA,A,3,302,315,318,325,330,334,336,,,,,,0.6,0.4,0.5,3,1*73  "
20675780759631,1788550621944,"$GNGSA,A,3,01,02,06,08,09,10,13,23,25,27,28,37,0.6,0.4,0.5,4*39  "
20675780765725,1788550621944,"$PSSGR,GSA,A,3,223,225,227,228,237,238,242,,,,,,0.6,0.4,0.5,4,5*78  "
20675780771715,1788550621944,"$GNGSA,A,3,02,03,,,,,,,,,,,0.6,0.4,0.5,5*33  "
20675780777184,1788550621944,"$PSSGR,GSA,A,3,194,195,,,,,,,,,,,0.6,0.4,0.5,5,8*47  "
20675781442548,1788550621944,"$GNVTG,,T,,M,0.0,N,0.0,K,A*3D  "
20675782902861,1788550621944,"$GNDTM,W84,,0000.000000,N,00000.000000,E,0.000,W84*41  "
20675782936819,1788550621944,"$GNRMC,193702.00,A,2831.360511,N,07734.439960,E,0.0,,040926,1.3,E,A,V*74  "
20675782948694,1788550621944,"$GNGNS,193702.00,2831.360511,N,07734.439960,E,AAAAAN,35,0.4,208.8,-54.0,,,V*01  "
20675782957027,1788550621944,"$GNGGA,193702.00,2831.360511,N,07734.439960,E,1,12,0.4,208.8,M,-54.0,M,,*5B  "
20675782964475,1788550621956,"$PSMSG,magcal=PASS,bluesky=0*00 "
20676765977496,1788550622939,"$GPGSV,3,1,11,05,02,189,23,11,74,236,33,12,31,320,34,13,00,000,39,1*6B  "
20676766442756,1788550622939,"$GPGSV,3,2,11,14,15,131,35,17,21,067,40,19,46,039,37,21,24,163,39,1*6E  "
20676766724423,1788550622939,"$GPGSV,3,3,11,22,36,122,44,24,35,253,44,40,00,000,39,1*5A  "
20676767279579,1788550622939,"$GPGSV,2,1,05,06,64,030,33,11,74,236,28,14,15,131,29,21,24,163,35,8*6C  "
20676767304944,1788550622939,"$GPGSV,2,2,05,24,35,253,33,8*5C  "
20676767323173,1788550622939,"$GLGSV,2,1,06,10,00,000,34,09,73,164,35,16,16,151,38,20,63,299,40,1*7C  "
20676767631246,1788550622939,"$GLGSV,2,2,06,19,34,024,36,21,30,247,40,1*77  "
20676767970360,1788550622939,"$GAGSV,2,1,08,02,60,096,37,15,33,213,42,18,62,017,32,25,10,122,19,7*70  "
20676767989787,1788550622939,"$GAGSV,2,2,08,27,09,313,16,30,54,332,38,34,86,155,34,36,37,039,39,7*74  "
20676768292339,1788550622939,"$GAGSV,2,1,07,02,60,096,32,15,33,213,23,18,62,017,31,25,10,122,20,1*72  "
20676768429527,1788550622939,"$GAGSV,2,2,07,30,54,332,25,34,86,155,26,36,37,039,33,1*42  "
20676768622652,1788550622939,"$GQGSV,1,1,02,02,23,100,31,03,32,061,37,1*66  "
20676768843642,1788550622939,"$GQGSV,1,1,02,02,23,100,32,03,32,061,26,8*6C  "
20676769141402,1788550622939,"$GBGSV,5,1,18,42,08,091,31,38,53,026,41,37,40,310,34,34,03,058,19,1*77  "
20676769319996,1788550622939,"$GBGSV,5,2,18,33,06,141,30,28,53,277,36,27,14,251,38,25,29,159,33,1*7E  "
20676769498277,1788550622939,"$GBGSV,5,3,18,23,71,208,39,14,04,069,28,13,66,337,40,10,13,164,32,1*7A  "
20676769673798,1788550622939,"$GBGSV,5,4,18,09,26,145,36,08,37,051,40,06,34,118,36,03,40,128,34,1*7D  "
20676769948850,1788550622939,"$GBGSV,5,5,18,02,54,175,36,01,16,104,26,1*7D  "
20676770078017,1788550622939,"$GBGSV,2,1,08,23,71,208,37,25,29,159,31,27,14,251,38,28,53,277,31,3*74  "
20676770342964,1788550622939,"$GBGSV,2,2,08,33,06,141,31,37,40,310,33,38,53,026,41,42,08,091,31,3*76  "
20676770638381,1788550622939,"$GBGSV,2,1,08,23,71,208,28,25,29,159,34,27,14,251,19,28,53,277,35,5*7E  "
20676770869058,1788550622939,"$GBGSV,2,2,08,33,06,141,27,37,40,310,31,38,53,026,29,42,08,091,27,5*7C  "
20676773187444,1788550622947,"$GNGSA,A,3,06,11,12,14,17,19,21,22,24,,,,0.6,0.4,0.5,1*3D  "
20676773207808,1788550622947,"$PSSGR,GSA,A,3,06,11,14,21,24,,,,,,,,0.6,0.4,0.5,1,8*44  "
20676773322287,1788550622947,"$GNGSA,A,3,80,83,85,,,,,,,,,,0.6,0.4,0.5,2*3B  "
20676774385152,1788550622947,"$GNGSA,A,3,02,15,18,25,30,34,36,,,,,,0.6,0.4,0.5,3*3D  "
20676774396350,1788550622947,"$PSSGR,GSA,A,3,302,315,318,325,330,334,336,,,,,,0.6,0.4,0.5,3,1*73  "
20676774410152,1788550622947,"$GNGSA,A,3,01,02,06,08,09,10,13,23,25,27,28,37,0.6,0.4,0.5,4*39  "
20676774416089,1788550622947,"$PSSGR,GSA,A,3,223,225,227,228,237,238,242,,,,,,0.6,0.4,0.5,4,5*78  "
20676774421662,1788550622947,"$GNGSA,A,3,02,03,,,,,,,,,,,0.6,0.4,0.5,5*33  "
20676774778329,1788550622947,"$PSSGR,GSA,A,3,194,195,,,,,,,,,,,0.6,0.4,0.5,5,8*47  "
20676774792131,1788550622947,"$GNVTG,180.0,T,178.7,M,0.6,N,1.1,K,A*3B  "
20676774986402,1788550622947,"$GNDTM,W84,,0000.000000,N,00000.000000,E,0.000,W84*41  "
20676775087964,1788550622947,"$GNRMC,193703.00,A,2831.360356,N,07734.439901,E,0.6,180.0,040926,1.3,E,A,V*56  "
20676775227756,1788550622947,"$GNGNS,193703.00,2831.360356,N,07734.439901,E,AAAAAN,35,0.4,208.9,-54.0,,,V*03  "
20676775333381,1788550622947,"$GNGGA,193703.00,2831.360356,N,07734.439901,E,1,12,0.4,208.9,M,-54.0,M,,*59  "
20676775650360,1788550622949,"$PSMSG,magcal=PASS,bluesky=0*00 "
20677765671922,1788550623939,"$GPGSV,3,1,12,05,02,189,23,06,64,030,33,11,74,236,35,12,31,320,33,1*66  "
20677766474474,1788550623939,"$GPGSV,3,2,12,13,00,000,36,14,15,131,37,17,21,067,33,19,46,039,38,1*68  "
20677766503954,1788550623939,"$GPGSV,3,3,12,21,24,163,36,22,36,122,41,24,35,253,42,40,00,000,40,1*60  "
20677766675464,1788550623939,"$GPGSV,2,1,05,06,64,030,33,11,74,236,26,14,15,131,34,21,24,163,35,8*6E  "
20677766709735,1788550623939,"$GPGSV,2,2,05,24,35,253,35,8*5A  "
20677766937547,1788550623939,"$GLGSV,2,1,06,10,00,000,29,09,73,164,35,16,16,151,35,20,63,299,43,1*7E  "
20677766967860,1788550623939,"$GLGSV,2,2,06,19,34,024,36,21,30,247,41,1*76  "
20677767231610,1788550623939,"$GAGSV,2,1,08,02,60,096,38,15,33,213,39,18,62,017,31,25,10,122,29,7*73  "
20677767471974,1788550623939,"$GAGSV,2,2,08,27,09,313,16,30,54,332,32,34,86,155,36,36,37,039,40,7*72  "
20677767712443,1788550623939,"$GAGSV,2,1,07,02,60,096,36,15,33,213,24,18,62,017,32,25,10,122,23,1*71  "
20677767941610,1788550623939,"$GAGSV,2,2,07,30,54,332,22,34,86,155,27,36,37,039,34,1*43  "
20677768494683,1788550623939,"$GQGSV,1,1,02,02,23,100,32,03,32,061,34,1*66  "
20677769831974,1788550623939,"$GQGSV,1,1,02,02,23,100,33,03,32,061,30,8*6A  "
20677769852391,1788550623939,"$GBGSV,5,1,17,42,08,091,30,38,53,026,40,37,40,310,35,33,06,141,30,1*79  "
20677769859839,1788550623939,"$GBGSV,5,2,17,28,53,277,36,27,14,251,38,25,29,159,37,23,71,208,41,1*7C  "
20677769866245,1788550623939,"$GBGSV,5,3,17,14,04,069,32,13,66,337,38,10,13,164,30,09,26,145,36,1*7C  "
20677769990777,1788550623939,"$GBGSV,5,4,17,08,37,051,41,06,34,118,41,03,40,128,42,02,54,175,36,1*7F  "
20677770650152,1788550623939,"$GBGSV,5,5,17,01,16,104,32,1*42  "
20677770882808,1788550623939,"$GBGSV,2,1,08,23,71,208,38,25,29,159,30,27,14,251,36,28,53,277,34,3*71  "
20677770898433,1788550623939,"$GBGSV,2,2,08,33,06,141,29,37,40,310,33,38,53,026,37,42,08,091,28,3*76  "
20677771135308,1788550623939,"$GBGSV,2,1,08,23,71,208,29,25,29,159,30,27,14,251,20,28,53,277,33,5*77  "
20677771260568,1788550623939,"$GBGSV,2,2,08,33,06,141,27,37,40,310,34,38,53,026,31,42,08,091,28,5*7F  "
20677773952079,1788550623947,"$GNGSA,A,3,06,11,12,14,17,19,21,22,24,,,,0.6,0.4,0.5,1*3D  "
20677773964370,1788550623947,"$PSSGR,GSA,A,3,06,11,14,21,24,,,,,,,,0.6,0.4,0.5,1,8*44  "
20677774312860,1788550623947,"$GNGSA,A,3,80,83,85,,,,,,,,,,0.6,0.4,0.5,2*3B  "
20677774320152,1788550623947,"$GNGSA,A,3,02,15,18,25,30,34,36,,,,,,0.6,0.4,0.5,3*3D  "
20677774325672,1788550623947,"$PSSGR,GSA,A,3,302,315,318,325,330,334,336,,,,,,0.6,0.4,0.5,3,1*73  "
20677774626349,1788550623947,"$GNGSA,A,3,01,02,06,08,09,10,13,23,25,27,28,37,0.6,0.4,0.5,4*39  "
20677775010308,1788550623947,"$PSSGR,GSA,A,3,223,225,227,228,237,238,242,,,,,,0.6,0.4,0.5,4,5*78  "
20677775029735,1788550623947,"$GNGSA,A,3,02,03,,,,,,,,,,,0.6,0.4,0.5,5*33  "
20677775038381,1788550623947,"$PSSGR,GSA,A,3,194,195,,,,,,,,,,,0.6,0.4,0.5,5,8*47  "
20677775051818,1788550623947,"$GNVTG,193.3,T,192.0,M,3.9,N,7.3,K,A*31  "
20677775162443,1788550623947,"$GNDTM,W84,,0000.000000,N,00000.000000,E,0.000,W84*41  "
20677775971193,1788550623947,"$GNRMC,193704.00,A,2831.359562,N,07734.439668,E,3.9,193.3,040926,1.3,E,A,V*57  "
20677775991766,1788550623947,"$GNGNS,193704.00,2831.359562,N,07734.439668,E,AAAAAN,35,0.4,209.2,-54.0,,,V*05  "
20677776000516,1788550623947,"$GNGGA,193704.00,2831.359562,N,07734.439668,E,1,12,0.4,209.2,M,-54.0,M,,*5F  "
20677776015204,1788550623949,"$PSMSG,magcal=PASS,bluesky=0*00 "
20678762926662,1788550624936,"$GPGSV,3,1,12,05,02,189,23,06,64,030,34,11,74,236,38,12,31,320,34,1*6B  "
20678764049682,1788550624936,"$GPGSV,3,2,12,13,00,000,38,14,15,131,31,17,21,067,32,19,46,039,40,1*6E  "
20678764443901,1788550624936,"$GPGSV,3,3,12,21,24,163,39,22,36,122,38,24,35,253,43,40,00,000,41,1*61  "
20678764745672,1788550624936,"$GPGSV,2,1,05,06,64,030,33,11,74,236,28,14,15,131,30,21,24,163,33,8*62  "
20678765689526,1788550624936,"$GPGSV,2,2,05,24,35,253,36,8*59  "
20678765938172,1788550624936,"$GLGSV,2,1,06,10,00,000,31,09,73,164,35,16,16,151,39,20,63,299,41,1*79  "
20678765954578,1788550624936,"$GLGSV,2,2,06,19,34,024,39,21,30,247,45,1*7D  "
20678766271297,1788550624936,"$GAGSV,2,1,08,02,60,096,35,15,33,213,38,18,62,017,28,25,10,122,25,7*7B  "
20678767346245,1788550624936,"$GAGSV,2,2,08,27,09,313,16,30,54,332,35,34,86,155,36,36,37,039,37,7*75  "
20678767364422,1788550624936,"$GAGSV,2,1,07,02,60,096,33,15,33,213,26,18,62,017,31,25,10,122,24,1*72  "
20678767370932,1788550624936,"$GAGSV,2,2,07,30,54,332,23,34,86,155,30,36,37,039,35,1*45  "
20678767376245,1788550624936,"$GQGSV,1,1,02,02,23,100,35,03,32,061,34,1*61  "
20678767381349,1788550624936,"$GQGSV,1,1,02,02,23,100,28,03,32,061,35,8*65  "
20678767386766,1788550624936,"$GBGSV,5,1,17,42,08,091,30,38,53,026,40,37,40,310,39,33,06,141,29,1*7D  "
20678767477599,1788550624936,"$GBGSV,5,2,17,28,53,277,39,27,14,251,39,25,29,159,37,23,71,208,42,1*71  "
20678768157495,1788550624936,"$GBGSV,5,3,17,14,04,069,27,13,66,337,36,10,13,164,32,09,26,145,33,1*71  "
20678768171714,1788550624936,"$GBGSV,5,4,17,08,37,051,40,06,34,118,36,03,40,128,37,02,54,175,36,1*7C  "
20678768177651,1788550624936,"$GBGSV,5,5,17,01,16,104,35,1*45  "
20678768799370,1788550624936,"$GBGSV,2,1,08,23,71,208,40,25,29,159,33,27,14,251,35,28,53,277,37,3*7D  "
20678769400620,1788550624936,"$GBGSV,2,2,08,33,06,141,26,37,40,310,39,38,53,026,37,42,08,091,23,3*78  "
20678769423745,1788550624936,"$GBGSV,2,1,08,23,71,208,31,25,29,159,28,27,14,251,27,28,53,277,31,5*72  "
20678769431818,1788550624936,"$GBGSV,2,2,08,33,06,141,19,37,40,310,36,38,53,026,30,42,08,091,23,5*7A  "
20678771847964,1788550624945,"$GNGSA,A,3,06,11,12,14,17,19,21,22,24,,,,0.6,0.4,0.5,1*3D  "
20678771865412,1788550624945,"$PSSGR,GSA,A,3,06,11,14,21,24,,,,,,,,0.6,0.4,0.5,1,8*44  "
20678771871818,1788550624945,"$GNGSA,A,3,80,83,85,,,,,,,,,,0.6,0.4,0.5,2*3B  "
20678774771141,1788550624945,"$GNGSA,A,3,02,15,18,25,30,34,36,,,,,,0.6,0.4,0.5,3*3D  "
20678774788745,1788550624945,"$PSSGR,GSA,A,3,302,315,318,325,330,334,336,,,,,,0.6,0.4,0.5,3,1*73  "
20678774796714,1788550624945,"$GNGSA,A,3,01,02,06,08,09,10,13,23,25,27,28,37,0.6,0.4,0.5,4*39  "
20678776841662,1788550624945,"$PSSGR,GSA,A,3,223,225,227,228,237,238,242,,,,,,0.6,0.4,0.5,4,5*78  "
20678776859266,1788550624945,"$GNGSA,A,3,02,03,,,,,,,,,,,0.6,0.4,0.5,5*33  "
20678776865359,1788550624945,"$PSSGR,GSA,A,3,194,195,,,,,,,,,,,0.6,0.4,0.5,5,8*47  "
20678776870724,1788550624945,"$GNVTG,195.8,T,194.5,M,5.3,N,9.9,K,A*37  "
20678776875620,1788550624945,"$GNDTM,W84,,0000.000000,N,00000.000000,E,0.000,W84*41  "
20678776880984,1788550624945,"$GNRMC,193705.00,A,2831.358327,N,07734.439258,E,5.3,195.8,040926,1.3,E,A,V*56  "
20678776895828,1788550624945,"$GNGNS,193705.00,2831.358327,N,07734.439258,E,AAAAAN,35,0.4,209.0,-54.0,,,V*07  "
20678776901714,1788550624945,"$GNGGA,193705.00,2831.358327,N,07734.439258,E,1,12,0.4,209.0,M,-54.0,M,,*5D  "
20678776907443,1788550624950,"$PSMSG,magcal=PASS,bluesky=0*00 "
20679765505620,1788550625938,"$GPGSV,3,1,12,05,02,189,23,06,64,030,34,11,74,236,37,12,31,320,34,1*64  "
20679765527026,1788550625938,"$GPGSV,3,2,12,13,00,000,38,14,15,131,32,17,21,067,34,19,46,039,38,1*64  "
20679765534265,1788550625938,"$GPGSV,3,3,12,21,24,163,39,22,36,122,40,24,35,253,43,40,00,000,37,1*6F  "
20679765768120,1788550625938,"$GPGSV,2,1,05,06,64,030,34,11,74,236,25,14,15,131,27,21,24,163,34,8*69  "
20679765790255,1788550625938,"$GPGSV,2,2,05,24,35,253,33,8*5C  "
20679765798067,1788550625938,"$GLGSV,2,1,06,10,00,000,32,09,73,164,34,16,16,151,38,20,63,299,41,1*7A  "
20679765806609,1788550625938,"$GLGSV,2,2,06,19,34,024,38,21,30,247,46,1*7F  "
20679765812547,1788550625938,"$GAGSV,2,1,08,02,60,096,34,15,33,213,41,18,62,017,29,25,10,122,23,7*73  "
20679765818120,1788550625938,"$GAGSV,2,2,08,27,09,313,16,30,54,332,37,34,86,155,36,36,37,039,38,7*78  "
20679765823640,1788550625938,"$GAGSV,2,1,07,02,60,096,29,15,33,213,23,18,62,017,30,25,10,122,21,1*78  "
20679766099942,1788550625938,"$GAGSV,2,2,07,30,54,332,25,34,86,155,29,36,37,039,33,1*4D  "
20679766119890,1788550625938,"$GQGSV,1,1,02,02,23,100,38,03,32,061,35,1*6D  "
20679766318328,1788550625938,"$GQGSV,1,1,02,02,23,100,34,03,32,061,33,8*6E  "
20679766534317,1788550625938,"$GBGSV,5,1,18,42,08,091,24,38,53,026,38,37,40,310,37,34,03,058,25,1*71  "
20679766548692,1788550625938,"$GBGSV,5,2,18,33,06,141,26,28,53,277,38,27,14,251,43,25,29,159,35,1*7D  "
20679766708380,1788550625938,"$GBGSV,5,3,18,23,71,208,38,14,04,069,27,13,66,337,37,10,13,164,31,1*77  "
20679766962495,1788550625938,"$GBGSV,5,4,18,09,26,145,33,08,37,051,40,06,34,118,40,03,40,128,37,1*7A  "
20679766978015,1788550625938,"$GBGSV,5,5,18,02,54,175,34,01,16,104,36,1*7E  "
20679767213901,1788550625938,"$GBGSV,2,1,08,23,71,208,36,25,29,159,31,27,14,251,41,28,53,277,36,3*7C  "
20679767237078,1788550625938,"$GBGSV,2,2,08,33,06,141,25,37,40,310,35,38,53,026,35,42,08,091,26,3*70  "
20679767420151,1788550625938,"$GBGSV,2,1,08,23,71,208,26,25,29,159,31,27,14,251,27,28,53,277,34,5*79  "
20679767664630,1788550625938,"$GBGSV,2,2,08,33,06,141,19,37,40,310,32,38,53,026,30,42,08,091,23,5*7E  "
20679770806922,1788550625943,"$GNGSA,A,3,06,11,12,14,17,19,21,22,24,,,,0.6,0.4,0.5,1*3D  "
20679770820099,1788550625943,"$PSSGR,GSA,A,3,06,11,14,21,24,,,,,,,,0.6,0.4,0.5,1,8*44  "
20679770831557,1788550625943,"$GNGSA,A,3,80,83,85,,,,,,,,,,0.6,0.4,0.5,2*3B  "
20679770838901,1788550625943,"$GNGSA,A,3,02,15,18,25,30,34,36,,,,,,0.6,0.4,0.5,3*3D  "
20679770845099,1788550625943,"$PSSGR,GSA,A,3,302,315,318,325,330,334,336,,,,,,0.6,0.4,0.5,3,1*73  "
20679770851140,1788550625943,"$GNGSA,A,3,01,02,06,08,09,10,13,23,25,27,28,37,0.6,0.4,0.5,4*39  "
20679770857026,1788550625943,"$PSSGR,GSA,A,3,223,225,227,228,237,238,242,,,,,,0.6,0.4,0.5,4,5*78  "
20679771214682,1788550625943,"$GNGSA,A,3,02,03,,,,,,,,,,,0.6,0.4,0.5,5*33  "
20679771233172,1788550625943,"$PSSGR,GSA,A,3,194,195,,,,,,,,,,,0.6,0.4,0.5,5,8*47  "
20679771240463,1788550625943,"$GNVTG,200.7,T,199.4,M,6.6,N,12.2,K,A*0C  "
20679771246609,1788550625943,"$GNDTM,W84,,0000.000000,N,00000.000000,E,0.000,W84*41  "
20679771252338,1788550625943,"$GNRMC,193706.00,A,2831.356782,N,07734.438629,E,6.6,200.7,040926,1.3,E,A,V*55  "
20679772234474,1788550625943,"$GNGNS,193706.00,2831.356782,N,07734.438629,E,AAAAAN,35,0.4,208.8,-54.0,,,V*0B  "
20679773677807,1788550625943,"$GNGGA,193706.00,2831.356782,N,07734.438629,E,1,12,0.4,208.8,M,-54.0,M,,*51  "
20679773698120,1788550625945,"$PSMSG,magcal=PASS,bluesky=0*00 "
20680768583952,1788550626941,"$GPGSV,3,1,12,05,02,189,23,06,64,030,34,11,74,236,36,12,31,320,37,1*66  "
20680768624213,1788550626941,"$GPGSV,3,2,12,13,00,000,38,14,15,131,34,17,21,067,32,19,46,039,36,1*6A  "
20680768634161,1788550626941,"$GPGSV,3,3,12,21,24,163,36,22,36,122,38,24,35,253,45,40,00,000,37,1*69  "
20680768642494,1788550626941,"$GPGSV,2,1,05,06,64,030,32,11,74,236,26,14,15,131,30,21,24,163,36,8*68  "
20680768659942,1788550626941,"$GPGSV,2,2,05,24,35,253,36,8*59  "
20680768667234,1788550626941,"$GLGSV,2,1,06,10,00,000,33,09,73,164,33,16,16,151,36,20,63,299,42,1*71  "
20680768675150,1788550626941,"$GLGSV,2,2,06,19,34,024,40,21,30,247,46,1*70  "
20680768681765,1788550626941,"$GAGSV,2,1,08,02,60,096,35,15,33,213,42,18,62,017,28,25,10,122,23,7*70  "
20680768987390,1788550626941,"$GAGSV,2,2,08,27,09,313,16,30,54,332,38,34,86,155,33,36,37,039,36,7*7C  "
20680769741400,1788550626941,"$GAGSV,2,1,07,02,60,096,32,15,33,213,26,18,62,017,29,25,10,122,22,1*7C  "
20680769786713,1788550626941,"$GAGSV,2,2,07,30,54,332,26,34,86,155,26,36,37,039,31,1*43  "
20680769899369,1788550626941,"$GQGSV,1,1,02,02,23,100,33,03,32,061,34,1*67  "
20680770078327,1788550626941,"$GQGSV,1,1,02,02,23,100,32,03,32,061,33,8*68  "
20680770685567,1788550626941,"$GBGSV,5,1,19,42,08,091,26,38,53,026,39,37,40,310,37,34,03,058,27,1*71  "
20680770712234,1788550626941,"$GBGSV,5,2,19,33,06,141,31,28,53,277,40,27,14,251,43,25,29,159,34,1*74  "
20680771048067,1788550626941,"$GBGSV,5,3,19,23,71,208,37,14,04,069,24,13,66,337,39,10,13,164,29,1*7D  "
20680771089630,1788550626941,"$GBGSV,5,4,19,09,26,145,35,08,37,051,39,07,03,161,25,06,34,118,36,1*7F  "
20680772847963,1788550626941,"$GBGSV,5,5,19,03,40,128,36,02,54,175,35,01,16,104,36,1*47  "
20680772871088,1788550626941,"$GBGSV,2,1,08,23,71,208,35,25,29,159,35,27,14,251,40,28,53,277,36,3*7A  "
20680772882025,1788550626941,"$GBGSV,2,2,08,33,06,141,25,37,40,310,36,38,53,026,37,42,08,091,22,3*75  "
20680772891400,1788550626941,"$GBGSV,2,1,08,23,71,208,25,25,29,159,31,27,14,251,31,28,53,277,33,5*7A  "
20680772908015,1788550626941,"$GBGSV,2,2,08,33,06,141,20,37,40,310,31,38,53,026,30,42,08,091,23,5*77  "
20680775277077,1788550626949,"$GNGSA,A,3,06,11,12,14,17,19,21,22,24,,,,0.6,0.4,0.5,1*3D  "
20680775292494,1788550626949,"$PSSGR,GSA,A,3,06,11,14,21,24,,,,,,,,0.6,0.4,0.5,1,8*44  "
20680778705150,1788550626949,"$GNGSA,A,3,80,83,85,,,,,,,,,,0.6,0.4,0.5,2*3B  "
20680778991296,1788550626949,"$GNGSA,A,3,02,15,18,25,30,34,36,,,,,,0.6,0.4,0.5,3*3D  "
20680779024942,1788550626949,"$PSSGR,GSA,A,3,302,315,318,325,330,334,336,,,,,,0.6,0.4,0.5,3,1*73  "
20680779053432,1788550626949,"$GNGSA,A,3,01,02,06,08,09,10,13,23,25,27,28,37,0.6,0.4,0.5,4*39  "
20680779080567,1788550626949,"$PSSGR,GSA,A,3,223,225,227,228,237,238,242,,,,,,0.6,0.4,0.5,4,5*78  "
20680779107598,1788550626949,"$GNGSA,A,3,02,03,,,,,,,,,,,0.6,0.4,0.5,5*33  "
20680779143692,1788550626949,"$PSSGR,GSA,A,3,194,195,,,,,,,,,,,0.6,0.4,0.5,5,8*47  "
20680779170567,1788550626949,"$GNVTG,204.6,T,203.3,M,6.8,N,12.6,K,A*04  "
20680779195515,1788550626949,"$GNDTM,W84,,0000.000000,N,00000.000000,E,0.000,W84*41  "
20680779988588,1788550626949,"$GNRMC,193707.00,A,2831.355126,N,07734.437771,E,6.8,204.6,040926,1.3,E,A,V*57  "
20680780029161,1788550626949,"$GNGNS,193707.00,2831.355126,N,07734.437771,E,AAAAAN,35,0.4,208.8,-54.0,,,V*02  "
20680780074630,1788550626949,"$GNGGA,193707.00,2831.355126,N,07734.437771,E,1,12,0.4,208.8,M,-54.0,M,,*58  "
20680780103952,1788550626951,"$PSMSG,magcal=PASS,bluesky=0*00 "
20681768577285,1788550627942,"$GPGSV,3,1,12,05,02,189,23,06,64,030,32,11,74,236,35,12,31,320,36,1*62  "
20681768944681,1788550627942,"$GPGSV,3,2,12,13,00,000,36,14,15,131,31,17,21,067,35,19,46,039,31,1*61  "
20681769473119,1788550627942,"$GPGSV,3,3,12,21,24,163,38,22,36,122,39,24,35,253,46,40,00,000,40,1*65  "
20681769972650,1788550627942,"$GPGSV,2,1,05,06,64,030,31,11,74,236,24,14,15,131,28,21,24,163,34,8*62  "
20681770338171,1788550627942,"$GPGSV,2,2,05,24,35,253,37,8*58  "
20681770551035,1788550627942,"$GLGSV,2,1,06,10,00,000,31,09,73,164,34,16,16,151,37,20,63,299,43,1*74  "
20681772277494,1788550627942,"$GLGSV,2,2,06,19,34,024,38,21,30,247,46,1*7F  "
20681772304213,1788550627942,"$GAGSV,2,1,08,02,60,096,31,15,33,213,39,18,62,017,29,25,10,122,23,7*79  "
20681772317858,1788550627942,"$GAGSV,2,2,08,27,09,313,16,30,54,332,36,34,86,155,32,36,37,039,34,7*71  "
20681772329785,1788550627942,"$GAGSV,2,1,07,02,60,096,33,15,33,213,24,18,62,017,29,25,10,122,22,1*7F  "
20681772695202,1788550627942,"$GAGSV,2,2,07,30,54,332,28,34,86,155,25,36,37,039,27,1*49  "
20681773635358,1788550627942,"$GQGSV,1,1,02,02,23,100,30,03,32,061,30,1*60  "
20681773667233,1788550627942,"$GQGSV,1,1,02,02,23,100,27,03,32,061,27,8*69  "
20681774337963,1788550627942,"$GBGSV,5,1,19,42,08,091,24,38,53,026,38,37,40,310,38,34,03,058,23,1*79  "
20681774364369,1788550627942,"$GBGSV,5,2,19,33,06,141,28,28,53,277,42,27,14,251,46,25,29,159,37,1*78  "
20681774377650,1788550627942,"$GBGSV,5,3,19,23,71,208,37,14,04,069,24,13,66,337,40,10,13,164,28,1*72  "
20681774509733,1788550627942,"$GBGSV,5,4,19,09,26,145,36,08,37,051,36,07,03,161,26,06,34,118,37,1*71  "
20681774672025,1788550627942,"$GBGSV,5,5,19,03,40,128,35,02,54,175,34,01,16,104,31,1*42  "
20681774938379,1788550627942,"$GBGSV,2,1,08,23,71,208,34,25,29,159,35,27,14,251,42,28,53,277,36,3*79  "
20681775108640,1788550627942,"$GBGSV,2,2,08,33,06,141,25,37,40,310,37,38,53,026,35,42,08,091,22,3*76  "
20681775356244,1788550627942,"$GBGSV,2,1,08,23,71,208,25,25,29,159,29,27,14,251,34,28,53,277,33,5*76  "
20681775786765,1788550627942,"$GBGSV,2,2,08,33,06,141,22,37,40,310,33,38,53,026,30,42,08,091,21,5*75  "
20681778293744,1788550627952,"$GNGSA,A,3,06,11,12,14,17,19,21,22,24,,,,0.6,0.4,0.5,1*3D  "
20681778572285,1788550627952,"$PSSGR,GSA,A,3,06,11,14,21,24,,,,,,,,0.6,0.4,0.5,1,8*44  "
20681778787546,1788550627952,"$GNGSA,A,3,80,83,85,,,,,,,,,,0.6,0.4,0.5,2*3B  "
20681778813848,1788550627952,"$GNGSA,A,3,02,15,18,25,30,34,36,,,,,,0.6,0.4,0.5,3*3D  "
20681779467650,1788550627952,"$PSSGR,GSA,A,3,302,315,318,325,330,334,336,,,,,,0.6,0.4,0.5,3,1*73  "
20681779480879,1788550627952,"$GNGSA,A,3,01,02,06,08,09,10,13,23,25,27,28,37,0.6,0.4,0.5,4*39  "
20681779488796,1788550627952,"$PSSGR,GSA,A,3,223,225,227,228,237,238,242,,,,,,0.6,0.4,0.5,4,5*78  "
20681779763640,1788550627952,"$GNGSA,A,3,02,03,,,,,,,,,,,0.6,0.4,0.5,5*33  "
20681779984265,1788550627952,"$PSSGR,GSA,A,3,194,195,,,,,,,,,,,0.6,0.4,0.5,5,8*47  "
20681780205098,1788550627952,"$GNVTG,206.5,T,205.2,M,6.8,N,12.7,K,A*03  "
20681780533119,1788550627952,"$GNDTM,W84,,0000.000000,N,00000.000000,E,0.000,W84*41  "
20681780654629,1788550627952,"$GNRMC,193708.00,A,2831.353464,N,07734.436779,E,6.8,206.5,040926,1.3,E,A,V*55  "
20681781018952,1788550627952,"$GNGNS,193708.00,2831.353464,N,07734.436779,E,AAAAAN,35,0.4,208.8,-54.0,,,V*01  "
20681781109317,1788550627952,"$GNGGA,193708.00,2831.353464,N,07734.436779,E,1,12,0.4,208.8,M,-54.0,M,,*5B  "
20681781300463,1788550627955,"$PSMSG,magcal=PASS,bluesky=0*00 "
20682766407389,1788550628939,"$GPGSV,3,1,12,05,02,189,23,06,64,030,31,11,74,236,35,12,31,320,37,1*60  "
20682766438379,1788550628939,"$GPGSV,3,2,12,13,00,000,37,14,15,131,31,17,21,067,33,19,46,039,33,1*64  "
20682766451348,1788550628939,"$GPGSV,3,3,12,21,24,163,33,22,36,122,40,24,35,253,44,40,00,000,39,1*6C  "
20682766549525,1788550628939,"$GPGSV,2,1,05,06,64,030,30,11,74,236,26,14,15,131,24,21,24,163,32,8*6B  "
20682766675827,1788550628939,"$GPGSV,2,2,05,24,35,253,35,8*5A  "
20682767016348,1788550628939,"$GLGSV,2,1,06,10,00,000,31,09,73,164,34,16,16,151,32,20,63,299,41,1*73  "
20682767238275,1788550628939,"$GLGSV,2,2,06,19,34,024,38,21,30,247,46,1*7F  "
20682767872441,1788550628939,"$GAGSV,2,1,08,02,60,096,30,15,33,213,38,18,62,017,26,25,10,122,24,7*71  "
20682768083535,1788550628939,"$GAGSV,2,2,08,27,09,313,16,30,54,332,36,34,86,155,32,36,37,039,35,7*70  "
20682768255098,1788550628939,"$GAGSV,2,1,07,02,60,096,33,15,33,213,24,18,62,017,27,25,10,122,20,1*73  "
20682768433327,1788550628939,"$GAGSV,2,2,07,30,54,332,26,34,86,155,26,36,37,039,27,1*44  "
20682768604212,1788550628939,"$GQGSV,1,1,02,02,23,100,36,03,32,061,34,1*62  "
20682768911191,1788550628939,"$GQGSV,1,1,02,02,23,100,28,03,32,061,29,8*68  "
20682769145045,1788550628939,"$GBGSV,5,1,18,42,08,091,26,38,53,026,36,37,40,310,38,34,03,058,23,1*74  "
20682769576087,1788550628939,"$GBGSV,5,2,18,33,06,141,32,28,53,277,40,27,14,251,46,25,29,159,37,1*70  "
20682769891243,1788550628939,"$GBGSV,5,3,18,23,71,208,38,13,66,337,38,10,13,164,26,09,26,145,34,1*7F  "
20682770136556,1788550628939,"$GBGSV,5,4,18,08,37,051,35,07,03,161,26,06,34,118,35,03,40,128,39,1*7F  "
20682770571556,1788550628939,"$GBGSV,5,5,18,02,54,175,35,01,16,104,33,1*7A  "
20682770919160,1788550628939,"$GBGSV,2,1,08,23,71,208,36,25,29,159,35,27,14,251,42,28,53,277,36,3*7B  "
20682771160618,1788550628939,"$GBGSV,2,2,08,33,06,141,28,37,40,310,36,38,53,026,34,42,08,091,21,3*78  "
20682771254733,1788550628939,"$GBGSV,2,1,08,23,71,208,25,25,29,159,32,27,14,251,33,28,53,277,34,5*7C  "
20682771578014,1788550628939,"$GBGSV,2,2,08,33,06,141,22,37,40,310,30,38,53,026,29,42,08,091,21,5*7E  "
20682775762441,1788550628949,"$GNGSA,A,3,06,11,12,14,17,19,21,22,24,,,,0.6,0.4,0.5,1*3D  "
20682775801504,1788550628949,"$PSSGR,GSA,A,3,06,11,14,21,24,,,,,,,,0.6,0.4,0.5,1,8*44  "
20682776118223,1788550628949,"$GNGSA,A,3,80,83,85,,,,,,,,,,0.6,0.4,0.5,2*3B  "
20682776133327,1788550628949,"$GNGSA,A,3,02,15,18,25,30,34,36,,,,,,0.6,0.4,0.5,3*3D  "
20682776385723,1788550628949,"$PSSGR,GSA,A,3,302,315,318,325,330,334,336,,,,,,0.6,0.4,0.5,3,1*73  "
20682776523952,1788550628949,"$GNGSA,A,3,01,02,06,08,09,10,13,23,25,27,28,37,0.6,0.4,0.5,4*39  "
20682777122181,1788550628949,"$PSSGR,GSA,A,3,223,225,227,228,237,238,242,,,,,,0.6,0.4,0.5,4,5*78  "
20682777219837,1788550628949,"$GNGSA,A,3,02,03,,,,,,,,,,,0.6,0.4,0.5,5*33  "
20682777353900,1788550628949,"$PSSGR,GSA,A,3,194,195,,,,,,,,,,,0.6,0.4,0.5,5,8*47  "
20682777375410,1788550628949,"$GNVTG,206.8,T,205.5,M,7.3,N,13.4,K,A*01  "
20682777381139,1788550628949,"$GNDTM,W84,,0000.000000,N,00000.000000,E,0.000,W84*41  "
20682777774941,1788550628949,"$GNRMC,193709.00,A,2831.351720,N,07734.435731,E,7.3,206.8,040926,1.3,E,A,V*5D  "
20682778000358,1788550628949,"$GNGNS,193709.00,2831.351720,N,07734.435731,E,AAAAAN,35,0.4,208.6,-54.0,,,V*00  "
20682778495306,1788550628949,"$GNGGA,193709.00,2831.351720,N,07734.435731,E,1,12,0.4,208.6,M,-54.0,M,,*5A  "
20682778689941,1788550628952,"$PSMSG,magcal=PASS,bluesky=0*00 "
20683766122181,1788550629939,"$GPGSV,3,1,12,05,02,189,23,06,64,030,30,11,74,236,37,12,31,320,41,1*62  "
20683766649628,1788550629939,"$GPGSV,3,2,12,13,00,000,38,14,15,131,36,17,21,067,31,19,46,039,32,1*6F  "
20683767275931,1788550629939,"$GPGSV,3,3,12,21,24,163,35,22,36,122,35,24,35,253,43,40,00,000,37,1*61  "
20683767407076,1788550629939,"$GPGSV,2,1,05,06,64,030,29,11,74,236,29,14,15,131,24,21,24,163,32,8*6C  "
20683767842597,1788550629939,"$GPGSV,2,2,05,24,35,253,35,8*5A  "
20683768131712,1788550629939,"$GLGSV,2,1,06,10,00,000,34,09,73,164,32,16,16,151,33,20,63,299,41,1*71  "
20683768761868,1788550629939,"$GLGSV,2,2,06,19,34,024,36,21,30,247,42,1*75  "
20683768992233,1788550629939,"$GAGSV,2,1,08,02,60,096,33,15,33,213,36,18,62,017,29,25,10,122,28,7*7F  "
20683769307233,1788550629939,"$GAGSV,2,2,08,27,09,313,16,30,54,332,39,34,86,155,30,36,37,039,28,7*71  "
20683769779524,1788550629939,"$GAGSV,2,1,07,02,60,096,29,15,33,213,23,18,62,017,25,25,10,122,22,1*7F  "
20683770375306,1788550629939,"$GAGSV,2,2,07,30,54,332,31,34,86,155,26,36,37,039,25,1*40  "
20683770575878,1788550629939,"$GQGSV,1,1,02,02,23,100,29,03,32,061,27,1*6E  "
20683771559681,1788550629939,"$GQGSV,1,1,02,02,23,100,23,03,32,061,25,8*6F  "
20683772106868,1788550629939,"$GBGSV,4,1,16,42,08,091,23,38,53,026,35,37,40,310,41,33,06,141,30,1*7A  "
20683772130826,1788550629939,"$GBGSV,4,2,16,28,53,277,40,27,14,251,48,25,29,159,34,23,71,208,40,1*78  "
20683772866920,1788550629939,"$GBGSV,4,3,16,13,66,337,38,10,13,164,27,09,26,145,34,08,37,051,33,1*7F  "
20683772911243,1788550629939,"$GBGSV,4,4,16,06,34,118,33,03,40,128,34,02,54,175,35,01,16,104,33,1*76  "
20683773216399,1788550629939,"$GBGSV,2,1,08,23,71,208,38,25,29,159,34,27,14,251,46,28,53,277,37,3*71  "
20683773550722,1788550629939,"$GBGSV,2,2,08,33,06,141,28,37,40,310,40,38,53,026,32,42,08,091,23,3*7D  "
20683774039941,1788550629939,"$GBGSV,2,1,08,23,71,208,28,25,29,159,26,27,14,251,34,28,53,277,33,5*74  "
20683774061868,1788550629939,"$GBGSV,2,2,08,33,06,141,22,37,40,310,35,38,53,026,30,42,08,091,21,5*73  "
20683776784889,1788550629950,"$GNGSA,A,3,06,11,12,14,17,19,21,22,24,,,,0.6,0.4,0.5,1*3D  "
20683777771920,1788550629950,"$PSSGR,GSA,A,3,06,11,14,21,24,,,,,,,,0.6,0.4,0.5,1,8*44  "
20683777794056,1788550629950,"$GNGSA,A,3,80,83,85,,,,,,,,,,0.6,0.4,0.5,2*3B  "
20683777799785,1788550629950,"$GNGSA,A,3,02,15,18,25,30,34,36,,,,,,0.6,0.4,0.5,3*3D  "
20683777805045,1788550629950,"$PSSGR,GSA,A,3,302,315,318,325,330,334,336,,,,,,0.6,0.4,0.5,3,1*73  "
20683777810253,1788550629950,"$GNGSA,A,3,01,02,06,08,09,10,13,23,25,27,28,37,0.6,0.4,0.5,4*39  "
20683777815462,1788550629950,"$PSSGR,GSA,A,3,223,225,227,228,237,238,242,,,,,,0.6,0.4,0.5,4,5*78  "
20683778117389,1788550629950,"$GNGSA,A,3,02,03,,,,,,,,,,,0.6,0.4,0.5,5*33  "
20683778123483,1788550629950,"$PSSGR,GSA,A,3,194,195,,,,,,,,,,,0.6,0.4,0.5,5,8*47  "
20683778254993,1788550629950,"$GNVTG,215.5,T,214.2,M,8.1,N,15.0,K,A*06  "
20683778328274,1788550629950,"$GNDTM,W84,,0000.000000,N,00000.000000,E,0.000,W84*41  "
20683778863014,1788550629950,"$GNRMC,193710.00,A,2831.349926,N,07734.434355,E,8.1,215.5,040926,1.3,E,A,V*51  "
20683778886243,1788550629950,"$GNGNS,193710.00,2831.349926,N,07734.434355,E,AAAAAN,35,0.4,208.7,-54.0,,,V*0F  "
20683779047649,1788550629950,"$GNGGA,193710.00,2831.349926,N,07734.434355,E,1,12,0.4,208.7,M,-54.0,M,,*55  "
20683779291347,1788550629953,"$PSMSG,magcal=PASS,bluesky=0*00 "
20684766517284,1788550630940,"$GPGSV,3,1,12,05,02,189,23,06,64,030,30,11,74,236,37,12,31,320,43,1*60  "
20684766949524,1788550630940,"$GPGSV,3,2,12,13,00,000,37,14,15,131,33,17,21,067,29,19,46,039,33,1*6D  "
20684767127909,1788550630940,"$GPGSV,3,3,12,21,24,163,31,22,36,122,35,24,35,253,44,40,00,000,35,1*60  "
20684769025670,1788550630940,"$GPGSV,2,1,05,06,64,030,27,11,74,236,28,14,15,131,32,21,24,163,22,8*65  "
20684769054316,1788550630940,"$GPGSV,2,2,05,24,35,253,33,8*5C  "
20684769066399,1788550630940,"$GLGSV,2,1,06,10,00,000,32,09,73,164,32,16,16,151,25,20,63,299,39,1*7F  "
20684769087649,1788550630940,"$GLGSV,2,2,06,19,34,024,35,21,30,247,39,1*7A  "
20684769191243,1788550630940,"$GAGSV,2,1,08,02,60,096,26,15,33,213,36,18,62,017,27,25,10,122,27,7*7A  "
20684769603326,1788550630940,"$GAGSV,2,2,08,27,09,313,16,30,54,332,39,34,86,155,34,36,37,039,29,7*74  "
20684770355357,1788550630940,"$GAGSV,2,1,07,02,60,096,26,15,33,213,23,18,62,017,26,25,10,122,26,1*77  "
20684770487232,1788550630940,"$GAGSV,2,2,07,30,54,332,30,34,86,155,28,36,37,039,21,1*4B  "
20684770870149,1788550630940,"$GQGSV,1,1,02,02,23,100,29,03,32,061,29,1*60  "
20684771133795,1788550630940,"$GQGSV,1,1,02,02,23,100,28,03,32,061,31,8*61  "
20684771373066,1788550630940,"$GBGSV,4,1,16,42,08,091,27,38,53,026,37,37,40,310,41,33,06,141,25,1*78  "
20684771883378,1788550630940,"$GBGSV,4,2,16,28,53,277,41,27,14,251,48,25,29,159,33,23,71,208,39,1*70  "
20684772053899,1788550630940,"$GBGSV,4,3,16,13,66,337,41,10,13,164,24,09,26,145,32,08,37,051,33,1*74  "
20684772433638,1788550630940,"$GBGSV,4,4,16,06,34,118,33,03,40,128,34,02,54,175,32,01,16,104,32,1*70  "
20684772668795,1788550630940,"$GBGSV,2,1,08,23,71,208,37,25,29,159,32,27,14,251,47,28,53,277,38,3*76  "
20684772926816,1788550630940,"$GBGSV,2,2,08,33,06,141,24,37,40,310,40,38,53,026,33,42,08,091,25,3*76  "
20684773236191,1788550630940,"$GBGSV,2,1,08,23,71,208,23,25,29,159,26,27,14,251,34,28,53,277,32,5*7E  "
20684773475201,1788550630940,"$GBGSV,2,2,08,33,06,141,22,37,40,310,36,38,53,026,29,42,08,091,22,5*7B  "
20684777246816,1788550630950,"$GNGSA,A,3,06,11,12,14,17,19,21,22,24,,,,0.6,0.4,0.5,1*3D  "
20684777269420,1788550630950,"$PSSGR,GSA,A,3,06,11,14,21,24,,,,,,,,0.6,0.4,0.5,1,8*44  "
20684777279576,1788550630950,"$GNGSA,A,3,80,83,85,,,,,,,,,,0.6,0.4,0.5,2*3B  "
20684777360409,1788550630950,"$GNGSA,A,3,02,15,18,25,30,34,36,,,,,,0.6,0.4,0.5,3*3D  "
20684778336347,1788550630950,"$PSSGR,GSA,A,3,302,315,318,325,330,334,336,,,,,,0.6,0.4,0.5,3,1*73  "
20684778350305,1788550630950,"$GNGSA,A,3,01,02,06,08,09,10,13,23,25,27,28,37,0.6,0.4,0.5,4*39  "
20684778584420,1788550630950,"$PSSGR,GSA,A,3,223,225,227,228,237,238,242,,,,,,0.6,0.4,0.5,4,5*78  "
20684778627128,1788550630950,"$GNGSA,A,3,02,03,,,,,,,,,,,0.6,0.4,0.5,5*33  "
20684778650826,1788550630950,"$PSSGR,GSA,A,3,194,195,,,,,,,,,,,0.6,0.4,0.5,5,8*47  "
20684778872545,1788550630950,"$GNVTG,223.6,T,222.3,M,8.2,N,15.2,K,A*05  "
20684779095409,1788550630950,"$GNDTM,W84,,0000.000000,N,00000.000000,E,0.000,W84*41  "
20684779116138,1788550630950,"$GNRMC,193711.00,A,2831.348295,N,07734.432558,E,8.2,223.6,040926,1.3,E,A,V*5A  "
20684779276243,1788550630950,"$GNGNS,193711.00,2831.348295,N,07734.432558,E,AAAAAN,35,0.4,208.9,-54.0,,,V*0F  "
20684779420409,1788550630950,"$GNGGA,193711.00,2831.348295,N,07734.432558,E,1,12,0.4,208.9,M,-54.0,M,,*55  "
20684779609680,1788550630953,"$PSMSG,magcal=PASS,bluesky=0*00 "
20685764123482,1788550631938,"$GPGSV,3,1,12,05,02,189,23,06,64,030,30,11,74,236,37,12,31,320,38,1*6C  "
20685764838742,1788550631938,"$GPGSV,3,2,12,13,00,000,38,14,15,131,33,17,21,067,30,19,46,039,30,1*69  "
20685764970253,1788550631938,"$GPGSV,3,3,12,21,24,163,33,22,36,122,35,24,35,253,42,40,00,000,37,1*66  "
20685765435721,1788550631938,"$GPGSV,2,1,05,06,64,030,29,11,74,236,27,14,15,131,23,21,24,163,25,8*63  "
20685765611815,1788550631938,"$GPGSV,2,2,05,24,35,253,34,8*5B  "
20685766340357,1788550631938,"$GLGSV,2,1,06,10,00,000,32,09,73,164,31,16,16,151,29,20,63,299,41,1*7F  "
20685766538273,1788550631938,"$GLGSV,2,2,06,19,34,024,33,21,30,247,38,1*7D  "
20685766943273,1788550631938,"$GAGSV,2,1,08,02,60,096,27,15,33,213,39,18,62,017,27,25,10,122,29,7*7A  "
20685767148951,1788550631938,"$GAGSV,2,2,08,27,09,313,16,30,54,332,40,34,86,155,33,36,37,039,28,7*7C  "
20685767749680,1788550631938,"$GAGSV,2,1,07,02,60,096,22,15,33,213,26,18,62,017,26,25,10,122,25,1*75  "
20685767797701,1788550631938,"$GAGSV,2,2,07,30,54,332,30,34,86,155,27,36,37,039,21,1*44  "
20685768875253,1788550631938,"$GQGSV,1,1,02,02,23,100,29,03,32,061,26,1*6F  "
20685768904784,1788550631938,"$GQGSV,1,1,02,02,23,100,23,03,32,061,21,8*6B  "
20685768919367,1788550631938,"$GBGSV,5,1,17,42,08,091,24,38,53,026,36,37,40,310,31,34,03,058,21,1*72  "
20685768931451,1788550631938,"$GBGSV,5,2,17,33,06,141,25,28,53,277,42,27,14,251,46,25,29,159,34,1*78  "
20685768941555,1788550631938,"$GBGSV,5,3,17,23,71,208,40,13,66,337,40,10,13,164,26,09,26,145,30,1*74  "
20685769125513,1788550631938,"$GBGSV,5,4,17,08,37,051,29,06,34,118,33,03,40,128,32,02,54,175,32,1*77  "
20685769689888,1788550631938,"$GBGSV,5,5,17,01,16,104,35,1*45  "
20685770049263,1788550631938,"$GBGSV,2,1,08,23,71,208,38,25,29,159,33,27,14,251,43,28,53,277,39,3*7D  "
20685770436763,1788550631938,"$GBGSV,2,2,08,33,06,141,24,37,40,310,30,38,53,026,33,42,08,091,25,3*71  "
20685770924211,1788550631938,"$GBGSV,2,1,08,23,71,208,24,25,29,159,23,27,14,251,32,28,53,277,32,5*7A  "
20685771158534,1788550631938,"$GBGSV,2,2,08,33,06,141,19,37,40,310,29,38,53,026,27,42,08,091,22,5*73  "
20685776104992,1788550631948,"$GNGSA,A,3,06,11,12,14,17,19,21,22,24,,,,0.6,0.4,0.5,1*3D  "
20685776122336,1788550631948,"$PSSGR,GSA,A,3,06,11,14,21,24,,,,,,,,0.6,0.4,0.5,1,8*44  "
20685776129419,1788550631948,"$GNGSA,A,3,80,83,85,,,,,,,,,,0.6,0.4,0.5,2*3B  "
20685776135461,1788550631948,"$GNGSA,A,3,02,15,18,25,30,34,36,,,,,,0.6,0.4,0.5,3*3D  "
20685776889419,1788550631948,"$PSSGR,GSA,A,3,302,315,318,325,330,334,336,,,,,,0.6,0.4,0.5,3,1*73  "
20685776903534,1788550631948,"$GNGSA,A,3,01,02,06,08,09,10,13,23,25,27,28,37,0.6,0.4,0.5,4*39  "
20685777074315,1788550631948,"$PSSGR,GSA,A,3,223,225,227,228,237,238,242,,,,,,0.6,0.4,0.5,4,5*78  "
20685777087596,1788550631948,"$GNGSA,A,3,02,03,,,,,,,,,,,0.6,0.4,0.5,5*33  "
20685777770096,1788550631948,"$PSSGR,GSA,A,3,194,195,,,,,,,,,,,0.6,0.4,0.5,5,8*47  "
20685777789263,1788550631948,"$GNVTG,225.2,T,223.9,M,7.9,N,14.7,K,A*0C  "
20685777803690,1788550631948,"$GNDTM,W84,,0000.000000,N,00000.000000,E,0.000,W84*41  "
20685777811451,1788550631948,"$GNRMC,193712.00,A,2831.346756,N,07734.430723,E,7.9,225.2,040926,1.3,E,A,V*57  "
20685778090305,1788550631948,"$GNGNS,193712.00,2831.346756,N,07734.430723,E,AAAAAN,35,0.4,209.0,-54.0,,,V*0C  "
20685778157180,1788550631948,"$GNGGA,193712.00,2831.346756,N,07734.430723,E,1,12,0.4,209.0,M,-54.0,M,,*56  "
20685778443326,1788550631952,"$PSMSG,magcal=PASS,bluesky=0*00 "
20686765168325,1788550632938,"$GPGSV,3,1,12,05,02,189,23,06,64,030,30,11,74,236,36,12,31,320,27,1*63  "
20686765199106,1788550632938,"$GPGSV,3,2,12,13,00,000,27,14,15,131,34,17,21,067,27,19,46,039,34,1*62  "
20686765436971,1788550632938,"$GPGSV,3,3,12,21,24,163,33,22,36,122,34,24,35,253,40,40,00,000,39,1*6B  "
20686766178846,1788550632938,"$GPGSV,2,1,05,06,64,030,30,11,74,236,28,14,15,131,23,21,24,163,28,8*69  "
20686767413429,1788550632938,"$GPGSV,2,2,05,24,35,253,31,8*5E  "
20686768384992,1788550632938,"$GLGSV,2,1,06,10,00,000,32,09,73,164,33,16,16,151,32,20,63,299,40,1*76  "
20686768405877,1788550632938,"$GLGSV,2,2,06,19,34,024,32,21,30,247,40,1*73  "
20686768417804,1788550632938,"$GAGSV,2,1,08,02,60,096,33,15,33,213,36,18,62,017,27,25,10,122,27,7*7E  "
20686768440044,1788550632938,"$GAGSV,2,2,08,27,09,313,16,30,54,332,41,34,86,155,30,36,37,039,26,7*70  "
20686768694315,1788550632938,"$GAGSV,2,1,07,02,60,096,27,15,33,213,25,18,62,017,27,25,10,122,27,1*70  "
20686768942544,1788550632938,"$GAGSV,2,2,07,30,54,332,29,34,86,155,26,36,37,039,20,1*4C  "
20686769132388,1788550632938,"$GQGSV,1,1,02,02,23,100,31,03,32,061,25,1*65  "
20686769311138,1788550632938,"$GQGSV,1,1,02,02,23,100,23,03,32,061,22,8*68  "
20686769515669,1788550632938,"$GBGSV,5,1,18,42,08,091,26,38,53,026,38,37,40,310,31,34,03,058,21,1*71  "
20686769756398,1788550632938,"$GBGSV,5,2,18,33,06,141,24,28,53,277,43,27,14,251,46,25,29,159,36,1*75  "
20686770008794,1788550632938,"$GBGSV,5,3,18,23,71,208,41,13,66,337,42,10,13,164,26,09,26,145,31,1*79  "
20686770529002,1788550632938,"$GBGSV,5,4,18,08,37,051,28,07,03,161,23,06,34,118,31,03,40,128,32,1*79  "
20686770549419,1788550632938,"$GBGSV,5,5,18,02,54,175,32,01,16,104,35,1*7B  "
20686770979575,1788550632938,"$GBGSV,2,1,08,23,71,208,39,25,29,159,32,27,14,251,43,28,53,277,41,3*72  "
20686771464784,1788550632938,"$GBGSV,2,2,08,33,06,141,20,37,40,310,29,38,53,026,34,42,08,091,21,3*7E  "
20686771738169,1788550632938,"$GBGSV,2,1,08,23,71,208,24,25,29,159,29,27,14,251,33,28,53,277,30,5*73  "
20686772072023,1788550632938,"$GBGSV,2,2,08,33,06,141,19,37,40,310,26,38,53,026,30,42,08,091,22,5*7A  "
20686775758690,1788550632949,"$GNGSA,A,3,06,11,12,14,17,19,21,22,24,,,,0.6,0.4,0.5,1*3D  "
20686775923898,1788550632949,"$PSSGR,GSA,A,3,06,11,14,21,24,,,,,,,,0.6,0.4,0.5,1,8*44  "
20686776187127,1788550632949,"$GNGSA,A,3,80,83,85,,,,,,,,,,0.6,0.4,0.5,2*3B  "
20686776208534,1788550632949,"$GNGSA,A,3,02,15,18,25,30,34,36,,,,,,0.6,0.4,0.5,3*3D  "
20686777244054,1788550632949,"$PSSGR,GSA,A,3,302,315,318,325,330,334,336,,,,,,0.6,0.4,0.5,3,1*73  "
20686777259106,1788550632949,"$GNGSA,A,3,01,02,06,08,09,10,13,23,25,27,28,37,0.6,0.4,0.5,4*39  "
20686777265877,1788550632949,"$PSSGR,GSA,A,3,223,225,227,228,237,238,242,,,,,,0.6,0.4,0.5,4,5*78  "
20686777272127,1788550632949,"$GNGSA,A,3,02,03,,,,,,,,,,,0.6,0.4,0.5,5*33  "
20686777322492,1788550632949,"$PSSGR,GSA,A,3,194,195,,,,,,,,,,,0.6,0.4,0.5,5,8*47  "
20686778022700,1788550632949,"$GNVTG,229.4,T,228.1,M,8.8,N,16.3,K,A*0D  "
20686778031711,1788550632949,"$GNDTM,W84,,0000.000000,N,00000.000000,E,0.000,W84*41  "
20686778038117,1788550632949,"$GNRMC,193713.00,A,2831.345201,N,07734.428678,E,8.8,229.4,040926,1.3,E,A,V*50  "
20686778048534,1788550632949,"$GNGNS,193713.00,2831.345201,N,07734.428678,E,AAAAAN,35,0.4,209.1,-54.0,,,V*0E  "
20686778864159,1788550632949,"$GNGGA,193713.00,2831.345201,N,07734.428678,E,1,12,0.4,209.1,M,-54.0,M,,*54  "
20686778881502,1788550632952,"$PSMSG,magcal=PASS,bluesky=0*00 "
20687770224106,1788550633943,"$GPGSV,3,1,12,05,02,189,23,06,64,030,32,11,74,236,37,12,31,320,26,1*61  "
20687770286554,1788550633943,"$GPGSV,3,2,12,13,00,000,26,14,15,131,31,17,21,067,26,19,46,039,34,1*67  "
20687770451450,1788550633943,"$GPGSV,3,3,12,21,24,163,33,22,36,122,32,24,35,253,41,40,00,000,40,1*62  "
20687771213741,1788550633943,"$GPGSV,2,1,05,06,64,030,27,11,74,236,31,14,15,131,20,21,24,163,30,8*6D  "
20687771247283,1788550633943,"$GPGSV,2,2,05,24,35,253,31,8*5E  "
20687771380877,1788550633943,"$GLGSV,2,1,06,10,00,000,32,09,73,164,33,16,16,151,33,20,63,299,40,1*77  "
20687771653846,1788550633943,"$GLGSV,2,2,06,19,34,024,32,21,30,247,39,1*7D  "
20687773918429,1788550633943,"$GAGSV,2,1,08,02,60,096,30,15,33,213,39,18,62,017,31,25,10,122,27,7*75  "
20687773950564,1788550633943,"$GAGSV,2,2,08,27,09,313,16,30,54,332,39,34,86,155,33,36,37,039,26,7*7C  "
20687773966450,1788550633943,"$GAGSV,2,1,07,02,60,096,27,15,33,213,28,18,62,017,26,25,10,122,25,1*7E  "
20687774359679,1788550633943,"$GAGSV,2,2,07,30,54,332,28,34,86,155,29,36,37,039,20,1*42  "
20687774398221,1788550633943,"$GQGSV,1,1,02,02,23,100,35,03,32,061,29,1*6D  "
20687774415408,1788550633943,"$GQGSV,1,1,02,02,23,100,25,03,32,061,22,8*6E  "
20687774761971,1788550633943,"$GBGSV,4,1,15,42,08,091,30,38,53,026,37,37,40,310,31,28,53,277,42,1*77  "
20687774986137,1788550633943,"$GBGSV,4,2,15,27,14,251,49,25,29,159,33,23,71,208,41,13,66,337,41,1*76  "
20687775254158,1788550633943,"$GBGSV,4,3,15,10,13,164,32,09,26,145,35,08,37,051,29,06,34,118,28,1*7F  "
20687775701398,1788550633943,"$GBGSV,4,4,15,03,40,128,32,02,54,175,35,01,16,104,33,1*4A  "
20687775812283,1788550633943,"$GBGSV,2,1,08,23,71,208,38,25,29,159,31,27,14,251,45,28,53,277,39,3*79  "
20687776081450,1788550633943,"$GBGSV,2,2,08,33,06,141,20,37,40,310,28,38,53,026,33,42,08,091,27,3*7E  "
20687776276814,1788550633943,"$GBGSV,2,1,08,23,71,208,25,25,29,159,27,27,14,251,32,28,53,277,30,5*7D  "
20687776500460,1788550633943,"$GBGSV,2,2,08,33,06,141,19,37,40,310,25,38,53,026,27,42,08,091,18,5*76  "
20687780163325,1788550633954,"$GNGSA,A,3,06,11,12,14,17,19,21,22,24,,,,0.6,0.4,0.5,1*3D  "
20687780404314,1788550633954,"$PSSGR,GSA,A,3,06,11,14,21,24,,,,,,,,0.6,0.4,0.5,1,8*44  "
20687780729887,1788550633954,"$GNGSA,A,3,80,83,85,,,,,,,,,,0.6,0.4,0.5,2*3B  "
20687781203064,1788550633954,"$GNGSA,A,3,02,15,18,25,30,34,36,,,,,,0.6,0.4,0.5,3*3D  "
20687781480460,1788550633954,"$PSSGR,GSA,A,3,302,315,318,325,330,334,336,,,,,,0.6,0.4,0.5,3,1*73  "
20687781869887,1788550633954,"$GNGSA,A,3,01,02,06,08,09,10,13,23,25,27,28,37,0.6,0.4,0.5,4*39  "
20687782060773,1788550633954,"$PSSGR,GSA,A,3,223,225,227,228,237,238,242,,,,,,0.6,0.4,0.5,4,5*78  "
20687782260044,1788550633954,"$GNGSA,A,3,02,03,,,,,,,,,,,0.6,0.4,0.5,5*33  "
20687782478898,1788550633954,"$PSSGR,GSA,A,3,194,195,,,,,,,,,,,0.6,0.4,0.5,5,8*47  "
20687782722179,1788550633954,"$GNVTG,237.6,T,236.3,M,8.9,N,16.6,K,A*09  "
20687783103377,1788550633954,"$GNDTM,W84,,0000.000000,N,00000.000000,E,0.000,W84*41  "
20687783219939,1788550633954,"$GNRMC,193714.00,A,2831.343846,N,07734.426331,E,8.9,237.6,040926,1.3,E,A,V*52  "
20687783376919,1788550633954,"$GNGNS,193714.00,2831.343846,N,07734.426331,E,AAAAAN,35,0.4,209.1,-54.0,,,V*00  "
20687783517596,1788550633954,"$GNGGA,193714.00,2831.343846,N,07734.426331,E,1,12,0.4,209.1,M,-54.0,M,,*5A  "
20687783676033,1788550633957,"$PSMSG,magcal=PASS,bluesky=0*00 "
20688768241606,1788550634941,"$GPGSV,3,1,12,05,02,189,23,06,64,030,33,11,74,236,36,12,31,320,31,1*67  "
20688769315877,1788550634941,"$GPGSV,3,2,12,13,00,000,27,14,15,131,31,17,21,067,28,19,46,039,36,1*6A  "
20688769808012,1788550634941,"$GPGSV,3,3,12,21,24,163,36,22,36,122,33,24,35,253,43,40,00,000,42,1*66  "
20688769840095,1788550634941,"$GPGSV,2,1,05,06,64,030,28,11,74,236,27,14,15,131,22,21,24,163,34,8*63  "
20688771228272,1788550634941,"$GPGSV,2,2,05,24,35,253,31,8*5E  "
20688771251449,1788550634941,"$GLGSV,2,1,06,10,00,000,30,09,73,164,35,16,16,151,34,20,63,299,42,1*76  "
20688771540304,1788550634941,"$GLGSV,2,2,06,19,34,024,34,21,30,247,40,1*75  "
20688771555981,1788550634941,"$GAGSV,2,1,08,02,60,096,29,15,33,213,39,18,62,017,35,25,10,122,25,7*7B  "
20688772540616,1788550634941,"$GAGSV,2,2,08,27,09,313,16,30,54,332,37,34,86,155,32,36,37,039,29,7*7C  "
20688772958533,1788550634941,"$GAGSV,2,1,07,02,60,096,28,15,33,213,26,18,62,017,26,25,10,122,21,1*7B  "
20688772987074,1788550634941,"$GAGSV,2,2,07,30,54,332,32,34,86,155,27,36,37,039,23,1*44  "
20688773595929,1788550634941,"$GQGSV,1,1,02,02,23,100,32,03,32,061,33,1*61  "
20688773615772,1788550634941,"$GQGSV,1,1,02,02,23,100,28,03,32,061,24,8*65  "
20688773829574,1788550634941,"$GBGSV,4,1,16,42,08,091,28,38,53,026,38,37,40,310,36,33,06,141,26,1*7B  "
20688774449835,1788550634941,"$GBGSV,4,2,16,28,53,277,41,27,14,251,49,25,29,159,35,23,71,208,41,1*78  "
20688774480981,1788550634941,"$GBGSV,4,3,16,13,66,337,42,10,13,164,29,09,26,145,31,08,37,051,30,1*7A  "
20688774493272,1788550634941,"$GBGSV,4,4,16,06,34,118,30,03,40,128,37,02,54,175,34,01,16,104,33,1*77  "
20688774951085,1788550634941,"$GBGSV,2,1,08,23,71,208,39,25,29,159,32,27,14,251,47,28,53,277,39,3*79  "
20688774971449,1788550634941,"$GBGSV,2,2,08,33,06,141,20,37,40,310,36,38,53,026,35,42,08,091,28,3*78  "
20688774980460,1788550634941,"$GBGSV,2,1,08,23,71,208,25,25,29,159,25,27,14,251,31,28,53,277,29,5*74  "
20688775068689,1788550634941,"$GBGSV,2,2,08,33,06,141,19,37,40,310,40,38,53,026,27,42,08,091,23,5*7D  "
20688778741970,1788550634952,"$GNGSA,A,3,06,11,12,14,17,19,21,22,24,,,,0.6,0.4,0.5,1*3D  "
20688778753429,1788550634952,"$PSSGR,GSA,A,3,06,11,14,21,24,,,,,,,,0.6,0.4,0.5,1,8*44  "
20688779794106,1788550634952,"$GNGSA,A,3,80,83,85,,,,,,,,,,0.6,0.4,0.5,2*3B  "
20688779809939,1788550634952,"$GNGSA,A,3,02,15,18,25,30,34,36,,,,,,0.6,0.4,0.5,3*3D  "
20688779817595,1788550634952,"$PSSGR,GSA,A,3,302,315,318,325,330,334,336,,,,,,0.6,0.4,0.5,3,1*73  "
20688779824262,1788550634952,"$GNGSA,A,3,01,02,06,08,09,10,13,23,25,27,28,37,0.6,0.4,0.5,4*39  "
20688779830772,1788550634952,"$PSSGR,GSA,A,3,223,225,227,228,237,238,242,,,,,,0.6,0.4,0.5,4,5*78  "
20688779836866,1788550634952,"$GNGSA,A,3,02,03,,,,,,,,,,,0.6,0.4,0.5,5*33  "
20688779846710,1788550634952,"$PSSGR,GSA,A,3,194,195,,,,,,,,,,,0.6,0.4,0.5,5,8*47  "
20688779853168,1788550634952,"$GNVTG,244.2,T,242.9,M,9.3,N,17.3,K,A*0F  "
20688780081241,1788550634952,"$GNDTM,W84,,0000.000000,N,00000.000000,E,0.000,W84*41  "
20688780235252,1788550634952,"$GNRMC,193715.00,A,2831.342745,N,07734.423691,E,9.3,244.2,040926,1.3,E,A,V*5F  "
20688780481137,1788550634952,"$GNGNS,193715.00,2831.342745,N,07734.423691,E,AAAAAN,35,0.4,209.1,-54.0,,,V*06  "
20688780572595,1788550634952,"$GNGGA,193715.00,2831.342745,N,07734.423691,E,1,12,0.4,209.1,M,-54.0,M,,*5C  "
20688780976137,1788550634954,"$PSMSG,magcal=PASS,bluesky=0*00 "
20689770388116,1788550635941,"$GPGSV,3,1,12,05,02,189,23,06,64,030,34,11,74,236,38,12,31,320,45,1*6D  "
20689772033064,1788550635941,"$GPGSV,3,2,12,13,00,000,41,14,15,131,32,17,21,067,32,19,46,039,36,1*62  "
20689772065251,1788550635941,"$GPGSV,3,3,12,21,24,163,32,22,36,122,33,24,35,253,43,40,00,000,40,1*60  "
20689772074730,1788550635941,"$GPGSV,2,1,05,06,64,030,29,11,74,236,31,14,15,131,25,21,24,163,31,8*67  "
20689772082334,1788550635941,"$GPGSV,2,2,05,24,35,253,30,8*5F  "
20689772087907,1788550635941,"$GLGSV,2,1,06,10,00,000,29,09,73,164,35,16,16,151,35,20,63,299,42,1*7F  "
20689772094470,1788550635941,"$GLGSV,2,2,06,19,34,024,33,21,30,247,40,1*72  "
20689772099991,1788550635941,"$GAGSV,2,1,08,02,60,096,33,15,33,213,41,18,62,017,35,25,10,122,24,7*7E  "
20689772110303,1788550635941,"$GAGSV,2,2,08,27,09,313,16,30,54,332,37,34,86,155,34,36,37,039,28,7*7B  "
20689772116866,1788550635941,"$GAGSV,2,1,07,02,60,096,29,15,33,213,29,18,62,017,25,25,10,122,22,1*75  "
20689772123584,1788550635941,"$GAGSV,2,2,07,30,54,332,33,34,86,155,30,36,37,039,24,1*44  "
20689772129626,1788550635941,"$GQGSV,1,1,02,02,23,100,32,03,32,061,32,1*60  "
20689772135147,1788550635941,"$GQGSV,1,1,02,02,23,100,30,03,32,061,22,8*6A  "
20689772140355,1788550635941,"$GBGSV,4,1,16,42,08,091,30,38,53,026,39,37,40,310,38,33,06,141,25,1*7E  "
20689772148897,1788550635941,"$GBGSV,4,2,16,28,53,277,41,27,14,251,49,25,29,159,32,23,71,208,44,1*7A  "
20689772155043,1788550635941,"$GBGSV,4,3,16,13,66,337,42,10,13,164,30,09,26,145,33,08,37,051,31,1*71  "
20689772565043,1788550635941,"$GBGSV,4,4,16,06,34,118,31,03,40,128,36,02,54,175,36,01,16,104,33,1*75  "
20689772577439,1788550635941,"$GBGSV,2,1,08,23,71,208,41,25,29,159,29,27,14,251,46,28,53,277,39,3*7D  "
20689774282282,1788550635941,"$GBGSV,2,2,08,33,06,141,23,37,40,310,37,38,53,026,36,42,08,091,25,3*74  "
20689774433793,1788550635941,"$GBGSV,2,1,08,23,71,208,25,25,29,159,26,27,14,251,28,28,53,277,32,5*75  "
20689774451241,1788550635941,"$GBGSV,2,2,08,33,06,141,18,37,40,310,40,38,53,026,20,42,08,091,25,5*7D  "
20689776531605,1788550635950,"$GNGSA,A,3,06,11,12,14,17,19,21,22,24,,,,0.6,0.4,0.5,1*3D  "
20689777416137,1788550635950,"$PSSGR,GSA,A,3,06,11,14,21,24,,,,,,,,0.6,0.4,0.5,1,8*44  "
20689777437699,1788550635950,"$GNGSA,A,3,80,83,85,,,,,,,,,,0.6,0.4,0.5,2*3B  "
20689777965303,1788550635950,"$GNGSA,A,3,02,15,18,25,30,34,36,,,,,,0.6,0.4,0.5,3*3D  "
20689777979626,1788550635950,"$PSSGR,GSA,A,3,302,315,318,325,330,334,336,,,,,,0.6,0.4,0.5,3,1*73  "
20689778126553,1788550635950,"$GNGSA,A,3,01,02,06,08,09,10,13,23,25,27,28,37,0.6,0.4,0.5,4*39  "
20689778143480,1788550635950,"$PSSGR,GSA,A,3,223,225,227,228,237,238,242,,,,,,0.6,0.4,0.5,4,5*78  "
20689778152595,1788550635950,"$GNGSA,A,3,02,03,,,,,,,,,,,0.6,0.4,0.5,5*33  "
20689778159470,1788550635950,"$PSSGR,GSA,A,3,194,195,,,,,,,,,,,0.6,0.4,0.5,5,8*47  "
20689779446189,1788550635950,"$GNVTG,245.2,T,243.9,M,9.5,N,17.6,K,A*0C  "
20689779460512,1788550635950,"$GNDTM,W84,,0000.000000,N,00000.000000,E,0.000,W84*41  "
20689779466241,1788550635950,"$GNRMC,193716.00,A,2831.341727,N,07734.420946,E,9.5,245.2,040926,1.3,E,A,V*5A  "
20689779773064,1788550635950,"$GNGNS,193716.00,2831.341727,N,07734.420946,E,AAAAAN,35,0.4,208.8,-54.0,,,V*0C  "
20689779787178,1788550635950,"$GNGGA,193716.00,2831.341727,N,07734.420946,E,1,12,0.4,208.8,M,-54.0,M,,*56  "
20689779804522,1788550635953,"$PSMSG,magcal=PASS,bluesky=0*00 "
20690766558063,1788550636939,"$GPGSV,3,1,12,05,02,189,23,06,64,030,33,11,74,236,37,12,31,320,46,1*66  "
20690766587959,1788550636939,"$GPGSV,3,2,12,13,00,000,41,14,15,131,32,17,21,067,31,19,46,039,37,1*60  "
20690766852074,1788550636939,"$GPGSV,3,3,12,21,24,163,34,22,36,122,32,24,35,253,43,40,00,000,42,1*65  "
20690767127334,1788550636939,"$GPGSV,2,1,05,06,64,030,29,11,74,236,30,14,15,131,23,21,24,163,32,8*63  "
20690767424730,1788550636939,"$GPGSV,2,2,05,24,35,253,32,8*5D  "
20690768046292,1788550636939,"$GLGSV,2,1,06,10,00,000,28,09,73,164,34,16,16,151,33,20,63,299,42,1*79  "
20690770145251,1788550636939,"$GLGSV,2,2,06,19,34,024,32,21,30,247,40,1*73  "
20690770177074,1788550636939,"$GAGSV,2,1,08,02,60,096,34,15,33,213,39,18,62,017,34,25,10,122,23,7*70  "
20690770214313,1788550636939,"$GAGSV,2,2,08,27,09,313,16,30,54,332,36,34,86,155,36,36,37,039,30,7*71  "
20690770244522,1788550636939,"$GAGSV,2,1,07,02,60,096,31,15,33,213,25,18,62,017,27,25,10,122,24,1*74  "
20690770259209,1788550636939,"$GAGSV,2,2,07,30,54,332,31,34,86,155,28,36,37,039,25,1*4E  "
20690770475147,1788550636939,"$GQGSV,1,1,02,02,23,100,33,03,32,061,35,1*66  "
20690770506292,1788550636939,"$GQGSV,1,1,02,02,23,100,28,03,32,061,25,8*64  "
20690771430303,1788550636939,"$GBGSV,4,1,16,42,08,091,30,38,53,026,39,37,40,310,38,33,06,141,29,1*72  "
20690771974053,1788550636939,"$GBGSV,4,2,16,28,53,277,42,27,14,251,46,25,29,159,34,23,71,208,44,1*70  "
20690772133480,1788550636939,"$GBGSV,4,3,16,13,66,337,43,10,13,164,28,09,26,145,32,08,37,051,31,1*78  "
20690772862855,1788550636939,"$GBGSV,4,4,16,06,34,118,31,03,40,128,35,02,54,175,36,01,16,104,30,1*75  "
20690773267386,1788550636939,"$GBGSV,2,1,08,23,71,208,40,25,29,159,28,27,14,251,43,28,53,277,39,3*78  "
20690773284001,1788550636939,"$GBGSV,2,2,08,33,06,141,26,37,40,310,37,38,53,026,36,42,08,091,25,3*71  "
20690773292959,1788550636939,"$GBGSV,2,1,08,23,71,208,28,25,29,159,24,27,14,251,27,28,53,277,31,5*76  "
20690773310303,1788550636939,"$GBGSV,2,2,08,33,06,141,18,37,40,310,39,38,53,026,22,42,08,091,26,5*72  "
20690776125928,1788550636950,"$GNGSA,A,3,06,11,12,14,17,19,21,22,24,,,,0.6,0.4,0.5,1*3D  "
20690776159105,1788550636950,"$PSSGR,GSA,A,3,06,11,14,21,24,,,,,,,,0.6,0.4,0.5,1,8*44  "
20690776646917,1788550636950,"$GNGSA,A,3,80,83,85,,,,,,,,,,0.6,0.4,0.5,2*3B  "
20690776660824,1788550636950,"$GNGSA,A,3,02,15,18,25,30,34,36,,,,,,0.6,0.4,0.5,3*3D  "
20690776807542,1788550636950,"$PSSGR,GSA,A,3,302,315,318,325,330,334,336,,,,,,0.6,0.4,0.5,3,1*73  "
20690777110772,1788550636950,"$GNGSA,A,3,01,02,06,08,09,10,13,23,25,27,28,37,0.6,0.4,0.5,4*39  "
20690777453220,1788550636950,"$PSSGR,GSA,A,3,223,225,227,228,237,238,242,,,,,,0.6,0.4,0.5,4,5*78  "
20690777468688,1788550636950,"$GNGSA,A,3,02,03,,,,,,,,,,,0.6,0.4,0.5,5*33  "
20690777989990,1788550636950,"$PSSGR,GSA,A,3,194,195,,,,,,,,,,,0.6,0.4,0.5,5,8*47  "
20690778045563,1788550636950,"$GNVTG,242.6,T,241.3,M,9.7,N,18.0,K,A*0C  "
20690778158272,1788550636950,"$GNDTM,W84,,0000.000000,N,00000.000000,E,0.000,W84*41  "
20690778645355,1788550636950,"$GNRMC,193717.00,A,2831.340671,N,07734.418154,E,9.7,242.6,040926,1.3,E,A,V*59  "
20690778670980,1788550636950,"$GNGNS,193717.00,2831.340671,N,07734.418154,E,AAAAAN,35,0.4,208.6,-54.0,,,V*00  "
20690778904782,1788550636950,"$GNGGA,193717.00,2831.340671,N,07734.418154,E,1,12,0.4,208.6,M,-54.0,M,,*5A  "
20690779163115,1788550636953,"$PSMSG,magcal=PASS,bluesky=0*00 "
20691769974261,1788550637942,"$GPGSV,3,1,12,05,02,189,25,06,64,030,34,11,74,236,37,12,31,320,45,1*64  "
20691770363063,1788550637942,"$GPGSV,3,2,12,13,00,000,40,14,15,131,32,17,21,067,28,19,46,039,35,1*6B  "
20691771522177,1788550637942,"$GPGSV,3,3,12,21,24,163,37,22,36,122,35,24,35,253,43,40,00,000,40,1*63  "
20691771560823,1788550637942,"$GPGSV,2,1,05,06,64,030,28,11,74,236,28,14,15,131,30,21,24,163,34,8*6F  "
20691771581500,1788550637942,"$GPGSV,2,2,05,24,35,253,29,8*57  "
20691772338740,1788550637942,"$GLGSV,2,1,06,10,00,000,30,09,73,164,35,16,16,151,32,20,63,299,42,1*70  "
20691774245407,1788550637942,"$GLGSV,2,2,06,19,34,024,34,21,30,247,38,1*7A  "
20691774480407,1788550637942,"$GAGSV,2,1,08,02,60,096,35,15,33,213,41,18,62,017,33,25,10,122,23,7*79  "
20691774711657,1788550637942,"$GAGSV,2,2,08,27,09,313,16,30,54,332,37,34,86,155,35,36,37,039,31,7*72  "
20691774728427,1788550637942,"$GAGSV,2,1,07,02,60,096,30,15,33,213,27,18,62,017,30,25,10,122,24,1*71  "
20691774738480,1788550637942,"$GAGSV,2,2,07,30,54,332,33,34,86,155,27,36,37,039,23,1*45  "
20691775134105,1788550637942,"$GQGSV,1,1,02,02,23,100,29,03,32,061,35,1*6D  "
20691775514365,1788550637942,"$GQGSV,1,1,02,02,23,100,27,03,32,061,24,8*6A  "
20691775795875,1788550637942,"$GBGSV,5,1,18,42,08,091,24,38,53,026,38,37,40,310,38,34,03,058,24,1*7F  "
20691775818584,1788550637942,"$GBGSV,5,2,18,33,06,141,25,28,53,277,39,27,14,251,42,25,29,159,31,1*7A  "
20691776376032,1788550637942,"$GBGSV,5,3,18,23,71,208,42,14,04,069,23,13,66,337,41,10,13,164,27,1*78  "
20691776790042,1788550637942,"$GBGSV,5,4,18,09,26,145,33,08,37,051,30,06,34,118,32,03,40,128,38,1*77  "
20691777223219,1788550637942,"$GBGSV,5,5,18,02,54,175,36,01,16,104,30,1*7A  "
20691777246500,1788550637942,"$GBGSV,2,1,08,23,71,208,40,25,29,159,31,27,14,251,41,28,53,277,39,3*72  "
20691777606657,1788550637942,"$GBGSV,2,2,08,33,06,141,24,37,40,310,37,38,53,026,37,42,08,091,24,3*73  "
20691777823323,1788550637942,"$GBGSV,2,1,08,23,71,208,22,25,29,159,27,27,14,251,24,28,53,277,30,5*7D  "
20691778147230,1788550637942,"$GBGSV,2,2,08,33,06,141,22,37,40,310,40,38,53,026,23,42,08,091,26,5*74  "
20691782514886,1788550637955,"$GNGSA,A,3,06,11,12,14,17,19,21,22,24,,,,0.6,0.4,0.5,1*3D  "
20691783762386,1788550637955,"$PSSGR,GSA,A,3,06,11,14,21,24,,,,,,,,0.6,0.4,0.5,1,8*44  "
20691783776969,1788550637955,"$GNGSA,A,3,80,83,85,,,,,,,,,,0.6,0.4,0.5,2*3B  "
20691783783219,1788550637955,"$GNGSA,A,3,02,15,18,25,30,34,36,,,,,,0.6,0.4,0.5,3*3D  "
20691783920875,1788550637955,"$PSSGR,GSA,A,3,302,315,318,325,330,334,336,,,,,,0.6,0.4,0.5,3,1*73  "
20691783942490,1788550637955,"$GNGSA,A,3,01,02,06,08,09,10,13,23,25,27,28,37,0.6,0.4,0.5,4*39  "
20691784166761,1788550637955,"$PSSGR,GSA,A,3,223,225,227,228,237,238,242,,,,,,0.6,0.4,0.5,4,5*78  "
20691784331084,1788550637955,"$GNGSA,A,3,02,03,,,,,,,,,,,0.6,0.4,0.5,5*33  "
20691784773740,1788550637955,"$PSSGR,GSA,A,3,194,195,,,,,,,,,,,0.6,0.4,0.5,5,8*47  "
20691784794052,1788550637955,"$GNVTG,248.9,T,247.6,M,9.4,N,17.4,K,A*02  "
20691784987230,1788550637955,"$GNDTM,W84,,0000.000000,N,00000.000000,E,0.000,W84*41  "
20691785305146,1788550637955,"$GNRMC,193718.00,A,2831.339660,N,07734.415357,E,9.4,248.9,040926,1.3,E,A,V*52  "
20691785506813,1788550637955,"$GNGNS,193718.00,2831.339660,N,07734.415357,E,AAAAAN,35,0.4,208.8,-54.0,,,V*03  "
20691785669625,1788550637955,"$GNGGA,193718.00,2831.339660,N,07734.415357,E,1,12,0.4,208.8,M,-54.0,M,,*59  "
20691785910771,1788550637959,"$PSMSG,magcal=PASS,bluesky=0*00 "
20692768380823,1788550638941,"$GPGSV,3,1,12,05,02,189,25,06,64,030,34,11,74,236,37,12,31,320,42,1*63  "
20692768842385,1788550638941,"$GPGSV,3,2,12,13,00,000,38,14,15,131,34,17,21,067,27,19,46,039,34,1*6C  "
20692769272437,1788550638941,"$GPGSV,3,3,12,21,24,163,37,22,36,122,37,24,35,253,44,40,00,000,38,1*69  "
20692769552490,1788550638941,"$GPGSV,2,1,05,06,64,030,29,11,74,236,27,14,15,131,30,21,24,163,32,8*67  "
20692771929365,1788550638941,"$GPGSV,2,2,05,24,35,253,31,8*5E  "
20692771961031,1788550638941,"$GLGSV,2,1,06,10,00,000,29,09,73,164,36,16,16,151,36,20,63,299,43,1*7E  "
20692771977750,1788550638941,"$GLGSV,2,2,06,19,34,024,33,21,30,247,38,1*7D  "
20692771989937,1788550638941,"$GAGSV,2,1,07,02,60,096,33,15,33,213,42,18,62,017,34,25,10,122,26,7*71  "
20692772003375,1788550638941,"$GAGSV,2,2,07,30,54,332,37,34,86,155,35,36,37,039,35,7*43  "
20692772354937,1788550638941,"$GAGSV,2,1,07,02,60,096,29,15,33,213,28,18,62,017,28,25,10,122,29,1*72  "
20692772741344,1788550638941,"$GAGSV,2,2,07,30,54,332,34,34,86,155,26,36,37,039,24,1*44  "
20692773209885,1788550638941,"$GQGSV,1,1,02,02,23,100,33,03,32,061,33,1*60  "
20692773847385,1788550638941,"$GQGSV,1,1,02,02,23,100,28,03,32,061,25,8*64  "
20692774033010,1788550638941,"$GBGSV,5,1,19,42,08,091,24,38,53,026,38,37,40,310,39,34,03,058,24,1*7F  "
20692774486240,1788550638941,"$GBGSV,5,2,19,33,06,141,26,28,53,277,38,27,14,251,37,25,29,159,36,1*7C  "
20692774864312,1788550638941,"$GBGSV,5,3,19,23,71,208,42,14,04,069,26,13,66,337,41,10,13,164,31,1*7B  "
20692775079833,1788550638941,"$GBGSV,5,4,19,09,26,145,33,08,37,051,30,07,03,161,21,06,34,118,36,1*74  "
20692775523427,1788550638941,"$GBGSV,5,5,19,03,40,128,39,02,54,175,38,01,16,104,30,1*43  "
20692775701396,1788550638941,"$GBGSV,2,1,08,23,71,208,40,25,29,159,33,27,14,251,34,28,53,277,38,3*73  "
20692776088323,1788550638941,"$GBGSV,2,2,08,33,06,141,25,37,40,310,38,38,53,026,37,42,08,091,24,3*7D  "
20692776666396,1788550638941,"$GBGSV,2,1,08,23,71,208,24,25,29,159,23,27,14,251,24,28,53,277,30,5*7F  "
20692776693687,1788550638941,"$GBGSV,2,2,08,33,06,141,28,37,40,310,37,38,53,026,21,42,08,091,25,5*7F  "
20692780282021,1788550638954,"$GNGSA,A,3,06,11,12,14,17,19,21,22,24,,,,0.6,0.4,0.5,1*3D  "
20692782168375,1788550638954,"$PSSGR,GSA,A,3,06,11,14,21,24,,,,,,,,0.6,0.4,0.5,1,8*44  "
20692782180510,1788550638954,"$GNGSA,A,3,80,83,85,,,,,,,,,,0.6,0.4,0.5,2*3B  "
20692782214208,1788550638954,"$GNGSA,A,3,02,15,18,25,30,34,36,,,,,,0.6,0.4,0.5,3*3D  "
20692782227958,1788550638954,"$PSSGR,GSA,A,3,302,315,318,325,330,334,336,,,,,,0.6,0.4,0.5,3,1*73  "
20692782241448,1788550638954,"$GNGSA,A,3,01,02,06,08,09,10,13,23,25,27,28,37,0.6,0.4,0.5,4*39  "
20692782248844,1788550638954,"$PSSGR,GSA,A,3,223,225,227,228,237,238,242,,,,,,0.6,0.4,0.5,4,5*78  "
20692782255094,1788550638954,"$GNGSA,A,3,02,03,,,,,,,,,,,0.6,0.4,0.5,5*33  "
20692782260771,1788550638954,"$PSSGR,GSA,A,3,194,195,,,,,,,,,,,0.6,0.4,0.5,5,8*47  "
20692782266760,1788550638954,"$GNVTG,256.7,T,255.4,M,9.1,N,16.8,K,A*0A  "
20692782273062,1788550638954,"$GNDTM,W84,,0000.000000,N,00000.000000,E,0.000,W84*41  "
20692782382646,1788550638954,"$GNRMC,193719.00,A,2831.338966,N,07734.412615,E,9.1,256.7,040926,1.3,E,A,V*5B  "
20692782679781,1788550638954,"$GNGNS,193719.00,2831.338966,N,07734.412615,E,AAAAAN,35,0.4,208.8,-54.0,,,V*0E  "
20692782987698,1788550638954,"$GNGGA,193719.00,2831.338966,N,07734.412615,E,1,12,0.4,208.8,M,-54.0,M,,*54  "
20692783183115,1788550638957,"$PSMSG,magcal=PASS,bluesky=0*00 "
20693770389260,1788550639943,"$GPGSV,3,1,12,05,02,189,25,06,64,030,38,11,74,236,37,12,31,320,45,1*68  "
20693772662489,1788550639943,"$GPGSV,3,2,12,13,00,000,38,14,15,131,35,17,21,067,31,19,46,039,35,1*6B  "
20693772908739,1788550639943,"$GPGSV,3,3,12,21,24,163,42,22,36,122,38,24,35,253,44,40,00,000,38,1*64  "
20693772934416,1788550639943,"$GPGSV,2,1,05,06,64,030,28,11,74,236,29,14,15,131,30,21,24,163,35,8*6F  "
20693772956448,1788550639943,"$GPGSV,2,2,05,24,35,253,32,8*5D  "
20693772974468,1788550639943,"$GLGSV,2,1,06,10,00,000,29,09,73,164,37,16,16,151,35,20,63,299,44,1*7B  "
20693772994781,1788550639943,"$GLGSV,2,2,06,19,34,024,26,21,30,247,36,1*77  "
20693773013375,1788550639943,"$GAGSV,2,1,07,02,60,096,33,15,33,213,41,18,62,017,37,25,10,122,33,7*75  "
20693773368218,1788550639943,"$GAGSV,2,2,07,30,54,332,34,34,86,155,36,36,37,039,34,7*42  "
20693774259937,1788550639943,"$GAGSV,2,1,07,02,60,096,32,15,33,213,32,18,62,017,28,25,10,122,31,1*7A  "
20693774399520,1788550639943,"$GAGSV,2,2,07,30,54,332,35,34,86,155,26,36,37,039,28,1*49  "
20693774501395,1788550639943,"$GQGSV,1,1,02,02,23,100,33,03,32,061,31,1*62  "
20693774665458,1788550639943,"$GQGSV,1,1,02,02,23,100,30,03,32,061,26,8*6E  "
20693775053375,1788550639943,"$GBGSV,5,1,19,42,08,091,28,38,53,026,39,37,40,310,42,34,03,058,21,1*7B  "
20693775103323,1788550639943,"$GBGSV,5,2,19,33,06,141,26,28,53,277,38,27,14,251,30,25,29,159,35,1*78  "
20693775341239,1788550639943,"$GBGSV,5,3,19,23,71,208,42,14,04,069,25,13,66,337,40,10,13,164,31,1*79  "
20693775583114,1788550639943,"$GBGSV,5,4,19,09,26,145,32,08,37,051,32,07,03,161,28,06,34,118,39,1*71  "
20693775767489,1788550639943,"$GBGSV,5,5,19,03,40,128,40,02,54,175,40,01,16,104,30,1*42  "
20693776024677,1788550639943,"$GBGSV,2,1,08,23,71,208,40,25,29,159,33,27,14,251,27,28,53,277,37,3*7E  "
20693776226187,1788550639943,"$GBGSV,2,2,08,33,06,141,22,37,40,310,41,38,53,026,37,42,08,091,24,3*74  "
20693776427854,1788550639943,"$GBGSV,2,1,08,23,71,208,27,25,29,159,33,27,14,251,24,28,53,277,30,5*7D  "
20693776637958,1788550639943,"$GBGSV,2,2,08,33,06,141,26,37,40,310,35,38,53,026,23,42,08,091,24,5*70  "
20693781142854,1788550639954,"$GNGSA,A,3,06,11,12,14,17,19,21,22,24,,,,0.6,0.4,0.5,1*3D  "
20693781360875,1788550639954,"$PSSGR,GSA,A,3,06,11,14,21,24,,,,,,,,0.6,0.4,0.5,1,8*44  "
20693781898895,1788550639954,"$GNGSA,A,3,80,83,85,,,,,,,,,,0.6,0.4,0.5,2*3B  "
20693782640666,1788550639954,"$GNGSA,A,3,02,15,18,25,30,34,36,,,,,,0.6,0.4,0.5,3*3D  "
20693782654937,1788550639954,"$PSSGR,GSA,A,3,302,315,318,325,330,334,336,,,,,,0.6,0.4,0.5,3,1*73  "
20693782663583,1788550639954,"$GNGSA,A,3,01,02,06,08,09,10,13,23,25,27,28,37,0.6,0.4,0.5,4*39  "
20693782669573,1788550639954,"$PSSGR,GSA,A,3,223,225,227,228,237,238,242,,,,,,0.6,0.4,0.5,4,5*78  "
20693782846812,1788550639954,"$GNGSA,A,3,02,03,,,,,,,,,,,0.6,0.4,0.5,5*33  "
20693782986083,1788550639954,"$PSSGR,GSA,A,3,194,195,,,,,,,,,,,0.6,0.4,0.5,5,8*47  "
20693783195198,1788550639954,"$GNVTG,260.6,T,259.3,M,8.9,N,16.4,K,A*00  "
20693783360979,1788550639954,"$GNDTM,W84,,0000.000000,N,00000.000000,E,0.000,W84*41  "
20693783506864,1788550639954,"$GNRMC,193720.00,A,2831.338482,N,07734.409826,E,8.9,260.6,040926,1.3,E,A,V*5F  "
20693783747906,1788550639954,"$GNGNS,193720.00,2831.338482,N,07734.409826,E,AAAAAN,35,0.4,208.7,-54.0,,,V*08  "
20693784003218,1788550639954,"$GNGGA,193720.00,2831.338482,N,07734.409826,E,1,12,0.4,208.7,M,-54.0,M,,*52  "
20693784146291,1788550639958,"$PSMSG,magcal=PASS,bluesky=0*00 "
20694769349780,1788550640942,"$GPGSV,3,1,12,05,02,189,25,06,64,030,37,11,74,236,37,12,31,320,46,1*64  "
20694771391655,1788550640942,"$GPGSV,3,2,12,13,00,000,38,14,15,131,33,17,21,067,33,19,46,039,37,1*6D  "
20694771469728,1788550640942,"$GPGSV,3,3,12,21,24,163,43,22,36,122,39,24,35,253,44,40,00,000,39,1*65  "
20694771494885,1788550640942,"$GPGSV,2,1,05,06,64,030,28,11,74,236,30,14,15,131,30,21,24,163,35,8*67  "
20694772409416,1788550640942,"$GPGSV,2,2,05,24,35,253,32,8*5D  "
20694773573270,1788550640942,"$GLGSV,2,1,06,10,00,000,26,09,73,164,36,16,16,151,37,20,63,299,44,1*77  "
20694773605978,1788550640942,"$GLGSV,2,2,06,19,34,024,29,21,30,247,35,1*7B  "
20694774273583,1788550640942,"$GAGSV,2,1,07,02,60,096,31,15,33,213,42,18,62,017,39,25,10,122,33,7*7A  "
20694775176551,1788550640942,"$GAGSV,2,2,07,30,54,332,35,34,86,155,36,36,37,039,34,7*43  "
20694775476551,1788550640942,"$GAGSV,2,1,07,02,60,096,33,15,33,213,27,18,62,017,28,25,10,122,34,1*7A  "
20694775651655,1788550640942,"$GAGSV,2,2,07,30,54,332,36,34,86,155,26,36,37,039,29,1*4B  "
20694775792697,1788550640942,"$GQGSV,1,1,02,02,23,100,35,03,32,061,33,1*66  "
20694775938947,1788550640942,"$GQGSV,1,1,02,02,23,100,32,03,32,061,27,8*6D  "
20694776093843,1788550640942,"$GBGSV,5,1,19,42,08,091,29,38,53,026,39,37,40,310,42,34,03,058,26,1*7D  "
20694776247541,1788550640942,"$GBGSV,5,2,19,33,06,141,27,28,53,277,37,27,14,251,24,25,29,159,36,1*70  "
20694776398635,1788550640942,"$GBGSV,5,3,19,23,71,208,42,14,04,069,28,13,66,337,40,10,13,164,33,1*76  "
20694776559155,1788550640942,"$GBGSV,5,4,19,09,26,145,31,08,37,051,33,07,03,161,26,06,34,118,40,1*73  "
20694776833270,1788550640942,"$GBGSV,5,5,19,03,40,128,38,02,54,175,40,01,16,104,36,1*4B  "
20694777014520,1788550640942,"$GBGSV,2,1,08,23,71,208,40,25,29,159,36,27,14,251,23,28,53,277,36,3*7E  "
20694777118999,1788550640942,"$GBGSV,2,2,08,33,06,141,23,37,40,310,42,38,53,026,37,42,08,091,26,3*74  "
20694777267333,1788550640942,"$GBGSV,2,1,08,23,71,208,31,25,29,159,33,27,14,251,24,28,53,277,29,5*72  "
20694777439989,1788550640942,"$GBGSV,2,2,08,33,06,141,26,37,40,310,36,38,53,026,21,42,08,091,24,5*71  "
20694780043739,1788550640954,"$GNGSA,A,3,06,11,12,14,17,19,21,22,24,,,,0.6,0.4,0.5,1*3D  "
20694780199780,1788550640954,"$PSSGR,GSA,A,3,06,11,14,21,24,,,,,,,,0.6,0.4,0.5,1,8*44  "
20694780375614,1788550640954,"$GNGSA,A,3,80,83,85,,,,,,,,,,0.6,0.4,0.5,2*3B  "
20694780580562,1788550640954,"$GNGSA,A,3,02,15,18,25,30,34,36,,,,,,0.6,0.4,0.5,3*3D  "
20694780797645,1788550640954,"$PSSGR,GSA,A,3,302,315,318,325,330,334,336,,,,,,0.6,0.4,0.5,3,1*73  "
20694780811239,1788550640954,"$GNGSA,A,3,01,02,06,08,09,10,13,23,25,27,28,37,0.6,0.4,0.5,4*39  "
20694781204520,1788550640954,"$PSSGR,GSA,A,3,223,225,227,228,237,238,242,,,,,,0.6,0.4,0.5,4,5*78  "
20694781214885,1788550640954,"$GNGSA,A,3,02,03,,,,,,,,,,,0.6,0.4,0.5,5*33  "
20694781468583,1788550640954,"$PSSGR,GSA,A,3,194,195,,,,,,,,,,,0.6,0.4,0.5,5,8*47  "
20694781615718,1788550640954,"$GNVTG,260.5,T,259.2,M,8.7,N,16.1,K,A*09  "
20694781911864,1788550640954,"$GNDTM,W84,,0000.000000,N,00000.000000,E,0.000,W84*41  "
20694782253062,1788550640954,"$GNRMC,193721.00,A,2831.338051,N,07734.407041,E,8.7,260.5,040926,1.3,E,A,V*5E  "
20694782268270,1788550640954,"$GNGNS,193721.00,2831.338051,N,07734.407041,E,AAAAAN,35,0.4,208.6,-54.0,,,V*05  "
20694782559364,1788550640954,"$GNGGA,193721.00,2831.338051,N,07734.407041,E,1,12,0.4,208.6,M,-54.0,M,,*5F  "
20694782581187,1788550640956,"$PSMSG,magcal=PASS,bluesky=0*00 "
20695767646551,1788550641941,"$GPGSV,3,1,12,05,02,189,25,06,64,030,36,11,74,236,39,12,31,320,48,1*65  "
20695767795978,1788550641941,"$GPGSV,3,2,12,13,00,000,44,14,15,131,32,17,21,067,31,19,46,039,35,1*67  "
20695767922957,1788550641941,"$GPGSV,3,3,12,21,24,163,41,22,36,122,39,24,35,253,41,40,00,000,39,1*62  "
20695768351447,1788550641941,"$GPGSV,2,1,05,06,64,030,30,11,74,236,28,14,15,131,26,21,24,163,32,8*67  "
20695768522697,1788550641941,"$GPGSV,2,2,05,24,35,253,32,8*5D  "
20695776414468,1788550641941,"$GLGSV,2,1,06,10,00,000,32,09,73,164,39,16,16,151,38,20,63,299,43,1*75  "
20695776504363,1788550641941,"$GLGSV,2,2,06,19,34,024,31,21,30,247,34,1*73  "
20695776512801,1788550641941,"$GAGSV,2,1,08,02,60,096,31,15,33,213,41,18,62,017,38,25,10,122,27,7*72  "
20695776520145,1788550641941,"$GAGSV,2,2,08,27,09,313,19,30,54,332,36,34,86,155,35,36,37,039,35,7*78  "
20695776526707,1788550641941,"$GAGSV,2,1,07,02,60,096,33,15,33,213,30,18,62,017,28,25,10,122,31,1*79  "
20695776533999,1788550641941,"$GAGSV,2,2,07,30,54,332,36,34,86,155,27,36,37,039,30,1*42  "
20695776541291,1788550641941,"$GQGSV,1,1,02,02,23,100,37,03,32,061,30,1*67  "
20695776562645,1788550641941,"$GQGSV,1,1,02,02,23,100,34,03,32,061,28,8*64  "
20695776567957,1788550641941,"$GBGSV,5,1,19,42,08,091,26,38,53,026,39,37,40,310,40,34,03,058,26,1*70  "
20695776574884,1788550641941,"$GBGSV,5,2,19,33,06,141,28,28,53,277,36,27,14,251,24,25,29,159,39,1*71  "
20695776580978,1788550641941,"$GBGSV,5,3,19,23,71,208,42,14,04,069,24,13,66,337,41,10,13,164,30,1*78  "
20695776588478,1788550641941,"$GBGSV,5,4,19,09,26,145,31,08,37,051,37,07,03,161,26,06,34,118,40,1*77  "
20695776604572,1788550641941,"$GBGSV,5,5,19,03,40,128,38,02,54,175,38,01,16,104,39,1*4B  "
20695776612488,1788550641941,"$GBGSV,2,1,08,23,71,208,39,25,29,159,37,27,14,251,23,28,53,277,35,3*72  "
20695776618322,1788550641941,"$GBGSV,2,2,08,33,06,141,28,37,40,310,41,38,53,026,37,42,08,091,22,3*78  "
20695776625926,1788550641941,"$GBGSV,2,1,08,23,71,208,28,25,29,159,27,27,14,251,24,28,53,277,30,5*77  "
20695777329207,1788550641941,"$GBGSV,2,2,08,33,06,141,28,37,40,310,31,38,53,026,27,42,08,091,26,5*7C  "
20695781158634,1788550641954,"$GNGSA,A,3,06,11,12,14,17,19,21,22,24,,,,0.6,0.4,0.5,1*3D  "
20695781188322,1788550641954,"$PSSGR,GSA,A,3,06,11,14,21,24,,,,,,,,0.6,0.4,0.5,1,8*44  "
20695781198218,1788550641954,"$GNGSA,A,3,80,83,85,,,,,,,,,,0.6,0.4,0.5,2*3B  "
20695781665770,1788550641954,"$GNGSA,A,3,02,15,18,25,30,34,36,,,,,,0.6,0.4,0.5,3*3D  "
20695781686499,1788550641954,"$PSSGR,GSA,A,3,302,315,318,325,330,334,336,,,,,,0.6,0.4,0.5,3,1*73  "
20695781877853,1788550641954,"$GNGSA,A,3,01,02,06,08,09,10,13,23,25,27,28,37,0.6,0.4,0.5,4*39  "
20695781978530,1788550641954,"$PSSGR,GSA,A,3,223,225,227,228,237,238,242,,,,,,0.6,0.4,0.5,4,5*78  "
20695782278999,1788550641954,"$GNGSA,A,3,02,03,,,,,,,,,,,0.6,0.4,0.5,5*33  "
20695782346707,1788550641954,"$PSSGR,GSA,A,3,194,195,,,,,,,,,,,0.6,0.4,0.5,5,8*47  "
20695783037124,1788550641954,"$GNVTG,271.1,T,269.8,M,8.5,N,15.7,K,A*03  "
20695783046968,1788550641954,"$GNDTM,W84,,0000.000000,N,00000.000000,E,0.000,W84*41  "
20695783053530,1788550641954,"$GNRMC,193722.00,A,2831.337966,N,07734.404298,E,8.5,271.1,040926,1.3,E,A,V*5C  "
20695783060197,1788550641954,"$GNGNS,193722.00,2831.337966,N,07734.404298,E,AAAAAN,35,0.4,208.6,-54.0,,,V*01  "
20695783103791,1788550641954,"$GNGGA,193722.00,2831.337966,N,07734.404298,E,1,12,0.4,208.6,M,-54.0,M,,*5B  "
20695783479884,1788550641957,"$PSMSG,magcal=PASS,bluesky=0*00 "
20696769255926,1788550642942,"$GPGSV,3,1,12,05,02,189,25,06,64,030,38,11,74,236,37,12,31,320,47,1*6A  "
20696769603061,1788550642942,"$GPGSV,3,2,12,13,00,000,39,14,15,131,37,17,21,067,37,19,46,039,35,1*6E  "
20696769780561,1788550642942,"$GPGSV,3,3,12,21,24,163,38,22,36,122,40,24,35,253,34,40,00,000,42,1*6C  "
20696770051498,1788550642942,"$GPGSV,2,1,05,06,64,030,29,11,74,236,26,14,15,131,26,21,24,163,38,8*6B  "
20696770251707,1788550642942,"$GPGSV,2,2,05,24,35,253,32,8*5D  "
20696770699363,1788550642942,"$GLGSV,2,1,06,10,00,000,31,09,73,164,39,16,16,151,35,20,63,299,40,1*78  "
20696771378478,1788550642942,"$GLGSV,2,2,06,19,34,024,36,21,30,247,30,1*70  "
20696771671915,1788550642942,"$GAGSV,2,1,08,02,60,096,23,15,33,213,39,18,62,017,38,25,10,122,27,7*7E  "
20696772103998,1788550642942,"$GAGSV,2,2,08,27,09,313,19,30,54,332,34,34,86,155,37,36,37,039,37,7*7A  "
20696772421707,1788550642942,"$GAGSV,2,1,07,02,60,096,32,15,33,213,34,18,62,017,27,25,10,122,28,1*7B  "
20696773060092,1788550642942,"$GAGSV,2,2,07,30,54,332,34,34,86,155,26,36,37,039,29,1*49  "
20696773318946,1788550642942,"$GQGSV,1,1,02,02,23,100,36,03,32,061,32,1*64  "
20696773552853,1788550642942,"$GQGSV,1,1,02,02,23,100,33,03,32,061,30,8*6A  "
20696773935769,1788550642942,"$GBGSV,5,1,19,42,08,091,27,38,53,026,41,37,40,310,38,34,03,058,33,1*75  "
20696774140665,1788550642942,"$GBGSV,5,2,19,33,06,141,33,28,53,277,35,27,14,251,21,25,29,159,34,1*70  "
20696774474571,1788550642942,"$GBGSV,5,3,19,23,71,208,43,14,04,069,32,13,66,337,43,10,13,164,32,1*7E  "
20696774718738,1788550642942,"$GBGSV,5,4,19,09,26,145,35,08,37,051,37,07,03,161,26,06,34,118,37,1*73  "
20696775010665,1788550642942,"$GBGSV,5,5,19,03,40,128,40,02,54,175,40,01,16,104,37,1*45  "
20696775373061,1788550642942,"$GBGSV,2,1,08,23,71,208,41,25,29,159,31,27,14,251,23,28,53,277,34,3*7A  "
20696775693842,1788550642942,"$GBGSV,2,2,08,33,06,141,26,37,40,310,38,38,53,026,40,42,08,091,26,3*7C  "
20696776046238,1788550642942,"$GBGSV,2,1,08,23,71,208,26,25,29,159,34,27,14,251,24,28,53,277,31,5*7A  "
20696776282957,1788550642942,"$GBGSV,2,2,08,33,06,141,31,37,40,310,32,38,53,026,26,42,08,091,27,5*77  "
20696779938269,1788550642953,"$GNGSA,A,3,06,11,12,14,17,19,21,22,24,,,,0.6,0.4,0.5,1*3D  "
20696780116446,1788550642953,"$PSSGR,GSA,A,3,06,11,14,21,24,,,,,,,,0.6,0.4,0.5,1,8*44  "
20696780470821,1788550642953,"$GNGSA,A,3,80,83,85,,,,,,,,,,0.6,0.4,0.5,2*3B  "
20696780614936,1788550642953,"$GNGSA,A,3,02,15,18,25,30,34,36,,,,,,0.6,0.4,0.5,3*3D  "
20696781067123,1788550642953,"$PSSGR,GSA,A,3,302,315,318,325,330,334,336,,,,,,0.6,0.4,0.5,3,1*73  "
20696781218478,1788550642953,"$GNGSA,A,3,01,02,06,08,09,10,13,23,25,27,28,37,0.6,0.4,0.5,4*39  "
20696782047176,1788550642953,"$PSSGR,GSA,A,3,223,225,227,228,237,238,242,,,,,,0.6,0.4,0.5,4,5*78  "
20696782071186,1788550642953,"$GNGSA,A,3,02,03,,,,,,,,,,,0.6,0.4,0.5,5*33  "
20696782087071,1788550642953,"$PSSGR,GSA,A,3,194,195,,,,,,,,,,,0.6,0.4,0.5,5,8*47  "
20696782466394,1788550642953,"$GNVTG,288.9,T,287.6,M,8.4,N,15.6,K,A*03  "
20696782765405,1788550642953,"$GNDTM,W84,,0000.000000,N,00000.000000,E,0.000,W84*41  "
20696783292176,1788550642953,"$GNRMC,193723.00,A,2831.338467,N,07734.401718,E,8.4,288.9,040926,1.3,E,A,V*59  "
20696783313946,1788550642953,"$GNGNS,193723.00,2831.338467,N,07734.401718,E,AAAAAN,35,0.4,208.7,-54.0,,,V*0A  "
20696783323269,1788550642953,"$GNGGA,193723.00,2831.338467,N,07734.401718,E,1,12,0.4,208.7,M,-54.0,M,,*50  "
20696783337644,1788550642957,"$PSMSG,magcal=PASS,bluesky=0*00 "
20697767158529,1788550643940,"$GPGSV,3,1,12,05,02,189,25,06,64,030,41,11,74,236,37,12,31,320,43,1*60  "
20697767294311,1788550643940,"$GPGSV,3,2,12,13,00,000,38,14,15,131,40,17,21,067,36,19,46,039,41,1*6D  "
20697767958998,1788550643940,"$GPGSV,3,3,12,21,24,163,39,22,36,122,37,24,35,253,36,40,00,000,35,1*6F  "
20697768594102,1788550643940,"$GPGSV,2,1,05,06,64,030,37,11,74,236,31,14,15,131,27,21,24,163,36,8*6D  "
20697768951290,1788550643940,"$GPGSV,2,2,05,24,35,253,29,8*57  "
20697769314206,1788550643940,"$GLGSV,2,1,06,10,00,000,35,09,73,164,37,16,16,151,38,20,63,299,40,1*7F  "
20697770057696,1788550643940,"$GLGSV,2,2,06,19,34,024,37,21,30,247,32,1*73  "
20697770365300,1788550643940,"$GAGSV,2,1,08,02,60,096,26,15,33,213,31,18,62,017,40,25,10,122,28,7*73  "
20697770909884,1788550643940,"$GAGSV,2,2,08,27,09,313,19,30,54,332,41,34,86,155,36,36,37,039,32,7*7C  "
20697771125144,1788550643940,"$GAGSV,2,1,07,02,60,096,29,15,33,213,29,18,62,017,34,25,10,122,28,1*7F  "
20697771692071,1788550643940,"$GAGSV,2,2,07,30,54,332,34,34,86,155,22,36,37,039,30,1*45  "
20697772292488,1788550643940,"$GQGSV,1,1,02,02,23,100,35,03,32,061,34,1*61  "
20697772438373,1788550643940,"$GQGSV,1,1,02,02,23,100,31,03,32,061,30,8*68  "
20697772609311,1788550643940,"$GBGSV,5,1,19,42,08,091,31,38,53,026,40,37,40,310,39,34,03,058,27,1*77  "
20697772802644,1788550643940,"$GBGSV,5,2,19,33,06,141,36,28,53,277,37,27,14,251,28,25,29,159,38,1*72  "
20697773011134,1788550643940,"$GBGSV,5,3,19,23,71,208,43,14,04,069,31,13,66,337,46,10,13,164,33,1*79  "
20697773383686,1788550643940,"$GBGSV,5,4,19,09,26,145,37,08,37,051,34,07,03,161,26,06,34,118,36,1*73  "
20697773553894,1788550643940,"$GBGSV,5,5,19,03,40,128,34,02,54,175,37,01,16,104,38,1*49  "
20697773807956,1788550643940,"$GBGSV,2,1,08,23,71,208,40,25,29,159,36,27,14,251,20,28,53,277,36,3*7D  "
20697774420769,1788550643940,"$GBGSV,2,2,08,33,06,141,30,37,40,310,39,38,53,026,39,42,08,091,30,3*73  "
20697774450404,1788550643940,"$GBGSV,2,1,08,23,71,208,30,25,29,159,30,27,14,251,24,28,53,277,32,5*7A  "
20697774613633,1788550643940,"$GBGSV,2,2,08,33,06,141,32,37,40,310,34,38,53,026,28,42,08,091,23,5*78  "
20697777590404,1788550643951,"$GNGSA,A,3,06,11,12,14,17,19,21,22,24,,,,0.6,0.4,0.5,1*3D  "
20697777718529,1788550643951,"$PSSGR,GSA,A,3,06,11,14,21,24,,,,,,,,0.6,0.4,0.5,1,8*44  "
20697777900977,1788550643951,"$GNGSA,A,3,80,83,85,,,,,,,,,,0.6,0.4,0.5,2*3B  "
20697778052227,1788550643951,"$GNGSA,A,3,02,15,18,25,30,34,36,,,,,,0.6,0.4,0.5,3*3D  "
20697778545717,1788550643951,"$PSSGR,GSA,A,3,302,315,318,325,330,334,336,,,,,,0.6,0.4,0.5,3,1*73  "
20697778555040,1788550643951,"$GNGSA,A,3,01,02,06,08,09,10,13,23,25,27,28,37,0.6,0.4,0.5,4*39  "
20697778564206,1788550643951,"$PSSGR,GSA,A,3,223,225,228,237,238,242,,,,,,,0.6,0.4,0.5,4,5*4F  "
20697778784936,1788550643951,"$GNGSA,A,3,02,03,,,,,,,,,,,0.6,0.4,0.5,5*33  "
20697778926081,1788550643951,"$PSSGR,GSA,A,3,194,195,,,,,,,,,,,0.6,0.4,0.5,5,8*47  "
20697779094571,1788550643951,"$GNVTG,299.0,T,297.7,M,8.0,N,14.8,K,A*01  "
20697779262904,1788550643951,"$GNDTM,W84,,0000.000000,N,00000.000000,E,0.000,W84*41  "
20697779435248,1788550643951,"$GNRMC,193724.00,A,2831.339415,N,07734.399442,E,8.0,299.0,040926,1.3,E,A,V*5D  "
20697779603113,1788550643951,"$GNGNS,193724.00,2831.339415,N,07734.399442,E,AAAAAN,35,0.4,208.6,-54.0,,,V*02  "
20697779774258,1788550643951,"$GNGGA,193724.00,2831.339415,N,07734.399442,E,1,12,0.4,208.6,M,-54.0,M,,*58  "
20697779972748,1788550643954,"$PSMSG,magcal=PASS,bluesky=0*00 "
20698768368789,1788550644942,"$GPGSV,3,1,12,05,02,189,25,06,64,030,42,11,74,236,36,12,31,320,38,1*6E  "
20698769237175,1788550644942,"$GPGSV,3,2,12,13,00,000,36,14,15,131,41,17,21,067,38,19,46,039,38,1*62  "
20698770071341,1788550644942,"$GPGSV,3,3,12,21,24,163,36,22,36,122,35,24,35,253,40,40,00,000,33,1*65  "
20698770662071,1788550644942,"$GPGSV,2,1,05,06,64,030,37,11,74,236,31,14,15,131,28,21,24,163,33,8*67  "
20698771347591,1788550644942,"$GPGSV,2,2,05,24,35,253,36,8*59  "
20698772174310,1788550644942,"$GLGSV,2,1,06,10,00,000,34,09,73,164,37,16,16,151,36,20,63,299,40,1*70  "
20698772468633,1788550644942,"$GLGSV,2,2,06,19,34,024,41,21,30,247,36,1*76  "
20698772987019,1788550644942,"$GAGSV,2,1,08,02,60,096,27,15,33,213,26,18,62,017,39,25,10,122,28,7*7A  "
20698773594623,1788550644942,"$GAGSV,2,2,08,27,09,313,19,30,54,332,39,34,86,155,38,36,37,039,37,7*78  "
20698774345560,1788550644942,"$GAGSV,2,1,07,02,60,096,27,15,33,213,26,18,62,017,36,25,10,122,24,1*70  "
20698774367331,1788550644942,"$GAGSV,2,2,07,30,54,332,34,34,86,155,23,36,37,039,31,1*45  "
20698774480612,1788550644942,"$GQGSV,1,1,02,02,23,100,34,03,32,061,35,1*61  "
20698774683737,1788550644942,"$GQGSV,1,1,02,02,23,100,32,03,32,061,28,8*62  "
20698774934623,1788550644942,"$GBGSV,5,1,19,42,08,091,29,38,53,026,38,37,40,310,40,34,03,058,33,1*7A  "
20698775050716,1788550644942,"$GBGSV,5,2,19,33,06,141,31,28,53,277,41,27,14,251,34,25,29,159,35,1*74  "
20698775246654,1788550644942,"$GBGSV,5,3,19,23,71,208,42,14,04,069,26,13,66,337,45,10,13,164,29,1*76  "
20698775433216,1788550644942,"$GBGSV,5,4,19,09,26,145,36,08,37,051,36,07,03,161,24,06,34,118,33,1*77  "
20698775640352,1788550644942,"$GBGSV,5,5,19,03,40,128,34,02,54,175,35,01,16,104,39,1*4A  "
20698775834362,1788550644942,"$GBGSV,2,1,08,23,71,208,41,25,29,159,31,27,14,251,32,28,53,277,38,3*76  "
20698776036914,1788550644942,"$GBGSV,2,2,08,33,06,141,27,37,40,310,41,38,53,026,36,42,08,091,27,3*73  "
20698776240821,1788550644942,"$GBGSV,2,1,08,23,71,208,29,25,29,159,24,27,14,251,24,28,53,277,29,5*7D  "
20698776486602,1788550644942,"$GBGSV,2,2,08,33,06,141,24,37,40,310,34,38,53,026,33,42,08,091,23,5*75  "
20698779752539,1788550644953,"$GNGSA,A,3,06,11,12,14,17,19,21,22,24,,,,0.6,0.4,0.5,1*3D  "
20698780737435,1788550644953,"$PSSGR,GSA,A,3,06,11,14,21,24,,,,,,,,0.6,0.4,0.5,1,8*44  "
20698780749779,1788550644953,"$GNGSA,A,3,80,83,85,,,,,,,,,,0.6,0.4,0.5,2*3B  "
20698781179466,1788550644953,"$GNGSA,A,3,02,15,18,25,30,34,36,,,,,,0.6,0.4,0.5,3*3D  "
20698781513060,1788550644953,"$PSSGR,GSA,A,3,302,315,318,325,330,334,336,,,,,,0.6,0.4,0.5,3,1*73  "
20698781759987,1788550644953,"$GNGSA,A,3,01,02,06,08,09,10,13,23,25,27,28,37,0.6,0.4,0.5,4*39  "
20698782075977,1788550644953,"$PSSGR,GSA,A,3,223,225,228,237,238,242,,,,,,,0.6,0.4,0.5,4,5*4F  "
20698782231706,1788550644953,"$GNGSA,A,3,02,03,,,,,,,,,,,0.6,0.4,0.5,5*33  "
20698782384466,1788550644953,"$PSSGR,GSA,A,3,194,195,,,,,,,,,,,0.6,0.4,0.5,5,8*47  "
20698782504623,1788550644953,"$GNVTG,310.3,T,309.0,M,7.9,N,14.5,K,A*08  "
20698782631550,1788550644953,"$GNDTM,W84,,0000.000000,N,00000.000000,E,0.000,W84*41  "
20698782785560,1788550644953,"$GNRMC,193725.00,A,2831.340798,N,07734.397510,E,7.9,310.3,040926,1.3,E,A,V*59  "
20698783039727,1788550644953,"$GNGNS,193725.00,2831.340798,N,07734.397510,E,AAAAAN,35,0.4,208.5,-54.0,,,V*00  "
20698783061289,1788550644953,"$GNGGA,193725.00,2831.340798,N,07734.397510,E,1,12,0.4,208.5,M,-54.0,M,,*5A  "
20698783214258,1788550644957,"$PSMSG,magcal=PASS,bluesky=0*00 "
20699766077695,1788550645939,"$GPGSV,3,1,12,05,02,189,25,06,64,030,41,11,74,236,37,12,31,320,29,1*6C  "
20699767833841,1788550645939,"$GPGSV,3,2,12,13,00,000,32,14,15,131,43,17,21,067,31,19,46,039,39,1*6C  "
20699767907643,1788550645939,"$GPGSV,3,3,12,21,24,163,31,22,36,122,38,24,35,253,38,40,00,000,37,1*64  "
20699767935299,1788550645939,"$GPGSV,2,1,05,06,64,030,36,11,74,236,27,14,15,131,26,21,24,163,30,8*6C  "
20699769172956,1788550645939,"$GPGSV,2,2,05,24,35,253,36,8*59  "
20699769580612,1788550645939,"$GLGSV,2,1,06,10,00,000,35,09,73,164,38,16,16,151,37,20,63,299,45,1*7A  "
20699769888372,1788550645939,"$GLGSV,2,2,06,19,34,024,40,21,30,247,34,1*75  "
20699770970872,1788550645939,"$GAGSV,2,1,08,02,60,096,26,15,33,213,33,18,62,017,39,25,10,122,27,7*70  "
20699771058633,1788550645939,"$GAGSV,2,2,08,27,09,313,19,30,54,332,41,34,86,155,39,36,37,039,35,7*74  "
20699771553737,1788550645939,"$GAGSV,2,1,07,02,60,096,25,15,33,213,29,18,62,017,36,25,10,122,27,1*7E  "
20699772039258,1788550645939,"$GAGSV,2,2,07,30,54,332,31,34,86,155,23,36,37,039,30,1*41  "
20699772860091,1788550645939,"$GQGSV,1,1,02,02,23,100,34,03,32,061,33,1*67  "
20699773407279,1788550645939,"$GQGSV,1,1,02,02,23,100,30,03,32,061,29,8*61  "
20699774225560,1788550645939,"$GBGSV,5,1,18,42,08,091,34,38,53,026,39,37,40,310,34,34,03,058,33,1*75  "
20699774260404,1788550645939,"$GBGSV,5,2,18,33,06,141,33,28,53,277,39,27,14,251,29,25,29,159,33,1*72  "
20699774414310,1788550645939,"$GBGSV,5,3,18,23,71,208,42,14,04,069,30,13,66,337,46,09,26,145,31,1*77  "
20699774830351,1788550645939,"$GBGSV,5,4,18,08,37,051,34,07,03,161,24,06,34,118,36,03,40,128,34,1*72  "
20699775011029,1788550645939,"$GBGSV,5,5,18,02,54,175,39,01,16,104,41,1*73  "
20699775352435,1788550645939,"$GBGSV,2,1,08,23,71,208,39,25,29,159,30,27,14,251,27,28,53,277,37,3*73  "
20699775590976,1788550645939,"$GBGSV,2,2,08,33,06,141,30,37,40,310,36,38,53,026,38,42,08,091,34,3*79  "
20699775726914,1788550645939,"$GBGSV,2,1,08,23,71,208,28,25,29,159,26,27,14,251,24,28,53,277,23,5*74  "
20699775933685,1788550645939,"$GBGSV,2,2,08,33,06,141,25,37,40,310,26,38,53,026,30,42,08,091,23,5*74  "
20699779404570,1788550645953,"$GNGSA,A,3,06,11,12,14,17,19,21,22,24,,,,0.6,0.4,0.5,1*3D  "
20699779561445,1788550645953,"$PSSGR,GSA,A,3,06,11,14,21,24,,,,,,,,0.6,0.4,0.5,1,8*44  "
20699779721758,1788550645953,"$GNGSA,A,3,80,83,85,,,,,,,,,,0.6,0.4,0.5,2*3B  "
20699779915195,1788550645953,"$GNGSA,A,3,02,15,18,25,30,34,36,,,,,,0.6,0.4,0.5,3*3D  "
20699780076081,1788550645953,"$PSSGR,GSA,A,3,302,315,318,325,330,334,336,,,,,,0.6,0.4,0.5,3,1*73  "
20699780725299,1788550645953,"$GNGSA,A,3,01,02,06,08,09,10,13,23,25,27,28,37,0.6,0.4,0.5,4*39  "
20699780739674,1788550645953,"$PSSGR,GSA,A,3,223,225,228,237,238,242,,,,,,,0.6,0.4,0.5,4,5*4F  "
20699780828737,1788550645953,"$GNGSA,A,3,02,03,,,,,,,,,,,0.6,0.4,0.5,5*33  "
20699780955612,1788550645953,"$PSSGR,GSA,A,3,194,195,,,,,,,,,,,0.6,0.4,0.5,5,8*47  "
20699781090508,1788550645953,"$GNVTG,299.6,T,298.3,M,6.8,N,12.6,K,A*02  "
20699781254674,1788550645953,"$GNDTM,W84,,0000.000000,N,00000.000000,E,0.000,W84*41  "
20699781409883,1788550645953,"$GNRMC,193726.00,A,2831.341946,N,07734.395684,E,6.8,299.6,040926,1.3,E,A,V*5F  "
20699781563685,1788550645953,"$GNGNS,193726.00,2831.341946,N,07734.395684,E,AAAAAN,35,0.4,208.5,-54.0,,,V*03  "
20699781865716,1788550645953,"$GNGGA,193726.00,2831.341946,N,07734.395684,E,1,12,0.4,208.5,M,-54.0,M,,*59  "
20699782054779,1788550645956,"$PSMSG,magcal=PASS,bluesky=0*00 "
20700768690455,1788550646942,"$GPGSV,3,1,12,05,02,189,25,06,64,030,38,11,74,236,40,12,31,320,23,1*68  "
20700770277851,1788550646942,"$GPGSV,3,2,12,13,00,000,30,14,15,131,38,17,21,067,33,19,46,039,34,1*6D  "
20700770318112,1788550646942,"$GPGSV,3,3,12,21,24,163,31,22,36,122,38,24,35,253,37,40,00,000,37,1*6B  "
20700771295612,1788550646942,"$GPGSV,2,1,05,06,64,030,30,11,74,236,36,14,15,131,33,21,24,163,27,8*68  "
20700773780247,1788550646942,"$GPGSV,2,2,05,24,35,253,29,8*57  "
20700773997070,1788550646942,"$GLGSV,2,1,06,10,00,000,32,09,73,164,40,16,16,151,32,20,63,299,43,1*71  "
20700774029205,1788550646942,"$GLGSV,2,2,06,19,34,024,33,21,30,247,32,1*77  "
20700774058737,1788550646942,"$GAGSV,2,1,08,02,60,096,28,15,33,213,39,18,62,017,33,25,10,122,27,7*7E  "
20700774317539,1788550646942,"$GAGSV,2,2,08,27,09,313,19,30,54,332,36,34,86,155,36,36,37,039,35,7*7B  "
20700774438632,1788550646942,"$GAGSV,2,1,07,02,60,096,28,15,33,213,33,18,62,017,32,25,10,122,31,1*7B  "
20700774771393,1788550646942,"$GAGSV,2,2,07,30,54,332,33,34,86,155,29,36,37,039,31,1*48  "
20700774797070,1788550646942,"$GQGSV,1,1,02,02,23,100,34,03,32,061,35,1*61  "
20700775022174,1788550646942,"$GQGSV,1,1,02,02,23,100,32,03,32,061,30,8*6B  "
20700775259778,1788550646942,"$GBGSV,5,1,18,42,08,091,30,38,53,026,39,37,40,310,34,34,03,058,33,1*71  "
20700775501445,1788550646942,"$GBGSV,5,2,18,33,06,141,30,28,53,277,39,27,14,251,30,25,29,159,32,1*78  "
20700775687903,1788550646942,"$GBGSV,5,3,18,23,71,208,45,14,04,069,34,13,66,337,38,09,26,145,31,1*7D  "
20700775889518,1788550646942,"$GBGSV,5,4,18,08,37,051,35,07,03,161,24,06,34,118,37,03,40,128,35,1*73  "
20700776096341,1788550646942,"$GBGSV,5,5,18,02,54,175,40,01,16,104,41,1*7D  "
20700776387643,1788550646942,"$GBGSV,2,1,08,23,71,208,41,25,29,159,29,27,14,251,28,28,53,277,36,3*7A  "
20700776598789,1788550646942,"$GBGSV,2,2,08,33,06,141,27,37,40,310,32,38,53,026,37,42,08,091,27,3*76  "
20700776911809,1788550646942,"$GBGSV,2,1,08,23,71,208,36,25,29,159,26,27,14,251,24,28,53,277,30,5*79  "
20700777151497,1788550646942,"$GBGSV,2,2,08,33,06,141,25,37,40,310,23,38,53,026,27,42,08,091,22,5*76  "
20700780983737,1788550646954,"$GNGSA,A,3,06,11,12,14,17,19,21,22,24,,,,0.6,0.4,0.5,1*3D  "
20700781858789,1788550646954,"$PSSGR,GSA,A,3,06,11,14,21,24,,,,,,,,0.6,0.4,0.5,1,8*44  "
20700782046549,1788550646954,"$GNGSA,A,3,80,83,85,,,,,,,,,,0.6,0.4,0.5,2*3B  "
20700782057539,1788550646954,"$GNGSA,A,3,02,15,18,25,30,34,36,,,,,,0.6,0.4,0.5,3*3D  "
20700782065559,1788550646954,"$PSSGR,GSA,A,3,302,315,318,325,330,334,336,,,,,,0.6,0.4,0.5,3,1*73  "
20700782071080,1788550646954,"$GNGSA,A,3,01,02,06,08,09,10,13,23,25,27,28,37,0.6,0.4,0.5,4*39  "
20700782655664,1788550646954,"$PSSGR,GSA,A,3,223,225,228,237,238,242,,,,,,,0.6,0.4,0.5,4,5*4F  "
20700782669934,1788550646954,"$GNGSA,A,3,02,03,,,,,,,,,,,0.6,0.4,0.5,5*33  "
20700782681653,1788550646954,"$PSSGR,GSA,A,3,194,195,,,,,,,,,,,0.6,0.4,0.5,5,8*47  "
20700782686914,1788550646954,"$GNVTG,268.2,T,266.9,M,7.8,N,14.4,K,A*06  "
20700782749309,1788550646954,"$GNDTM,W84,,0000.000000,N,00000.000000,E,0.000,W84*41  "
20700782761080,1788550646954,"$GNRMC,193727.00,A,2831.342130,N,07734.393449,E,7.8,268.2,040926,1.3,E,A,V*5A  "
20700783009257,1788550646954,"$GNGNS,193727.00,2831.342130,N,07734.393449,E,AAAAAN,35,0.4,208.5,-54.0,,,V*0D  "
20700783032070,1788550646954,"$GNGGA,193727.00,2831.342130,N,07734.393449,E,1,12,0.4,208.5,M,-54.0,M,,*57  "
20700783335820,1788550646957,"$PSMSG,magcal=PASS,bluesky=0*00 "
20701769203580,1788550647942,"$GPGSV,3,1,12,05,02,189,25,06,64,030,33,11,74,236,42,12,31,320,25,1*67  "
20701769251757,1788550647942,"$GPGSV,3,2,12,13,00,000,25,14,15,131,33,17,21,067,36,19,46,039,34,1*67  "
20701769551288,1788550647942,"$GPGSV,3,3,12,21,24,163,34,22,36,122,37,24,35,253,34,40,00,000,38,1*6D  "
20701770020611,1788550647942,"$GPGSV,2,1,05,06,64,030,30,11,74,236,34,14,15,131,24,21,24,163,32,8*68  "
20701770159622,1788550647942,"$GPGSV,2,2,05,24,35,253,26,8*58  "
20701770501340,1788550647942,"$GLGSV,2,1,06,10,00,000,33,09,73,164,37,16,16,151,36,20,63,299,41,1*76  "
20701770968997,1788550647942,"$GLGSV,2,2,06,19,34,024,36,21,30,247,28,1*79  "
20701771678476,1788550647942,"$GAGSV,2,1,08,02,60,096,33,15,33,213,37,18,62,017,31,25,10,122,28,7*77  "
20701772020559,1788550647942,"$GAGSV,2,2,08,27,09,313,19,30,54,332,38,34,86,155,38,36,37,039,34,7*7A  "
20701772368997,1788550647942,"$GAGSV,2,1,07,02,60,096,32,15,33,213,26,18,62,017,30,25,10,122,24,1*72  "
20701772971444,1788550647942,"$GAGSV,2,2,07,30,54,332,29,34,86,155,22,36,37,039,28,1*40  "
20701772995142,1788550647942,"$GQGSV,1,1,02,02,23,100,35,03,32,061,32,1*67  "
20701773089934,1788550647942,"$GQGSV,1,1,02,02,23,100,35,03,32,061,30,8*6C  "
20701773492434,1788550647942,"$GBGSV,5,1,18,42,08,091,30,38,53,026,41,37,40,310,26,33,06,141,27,1*73  "
20701773646861,1788550647942,"$GBGSV,5,2,18,28,53,277,42,27,14,251,28,25,29,159,35,23,71,208,45,1*77  "
20701773979569,1788550647942,"$GBGSV,5,3,18,14,04,069,33,13,66,337,41,10,13,164,30,09,26,145,32,1*78  "
20701774419205,1788550647942,"$GBGSV,5,4,18,08,37,051,36,07,03,161,24,06,34,118,37,03,40,128,38,1*7D  "
20701774676705,1788550647942,"$GBGSV,5,5,18,02,54,175,41,01,16,104,36,1*7C  "
20701774862903,1788550647942,"$GBGSV,2,1,08,23,71,208,42,25,29,159,31,27,14,251,28,28,53,277,39,3*7F  "
20701775110663,1788550647942,"$GBGSV,2,2,08,33,06,141,26,37,40,310,26,38,53,026,39,42,08,091,27,3*7C  "
20701775366184,1788550647942,"$GBGSV,2,1,08,23,71,208,32,25,29,159,28,27,14,251,24,28,53,277,27,5*75  "
20701775503424,1788550647942,"$GBGSV,2,2,08,33,06,141,25,37,40,310,23,38,53,026,26,42,08,091,32,5*76  "
20701779032590,1788550647952,"$GNGSA,A,3,06,11,12,14,17,19,21,22,24,,,,0.6,0.4,0.5,1*3D  "
20701779177538,1788550647952,"$PSSGR,GSA,A,3,06,11,14,21,24,,,,,,,,0.6,0.4,0.5,1,8*44  "
20701779355142,1788550647952,"$GNGSA,A,3,80,83,85,,,,,,,,,,0.6,0.4,0.5,2*3B  "
20701779526497,1788550647952,"$GNGSA,A,3,02,15,18,25,30,34,36,,,,,,0.6,0.4,0.5,3*3D  "
20701780247486,1788550647952,"$PSSGR,GSA,A,3,302,315,318,325,330,334,336,,,,,,0.6,0.4,0.5,3,1*73  "
20701780259413,1788550647952,"$GNGSA,A,3,01,02,06,08,09,10,13,23,25,27,28,37,0.6,0.4,0.5,4*39  "
20701780265924,1788550647952,"$PSSGR,GSA,A,3,223,225,228,237,238,242,,,,,,,0.6,0.4,0.5,4,5*4F  "
20701780393580,1788550647952,"$GNGSA,A,3,02,03,,,,,,,,,,,0.6,0.4,0.5,5*33  "
20701780736549,1788550647952,"$PSSGR,GSA,A,3,194,195,,,,,,,,,,,0.6,0.4,0.5,5,8*47  "
20701780970663,1788550647952,"$GNVTG,231.1,T,229.8,M,8.8,N,16.2,K,A*08  "
20701781330663,1788550647952,"$GNDTM,W84,,0000.000000,N,00000.000000,E,0.000,W84*41  "
20701781525142,1788550647952,"$GNRMC,193728.00,A,2831.340893,N,07734.391358,E,8.8,231.1,040926,1.3,E,A,V*52  "
20701781863736,1788550647952,"$GNGNS,193728.00,2831.340893,N,07734.391358,E,AAAAAN,35,0.4,208.0,-54.0,,,V*00  "
20701781955819,1788550647952,"$GNGGA,193728.00,2831.340893,N,07734.391358,E,1,12,0.4,208.0,M,-54.0,M,,*5A  "
20701782124413,1788550647956,"$PSMSG,magcal=PASS,bluesky=0*00 "
20702766606600,1788550648939,"$GPGSV,3,1,12,05,02,189,25,06,64,030,31,11,74,236,39,12,31,320,25,1*69  "
20702767359100,1788550648939,"$GPGSV,3,2,12,13,00,000,26,14,15,131,35,17,21,067,37,19,46,039,32,1*65  "
20702767921496,1788550648939,"$GPGSV,3,3,12,21,24,163,38,22,36,122,36,24,35,253,33,40,00,000,40,1*68  "
20702768310455,1788550648939,"$GPGSV,2,1,05,06,64,030,32,11,74,236,25,14,15,131,26,21,24,163,35,8*6F  "
20702768658788,1788550648939,"$GPGSV,2,2,05,24,35,253,23,8*5D  "
20702769453892,1788550648939,"$GLGSV,2,1,06,10,00,000,25,09,73,164,36,16,16,151,40,20,63,299,40,1*70  "
20702770067069,1788550648939,"$GLGSV,2,2,06,19,34,024,36,21,30,247,36,1*76  "
20702771037642,1788550648939,"$GAGSV,2,1,08,02,60,096,35,15,33,213,44,18,62,017,27,25,10,122,25,7*7F  "
20702771770246,1788550648939,"$GAGSV,2,2,08,27,09,313,19,30,54,332,33,34,86,155,35,36,37,039,33,7*7B  "
20702772353840,1788550648939,"$GAGSV,2,1,07,02,60,096,35,15,33,213,27,18,62,017,29,25,10,122,26,1*7E  "
20702773254830,1788550648939,"$GAGSV,2,2,07,30,54,332,26,34,86,155,28,36,37,039,27,1*4A  "
20702773604152,1788550648939,"$GQGSV,1,1,02,02,23,100,31,03,32,061,32,1*63  "
20702774133632,1788550648939,"$GQGSV,1,1,02,02,23,100,33,03,32,061,33,8*69  "
20702774500715,1788550648939,"$GBGSV,5,1,18,42,08,091,31,38,53,026,38,37,40,310,26,33,06,141,27,1*7C  "
20702774854309,1788550648939,"$GBGSV,5,2,18,28,53,277,33,27,14,251,34,25,29,159,34,23,71,208,42,1*7A  "
20702775022694,1788550648939,"$GBGSV,5,3,18,14,04,069,30,13,66,337,42,10,13,164,39,09,26,145,36,1*75  "
20702775325194,1788550648939,"$GBGSV,5,4,18,08,37,051,37,07,03,161,24,06,34,118,34,03,40,128,34,1*73  "
20702775539621,1788550648939,"$GBGSV,5,5,18,02,54,175,40,01,16,104,36,1*7D  "
20702775773632,1788550648939,"$GBGSV,2,1,08,23,71,208,39,25,29,159,30,27,14,251,23,28,53,277,30,3*70  "
20702775963059,1788550648939,"$GBGSV,2,2,08,33,06,141,24,37,40,310,27,38,53,026,35,42,08,091,31,3*74  "
20702776142225,1788550648939,"$GBGSV,2,1,08,23,71,208,29,25,29,159,29,27,14,251,24,28,53,277,27,5*7E  "
20702776328527,1788550648939,"$GBGSV,2,2,08,33,06,141,20,37,40,310,23,38,53,026,31,42,08,091,33,5*74  "
20702779761444,1788550648953,"$GNGSA,A,3,06,11,12,14,17,19,21,22,24,,,,0.6,0.4,0.5,1*3D  "
20702779927590,1788550648953,"$PSSGR,GSA,A,3,06,11,14,21,24,,,,,,,,0.6,0.4,0.5,1,8*44  "
20702780139569,1788550648953,"$GNGSA,A,3,80,83,85,,,,,,,,,,0.6,0.4,0.5,2*3B  "
20702780525507,1788550648953,"$GNGSA,A,3,02,15,18,25,30,34,36,,,,,,0.6,0.4,0.5,3*3D  "
20702780733215,1788550648953,"$PSSGR,GSA,A,3,302,315,318,325,330,334,336,,,,,,0.6,0.4,0.5,3,1*73  "
20702781275767,1788550648953,"$GNGSA,A,3,01,02,06,08,09,10,13,23,25,27,28,37,0.6,0.4,0.5,4*39  "
20702781404152,1788550648953,"$PSSGR,GSA,A,3,223,225,228,237,238,242,,,,,,,0.6,0.4,0.5,4,5*4F  "
20702781465194,1788550648953,"$GNGSA,A,3,02,03,,,,,,,,,,,0.6,0.4,0.5,5*33  "
20702781649621,1788550648953,"$PSSGR,GSA,A,3,194,195,,,,,,,,,,,0.6,0.4,0.5,5,8*47  "
20702782181027,1788550648953,"$GNVTG,210.2,T,208.9,M,7.7,N,14.3,K,A*09  "
20702782208944,1788550648953,"$GNDTM,W84,,0000.000000,N,00000.000000,E,0.000,W84*41  "
20702782587069,1788550648953,"$GNRMC,193729.00,A,2831.338881,N,07734.390117,E,7.7,210.2,040926,1.3,E,A,V*57  "
20702782794569,1788550648953,"$GNGNS,193729.00,2831.338881,N,07734.390117,E,AAAAAN,35,0.4,208.2,-54.0,,,V*07  "
20702782807902,1788550648953,"$GNGGA,193729.00,2831.338881,N,07734.390117,E,1,12,0.4,208.2,M,-54.0,M,,*5D  "
20702782814413,1788550648956,"$PSMSG,magcal=PASS,bluesky=0*00 "
20703769425715,1788550649942,"$GPGSV,3,1,12,05,02,189,25,06,64,030,32,11,74,236,37,12,31,320,27,1*66  "
20703770143423,1788550649942,"$GPGSV,3,2,12,13,00,000,26,14,15,131,34,17,21,067,32,19,46,039,32,1*61  "
20703770804360,1788550649942,"$GPGSV,3,3,12,21,24,163,41,22,36,122,38,24,35,253,42,40,00,000,42,1*6C  "
20703771054256,1788550649942,"$GPGSV,2,1,05,06,64,030,31,11,74,236,27,14,15,131,30,21,24,163,41,8*6A  "
20703772241027,1788550649942,"$GPGSV,2,2,05,24,35,253,31,8*5E  "
20703772282954,1788550649942,"$GLGSV,2,1,06,10,00,000,25,09,73,164,35,16,16,151,36,20,63,299,30,1*75  "
20703772432381,1788550649942,"$GLGSV,2,2,06,19,34,024,33,21,30,247,40,1*72  "
20703773623892,1788550649942,"$GAGSV,2,1,08,02,60,096,35,15,33,213,42,18,62,017,28,25,10,122,26,7*75  "
20703773652225,1788550649942,"$GAGSV,2,2,08,27,09,313,19,30,54,332,27,34,86,155,34,36,37,039,33,7*7F  "
20703774138423,1788550649942,"$GAGSV,2,1,07,02,60,096,34,15,33,213,28,18,62,017,25,25,10,122,25,1*7F  "
20703774856600,1788550649942,"$GAGSV,2,2,07,30,54,332,26,34,86,155,26,36,37,039,25,1*46  "
20703775148110,1788550649942,"$GQGSV,1,1,02,02,23,100,33,03,32,061,33,1*60  "
20703775529673,1788550649942,"$GQGSV,1,1,02,02,23,100,34,03,32,061,32,8*6F  "
20703775777329,1788550649942,"$GBGSV,5,1,18,42,08,091,27,38,53,026,36,37,40,310,31,33,06,141,27,1*73  "
20703776166131,1788550649942,"$GBGSV,5,2,18,28,53,277,36,27,14,251,34,25,29,159,40,23,71,208,42,1*7C  "
20703776712329,1788550649942,"$GBGSV,5,3,18,14,04,069,28,13,66,337,31,10,13,164,36,09,26,145,36,1*77  "
20703776736340,1788550649942,"$GBGSV,5,4,18,08,37,051,39,07,03,161,24,06,34,118,35,03,40,128,37,1*7F  "
20703776995871,1788550649942,"$GBGSV,5,5,18,02,54,175,37,01,16,104,32,1*79  "
20703777138840,1788550649942,"$GBGSV,2,1,08,23,71,208,40,25,29,159,37,27,14,251,27,28,53,277,33,3*7E  "
20703777611444,1788550649942,"$GBGSV,2,2,08,33,06,141,22,37,40,310,28,38,53,026,34,42,08,091,25,3*79  "
20703778038787,1788550649942,"$GBGSV,2,1,08,23,71,208,25,25,29,159,32,27,14,251,24,28,53,277,22,5*7D  "
20703778526548,1788550649942,"$GBGSV,2,2,08,33,06,141,29,37,40,310,19,38,53,026,30,42,08,091,30,5*76  "
20703783208527,1788550649957,"$GNGSA,A,3,06,11,12,14,17,19,21,22,24,,,,0.6,0.4,0.5,1*3D  "
20703783709881,1788550649957,"$PSSGR,GSA,A,3,06,11,14,21,24,,,,,,,,0.6,0.4,0.5,1,8*44  "
20703784237225,1788550649957,"$GNGSA,A,3,80,83,85,,,,,,,,,,0.6,0.4,0.5,2*3B  "
20703784253944,1788550649957,"$GNGSA,A,3,02,15,18,25,30,34,36,,,,,,0.6,0.4,0.5,3*3D  "
20703784333944,1788550649957,"$PSSGR,GSA,A,3,302,315,318,325,330,334,336,,,,,,0.6,0.4,0.5,3,1*73  "
20703784668892,1788550649957,"$GNGSA,A,3,01,02,06,08,09,10,13,23,25,27,28,37,0.6,0.4,0.5,4*39  "
20703785444465,1788550649957,"$PSSGR,GSA,A,3,223,225,228,237,238,242,,,,,,,0.6,0.4,0.5,4,5*4F  "
20703785453319,1788550649957,"$GNGSA,A,3,02,03,,,,,,,,,,,0.6,0.4,0.5,5*33  "
20703785459621,1788550649957,"$PSSGR,GSA,A,3,194,195,,,,,,,,,,,0.6,0.4,0.5,5,8*47  "
20703785465350,1788550649957,"$GNVTG,218.3,T,217.0,M,8.1,N,15.0,K,A*0C  "
20703786900142,1788550649957,"$GNDTM,W84,,0000.000000,N,00000.000000,E,0.000,W84*41  "
20703787137642,1788550649957,"$GNRMC,193730.00,A,2831.336892,N,07734.388846,E,8.1,218.3,040926,1.3,E,A,V*57  "
20703787269256,1788550649957,"$GNGNS,193730.00,2831.336892,N,07734.388846,E,AAAAAN,35,0.4,207.8,-54.0,,,V*02  "
20703787471183,1788550649957,"$GNGGA,193730.00,2831.336892,N,07734.388846,E,1,12,0.4,207.8,M,-54.0,M,,*58  "
20703787615246,1788550649961,"$PSMSG,magcal=PASS,bluesky=0*00 "
20704767803266,1788550650941,"$GPGSV,3,1,12,05,02,189,25,06,64,030,30,11,74,236,38,12,31,320,34,1*69  "
20704768458787,1788550650941,"$GPGSV,3,2,12,13,00,000,29,14,15,131,40,17,21,067,37,19,46,039,32,1*68  "
20704769818891,1788550650941,"$GPGSV,3,3,12,21,24,163,39,22,36,122,35,24,35,253,41,40,00,000,41,1*6E  "
20704770261027,1788550650941,"$GPGSV,2,1,05,06,64,030,26,11,74,236,29,14,15,131,33,21,24,163,38,8*6F  "
20704770783631,1788550650941,"$GPGSV,2,2,05,24,35,253,30,8*5F  "
20704771529100,1788550650941,"$GLGSV,2,1,06,10,00,000,25,09,73,164,35,16,16,151,36,20,63,299,39,1*7C  "
20704771576912,1788550650941,"$GLGSV,2,2,06,19,34,024,30,21,30,247,39,1*7F  "
20704772127329,1788550650941,"$GAGSV,2,1,08,02,60,096,36,15,33,213,37,18,62,017,27,25,10,122,21,7*7C  "
20704772710089,1788550650941,"$GAGSV,2,2,08,27,09,313,19,30,54,332,33,34,86,155,35,36,37,039,26,7*7F  "
20704773113370,1788550650941,"$GAGSV,2,1,07,02,60,096,31,15,33,213,28,18,62,017,25,25,10,122,26,1*79  "
20704773498162,1788550650941,"$GAGSV,2,2,07,30,54,332,21,34,86,155,28,36,37,039,22,1*48  "
20704774299152,1788550650941,"$GQGSV,1,1,02,02,23,100,32,03,32,061,33,1*61  "
20704774614672,1788550650941,"$GQGSV,1,1,02,02,23,100,30,03,32,061,25,8*6D  "
20704774906860,1788550650941,"$GBGSV,5,1,19,42,08,091,28,38,53,026,29,37,40,310,35,34,03,058,26,1*7D  "
20704775150506,1788550650941,"$GBGSV,5,2,19,33,06,141,28,28,53,277,42,27,14,251,29,25,29,159,41,1*70  "
20704775432172,1788550650941,"$GBGSV,5,3,19,23,71,208,44,14,04,069,25,13,66,337,40,10,13,164,25,1*7A  "
20704775582797,1788550650941,"$GBGSV,5,4,19,09,26,145,39,08,37,051,33,07,03,161,24,06,34,118,32,1*7C  "
20704775873631,1788550650941,"$GBGSV,5,5,19,03,40,128,36,02,54,175,36,01,16,104,34,1*46  "
20704776125350,1788550650941,"$GBGSV,2,1,08,23,71,208,41,25,29,159,39,27,14,251,21,28,53,277,40,3*73  "
20704776339152,1788550650941,"$GBGSV,2,2,08,33,06,141,23,37,40,310,33,38,53,026,26,42,08,091,26,3*72  "
20704776617277,1788550650941,"$GBGSV,2,1,08,23,71,208,25,25,29,159,31,27,14,251,24,28,53,277,30,5*7D  "
20704776866339,1788550650941,"$GBGSV,2,2,08,33,06,141,27,37,40,310,30,38,53,026,23,42,08,091,31,5*70  "
20704780610766,1788550650954,"$GNGSA,A,3,06,11,12,14,17,19,21,22,24,,,,0.6,0.4,0.5,1*3D  "
20704781713266,1788550650954,"$PSSGR,GSA,A,3,06,11,14,21,24,,,,,,,,0.6,0.4,0.5,1,8*44  "
20704782119100,1788550650954,"$GNGSA,A,3,80,83,85,,,,,,,,,,0.6,0.4,0.5,2*3B  "
20704782910454,1788550650954,"$GNGSA,A,3,02,15,18,25,30,34,36,,,,,,0.6,0.4,0.5,3*3D  "
20704782919152,1788550650954,"$PSSGR,GSA,A,3,302,315,318,325,330,334,336,,,,,,0.6,0.4,0.5,3,1*73  "
20704783059204,1788550650954,"$GNGSA,A,3,01,02,06,08,09,10,13,23,25,27,28,37,0.6,0.4,0.5,4*39  "
20704783195975,1788550650954,"$PSSGR,GSA,A,3,223,225,228,237,238,242,,,,,,,0.6,0.4,0.5,4,5*4F  "
20704783397329,1788550650954,"$GNGSA,A,3,02,03,,,,,,,,,,,0.6,0.4,0.5,5*33  "
20704783564308,1788550650954,"$PSSGR,GSA,A,3,194,195,,,,,,,,,,,0.6,0.4,0.5,5,8*47  "
20704783858735,1788550650954,"$GNVTG,236.7,T,235.4,M,8.1,N,15.0,K,A*00  "
20704783888891,1788550650954,"$GNDTM,W84,,0000.000000,N,00000.000000,E,0.000,W84*41  "
20704784053995,1788550650954,"$GNRMC,193731.00,A,2831.335442,N,07734.386922,E,8.1,236.7,040926,1.3,E,A,V*51  "
20704784173995,1788550650954,"$GNGNS,193731.00,2831.335442,N,07734.386922,E,AAAAAN,35,0.4,207.9,-54.0,,,V*0D  "
20704784330558,1788550650954,"$GNGGA,193731.00,2831.335442,N,07734.386922,E,1,12,0.4,207.9,M,-54.0,M,,*57  "
20704784470558,1788550650958,"$PSMSG,magcal=PASS,bluesky=0*00 "
20705769358839,1788550651942,"$GPGSV,3,1,12,05,02,189,25,06,64,030,33,11,74,236,38,12,31,320,42,1*6B  "
20705769714464,1788550651942,"$GPGSV,3,2,12,13,00,000,37,14,15,131,35,17,21,067,35,19,46,039,33,1*66  "
20705769925193,1788550651942,"$GPGSV,3,3,12,21,24,163,33,22,36,122,35,24,35,253,43,40,00,000,39,1*69  "
20705770281964,1788550651942,"$GPGSV,2,1,05,06,64,030,30,11,74,236,29,14,15,131,35,21,24,163,31,8*67  "
20705770673630,1788550651942,"$GPGSV,2,2,05,24,35,253,32,8*5D  "
20705770863005,1788550651942,"$GLGSV,2,1,06,10,00,000,29,09,73,164,36,16,16,151,37,20,63,299,42,1*7E  "
20705772481964,1788550651942,"$GLGSV,2,2,06,19,34,024,26,21,30,247,33,1*72  "
20705772848578,1788550651942,"$GAGSV,2,1,08,02,60,096,36,15,33,213,35,18,62,017,36,25,10,122,29,7*76  "
20705772890766,1788550651942,"$GAGSV,2,2,08,27,09,313,19,30,54,332,35,34,86,155,35,36,37,039,26,7*79  "
20705772904724,1788550651942,"$GAGSV,2,1,07,02,60,096,29,15,33,213,28,18,62,017,28,25,10,122,29,1*72  "
20705773671651,1788550651942,"$GAGSV,2,2,07,30,54,332,33,34,86,155,28,36,37,039,22,1*4B  "
20705773698683,1788550651942,"$GQGSV,1,1,02,02,23,100,33,03,32,061,34,1*67  "
20705774174151,1788550651942,"$GQGSV,1,1,02,02,23,100,30,03,32,061,25,8*6D  "
20705774226443,1788550651942,"$GBGSV,5,1,19,42,08,091,26,38,53,026,35,37,40,310,41,34,03,058,27,1*7C  "
20705774249203,1788550651942,"$GBGSV,5,2,19,33,06,141,28,28,53,277,38,27,14,251,26,25,29,159,36,1*72  "
20705774467172,1788550651942,"$GBGSV,5,3,19,23,71,208,43,14,04,069,24,13,66,337,41,10,13,164,32,1*7B  "
20705774704151,1788550651942,"$GBGSV,5,4,19,09,26,145,39,08,37,051,30,07,03,161,24,06,34,118,36,1*7B  "
20705774724933,1788550651942,"$GBGSV,5,5,19,03,40,128,39,02,54,175,36,01,16,104,34,1*49  "
20705775157433,1788550651942,"$GBGSV,2,1,08,23,71,208,40,25,29,159,33,27,14,251,21,28,53,277,38,3*77  "
20705775180610,1788550651942,"$GBGSV,2,2,08,33,06,141,23,37,40,310,40,38,53,026,33,42,08,091,24,3*70  "
20705775186599,1788550651942,"$GBGSV,2,1,08,23,71,208,26,25,29,159,30,27,14,251,24,28,53,277,30,5*7F  "
20705775449828,1788550651942,"$GBGSV,2,2,08,33,06,141,27,37,40,310,37,38,53,026,23,42,08,091,29,5*7E  "
20705777670610,1788550651951,"$GNGSA,A,3,06,11,12,14,17,19,21,22,24,,,,0.6,0.4,0.5,1*3D  "
20705777822172,1788550651951,"$PSSGR,GSA,A,3,06,11,14,21,24,,,,,,,,0.6,0.4,0.5,1,8*44  "
20705777908058,1788550651951,"$GNGSA,A,3,80,83,85,,,,,,,,,,0.6,0.4,0.5,2*3B  "
20705778045349,1788550651951,"$GNGSA,A,3,02,15,18,25,30,34,36,,,,,,0.6,0.4,0.5,3*3D  "
20705778559776,1788550651951,"$PSSGR,GSA,A,3,302,315,318,325,330,334,336,,,,,,0.6,0.4,0.5,3,1*73  "
20705778744099,1788550651951,"$GNGSA,A,3,01,02,06,08,09,10,13,23,25,27,28,37,0.6,0.4,0.5,4*39  "
20705778959620,1788550651951,"$PSSGR,GSA,A,3,223,225,228,237,238,242,,,,,,,0.6,0.4,0.5,4,5*4F  "
20705779116339,1788550651951,"$GNGSA,A,3,02,03,,,,,,,,,,,0.6,0.4,0.5,5*33  "
20705779350505,1788550651951,"$PSSGR,GSA,A,3,194,195,,,,,,,,,,,0.6,0.4,0.5,5,8*47  "
20705779589568,1788550651951,"$GNVTG,251.0,T,249.7,M,8.1,N,15.0,K,A*0E  "
20705779600141,1788550651951,"$GNDTM,W84,,0000.000000,N,00000.000000,E,0.000,W84*41  "
20705779660662,1788550651951,"$GNRMC,193732.00,A,2831.334587,N,07734.384583,E,8.1,251.0,040926,1.3,E,A,V*58  "
20705779901339,1788550651951,"$GNGNS,193732.00,2831.334587,N,07734.384583,E,AAAAAN,35,0.4,208.0,-54.0,,,V*04  "
20705780035193,1788550651951,"$GNGGA,193732.00,2831.334587,N,07734.384583,E,1,12,0.4,208.0,M,-54.0,M,,*5E  "
20705780206651,1788550651954,"$PSMSG,magcal=PASS,bluesky=0*00 "
20706768191755,1788550652940,"$GPGSV,3,1,12,05,02,189,25,06,64,030,38,11,74,236,39,12,31,320,46,1*65  "
20706768242432,1788550652940,"$GPGSV,3,2,12,13,00,000,44,14,15,131,33,17,21,067,33,19,46,039,29,1*69  "
20706768259724,1788550652940,"$GPGSV,3,3,12,21,24,163,27,22,36,122,40,24,35,253,41,40,00,000,38,1*6D  "
20706768275609,1788550652940,"$GPGSV,2,1,05,06,64,030,31,11,74,236,28,14,15,131,34,21,24,163,24,8*62  "
20706768296443,1788550652940,"$GPGSV,2,2,05,24,35,253,33,8*5C  "
20706768531286,1788550652940,"$GLGSV,2,1,06,10,00,000,33,09,73,164,39,16,16,151,31,20,63,299,42,1*7C  "
20706768725036,1788550652940,"$GLGSV,2,2,06,19,34,024,25,21,30,247,33,1*71  "
20706769100505,1788550652940,"$GAGSV,2,1,08,02,60,096,31,15,33,213,34,18,62,017,38,25,10,122,26,7*71  "
20706769349776,1788550652940,"$GAGSV,2,2,08,27,09,313,15,30,54,332,37,34,86,155,37,36,37,039,29,7*7A  "
20706769739411,1788550652940,"$GAGSV,2,1,07,02,60,096,30,15,33,213,27,18,62,017,30,25,10,122,34,1*70  "
20706770026703,1788550652940,"$GAGSV,2,2,07,30,54,332,34,34,86,155,27,36,37,039,22,1*43  "
20706770548838,1788550652940,"$GQGSV,1,1,02,02,23,100,32,03,32,061,29,1*6A  "
20706770844724,1788550652940,"$GQGSV,1,1,02,02,23,100,31,03,32,061,27,8*6E  "
20706771101599,1788550652940,"$GBGSV,5,1,18,42,08,091,27,38,53,026,39,37,40,310,43,34,03,058,27,1*72  "
20706771921078,1788550652940,"$GBGSV,5,2,18,33,06,141,25,28,53,277,36,27,14,251,26,25,29,159,29,1*7E  "
20706771946495,1788550652940,"$GBGSV,5,3,18,23,71,208,43,14,04,069,26,13,66,337,42,10,13,164,32,1*7B  "
20706771959151,1788550652940,"$GBGSV,5,4,18,09,26,145,28,08,37,051,35,06,34,118,41,03,40,128,39,1*7D  "
20706772084411,1788550652940,"$GBGSV,5,5,18,02,54,175,35,01,16,104,34,1*7D  "
20706772108161,1788550652940,"$GBGSV,2,1,08,23,71,208,41,25,29,159,25,27,14,251,21,28,53,277,35,3*7C  "
20706772331911,1788550652940,"$GBGSV,2,2,08,33,06,141,23,37,40,310,42,38,53,026,37,42,08,091,26,3*74  "
20706772533005,1788550652940,"$GBGSV,2,1,08,23,71,208,28,25,29,159,21,27,14,251,24,28,53,277,30,5*71  "
20706772778838,1788550652940,"$GBGSV,2,2,08,33,06,141,27,37,40,310,34,38,53,026,21,42,08,091,25,5*73  "
20706776064151,1788550652950,"$GNGSA,A,3,06,11,12,14,17,19,21,22,24,,,,0.6,0.4,0.5,1*3D  "
20706776425922,1788550652950,"$PSSGR,GSA,A,3,06,11,14,21,24,,,,,,,,0.6,0.4,0.5,1,8*44  "
20706776456755,1788550652950,"$GNGSA,A,3,80,83,85,,,,,,,,,,0.6,0.4,0.5,2*3B  "
20706777622120,1788550652950,"$GNGSA,A,3,02,15,18,25,30,34,36,,,,,,0.6,0.4,0.5,3*3D  "
20706777637693,1788550652950,"$PSSGR,GSA,A,3,302,315,318,325,330,334,336,,,,,,0.6,0.4,0.5,3,1*73  "
20706777644724,1788550652950,"$GNGSA,A,3,01,02,06,08,09,10,13,23,25,27,28,37,0.6,0.4,0.5,4*39  "
20706777650557,1788550652950,"$PSSGR,GSA,A,3,223,225,228,237,238,242,,,,,,,0.6,0.4,0.5,4,5*4F  "
20706777656286,1788550652950,"$GNGSA,A,3,02,03,,,,,,,,,,,0.6,0.4,0.5,5*33  "
20706777913370,1788550652950,"$PSSGR,GSA,A,3,194,195,,,,,,,,,,,0.6,0.4,0.5,5,8*47  "
20706778388526,1788550652950,"$GNVTG,267.4,T,266.1,M,8.9,N,16.5,K,A*0A  "
20706778588005,1788550652950,"$GNDTM,W84,,0000.000000,N,00000.000000,E,0.000,W84*41  "
20706778925401,1788550652950,"$GNRMC,193733.00,A,2831.334372,N,07734.381901,E,8.9,267.4,040926,1.3,E,A,V*5F  "
20706778938995,1788550652950,"$GNGNS,193733.00,2831.334372,N,07734.381901,E,AAAAAN,35,0.4,208.0,-54.0,,,V*0A  "
20706779121495,1788550652950,"$GNGGA,193733.00,2831.334372,N,07734.381901,E,1,12,0.4,208.0,M,-54.0,M,,*50  "
20706779408213,1788550652953,"$PSMSG,magcal=PASS,bluesky=0*00 "
20707767334671,1788550653940,"$GPGSV,3,1,12,05,02,189,25,06,64,030,41,11,74,236,39,12,31,320,39,1*63  "
20707767740088,1788550653940,"$GPGSV,3,2,12,13,00,000,38,14,15,131,35,17,21,067,31,19,46,039,37,1*69  "
20707768607171,1788550653940,"$GPGSV,3,3,12,21,24,163,27,22,36,122,38,24,35,253,40,40,00,000,40,1*6C  "
20707768626338,1788550653940,"$GPGSV,2,1,05,06,64,030,30,11,74,236,27,14,15,131,26,21,24,163,23,8*68  "
20707769387119,1788550653940,"$GPGSV,2,2,05,24,35,253,33,8*5C  "
20707769428369,1788550653940,"$GLGSV,2,1,06,10,00,000,34,09,73,164,39,16,16,151,33,20,63,299,40,1*7B  "
20707769451234,1788550653940,"$GLGSV,2,2,06,19,34,024,33,21,30,247,29,1*7D  "
20707770051911,1788550653940,"$GAGSV,2,1,08,02,60,096,25,15,33,213,28,18,62,017,41,25,10,122,29,7*78  "
20707770538838,1788550653940,"$GAGSV,2,2,08,27,09,313,15,30,54,332,39,34,86,155,37,36,37,039,29,7*74  "
20707770936442,1788550653940,"$GAGSV,2,1,07,02,60,096,28,15,33,213,29,18,62,017,32,25,10,122,33,1*72  "
20707771344411,1788550653940,"$GAGSV,2,2,07,30,54,332,33,34,86,155,26,36,37,039,21,1*46  "
20707771653734,1788550653940,"$GQGSV,1,1,02,02,23,100,33,03,32,061,31,1*62  "
20707771832171,1788550653940,"$GQGSV,1,1,02,02,23,100,30,03,32,061,25,8*6D  "
20707772154515,1788550653940,"$GBGSV,5,1,17,42,08,091,26,38,53,026,42,37,40,310,37,33,06,141,29,1*76  "
20707772425869,1788550653940,"$GBGSV,5,2,17,28,53,277,34,27,14,251,23,25,29,159,29,23,71,208,43,1*79  "
20707772793786,1788550653940,"$GBGSV,5,3,17,14,04,069,34,13,66,337,44,10,13,164,28,09,26,145,28,1*77  "
20707773005088,1788550653940,"$GBGSV,5,4,17,08,37,051,35,06,34,118,36,03,40,128,37,02,54,175,39,1*71  "
20707773499880,1788550653940,"$GBGSV,5,5,17,01,16,104,39,1*49  "
20707773638942,1788550653940,"$GBGSV,2,1,08,23,71,208,40,25,29,159,24,27,14,251,21,28,53,277,32,3*7B  "
20707773679151,1788550653940,"$GBGSV,2,2,08,33,06,141,26,37,40,310,37,38,53,026,39,42,08,091,23,3*78  "
20707774180296,1788550653940,"$GBGSV,2,1,08,23,71,208,25,25,29,159,23,27,14,251,24,28,53,277,31,5*7F  "
20707774231911,1788550653940,"$GBGSV,2,2,08,33,06,141,27,37,40,310,34,38,53,026,26,42,08,091,25,5*74  "
20707777895817,1788550653951,"$GNGSA,A,3,06,11,12,14,17,19,21,22,24,,,,0.6,0.4,0.5,1*3D  "
20707778027119,1788550653951,"$PSSGR,GSA,A,3,06,11,14,21,24,,,,,,,,0.6,0.4,0.5,1,8*44  "
20707778740973,1788550653951,"$GNGSA,A,3,80,83,85,,,,,,,,,,0.6,0.4,0.5,2*3B  "
20707778766182,1788550653951,"$GNGSA,A,3,02,15,18,25,30,34,36,,,,,,0.6,0.4,0.5,3*3D  "
20707779413421,1788550653951,"$PSSGR,GSA,A,3,302,315,318,325,330,334,336,,,,,,0.6,0.4,0.5,3,1*73  "
20707779526130,1788550653951,"$GNGSA,A,3,01,02,06,08,09,10,13,23,25,27,28,37,0.6,0.4,0.5,4*39  "
20707779548057,1788550653951,"$PSSGR,GSA,A,3,223,225,228,237,238,242,,,,,,,0.6,0.4,0.5,4,5*4F  "
20707779557015,1788550653951,"$GNGSA,A,3,02,03,,,,,,,,,,,0.6,0.4,0.5,5*33  "
20707779564255,1788550653951,"$PSSGR,GSA,A,3,194,195,,,,,,,,,,,0.6,0.4,0.5,5,8*47  "
20707779774984,1788550653951,"$GNVTG,296.2,T,294.9,M,10.0,N,18.6,K,A*3A  "
20707780378526,1788550653951,"$GNDTM,W84,,0000.000000,N,00000.000000,E,0.000,W84*41  "
20707780669515,1788550653951,"$GNRMC,193734.00,A,2831.335731,N,07734.379038,E,10.0,296.2,040926,1.3,E,A,V*66  "
20707780727067,1788550653951,"$GNGNS,193734.00,2831.335731,N,07734.379038,E,AAAAAN,35,0.4,207.9,-54.0,,,V*0D  "
20707780996338,1788550653951,"$GNGGA,193734.00,2831.335731,N,07734.379038,E,1,12,0.4,207.9,M,-54.0,M,,*57  "
20707781466026,1788550653955,"$PSMSG,magcal=PASS,bluesky=0*00 "
20708768816025,1788550654941,"$GPGSV,3,1,12,05,02,189,25,06,64,030,41,11,74,236,38,12,31,320,31,1*6A  "
20708768836806,1788550654941,"$GPGSV,3,2,12,13,00,000,33,14,15,131,35,17,21,067,27,19,46,039,41,1*64  "
20708768963838,1788550654941,"$GPGSV,3,3,12,21,24,163,32,22,36,122,35,24,35,253,32,40,00,000,41,1*61  "
20708769116286,1788550654941,"$GPGSV,2,1,05,06,64,030,34,11,74,236,29,14,15,131,25,21,24,163,23,8*61  "
20708769291598,1788550654941,"$GPGSV,2,2,05,24,35,253,32,8*5D  "
20708769576702,1788550654941,"$GLGSV,2,1,06,10,00,000,33,09,73,164,38,16,16,151,34,20,63,299,41,1*7B  "
20708769740296,1788550654941,"$GLGSV,2,2,06,19,34,024,35,21,30,247,32,1*71  "
20708769912067,1788550654941,"$GAGSV,2,1,08,02,60,096,28,15,33,213,32,18,62,017,38,25,10,122,28,7*71  "
20708770128681,1788550654941,"$GAGSV,2,2,08,27,09,313,23,30,54,332,38,34,86,155,37,36,37,039,32,7*7A  "
20708770731286,1788550654941,"$GAGSV,2,1,07,02,60,096,24,15,33,213,27,18,62,017,36,25,10,122,25,1*73  "
20708771174983,1788550654941,"$GAGSV,2,2,07,30,54,332,32,34,86,155,26,36,37,039,26,1*40  "
20708771669619,1788550654941,"$GQGSV,1,1,02,02,23,100,35,03,32,061,31,1*64  "
20708772194306,1788550654941,"$GQGSV,1,1,02,02,23,100,30,03,32,061,25,8*6D  "
20708773106077,1788550654941,"$GBGSV,4,1,16,42,08,091,30,38,53,026,42,37,40,310,35,33,06,141,29,1*73  "
20708773130244,1788550654941,"$GBGSV,4,2,16,28,53,277,31,27,14,251,23,25,29,159,31,23,71,208,44,1*72  "
20708773635504,1788550654941,"$GBGSV,4,3,16,14,04,069,29,13,66,337,45,10,13,164,30,08,37,051,34,1*7B  "
20708773666025,1788550654941,"$GBGSV,4,4,16,06,34,118,33,03,40,128,35,02,54,175,37,01,16,104,38,1*7E  "
20708774408108,1788550654941,"$GBGSV,2,1,08,23,71,208,42,25,29,159,28,27,14,251,21,28,53,277,30,3*77  "
20708774437536,1788550654941,"$GBGSV,2,2,08,33,06,141,26,37,40,310,32,38,53,026,39,42,08,091,29,3*77  "
20708774701546,1788550654941,"$GBGSV,2,1,08,23,71,208,28,25,29,159,21,27,14,251,24,28,53,277,29,5*79  "
20708774839254,1788550654941,"$GBGSV,2,2,08,33,06,141,27,37,40,310,26,38,53,026,30,42,08,091,19,5*7F  "
20708777983525,1788550654951,"$GNGSA,A,3,06,11,12,14,17,19,21,22,24,,,,0.6,0.4,0.5,1*3D  "
20708778173265,1788550654951,"$PSSGR,GSA,A,3,06,11,14,21,24,,,,,,,,0.6,0.4,0.5,1,8*44  "
20708778391806,1788550654951,"$GNGSA,A,3,80,83,85,,,,,,,,,,0.6,0.4,0.5,2*3B  "
20708778632223,1788550654951,"$GNGSA,A,3,02,15,18,25,30,34,36,,,,,,0.6,0.4,0.5,3*3D  "
20708778855921,1788550654951,"$PSSGR,GSA,A,3,302,315,318,325,330,334,336,,,,,,0.6,0.4,0.5,3,1*73  "
20708779615400,1788550654951,"$GNGSA,A,3,01,02,06,08,09,10,13,23,25,27,28,37,0.6,0.4,0.5,4*39  "
20708780008004,1788550654951,"$PSSGR,GSA,A,3,223,225,228,237,238,242,,,,,,,0.6,0.4,0.5,4,5*4F  "
20708780269515,1788550654951,"$GNGSA,A,3,02,03,,,,,,,,,,,0.6,0.4,0.5,5*33  "
20708780423786,1788550654951,"$PSSGR,GSA,A,3,194,195,,,,,,,,,,,0.6,0.4,0.5,5,8*47  "
20708780645973,1788550654951,"$GNVTG,307.0,T,305.7,M,11.1,N,20.6,K,A*3D  "
20708780857067,1788550654951,"$GNDTM,W84,,0000.000000,N,00000.000000,E,0.000,W84*41  "
20708781157744,1788550654951,"$GNRMC,193735.00,A,2831.337260,N,07734.376192,E,11.1,307.0,040926,1.3,E,A,V*61  "
20708781978108,1788550654951,"$GNGNS,193735.00,2831.337260,N,07734.376192,E,AAAAAN,35,0.4,207.8,-54.0,,,V*00  "
20708782250817,1788550654951,"$GNGGA,193735.00,2831.337260,N,07734.376192,E,1,12,0.4,207.8,M,-54.0,M,,*5A  "
20708782451338,1788550654956,"$PSMSG,magcal=PASS,bluesky=0*00 "
20709771385869,1788550655943,"$GPGSV,3,1,12,05,02,189,25,06,64,030,39,11,74,236,32,12,31,320,34,1*6A  "
20709771414410,1788550655943,"$GPGSV,3,2,12,13,00,000,33,14,15,131,34,17,21,067,27,19,46,039,35,1*66  "
20709771426181,1788550655943,"$GPGSV,3,3,12,21,24,163,30,22,36,122,35,24,35,253,33,40,00,000,41,1*62  "
20709772374619,1788550655943,"$GPGSV,2,1,05,06,64,030,36,11,74,236,28,14,15,131,25,21,24,163,26,8*67  "
20709772397796,1788550655943,"$GPGSV,2,2,05,24,35,253,30,8*5F  "
20709772419566,1788550655943,"$GLGSV,2,1,06,10,00,000,23,09,73,164,34,16,16,151,29,20,63,299,37,1*7B  "
20709772432535,1788550655943,"$GLGSV,2,2,06,19,34,024,25,21,30,247,32,1*70  "
20709772593316,1788550655943,"$GAGSV,2,1,08,02,60,096,25,15,33,213,30,18,62,017,38,25,10,122,28,7*7E  "
20709774245400,1788550655943,"$GAGSV,2,2,08,27,09,313,29,30,54,332,30,34,86,155,36,36,37,039,33,7*78  "
20709774266962,1788550655943,"$GAGSV,2,1,07,02,60,096,25,15,33,213,27,18,62,017,33,25,10,122,25,1*77  "
20709774275087,1788550655943,"$GAGSV,2,2,07,30,54,332,27,34,86,155,24,36,37,039,29,1*49  "
20709774288733,1788550655943,"$GQGSV,1,1,02,02,23,100,36,03,32,061,32,1*64  "
20709774295296,1788550655943,"$GQGSV,1,1,02,02,23,100,30,03,32,061,28,8*60  "
20709774301233,1788550655943,"$GBGSV,4,1,16,42,08,091,27,38,53,026,40,37,40,310,32,33,06,141,22,1*7B  "
20709774597119,1788550655943,"$GBGSV,4,2,16,28,53,277,36,27,14,251,26,25,29,159,31,23,71,208,39,1*7A  "
20709774668733,1788550655943,"$GBGSV,4,3,16,14,04,069,25,13,66,337,40,10,13,164,30,08,37,051,36,1*70  "
20709774951337,1788550655943,"$GBGSV,4,4,16,06,34,118,33,03,40,128,38,02,54,175,35,01,16,104,38,1*71  "
20709774978264,1788550655943,"$GBGSV,2,1,08,23,71,208,38,25,29,159,28,27,14,251,21,28,53,277,32,3*78  "
20709774988629,1788550655943,"$GBGSV,2,2,08,33,06,141,26,37,40,310,29,38,53,026,37,42,08,091,25,3*7F  "
20709775173264,1788550655943,"$GBGSV,2,1,08,23,71,208,27,25,29,159,23,27,14,251,24,28,53,277,26,5*7B  "
20709775434827,1788550655943,"$GBGSV,2,2,08,33,06,141,27,37,40,310,28,38,53,026,31,42,08,091,19,5*70  "
20709777618316,1788550655951,"$GNGSA,A,3,06,11,12,14,17,19,21,22,24,,,,0.6,0.4,0.5,1*3D  "
20709778119723,1788550655951,"$PSSGR,GSA,A,3,06,11,14,21,24,,,,,,,,0.6,0.4,0.5,1,8*44  "
20709778496077,1788550655951,"$GNGSA,A,3,80,83,85,,,,,,,,,,0.6,0.4,0.5,2*3B  "
20709778766806,1788550655951,"$GNGSA,A,3,02,15,18,25,27,30,34,36,,,,,0.6,0.4,0.5,3*38  "
20709778940816,1788550655951,"$PSSGR,GSA,A,3,302,315,318,325,330,334,336,,,,,,0.6,0.4,0.5,3,1*73  "
20709779095921,1788550655951,"$GNGSA,A,3,01,02,06,08,09,10,13,23,25,27,28,37,0.6,0.4,0.5,4*39  "
20709779738004,1788550655951,"$PSSGR,GSA,A,3,223,225,228,237,238,242,,,,,,,0.6,0.4,0.5,4,5*4F  "
20709779764462,1788550655951,"$GNGSA,A,3,02,03,,,,,,,,,,,0.6,0.4,0.5,5*33  "
20709779772483,1788550655951,"$PSSGR,GSA,A,3,194,195,,,,,,,,,,,0.6,0.4,0.5,5,8*47  "
20709779935296,1788550655951,"$GNVTG,306.0,T,304.7,M,11.2,N,20.7,K,A*3F  "
20709781046806,1788550655951,"$GNDTM,W84,,0000.000000,N,00000.000000,E,0.000,W84*41  "
20709781061858,1788550655951,"$GNRMC,193736.00,A,2831.339217,N,07734.373540,E,11.2,306.0,040926,1.3,E,A,V*60  "
20709781068056,1788550655951,"$GNGNS,193736.00,2831.339217,N,07734.373540,E,AAAAAN,36,0.4,207.6,-54.0,,,V*0E  "
20709781081962,1788550655951,"$GNGGA,193736.00,2831.339217,N,07734.373540,E,1,12,0.4,207.6,M,-54.0,M,,*57  "
20709781087587,1788550655954,"$PSMSG,magcal=PASS,bluesky=0*00 "
20710772193108,1788550656944,"$GPGSV,3,1,12,05,02,189,25,06,64,030,36,11,74,236,35,12,31,320,34,1*62  "
20710773995295,1788550656944,"$GPGSV,3,2,12,13,00,000,34,14,15,131,33,17,21,067,31,19,46,039,26,1*63  "
20710774303941,1788550656944,"$GPGSV,3,3,12,21,24,163,29,22,36,122,36,24,35,253,38,40,00,000,35,1*61  "
20710774617587,1788550656944,"$GPGSV,2,1,05,06,64,030,31,11,74,236,29,14,15,131,22,21,24,163,22,8*62  "
20710774910712,1788550656944,"$GPGSV,2,2,05,24,35,253,35,8*5A  "
20710775158368,1788550656944,"$GLGSV,2,1,06,10,00,000,28,09,73,164,32,16,16,151,29,20,63,299,34,1*75  "
20710775445451,1788550656944,"$GLGSV,2,2,06,19,34,024,25,21,30,247,33,1*71  "
20710775686076,1788550656944,"$GAGSV,2,1,08,02,60,096,25,15,33,213,30,18,62,017,33,25,10,122,37,7*7B  "
20710775884826,1788550656944,"$GAGSV,2,2,08,27,09,313,32,30,54,332,33,34,86,155,30,36,37,039,33,7*77  "
20710776088472,1788550656944,"$GAGSV,2,1,08,02,60,096,20,15,33,213,27,18,62,017,31,25,10,122,26,1*7C  "
20710776303108,1788550656944,"$GAGSV,2,2,08,27,09,313,19,30,54,332,28,34,86,155,23,36,37,039,29,1*7B  "
20710776499045,1788550656944,"$GQGSV,1,1,02,02,23,100,37,03,32,061,29,1*6F  "
20710776795608,1788550656944,"$GQGSV,1,1,02,02,23,100,29,03,32,061,26,8*66  "
20710776997795,1788550656944,"$GBGSV,5,1,17,42,08,091,27,38,53,026,35,37,40,310,36,33,06,141,23,1*7C  "
20710777203524,1788550656944,"$GBGSV,5,2,17,28,53,277,37,27,14,251,30,25,29,159,33,23,71,208,39,1*7E  "
20710777413420,1788550656944,"$GBGSV,5,3,17,14,04,069,25,13,66,337,40,10,13,164,23,09,26,145,29,1*79  "
20710777699097,1788550656944,"$GBGSV,5,4,17,08,37,051,27,06,34,118,35,03,40,128,36,02,54,175,32,1*7B  "
20710778113993,1788550656944,"$GBGSV,5,5,17,01,16,104,38,1*48  "
20710778487483,1788550656944,"$GBGSV,2,1,08,23,71,208,36,25,29,159,29,27,14,251,22,28,53,277,35,3*73  "
20710778681754,1788550656944,"$GBGSV,2,2,08,33,06,141,19,37,40,310,35,38,53,026,31,42,08,091,22,3*7F  "
20710778963785,1788550656944,"$GBGSV,2,1,08,23,71,208,25,25,29,159,22,27,14,251,24,28,53,277,27,5*79  "
20710779160660,1788550656944,"$GBGSV,2,2,08,33,06,141,27,37,40,310,28,38,53,026,26,42,08,091,20,5*7C  "
20710781952691,1788550656955,"$GNGSA,A,3,06,11,12,14,17,19,21,22,24,,,,0.6,0.4,0.5,1*3D  "
20710782561076,1788550656955,"$PSSGR,GSA,A,3,06,11,14,21,24,,,,,,,,0.6,0.4,0.5,1,8*44  "
20710782569514,1788550656955,"$GNGSA,A,3,80,83,85,,,,,,,,,,0.6,0.4,0.5,2*3B  "
20710782897483,1788550656955,"$GNGSA,A,3,02,15,18,25,27,30,34,36,,,,,0.6,0.4,0.5,3*38  "
20710782914618,1788550656955,"$PSSGR,GSA,A,3,302,315,318,325,330,334,336,,,,,,0.6,0.4,0.5,3,1*73  "
20710783114358,1788550656955,"$GNGSA,A,3,01,02,06,08,09,10,13,23,25,27,28,37,0.6,0.4,0.5,4*39  "
20710783307222,1788550656955,"$PSSGR,GSA,A,3,223,225,228,237,238,242,,,,,,,0.6,0.4,0.5,4,5*4F  "
20710783319254,1788550656955,"$GNGSA,A,3,02,03,,,,,,,,,,,0.6,0.4,0.5,5*33  "
20710783652795,1788550656955,"$PSSGR,GSA,A,3,194,195,,,,,,,,,,,0.6,0.4,0.5,5,8*47  "
20710783906493,1788550656955,"$GNVTG,300.9,T,299.6,M,12.0,N,22.3,K,A*33  "
20710784045139,1788550656955,"$GNDTM,W84,,0000.000000,N,00000.000000,E,0.000,W84*41  "
20710784236754,1788550656955,"$GNRMC,193737.00,A,2831.341146,N,07734.370393,E,12.0,300.9,040926,1.3,E,A,V*6C  "
20710784608004,1788550656955,"$GNGNS,193737.00,2831.341146,N,07734.370393,E,AAAAAN,36,0.4,207.4,-54.0,,,V*0E  "
20710784628889,1788550656955,"$GNGGA,193737.00,2831.341146,N,07734.370393,E,1,12,0.4,207.4,M,-54.0,M,,*57  "
20710784749618,1788550656958,"$PSMSG,magcal=PASS,bluesky=0*00 "
20711773668316,1788550657946,"$GPGSV,3,1,12,05,02,189,25,06,64,030,35,11,74,236,36,12,31,320,30,1*66  "
20711773715034,1788550657946,"$GPGSV,3,2,12,13,00,000,33,14,15,131,26,17,21,067,28,19,46,039,27,1*69  "
20711774289461,1788550657946,"$GPGSV,3,3,12,21,24,163,30,22,36,122,30,24,35,253,40,40,00,000,38,1*6D  "
20711774417118,1788550657946,"$GPGSV,2,1,05,06,64,030,28,11,74,236,27,14,15,131,22,21,24,163,25,8*63  "
20711775642222,1788550657946,"$GPGSV,2,2,05,24,35,253,36,8*59  "
20711775661701,1788550657946,"$GLGSV,2,1,06,10,00,000,27,09,73,164,34,16,16,151,32,20,63,299,37,1*75  "
20711775672378,1788550657946,"$GLGSV,2,2,06,19,34,024,25,21,30,247,39,1*7B  "
20711775681389,1788550657946,"$GAGSV,2,1,08,02,60,096,24,15,33,213,35,18,62,017,32,25,10,122,35,7*7C  "
20711775751805,1788550657946,"$GAGSV,2,2,08,27,09,313,28,30,54,332,32,34,86,155,30,36,37,039,33,7*7D  "
20711776004097,1788550657946,"$GAGSV,2,1,08,02,60,096,20,15,33,213,26,18,62,017,31,25,10,122,27,1*7C  "
20711776202586,1788550657946,"$GAGSV,2,2,08,27,09,313,26,30,54,332,27,34,86,155,21,36,37,039,29,1*7A  "
20711776390764,1788550657946,"$GQGSV,1,1,02,02,23,100,34,03,32,061,29,1*6C  "
20711776571493,1788550657946,"$GQGSV,1,1,02,02,23,100,28,03,32,061,26,8*67  "
20711776796389,1788550657946,"$GBGSV,5,1,17,42,08,091,26,38,53,026,32,37,40,310,33,33,06,141,25,1*79  "
20711777152534,1788550657946,"$GBGSV,5,2,17,28,53,277,36,27,14,251,39,25,29,159,30,23,71,208,39,1*75  "
20711777335347,1788550657946,"$GBGSV,5,3,17,14,04,069,25,13,66,337,39,10,13,164,26,09,26,145,30,1*7A  "
20711777556909,1788550657946,"$GBGSV,5,4,17,08,37,051,27,06,34,118,32,03,40,128,34,02,54,175,40,1*7B  "
20711777726649,1788550657946,"$GBGSV,5,5,17,01,16,104,36,1*46  "
20711777943316,1788550657946,"$GBGSV,2,1,08,23,71,208,37,25,29,159,27,27,14,251,35,28,53,277,35,3*7A  "
20711778297795,1788550657946,"$GBGSV,2,2,08,33,06,141,25,37,40,310,31,38,53,026,27,42,08,091,25,3*74  "
20711778575764,1788550657946,"$GBGSV,2,1,08,23,71,208,27,25,29,159,24,27,14,251,20,28,53,277,27,5*79  "
20711778891024,1788550657946,"$GBGSV,2,2,08,33,06,141,27,37,40,310,26,38,53,026,21,42,08,091,20,5*75  "
20711782764930,1788550657956,"$GNGSA,A,3,06,11,12,14,17,19,21,22,24,,,,0.6,0.4,0.5,1*3D  "
20711783091753,1788550657956,"$PSSGR,GSA,A,3,06,11,14,21,24,,,,,,,,0.6,0.4,0.5,1,8*44  "
20711783260191,1788550657956,"$GNGSA,A,3,80,83,85,,,,,,,,,,0.6,0.4,0.5,2*3B  "
20711783541441,1788550657956,"$GNGSA,A,3,02,15,18,25,27,30,34,36,,,,,0.6,0.4,0.5,3*38  "
20711783924618,1788550657956,"$PSSGR,GSA,A,3,302,315,318,325,327,330,334,336,,,,,0.6,0.4,0.5,3,1*45  "
20711784372430,1788550657956,"$GNGSA,A,3,01,02,06,08,09,10,13,23,25,27,28,37,0.6,0.4,0.5,4*39  "
20711784440451,1788550657956,"$PSSGR,GSA,A,3,223,225,228,237,238,242,,,,,,,0.6,0.4,0.5,4,5*4F  "
20711784617326,1788550657956,"$GNGSA,A,3,02,03,,,,,,,,,,,0.6,0.4,0.5,5*33  "
20711784808264,1788550657956,"$PSSGR,GSA,A,3,194,195,,,,,,,,,,,0.6,0.4,0.5,5,8*47  "
20711785226232,1788550657956,"$GNVTG,294.0,T,292.7,M,13.4,N,24.8,K,A*34  "
20711785980034,1788550657956,"$GNDTM,W84,,0000.000000,N,00000.000000,E,0.000,W84*41  "
20711785996284,1788550657956,"$GNRMC,193738.00,A,2831.342781,N,07734.366580,E,13.4,294.0,040926,1.3,E,A,V*6E  "
20711786642847,1788550657956,"$GNGNS,193738.00,2831.342781,N,07734.366580,E,AAAAAN,36,0.4,207.5,-54.0,,,V*0D  "
20711787235139,1788550657956,"$GNGGA,193738.00,2831.342781,N,07734.366580,E,1,12,0.4,207.5,M,-54.0,M,,*54  "
20711787248107,1788550657960,"$PSMSG,magcal=PASS,bluesky=0*00 "
20712767102794,1788550658940,"$GPGSV,3,1,12,05,02,189,25,06,64,030,37,11,74,236,38,12,31,320,31,1*6B  "
20712767379461,1788550658940,"$GPGSV,3,2,12,13,00,000,32,14,15,131,31,17,21,067,24,19,46,039,31,1*65  "
20712768021597,1788550658940,"$GPGSV,3,3,12,21,24,163,30,22,36,122,32,24,35,253,42,40,00,000,40,1*62  "
20712768141649,1788550658940,"$GPGSV,2,1,05,06,64,030,28,11,74,236,29,14,15,131,22,21,24,163,32,8*6B  "
20712768422274,1788550658940,"$GPGSV,2,2,05,24,35,253,33,8*5C  "
20712768684774,1788550658940,"$GLGSV,2,1,06,10,00,000,31,09,73,164,36,16,16,151,30,20,63,299,41,1*73  "
20712772329565,1788550658940,"$GLGSV,2,2,06,19,34,024,21,21,30,247,39,1*7F  "
20712772344982,1788550658940,"$GAGSV,2,1,08,02,60,096,23,15,33,213,40,18,62,017,33,25,10,122,28,7*74  "
20712772351753,1788550658940,"$GAGSV,2,2,08,27,09,313,30,30,54,332,38,34,86,155,35,36,37,039,33,7*7B  "
20712772357951,1788550658940,"$GAGSV,2,1,08,02,60,096,20,15,33,213,35,18,62,017,31,25,10,122,30,1*78  "
20712772364097,1788550658940,"$GAGSV,2,2,08,27,09,313,33,30,54,332,28,34,86,155,24,36,37,039,29,1*74  "
20712772383472,1788550658940,"$GQGSV,1,1,01,03,32,061,23,1*50  "
20712772392326,1788550658940,"$GQGSV,1,1,02,02,23,100,25,03,32,061,26,8*6A  "
20712772399097,1788550658940,"$GBGSV,5,1,17,42,08,091,29,38,53,026,33,37,40,310,35,33,06,141,24,1*70  "
20712772471232,1788550658940,"$GBGSV,5,2,17,28,53,277,33,27,14,251,41,25,29,159,34,23,71,208,41,1*74  "
20712772480867,1788550658940,"$GBGSV,5,3,17,14,04,069,25,13,66,337,40,10,13,164,26,09,26,145,31,1*75  "
20712772512169,1788550658940,"$GBGSV,5,4,17,08,37,051,22,06,34,118,28,03,40,128,33,02,54,175,41,1*73  "
20712772526076,1788550658940,"$GBGSV,5,5,17,01,16,104,36,1*46  "
20712772532430,1788550658940,"$GBGSV,2,1,08,23,71,208,38,25,29,159,29,27,14,251,39,28,53,277,34,3*76  "
20712772558211,1788550658940,"$GBGSV,2,2,08,33,06,141,25,37,40,310,31,38,53,026,30,42,08,091,28,3*7F  "
20712772586805,1788550658940,"$GBGSV,2,1,08,23,71,208,30,25,29,159,29,27,14,251,28,28,53,277,30,5*7C  "
20712772594357,1788550658940,"$GBGSV,2,2,08,33,06,141,27,37,40,310,31,38,53,026,22,42,08,091,20,5*70  "
20712774841076,1788550658948,"$GNGSA,A,3,06,11,12,14,17,19,21,22,24,,,,0.6,0.3,0.5,1*3A  "
20712775020451,1788550658948,"$PSSGR,GSA,A,3,06,11,14,21,24,,,,,,,,0.6,0.3,0.5,1,8*43  "
20712775219253,1788550658948,"$GNGSA,A,3,80,83,85,,,,,,,,,,0.6,0.3,0.5,2*3C  "
20712775750242,1788550658948,"$GNGSA,A,3,02,15,18,25,27,30,34,36,,,,,0.6,0.3,0.5,3*3F  "
20712776260138,1788550658948,"$PSSGR,GSA,A,3,302,315,318,325,327,330,334,336,,,,,0.6,0.3,0.5,3,1*42  "
20712776275138,1788550658948,"$GNGSA,A,3,01,02,06,08,09,10,13,23,25,27,28,37,0.6,0.3,0.5,4*3E  "
20712776283628,1788550658948,"$PSSGR,GSA,A,3,223,225,227,228,237,238,242,,,,,,0.6,0.3,0.5,4,5*7F  "
20712776367222,1788550658948,"$GNGSA,A,3,02,03,,,,,,,,,,,0.6,0.3,0.5,5*34  "
20712776381388,1788550658948,"$PSSGR,GSA,A,3,194,195,,,,,,,,,,,0.6,0.3,0.5,5,8*40  "
20712776751440,1788550658948,"$GNVTG,288.5,T,287.2,M,13.9,N,25.8,K,A*31  "
20712776776857,1788550658948,"$GNDTM,W84,,0000.000000,N,00000.000000,E,0.000,W84*41  "
20712777422222,1788550658948,"$GNRMC,193739.00,A,2831.343851,N,07734.362415,E,13.9,288.5,040926,1.3,E,A,V*60  "
20712777554044,1788550658948,"$GNGNS,193739.00,2831.343851,N,07734.362415,E,AAAAAN,36,0.3,207.7,-54.0,,,V*03  "
20712777654149,1788550658948,"$GNGGA,193739.00,2831.343851,N,07734.362415,E,1,12,0.3,207.7,M,-54.0,M,,*5A  "
20712777670972,1788550658951,"$PSMSG,magcal=PASS,bluesky=0*00 "
20713765556127,1788550659939,"$GPGSV,3,1,12,05,02,189,25,06,64,030,39,11,74,236,37,12,31,320,46,1*6A  "
20713766354252,1788550659939,"$GPGSV,3,2,12,13,00,000,41,14,15,131,30,17,21,067,31,19,46,039,32,1*67  "
20713766428159,1788550659939,"$GPGSV,3,3,12,21,24,163,33,22,36,122,37,24,35,253,40,40,00,000,41,1*67  "
20713766903002,1788550659939,"$GPGSV,2,1,05,06,64,030,26,11,74,236,28,14,15,131,18,21,24,163,36,8*69  "
20713767460034,1788550659939,"$GPGSV,2,2,05,24,35,253,32,8*5D  "
20713768440971,1788550659939,"$GLGSV,2,1,06,10,00,000,31,09,73,164,37,16,16,151,31,20,63,299,43,1*71  "
20713768633471,1788550659939,"$GLGSV,2,2,06,19,34,024,23,21,30,247,37,1*73  "
20713768764357,1788550659939,"$GAGSV,2,1,08,02,60,096,24,15,33,213,39,18,62,017,37,25,10,122,24,7*75  "
20713769092846,1788550659939,"$GAGSV,2,2,08,27,09,313,31,30,54,332,35,34,86,155,37,36,37,039,17,7*73  "
20713769418575,1788550659939,"$GAGSV,2,1,08,02,60,096,29,15,33,213,31,18,62,017,29,25,10,122,25,1*78  "
20713769777898,1788550659939,"$GAGSV,2,2,08,27,09,313,30,30,54,332,31,34,86,155,23,36,37,039,29,1*78  "
20713770111492,1788550659939,"$GQGSV,1,1,01,03,32,061,24,1*57  "
20713770458471,1788550659939,"$GQGSV,1,1,02,02,23,100,25,03,32,061,26,8*6A  "
20713770820190,1788550659939,"$GBGSV,5,1,17,42,08,091,25,38,53,026,33,37,40,310,40,33,06,141,24,1*7E  "
20713771176440,1788550659939,"$GBGSV,5,2,17,28,53,277,33,27,14,251,37,25,29,159,36,23,71,208,41,1*77  "
20713771688211,1788550659939,"$GBGSV,5,3,17,14,04,069,25,13,66,337,40,10,13,164,26,09,26,145,31,1*75  "
20713772091909,1788550659939,"$GBGSV,5,4,17,08,37,051,26,06,34,118,35,03,40,128,34,02,54,175,40,1*7D  "
20713772452534,1788550659939,"$GBGSV,5,5,17,01,16,104,36,1*46  "
20713772732429,1788550659939,"$GBGSV,2,1,08,23,71,208,38,25,29,159,33,27,14,251,34,28,53,277,33,3*77  "
20713773235763,1788550659939,"$GBGSV,2,2,08,33,06,141,25,37,40,310,40,38,53,026,28,42,08,091,24,3*7C  "
20713773560919,1788550659939,"$GBGSV,2,1,08,23,71,208,32,25,29,159,29,27,14,251,28,28,53,277,28,5*77  "
20713773663211,1788550659939,"$GBGSV,2,2,08,33,06,141,27,37,40,310,36,38,53,026,22,42,08,091,20,5*77  "
20713776917377,1788550659950,"$GNGSA,A,3,06,11,12,14,17,19,21,22,24,,,,0.6,0.3,0.5,1*3A  "
20713777076492,1788550659950,"$PSSGR,GSA,A,3,06,11,14,21,24,,,,,,,,0.6,0.3,0.5,1,8*43  "
20713777331596,1788550659950,"$GNGSA,A,3,80,83,85,,,,,,,,,,0.6,0.3,0.5,2*3C  "
20713777609513,1788550659950,"$GNGSA,A,3,02,15,18,25,27,30,34,36,,,,,0.6,0.3,0.5,3*3F  "
20713778080659,1788550659950,"$PSSGR,GSA,A,3,302,315,318,325,327,330,334,336,,,,,0.6,0.3,0.5,3,1*42  "
20713778168419,1788550659950,"$GNGSA,A,3,01,02,06,08,09,10,13,23,25,27,28,37,0.6,0.3,0.5,4*3E  "
20713778264096,1788550659950,"$PSSGR,GSA,A,3,223,225,227,228,237,238,242,,,,,,0.6,0.3,0.5,4,5*7F  "
20713778450242,1788550659950,"$GNGSA,A,3,02,03,,,,,,,,,,,0.6,0.3,0.5,5*34  "
20713778649721,1788550659950,"$PSSGR,GSA,A,3,194,195,,,,,,,,,,,0.6,0.3,0.5,5,8*40  "
20713778882273,1788550659950,"$GNVTG,282.8,T,281.5,M,14.2,N,26.2,K,A*32  "
20713779220086,1788550659950,"$GNDTM,W84,,0000.000000,N,00000.000000,E,0.000,W84*41  "
20713779354044,1788550659950,"$GNRMC,193740.00,A,2831.344779,N,07734.358045,E,14.2,282.8,040926,1.3,E,A,V*6F  "
20713779520190,1788550659950,"$GNGNS,193740.00,2831.344779,N,07734.358045,E,AAAAAN,36,0.3,207.8,-54.0,,,V*08  "
20713779688992,1788550659950,"$GNGGA,193740.00,2831.344779,N,07734.358045,E,1,12,0.3,207.8,M,-54.0,M,,*51  "
20713779880242,1788550659953,"$PSMSG,magcal=PASS,bluesky=0*00 "
20714774896856,1788550660947,"$GPGSV,3,1,12,05,02,189,25,06,64,030,42,11,74,236,39,12,31,320,48,1*66  "
20714775123106,1788550660947,"$GPGSV,3,2,12,13,00,000,45,14,15,131,26,17,21,067,24,19,46,039,34,1*66  "
20714775391856,1788550660947,"$GPGSV,3,3,12,21,24,163,24,22,36,122,37,24,35,253,39,40,00,000,40,1*6E  "
20714775632898,1788550660947,"$GPGSV,2,1,05,06,64,030,30,11,74,236,29,14,15,131,22,21,24,163,21,8*60  "
20714776175033,1788550660947,"$GPGSV,2,2,05,24,35,253,34,8*5B  "
20714776430762,1788550660947,"$GLGSV,2,1,06,10,00,000,34,09,73,164,38,16,16,151,29,20,63,299,44,1*75  "
20714776782377,1788550660947,"$GLGSV,2,2,06,19,34,024,23,21,30,247,31,1*75  "
20714777128992,1788550660947,"$GAGSV,2,1,08,02,60,096,23,15,33,213,38,18,62,017,39,25,10,122,22,7*7B  "
20714777331700,1788550660947,"$GAGSV,2,2,08,27,09,313,28,30,54,332,38,34,86,155,36,36,37,039,31,7*73  "
20714777503627,1788550660947,"$GAGSV,2,1,08,02,60,096,29,15,33,213,28,18,62,017,33,25,10,122,24,1*7A  "
20714777663262,1788550660947,"$GAGSV,2,2,08,27,09,313,29,30,54,332,34,34,86,155,25,36,37,039,17,1*7E  "
20714777858210,1788550660947,"$GQGSV,1,1,02,02,23,100,32,03,32,061,24,1*67  "
20714778043471,1788550660947,"$GQGSV,1,1,02,02,23,100,28,03,32,061,26,8*67  "
20714778258315,1788550660947,"$GBGSV,5,1,17,42,08,091,25,38,53,026,36,37,40,310,42,33,06,141,24,1*79  "
20714778435815,1788550660947,"$GBGSV,5,2,17,28,53,277,33,27,14,251,37,25,29,159,28,23,71,208,42,1*7B  "
20714778668315,1788550660947,"$GBGSV,5,3,17,14,04,069,25,13,66,337,42,10,13,164,26,09,26,145,34,1*72  "
20714778878419,1788550660947,"$GBGSV,5,4,17,08,37,051,30,06,34,118,38,03,40,128,36,02,54,175,38,1*7A  "
20714779058887,1788550660947,"$GBGSV,5,5,17,01,16,104,28,1*49  "
20714779290710,1788550660947,"$GBGSV,2,1,08,23,71,208,38,25,29,159,23,27,14,251,33,28,53,277,30,3*72  "
20714779479565,1788550660947,"$GBGSV,2,2,08,33,06,141,25,37,40,310,42,38,53,026,34,42,08,091,24,3*73  "
20714779685033,1788550660947,"$GBGSV,2,1,08,23,71,208,30,25,29,159,29,27,14,251,23,28,53,277,31,5*76  "
20714779878783,1788550660947,"$GBGSV,2,2,08,33,06,141,27,37,40,310,36,38,53,026,24,42,08,091,20,5*71  "
20714783153783,1788550660957,"$GNGSA,A,3,06,11,12,14,17,19,21,22,24,,,,0.6,0.4,0.5,1*3D  "
20714783307585,1788550660957,"$PSSGR,GSA,A,3,06,11,14,21,24,,,,,,,,0.6,0.4,0.5,1,8*44  "
20714783491856,1788550660957,"$GNGSA,A,3,80,85,,,,,,,,,,,0.6,0.4,0.5,2*30  "
20714783649929,1788550660957,"$GNGSA,A,3,02,15,18,25,27,30,34,36,,,,,0.6,0.4,0.5,3*38  "
20714783953002,1788550660957,"$PSSGR,GSA,A,3,302,315,318,325,327,330,334,336,,,,,0.6,0.4,0.5,3,1*45  "
20714784049877,1788550660957,"$GNGSA,A,3,01,02,06,08,09,10,13,23,25,27,28,37,0.6,0.4,0.5,4*39  "
20714784381596,1788550660957,"$PSSGR,GSA,A,3,223,225,227,228,237,238,,,,,,,0.6,0.4,0.5,4,5*4C  "
20714784511231,1788550660957,"$GNGSA,A,3,02,03,,,,,,,,,,,0.6,0.4,0.5,5*33  "
20714784677273,1788550660957,"$PSSGR,GSA,A,3,194,195,,,,,,,,,,,0.6,0.4,0.5,5,8*47  "
20714785049512,1788550660957,"$GNVTG,276.0,T,274.7,M,14.3,N,26.5,K,A*3F  "
20714785064565,1788550660957,"$GNDTM,W84,,0000.000000,N,00000.000000,E,0.000,W84*41  "
20714785561960,1788550660957,"$GNRMC,193741.00,A,2831.345361,N,07734.353554,E,14.3,276.0,040926,1.3,E,A,V*6E  "
20714785582585,1788550660957,"$GNGNS,193741.00,2831.345361,N,07734.353554,E,AAAAAN,35,0.4,207.8,-54.0,,,V*0F  "
20714785591700,1788550660957,"$GNGGA,193741.00,2831.345361,N,07734.353554,E,1,12,0.4,207.8,M,-54.0,M,,*55  "
20714785768835,1788550660959,"$PSMSG,magcal=PASS,bluesky=0*00 "
20715769129512,1788550661942,"$GPGSV,3,1,12,05,02,189,25,06,64,030,41,11,74,236,38,12,31,320,48,1*64  "
20715769665241,1788550661942,"$GPGSV,3,2,12,13,00,000,44,14,15,131,26,17,21,067,25,19,46,039,38,1*6A  "
20715772767950,1788550661942,"$GPGSV,3,3,12,21,24,163,24,22,36,122,39,24,35,253,41,40,00,000,39,1*61  "
20715772799877,1788550661942,"$GPGSV,2,1,05,06,64,030,28,11,74,236,28,14,15,131,27,21,24,163,21,8*6D  "
20715772808470,1788550661942,"$GPGSV,2,2,05,24,35,253,33,8*5C  "
20715772815137,1788550661942,"$GLGSV,2,1,06,10,00,000,32,09,73,164,39,16,16,151,29,20,63,299,43,1*75  "
20715772823158,1788550661942,"$GLGSV,2,2,06,19,34,024,23,21,30,247,33,1*77  "
20715772830345,1788550661942,"$GAGSV,2,1,08,02,60,096,26,15,33,213,36,18,62,017,40,25,10,122,22,7*7E  "
20715772931127,1788550661942,"$GAGSV,2,2,08,27,09,313,26,30,54,332,35,34,86,155,35,36,37,039,31,7*73  "
20715773826700,1788550661942,"$GAGSV,2,1,08,02,60,096,31,15,33,213,28,18,62,017,30,25,10,122,24,1*70  "
20715773857793,1788550661942,"$GAGSV,2,2,08,27,09,313,21,30,54,332,35,34,86,155,25,36,37,039,22,1*71  "
20715774693210,1788550661942,"$GQGSV,1,1,02,02,23,100,34,03,32,061,30,1*64  "
20715774719564,1788550661942,"$GQGSV,1,1,02,02,23,100,34,03,32,061,21,8*6D  "
20715774730814,1788550661942,"$GBGSV,5,1,17,42,08,091,24,38,53,026,38,37,40,310,44,33,06,141,22,1*76  "
20715775136543,1788550661942,"$GBGSV,5,2,17,28,53,277,36,27,14,251,36,25,29,159,27,23,71,208,44,1*76  "
20715775587585,1788550661942,"$GBGSV,5,3,17,14,04,069,25,13,66,337,41,10,13,164,26,09,26,145,33,1*76  "
20715775603158,1788550661942,"$GBGSV,5,4,17,08,37,051,32,06,34,118,40,03,40,128,39,02,54,175,37,1*77  "
20715775923366,1788550661942,"$GBGSV,5,5,17,01,16,104,34,1*44  "
20715776020606,1788550661942,"$GBGSV,2,1,08,23,71,208,41,25,29,159,23,27,14,251,32,28,53,277,30,3*7D  "
20715776308835,1788550661942,"$GBGSV,2,2,08,33,06,141,20,37,40,310,45,38,53,026,35,42,08,091,22,3*76  "
20715776696022,1788550661942,"$GBGSV,2,1,08,23,71,208,31,25,29,159,29,27,14,251,21,28,53,277,31,5*75  "
20715776721231,1788550661942,"$GBGSV,2,2,08,33,06,141,27,37,40,310,36,38,53,026,25,42,08,091,20,5*70  "
20715780105397,1788550661953,"$GNGSA,A,3,06,11,12,14,17,19,21,22,24,,,,0.6,0.4,0.5,1*3D  "
20715781349460,1788550661953,"$PSSGR,GSA,A,3,06,11,14,21,24,,,,,,,,0.6,0.4,0.5,1,8*44  "
20715781358366,1788550661953,"$GNGSA,A,3,80,85,,,,,,,,,,,0.6,0.4,0.5,2*30  "
20715781369616,1788550661953,"$GNGSA,A,3,02,15,18,25,27,30,34,36,,,,,0.6,0.4,0.5,3*38  "
20715781534981,1788550661953,"$PSSGR,GSA,A,3,302,315,318,325,327,330,334,336,,,,,0.6,0.4,0.5,3,1*45  "
20715781545450,1788550661953,"$GNGSA,A,3,01,02,06,08,09,10,13,23,25,27,28,37,0.6,0.4,0.5,4*39  "
20715781725606,1788550661953,"$PSSGR,GSA,A,3,223,225,227,228,237,238,,,,,,,0.6,0.4,0.5,4,5*4C  "
20715781740033,1788550661953,"$GNGSA,A,3,02,03,,,,,,,,,,,0.6,0.4,0.5,5*33  "
20715782033991,1788550661953,"$PSSGR,GSA,A,3,194,195,,,,,,,,,,,0.6,0.4,0.5,5,8*47  "
20715782160397,1788550661953,"$GNVTG,268.9,T,267.6,M,13.6,N,25.2,K,A*3C  "
20715782581075,1788550661953,"$GNDTM,W84,,0000.000000,N,00000.000000,E,0.000,W84*41  "
20715782659877,1788550661953,"$GNRMC,193742.00,A,2831.345202,N,07734.349276,E,13.6,268.9,040926,1.3,E,A,V*61  "
20715782994408,1788550661953,"$GNGNS,193742.00,2831.345202,N,07734.349276,E,AAAAAN,35,0.4,207.8,-54.0,,,V*04  "
20715783398106,1788550661953,"$GNGGA,193742.00,2831.345202,N,07734.349276,E,1,12,0.4,207.8,M,-54.0,M,,*5E  "
20715783477377,1788550661957,"$PSMSG,magcal=PASS,bluesky=0*00 "
20716768372949,1788550662942,"$GPGSV,3,1,10,06,64,030,37,11,74,236,39,12,31,320,45,13,00,000,39,1*63  "
20716768489512,1788550662942,"$GPGSV,3,2,10,14,15,131,29,17,21,067,24,19,46,039,38,22,36,122,39,1*6A  "
20716768608105,1788550662942,"$GPGSV,3,3,10,24,35,253,42,40,00,000,39,1*69  "
20716768815345,1788550662942,"$GPGSV,2,1,05,06,64,030,27,11,74,236,31,14,15,131,29,21,24,163,21,8*64  "
20716769133574,1788550662942,"$GPGSV,2,2,05,24,35,253,32,8*5D  "
20716769691230,1788550662942,"$GLGSV,2,1,06,10,00,000,30,09,73,164,36,16,16,151,29,20,63,299,44,1*7F  "
20716770254564,1788550662942,"$GLGSV,2,2,06,19,34,024,26,21,30,247,37,1*76  "
20716771843887,1788550662942,"$GAGSV,2,1,08,02,60,096,28,15,33,213,23,18,62,017,38,25,10,122,20,7*79  "
20716771875085,1788550662942,"$GAGSV,2,2,08,27,09,313,25,30,54,332,34,34,86,155,36,36,37,039,31,7*72  "
20716771890866,1788550662942,"$GAGSV,2,1,08,02,60,096,30,15,33,213,20,18,62,017,28,25,10,122,24,1*70  "
20716771904199,1788550662942,"$GAGSV,2,2,08,27,09,313,21,30,54,332,35,34,86,155,26,36,37,039,22,1*72  "
20716772020710,1788550662942,"$GQGSV,1,1,02,02,23,100,37,03,32,061,33,1*64  "
20716772281126,1788550662942,"$GQGSV,1,1,02,02,23,100,32,03,32,061,29,8*63  "
20716772758470,1788550662942,"$GBGSV,5,1,17,42,08,091,26,38,53,026,40,37,40,310,44,33,06,141,22,1*7B  "
20716772985189,1788550662942,"$GBGSV,5,2,17,28,53,277,40,27,14,251,36,25,29,159,25,23,71,208,43,1*72  "
20716773463053,1788550662942,"$GBGSV,5,3,17,14,04,069,25,13,66,337,43,10,13,164,26,09,26,145,33,1*74  "
20716773491908,1788550662942,"$GBGSV,5,4,17,08,37,051,32,06,34,118,39,03,40,128,38,02,54,175,34,1*7B  "
20716773625553,1788550662942,"$GBGSV,5,5,17,01,16,104,40,1*47  "
20716774263366,1788550662942,"$GBGSV,2,1,08,23,71,208,41,25,29,159,23,27,14,251,33,28,53,277,35,3*79  "
20716774298939,1788550662942,"$GBGSV,2,2,08,33,06,141,20,37,40,310,44,38,53,026,37,42,08,091,25,3*72  "
20716774545189,1788550662942,"$GBGSV,2,1,08,23,71,208,30,25,29,159,29,27,14,251,22,28,53,277,30,5*76  "
20716774763783,1788550662942,"$GBGSV,2,2,08,33,06,141,27,37,40,310,39,38,53,026,26,42,08,091,20,5*7C  "
20716778108105,1788550662952,"$GNGSA,A,3,06,11,12,14,17,19,21,22,24,,,,0.6,0.4,0.5,1*3D  "
20716778289564,1788550662952,"$PSSGR,GSA,A,3,06,11,14,21,24,,,,,,,,0.6,0.4,0.5,1,8*44  "
20716778908418,1788550662952,"$GNGSA,A,3,80,83,85,,,,,,,,,,0.6,0.4,0.5,2*3B  "
20716779063626,1788550662952,"$GNGSA,A,3,02,15,18,25,27,30,34,36,,,,,0.6,0.4,0.5,3*38  "
20716779486439,1788550662952,"$PSSGR,GSA,A,3,302,315,318,325,327,330,334,336,,,,,0.6,0.4,0.5,3,1*45  "
20716779645397,1788550662952,"$GNGSA,A,3,01,02,06,08,09,10,13,23,25,27,28,37,0.6,0.4,0.5,4*39  "
20716779802064,1788550662952,"$PSSGR,GSA,A,3,223,225,227,228,237,238,,,,,,,0.6,0.4,0.5,4,5*4C  "
20716780033991,1788550662952,"$GNGSA,A,3,02,03,,,,,,,,,,,0.6,0.4,0.5,5*33  "
20716780561230,1788550662952,"$PSSGR,GSA,A,3,194,,,,,,,,,,,,0.6,0.4,0.5,5,8*7A  "
20716780579928,1788550662952,"$GNVTG,258.0,T,256.7,M,13.1,N,24.3,K,A*32  "
20716780707116,1788550662952,"$GNDTM,W84,,0000.000000,N,00000.000000,E,0.000,W84*41  "
20716781061282,1788550662952,"$GNRMC,193743.00,A,2831.344467,N,07734.345183,E,13.1,258.0,040926,1.3,E,A,V*6C  "
20716781293574,1788550662952,"$GNGNS,193743.00,2831.344467,N,07734.345183,E,AAAAAN,36,0.4,207.7,-54.0,,,V*08  "
20716781509512,1788550662952,"$GNGGA,193743.00,2831.344467,N,07734.345183,E,1,12,0.4,207.7,M,-54.0,M,,*51  "
20716781806647,1788550662955,"$PSMSG,magcal=PASS,bluesky=0*00 "
20717766527324,1788550663940,"$GPGSV,3,1,10,06,64,030,35,11,74,236,36,12,31,320,38,13,00,000,34,1*69  "
20717766697220,1788550663940,"$GPGSV,3,2,10,14,15,131,30,17,21,067,26,19,46,039,38,22,36,122,34,1*6D  "
20717767277845,1788550663940,"$GPGSV,3,3,10,24,35,253,42,40,00,000,40,1*67  "
20717767678209,1788550663940,"$GPGSV,2,1,05,06,64,030,26,11,74,236,29,14,15,131,28,21,24,163,21,8*6D  "
20717767960970,1788550663940,"$GPGSV,2,2,05,24,35,253,28,8*56  "
20717768272272,1788550663940,"$GLGSV,2,1,06,10,00,000,29,09,73,164,36,16,16,151,29,20,63,299,42,1*71  "
20717768634772,1788550663940,"$GLGSV,2,2,06,19,34,024,32,21,30,247,38,1*7C  "
20717768921543,1788550663940,"$GAGSV,2,1,08,02,60,096,34,15,33,213,30,18,62,017,37,25,10,122,20,7*79  "
20717769219876,1788550663940,"$GAGSV,2,2,08,27,09,313,26,30,54,332,32,34,86,155,35,36,37,039,23,7*77  "
20717769539824,1788550663940,"$GAGSV,2,1,08,02,60,096,29,15,33,213,24,18,62,017,23,25,10,122,19,1*79  "
20717769860188,1788550663940,"$GAGSV,2,2,08,27,09,313,21,30,54,332,32,34,86,155,27,36,37,039,22,1*74  "
20717770296126,1788550663940,"$GQGSV,1,1,02,02,23,100,38,03,32,061,36,1*6E  "
20717770725188,1788550663940,"$GQGSV,1,1,02,02,23,100,33,03,32,061,29,8*62  "
20717770956022,1788550663940,"$GBGSV,4,1,16,42,08,091,26,38,53,026,41,37,40,310,34,33,06,141,22,1*7D  "
20717771186074,1788550663940,"$GBGSV,4,2,16,28,53,277,42,27,14,251,37,25,29,159,25,23,71,208,42,1*70  "
20717771420709,1788550663940,"$GBGSV,4,3,16,14,04,069,25,13,66,337,43,10,13,164,26,08,37,051,31,1*73  "
20717771616126,1788550663940,"$GBGSV,4,4,16,06,34,118,34,03,40,128,33,02,54,175,34,01,16,104,40,1*73  "
20717771937688,1788550663940,"$GBGSV,2,1,08,23,71,208,40,25,29,159,18,27,14,251,33,28,53,277,38,3*7D  "
20717772138418,1788550663940,"$GBGSV,2,2,08,33,06,141,20,37,40,310,34,38,53,026,38,42,08,091,23,3*7C  "
20717772347324,1788550663940,"$GBGSV,2,1,08,23,71,208,29,25,29,159,29,27,14,251,22,28,53,277,29,5*76  "
20717772558678,1788550663940,"$GBGSV,2,2,08,33,06,141,27,37,40,310,33,38,53,026,22,42,08,091,16,5*77  "
20717775565970,1788550663949,"$GNGSA,A,3,06,11,12,14,17,19,21,22,24,,,,0.6,0.4,0.5,1*3D  "
20717776121230,1788550663949,"$PSSGR,GSA,A,3,06,11,14,21,24,,,,,,,,0.6,0.4,0.5,1,8*44  "
20717776134407,1788550663949,"$GNGSA,A,3,80,83,85,,,,,,,,,,0.6,0.4,0.5,2*3B  "
20717776235449,1788550663949,"$GNGSA,A,3,02,15,18,25,27,30,34,36,,,,,0.6,0.4,0.5,3*38  "
20717776429563,1788550663949,"$PSSGR,GSA,A,3,302,315,318,325,327,330,334,336,,,,,0.6,0.4,0.5,3,1*45  "
20717776638418,1788550663949,"$GNGSA,A,3,01,02,06,08,09,13,23,25,27,28,37,38,0.6,0.4,0.5,4*33  "
20717776868313,1788550663949,"$PSSGR,GSA,A,3,223,225,227,228,237,238,,,,,,,0.6,0.4,0.5,4,5*4C  "
20717776994459,1788550663949,"$GNGSA,A,3,02,03,,,,,,,,,,,0.6,0.4,0.5,5*33  "
20717777120397,1788550663949,"$PSSGR,GSA,A,3,194,195,,,,,,,,,,,0.6,0.4,0.5,5,8*47  "
20717777309615,1788550663949,"$GNVTG,248.1,T,246.8,M,12.7,N,23.5,K,A*3A  "
20717777536022,1788550663949,"$GNDTM,W84,,0000.000000,N,00000.000000,E,0.000,W84*41  "
20717777931855,1788550663949,"$GNRMC,193744.00,A,2831.343257,N,07734.341494,E,12.7,248.1,040926,1.3,E,A,V*69  "
20717778218730,1788550663949,"$GNGNS,193744.00,2831.343257,N,07734.341494,E,AAAAAN,35,0.4,207.6,-54.0,,,V*08  "
20717778494720,1788550663949,"$GNGGA,193744.00,2831.343257,N,07734.341494,E,1,12,0.4,207.6,M,-54.0,M,,*52  "
20717778704303,1788550663952,"$PSMSG,magcal=PASS,bluesky=0*00 "
20718769363417,1788550664943,"$GPGSV,3,1,10,06,64,030,34,11,74,236,37,12,31,320,39,13,00,000,36,1*6A  "
20718769568678,1788550664943,"$GPGSV,3,2,10,14,15,131,30,17,21,067,32,19,46,039,38,22,36,122,35,1*69  "
20718769959355,1788550664943,"$GPGSV,3,3,10,24,35,253,32,40,00,000,38,1*6F  "
20718770590292,1788550664943,"$GPGSV,2,1,05,06,64,030,29,11,74,236,30,14,15,131,28,21,24,163,21,8*6A  "
20718771351646,1788550664943,"$GPGSV,2,2,05,24,35,253,27,8*59  "
20718771587375,1788550664943,"$GLGSV,2,1,06,10,00,000,28,09,73,164,35,16,16,151,29,20,63,299,42,1*73  "
20718772002271,1788550664943,"$GLGSV,2,2,06,19,34,024,34,21,30,247,30,1*72  "
20718772385240,1788550664943,"$GAGSV,2,1,08,02,60,096,34,15,33,213,37,18,62,017,36,25,10,122,20,7*7F  "
20718772918938,1788550664943,"$GAGSV,2,2,08,27,09,313,21,30,54,332,31,34,86,155,35,36,37,039,30,7*71  "
20718773718313,1788550664943,"$GAGSV,2,1,08,02,60,096,30,15,33,213,26,18,62,017,26,25,10,122,25,1*79  "
20718774328730,1788550664943,"$GAGSV,2,2,08,27,09,313,21,30,54,332,31,34,86,155,27,36,37,039,20,1*75  "
20718774347740,1788550664943,"$GQGSV,1,1,02,02,23,100,31,03,32,061,37,1*66  "
20718774498521,1788550664943,"$GQGSV,1,1,02,02,23,100,26,03,32,061,27,8*68  "
20718774710188,1788550664943,"$GBGSV,4,1,16,42,08,091,25,38,53,026,39,37,40,310,35,33,06,141,22,1*70  "
20718774886178,1788550664943,"$GBGSV,4,2,16,28,53,277,42,27,14,251,44,25,29,159,25,23,71,208,42,1*74  "
20718775090605,1788550664943,"$GBGSV,4,3,16,14,04,069,25,13,66,337,44,10,13,164,26,08,37,051,31,1*74  "
20718775264303,1788550664943,"$GBGSV,4,4,16,06,34,118,32,03,40,128,36,02,54,175,35,01,16,104,40,1*71  "
20718775428209,1788550664943,"$GBGSV,2,1,08,23,71,208,40,25,29,159,18,27,14,251,41,28,53,277,39,3*79  "
20718775643573,1788550664943,"$GBGSV,2,2,08,33,06,141,20,37,40,310,33,38,53,026,36,42,08,091,22,3*74  "
20718775849303,1788550664943,"$GBGSV,2,1,08,23,71,208,27,25,29,159,29,27,14,251,24,28,53,277,30,5*76  "
20718776138573,1788550664943,"$GBGSV,2,2,08,33,06,141,27,37,40,310,33,38,53,026,24,42,08,091,25,5*71  "
20718779719615,1788550664953,"$GNGSA,A,3,06,11,12,14,17,19,21,22,24,,,,0.6,0.4,0.5,1*3D  "
20718780132480,1788550664953,"$PSSGR,GSA,A,3,06,11,14,21,24,,,,,,,,0.6,0.4,0.5,1,8*44  "
20718780145553,1788550664953,"$GNGSA,A,3,80,83,85,,,,,,,,,,0.6,0.4,0.5,2*3B  "
20718780271230,1788550664953,"$GNGSA,A,3,02,15,18,25,27,30,34,36,,,,,0.6,0.4,0.5,3*38  "
20718780887688,1788550664953,"$PSSGR,GSA,A,3,302,315,318,325,327,330,334,336,,,,,0.6,0.4,0.5,3,1*45  "
20718780907792,1788550664953,"$GNGSA,A,3,01,02,06,08,09,13,23,25,27,28,37,38,0.6,0.4,0.5,4*33  "
20718780941230,1788550664953,"$PSSGR,GSA,A,3,223,225,227,228,237,238,,,,,,,0.6,0.4,0.5,4,5*4C  "
20718781570396,1788550664953,"$GNGSA,A,3,02,03,,,,,,,,,,,0.6,0.4,0.5,5*33  "
20718781584198,1788550664953,"$PSSGR,GSA,A,3,194,195,,,,,,,,,,,0.6,0.4,0.5,5,8*47  "
20718781832480,1788550664953,"$GNVTG,245.9,T,244.6,M,12.2,N,22.7,K,A*35  "
20718781843105,1788550664953,"$GNDTM,W84,,0000.000000,N,00000.000000,E,0.000,W84*41  "
20718782099615,1788550664953,"$GNRMC,193745.00,A,2831.341734,N,07734.337995,E,12.2,245.9,040926,1.3,E,A,V*67  "
20718782114615,1788550664953,"$GNGNS,193745.00,2831.341734,N,07734.337995,E,AAAAAN,35,0.4,207.3,-54.0,,,V*03  "
20718782164928,1788550664953,"$GNGGA,193745.00,2831.341734,N,07734.337995,E,1,12,0.4,207.3,M,-54.0,M,,*59  "
20718782356803,1788550664956,"$PSMSG,magcal=PASS,bluesky=0*00 "
20719769379823,1788550665942,"$GPGSV,3,1,11,05,02,189,25,06,64,030,32,11,74,236,36,12,31,320,34,1*66  "
20719769748990,1788550665942,"$GPGSV,3,2,11,13,00,000,32,14,15,131,30,17,21,067,35,19,46,039,37,1*61  "
20719769832323,1788550665942,"$GPGSV,3,3,11,22,36,122,35,24,35,253,37,40,00,000,40,1*56  "
20719769851386,1788550665942,"$GPGSV,2,1,05,06,64,030,29,11,74,236,29,14,15,131,28,21,24,163,21,8*62  "
20719770562636,1788550665942,"$GPGSV,2,2,05,24,35,253,22,8*5C  "
20719770621646,1788550665942,"$GLGSV,2,1,06,10,00,000,28,09,73,164,31,16,16,151,29,20,63,299,35,1*77  "
20719771561177,1788550665942,"$GLGSV,2,2,06,19,34,024,33,21,30,247,36,1*73  "
20719771884875,1788550665942,"$GAGSV,2,1,08,02,60,096,33,15,33,213,38,18,62,017,32,25,10,122,20,7*73  "
20719772314406,1788550665942,"$GAGSV,2,2,08,27,09,313,23,30,54,332,31,34,86,155,35,36,37,039,30,7*73  "
20719772616386,1788550665942,"$GAGSV,2,1,08,02,60,096,30,15,33,213,28,18,62,017,24,25,10,122,25,1*75  "
20719773186594,1788550665942,"$GAGSV,2,2,08,27,09,313,21,30,54,332,24,34,86,155,25,36,37,039,25,1*76  "
20719773511073,1788550665942,"$GQGSV,1,1,02,02,23,100,30,03,32,061,35,1*65  "
20719773999198,1788550665942,"$GQGSV,1,1,02,02,23,100,25,03,32,061,28,8*64  "
20719774292011,1788550665942,"$GBGSV,4,1,15,42,08,091,25,38,53,026,36,37,40,310,34,28,53,277,34,1*76  "
20719774571854,1788550665942,"$GBGSV,4,2,15,27,14,251,46,25,29,159,25,23,71,208,40,14,04,069,25,1*76  "
20719774891438,1788550665942,"$GBGSV,4,3,15,13,66,337,39,10,13,164,26,08,37,051,33,06,34,118,34,1*78  "
20719775093573,1788550665942,"$GBGSV,4,4,15,03,40,128,35,02,54,175,34,01,16,104,31,1*4E  "
20719775405448,1788550665942,"$GBGSV,2,1,08,23,71,208,37,25,29,159,20,27,14,251,43,28,53,277,29,3*71  "
20719775689771,1788550665942,"$GBGSV,2,2,08,33,06,141,20,37,40,310,32,38,53,026,33,42,08,091,23,3*71  "
20719775906750,1788550665942,"$GBGSV,2,1,08,23,71,208,24,25,29,159,29,27,14,251,25,28,53,277,21,5*74  "
20719776090240,1788550665942,"$GBGSV,2,2,08,33,06,141,27,37,40,310,29,38,53,026,26,42,08,091,26,5*7B  "
20719779581333,1788550665953,"$GNGSA,A,3,06,11,12,14,17,19,21,22,24,,,,0.6,0.4,0.5,1*3D  "
20719780053261,1788550665953,"$PSSGR,GSA,A,3,06,11,14,21,24,,,,,,,,0.6,0.4,0.5,1,8*44  "
20719781295448,1788550665953,"$GNGSA,A,3,80,83,85,,,,,,,,,,0.6,0.4,0.5,2*3B  "
20719781875344,1788550665953,"$GNGSA,A,3,02,15,18,25,27,30,34,36,,,,,0.6,0.4,0.5,3*38  "
20719781893313,1788550665953,"$PSSGR,GSA,A,3,302,315,318,325,327,330,334,336,,,,,0.6,0.4,0.5,3,1*45  "
20719782100188,1788550665953,"$GNGSA,A,3,01,02,06,08,09,13,23,25,27,28,37,38,0.6,0.4,0.5,4*33  "
20719782243938,1788550665953,"$PSSGR,GSA,A,3,223,227,228,237,238,242,,,,,,,0.6,0.4,0.5,4,5*4D  "
20719782425917,1788550665953,"$GNGSA,A,3,02,03,,,,,,,,,,,0.6,0.4,0.5,5*33  "
20719782562011,1788550665953,"$PSSGR,GSA,A,3,194,195,,,,,,,,,,,0.6,0.4,0.5,5,8*47  "
20719782714146,1788550665953,"$GNVTG,240.5,T,239.2,M,11.8,N,21.9,K,A*36  "
20719782870083,1788550665953,"$GNDTM,W84,,0000.000000,N,00000.000000,E,0.000,W84*41  "
20719783018781,1788550665953,"$GNRMC,193746.00,A,2831.339904,N,07734.334754,E,11.8,240.5,040926,1.3,E,A,V*66  "
20719783189198,1788550665953,"$GNGNS,193746.00,2831.339904,N,07734.334754,E,AAAAAN,35,0.4,207.1,-54.0,,,V*00  "
20719783328469,1788550665953,"$GNGGA,193746.00,2831.339904,N,07734.334754,E,1,12,0.4,207.1,M,-54.0,M,,*5A  "
20719783498261,1788550665957,"$PSMSG,magcal=PASS,bluesky=0*00 "
20720765578625,1788550666938,"$GPGSV,3,1,11,05,02,189,28,06,64,030,29,11,74,236,35,12,31,320,38,1*6E  "
20720765645708,1788550666938,"$GPGSV,3,2,11,13,00,000,37,14,15,131,30,17,21,067,31,19,46,039,29,1*6F  "
20720766693989,1788550666938,"$GPGSV,3,3,11,22,36,122,38,24,35,253,41,40,00,000,41,1*5B  "
20720767335187,1788550666938,"$GPGSV,2,1,05,06,64,030,23,11,74,236,30,14,15,131,28,21,24,163,21,8*60  "
20720768913364,1788550666938,"$GPGSV,2,2,05,24,35,253,28,8*56  "
20720769777896,1788550666938,"$GLGSV,2,1,06,10,00,000,25,09,73,164,33,16,16,151,29,20,63,299,36,1*7B  "
20720769812896,1788550666938,"$GLGSV,2,2,06,19,34,024,28,21,30,247,42,1*7A  "
20720769828260,1788550666938,"$GAGSV,2,1,08,02,60,096,33,15,33,213,41,18,62,017,26,25,10,122,20,7*78  "
20720769859875,1788550666938,"$GAGSV,2,2,08,27,09,313,28,30,54,332,31,34,86,155,33,36,37,039,26,7*79  "
20720769876021,1788550666938,"$GAGSV,2,1,08,02,60,096,31,15,33,213,32,18,62,017,24,25,10,122,25,1*7F  "
20720769891541,1788550666938,"$GAGSV,2,2,08,27,09,313,21,30,54,332,21,34,86,155,27,36,37,039,23,1*77  "
20720769936593,1788550666938,"$GQGSV,1,1,02,02,23,100,29,03,32,061,33,1*6B  "
20720770088260,1788550666938,"$GQGSV,1,1,02,02,23,100,30,03,32,061,30,8*69  "
20720770845500,1788550666938,"$GBGSV,4,1,15,42,08,091,25,38,53,026,31,37,40,310,35,28,53,277,37,1*73  "
20720771222218,1788550666938,"$GBGSV,4,2,15,27,14,251,46,23,71,208,39,14,04,069,25,13,66,337,32,1*7A  "
20720771248156,1788550666938,"$GBGSV,4,3,15,10,13,164,26,09,26,145,21,08,37,051,32,06,34,118,35,1*79  "
20720771910812,1788550666938,"$GBGSV,4,4,15,03,40,128,39,02,54,175,34,01,16,104,31,1*42  "
20720772985031,1788550666938,"$GBGSV,2,1,08,23,71,208,35,25,29,159,20,27,14,251,43,28,53,277,30,3*7B  "
20720773246281,1788550666938,"$GBGSV,2,2,08,33,06,141,20,37,40,310,32,38,53,026,25,42,08,091,22,3*77  "
20720774555864,1788550666938,"$GBGSV,2,1,08,23,71,208,24,25,29,159,29,27,14,251,30,28,53,277,24,5*75  "
20720774581229,1788550666938,"$GBGSV,2,2,08,33,06,141,27,37,40,310,35,38,53,026,22,42,08,091,28,5*7C  "
20720777015187,1788550666951,"$GNGSA,A,3,06,11,12,14,17,19,22,24,,,,,0.6,0.4,0.5,1*3E  "
20720777431593,1788550666951,"$PSSGR,GSA,A,3,06,11,14,24,,,,,,,,,0.6,0.4,0.5,1,8*47  "
20720777543729,1788550666951,"$GNGSA,A,3,83,85,,,,,,,,,,,0.6,0.4,0.5,2*33  "
20720777865916,1788550666951,"$GNGSA,A,3,02,15,18,25,27,30,34,36,,,,,0.6,0.4,0.5,3*38  "
20720777945500,1788550666951,"$PSSGR,GSA,A,3,302,315,318,325,327,330,334,336,,,,,0.6,0.4,0.5,3,1*45  "
20720778264875,1788550666951,"$GNGSA,A,3,01,02,06,08,09,13,23,25,27,28,37,38,0.6,0.4,0.5,4*33  "
20720778856021,1788550666951,"$PSSGR,GSA,A,3,223,227,228,237,238,242,,,,,,,0.6,0.4,0.5,4,5*4D  "
20720778999979,1788550666951,"$GNGSA,A,3,02,03,,,,,,,,,,,0.6,0.4,0.5,5*33  "
20720779305760,1788550666951,"$PSSGR,GSA,A,3,194,195,,,,,,,,,,,0.6,0.4,0.5,5,8*47  "
20720779847114,1788550666951,"$GNVTG,238.1,T,236.8,M,11.4,N,21.1,K,A*3C  "
20720780133833,1788550666951,"$GNDTM,W84,,0000.000000,N,00000.000000,E,0.000,W84*41  "
20720780465396,1788550666951,"$GNRMC,193747.00,A,2831.337737,N,07734.331854,E,11.4,238.1,040926,1.3,E,A,V*6A  "
20720780658625,1788550666951,"$GNGNS,193747.00,2831.337737,N,07734.331854,E,AAAAAN,33,0.4,207.1,-54.0,,,V*0D  "
20720780865552,1788550666951,"$GNGGA,193747.00,2831.337737,N,07734.331854,E,1,12,0.4,207.1,M,-54.0,M,,*51  "
20720781020968,1788550666955,"$PSMSG,magcal=PASS,bluesky=0*00 "
20721766574926,1788550667939,"$GPGSV,3,1,12,05,02,189,29,06,64,030,29,11,74,236,36,12,31,320,42,1*62  "
20721767542687,1788550667939,"$GPGSV,3,2,12,13,00,000,38,14,15,131,30,17,21,067,34,19,46,039,33,1*6D  "
20721767567739,1788550667939,"$GPGSV,3,3,12,21,24,163,22,22,36,122,39,24,35,253,43,40,00,000,41,1*6A  "
20721767878989,1788550667939,"$GPGSV,2,1,05,06,64,030,29,11,74,236,29,14,15,131,28,21,24,163,21,8*62  "
20721767927843,1788550667939,"$GPGSV,2,2,05,24,35,253,30,8*5F  "
20721768185812,1788550667939,"$GLGSV,2,1,06,10,00,000,30,09,73,164,34,16,16,151,29,20,63,299,40,1*79  "
20721768628781,1788550667939,"$GLGSV,2,2,06,19,34,024,28,21,30,247,42,1*7A  "
20721769125187,1788550667939,"$GAGSV,2,1,08,02,60,096,31,15,33,213,41,18,62,017,29,25,10,122,20,7*75  "
20721769306072,1788550667939,"$GAGSV,2,2,08,27,09,313,36,30,54,332,35,34,86,155,34,36,37,039,23,7*70  "
20721769572791,1788550667939,"$GAGSV,2,1,08,02,60,096,34,15,33,213,31,18,62,017,19,25,10,122,25,1*77  "
20721769921333,1788550667939,"$GAGSV,2,2,08,27,09,313,30,30,54,332,26,34,86,155,25,36,37,039,23,1*72  "
20721770168468,1788550667939,"$GQGSV,1,1,02,02,23,100,36,03,32,061,33,1*65  "
20721770513364,1788550667939,"$GQGSV,1,1,02,02,23,100,35,03,32,061,28,8*65  "
20721770866593,1788550667939,"$GBGSV,4,1,14,42,08,091,25,38,53,026,32,37,40,310,37,28,53,277,42,1*71  "
20721771215187,1788550667939,"$GBGSV,4,2,14,27,14,251,46,23,71,208,42,14,04,069,25,13,66,337,38,1*7D  "
20721771489666,1788550667939,"$GBGSV,4,3,14,10,13,164,26,08,37,051,28,06,34,118,38,03,40,128,35,1*7A  "
20721772037635,1788550667939,"$GBGSV,4,4,14,02,54,175,31,01,16,104,35,1*74  "
20721772057374,1788550667939,"$GBGSV,2,1,08,23,71,208,39,25,29,159,20,27,14,251,43,28,53,277,38,3*7F  "
20721772442479,1788550667939,"$GBGSV,2,2,08,33,06,141,20,37,40,310,36,38,53,026,28,42,08,091,22,3*7E  "
20721772628989,1788550667939,"$GBGSV,2,1,08,23,71,208,25,25,29,159,29,27,14,251,27,28,53,277,29,5*7F  "
20721772979301,1788550667939,"$GBGSV,2,2,08,33,06,141,27,37,40,310,38,38,53,026,25,42,08,091,26,5*78  "
20721776198624,1788550667949,"$GNGSA,A,3,06,11,12,14,17,19,22,24,,,,,0.6,0.4,0.5,1*3E  "
20721776216281,1788550667949,"$PSSGR,GSA,A,3,06,11,14,24,,,,,,,,,0.6,0.4,0.5,1,8*47  "
20721776708781,1788550667949,"$GNGSA,A,3,83,85,,,,,,,,,,,0.6,0.4,0.5,2*33  "
20721777141697,1788550667949,"$GNGSA,A,3,02,15,18,25,27,30,34,36,,,,,0.6,0.4,0.5,3*38  "
20721777161385,1788550667949,"$PSSGR,GSA,A,3,302,315,318,325,327,330,334,336,,,,,0.6,0.4,0.5,3,1*45  "
20721777694979,1788550667949,"$GNGSA,A,3,01,02,06,08,13,23,25,27,28,37,38,42,0.6,0.4,0.5,4*3C  "
20721777710551,1788550667949,"$PSSGR,GSA,A,3,223,227,228,237,238,242,,,,,,,0.6,0.4,0.5,4,5*4D  "
20721778042166,1788550667949,"$GNGSA,A,3,02,03,,,,,,,,,,,0.6,0.4,0.5,5*33  "
20721778048572,1788550667949,"$PSSGR,GSA,A,3,194,195,,,,,,,,,,,0.6,0.4,0.5,5,8*47  "
20721778104145,1788550667949,"$GNVTG,237.9,T,236.6,M,10.2,N,18.9,K,A*30  "
20721778236333,1788550667949,"$GNDTM,W84,,0000.000000,N,00000.000000,E,0.000,W84*41  "
20721778913572,1788550667949,"$GNRMC,193748.00,A,2831.335947,N,07734.329264,E,10.2,237.9,040926,1.3,E,A,V*6E  "
20721778942010,1788550667949,"$GNGNS,193748.00,2831.335947,N,07734.329264,E,AAAAAN,32,0.4,207.0,-54.0,,,V*09  "
20721779071281,1788550667949,"$GNGGA,193748.00,2831.335947,N,07734.329264,E,1,12,0.4,207.0,M,-54.0,M,,*54  "
20721779193104,1788550667953,"$PSMSG,magcal=PASS,bluesky=0*00 "
20722766083832,1788550668939,"$GPGSV,3,1,12,05,02,189,28,06,64,030,32,11,74,236,38,12,31,320,41,1*64  "
20722766701645,1788550668939,"$GPGSV,3,2,12,13,00,000,39,14,15,131,30,17,21,067,34,19,46,039,34,1*6B  "
20722766743728,1788550668939,"$GPGSV,3,3,12,21,24,163,22,22,36,122,26,24,35,253,42,40,00,000,40,1*64  "
20722767015291,1788550668939,"$GPGSV,2,1,05,06,64,030,29,11,74,236,29,14,15,131,28,21,24,163,21,8*62  "
20722767231749,1788550668939,"$GPGSV,2,2,05,24,35,253,31,8*5E  "
20722767564561,1788550668939,"$GLGSV,2,1,06,10,00,000,29,09,73,164,34,16,16,151,29,20,63,299,40,1*71  "
20722767762166,1788550668939,"$GLGSV,2,2,06,19,34,024,33,21,30,247,41,1*73  "
20722768252999,1788550668939,"$GAGSV,2,1,08,02,60,096,34,15,33,213,38,18,62,017,30,25,10,122,20,7*76  "
20722768285603,1788550668939,"$GAGSV,2,2,08,27,09,313,35,30,54,332,35,34,86,155,35,36,37,039,31,7*71  "
20722768816645,1788550668939,"$GAGSV,2,1,08,02,60,096,32,15,33,213,29,18,62,017,22,25,10,122,25,1*70  "
20722768908624,1788550668939,"$GAGSV,2,2,08,27,09,313,27,30,54,332,28,34,86,155,27,36,37,039,20,1*7B  "
20722769159197,1788550668939,"$GQGSV,1,1,02,02,23,100,37,03,32,061,31,1*66  "
20722769467374,1788550668939,"$GQGSV,1,1,02,02,23,100,37,03,32,061,26,8*69  "
20722769997374,1788550668939,"$GBGSV,4,1,14,42,08,091,23,38,53,026,32,37,40,310,41,28,53,277,43,1*77  "
20722770146332,1788550668939,"$GBGSV,4,2,14,27,14,251,47,25,29,159,24,23,71,208,42,14,04,069,25,1*75  "
20722770549145,1788550668939,"$GBGSV,4,3,14,13,66,337,43,10,13,164,26,08,37,051,33,06,34,118,31,1*71  "
20722770901593,1788550668939,"$GBGSV,4,4,14,02,54,175,37,01,16,104,38,1*7F  "
20722771050916,1788550668939,"$GBGSV,2,1,08,23,71,208,40,25,29,159,20,27,14,251,44,28,53,277,39,3*77  "
20722771241749,1788550668939,"$GBGSV,2,2,08,33,06,141,20,37,40,310,40,38,53,026,28,42,08,091,22,3*7F  "
20722771405707,1788550668939,"$GBGSV,2,1,08,23,71,208,25,25,29,159,29,27,14,251,29,28,53,277,29,5*71  "
20722771629353,1788550668939,"$GBGSV,2,2,08,33,06,141,27,37,40,310,39,38,53,026,25,42,08,091,24,5*7B  "
20722774975186,1788550668948,"$GNGSA,A,3,06,11,12,14,17,19,22,24,,,,,0.6,0.4,0.5,1*3E  "
20722775064926,1788550668948,"$PSSGR,GSA,A,3,06,11,14,24,,,,,,,,,0.6,0.4,0.5,1,8*47  "
20722775344770,1788550668948,"$GNGSA,A,3,83,85,,,,,,,,,,,0.6,0.4,0.5,2*33  "
20722775361124,1788550668948,"$GNGSA,A,3,02,15,18,25,27,30,34,36,,,,,0.6,0.4,0.5,3*38  "
20722775531384,1788550668948,"$PSSGR,GSA,A,3,302,315,318,325,327,330,334,336,,,,,0.6,0.4,0.5,3,1*45  "
20722775695655,1788550668948,"$GNGSA,A,3,01,02,06,08,13,23,25,27,28,37,38,42,0.6,0.4,0.5,4*3C  "
20722776119666,1788550668948,"$PSSGR,GSA,A,3,223,227,228,237,238,242,,,,,,,0.6,0.4,0.5,4,5*4D  "
20722776476384,1788550668948,"$GNGSA,A,3,02,03,,,,,,,,,,,0.6,0.4,0.5,5*33  "
20722776493728,1788550668948,"$PSSGR,GSA,A,3,194,195,,,,,,,,,,,0.6,0.4,0.5,5,8*47  "
20722776499561,1788550668948,"$GNVTG,233.4,T,232.1,M,10.0,N,18.5,K,A*34  "
20722776768989,1788550668948,"$GNDTM,W84,,0000.000000,N,00000.000000,E,0.000,W84*41  "
20722776775551,1788550668948,"$GNRMC,193749.00,A,2831.334324,N,07734.326668,E,10.0,233.4,040926,1.3,E,A,V*6D  "
20722776975082,1788550668948,"$GNGNS,193749.00,2831.334324,N,07734.326668,E,AAAAAN,32,0.4,206.9,-54.0,,,V*09  "
20722777158364,1788550668948,"$GNGGA,193749.00,2831.334324,N,07734.326668,E,1,12,0.4,206.9,M,-54.0,M,,*54  "
20722777427634,1788550668951,"$PSMSG,magcal=PASS,bluesky=0*00 "
20723765718676,1788550669939,"$GPGSV,3,1,12,05,02,189,26,06,64,030,30,11,74,236,38,12,31,320,41,1*68  "
20723766040030,1788550669939,"$GPGSV,3,2,12,13,00,000,39,14,15,131,30,17,21,067,31,19,46,039,32,1*68  "
20723766180447,1788550669939,"$GPGSV,3,3,12,21,24,163,22,22,36,122,23,24,35,253,44,40,00,000,40,1*67  "
20723766412113,1788550669939,"$GPGSV,2,1,05,06,64,030,32,11,74,236,27,14,15,131,28,21,24,163,21,8*66  "
20723766563780,1788550669939,"$GPGSV,2,2,05,24,35,253,32,8*5D  "
20723766696384,1788550669939,"$GLGSV,2,1,06,10,00,000,29,09,73,164,37,16,16,151,29,20,63,299,41,1*73  "
20723766852478,1788550669939,"$GLGSV,2,2,06,19,34,024,34,21,30,247,42,1*77  "
20723766940863,1788550669939,"$GAGSV,2,1,08,02,60,096,35,15,33,213,40,18,62,017,29,25,10,122,16,7*75  "
20723767071592,1788550669939,"$GAGSV,2,2,08,27,09,313,35,30,54,332,35,34,86,155,35,36,37,039,27,7*76  "
20723767303832,1788550669939,"$GAGSV,2,1,08,02,60,096,34,15,33,213,29,18,62,017,28,25,10,122,25,1*7C  "
20723767315707,1788550669939,"$GAGSV,2,2,08,27,09,313,28,30,54,332,29,34,86,155,26,36,37,039,24,1*70  "
20723767441540,1788550669939,"$GQGSV,1,1,02,02,23,100,33,03,32,061,34,1*67  "
20723767554301,1788550669939,"$GQGSV,1,1,02,02,23,100,38,03,32,061,33,8*62  "
20723767678311,1788550669939,"$GBGSV,4,1,14,42,08,091,31,38,53,026,36,37,40,310,42,28,53,277,42,1*72  "
20723767811801,1788550669939,"$GBGSV,4,2,14,27,14,251,44,25,29,159,26,23,71,208,42,14,04,069,25,1*74  "
20723767929197,1788550669939,"$GBGSV,4,3,14,13,66,337,44,10,13,164,26,08,37,051,35,06,34,118,31,1*70  "
20723768057269,1788550669939,"$GBGSV,4,4,14,02,54,175,40,01,16,104,38,1*7F  "
20723768182322,1788550669939,"$GBGSV,2,1,08,23,71,208,39,25,29,159,22,27,14,251,42,28,53,277,39,3*7D  "
20723768330967,1788550669939,"$GBGSV,2,2,08,33,06,141,20,37,40,310,42,38,53,026,33,42,08,091,27,3*72  "
20723768468519,1788550669939,"$GBGSV,2,1,08,23,71,208,27,25,29,159,29,27,14,251,29,28,53,277,31,5*7A  "
20723768586853,1788550669939,"$GBGSV,2,2,08,33,06,141,27,37,40,310,36,38,53,026,29,42,08,091,34,5*79  "
20723775175967,1788550669944,"$GNGSA,A,3,06,11,12,17,19,22,24,,,,,,0.6,0.4,0.5,1*3B  "
20723775195811,1788550669944,"$PSSGR,GSA,A,3,06,11,24,,,,,,,,,,0.6,0.4,0.5,1,8*42  "
20723776260707,1788550669944,"$GNGSA,A,3,83,85,,,,,,,,,,,0.6,0.4,0.5,2*33  "
20723776272374,1788550669944,"$GNGSA,A,3,02,15,18,25,27,30,34,36,,,,,0.6,0.4,0.5,3*38  "
20723776278728,1788550669944,"$PSSGR,GSA,A,3,302,315,318,325,327,330,334,336,,,,,0.6,0.4,0.5,3,1*45  "
20723776290394,1788550669944,"$GNGSA,A,3,01,02,06,08,13,23,25,27,28,37,38,42,0.6,0.4,0.5,4*3C  "
20723776296019,1788550669944,"$PSSGR,GSA,A,3,223,227,228,237,238,242,,,,,,,0.6,0.4,0.5,4,5*4D  "
20723776301384,1788550669944,"$GNGSA,A,3,02,03,,,,,,,,,,,0.6,0.4,0.5,5*33  "
20723776306124,1788550669944,"$PSSGR,GSA,A,3,194,195,,,,,,,,,,,0.6,0.4,0.5,5,8*47  "
20723777292738,1788550669944,"$GNVTG,219.6,T,218.3,M,10.1,N,18.7,K,A*37  "
20723777569457,1788550669944,"$GNDTM,W84,,0000.000000,N,00000.000000,E,0.000,W84*41  "
20723777582374,1788550669944,"$GNRMC,193750.00,A,2831.332212,N,07734.324404,E,10.1,219.6,040926,1.3,E,A,V*66  "
20723777588415,1788550669944,"$GNGNS,193750.00,2831.332212,N,07734.324404,E,AAAAAN,31,0.4,207.2,-54.0,,,V*00  "
20723777594092,1788550669944,"$GNGGA,193750.00,2831.332212,N,07734.324404,E,1,12,0.4,207.2,M,-54.0,M,,*5E  "
20723778331280,1788550669951,"$PSMSG,magcal=PASS,bluesky=0*00 "
20724768356227,1788550670941,"$GPGSV,3,1,12,05,02,189,26,06,64,030,30,11,74,236,37,12,31,320,42,1*64  "
20724768431332,1788550670941,"$GPGSV,3,2,12,13,00,000,38,14,15,131,30,17,21,067,35,19,46,039,32,1*6D  "
20724769202061,1788550670941,"$GPGSV,3,3,12,21,24,163,22,22,36,122,24,24,35,253,44,40,00,000,40,1*60  "
20724769223259,1788550670941,"$GPGSV,2,1,05,06,64,030,32,11,74,236,26,14,15,131,28,21,24,163,21,8*67  "
20724769910811,1788550670941,"$GPGSV,2,2,05,24,35,253,34,8*5B  "
20724769934821,1788550670941,"$GLGSV,2,1,06,10,00,000,31,09,73,164,38,16,16,151,29,20,63,299,43,1*77  "
20724770235186,1788550670941,"$GLGSV,2,2,06,19,34,024,35,21,30,247,42,1*76  "
20724770330134,1788550670941,"$GAGSV,2,1,08,02,60,096,35,15,33,213,42,18,62,017,27,25,10,122,29,7*75  "
20724770539613,1788550670941,"$GAGSV,2,2,08,27,09,313,37,30,54,332,37,34,86,155,35,36,37,039,29,7*78  "
20724771122738,1788550670941,"$GAGSV,2,1,08,02,60,096,36,15,33,213,26,18,62,017,28,25,10,122,25,1*71  "
20724771398779,1788550670941,"$GAGSV,2,2,08,27,09,313,28,30,54,332,31,34,86,155,27,36,37,039,23,1*7F  "
20724771609665,1788550670941,"$GQGSV,1,1,02,02,23,100,33,03,32,061,33,1*60  "
20724771887634,1788550670941,"$GQGSV,1,1,02,02,23,100,38,03,32,061,33,8*62  "
20724772116227,1788550670941,"$GBGSV,4,1,14,42,08,091,34,38,53,026,37,37,40,310,43,28,53,277,41,1*74  "
20724772332686,1788550670941,"$GBGSV,4,2,14,27,14,251,40,25,29,159,26,23,71,208,42,14,04,069,25,1*70  "
20724772571957,1788550670941,"$GBGSV,4,3,14,13,66,337,43,10,13,164,26,08,37,051,37,06,34,118,31,1*75  "
20724772820811,1788550670941,"$GBGSV,4,4,14,02,54,175,40,01,16,104,38,1*7F  "
20724773129248,1788550670941,"$GBGSV,2,1,08,23,71,208,39,25,29,159,22,27,14,251,38,28,53,277,38,3*71  "
20724773450550,1788550670941,"$GBGSV,2,2,08,33,06,141,20,37,40,310,42,38,53,026,35,42,08,091,34,3*76  "
20724773794196,1788550670941,"$GBGSV,2,1,08,23,71,208,29,25,29,159,29,27,14,251,33,28,53,277,33,5*7D  "
20724773904665,1788550670941,"$GBGSV,2,2,08,33,06,141,27,37,40,310,33,38,53,026,31,42,08,091,33,5*72  "
20724776195915,1788550670949,"$GNGSA,A,3,06,11,12,17,19,22,24,,,,,,0.6,0.4,0.5,1*3B  "
20724776781904,1788550670949,"$PSSGR,GSA,A,3,06,11,24,,,,,,,,,,0.6,0.4,0.5,1,8*42  "
20724776794248,1788550670949,"$GNGSA,A,3,83,85,,,,,,,,,,,0.6,0.4,0.5,2*33  "
20724776799665,1788550670949,"$GNGSA,A,3,02,15,18,25,27,30,34,36,,,,,0.6,0.4,0.5,3*38  "
20724777061852,1788550670949,"$PSSGR,GSA,A,3,302,315,318,327,330,334,336,,,,,,0.6,0.4,0.5,3,1*71  "
20724777070238,1788550670949,"$GNGSA,A,3,01,02,06,08,13,23,25,27,28,37,38,42,0.6,0.4,0.5,4*3C  "
20724777234300,1788550670949,"$PSSGR,GSA,A,3,223,227,228,237,238,242,,,,,,,0.6,0.4,0.5,4,5*4D  "
20724777435029,1788550670949,"$GNGSA,A,3,02,03,,,,,,,,,,,0.6,0.4,0.5,5*33  "
20724777696227,1788550670949,"$PSSGR,GSA,A,3,194,195,,,,,,,,,,,0.6,0.4,0.5,5,8*47  "
20724778009300,1788550670949,"$GNVTG,214.7,T,213.4,M,10.2,N,18.9,K,A*3A  "
20724778082269,1788550670949,"$GNDTM,W84,,0000.000000,N,00000.000000,E,0.000,W84*41  "
20724778545654,1788550670949,"$GNRMC,193751.00,A,2831.329843,N,07734.322614,E,10.2,214.7,040926,1.3,E,A,V*69  "
20724778670915,1788550670949,"$GNGNS,193751.00,2831.329843,N,07734.322614,E,AAAAAN,31,0.4,207.6,-54.0,,,V*04  "
20724778939300,1788550670949,"$GNGGA,193751.00,2831.329843,N,07734.322614,E,1,12,0.4,207.6,M,-54.0,M,,*5A  "
20724779101644,1788550670953,"$PSMSG,magcal=PASS,bluesky=0*00 "
20725769614508,1788550671943,"$GPGSV,3,1,12,05,02,189,26,06,64,030,28,11,74,236,38,12,31,320,38,1*6F  "
20725771420081,1788550671943,"$GPGSV,3,2,12,13,00,000,38,14,15,131,30,17,21,067,41,19,46,039,33,1*6F  "
20725772300029,1788550671943,"$GPGSV,3,3,12,21,24,163,26,22,36,122,24,24,35,253,38,40,00,000,39,1*61  "
20725772318623,1788550671943,"$GPGSV,2,1,05,06,64,030,32,11,74,236,28,14,15,131,28,21,24,163,21,8*69  "
20725772329925,1788550671943,"$GPGSV,2,2,05,24,35,253,27,8*59  "
20725772338883,1788550671943,"$GLGSV,2,1,07,10,00,000,30,09,73,164,37,16,16,151,29,11,02,331,20,1*7B  "
20725772349821,1788550671943,"$GLGSV,2,2,07,20,63,299,42,19,34,024,37,21,30,247,29,1*4B  "
20725772946019,1788550671943,"$GAGSV,2,1,08,02,60,096,37,15,33,213,34,18,62,017,26,25,10,122,29,7*77  "
20725773350706,1788550671943,"$GAGSV,2,2,08,27,09,313,36,30,54,332,35,34,86,155,35,36,37,039,33,7*70  "
20725773639039,1788550671943,"$GAGSV,2,1,08,02,60,096,37,15,33,213,25,18,62,017,28,25,10,122,25,1*73  "
20725773972477,1788550671943,"$GAGSV,2,2,08,27,09,313,24,30,54,332,29,34,86,155,27,36,37,039,28,1*71  "
20725774416383,1788550671943,"$GQGSV,1,1,02,02,23,100,33,03,32,061,37,1*64  "
20725774737321,1788550671943,"$GQGSV,1,1,02,02,23,100,18,03,32,061,34,8*67  "
20725774970446,1788550671943,"$GBGSV,3,1,12,42,08,091,34,38,53,026,38,37,40,310,42,28,53,277,42,1*78  "
20725775211279,1788550671943,"$GBGSV,3,2,12,27,14,251,37,23,71,208,42,14,04,069,25,13,66,337,42,1*77  "
20725775448258,1788550671943,"$GBGSV,3,3,12,10,13,164,26,08,37,051,36,02,54,175,39,01,16,104,38,1*7E  "
20725775759873,1788550671943,"$GBGSV,2,1,08,23,71,208,40,25,29,159,21,27,14,251,35,28,53,277,38,3*71  "
20725775971956,1788550671943,"$GBGSV,2,2,08,33,06,141,20,37,40,310,41,38,53,026,36,42,08,091,34,3*76  "
20725776177946,1788550671943,"$GBGSV,2,1,07,23,71,208,28,25,29,159,29,27,14,251,32,28,53,277,33,5*72  "
20725776417737,1788550671943,"$GBGSV,2,2,07,37,40,310,33,38,53,026,31,42,08,091,33,5*4A  "
20725779802789,1788550671953,"$GNGSA,A,3,06,11,12,17,19,21,22,24,,,,,0.6,0.4,0.5,1*38  "
20725780001748,1788550671953,"$PSSGR,GSA,A,3,06,11,24,,,,,,,,,,0.6,0.4,0.5,1,8*42  "
20725780183935,1788550671953,"$GNGSA,A,3,83,85,,,,,,,,,,,0.6,0.4,0.5,2*33  "
20725780371800,1788550671953,"$GNGSA,A,3,02,15,18,25,27,30,34,36,,,,,0.6,0.4,0.5,3*38  "
20725780518206,1788550671953,"$PSSGR,GSA,A,3,302,315,318,327,330,334,336,,,,,,0.6,0.4,0.5,3,1*71  "
20725780674925,1788550671953,"$GNGSA,A,3,01,02,06,08,13,23,25,27,28,37,38,42,0.6,0.4,0.5,4*3C  "
20725781105133,1788550671953,"$PSSGR,GSA,A,3,223,227,228,237,238,242,,,,,,,0.6,0.4,0.5,4,5*4D  "
20725781160081,1788550671953,"$GNGSA,A,3,02,03,,,,,,,,,,,0.6,0.4,0.5,5*33  "
20725781243623,1788550671953,"$PSSGR,GSA,A,3,194,195,,,,,,,,,,,0.6,0.4,0.5,5,8*47  "
20725781546539,1788550671953,"$GNVTG,208.3,T,207.0,M,11.0,N,20.3,K,A*30  "
20725781714404,1788550671953,"$GNDTM,W84,,0000.000000,N,00000.000000,E,0.000,W84*41  "
20725781935498,1788550671953,"$GNRMC,193752.00,A,2831.327241,N,07734.321031,E,11.0,208.3,040926,1.3,E,A,V*64  "
20725782223050,1788550671953,"$GNGNS,193752.00,2831.327241,N,07734.321031,E,AAAAAN,32,0.4,207.5,-54.0,,,V*03  "
20725782379248,1788550671953,"$GNGGA,193752.00,2831.327241,N,07734.321031,E,1,12,0.4,207.5,M,-54.0,M,,*5E  "
20725782657894,1788550671956,"$PSMSG,magcal=PASS,bluesky=0*00 "
20726769015029,1788550672941,"$GPGSV,3,1,12,05,02,189,25,06,64,030,31,11,74,236,37,12,31,320,36,1*65  "
20726769102737,1788550672941,"$GPGSV,3,2,12,13,00,000,35,14,15,131,30,17,21,067,42,19,46,039,38,1*6A  "
20726771319768,1788550672941,"$GPGSV,3,3,12,21,24,163,26,22,36,122,24,24,35,253,40,40,00,000,36,1*61  "
20726771351643,1788550672941,"$GPGSV,2,1,05,06,64,030,31,11,74,236,27,14,15,131,28,21,24,163,21,8*65  "
20726771369143,1788550672941,"$GPGSV,2,2,05,24,35,253,29,8*57  "
20726771382945,1788550672941,"$GLGSV,2,1,07,10,00,000,29,09,73,164,35,16,16,151,18,11,02,331,20,1*73  "
20726771405029,1788550672941,"$GLGSV,2,2,07,20,63,299,41,19,34,024,36,21,30,247,42,1*44  "
20726771871539,1788550672941,"$GAGSV,2,1,08,02,60,096,37,15,33,213,37,18,62,017,25,25,10,122,27,7*79  "
20726772308154,1788550672941,"$GAGSV,2,2,08,27,09,313,33,30,54,332,35,34,86,155,37,36,37,039,35,7*71  "
20726772633622,1788550672941,"$GAGSV,2,1,08,02,60,096,36,15,33,213,23,18,62,017,31,25,10,122,25,1*7C  "
20726773361175,1788550672941,"$GAGSV,2,2,08,27,09,313,26,30,54,332,25,34,86,155,28,36,37,039,32,1*7B  "
20726774303935,1788550672941,"$GQGSV,1,1,02,02,23,100,33,03,32,061,39,1*6A  "
20726774553518,1788550672941,"$GQGSV,1,1,02,02,23,100,18,03,32,061,34,8*67  "
20726774653466,1788550672941,"$GBGSV,4,1,14,42,08,091,34,38,53,026,39,37,40,310,36,28,53,277,36,1*78  "
20726774875966,1788550672941,"$GBGSV,4,2,14,27,14,251,42,23,71,208,41,14,04,069,25,13,66,337,40,1*75  "
20726775237893,1788550672941,"$GBGSV,4,3,14,10,13,164,26,08,37,051,40,06,34,118,25,03,40,128,39,1*74  "
20726775368883,1788550672941,"$GBGSV,4,4,14,02,54,175,39,01,16,104,38,1*71  "
20726775882893,1788550672941,"$GBGSV,2,1,08,23,71,208,39,25,29,159,21,27,14,251,38,28,53,277,33,3*79  "
20726776143987,1788550672941,"$GBGSV,2,2,08,33,06,141,20,37,40,310,34,38,53,026,37,42,08,091,34,3*75  "
20726776374768,1788550672941,"$GBGSV,2,1,07,23,71,208,29,25,29,159,29,27,14,251,30,28,53,277,31,5*73  "
20726776580602,1788550672941,"$GBGSV,2,2,07,37,40,310,32,38,53,026,30,42,08,091,33,5*4A  "
20726780039404,1788550672953,"$GNGSA,A,3,06,11,12,17,19,21,22,24,,,,,0.6,0.4,0.5,1*38  "
20726780371695,1788550672953,"$PSSGR,GSA,A,3,06,11,24,,,,,,,,,,0.6,0.4,0.5,1,8*42  "
20726780654716,1788550672953,"$GNGSA,A,3,83,85,,,,,,,,,,,0.6,0.4,0.5,2*33  "
20726781193206,1788550672953,"$GNGSA,A,3,02,15,18,25,27,30,34,36,,,,,0.6,0.4,0.5,3*38  "
20726781205393,1788550672953,"$PSSGR,GSA,A,3,302,315,318,327,330,334,336,,,,,,0.6,0.4,0.5,3,1*71  "
20726781419300,1788550672953,"$GNGSA,A,3,01,02,06,08,13,23,25,27,28,37,38,42,0.6,0.4,0.5,4*3C  "
20726781820445,1788550672953,"$PSSGR,GSA,A,3,223,227,228,237,238,242,,,,,,,0.6,0.4,0.5,4,5*4D  "
20726782071852,1788550672953,"$GNGSA,A,3,02,03,,,,,,,,,,,0.6,0.4,0.5,5*33  "
20726782263310,1788550672953,"$PSSGR,GSA,A,3,194,195,,,,,,,,,,,0.6,0.4,0.5,5,8*47  "
20726782418883,1788550672953,"$GNVTG,201.6,T,200.3,M,11.0,N,20.3,K,A*38  "
20726782564977,1788550672953,"$GNDTM,W84,,0000.000000,N,00000.000000,E,0.000,W84*41  "
20726782731383,1788550672953,"$GNRMC,193753.00,A,2831.324348,N,07734.319897,E,11.0,201.6,040926,1.3,E,A,V*6D  "
20726782862841,1788550672953,"$GNGNS,193753.00,2831.324348,N,07734.319897,E,AAAAAN,32,0.4,207.6,-54.0,,,V*05  "
20726783039977,1788550672953,"$GNGGA,193753.00,2831.324348,N,07734.319897,E,1,12,0.4,207.6,M,-54.0,M,,*58  "
20726783287060,1788550672957,"$PSMSG,magcal=PASS,bluesky=0*00 "
20727770720810,1788550673943,"$GPGSV,3,1,12,05,02,189,31,06,64,030,32,11,74,236,36,12,31,320,35,1*61  "
20727770943101,1788550673943,"$GPGSV,3,2,12,13,00,000,31,14,15,131,30,17,21,067,29,19,46,039,38,1*63  "
20727771312007,1788550673943,"$GPGSV,3,3,12,21,24,163,22,22,36,122,25,24,35,253,45,40,00,000,37,1*60  "
20727771627580,1788550673943,"$GPGSV,2,1,05,06,64,030,34,11,74,236,27,14,15,131,28,21,24,163,21,8*60  "
20727771997060,1788550673943,"$GPGSV,2,2,05,24,35,253,36,8*59  "
20727772487841,1788550673943,"$GLGSV,2,1,07,10,00,000,28,09,73,164,35,16,16,151,18,11,02,331,20,1*72  "
20727773042268,1788550673943,"$GLGSV,2,2,07,20,63,299,40,19,34,024,37,21,30,247,46,1*40  "
20727773105185,1788550673943,"$GAGSV,2,1,08,02,60,096,34,15,33,213,36,18,62,017,25,25,10,122,27,7*7B  "
20727774744716,1788550673943,"$GAGSV,2,2,08,27,09,313,33,30,54,332,34,34,86,155,37,36,37,039,36,7*73  "
20727774780080,1788550673943,"$GAGSV,2,1,08,02,60,096,37,15,33,213,21,18,62,017,30,25,10,122,25,1*7E  "
20727774794403,1788550673943,"$GAGSV,2,2,08,27,09,313,29,30,54,332,22,34,86,155,30,36,37,039,32,1*7A  "
20727775375757,1788550673943,"$GQGSV,1,1,02,02,23,100,33,03,32,061,37,1*64  "
20727775964820,1788550673943,"$GQGSV,1,1,02,02,23,100,18,03,32,061,33,8*60  "
20727775982997,1788550673943,"$GBGSV,4,1,16,42,08,091,34,38,53,026,39,37,40,310,32,28,53,277,40,1*7F  "
20727776920862,1788550673943,"$GBGSV,4,2,16,27,14,251,44,25,29,159,24,23,71,208,41,14,04,069,25,1*77  "
20727776950653,1788550673943,"$GBGSV,4,3,16,13,66,337,38,10,13,164,26,09,26,145,19,08,37,051,41,1*74  "
20727777398518,1788550673943,"$GBGSV,4,4,16,06,34,118,26,03,40,128,32,02,54,175,38,01,16,104,38,1*72  "
20727777586122,1788550673943,"$GBGSV,2,1,08,23,71,208,38,25,29,159,20,27,14,251,41,28,53,277,36,3*72  "
20727778079664,1788550673943,"$GBGSV,2,2,08,33,06,141,20,37,40,310,27,38,53,026,37,42,08,091,34,3*77  "
20727778439768,1788550673943,"$GBGSV,2,1,07,23,71,208,29,25,29,159,29,27,14,251,34,28,53,277,33,5*75  "
20727779184612,1788550673943,"$GBGSV,2,2,07,37,40,310,21,38,53,026,30,42,08,091,33,5*48  "
20727784552893,1788550673958,"$GNGSA,A,3,06,11,12,17,19,21,22,24,,,,,0.6,0.4,0.5,1*38  "
20727784587268,1788550673958,"$PSSGR,GSA,A,3,06,11,24,,,,,,,,,,0.6,0.4,0.5,1,8*42  "
20727784717424,1788550673958,"$GNGSA,A,3,83,85,,,,,,,,,,,0.6,0.4,0.5,2*33  "
20727785208362,1788550673958,"$GNGSA,A,3,02,15,18,25,27,30,34,36,,,,,0.6,0.4,0.5,3*38  "
20727785251122,1788550673958,"$PSSGR,GSA,A,3,302,315,318,327,330,334,336,,,,,,0.6,0.4,0.5,3,1*71  "
20727785332893,1788550673958,"$GNGSA,A,3,01,02,06,08,13,23,25,27,28,37,38,42,0.6,0.4,0.5,4*3C  "
20727785877789,1788550673958,"$PSSGR,GSA,A,3,223,227,228,237,238,242,,,,,,,0.6,0.4,0.5,4,5*4D  "
20727785889612,1788550673958,"$GNGSA,A,3,02,03,,,,,,,,,,,0.6,0.4,0.5,5*33  "
20727785897007,1788550673958,"$PSSGR,GSA,A,3,194,195,,,,,,,,,,,0.6,0.4,0.5,5,8*47  "
20727785994247,1788550673958,"$GNVTG,206.2,T,204.9,M,10.7,N,19.8,K,A*32  "
20727786222632,1788550673958,"$GNDTM,W84,,0000.000000,N,00000.000000,E,0.000,W84*41  "
20727786679612,1788550673958,"$GNRMC,193754.00,A,2831.321570,N,07734.318558,E,10.7,206.2,040926,1.3,E,A,V*68  "
20727787005080,1788550673958,"$GNGNS,193754.00,2831.321570,N,07734.318558,E,AAAAAN,32,0.4,207.7,-54.0,,,V*04  "
20727787283778,1788550673958,"$GNGGA,193754.00,2831.321570,N,07734.318558,E,1,12,0.4,207.7,M,-54.0,M,,*59  "
20727787547893,1788550673961,"$PSMSG,magcal=PASS,bluesky=0*00 "
20728771484924,1788550674944,"$GPGSV,3,1,12,05,02,189,34,06,64,030,31,11,74,236,36,12,31,320,35,1*67  "
20728772094299,1788550674944,"$GPGSV,3,2,12,13,00,000,33,14,15,131,30,17,21,067,29,19,46,039,34,1*6D  "
20728772637632,1788550674944,"$GPGSV,3,3,12,21,24,163,27,22,36,122,26,24,35,253,45,40,00,000,36,1*67  "
20728773091590,1788550674944,"$GPGSV,2,1,05,06,64,030,33,11,74,236,26,14,15,131,28,21,24,163,20,8*67  "
20728773535445,1788550674944,"$GPGSV,2,2,05,24,35,253,34,8*5B  "
20728774164507,1788550674944,"$GLGSV,2,1,07,10,00,000,29,09,73,164,36,16,16,151,18,11,02,331,20,1*70  "
20728775119507,1788550674944,"$GLGSV,2,2,07,20,63,299,41,19,34,024,38,21,30,247,45,1*4D  "
20728775597111,1788550674944,"$GAGSV,2,1,08,02,60,096,36,15,33,213,42,18,62,017,27,25,10,122,27,7*78  "
20728775985184,1788550674944,"$GAGSV,2,2,08,27,09,313,33,30,54,332,34,34,86,155,36,36,37,039,36,7*72  "
20728776414143,1788550674944,"$GAGSV,2,1,08,02,60,096,36,15,33,213,22,18,62,017,28,25,10,122,25,1*75  "
20728776747893,1788550674944,"$GAGSV,2,2,08,27,09,313,29,30,54,332,25,34,86,155,28,36,37,039,30,1*76  "
20728777205288,1788550674944,"$GQGSV,1,1,02,02,23,100,33,03,32,061,37,1*64  "
20728777565497,1788550674944,"$GQGSV,1,1,02,02,23,100,18,03,32,061,33,8*60  "
20728777921226,1788550674944,"$GBGSV,4,1,13,42,08,091,34,38,53,026,38,37,40,310,34,28,53,277,39,1*73  "
20728778250080,1788550674944,"$GBGSV,4,2,13,27,14,251,44,25,29,159,26,23,71,208,40,13,66,337,37,1*79  "
20728778653465,1788550674944,"$GBGSV,4,3,13,08,37,051,39,06,34,118,26,03,40,128,32,02,54,175,39,1*7B  "
20728779198153,1788550674944,"$GBGSV,4,4,13,01,16,104,38,1*4C  "
20728779467424,1788550674944,"$GBGSV,2,1,08,23,71,208,37,25,29,159,20,27,14,251,42,28,53,277,34,3*7C  "
20728779937684,1788550674944,"$GBGSV,2,2,08,33,06,141,20,37,40,310,33,38,53,026,36,42,08,091,34,3*73  "
20728780351174,1788550674944,"$GBGSV,2,1,07,23,71,208,27,25,29,159,29,27,14,251,32,28,53,277,33,5*7D  "
20728781156382,1788550674944,"$GBGSV,2,2,07,37,40,310,31,38,53,026,31,42,08,091,33,5*48  "
20728790455497,1788550674963,"$GNGSA,A,3,06,11,12,17,19,21,22,24,,,,,0.6,0.4,0.5,1*38  "
20728790485965,1788550674963,"$PSSGR,GSA,A,3,06,11,21,24,,,,,,,,,0.6,0.4,0.5,1,8*41  "
20728791885132,1788550674963,"$GNGSA,A,3,83,85,,,,,,,,,,,0.6,0.4,0.5,2*33  "
20728791903674,1788550674963,"$GNGSA,A,3,02,15,18,25,27,30,34,36,,,,,0.6,0.4,0.5,3*38  "
20728791913570,1788550674963,"$PSSGR,GSA,A,3,302,315,318,327,330,334,336,,,,,,0.6,0.4,0.5,3,1*71  "
20728791923413,1788550674963,"$GNGSA,A,3,02,06,08,13,23,25,27,28,37,38,42,,0.6,0.4,0.5,4*3D  "
20728793004351,1788550674963,"$PSSGR,GSA,A,3,223,227,228,237,238,242,,,,,,,0.6,0.4,0.5,4,5*4D  "
20728793049976,1788550674963,"$GNGSA,A,3,02,03,,,,,,,,,,,0.6,0.4,0.5,5*33  "
20728793831434,1788550674963,"$PSSGR,GSA,A,3,194,195,,,,,,,,,,,0.6,0.4,0.5,5,8*47  "
20728794031747,1788550674963,"$GNVTG,206.9,T,205.6,M,10.0,N,18.4,K,A*3D  "
20728794662476,1788550674963,"$GNDTM,W84,,0000.000000,N,00000.000000,E,0.000,W84*41  "
20728794684299,1788550674963,"$GNRMC,193755.00,A,2831.319048,N,07734.317198,E,10.0,206.9,040926,1.3,E,A,V*67  "
20728795303882,1788550674963,"$GNGNS,193755.00,2831.319048,N,07734.317198,E,AAAAAN,31,0.4,207.6,-54.0,,,V*05  "
20728795348049,1788550674963,"$GNGGA,193755.00,2831.319048,N,07734.317198,E,1,12,0.4,207.6,M,-54.0,M,,*5B  "
20728795564872,1788550674969,"$PSMSG,magcal=PASS,bluesky=0*00 "
20729770179663,1788550675943,"$GPGSV,3,1,11,05,02,189,34,06,64,030,30,11,74,236,34,12,31,320,37,1*65  "
20729772720288,1788550675943,"$GPGSV,3,2,11,13,00,000,39,17,21,067,22,19,46,039,36,21,24,163,35,1*6B  "
20729773520080,1788550675943,"$GPGSV,3,3,11,22,36,122,25,24,35,253,45,40,00,000,39,1*5C  "
20729774425809,1788550675943,"$GPGSV,2,1,05,06,64,030,32,11,74,236,25,14,15,131,28,21,24,163,33,8*67  "
20729774512684,1788550675943,"$GPGSV,2,2,05,24,35,253,34,8*5B  "
20729774691538,1788550675943,"$GLGSV,2,1,07,10,00,000,28,09,73,164,36,16,16,151,23,11,02,331,20,1*79  "
20729774921955,1788550675943,"$GLGSV,2,2,07,20,63,299,41,19,34,024,37,21,30,247,45,1*42  "
20729775173257,1788550675943,"$GAGSV,2,1,08,02,60,096,37,15,33,213,42,18,62,017,26,25,10,122,18,7*74  "
20729775403205,1788550675943,"$GAGSV,2,2,08,27,09,313,34,30,54,332,32,34,86,155,37,36,37,039,36,7*72  "
20729775603621,1788550675943,"$GAGSV,2,1,08,02,60,096,34,15,33,213,24,18,62,017,28,25,10,122,25,1*71  "
20729775876903,1788550675943,"$GAGSV,2,2,08,27,09,313,30,30,54,332,22,34,86,155,28,36,37,039,30,1*79  "
20729776106955,1788550675943,"$GQGSV,1,1,02,02,23,100,33,03,32,061,22,1*60  "
20729776346382,1788550675943,"$GQGSV,1,1,02,02,23,100,18,03,32,061,33,8*60  "
20729776575809,1788550675943,"$GBGSV,4,1,14,42,08,091,34,38,53,026,40,37,40,310,37,28,53,277,40,1*76  "
20729776812267,1788550675943,"$GBGSV,4,2,14,27,14,251,38,25,29,159,27,23,71,208,39,13,66,337,38,1*75  "
20729777030496,1788550675943,"$GBGSV,4,3,14,10,13,164,36,08,37,051,39,06,34,118,23,03,40,128,32,1*76  "
20729777238725,1788550675943,"$GBGSV,4,4,14,02,54,175,37,01,16,104,38,1*7F  "
20729777458882,1788550675943,"$GBGSV,2,1,08,23,71,208,36,25,29,159,22,27,14,251,36,28,53,277,36,3*7E  "
20729777723465,1788550675943,"$GBGSV,2,2,08,33,06,141,20,37,40,310,35,38,53,026,38,42,08,091,34,3*7B  "
20729778009611,1788550675943,"$GBGSV,2,1,07,23,71,208,25,25,29,159,29,27,14,251,29,28,53,277,32,5*74  "
20729778351121,1788550675943,"$GBGSV,2,2,07,37,40,310,31,38,53,026,29,42,08,091,33,5*41  "
20729781600653,1788550675955,"$GNGSA,A,3,06,11,12,17,19,21,22,24,,,,,0.6,0.4,0.5,1*38  "
20729781927267,1788550675955,"$PSSGR,GSA,A,3,06,11,21,24,,,,,,,,,0.6,0.4,0.5,1,8*41  "
20729782032007,1788550675955,"$GNGSA,A,3,83,85,,,,,,,,,,,0.6,0.4,0.5,2*33  "
20729782178153,1788550675955,"$GNGSA,A,3,02,15,18,25,27,30,34,36,,,,,0.6,0.4,0.5,3*38  "
20729782479090,1788550675955,"$PSSGR,GSA,A,3,302,315,318,327,330,334,336,,,,,,0.6,0.4,0.5,3,1*71  "
20729782765236,1788550675955,"$GNGSA,A,3,02,06,08,10,13,23,25,27,28,37,38,42,0.6,0.4,0.5,4*3C  "
20729783208465,1788550675955,"$PSSGR,GSA,A,3,223,227,228,237,238,242,,,,,,,0.6,0.4,0.5,4,5*4D  "
20729783217840,1788550675955,"$GNGSA,A,3,02,03,,,,,,,,,,,0.6,0.4,0.5,5*33  "
20729783427580,1788550675955,"$PSSGR,GSA,A,3,194,195,,,,,,,,,,,0.6,0.4,0.5,5,8*47  "
20729783640080,1788550675955,"$GNVTG,203.7,T,202.4,M,9.4,N,17.4,K,A*00  "
20729783828621,1788550675955,"$GNDTM,W84,,0000.000000,N,00000.000000,E,0.000,W84*41  "
20729784115444,1788550675955,"$GNRMC,193756.00,A,2831.316605,N,07734.316182,E,9.4,203.7,040926,1.3,E,A,V*59  "
20729784284819,1788550675955,"$GNGNS,193756.00,2831.316605,N,07734.316182,E,AAAAAN,32,0.4,207.7,-54.0,,,V*0E  "
20729784599246,1788550675955,"$GNGGA,193756.00,2831.316605,N,07734.316182,E,1,12,0.4,207.7,M,-54.0,M,,*53  "
20729784864975,1788550675958,"$PSMSG,magcal=PASS,bluesky=0*00 "
20730769367423,1788550676942,"$GPGSV,3,1,10,05,02,189,32,06,64,030,32,11,74,236,38,12,31,320,37,1*6C  "
20730769396173,1788550676942,"$GPGSV,3,2,10,13,00,000,38,19,46,039,35,21,24,163,42,22,36,122,22,1*68  "
20730769588517,1788550676942,"$GPGSV,3,3,10,24,35,253,44,40,00,000,39,1*6F  "
20730770326485,1788550676942,"$GPGSV,2,1,05,06,64,030,34,11,74,236,27,14,15,131,28,21,24,163,40,8*67  "
20730771083725,1788550676942,"$GPGSV,2,2,05,24,35,253,34,8*5B  "
20730771522319,1788550676942,"$GLGSV,2,1,07,10,00,000,31,09,73,164,36,16,16,151,29,11,02,331,20,1*7B  "
20730771872579,1788550676942,"$GLGSV,2,2,07,20,63,299,40,19,34,024,37,21,30,247,43,1*45  "
20730772132371,1788550676942,"$GAGSV,2,1,08,02,60,096,35,15,33,213,43,18,62,017,28,25,10,122,18,7*79  "
20730772395548,1788550676942,"$GAGSV,2,2,08,27,09,313,34,30,54,332,36,34,86,155,36,36,37,039,37,7*76  "
20730772695444,1788550676942,"$GAGSV,2,1,08,02,60,096,35,15,33,213,28,18,62,017,30,25,10,122,25,1*75  "
20730773702163,1788550676942,"$GAGSV,2,2,08,27,09,313,32,30,54,332,25,34,86,155,29,36,37,039,30,1*7D  "
20730774149767,1788550676942,"$GQGSV,1,1,02,02,23,100,33,03,32,061,27,1*65  "
20730774430548,1788550676942,"$GQGSV,1,1,02,02,23,100,18,03,32,061,19,8*68  "
20730774725027,1788550676942,"$GBGSV,4,1,16,42,08,091,34,38,53,026,38,37,40,310,39,33,06,141,24,1*7B  "
20730774977944,1788550676942,"$GBGSV,4,2,16,28,53,277,41,27,14,251,35,25,29,159,37,23,71,208,41,1*71  "
20730775221381,1788550676942,"$GBGSV,4,3,16,14,04,069,30,13,66,337,37,10,13,164,39,08,37,051,38,1*73  "
20730775462267,1788550676942,"$GBGSV,4,4,16,06,34,118,23,03,40,128,27,02,54,175,38,01,16,104,38,1*73  "
20730775924090,1788550676942,"$GBGSV,2,1,08,23,71,208,37,25,29,159,33,27,14,251,34,28,53,277,37,3*7C  "
20730775957892,1788550676942,"$GBGSV,2,2,08,33,06,141,20,37,40,310,38,38,53,026,36,42,08,091,34,3*78  "
20730776345548,1788550676942,"$GBGSV,2,1,07,23,71,208,29,25,29,159,26,27,14,251,24,28,53,277,33,5*7B  "
20730776501538,1788550676942,"$GBGSV,2,2,07,37,40,310,30,38,53,026,30,42,08,091,33,5*48  "
20730779902735,1788550676953,"$GNGSA,A,3,06,11,12,17,19,21,22,24,,,,,0.6,0.4,0.5,1*38  "
20730780088621,1788550676953,"$PSSGR,GSA,A,3,06,11,21,24,,,,,,,,,0.6,0.4,0.5,1,8*41  "
20730780240704,1788550676953,"$GNGSA,A,3,80,83,85,,,,,,,,,,0.6,0.4,0.5,2*3B  "
20730780623152,1788550676953,"$GNGSA,A,3,02,15,18,25,27,30,34,36,,,,,0.6,0.4,0.5,3*38  "
20730781120756,1788550676953,"$PSSGR,GSA,A,3,302,315,318,327,330,334,336,,,,,,0.6,0.4,0.5,3,1*71  "
20730781132840,1788550676953,"$GNGSA,A,3,02,06,08,10,13,23,25,27,28,37,38,,0.6,0.4,0.5,4*3A  "
20730781232996,1788550676953,"$PSSGR,GSA,A,3,223,227,228,237,238,,,,,,,,0.6,0.4,0.5,4,5*79  "
20730781623777,1788550676953,"$GNGSA,A,3,02,03,,,,,,,,,,,0.6,0.4,0.5,5*33  "
20730783508881,1788550676953,"$PSSGR,GSA,A,3,194,195,,,,,,,,,,,0.6,0.4,0.5,5,8*47  "
20730783663985,1788550676953,"$GNVTG,209.3,T,208.0,M,8.9,N,16.5,K,A*0C  "
20730783856433,1788550676953,"$GNDTM,W84,,0000.000000,N,00000.000000,E,0.000,W84*41  "
20730784015548,1788550676953,"$GNRMC,193757.00,A,2831.314358,N,07734.315058,E,8.9,209.3,040926,1.3,E,A,V*50  "
20730784157215,1788550676953,"$GNGNS,193757.00,2831.314358,N,07734.315058,E,AAAAAN,32,0.4,207.6,-54.0,,,V*04  "
20730784369558,1788550676953,"$GNGGA,193757.00,2831.314358,N,07734.315058,E,1,12,0.4,207.6,M,-54.0,M,,*59  "
20730784482527,1788550676958,"$PSMSG,magcal=PASS,bluesky=0*00 "
20731769191902,1788550677941,"$GPGSV,3,1,11,05,02,189,30,06,64,030,32,11,74,236,38,12,31,320,37,1*6F  "
20731769225079,1788550677941,"$GPGSV,3,2,11,13,00,000,37,17,21,067,24,19,46,039,32,21,24,163,43,1*66  "
20731769240027,1788550677941,"$GPGSV,3,3,11,22,36,122,26,24,35,253,40,40,00,000,39,1*5A  "
20731769249871,1788550677941,"$GPGSV,2,1,05,06,64,030,32,11,74,236,30,14,15,131,28,21,24,163,40,8*67  "
20731769275964,1788550677941,"$GPGSV,2,2,05,24,35,253,32,8*5D  "
20731769366902,1788550677941,"$GLGSV,2,1,07,10,00,000,31,09,73,164,35,16,16,151,37,11,02,331,20,1*77  "
20731769462162,1788550677941,"$GLGSV,2,2,07,20,63,299,40,19,34,024,35,21,30,247,42,1*46  "
20731769686693,1788550677941,"$GAGSV,2,1,08,02,60,096,37,15,33,213,43,18,62,017,26,25,10,122,18,7*75  "
20731769919871,1788550677941,"$GAGSV,2,2,08,27,09,313,30,30,54,332,37,34,86,155,37,36,37,039,36,7*73  "
20731770113829,1788550677941,"$GAGSV,2,1,08,02,60,096,36,15,33,213,28,18,62,017,30,25,10,122,25,1*76  "
20731770480704,1788550677941,"$GAGSV,2,2,08,27,09,313,33,30,54,332,28,34,86,155,29,36,37,039,29,1*79  "
20731771066068,1788550677941,"$GQGSV,1,1,01,03,32,061,32,1*50  "
20731771100808,1788550677941,"$GQGSV,1,1,02,02,23,100,18,03,32,061,29,8*6B  "
20731771234141,1788550677941,"$GBGSV,5,1,17,42,08,091,34,38,53,026,38,37,40,310,38,33,06,141,31,1*7E  "
20731771532266,1788550677941,"$GBGSV,5,2,17,28,53,277,39,27,14,251,35,25,29,159,39,23,71,208,39,1*7F  "
20731771718152,1788550677941,"$GBGSV,5,3,17,14,04,069,33,13,66,337,39,10,13,164,36,09,26,145,34,1*78  "
20731771924923,1788550677941,"$GBGSV,5,4,17,08,37,051,41,06,34,118,25,03,40,128,27,02,54,175,38,1*70  "
20731775227996,1788550677941,"$GBGSV,5,5,17,01,16,104,38,1*48  "
20731775246693,1788550677941,"$GBGSV,2,1,08,23,71,208,37,25,29,159,37,27,14,251,32,28,53,277,35,3*7C  "
20731775534089,1788550677941,"$GBGSV,2,2,08,33,06,141,22,37,40,310,37,38,53,026,36,42,08,091,34,3*75  "
20731775547787,1788550677941,"$GBGSV,2,1,07,23,71,208,27,25,29,159,35,27,14,251,26,28,53,277,34,5*72  "
20731775877996,1788550677941,"$GBGSV,2,2,07,37,40,310,29,38,53,026,31,42,08,091,33,5*41  "
20731778282423,1788550677952,"$GNGSA,A,3,06,11,12,17,19,21,22,24,,,,,0.6,0.4,0.5,1*38  "
20731778515235,1788550677952,"$PSSGR,GSA,A,3,06,11,21,24,,,,,,,,,0.6,0.4,0.5,1,8*41  "
20731779209402,1788550677952,"$GNGSA,A,3,80,83,85,,,,,,,,,,0.6,0.4,0.5,2*3B  "
20731779229610,1788550677952,"$GNGSA,A,3,02,15,18,25,27,30,34,36,,,,,0.6,0.4,0.5,3*38  "
20731779238048,1788550677952,"$PSSGR,GSA,A,3,302,315,318,327,330,334,336,,,,,,0.6,0.4,0.5,3,1*71  "
20731779624610,1788550677952,"$GNGSA,A,3,02,06,08,09,10,13,23,25,27,28,37,38,0.6,0.4,0.5,4*33  "
20731779705496,1788550677952,"$PSSGR,GSA,A,3,223,225,227,228,237,238,,,,,,,0.6,0.4,0.5,4,5*4C  "
20731779981173,1788550677952,"$GNGSA,A,3,03,,,,,,,,,,,,0.6,0.4,0.5,5*31  "
20731780150131,1788550677952,"$PSSGR,GSA,A,3,195,,,,,,,,,,,,0.6,0.4,0.5,5,8*7B  "
20731780302787,1788550677952,"$GNVTG,213.7,T,212.4,M,8.7,N,16.1,K,A*06  "
20731780544402,1788550677952,"$GNDTM,W84,,0000.000000,N,00000.000000,E,0.000,W84*41  "
20731780838985,1788550677952,"$GNRMC,193758.00,A,2831.312301,N,07734.313676,E,8.7,213.7,040926,1.3,E,A,V*58  "
20731781204037,1788550677952,"$GNGNS,193758.00,2831.312301,N,07734.313676,E,AAAAAN,32,0.4,207.5,-54.0,,,V*0E  "
20731782485704,1788550677952,"$GNGGA,193758.00,2831.312301,N,07734.313676,E,1,12,0.4,207.5,M,-54.0,M,,*53  "
20731782657839,1788550677956,"$PSMSG,magcal=PASS,bluesky=0*00 "
20732773605703,1788550678947,"$GPGSV,3,1,11,05,02,189,31,06,64,030,30,11,74,236,38,12,31,320,35,1*6E  "
20732774595808,1788550678947,"$GPGSV,3,2,11,13,00,000,36,17,21,067,25,19,46,039,33,21,24,163,39,1*6A  "
20732774634141,1788550678947,"$GPGSV,3,3,11,22,36,122,26,24,35,253,38,40,00,000,39,1*55  "
20732774651693,1788550678947,"$GPGSV,2,1,05,06,64,030,33,11,74,236,31,14,15,131,28,21,24,163,36,8*66  "
20732774770443,1788550678947,"$GPGSV,2,2,05,24,35,253,25,8*5B  "
20732775058620,1788550678947,"$GLGSV,2,1,07,10,00,000,33,09,73,164,31,16,16,151,41,11,02,331,20,1*70  "
20732777041537,1788550678947,"$GLGSV,2,2,07,20,63,299,38,19,34,024,36,21,30,247,35,1*4A  "
20732777157058,1788550678947,"$GAGSV,2,1,08,02,60,096,36,15,33,213,44,18,62,017,26,25,10,122,18,7*73  "
20732777174870,1788550678947,"$GAGSV,2,2,08,27,09,313,33,30,54,332,38,34,86,155,37,36,37,039,34,7*7D  "
20732777434193,1788550678947,"$GAGSV,2,1,08,02,60,096,37,15,33,213,30,18,62,017,28,25,10,122,25,1*77  "
20732777650651,1788550678947,"$GAGSV,2,2,08,27,09,313,31,30,54,332,29,34,86,155,29,36,37,039,20,1*73  "
20732778012058,1788550678947,"$GQGSV,1,1,01,03,32,061,32,1*50  "
20732778449818,1788550678947,"$GQGSV,1,1,02,02,23,100,18,03,32,061,32,8*61  "
20732778710912,1788550678947,"$GBGSV,5,1,17,42,08,091,34,38,53,026,36,37,40,310,37,33,06,141,35,1*7B  "
20732778902006,1788550678947,"$GBGSV,5,2,17,28,53,277,38,27,14,251,38,25,29,159,39,23,71,208,38,1*72  "
20732779101641,1788550678947,"$GBGSV,5,3,17,14,04,069,29,13,66,337,39,10,13,164,36,09,26,145,42,1*72  "
20732779299766,1788550678947,"$GBGSV,5,4,17,08,37,051,38,06,34,118,23,03,40,128,27,02,54,175,38,1*78  "
20732779623464,1788550678947,"$GBGSV,5,5,17,01,16,104,38,1*48  "
20732779821537,1788550678947,"$GBGSV,2,1,08,23,71,208,36,25,29,159,37,27,14,251,36,28,53,277,34,3*78  "
20732780024453,1788550678947,"$GBGSV,2,2,08,33,06,141,34,37,40,310,36,38,53,026,34,42,08,091,34,3*71  "
20732780223985,1788550678947,"$GBGSV,2,1,07,23,71,208,26,25,29,159,33,27,14,251,26,28,53,277,35,5*74  "
20732780516953,1788550678947,"$GBGSV,2,2,07,37,40,310,27,38,53,026,31,42,08,091,33,5*4F  "
20732783759349,1788550678957,"$GNGSA,A,3,06,11,12,17,19,21,22,24,,,,,0.6,0.4,0.5,1*38  "
20732783920808,1788550678957,"$PSSGR,GSA,A,3,06,11,21,24,,,,,,,,,0.6,0.4,0.5,1,8*41  "
20732784212370,1788550678957,"$GNGSA,A,3,80,83,85,,,,,,,,,,0.6,0.4,0.5,2*3B  "
20732784409193,1788550678957,"$GNGSA,A,3,02,15,18,27,30,34,36,,,,,,0.6,0.4,0.5,3*3F  "
20732784695808,1788550678957,"$PSSGR,GSA,A,3,302,315,318,327,330,334,336,,,,,,0.6,0.4,0.5,3,1*71  "
20732784945443,1788550678957,"$GNGSA,A,3,02,06,08,09,10,13,23,25,27,28,37,38,0.6,0.4,0.5,4*33  "
20732785106953,1788550678957,"$PSSGR,GSA,A,3,223,225,227,228,237,238,,,,,,,0.6,0.4,0.5,4,5*4C  "
20732785286485,1788550678957,"$GNGSA,A,3,03,,,,,,,,,,,,0.6,0.4,0.5,5*31  "
20732785552735,1788550678957,"$PSSGR,GSA,A,3,195,,,,,,,,,,,,0.6,0.4,0.5,5,8*7B  "
20732786408256,1788550678957,"$GNVTG,218.6,T,217.3,M,7.7,N,14.2,K,A*00  "
20732786419089,1788550678957,"$GNDTM,W84,,0000.000000,N,00000.000000,E,0.000,W84*41  "
20732786429506,1788550678957,"$GNRMC,193759.00,A,2831.310540,N,07734.312341,E,7.7,218.6,040926,1.3,E,A,V*5D  "
20732786631120,1788550678957,"$GNGNS,193759.00,2831.310540,N,07734.312341,E,AAAAAN,31,0.4,207.4,-54.0,,,V*0C  "
20732786964818,1788550678957,"$GNGGA,193759.00,2831.310540,N,07734.312341,E,1,12,0.4,207.4,M,-54.0,M,,*52  "
20732787164453,1788550678961,"$PSMSG,magcal=PASS,bluesky=0*00 "
20733768684141,1788550679941,"$GPGSV,3,1,12,05,02,189,31,06,64,030,32,11,74,236,34,12,31,320,34,1*62  "
20733769439141,1788550679941,"$GPGSV,3,2,12,13,00,000,32,14,15,131,23,17,21,067,25,19,46,039,33,1*65  "
20733769515286,1788550679941,"$GPGSV,3,3,12,21,24,163,36,22,36,122,30,24,35,253,36,40,00,000,40,1*65  "
20733770416536,1788550679941,"$GPGSV,2,1,05,06,64,030,36,11,74,236,27,14,15,131,28,21,24,163,30,8*62  "
20733772622734,1788550679941,"$GPGSV,2,2,05,24,35,253,28,8*56  "
20733772674714,1788550679941,"$GLGSV,2,1,07,10,00,000,33,09,73,164,31,16,16,151,43,11,02,331,20,1*72  "
20733772704141,1788550679941,"$GLGSV,2,2,07,20,63,299,39,19,34,024,32,21,30,247,33,1*49  "
20733772724401,1788550679941,"$GAGSV,2,1,08,02,60,096,33,15,33,213,44,18,62,017,22,25,10,122,18,7*72  "
20733772745130,1788550679941,"$GAGSV,2,2,08,27,09,313,26,30,54,332,39,34,86,155,37,36,37,039,33,7*7F  "
20733772777318,1788550679941,"$GAGSV,2,1,08,02,60,096,37,15,33,213,28,18,62,017,31,25,10,122,25,1*76  "
20733773295182,1788550679941,"$GAGSV,2,2,08,27,09,313,25,30,54,332,26,34,86,155,24,36,37,039,27,1*73  "
20733773639818,1788550679941,"$GQGSV,1,1,01,03,32,061,29,1*5A  "
20733774250703,1788550679941,"$GQGSV,1,1,02,02,23,100,18,03,32,061,29,8*6B  "
20733774264505,1788550679941,"$GBGSV,4,1,16,38,53,026,37,37,40,310,34,33,06,141,35,28,53,277,37,1*72  "
20733774383359,1788550679941,"$GBGSV,4,2,16,27,14,251,39,25,29,159,32,23,71,208,38,14,04,069,30,1*70  "
20733774415807,1788550679941,"$GBGSV,4,3,16,13,66,337,42,10,13,164,35,09,26,145,38,08,37,051,38,1*76  "
20733774517109,1788550679941,"$GBGSV,4,4,16,06,34,118,28,03,40,128,30,02,54,175,36,01,16,104,38,1*70  "
20733774661589,1788550679941,"$GBGSV,2,1,08,23,71,208,31,25,29,159,27,27,14,251,34,28,53,277,29,3*70  "
20733774852526,1788550679941,"$GBGSV,2,2,08,33,06,141,35,37,40,310,32,38,53,026,36,42,08,091,14,3*74  "
20733775228307,1788550679941,"$GBGSV,2,1,07,23,71,208,30,25,29,159,23,27,14,251,25,28,53,277,34,5*70  "
20733775495026,1788550679941,"$GBGSV,2,2,07,37,40,310,25,38,53,026,34,42,08,091,33,5*48  "
20733778405911,1788550679951,"$GNGSA,A,3,06,11,12,17,19,21,22,24,,,,,0.6,0.4,0.5,1*38  "
20733778838359,1788550679951,"$PSSGR,GSA,A,3,06,11,21,24,,,,,,,,,0.6,0.4,0.5,1,8*41  "
20733779069818,1788550679951,"$GNGSA,A,3,80,83,85,,,,,,,,,,0.6,0.4,0.5,2*3B  "
20733779231380,1788550679951,"$GNGSA,A,3,02,15,18,27,30,34,36,,,,,,0.6,0.4,0.5,3*3F  "
20733779416484,1788550679951,"$PSSGR,GSA,A,3,302,315,318,327,330,334,336,,,,,,0.6,0.4,0.5,3,1*71  "
20733779616172,1788550679951,"$GNGSA,A,3,02,06,08,09,10,13,23,25,27,28,37,38,0.6,0.4,0.5,4*33  "
20733780394193,1788550679951,"$PSSGR,GSA,A,3,223,225,227,228,237,238,,,,,,,0.6,0.4,0.5,4,5*4C  "
20733780955807,1788550679951,"$GNGSA,A,3,03,,,,,,,,,,,,0.6,0.4,0.5,5*31  "
20733781275755,1788550679951,"$PSSGR,GSA,A,3,195,,,,,,,,,,,,0.6,0.4,0.5,5,8*7B  "
20733781665807,1788550679951,"$GNVTG,213.8,T,212.5,M,7.1,N,13.2,K,A*07  "
20733781679089,1788550679951,"$GNDTM,W84,,0000.000000,N,00000.000000,E,0.000,W84*41  "
20733781967578,1788550679951,"$GNRMC,193800.00,A,2831.308812,N,07734.311226,E,7.1,213.8,040926,1.3,E,A,V*5D  "
20733781980234,1788550679951,"$GNGNS,193800.00,2831.308812,N,07734.311226,E,AAAAAN,31,0.4,207.3,-54.0,,,V*08  "
20733782532786,1788550679951,"$GNGGA,193800.00,2831.308812,N,07734.311226,E,1,12,0.4,207.3,M,-54.0,M,,*56  "
20733782547734,1788550679956,"$PSMSG,magcal=PASS,bluesky=0*00 "
20734773480494,1788550680942,"$GPGSV,3,1,12,05,02,189,30,06,64,030,31,11,74,236,38,12,31,320,34,1*6C  "
20734773508984,1788550680942,"$GPGSV,3,2,12,13,00,000,32,14,15,131,24,17,21,067,23,19,46,039,36,1*61  "
20734773519609,1788550680942,"$GPGSV,3,3,12,21,24,163,38,22,36,122,34,24,35,253,36,40,00,000,41,1*6E  "
20734773529557,1788550680942,"$GPGSV,2,1,05,06,64,030,32,11,74,236,26,14,15,131,28,21,24,163,36,8*61  "
20734773548724,1788550680942,"$GPGSV,2,2,05,24,35,253,32,8*5D  "
20734773556067,1788550680942,"$GLGSV,2,1,07,10,00,000,31,09,73,164,35,16,16,151,39,11,02,331,20,1*79  "
20734774410078,1788550680942,"$GLGSV,2,2,07,20,63,299,43,19,34,024,34,21,30,247,37,1*46  "
20734774429140,1788550680942,"$GAGSV,2,1,08,02,60,096,36,15,33,213,40,18,62,017,28,25,10,122,18,7*79  "
20734774435338,1788550680942,"$GAGSV,2,2,08,27,09,313,25,30,54,332,34,34,86,155,38,36,37,039,36,7*7B  "
20734774441119,1788550680942,"$GAGSV,2,1,08,02,60,096,34,15,33,213,26,18,62,017,29,25,10,122,25,1*72  "
20734774454713,1788550680942,"$GAGSV,2,2,08,27,09,313,25,30,54,332,28,34,86,155,29,36,37,039,32,1*74  "
20734774460338,1788550680942,"$GQGSV,1,1,01,03,32,061,33,1*51  "
20734774465651,1788550680942,"$GQGSV,1,1,02,02,23,100,18,03,32,061,30,8*63  "
20734774470651,1788550680942,"$GBGSV,4,1,16,38,53,026,39,37,40,310,33,33,06,141,28,28,53,277,36,1*76  "
20734774476432,1788550680942,"$GBGSV,4,2,16,27,14,251,38,25,29,159,35,23,71,208,42,14,04,069,30,1*7B  "
20734774482057,1788550680942,"$GBGSV,4,3,16,13,66,337,40,10,13,164,36,09,26,145,32,08,37,051,40,1*72  "
20734774490130,1788550680942,"$GBGSV,4,4,16,06,34,118,29,03,40,128,30,02,54,175,34,01,16,104,38,1*73  "
20734774495599,1788550680942,"$GBGSV,2,1,08,23,71,208,39,25,29,159,32,27,14,251,36,28,53,277,32,3*74  "
20734774500911,1788550680942,"$GBGSV,2,2,08,33,06,141,33,37,40,310,30,38,53,026,37,42,08,091,14,3*71  "
20734774506380,1788550680942,"$GBGSV,2,1,08,23,71,208,29,25,29,159,27,27,14,251,32,28,53,277,31,5*70  "
20734774512005,1788550680942,"$GBGSV,2,2,08,33,06,141,20,37,40,310,24,38,53,026,29,42,08,091,33,5*7A  "
20734777248828,1788550680951,"$GNGSA,A,3,06,11,12,17,19,21,22,24,,,,,0.6,0.4,0.5,1*38  "
20734777443932,1788550680951,"$PSSGR,GSA,A,3,06,11,21,24,,,,,,,,,0.6,0.4,0.5,1,8*41  "
20734778024557,1788550680951,"$GNGSA,A,3,80,83,85,,,,,,,,,,0.6,0.4,0.5,2*3B  "
20734778041171,1788550680951,"$GNGSA,A,3,02,15,18,27,30,34,36,,,,,,0.6,0.4,0.5,3*3F  "
20734778109349,1788550680951,"$PSSGR,GSA,A,3,302,315,318,327,330,334,336,,,,,,0.6,0.4,0.5,3,1*71  "
20734778263255,1788550680951,"$GNGSA,A,3,02,06,08,09,10,13,23,25,27,28,37,38,0.6,0.4,0.5,4*33  "
20734778580546,1788550680951,"$PSSGR,GSA,A,3,223,225,227,228,237,238,,,,,,,0.6,0.4,0.5,4,5*4C  "
20734778596067,1788550680951,"$GNGSA,A,3,03,,,,,,,,,,,,0.6,0.4,0.5,5*31  "
20734778848359,1788550680951,"$PSSGR,GSA,A,3,195,,,,,,,,,,,,0.6,0.4,0.5,5,8*7B  "
20734779127838,1788550680951,"$GNVTG,204.7,T,203.4,M,7.2,N,13.2,K,A*0C  "
20734779265078,1788550680951,"$GNDTM,W84,,0000.000000,N,00000.000000,E,0.000,W84*41  "
20734779389609,1788550680951,"$GNRMC,193801.00,A,2831.306925,N,07734.310267,E,7.2,204.7,040926,1.3,E,A,V*59  "
20734779570807,1788550680951,"$GNGNS,193801.00,2831.306925,N,07734.310267,E,AAAAAN,31,0.4,207.2,-54.0,,,V*07  "
20734779800182,1788550680951,"$GNGGA,193801.00,2831.306925,N,07734.310267,E,1,12,0.4,207.2,M,-54.0,M,,*59  "
20734779943776,1788550680954,"$PSMSG,magcal=PASS,bluesky=0*00 "
20735767623984,1788550681941,"$GPGSV,3,1,11,05,02,189,31,06,64,030,31,11,74,236,40,12,31,320,35,1*60  "
20735767665442,1788550681941,"$GPGSV,3,2,11,13,00,000,33,14,15,131,24,19,46,039,33,21,24,163,42,1*64  "
20735767680494,1788550681941,"$GPGSV,3,3,11,22,36,122,31,24,35,253,39,40,00,000,37,1*5C  "
20735768372629,1788550681941,"$GPGSV,2,1,05,06,64,030,33,11,74,236,30,14,15,131,28,21,24,163,38,8*69  "
20735768395598,1788550681941,"$GPGSV,2,2,05,24,35,253,29,8*57  "
20735768405077,1788550681941,"$GLGSV,2,1,07,10,00,000,31,09,73,164,34,16,16,151,39,11,02,331,20,1*78  "
20735768425234,1788550681941,"$GLGSV,2,2,07,20,63,299,41,19,34,024,34,21,30,247,40,1*44  "
20735768433932,1788550681941,"$GAGSV,2,1,08,02,60,096,27,15,33,213,42,18,62,017,28,25,10,122,18,7*7B  "
20735768443046,1788550681941,"$GAGSV,2,2,08,27,09,313,28,30,54,332,38,34,86,155,35,36,37,039,37,7*76  "
20735768452057,1788550681941,"$GAGSV,2,1,08,02,60,096,29,15,33,213,26,18,62,017,30,25,10,122,25,1*76  "
20735768461067,1788550681941,"$GAGSV,2,2,08,27,09,313,30,30,54,332,26,34,86,155,25,36,37,039,28,1*79  "
20735768762525,1788550681941,"$GQGSV,1,1,01,03,32,061,34,1*56  "
20735768800650,1788550681941,"$GQGSV,1,1,02,02,23,100,18,03,32,061,30,8*63  "
20735768816275,1788550681941,"$GBGSV,5,1,17,38,53,026,39,37,40,310,35,34,03,058,21,33,06,141,30,1*78  "
20735768831744,1788550681941,"$GBGSV,5,2,17,28,53,277,38,27,14,251,42,25,29,159,40,23,71,208,42,1*7C  "
20735768844036,1788550681941,"$GBGSV,5,3,17,14,04,069,30,13,66,337,38,10,13,164,34,09,26,145,36,1*7A  "
20735768854504,1788550681941,"$GBGSV,5,4,17,08,37,051,40,06,34,118,31,03,40,128,32,02,54,175,34,1*7C  "
20735768879348,1788550681941,"$GBGSV,5,5,17,01,16,104,38,1*48  "
20735769044817,1788550681941,"$GBGSV,2,1,08,23,71,208,39,25,29,159,36,27,14,251,40,28,53,277,37,3*74  "
20735769080077,1788550681941,"$GBGSV,2,2,08,33,06,141,31,37,40,310,34,38,53,026,37,42,08,091,14,3*77  "
20735769214088,1788550681941,"$GBGSV,2,1,08,23,71,208,25,25,29,159,33,27,14,251,27,28,53,277,31,5*7D  "
20735769237890,1788550681941,"$GBGSV,2,2,08,33,06,141,32,37,40,310,27,38,53,026,30,42,08,091,33,5*72  "
20735773075338,1788550681945,"$GNGSA,A,3,06,11,12,17,19,21,22,24,,,,,0.6,0.4,0.5,1*38  "
20735773590807,1788550681945,"$PSSGR,GSA,A,3,06,11,21,24,,,,,,,,,0.6,0.4,0.5,1,8*41  "
20735773603254,1788550681945,"$GNGSA,A,3,80,83,85,,,,,,,,,,0.6,0.4,0.5,2*3B  "
20735773609244,1788550681945,"$GNGSA,A,3,02,15,18,27,30,34,36,,,,,,0.6,0.4,0.5,3*3F  "
20735773614921,1788550681945,"$PSSGR,GSA,A,3,302,315,318,327,330,334,336,,,,,,0.6,0.4,0.5,3,1*71  "
20735773630025,1788550681945,"$GNGSA,A,3,02,06,08,09,10,13,23,25,27,28,37,38,0.6,0.4,0.5,4*33  "
20735773636484,1788550681945,"$PSSGR,GSA,A,3,223,225,227,228,237,238,,,,,,,0.6,0.4,0.5,4,5*4C  "
20735773642213,1788550681945,"$GNGSA,A,3,03,,,,,,,,,,,,0.6,0.4,0.5,5*31  "
20735773647369,1788550681945,"$PSSGR,GSA,A,3,195,,,,,,,,,,,,0.6,0.4,0.5,5,8*7B  "
20735773652734,1788550681945,"$GNVTG,220.8,T,219.5,M,7.5,N,14.0,K,A*0D  "
20735773657890,1788550681945,"$GNDTM,W84,,0000.000000,N,00000.000000,E,0.000,W84*41  "
20735775009140,1788550681945,"$GNRMC,193802.00,A,2831.305182,N,07734.308952,E,7.5,220.8,040926,1.3,E,A,V*56  "
20735775025234,1788550681945,"$GNGNS,193802.00,2831.305182,N,07734.308952,E,AAAAAN,31,0.4,207.1,-54.0,,,V*05  "
20735775031796,1788550681945,"$GNGGA,193802.00,2831.305182,N,07734.308952,E,1,12,0.4,207.1,M,-54.0,M,,*5B  "
20735775037890,1788550681948,"$PSMSG,magcal=PASS,bluesky=0*00 "
20736768999035,1788550682942,"$GPGSV,3,1,11,05,02,189,33,06,64,030,31,11,74,236,37,12,31,320,39,1*6E  "
20736769179817,1788550682942,"$GPGSV,3,2,11,13,00,000,32,14,15,131,29,19,46,039,34,21,24,163,41,1*6C  "
20736769736483,1788550682942,"$GPGSV,3,3,11,22,36,122,37,24,35,253,40,40,00,000,41,1*55  "
20736770156796,1788550682942,"$GPGSV,2,1,05,06,64,030,31,11,74,236,27,14,15,131,18,21,24,163,39,8*6F  "
20736770402004,1788550682942,"$GPGSV,2,2,05,24,35,253,30,8*5F  "
20736770910389,1788550682942,"$GLGSV,2,1,07,10,00,000,30,09,73,164,34,16,16,151,37,11,02,331,20,1*77  "
20736770930910,1788550682942,"$GLGSV,2,2,07,20,63,299,37,19,34,024,34,21,30,247,38,1*4A  "
20736771313983,1788550682942,"$GAGSV,2,1,08,02,60,096,29,15,33,213,42,18,62,017,27,25,10,122,18,7*7A  "
20736771334139,1788550682942,"$GAGSV,2,2,08,27,09,313,25,30,54,332,38,34,86,155,35,36,37,039,32,7*7E  "
20736771640181,1788550682942,"$GAGSV,2,1,08,02,60,096,28,15,33,213,24,18,62,017,28,25,10,122,25,1*7C  "
20736771861848,1788550682942,"$GAGSV,2,2,08,27,09,313,30,30,54,332,25,34,86,155,25,36,37,039,21,1*73  "
20736772198671,1788550682942,"$GQGSV,1,1,02,02,23,100,27,03,32,061,29,1*6E  "
20736772562004,1788550682942,"$GQGSV,1,1,02,02,23,100,18,03,32,061,27,8*65  "
20736772683671,1788550682942,"$GBGSV,5,1,17,38,53,026,36,37,40,310,33,34,03,058,21,33,06,141,28,1*78  "
20736773247108,1788550682942,"$GBGSV,5,2,17,28,53,277,39,27,14,251,41,25,29,159,41,23,71,208,40,1*7D  "
20736773266483,1788550682942,"$GBGSV,5,3,17,14,04,069,30,13,66,337,41,10,13,164,32,09,26,145,39,1*7D  "
20736773451119,1788550682942,"$GBGSV,5,4,17,08,37,051,36,06,34,118,32,03,40,128,38,02,54,175,36,1*76  "
20736773818358,1788550682942,"$GBGSV,5,5,17,01,16,104,38,1*48  "
20736774068879,1788550682942,"$GBGSV,2,1,08,23,71,208,37,25,29,159,39,27,14,251,39,28,53,277,36,3*7A  "
20736774422421,1788550682942,"$GBGSV,2,2,08,33,06,141,28,37,40,310,32,38,53,026,34,42,08,091,18,3*76  "
20736774571952,1788550682942,"$GBGSV,2,1,08,23,71,208,24,25,29,159,31,27,14,251,26,28,53,277,28,5*77  "
20736774852473,1788550682942,"$GBGSV,2,2,08,33,06,141,28,37,40,310,27,38,53,026,31,42,08,091,33,5*78  "
20736778736796,1788550682952,"$GNGSA,A,3,06,11,12,14,17,19,21,22,24,,,,0.6,0.4,0.5,1*3D  "
20736778849660,1788550682952,"$PSSGR,GSA,A,3,06,11,21,24,,,,,,,,,0.6,0.4,0.5,1,8*41  "
20736779045650,1788550682952,"$GNGSA,A,3,80,83,85,,,,,,,,,,0.6,0.4,0.5,2*3B  "
20736779188723,1788550682952,"$GNGSA,A,3,02,15,18,27,30,34,36,,,,,,0.6,0.4,0.5,3*3F  "
20736779408254,1788550682952,"$PSSGR,GSA,A,3,302,315,318,327,330,334,336,,,,,,0.6,0.4,0.5,3,1*71  "
20736779623671,1788550682952,"$GNGSA,A,3,02,06,08,09,10,13,23,25,27,28,37,38,0.6,0.4,0.5,4*33  "
20736779880754,1788550682952,"$PSSGR,GSA,A,3,223,225,227,228,237,238,,,,,,,0.6,0.4,0.5,4,5*4C  "
20736779895025,1788550682952,"$GNGSA,A,3,02,03,,,,,,,,,,,0.6,0.4,0.5,5*33  "
20736780052785,1788550682952,"$PSSGR,GSA,A,3,195,,,,,,,,,,,,0.6,0.4,0.5,5,8*7B  "
20736780304244,1788550682952,"$GNVTG,230.1,T,228.8,M,8.0,N,14.8,K,A*08  "
20736780544192,1788550682952,"$GNDTM,W84,,0000.000000,N,00000.000000,E,0.000,W84*41  "
20736780623514,1788550682952,"$GNRMC,193803.00,A,2831.303627,N,07734.307126,E,8.0,230.1,040926,1.3,E,A,V*5F  "
20736781119400,1788550682952,"$GNGNS,193803.00,2831.303627,N,07734.307126,E,AAAAAN,33,0.4,207.0,-54.0,,,V*0D  "
20736781424087,1788550682952,"$GNGGA,193803.00,2831.303627,N,07734.307126,E,1,12,0.4,207.0,M,-54.0,M,,*51  "
20736781671744,1788550682955,"$PSMSG,magcal=PASS,bluesky=0*00 "
20737764391587,1788550683937,"$GPGSV,3,1,11,05,02,189,31,06,64,030,30,11,74,236,37,12,31,320,38,1*6C  "
20737764418827,1788550683937,"$GPGSV,3,2,11,13,00,000,32,14,15,131,36,19,46,039,32,21,24,163,44,1*61  "
20737764639399,1788550683937,"$GPGSV,3,3,11,22,36,122,41,24,35,253,43,40,00,000,39,1*58  "
20737764735649,1788550683937,"$GPGSV,2,1,05,06,64,030,29,11,74,236,28,14,15,131,31,21,24,163,40,8*6C  "
20737764919764,1788550683937,"$GPGSV,2,2,05,24,35,253,32,8*5D  "
20737765435077,1788550683937,"$GLGSV,2,1,07,10,00,000,27,09,73,164,33,16,16,151,40,11,02,331,20,1*76  "
20737765910597,1788550683937,"$GLGSV,2,2,07,20,63,299,39,19,34,024,34,21,30,247,40,1*4B  "
20737766525441,1788550683937,"$GAGSV,2,1,08,02,60,096,34,15,33,213,41,18,62,017,29,25,10,122,18,7*7B  "
20737766776743,1788550683937,"$GAGSV,2,2,08,27,09,313,28,30,54,332,35,34,86,155,33,36,37,039,32,7*78  "
20737767113045,1788550683937,"$GAGSV,2,1,08,02,60,096,33,15,33,213,28,18,62,017,25,25,10,122,25,1*77  "
20737767853774,1788550683937,"$GAGSV,2,2,08,27,09,313,19,30,54,332,23,34,86,155,24,36,37,039,22,1*7C  "
20737768628670,1788550683937,"$GQGSV,1,1,02,02,23,100,35,03,32,061,26,1*62  "
20737768856222,1788550683937,"$GQGSV,1,1,02,02,23,100,26,03,32,061,23,8*6C  "
20737769089087,1788550683937,"$GBGSV,5,1,17,42,08,091,22,38,53,026,35,37,40,310,37,34,03,058,21,1*71  "
20737769420597,1788550683937,"$GBGSV,5,2,17,33,06,141,36,28,53,277,43,27,14,251,35,25,29,159,41,1*7D  "
20737769716379,1788550683937,"$GBGSV,5,3,17,23,71,208,41,13,66,337,42,10,13,164,31,09,26,145,39,1*78  "
20737769976535,1788550683937,"$GBGSV,5,4,17,08,37,051,31,06,34,118,39,03,40,128,39,02,54,175,35,1*78  "
20737770216170,1788550683937,"$GBGSV,5,5,17,01,16,104,26,1*47  "
20737770981379,1788550683937,"$GBGSV,2,1,08,23,71,208,38,25,29,159,39,27,14,251,33,28,53,277,40,3*7E  "
20737771475806,1788550683937,"$GBGSV,2,2,08,33,06,141,35,37,40,310,34,38,53,026,32,42,08,091,18,3*7A  "
20737771503514,1788550683937,"$GBGSV,2,1,08,23,71,208,26,25,29,159,32,27,14,251,23,28,53,277,32,5*78  "
20737772078202,1788550683937,"$GBGSV,2,2,08,33,06,141,25,37,40,310,32,38,53,026,30,42,08,091,33,5*70  "
20737775360129,1788550683948,"$GNGSA,A,3,06,11,12,14,17,19,21,22,24,,,,0.6,0.4,0.5,1*3D  "
20737775606743,1788550683948,"$PSSGR,GSA,A,3,06,11,14,21,24,,,,,,,,0.6,0.4,0.5,1,8*44  "
20737775624399,1788550683948,"$GNGSA,A,3,80,83,85,,,,,,,,,,0.6,0.4,0.5,2*3B  "
20737775633306,1788550683948,"$GNGSA,A,3,02,15,18,27,30,34,36,,,,,,0.6,0.4,0.5,3*3F  "
20737775648410,1788550683948,"$PSSGR,GSA,A,3,302,315,318,327,330,334,336,,,,,,0.6,0.4,0.5,3,1*71  "
20737775656639,1788550683948,"$GNGSA,A,3,01,02,06,08,09,10,13,23,25,27,28,37,0.6,0.4,0.5,4*39  "
20737775663774,1788550683948,"$PSSGR,GSA,A,3,223,225,227,228,237,238,,,,,,,0.6,0.4,0.5,4,5*4C  "
20737776195285,1788550683948,"$GNGSA,A,3,02,03,,,,,,,,,,,0.6,0.4,0.5,5*33  "
20737776212524,1788550683948,"$PSSGR,GSA,A,3,195,,,,,,,,,,,,0.6,0.4,0.5,5,8*7B  "
20737776223045,1788550683948,"$GNVTG,230.8,T,229.5,M,8.1,N,15.1,K,A*04  "
20737776232785,1788550683948,"$GNDTM,W84,,0000.000000,N,00000.000000,E,0.000,W84*41  "
20737776242993,1788550683948,"$GNRMC,193804.00,A,2831.302109,N,07734.305153,E,8.1,230.8,040926,1.3,E,A,V*5A  "
20737776687368,1788550683948,"$GNGNS,193804.00,2831.302109,N,07734.305153,E,AAAAAN,34,0.4,207.2,-54.0,,,V*05  "
20737776700702,1788550683948,"$GNGGA,193804.00,2831.302109,N,07734.305153,E,1,12,0.4,207.2,M,-54.0,M,,*5E  "
20737776771014,1788550683950,"$PSMSG,magcal=PASS,bluesky=0*00 "
20738770912420,1788550684944,"$GPGSV,3,1,11,05,02,189,24,06,64,030,31,11,74,236,36,12,31,320,37,1*67  "
20738771788305,1788550684944,"$GPGSV,3,2,11,13,00,000,34,14,15,131,35,19,46,039,33,21,24,163,44,1*65  "
20738772251170,1788550684944,"$GPGSV,3,3,11,22,36,122,40,24,35,253,43,40,00,000,40,1*57  "
20738772567889,1788550684944,"$GPGSV,2,1,05,06,64,030,28,11,74,236,28,14,15,131,31,21,24,163,39,8*63  "
20738773000493,1788550684944,"$GPGSV,2,2,05,24,35,253,31,8*5E  "
20738774911587,1788550684944,"$GLGSV,2,1,07,10,00,000,31,09,73,164,36,16,16,151,39,11,02,331,20,1*7A  "
20738775641430,1788550684944,"$GLGSV,2,2,07,20,63,299,39,19,34,024,32,21,30,247,40,1*4D  "
20738776195441,1788550684944,"$GAGSV,2,1,08,02,60,096,33,15,33,213,42,18,62,017,29,25,10,122,16,7*71  "
20738776555389,1788550684944,"$GAGSV,2,2,08,27,09,313,21,30,54,332,39,34,86,155,36,36,37,039,29,7*72  "
20738776994503,1788550684944,"$GAGSV,2,1,08,02,60,096,31,15,33,213,29,18,62,017,27,25,10,122,17,1*77  "
20738777466482,1788550684944,"$GAGSV,2,2,08,27,09,313,19,30,54,332,28,34,86,155,28,36,37,039,25,1*7C  "
20738777712368,1788550684944,"$GQGSV,1,1,02,02,23,100,35,03,32,061,27,1*63  "
20738778219191,1788550684944,"$GQGSV,1,1,02,02,23,100,39,03,32,061,24,8*65  "
20738778764660,1788550684944,"$GBGSV,5,1,17,42,08,091,22,38,53,026,34,37,40,310,38,34,03,058,26,1*78  "
20738779092732,1788550684944,"$GBGSV,5,2,17,33,06,141,31,28,53,277,41,27,14,251,32,25,29,159,41,1*7F  "
20738779446118,1788550684944,"$GBGSV,5,3,17,23,71,208,42,13,66,337,42,10,13,164,27,09,26,145,39,1*7C  "
20738779929295,1788550684944,"$GBGSV,5,4,17,08,37,051,32,06,34,118,38,03,40,128,40,02,54,175,35,1*74  "
20738780387889,1788550684944,"$GBGSV,5,5,17,01,16,104,26,1*47  "
20738780703357,1788550684944,"$GBGSV,2,1,08,23,71,208,38,25,29,159,38,27,14,251,29,28,53,277,39,3*7A  "
20738781624972,1788550684944,"$GBGSV,2,2,08,33,06,141,29,37,40,310,37,38,53,026,31,42,08,091,24,3*78  "
20738781891951,1788550684944,"$GBGSV,2,1,08,23,71,208,26,25,29,159,31,27,14,251,22,28,53,277,29,5*70  "
20738782461951,1788550684944,"$GBGSV,2,2,08,33,06,141,22,37,40,310,33,38,53,026,30,42,08,091,33,5*76  "
20738790416847,1788550684963,"$GNGSA,A,3,06,11,12,14,19,21,22,24,,,,,0.6,0.4,0.5,1*3B  "
20738791380649,1788550684963,"$PSSGR,GSA,A,3,06,11,14,21,24,,,,,,,,0.6,0.4,0.5,1,8*44  "
20738791413462,1788550684963,"$GNGSA,A,3,80,83,85,,,,,,,,,,0.6,0.4,0.5,2*3B  "
20738792248878,1788550684963,"$GNGSA,A,3,02,15,18,27,30,34,36,,,,,,0.6,0.4,0.5,3*3F  "
20738792273305,1788550684963,"$PSSGR,GSA,A,3,302,315,318,327,330,334,336,,,,,,0.6,0.4,0.5,3,1*71  "
20738792287628,1788550684963,"$GNGSA,A,3,01,02,06,08,09,10,13,23,25,27,28,37,0.6,0.4,0.5,4*39  "
20738792754087,1788550684963,"$PSSGR,GSA,A,3,223,225,227,228,237,238,,,,,,,0.6,0.4,0.5,4,5*4C  "
20738792903201,1788550684963,"$GNGSA,A,3,02,03,,,,,,,,,,,0.6,0.4,0.5,5*33  "
20738794057889,1788550684963,"$PSSGR,GSA,A,3,194,195,,,,,,,,,,,0.6,0.4,0.5,5,8*47  "
20738794763774,1788550684963,"$GNVTG,229.0,T,227.7,M,7.9,N,14.7,K,A*08  "
20738795969191,1788550684963,"$GNDTM,W84,,0000.000000,N,00000.000000,E,0.000,W84*41  "
20738796007107,1788550684963,"$GNRMC,193805.00,A,2831.300598,N,07734.303211,E,7.9,229.0,040926,1.3,E,A,V*51  "
20738798464295,1788550684963,"$GNGNS,193805.00,2831.300598,N,07734.303211,E,AAAAAN,33,0.4,207.0,-54.0,,,V*0C  "
20738799232680,1788550684963,"$GNGGA,193805.00,2831.300598,N,07734.303211,E,1,12,0.4,207.0,M,-54.0,M,,*50  "
20738801343305,1788550684973,"$PSMSG,magcal=PASS,bluesky=0*00 "
20739769267992,1788550685942,"$GPGSV,3,1,11,05,02,189,28,06,64,030,28,11,74,236,36,12,31,320,42,1*61  "
20739769457420,1788550685942,"$GPGSV,3,2,11,13,00,000,38,14,15,131,37,19,46,039,34,21,24,163,44,1*6C  "
20739769483097,1788550685942,"$GPGSV,3,3,11,22,36,122,40,24,35,253,43,40,00,000,40,1*57  "
20739769493461,1788550685942,"$GPGSV,2,1,05,06,64,030,31,11,74,236,31,14,15,131,32,21,24,163,39,8*60  "
20739769503513,1788550685942,"$GPGSV,2,2,05,24,35,253,32,8*5D  "
20739769549763,1788550685942,"$GLGSV,2,1,07,10,00,000,31,09,73,164,34,16,16,151,38,11,02,331,20,1*79  "
20739769826795,1788550685942,"$GLGSV,2,2,07,20,63,299,39,19,34,024,33,21,30,247,41,1*4D  "
20739770012315,1788550685942,"$GAGSV,2,1,08,02,60,096,35,15,33,213,42,18,62,017,27,25,10,122,30,7*7D  "
20739770281065,1788550685942,"$GAGSV,2,2,08,27,09,313,21,30,54,332,39,34,86,155,36,36,37,039,32,7*78  "
20739770620753,1788550685942,"$GAGSV,2,1,08,02,60,096,30,15,33,213,32,18,62,017,27,25,10,122,34,1*7D  "
20739770963565,1788550685942,"$GAGSV,2,2,08,27,09,313,19,30,54,332,26,34,86,155,28,36,37,039,25,1*72  "
20739771302263,1788550685942,"$GQGSV,1,1,02,02,23,100,33,03,32,061,26,1*64  "
20739774125649,1788550685942,"$GQGSV,1,1,02,02,23,100,37,03,32,061,27,8*68  "
20739774536222,1788550685942,"$GBGSV,5,1,17,42,08,091,22,38,53,026,36,37,40,310,39,34,03,058,26,1*7B  "
20739774553357,1788550685942,"$GBGSV,5,2,17,33,06,141,28,28,53,277,41,27,14,251,30,25,29,159,42,1*76  "
20739774835076,1788550685942,"$GBGSV,5,3,17,23,71,208,40,13,66,337,42,10,13,164,24,09,26,145,40,1*73  "
20739774850753,1788550685942,"$GBGSV,5,4,17,08,37,051,33,06,34,118,38,03,40,128,39,02,54,175,37,1*79  "
20739775166170,1788550685942,"$GBGSV,5,5,17,01,16,104,26,1*47  "
20739775304034,1788550685942,"$GBGSV,2,1,08,23,71,208,38,25,29,159,39,27,14,251,27,28,53,277,38,3*74  "
20739775505857,1788550685942,"$GBGSV,2,2,08,33,06,141,26,37,40,310,37,38,53,026,33,42,08,091,26,3*77  "
20739775717003,1788550685942,"$GBGSV,2,1,08,23,71,208,27,25,29,159,33,27,14,251,22,28,53,277,31,5*7A  "
20739775893722,1788550685942,"$GBGSV,2,2,08,33,06,141,22,37,40,310,37,38,53,026,32,42,08,091,33,5*70  "
20739779484034,1788550685952,"$GNGSA,A,3,06,11,12,14,19,21,22,24,,,,,0.6,0.4,0.5,1*3B  "
20739779504972,1788550685952,"$PSSGR,GSA,A,3,06,11,14,21,24,,,,,,,,0.6,0.4,0.5,1,8*44  "
20739779519920,1788550685952,"$GNGSA,A,3,80,83,85,,,,,,,,,,0.6,0.4,0.5,2*3B  "
20739779525336,1788550685952,"$GNGSA,A,3,02,15,18,25,27,30,34,36,,,,,0.6,0.4,0.5,3*38  "
20739779834763,1788550685952,"$PSSGR,GSA,A,3,302,315,318,325,327,330,334,336,,,,,0.6,0.4,0.5,3,1*45  "
20739779844295,1788550685952,"$GNGSA,A,3,01,02,06,08,09,10,13,23,25,27,28,37,0.6,0.4,0.5,4*39  "
20739779850701,1788550685952,"$PSSGR,GSA,A,3,223,225,227,228,237,238,,,,,,,0.6,0.4,0.5,4,5*4C  "
20739779916482,1788550685952,"$GNGSA,A,3,02,03,,,,,,,,,,,0.6,0.4,0.5,5*33  "
20739780109086,1788550685952,"$PSSGR,GSA,A,3,194,195,,,,,,,,,,,0.6,0.4,0.5,5,8*47  "
20739780297524,1788550685952,"$GNVTG,228.0,T,226.7,M,7.7,N,14.3,K,A*02  "
20739780468201,1788550685952,"$GNDTM,W84,,0000.000000,N,00000.000000,E,0.000,W84*41  "
20739780727367,1788550685952,"$GNRMC,193806.00,A,2831.299060,N,07734.301365,E,7.7,228.0,040926,1.3,E,A,V*5E  "
20739781313930,1788550685952,"$GNGNS,193806.00,2831.299060,N,07734.301365,E,AAAAAN,35,0.4,207.2,-54.0,,,V*08  "
20739781330076,1788550685952,"$GNGGA,193806.00,2831.299060,N,07734.301365,E,1,12,0.4,207.2,M,-54.0,M,,*52  "
20739781337680,1788550685955,"$PSMSG,magcal=PASS,bluesky=0*00 "
20740767926325,1788550686941,"$GPGSV,3,1,12,05,02,189,27,06,64,030,28,11,74,236,38,12,31,320,43,1*62  "
20740767967471,1788550686941,"$GPGSV,3,2,12,13,00,000,31,14,15,131,40,17,21,067,28,19,46,039,29,1*65  "
20740768616273,1788550686941,"$GPGSV,3,3,12,21,24,163,40,22,36,122,41,24,35,253,43,40,00,000,40,1*60  "
20740771499346,1788550686941,"$GPGSV,2,1,05,06,64,030,33,11,74,236,24,14,15,131,35,21,24,163,37,8*6F  "
20740771533461,1788550686941,"$GPGSV,2,2,05,24,35,253,31,8*5E  "
20740771555909,1788550686941,"$GLGSV,2,1,07,10,00,000,30,09,73,164,37,16,16,151,32,11,02,331,20,1*71  "
20740771570284,1788550686941,"$GLGSV,2,2,07,20,63,299,40,19,34,024,31,21,30,247,43,1*43  "
20740771582940,1788550686941,"$GAGSV,2,1,08,02,60,096,34,15,33,213,43,18,62,017,26,25,10,122,25,7*78  "
20740771594138,1788550686941,"$GAGSV,2,2,08,27,09,313,21,30,54,332,39,34,86,155,34,36,37,039,27,7*7E  "
20740771604971,1788550686941,"$GAGSV,2,1,08,02,60,096,36,15,33,213,31,18,62,017,23,25,10,122,37,1*7F  "
20740771616169,1788550686941,"$GAGSV,2,2,08,27,09,313,19,30,54,332,24,34,86,155,22,36,37,039,25,1*7A  "
20740771631638,1788550686941,"$GQGSV,1,1,02,02,23,100,34,03,32,061,28,1*6D  "
20740771641742,1788550686941,"$GQGSV,1,1,02,02,23,100,39,03,32,061,29,8*68  "
20740771651950,1788550686941,"$GBGSV,5,1,17,42,08,091,26,38,53,026,32,37,40,310,33,34,03,058,26,1*71  "
20740772379503,1788550686941,"$GBGSV,5,2,17,33,06,141,29,28,53,277,40,27,14,251,30,25,29,159,42,1*76  "
20740772416846,1788550686941,"$GBGSV,5,3,17,23,71,208,41,13,66,337,41,10,13,164,23,09,26,145,40,1*76  "
20740772637159,1788550686941,"$GBGSV,5,4,17,08,37,051,34,06,34,118,39,03,40,128,38,02,54,175,38,1*71  "
20740772973878,1788550686941,"$GBGSV,5,5,17,01,16,104,27,1*46  "
20740773385128,1788550686941,"$GBGSV,2,1,08,23,71,208,37,25,29,159,40,27,14,251,25,28,53,277,38,3*77  "
20740773654086,1788550686941,"$GBGSV,2,2,08,33,06,141,28,37,40,310,31,38,53,026,28,42,08,091,26,3*75  "
20740774157419,1788550686941,"$GBGSV,2,1,08,23,71,208,26,25,29,159,34,27,14,251,21,28,53,277,31,5*7F  "
20740774246846,1788550686941,"$GBGSV,2,2,08,33,06,141,22,37,40,310,36,38,53,026,31,42,08,091,33,5*72  "
20740776451065,1788550686950,"$GNGSA,A,3,06,11,12,14,17,19,21,22,24,,,,0.6,0.3,0.5,1*3A  "
20740776721325,1788550686950,"$PSSGR,GSA,A,3,06,11,14,21,24,,,,,,,,0.6,0.3,0.5,1,8*43  "
20740776864450,1788550686950,"$GNGSA,A,3,80,83,85,,,,,,,,,,0.6,0.3,0.5,2*3C  "
20740777565023,1788550686950,"$GNGSA,A,3,02,15,18,25,27,30,34,36,,,,,0.6,0.3,0.5,3*3F  "
20740777575961,1788550686950,"$PSSGR,GSA,A,3,302,315,318,325,327,330,334,336,,,,,0.6,0.3,0.5,3,1*42  "
20740777589659,1788550686950,"$GNGSA,A,3,01,02,06,08,09,10,13,23,25,27,28,37,0.6,0.3,0.5,4*3E  "
20740777595544,1788550686950,"$PSSGR,GSA,A,3,223,225,227,228,237,238,,,,,,,0.6,0.3,0.5,4,5*4B  "
20740777601221,1788550686950,"$GNGSA,A,3,02,03,,,,,,,,,,,0.6,0.3,0.5,5*34  "
20740778083044,1788550686950,"$PSSGR,GSA,A,3,194,195,,,,,,,,,,,0.6,0.3,0.5,5,8*40  "
20740778097055,1788550686950,"$GNVTG,227.4,T,226.1,M,7.3,N,13.5,K,A*0A  "
20740778248982,1788550686950,"$GNDTM,W84,,0000.000000,N,00000.000000,E,0.000,W84*41  "
20740778396378,1788550686950,"$GNRMC,193807.00,A,2831.297537,N,07734.299683,E,7.3,227.4,040926,1.3,E,A,V*54  "
20740778538096,1788550686950,"$GNGNS,193807.00,2831.297537,N,07734.299683,E,AAAAAN,36,0.3,207.4,-54.0,,,V*0F  "
20740778791169,1788550686950,"$GNGGA,193807.00,2831.297537,N,07734.299683,E,1,12,0.3,207.4,M,-54.0,M,,*56  "
20740778812680,1788550686952,"$PSMSG,magcal=PASS,bluesky=0*00 "
20741766360179,1788550687939,"$GPGSV,3,1,11,05,02,189,33,11,74,236,35,12,31,320,43,13,00,000,32,1*67  "
20741766397054,1788550687939,"$GPGSV,3,2,11,14,15,131,39,17,21,067,26,19,46,039,31,21,24,163,33,1*6E  "
20741766683877,1788550687939,"$GPGSV,3,3,11,22,36,122,39,24,35,253,44,40,00,000,40,1*5E  "
20741767037210,1788550687939,"$GPGSV,2,1,05,06,64,030,32,11,74,236,22,14,15,131,33,21,24,163,30,8*69  "
20741767466794,1788550687939,"$GPGSV,2,2,05,24,35,253,32,8*5D  "
20741767907002,1788550687939,"$GLGSV,2,1,07,10,00,000,29,09,73,164,37,16,16,151,30,11,02,331,20,1*7B  "
20741768312210,1788550687939,"$GLGSV,2,2,07,20,63,299,42,19,34,024,33,21,30,247,40,1*40  "
20741768834346,1788550687939,"$GAGSV,2,1,08,02,60,096,35,15,33,213,42,18,62,017,26,25,10,122,26,7*7B  "
20741769299867,1788550687939,"$GAGSV,2,2,08,27,09,313,21,30,54,332,37,34,86,155,35,36,37,039,31,7*76  "
20741769719398,1788550687939,"$GAGSV,2,1,08,02,60,096,37,15,33,213,33,18,62,017,26,25,10,122,37,1*79  "
20741770133565,1788550687939,"$GAGSV,2,2,08,27,09,313,19,30,54,332,29,34,86,155,24,36,37,039,26,1*72  "
20741770707471,1788550687939,"$GQGSV,1,1,02,02,23,100,37,03,32,061,29,1*6F  "
20741771276169,1788550687939,"$GQGSV,1,1,02,02,23,100,40,03,32,061,32,8*6C  "
20741771299919,1788550687939,"$GBGSV,4,1,16,42,08,091,26,38,53,026,30,37,40,310,38,34,03,058,25,1*7B  "
20741771426429,1788550687939,"$GBGSV,4,2,16,33,06,141,27,28,53,277,40,27,14,251,31,25,29,159,37,1*7B  "
20741772421794,1788550687939,"$GBGSV,4,3,16,23,71,208,43,13,66,337,43,09,26,145,41,08,37,051,36,1*7B  "
20741772447054,1788550687939,"$GBGSV,4,4,16,06,34,118,39,03,40,128,34,02,54,175,41,01,16,104,27,1*7A  "
20741772473721,1788550687939,"$GBGSV,2,1,08,23,71,208,39,25,29,159,35,27,14,251,28,28,53,277,38,3*76  "
20741772618200,1788550687939,"$GBGSV,2,2,08,33,06,141,27,37,40,310,37,38,53,026,27,42,08,091,21,3*74  "
20741773010856,1788550687939,"$GBGSV,2,1,08,23,71,208,27,25,29,159,27,27,14,251,21,28,53,277,32,5*7F  "
20741773308044,1788550687939,"$GBGSV,2,2,08,33,06,141,22,37,40,310,37,38,53,026,30,42,08,091,33,5*72  "
20741777011950,1788550687951,"$GNGSA,A,3,06,11,12,14,17,19,21,22,24,,,,0.6,0.3,0.5,1*3A  "
20741777162367,1788550687951,"$PSSGR,GSA,A,3,06,11,14,21,24,,,,,,,,0.6,0.3,0.5,1,8*43  "
20741777564606,1788550687951,"$GNGSA,A,3,80,83,85,,,,,,,,,,0.6,0.3,0.5,2*3C  "
20741778044138,1788550687951,"$GNGSA,A,3,02,15,18,25,27,30,34,36,,,,,0.6,0.3,0.5,3*3F  "
20741778177419,1788550687951,"$PSSGR,GSA,A,3,302,315,318,325,327,330,334,336,,,,,0.6,0.3,0.5,3,1*42  "
20741778755804,1788550687951,"$GNGSA,A,3,01,02,06,08,09,10,13,23,25,27,28,37,0.6,0.3,0.5,4*3E  "
20741779238148,1788550687951,"$PSSGR,GSA,A,3,223,225,227,228,237,238,,,,,,,0.6,0.3,0.5,4,5*4B  "
20741779252575,1788550687951,"$GNGSA,A,3,02,03,,,,,,,,,,,0.6,0.3,0.5,5*34  "
20741779529190,1788550687951,"$PSSGR,GSA,A,3,194,195,,,,,,,,,,,0.6,0.3,0.5,5,8*40  "
20741780004502,1788550687951,"$GNVTG,219.8,T,218.5,M,6.8,N,12.6,K,A*0A  "
20741780488460,1788550687951,"$GNDTM,W84,,0000.000000,N,00000.000000,E,0.000,W84*41  "
20741780756169,1788550687951,"$GNRMC,193808.00,A,2831.296070,N,07734.298167,E,6.8,219.8,040926,1.3,E,A,V*5B  "
20741781096117,1788550687951,"$GNGNS,193808.00,2831.296070,N,07734.298167,E,AAAAAN,36,0.3,207.5,-54.0,,,V*0A  "
20741781307627,1788550687951,"$GNGGA,193808.00,2831.296070,N,07734.298167,E,1,12,0.3,207.5,M,-54.0,M,,*53  "
20741781603877,1788550687955,"$PSMSG,magcal=PASS,bluesky=0*00 "
20742769460283,1788550688943,"$GPGSV,3,1,11,05,02,189,32,11,74,236,36,12,31,320,34,13,00,000,30,1*67  "
20742769628148,1788550688943,"$GPGSV,3,2,11,14,15,131,33,17,21,067,27,19,46,039,32,21,24,163,31,1*64  "
20742770037835,1788550688943,"$GPGSV,3,3,11,22,36,122,40,24,35,253,41,40,00,000,39,1*5B  "
20742770299658,1788550688943,"$GPGSV,2,1,05,06,64,030,36,11,74,236,24,14,15,131,32,21,24,163,25,8*6E  "
20742772690491,1788550688943,"$GPGSV,2,2,05,24,35,253,33,8*5C  "
20742773283616,1788550688943,"$GLGSV,2,1,07,10,00,000,31,09,73,164,37,16,16,151,27,11,02,331,20,1*74  "
20742774049710,1788550688943,"$GLGSV,2,2,07,20,63,299,42,19,34,024,36,21,30,247,39,1*4B  "
20742774377158,1788550688943,"$GAGSV,2,1,08,02,60,096,33,15,33,213,43,18,62,017,28,25,10,122,26,7*72  "
20742774647835,1788550688943,"$GAGSV,2,2,08,27,09,313,19,30,54,332,38,34,86,155,34,36,37,039,33,7*71  "
20742774993929,1788550688943,"$GAGSV,2,1,08,02,60,096,39,15,33,213,30,18,62,017,30,25,10,122,28,1*7D  "
20742775209658,1788550688943,"$GAGSV,2,2,08,27,09,313,19,30,54,332,28,34,86,155,25,36,37,039,30,1*75  "
20742775686325,1788550688943,"$GQGSV,1,1,02,02,23,100,38,03,32,061,34,1*6C  "
20742775928773,1788550688943,"$GQGSV,1,1,02,02,23,100,40,03,32,061,35,8*6B  "
20742776112158,1788550688943,"$GBGSV,4,1,16,42,08,091,28,38,53,026,38,37,40,310,32,34,03,058,25,1*77  "
20742776452106,1788550688943,"$GBGSV,4,2,16,33,06,141,29,28,53,277,38,27,14,251,31,25,29,159,32,1*7F  "
20742776634970,1788550688943,"$GBGSV,4,3,16,23,71,208,40,13,66,337,41,09,26,145,33,08,37,051,39,1*70  "
20742776843200,1788550688943,"$GBGSV,4,4,16,06,34,118,37,03,40,128,33,02,54,175,41,01,16,104,27,1*73  "
20742777034554,1788550688943,"$GBGSV,2,1,08,23,71,208,38,25,29,159,28,27,14,251,26,28,53,277,34,3*79  "
20742777368929,1788550688943,"$GBGSV,2,2,08,33,06,141,27,37,40,310,28,38,53,026,36,42,08,091,29,3*72  "
20742777585231,1788550688943,"$GBGSV,2,1,08,23,71,208,27,25,29,159,26,27,14,251,20,28,53,277,33,5*7E  "
20742777756741,1788550688943,"$GBGSV,2,2,08,33,06,141,22,37,40,310,32,38,53,026,30,42,08,091,33,5*77  "
20742781278512,1788550688955,"$GNGSA,A,3,06,11,12,14,17,19,21,22,24,,,,0.6,0.3,0.5,1*3A  "
20742781375700,1788550688955,"$PSSGR,GSA,A,3,06,11,14,21,24,,,,,,,,0.6,0.3,0.5,1,8*43  "
20742781599033,1788550688955,"$GNGSA,A,3,80,83,85,,,,,,,,,,0.6,0.3,0.5,2*3C  "
20742782464502,1788550688955,"$GNGSA,A,3,02,15,18,25,27,30,34,36,,,,,0.6,0.3,0.5,3*3F  "
20742782479710,1788550688955,"$PSSGR,GSA,A,3,302,315,318,325,327,330,334,336,,,,,0.6,0.3,0.5,3,1*42  "
20742782495908,1788550688955,"$GNGSA,A,3,01,02,06,08,09,10,13,23,25,27,28,37,0.6,0.3,0.5,4*3E  "
20742782636637,1788550688955,"$PSSGR,GSA,A,3,223,225,227,228,237,238,,,,,,,0.6,0.3,0.5,4,5*4B  "
20742782782158,1788550688955,"$GNGSA,A,3,02,03,,,,,,,,,,,0.6,0.3,0.5,5*34  "
20742782938252,1788550688955,"$PSSGR,GSA,A,3,194,195,,,,,,,,,,,0.6,0.3,0.5,5,8*40  "
20742783078877,1788550688955,"$GNVTG,211.7,T,210.4,M,6.1,N,11.4,K,A*0C  "
20742783221637,1788550688955,"$GNDTM,W84,,0000.000000,N,00000.000000,E,0.000,W84*41  "
20742783448668,1788550688955,"$GNRMC,193809.00,A,2831.294560,N,07734.297148,E,6.1,211.7,040926,1.3,E,A,V*50  "
20742783670648,1788550688955,"$GNGNS,193809.00,2831.294560,N,07734.297148,E,AAAAAN,36,0.3,207.5,-54.0,,,V*0F  "
20742783879814,1788550688955,"$GNGGA,193809.00,2831.294560,N,07734.297148,E,1,12,0.3,207.5,M,-54.0,M,,*56  "
20742784092210,1788550688958,"$PSMSG,magcal=PASS,bluesky=0*00 "
20743768902418,1788550689942,"$GPGSV,3,1,12,05,02,189,34,06,64,030,30,11,74,236,36,12,31,320,32,1*61  "
20743769328512,1788550689942,"$GPGSV,3,2,12,13,00,000,30,14,15,131,27,17,21,067,29,19,46,039,33,1*6F  "
20743769933928,1788550689942,"$GPGSV,3,3,12,21,24,163,32,22,36,122,40,24,35,253,34,40,00,000,40,1*64  "
20743770177678,1788550689942,"$GPGSV,2,1,05,06,64,030,36,11,74,236,26,14,15,131,27,21,24,163,27,8*6A  "
20743771197262,1788550689942,"$GPGSV,2,2,05,24,35,253,22,8*5C  "
20743771527887,1788550689942,"$GLGSV,2,1,07,10,00,000,30,09,73,164,37,16,16,151,27,11,02,331,20,1*75  "
20743771883824,1788550689942,"$GLGSV,2,2,07,20,63,299,42,19,34,024,38,21,30,247,32,1*4E  "
20743772722001,1788550689942,"$GAGSV,2,1,08,02,60,096,34,15,33,213,44,18,62,017,30,25,10,122,25,7*78  "
20743773047262,1788550689942,"$GAGSV,2,2,08,27,09,313,19,30,54,332,37,34,86,155,35,36,37,039,31,7*7D  "
20743773300074,1788550689942,"$GAGSV,2,1,08,02,60,096,39,15,33,213,30,18,62,017,31,25,10,122,23,1*77  "
20743773539189,1788550689942,"$GAGSV,2,2,08,27,09,313,19,30,54,332,29,34,86,155,27,36,37,039,29,1*7E  "
20743773749501,1788550689942,"$GQGSV,1,1,02,02,23,100,38,03,32,061,34,1*6C  "
20743774274710,1788550689942,"$GQGSV,1,1,02,02,23,100,41,03,32,061,36,8*69  "
20743774425491,1788550689942,"$GBGSV,5,1,17,42,08,091,28,38,53,026,39,37,40,310,31,34,03,058,25,1*75  "
20743774534293,1788550689942,"$GBGSV,5,2,17,33,06,141,30,28,53,277,39,27,14,251,32,25,29,159,33,1*74  "
20743774811741,1788550689942,"$GBGSV,5,3,17,23,71,208,41,13,66,337,40,10,13,164,23,09,26,145,27,1*76  "
20743775250126,1788550689942,"$GBGSV,5,4,17,08,37,051,39,06,34,118,36,03,40,128,33,02,54,175,40,1*77  "
20743775426533,1788550689942,"$GBGSV,5,5,17,01,16,104,27,1*46  "
20743775621168,1788550689942,"$GBGSV,2,1,08,23,71,208,39,25,29,159,32,27,14,251,29,28,53,277,33,3*7B  "
20743775923303,1788550689942,"$GBGSV,2,2,08,33,06,141,27,37,40,310,29,38,53,026,36,42,08,091,29,3*73  "
20743776096689,1788550689942,"$GBGSV,2,1,08,23,71,208,30,25,29,159,24,27,14,251,20,28,53,277,33,5*7A  "
20743776320335,1788550689942,"$GBGSV,2,2,08,33,06,141,22,37,40,310,34,38,53,026,30,42,08,091,33,5*71  "
20743779643720,1788550689953,"$GNGSA,A,3,06,11,12,14,17,19,21,22,24,,,,0.6,0.4,0.5,1*3D  "
20743779785960,1788550689953,"$PSSGR,GSA,A,3,06,11,14,21,24,,,,,,,,0.6,0.4,0.5,1,8*44  "
20743779955856,1788550689953,"$GNGSA,A,3,80,83,85,,,,,,,,,,0.6,0.4,0.5,2*3B  "
20743780256220,1788550689953,"$GNGSA,A,3,02,15,18,25,30,34,36,,,,,,0.6,0.4,0.5,3*3D  "
20743780680439,1788550689953,"$PSSGR,GSA,A,3,302,315,318,325,330,334,336,,,,,,0.6,0.4,0.5,3,1*73  "
20743780753095,1788550689953,"$GNGSA,A,3,01,02,06,08,09,10,13,23,25,27,28,37,0.6,0.4,0.5,4*39  "
20743780904918,1788550689953,"$PSSGR,GSA,A,3,223,225,227,228,237,238,,,,,,,0.6,0.4,0.5,4,5*4C  "
20743781123720,1788550689953,"$GNGSA,A,3,02,03,,,,,,,,,,,0.6,0.4,0.5,5*33  "
20743781337522,1788550689953,"$PSSGR,GSA,A,3,194,195,,,,,,,,,,,0.6,0.4,0.5,5,8*47  "
20743781688616,1788550689953,"$GNVTG,209.0,T,207.7,M,5.4,N,10.1,K,A*05  "
20743781888876,1788550689953,"$GNDTM,W84,,0000.000000,N,00000.000000,E,0.000,W84*41  "
20743782007522,1788550689953,"$GNRMC,193810.00,A,2831.293212,N,07734.296349,E,5.4,209.0,040926,1.3,E,A,V*57  "
20743782327366,1788550689953,"$GNGNS,193810.00,2831.293212,N,07734.296349,E,AAAAAN,35,0.4,207.3,-54.0,,,V*02  "
20743782341845,1788550689953,"$GNGGA,193810.00,2831.293212,N,07734.296349,E,1,12,0.4,207.3,M,-54.0,M,,*58  "
20743782571324,1788550689956,"$PSMSG,magcal=PASS,bluesky=0*00 "
20744766461428,1788550690940,"$GPGSV,3,1,12,05,02,189,31,06,64,030,32,11,74,236,37,12,31,320,36,1*63  "
20744766672678,1788550690940,"$GPGSV,3,2,12,13,00,000,34,14,15,131,25,17,21,067,29,19,46,039,37,1*6D  "
20744766778772,1788550690940,"$GPGSV,3,3,12,21,24,163,31,22,36,122,38,24,35,253,34,40,00,000,40,1*68  "
20744767175022,1788550690940,"$GPGSV,2,1,05,06,64,030,33,11,74,236,27,14,15,131,27,21,24,163,30,8*68  "
20744767319813,1788550690940,"$GPGSV,2,2,05,24,35,253,27,8*59  "
20744767341220,1788550690940,"$GLGSV,2,1,07,10,00,000,28,09,73,164,36,16,16,151,25,11,02,331,20,1*7F  "
20744767565907,1788550690940,"$GLGSV,2,2,07,20,63,299,43,19,34,024,41,21,30,247,36,1*45  "
20744767843095,1788550690940,"$GAGSV,2,1,08,02,60,096,35,15,33,213,43,18,62,017,26,25,10,122,26,7*7A  "
20744768047938,1788550690940,"$GAGSV,2,2,08,27,09,313,22,30,54,332,30,34,86,155,35,36,37,039,31,7*72  "
20744768221168,1788550690940,"$GAGSV,2,1,08,02,60,096,37,15,33,213,25,18,62,017,29,25,10,122,23,1*74  "
20744768564345,1788550690940,"$GAGSV,2,2,08,27,09,313,19,30,54,332,26,34,86,155,28,36,37,039,29,1*7E  "
20744768822157,1788550690940,"$GQGSV,1,1,02,02,23,100,40,03,32,061,38,1*6F  "
20744768989032,1788550690940,"$GQGSV,1,1,02,02,23,100,39,03,32,061,34,8*64  "
20744769172678,1788550690940,"$GBGSV,5,1,17,42,08,091,28,38,53,026,40,37,40,310,35,34,03,058,25,1*7F  "
20744769381480,1788550690940,"$GBGSV,5,2,17,33,06,141,27,28,53,277,40,27,14,251,29,25,29,159,33,1*76  "
20744769600282,1788550690940,"$GBGSV,5,3,17,23,71,208,42,13,66,337,39,10,13,164,27,09,26,145,26,1*7E  "
20744769867626,1788550690940,"$GBGSV,5,4,17,08,37,051,40,06,34,118,36,03,40,128,34,02,54,175,36,1*7F  "
20744770077105,1788550690940,"$GBGSV,5,5,17,01,16,104,27,1*46  "
20744770367886,1788550690940,"$GBGSV,2,1,08,23,71,208,40,25,29,159,27,27,14,251,26,28,53,277,36,3*7B  "
20744770711793,1788550690940,"$GBGSV,2,2,08,33,06,141,24,37,40,310,35,38,53,026,38,42,08,091,25,3*7F  "
20744770853563,1788550690940,"$GBGSV,2,1,08,23,71,208,33,25,29,159,27,27,14,251,20,28,53,277,33,5*7A  "
20744771293199,1788550690940,"$GBGSV,2,2,08,33,06,141,22,37,40,310,35,38,53,026,29,42,08,091,33,5*78  "
20744775260386,1788550690948,"$GNGSA,A,3,06,11,12,14,17,19,21,22,24,,,,0.6,0.4,0.5,1*3D  "
20744775273668,1788550690948,"$PSSGR,GSA,A,3,06,11,14,21,24,,,,,,,,0.6,0.4,0.5,1,8*44  "
20744775281272,1788550690948,"$GNGSA,A,3,80,83,85,,,,,,,,,,0.6,0.4,0.5,2*3B  "
20744775288824,1788550690948,"$GNGSA,A,3,02,15,18,25,30,34,36,,,,,,0.6,0.4,0.5,3*3D  "
20744775295334,1788550690948,"$PSSGR,GSA,A,3,302,315,318,325,330,334,336,,,,,,0.6,0.4,0.5,3,1*73  "
20744775461376,1788550690948,"$GNGSA,A,3,01,02,06,08,09,10,13,23,25,27,28,37,0.6,0.4,0.5,4*39  "
20744775571324,1788550690948,"$PSSGR,GSA,A,3,223,225,227,228,237,238,,,,,,,0.6,0.4,0.5,4,5*4C  "
20744776206584,1788550690948,"$GNGSA,A,3,02,03,,,,,,,,,,,0.6,0.4,0.5,5*33  "
20744776216688,1788550690948,"$PSSGR,GSA,A,3,194,195,,,,,,,,,,,0.6,0.4,0.5,5,8*47  "
20744776222157,1788550690948,"$GNVTG,206.7,T,205.4,M,3.7,N,6.8,K,A*37  "
20744776551584,1788550690948,"$GNDTM,W84,,0000.000000,N,00000.000000,E,0.000,W84*41  "
20744776571741,1788550690948,"$GNRMC,193811.00,A,2831.292255,N,07734.295923,E,3.7,206.7,040926,1.3,E,A,V*5C  "
20744776952001,1788550690948,"$GNGNS,193811.00,2831.292255,N,07734.295923,E,AAAAAN,35,0.4,207.1,-54.0,,,V*06  "
20744776972157,1788550690948,"$GNGGA,193811.00,2831.292255,N,07734.295923,E,1,12,0.4,207.1,M,-54.0,M,,*5C  "
20744777224136,1788550690951,"$PSMSG,magcal=PASS,bluesky=0*00 "
20745767774396,1788550691941,"$GPGSV,3,1,11,05,02,189,28,06,64,030,32,11,74,236,37,12,31,320,39,1*67  "
20745768804032,1788550691941,"$GPGSV,3,2,11,13,00,000,42,17,21,067,23,19,46,039,38,21,24,163,30,1*6D  "
20745769074292,1788550691941,"$GPGSV,3,3,11,22,36,122,32,24,35,253,35,40,00,000,40,1*53  "
20745769143303,1788550691941,"$GPGSV,2,1,05,06,64,030,33,11,74,236,31,14,15,131,27,21,24,163,29,8*67  "
20745770065230,1788550691941,"$GPGSV,2,2,05,24,35,253,33,8*5C  "
20745773054709,1788550691941,"$GLGSV,2,1,07,10,00,000,33,09,73,164,39,16,16,151,26,11,02,331,20,1*79  "
20745773086792,1788550691941,"$GLGSV,2,2,07,20,63,299,44,19,34,024,40,21,30,247,32,1*47  "
20745773108511,1788550691941,"$GAGSV,2,1,08,02,60,096,36,15,33,213,42,18,62,017,30,25,10,122,29,7*70  "
20745773130646,1788550691941,"$GAGSV,2,2,08,27,09,313,23,30,54,332,35,34,86,155,31,36,37,039,35,7*76  "
20745773164605,1788550691941,"$GAGSV,2,1,08,02,60,096,36,15,33,213,24,18,62,017,30,25,10,122,23,1*7C  "
20745773180230,1788550691941,"$GAGSV,2,2,08,27,09,313,19,30,54,332,27,34,86,155,28,36,37,039,34,1*73  "
20745773419657,1788550691941,"$GQGSV,1,1,02,02,23,100,34,03,32,061,34,1*60  "
20745774125074,1788550691941,"$GQGSV,1,1,02,02,23,100,32,03,32,061,33,8*68  "
20745774419396,1788550691941,"$GBGSV,4,1,16,42,08,091,25,38,53,026,39,37,40,310,45,34,03,058,25,1*7B  "
20745774611636,1788550691941,"$GBGSV,4,2,16,33,06,141,28,28,53,277,35,27,14,251,28,23,71,208,40,1*72  "
20745775111376,1788550691941,"$GBGSV,4,3,16,13,66,337,34,10,13,164,30,09,26,145,26,08,37,051,37,1*72  "
20745775493251,1788550691941,"$GBGSV,4,4,16,06,34,118,33,03,40,128,34,02,54,175,39,01,16,104,27,1*7F  "
20745775826271,1788550691941,"$GBGSV,2,1,08,23,71,208,34,25,29,159,26,27,14,251,28,28,53,277,34,3*75  "
20745776278928,1788550691941,"$GBGSV,2,2,08,33,06,141,28,37,40,310,44,38,53,026,34,42,08,091,24,3*78  "
20745776316844,1788550691941,"$GBGSV,2,1,07,23,71,208,28,25,29,159,26,27,14,251,17,28,53,277,25,5*7D  "
20745776341063,1788550691941,"$GBGSV,2,2,07,33,06,141,22,37,40,310,36,38,53,026,28,5*43  "
20745779638980,1788550691953,"$GNGSA,A,3,06,11,12,14,17,19,21,22,24,,,,0.6,0.4,0.5,1*3D  "
20745779930490,1788550691953,"$PSSGR,GSA,A,3,06,11,14,21,24,,,,,,,,0.6,0.4,0.5,1,8*44  "
20745780790230,1788550691953,"$GNGSA,A,3,80,83,85,,,,,,,,,,0.6,0.4,0.5,2*3B  "
20745780804188,1788550691953,"$GNGSA,A,3,02,15,18,25,30,34,36,,,,,,0.6,0.4,0.5,3*3D  "
20745781470074,1788550691953,"$PSSGR,GSA,A,3,302,315,318,325,330,334,336,,,,,,0.6,0.4,0.5,3,1*73  "
20745781798667,1788550691953,"$GNGSA,A,3,01,02,06,08,09,10,13,23,25,27,28,37,0.6,0.4,0.5,4*39  "
20745781997574,1788550691953,"$PSSGR,GSA,A,3,223,225,227,228,237,238,,,,,,,0.6,0.4,0.5,4,5*4C  "
20745782226532,1788550691953,"$GNGSA,A,3,02,03,,,,,,,,,,,0.6,0.4,0.5,5*33  "
20745782432990,1788550691953,"$PSSGR,GSA,A,3,194,195,,,,,,,,,,,0.6,0.4,0.5,5,8*47  "
20745782594396,1788550691953,"$GNVTG,197.4,T,196.1,M,0.9,N,1.6,K,A*37  "
20745782789605,1788550691953,"$GNDTM,W84,,0000.000000,N,00000.000000,E,0.000,W84*41  "
20745782990490,1788550691953,"$GNRMC,193812.00,A,2831.291999,N,07734.295921,E,0.9,197.4,040926,1.3,E,A,V*50  "
20745783205855,1788550691953,"$GNGNS,193812.00,2831.291999,N,07734.295921,E,AAAAAN,35,0.4,207.0,-54.0,,,V*0E  "
20745783418511,1788550691953,"$GNGGA,193812.00,2831.291999,N,07734.295921,E,1,12,0.4,207.0,M,-54.0,M,,*54  "
20745783811896,1788550691957,"$PSMSG,magcal=PASS,bluesky=0*00 "
20746768107000,1788550692941,"$GPGSV,3,1,11,05,02,189,31,06,64,030,32,11,74,236,39,12,31,320,40,1*6F  "
20746768493823,1788550692941,"$GPGSV,3,2,11,13,00,000,42,17,21,067,28,19,46,039,35,21,24,163,29,1*63  "
20746768885073,1788550692941,"$GPGSV,3,3,11,22,36,122,32,24,35,253,33,40,00,000,41,1*54  "
20746769188875,1788550692941,"$GPGSV,2,1,05,06,64,030,31,11,74,236,30,14,15,131,27,21,24,163,30,8*6C  "
20746769387677,1788550692941,"$GPGSV,2,2,05,24,35,253,33,8*5C  "
20746769619292,1788550692941,"$GLGSV,2,1,07,10,00,000,30,09,73,164,38,16,16,151,26,11,02,331,20,1*7B  "
20746769838042,1788550692941,"$GLGSV,2,2,07,20,63,299,40,19,34,024,39,21,30,247,31,1*4E  "
20746770308302,1788550692941,"$GAGSV,2,1,08,02,60,096,34,15,33,213,41,18,62,017,31,25,10,122,28,7*71  "
20746770692209,1788550692941,"$GAGSV,2,2,08,27,09,313,25,30,54,332,37,34,86,155,32,36,37,039,31,7*75  "
20746770953198,1788550692941,"$GAGSV,2,1,08,02,60,096,36,15,33,213,29,18,62,017,29,25,10,122,23,1*79  "
20746771208927,1788550692941,"$GAGSV,2,2,08,27,09,313,19,30,54,332,24,34,86,155,28,36,37,039,35,1*71  "
20746771347209,1788550692941,"$GQGSV,1,1,02,02,23,100,33,03,32,061,36,1*65  "
20746771512261,1788550692941,"$GQGSV,1,1,02,02,23,100,31,03,32,061,34,8*6C  "
20746771858927,1788550692941,"$GBGSV,4,1,16,42,08,091,24,38,53,026,40,37,40,310,44,34,03,058,25,1*75  "
20746772125750,1788550692941,"$GBGSV,4,2,16,33,06,141,24,28,53,277,31,27,14,251,31,23,71,208,43,1*71  "
20746772384761,1788550692941,"$GBGSV,4,3,16,13,66,337,30,10,13,164,29,09,26,145,26,08,37,051,40,1*7E  "
20746772649917,1788550692941,"$GBGSV,4,4,16,06,34,118,34,03,40,128,32,02,54,175,36,01,16,104,28,1*7E  "
20746772889761,1788550692941,"$GBGSV,2,1,08,23,71,208,38,25,29,159,29,27,14,251,29,28,53,277,35,3*76  "
20746773156375,1788550692941,"$GBGSV,2,2,08,33,06,141,27,37,40,310,43,38,53,026,26,42,08,091,21,3*76  "
20746773360698,1788550692941,"$GBGSV,2,1,07,23,71,208,31,25,29,159,28,27,14,251,23,28,53,277,25,5*7C  "
20746773601167,1788550692941,"$GBGSV,2,2,07,33,06,141,22,37,40,310,34,38,53,026,28,5*41  "
20746775757886,1788550692949,"$GNGSA,A,3,06,11,12,14,17,19,21,22,24,,,,0.6,0.4,0.5,1*3D  "
20746775964031,1788550692949,"$PSSGR,GSA,A,3,06,11,14,21,24,,,,,,,,0.6,0.4,0.5,1,8*44  "
20746776611792,1788550692949,"$GNGSA,A,3,80,83,85,,,,,,,,,,0.6,0.4,0.5,2*3B  "
20746776627886,1788550692949,"$GNGSA,A,3,02,15,18,25,27,30,34,36,,,,,0.6,0.4,0.5,3*38  "
20746776637000,1788550692949,"$PSSGR,GSA,A,3,302,315,318,325,330,334,336,,,,,,0.6,0.4,0.5,3,1*73  "
20746776645959,1788550692949,"$GNGSA,A,3,01,02,06,08,09,10,13,23,25,27,28,37,0.6,0.4,0.5,4*39  "
20746776739865,1788550692949,"$PSSGR,GSA,A,3,223,225,227,228,237,238,,,,,,,0.6,0.4,0.5,4,5*4C  "
20746776844344,1788550692949,"$GNGSA,A,3,02,03,,,,,,,,,,,0.6,0.4,0.5,5*33  "
20746777201688,1788550692949,"$PSSGR,GSA,A,3,194,195,,,,,,,,,,,0.6,0.4,0.5,5,8*47  "
20746777367625,1788550692949,"$GNVTG,,T,,M,0.0,N,0.0,K,A*3D  "
20746777733042,1788550692949,"$GNDTM,W84,,0000.000000,N,00000.000000,E,0.000,W84*41  "
20746777748719,1788550692949,"$GNRMC,193813.00,A,2831.292080,N,07734.296062,E,0.0,,040926,1.3,E,A,V*72  "
20746778540854,1788550692949,"$GNGNS,193813.00,2831.292080,N,07734.296062,E,AAAAAN,36,0.4,207.0,-54.0,,,V*03  "
20746779094917,1788550692949,"$GNGGA,193813.00,2831.292080,N,07734.296062,E,1,12,0.4,207.0,M,-54.0,M,,*5A  "
20746779119292,1788550692953,"$PSMSG,magcal=PASS,bluesky=0*00 "
20747767518094,1788550693941,"$GPGSV,3,1,11,05,02,189,31,06,64,030,33,11,74,236,40,12,31,320,41,1*61  "
20747768014292,1788550693941,"$GPGSV,3,2,11,13,00,000,41,17,21,067,27,19,46,039,33,21,24,163,32,1*63  "
20747768194917,1788550693941,"$GPGSV,3,3,11,22,36,122,32,24,35,253,34,40,00,000,43,1*51  "
20747768421531,1788550693941,"$GPGSV,2,1,05,06,64,030,31,11,74,236,30,14,15,131,17,21,24,163,29,8*67  "
20747768923042,1788550693941,"$GPGSV,2,2,05,24,35,253,32,8*5D  "
20747769720177,1788550693941,"$GLGSV,2,1,07,10,00,000,31,09,73,164,39,16,16,151,26,11,02,331,20,1*7B  "
20747769900698,1788550693941,"$GLGSV,2,2,07,20,63,299,40,19,34,024,38,21,30,247,32,1*4C  "
20747769968458,1788550693941,"$GAGSV,2,1,08,02,60,096,33,15,33,213,39,18,62,017,30,25,10,122,29,7*79  "
20747770238354,1788550693941,"$GAGSV,2,2,08,27,09,313,27,30,54,332,38,34,86,155,30,36,37,039,33,7*78  "
20747770506219,1788550693941,"$GAGSV,2,1,08,02,60,096,36,15,33,213,29,18,62,017,29,25,10,122,17,1*7E  "
20747770702417,1788550693941,"$GAGSV,2,2,08,27,09,313,19,30,54,332,24,34,86,155,28,36,37,039,34,1*70  "
20747771012104,1788550693941,"$GQGSV,1,1,02,02,23,100,36,03,32,061,37,1*61  "
20747771030073,1788550693941,"$GQGSV,1,1,02,02,23,100,30,03,32,061,33,8*6A  "
20747771398927,1788550693941,"$GBGSV,4,1,15,42,08,091,25,38,53,026,40,37,40,310,45,34,03,058,19,1*79  "
20747771540177,1788550693941,"$GBGSV,4,2,15,33,06,141,24,28,53,277,32,27,14,251,30,23,71,208,44,1*77  "
20747771649812,1788550693941,"$GBGSV,4,3,15,13,66,337,31,10,13,164,28,08,37,051,39,06,34,118,34,1*74  "
20747772051271,1788550693941,"$GBGSV,4,4,15,03,40,128,34,02,54,175,37,01,16,104,28,1*44  "
20747772181427,1788550693941,"$GBGSV,2,1,08,23,71,208,39,25,29,159,29,27,14,251,28,28,53,277,36,3*75  "
20747772203458,1788550693941,"$GBGSV,2,2,08,33,06,141,28,37,40,310,44,38,53,026,24,42,08,091,21,3*7C  "
20747772448667,1788550693941,"$GBGSV,2,1,07,23,71,208,32,25,29,159,27,27,14,251,24,28,53,277,25,5*77  "
20747772605125,1788550693941,"$GBGSV,2,2,07,33,06,141,22,37,40,310,35,38,53,026,28,5*40  "
20747775035802,1788550693949,"$GNGSA,A,3,06,11,12,14,17,19,21,22,24,,,,0.6,0.4,0.5,1*3D  "
20747775212937,1788550693949,"$PSSGR,GSA,A,3,06,11,14,21,24,,,,,,,,0.6,0.4,0.5,1,8*44  "
20747775628771,1788550693949,"$GNGSA,A,3,80,83,85,,,,,,,,,,0.6,0.4,0.5,2*3B  "
20747775705437,1788550693949,"$GNGSA,A,3,02,15,18,25,27,30,34,36,,,,,0.6,0.4,0.5,3*38  "
20747775961531,1788550693949,"$PSSGR,GSA,A,3,302,315,318,325,330,334,336,,,,,,0.6,0.4,0.5,3,1*73  "
20747776096167,1788550693949,"$GNGSA,A,3,01,02,06,08,09,10,13,23,25,27,28,37,0.6,0.4,0.5,4*39  "
20747776277573,1788550693949,"$PSSGR,GSA,A,3,223,225,227,228,237,238,,,,,,,0.6,0.4,0.5,4,5*4C  "
20747776423562,1788550693949,"$GNGSA,A,3,02,03,,,,,,,,,,,0.6,0.4,0.5,5*33  "
20747776763979,1788550693949,"$PSSGR,GSA,A,3,194,195,,,,,,,,,,,0.6,0.4,0.5,5,8*47  "
20747776857989,1788550693949,"$GNVTG,,T,,M,0.0,N,0.0,K,A*3D  "
20747777278302,1788550693949,"$GNDTM,W84,,0000.000000,N,00000.000000,E,0.000,W84*41  "
20747777302417,1788550693949,"$GNRMC,193814.00,A,2831.292333,N,07734.296395,E,0.0,,040926,1.3,E,A,V*75  "
20747777547625,1788550693949,"$GNGNS,193814.00,2831.292333,N,07734.296395,E,AAAAAN,36,0.4,207.0,-54.0,,,V*04  "
20747777827000,1788550693949,"$GNGGA,193814.00,2831.292333,N,07734.296395,E,1,12,0.4,207.0,M,-54.0,M,,*5D  "
20747777983510,1788550693952,"$PSMSG,magcal=PASS,bluesky=0*00 "
20748766139812,1788550694939,"$GPGSV,3,1,11,05,02,189,28,06,64,030,32,11,74,236,42,12,31,320,42,1*69  "
20748766384656,1788550694939,"$GPGSV,3,2,11,13,00,000,42,17,21,067,26,19,46,039,36,21,24,163,30,1*66  "
20748766725333,1788550694939,"$GPGSV,3,3,11,22,36,122,32,24,35,253,32,40,00,000,40,1*54  "
20748767676218,1788550694939,"$GPGSV,2,1,05,06,64,030,30,11,74,236,31,14,15,131,17,21,24,163,30,8*6F  "
20748767800906,1788550694939,"$GPGSV,2,2,05,24,35,253,33,8*5C  "
20748768108510,1788550694939,"$GLGSV,2,1,07,10,00,000,28,09,73,164,36,16,16,151,20,11,02,331,20,1*7A  "
20748768444656,1788550694939,"$GLGSV,2,2,07,20,63,299,40,19,34,024,41,21,30,247,30,1*40  "
20748769138458,1788550694939,"$GAGSV,2,1,08,02,60,096,32,15,33,213,40,18,62,017,31,25,10,122,28,7*76  "
20748769567624,1788550694939,"$GAGSV,2,2,08,27,09,313,27,30,54,332,37,34,86,155,33,36,37,039,30,7*77  "
20748770060802,1788550694939,"$GAGSV,2,1,08,02,60,096,35,15,33,213,26,18,62,017,30,25,10,122,21,1*7F  "
20748770564760,1788550694939,"$GAGSV,2,2,08,27,09,313,19,30,54,332,23,34,86,155,29,36,37,039,34,1*76  "
20748771159083,1788550694939,"$GQGSV,1,1,02,02,23,100,34,03,32,061,36,1*62  "
20748771616218,1788550694939,"$GQGSV,1,1,02,02,23,100,29,03,32,061,35,8*64  "
20748772051791,1788550694939,"$GBGSV,4,1,15,42,08,091,25,38,53,026,40,37,40,310,44,34,03,058,19,1*78  "
20748772612937,1788550694939,"$GBGSV,4,2,15,33,06,141,24,28,53,277,30,27,14,251,31,23,71,208,44,1*74  "
20748772905489,1788550694939,"$GBGSV,4,3,15,13,66,337,33,10,13,164,32,08,37,051,38,06,34,118,34,1*7C  "
20748773216687,1788550694939,"$GBGSV,4,4,15,03,40,128,34,02,54,175,37,01,16,104,28,1*44  "
20748773473145,1788550694939,"$GBGSV,2,1,08,23,71,208,39,25,29,159,31,27,14,251,29,28,53,277,31,3*7A  "
20748773651895,1788550694939,"$GBGSV,2,2,08,33,06,141,27,37,40,310,43,38,53,026,27,42,08,091,26,3*70  "
20748773929552,1788550694939,"$GBGSV,2,1,07,23,71,208,32,25,29,159,28,27,14,251,24,28,53,277,25,5*78  "
20748774149083,1788550694939,"$GBGSV,2,2,07,33,06,141,22,37,40,310,33,38,53,026,27,5*49  "
20748778592624,1788550694952,"$GNGSA,A,3,06,11,12,14,17,19,21,22,24,,,,0.6,0.4,0.5,1*3D  "
20748778916635,1788550694952,"$PSSGR,GSA,A,3,06,11,14,21,24,,,,,,,,0.6,0.4,0.5,1,8*44  "
20748779695072,1788550694952,"$GNGSA,A,3,80,83,85,,,,,,,,,,0.6,0.4,0.5,2*3B  "
20748779710437,1788550694952,"$GNGSA,A,3,02,15,18,25,27,30,34,36,,,,,0.6,0.4,0.5,3*38  "
20748780014968,1788550694952,"$PSSGR,GSA,A,3,302,315,318,325,330,334,336,,,,,,0.6,0.4,0.5,3,1*73  "
20748780282468,1788550694952,"$GNGSA,A,3,01,02,06,08,09,10,13,23,25,27,28,37,0.6,0.4,0.5,4*39  "
20748781632572,1788550694952,"$PSSGR,GSA,A,3,223,225,227,228,237,238,,,,,,,0.6,0.4,0.5,4,5*4C  "
20748783098302,1788550694952,"$GNGSA,A,3,02,03,,,,,,,,,,,0.6,0.4,0.5,5*33  "
20748783981583,1788550694952,"$PSSGR,GSA,A,3,194,195,,,,,,,,,,,0.6,0.4,0.5,5,8*47  "
20748784679864,1788550694952,"$GNVTG,,T,,M,0.0,N,0.0,K,A*3D  "
20748785046947,1788550694952,"$GNDTM,W84,,0000.000000,N,00000.000000,E,0.000,W84*41  "
20748785420437,1788550694952,"$GNRMC,193815.00,A,2831.292447,N,07734.296589,E,0.0,,040926,1.3,E,A,V*7B  "
20748787337989,1788550694952,"$GNGNS,193815.00,2831.292447,N,07734.296589,E,AAAAAN,36,0.4,206.8,-54.0,,,V*03  "
20748789984552,1788550694952,"$GNGGA,193815.00,2831.292447,N,07734.296589,E,1,12,0.4,206.8,M,-54.0,M,,*5A  "
20748790444343,1788550694964,"$PSMSG,magcal=PASS,bluesky=0*00 "
20749773925957,1788550695945,"$GPGSV,3,1,11,05,02,189,29,06,64,030,30,11,74,236,42,12,31,320,38,1*67  "
20749774266426,1788550695945,"$GPGSV,3,2,11,13,00,000,40,14,15,131,27,17,21,067,29,19,46,039,41,1*6E  "
20749774441478,1788550695945,"$GPGSV,3,3,11,21,24,163,26,24,35,253,30,40,00,000,39,1*58  "
20749774613666,1788550695945,"$GPGSV,2,1,05,06,64,030,31,11,74,236,34,14,15,131,17,21,24,163,29,8*63  "
20749774788978,1788550695945,"$GPGSV,2,2,05,24,35,253,35,8*5A  "
20749774994499,1788550695945,"$GLGSV,2,1,07,10,00,000,25,09,73,164,34,16,16,151,20,11,02,331,15,1*73  "
20749775295332,1788550695945,"$GLGSV,2,2,07,20,63,299,43,19,34,024,41,21,30,247,29,1*4B  "
20749775536374,1788550695945,"$GAGSV,2,1,08,02,60,096,34,15,33,213,42,18,62,017,29,25,10,122,31,7*73  "
20749775760593,1788550695945,"$GAGSV,2,2,08,27,09,313,28,30,54,332,39,34,86,155,37,36,37,039,32,7*70  "
20749775968041,1788550695945,"$GAGSV,2,1,08,02,60,096,35,15,33,213,23,18,62,017,31,25,10,122,22,1*78  "
20749776155176,1788550695945,"$GAGSV,2,2,08,27,09,313,13,30,54,332,28,34,86,155,29,36,37,039,34,1*77  "
20749776342832,1788550695945,"$GQGSV,1,1,02,02,23,100,32,03,32,061,38,1*6A  "
20749776572207,1788550695945,"$GQGSV,1,1,02,02,23,100,30,03,32,061,35,8*6C  "
20749776747468,1788550695945,"$GBGSV,4,1,14,42,08,091,24,38,53,026,39,37,40,310,46,34,03,058,19,1*74  "
20749776921114,1788550695945,"$GBGSV,4,2,14,33,06,141,24,28,53,277,32,27,14,251,29,23,71,208,42,1*78  "
20749777142624,1788550695945,"$GBGSV,4,3,14,13,66,337,40,10,13,164,31,08,37,051,35,06,34,118,35,1*76  "
20749777333718,1788550695945,"$GBGSV,4,4,14,03,40,128,34,02,54,175,38,1*73  "
20749777562103,1788550695945,"$GBGSV,2,1,08,23,71,208,38,25,29,159,27,27,14,251,30,28,53,277,31,3*74  "
20749777935228,1788550695945,"$GBGSV,2,2,08,33,06,141,28,37,40,310,45,38,53,026,30,42,08,091,28,3*71  "
20749778103509,1788550695945,"$GBGSV,2,1,07,23,71,208,31,25,29,159,26,27,14,251,24,28,53,277,25,5*75  "
20749778426426,1788550695945,"$GBGSV,2,2,07,33,06,141,22,37,40,310,34,38,53,026,28,5*41  "
20749782416322,1788550695955,"$GNGSA,A,3,06,11,12,14,17,19,21,22,24,,,,0.6,0.4,0.5,1*3D  "
20749782580280,1788550695955,"$PSSGR,GSA,A,3,06,11,21,24,,,,,,,,,0.6,0.4,0.5,1,8*41  "
20749782745437,1788550695955,"$GNGSA,A,3,80,83,85,,,,,,,,,,0.6,0.4,0.5,2*3B  "
20749782877051,1788550695955,"$GNGSA,A,3,02,15,18,25,27,30,34,36,,,,,0.6,0.4,0.5,3*38  "
20749783160072,1788550695955,"$PSSGR,GSA,A,3,302,315,318,325,330,334,336,,,,,,0.6,0.4,0.5,3,1*73  "
20749783567259,1788550695955,"$GNGSA,A,3,01,02,06,08,09,10,13,23,25,27,28,37,0.6,0.4,0.5,4*39  "
20749783577416,1788550695955,"$PSSGR,GSA,A,3,223,225,227,228,237,238,,,,,,,0.6,0.4,0.5,4,5*4C  "
20749783780905,1788550695955,"$GNGSA,A,3,02,03,,,,,,,,,,,0.6,0.4,0.5,5*33  "
20749783968353,1788550695955,"$PSSGR,GSA,A,3,194,195,,,,,,,,,,,0.6,0.4,0.5,5,8*47  "
20749784014499,1788550695955,"$GNVTG,,T,,M,0.0,N,0.0,K,A*3D  "
20749784177572,1788550695955,"$GNDTM,W84,,0000.000000,N,00000.000000,E,0.000,W84*41  "
20749784376582,1788550695955,"$GNRMC,193816.00,A,2831.292477,N,07734.296635,E,0.0,,040926,1.3,E,A,V*7F  "
20749784626009,1788550695955,"$GNGNS,193816.00,2831.292477,N,07734.296635,E,AAAAAN,36,0.4,206.8,-54.0,,,V*07  "
20749784640593,1788550695955,"$GNGGA,193816.00,2831.292477,N,07734.296635,E,1,12,0.4,206.8,M,-54.0,M,,*5E  "
20749784873405,1788550695958,"$PSMSG,magcal=PASS,bluesky=0*00 "
20750767519290,1788550696940,"$GPGSV,3,1,11,05,02,189,31,06,64,030,30,11,74,236,39,12,31,320,36,1*6C  "
20750767711530,1788550696940,"$GPGSV,3,2,11,13,00,000,41,14,15,131,29,17,21,067,29,19,46,039,44,1*64  "
20750769677155,1788550696940,"$GPGSV,3,3,11,21,24,163,27,24,35,253,29,40,00,000,41,1*5E  "
20750769716738,1788550696940,"$GPGSV,2,1,05,06,64,030,32,11,74,236,34,14,15,131,18,21,24,163,27,8*61  "
20750769735801,1788550696940,"$GPGSV,2,2,05,24,35,253,36,8*59  "
20750769749811,1788550696940,"$GLGSV,2,1,07,10,00,000,28,09,73,164,35,16,16,151,20,11,02,331,15,1*7F  "
20750769785957,1788550696940,"$GLGSV,2,2,07,20,63,299,46,19,34,024,40,21,30,247,30,1*47  "
20750772246530,1788550696940,"$GAGSV,2,1,08,02,60,096,36,15,33,213,43,18,62,017,28,25,10,122,33,7*73  "
20750772281217,1788550696940,"$GAGSV,2,2,08,27,09,313,29,30,54,332,39,34,86,155,37,36,37,039,36,7*75  "
20750772292155,1788550696940,"$GAGSV,2,1,08,02,60,096,36,15,33,213,23,18,62,017,31,25,10,122,22,1*7B  "
20750772304186,1788550696940,"$GAGSV,2,2,08,27,09,313,13,30,54,332,28,34,86,155,27,36,37,039,34,1*79  "
20750772331217,1788550696940,"$GQGSV,1,1,02,02,23,100,37,03,32,061,39,1*6E  "
20750772340020,1788550696940,"$GQGSV,1,1,02,02,23,100,30,03,32,061,35,8*6C  "
20750772348405,1788550696940,"$GBGSV,4,1,14,42,08,091,26,38,53,026,39,37,40,310,46,34,03,058,19,1*76  "
20750772357051,1788550696940,"$GBGSV,4,2,14,33,06,141,22,28,53,277,31,27,14,251,29,23,71,208,42,1*7D  "
20750774147988,1788550696940,"$GBGSV,4,3,14,13,66,337,42,10,13,164,30,08,37,051,32,06,34,118,32,1*75  "
20750774255124,1788550696940,"$GBGSV,4,4,14,03,40,128,28,02,54,175,37,1*71  "
20750774290905,1788550696940,"$GBGSV,2,1,08,23,71,208,37,25,29,159,28,27,14,251,30,28,53,277,30,3*75  "
20750774298353,1788550696940,"$GBGSV,2,2,08,33,06,141,29,37,40,310,44,38,53,026,35,42,08,091,29,3*75  "
20750774305540,1788550696940,"$GBGSV,2,1,07,23,71,208,29,25,29,159,26,27,14,251,24,28,53,277,15,5*7F  "
20750774311738,1788550696940,"$GBGSV,2,2,07,33,06,141,22,37,40,310,35,38,53,026,28,5*40  "
20750777330592,1788550696951,"$GNGSA,A,3,06,11,12,14,17,19,21,22,24,,,,0.6,0.4,0.5,1*3D  "
20750777453092,1788550696951,"$PSSGR,GSA,A,3,06,11,21,24,,,,,,,,,0.6,0.4,0.5,1,8*41  "
20750777635801,1788550696951,"$GNGSA,A,3,80,83,85,,,,,,,,,,0.6,0.4,0.5,2*3B  "
20750777790749,1788550696951,"$GNGSA,A,3,02,15,18,25,27,30,34,36,,,,,0.6,0.4,0.5,3*38  "
20750778338978,1788550696951,"$PSSGR,GSA,A,3,302,315,318,325,330,334,336,,,,,,0.6,0.4,0.5,3,1*73  "
20750778348197,1788550696951,"$GNGSA,A,3,01,02,06,08,09,10,13,23,25,27,28,37,0.6,0.4,0.5,4*39  "
20750778469811,1788550696951,"$PSSGR,GSA,A,3,223,225,227,228,237,238,,,,,,,0.6,0.4,0.5,4,5*4C  "
20750778632988,1788550696951,"$GNGSA,A,3,02,03,,,,,,,,,,,0.6,0.4,0.5,5*33  "
20750779247988,1788550696951,"$PSSGR,GSA,A,3,194,195,,,,,,,,,,,0.6,0.4,0.5,5,8*47  "
20750779500957,1788550696951,"$GNVTG,,T,,M,0.0,N,0.0,K,A*3D  "
20750779932884,1788550696951,"$GNDTM,W84,,0000.000000,N,00000.000000,E,0.000,W84*41  "
20750779945072,1788550696951,"$GNRMC,193817.00,A,2831.292512,N,07734.296622,E,0.0,,040926,1.3,E,A,V*7A  "
20750780098978,1788550696951,"$GNGNS,193817.00,2831.292512,N,07734.296622,E,AAAAAN,36,0.4,206.8,-54.0,,,V*02  "
20750780240020,1788550696951,"$GNGGA,193817.00,2831.292512,N,07734.296622,E,1,12,0.4,206.8,M,-54.0,M,,*5B  "
20750780428301,1788550696954,"$PSMSG,magcal=PASS,bluesky=0*00 "
20751768799290,1788550697939,"$GPGSV,3,1,12,05,02,189,31,06,64,030,38,11,74,236,37,12,31,320,38,1*67  "
20751768826061,1788550697939,"$GPGSV,3,2,12,13,00,000,40,14,15,131,28,17,21,067,29,19,46,039,43,1*60  "
20751768845436,1788550697939,"$GPGSV,3,3,12,21,24,163,32,22,36,122,30,24,35,253,30,40,00,000,43,1*64  "
20751768872102,1788550697939,"$GPGSV,2,1,05,06,64,030,33,11,74,236,33,14,15,131,18,21,24,163,25,8*65  "
20751768883144,1788550697939,"$GPGSV,2,2,05,24,35,253,35,8*5A  "
20751768891582,1788550697939,"$GLGSV,2,1,07,10,00,000,28,09,73,164,35,16,16,151,20,11,02,331,15,1*7F  "
20751768901113,1788550697939,"$GLGSV,2,2,07,20,63,299,46,19,34,024,39,21,30,247,31,1*48  "
20751768910384,1788550697939,"$GAGSV,2,1,08,02,60,096,35,15,33,213,43,18,62,017,29,25,10,122,33,7*71  "
20751768923092,1788550697939,"$GAGSV,2,2,08,27,09,313,28,30,54,332,36,34,86,155,37,36,37,039,36,7*7B  "
20751768932571,1788550697939,"$GAGSV,2,1,08,02,60,096,37,15,33,213,23,18,62,017,27,25,10,122,22,1*7D  "
20751769069498,1788550697939,"$GAGSV,2,2,08,27,09,313,13,30,54,332,29,34,86,155,27,36,37,039,33,1*7F  "
20751769089655,1788550697939,"$GQGSV,1,1,02,02,23,100,39,03,32,061,35,1*6C  "
20751769604759,1788550697939,"$GQGSV,1,1,02,02,23,100,31,03,32,061,34,8*6C  "
20751769624550,1788550697939,"$GBGSV,4,1,14,42,08,091,29,38,53,026,38,37,40,310,43,34,03,058,19,1*7D  "
20751770037675,1788550697939,"$GBGSV,4,2,14,33,06,141,22,28,53,277,33,27,14,251,33,23,71,208,40,1*76  "
20751770588457,1788550697939,"$GBGSV,4,3,14,13,66,337,42,10,13,164,31,08,37,051,31,06,34,118,29,1*7D  "
20751770684134,1788550697939,"$GBGSV,4,4,14,03,40,128,28,02,54,175,37,1*71  "
20751771886269,1788550697939,"$GBGSV,2,1,08,23,71,208,35,25,29,159,32,27,14,251,30,28,53,277,31,3*7D  "
20751771904863,1788550697939,"$GBGSV,2,2,08,33,06,141,27,37,40,310,42,38,53,026,35,42,08,091,28,3*7C  "
20751771913457,1788550697939,"$GBGSV,2,1,07,23,71,208,27,25,29,159,23,27,14,251,23,28,53,277,15,5*73  "
20751771931425,1788550697939,"$GBGSV,2,2,07,33,06,141,22,37,40,310,37,38,53,026,26,5*4C  "
20751774153561,1788550697947,"$GNGSA,A,3,06,11,12,14,17,19,21,22,24,,,,0.6,0.4,0.5,1*3D  "
20751774175540,1788550697947,"$PSSGR,GSA,A,3,06,11,21,24,,,,,,,,,0.6,0.4,0.5,1,8*41  "
20751774183977,1788550697947,"$GNGSA,A,3,83,85,,,,,,,,,,,0.6,0.4,0.5,2*33  "
20751774854030,1788550697947,"$GNGSA,A,3,02,15,18,25,27,30,34,36,,,,,0.6,0.4,0.5,3*38  "
20751774875280,1788550697947,"$PSSGR,GSA,A,3,302,315,318,325,330,334,336,,,,,,0.6,0.4,0.5,3,1*73  "
20751774884446,1788550697947,"$GNGSA,A,3,01,02,06,08,09,10,13,23,25,27,28,37,0.6,0.4,0.5,4*39  "
20751774922988,1788550697947,"$PSSGR,GSA,A,3,223,225,227,237,238,,,,,,,,0.6,0.4,0.5,4,5*74  "
20751775227415,1788550697947,"$GNGSA,A,3,02,03,,,,,,,,,,,0.6,0.4,0.5,5*33  "
20751775381217,1788550697947,"$PSSGR,GSA,A,3,194,195,,,,,,,,,,,0.6,0.4,0.5,5,8*47  "
20751775888457,1788550697947,"$GNVTG,,T,,M,0.0,N,0.0,K,A*3D  "
20751775906686,1788550697947,"$GNDTM,W84,,0000.000000,N,00000.000000,E,0.000,W84*41  "
20751776233613,1788550697947,"$GNRMC,193818.00,A,2831.292538,N,07734.296602,E,0.0,,040926,1.3,E,A,V*7F  "
20751776242467,1788550697947,"$GNGNS,193818.00,2831.292538,N,07734.296602,E,AAAAAN,35,0.4,206.8,-54.0,,,V*04  "
20751776330384,1788550697947,"$GNGGA,193818.00,2831.292538,N,07734.296602,E,1,12,0.4,206.8,M,-54.0,M,,*5E  "
20751776346113,1788550697950,"$PSMSG,magcal=PASS,bluesky=0*00 "
20752764901790,1788550698938,"$GPGSV,3,1,12,05,02,189,30,06,64,030,38,11,74,236,34,12,31,320,38,1*65  "
20752765234602,1788550698938,"$GPGSV,3,2,12,13,00,000,40,14,15,131,27,17,21,067,29,19,46,039,43,1*6F  "
20752765730540,1788550698938,"$GPGSV,3,3,12,21,24,163,32,22,36,122,31,24,35,253,30,40,00,000,44,1*62  "
20752766149550,1788550698938,"$GPGSV,2,1,05,06,64,030,31,11,74,236,32,14,15,131,18,21,24,163,27,8*64  "
20752766474133,1788550698938,"$GPGSV,2,2,05,24,35,253,34,8*5B  "
20752766812935,1788550698938,"$GLGSV,2,1,07,10,00,000,29,09,73,164,36,16,16,151,20,11,02,331,15,1*7D  "
20752767130592,1788550698938,"$GLGSV,2,2,07,20,63,299,46,19,34,024,39,21,30,247,30,1*49  "
20752767283456,1788550698938,"$GAGSV,2,1,08,02,60,096,32,15,33,213,42,18,62,017,33,25,10,122,34,7*7B  "
20752767527050,1788550698938,"$GAGSV,2,2,08,27,09,313,26,30,54,332,35,34,86,155,35,36,37,039,35,7*77  "
20752767855904,1788550698938,"$GAGSV,2,1,08,02,60,096,36,15,33,213,23,18,62,017,27,25,10,122,23,1*7D  "
20752768119238,1788550698938,"$GAGSV,2,2,08,27,09,313,19,30,54,332,29,34,86,155,26,36,37,039,32,1*75  "
20752768429863,1788550698938,"$GQGSV,1,1,02,02,23,100,39,03,32,061,37,1*6E  "
20752768666321,1788550698938,"$GQGSV,1,1,02,02,23,100,31,03,32,061,34,8*6C  "
20752769038196,1788550698938,"$GBGSV,4,1,15,42,08,091,30,38,53,026,38,37,40,310,43,34,03,058,19,1*74  "
20752769289238,1788550698938,"$GBGSV,4,2,15,33,06,141,27,28,53,277,33,27,14,251,31,23,71,208,40,1*70  "
20752769497831,1788550698938,"$GBGSV,4,3,15,13,66,337,41,10,13,164,30,08,37,051,34,06,34,118,29,1*7B  "
20752769720748,1788550698938,"$GBGSV,4,4,15,03,40,128,28,02,54,175,35,01,16,104,32,1*40  "
20752770415435,1788550698938,"$GBGSV,2,1,08,23,71,208,33,25,29,159,33,27,14,251,30,28,53,277,30,3*7B  "
20752770702623,1788550698938,"$GBGSV,2,2,08,33,06,141,29,37,40,310,42,38,53,026,34,42,08,091,29,3*72  "
20752770923092,1788550698938,"$GBGSV,2,1,07,23,71,208,26,25,29,159,23,27,14,251,23,28,53,277,15,5*72  "
20752771131842,1788550698938,"$GBGSV,2,2,07,33,06,141,22,37,40,310,36,38,53,026,24,5*4F  "
20752775379706,1788550698949,"$GNGSA,A,3,06,11,12,14,17,19,21,22,24,,,,0.6,0.4,0.5,1*3D  "
20752775461425,1788550698949,"$PSSGR,GSA,A,3,06,11,21,24,,,,,,,,,0.6,0.4,0.5,1,8*41  "
20752775688300,1788550698949,"$GNGSA,A,3,83,85,,,,,,,,,,,0.6,0.4,0.5,2*33  "
20752776041790,1788550698949,"$GNGSA,A,3,02,15,18,25,27,30,34,36,,,,,0.6,0.4,0.5,3*38  "
20752776120123,1788550698949,"$PSSGR,GSA,A,3,302,315,318,325,330,334,336,,,,,,0.6,0.4,0.5,3,1*73  "
20752776255592,1788550698949,"$GNGSA,A,3,01,02,06,08,10,13,23,25,27,28,37,38,0.6,0.4,0.5,4*3B  "
20752776415748,1788550698949,"$PSSGR,GSA,A,3,223,225,227,237,238,,,,,,,,0.6,0.4,0.5,4,5*74  "
20752776953560,1788550698949,"$GNGSA,A,3,02,03,,,,,,,,,,,0.6,0.4,0.5,5*33  "
20752777482154,1788550698949,"$PSSGR,GSA,A,3,194,195,,,,,,,,,,,0.6,0.4,0.5,5,8*47  "
20752777817050,1788550698949,"$GNVTG,,T,,M,0.0,N,0.0,K,A*3D  "
20752778481790,1788550698949,"$GNDTM,W84,,0000.000000,N,00000.000000,E,0.000,W84*41  "
20752779295071,1788550698949,"$GNRMC,193819.00,A,2831.292555,N,07734.296590,E,0.0,,040926,1.3,E,A,V*7D  "
20752780182623,1788550698949,"$GNGNS,193819.00,2831.292555,N,07734.296590,E,AAAAAN,34,0.4,206.8,-54.0,,,V*07  "
20752782094446,1788550698949,"$GNGGA,193819.00,2831.292555,N,07734.296590,E,1,12,0.4,206.8,M,-54.0,M,,*5C  "
20752782763560,1788550698956,"$PSMSG,magcal=PASS,bluesky=0*00 "
20753771415539,1788550699944,"$GPGSV,3,1,11,05,02,189,28,06,64,030,39,11,74,236,33,12,31,320,40,1*66  "
20753772589966,1788550699944,"$GPGSV,3,2,11,13,00,000,39,17,21,067,29,19,46,039,42,21,24,163,32,1*64  "
20753772948925,1788550699944,"$GPGSV,3,3,11,22,36,122,31,24,35,253,31,40,00,000,43,1*57  "
20753774102310,1788550699944,"$GPGSV,2,1,05,06,64,030,31,11,74,236,34,14,15,131,18,21,24,163,26,8*63  "
20753774290070,1788550699944,"$GPGSV,2,2,05,24,35,253,35,8*5A  "
20753774447935,1788550699944,"$GLGSV,2,1,07,10,00,000,29,09,73,164,37,16,16,151,20,11,02,331,15,1*7C  "
20753774683664,1788550699944,"$GLGSV,2,2,07,20,63,299,46,19,34,024,40,21,30,247,30,1*47  "
20753774957310,1788550699944,"$GAGSV,2,1,08,02,60,096,29,15,33,213,42,18,62,017,31,25,10,122,34,7*73  "
20753775138560,1788550699944,"$GAGSV,2,2,08,27,09,313,25,30,54,332,34,34,86,155,35,36,37,039,36,7*76  "
20753775305904,1788550699944,"$GAGSV,2,1,08,02,60,096,36,15,33,213,23,18,62,017,27,25,10,122,23,1*7D  "
20753775529862,1788550699944,"$GAGSV,2,2,08,27,09,313,19,30,54,332,29,34,86,155,28,36,37,039,33,1*7A  "
20753775746164,1788550699944,"$GQGSV,1,1,02,02,23,100,40,03,32,061,36,1*61  "
20753776076685,1788550699944,"$GQGSV,1,1,02,02,23,100,30,03,32,061,35,8*6C  "
20753776416060,1788550699944,"$GBGSV,4,1,15,42,08,091,30,38,53,026,38,37,40,310,43,34,03,058,19,1*74  "
20753776582362,1788550699944,"$GBGSV,4,2,15,33,06,141,27,28,53,277,35,27,14,251,31,23,71,208,41,1*77  "
20753776780383,1788550699944,"$GBGSV,4,3,15,13,66,337,41,10,13,164,30,08,37,051,34,06,34,118,30,1*73  "
20753776962987,1788550699944,"$GBGSV,4,4,15,03,40,128,28,02,54,175,34,01,16,104,32,1*41  "
20753777138560,1788550699944,"$GBGSV,2,1,08,23,71,208,33,25,29,159,33,27,14,251,29,28,53,277,32,3*71  "
20753777325591,1788550699944,"$GBGSV,2,2,08,33,06,141,29,37,40,310,42,38,53,026,35,42,08,091,30,3*7B  "
20753777536425,1788550699944,"$GBGSV,2,1,07,23,71,208,28,25,29,159,24,27,14,251,23,28,53,277,15,5*7B  "
20753777780591,1788550699944,"$GBGSV,2,2,07,33,06,141,22,37,40,310,37,38,53,026,26,5*4C  "
20753780368143,1788550699954,"$GNGSA,A,3,06,11,12,14,17,19,21,22,24,,,,0.6,0.4,0.5,1*3D  "
20753780712883,1788550699954,"$PSSGR,GSA,A,3,06,11,21,24,,,,,,,,,0.6,0.4,0.5,1,8*41  "
20753780732623,1788550699954,"$GNGSA,A,3,83,85,,,,,,,,,,,0.6,0.4,0.5,2*33  "
20753781011633,1788550699954,"$GNGSA,A,3,02,15,18,25,27,30,34,36,,,,,0.6,0.4,0.5,3*38  "
20753781036633,1788550699954,"$PSSGR,GSA,A,3,302,315,318,325,330,334,336,,,,,,0.6,0.4,0.5,3,1*73  "
20753781330175,1788550699954,"$GNGSA,A,3,01,02,06,08,10,13,23,25,27,28,37,38,0.6,0.4,0.5,4*3B  "
20753782070643,1788550699954,"$PSSGR,GSA,A,3,223,225,227,237,238,,,,,,,,0.6,0.4,0.5,4,5*74  "
20753782094810,1788550699954,"$GNGSA,A,3,02,03,,,,,,,,,,,0.6,0.4,0.5,5*33  "
20753782100383,1788550699954,"$PSSGR,GSA,A,3,194,195,,,,,,,,,,,0.6,0.4,0.5,5,8*47  "
20753782225852,1788550699954,"$GNVTG,,T,,M,0.0,N,0.0,K,A*3D  "
20753782515487,1788550699954,"$GNDTM,W84,,0000.000000,N,00000.000000,E,0.000,W84*41  "
20753782630695,1788550699954,"$GNRMC,193820.00,A,2831.292551,N,07734.296593,E,0.0,,040926,1.3,E,A,V*70  "
20753783226320,1788550699954,"$GNGNS,193820.00,2831.292551,N,07734.296593,E,AAAAAN,34,0.4,206.9,-54.0,,,V*0B  "
20753783330800,1788550699954,"$GNGGA,193820.00,2831.292551,N,07734.296593,E,1,12,0.4,206.9,M,-54.0,M,,*50  "
20753783351477,1788550699957,"$PSMSG,magcal=PASS,bluesky=0*00 "
20754767763091,1788550700940,"$GPGSV,3,1,11,05,02,189,29,06,64,030,38,11,74,236,36,12,31,320,43,1*60  "
20754769202726,1788550700940,"$GPGSV,3,2,11,13,00,000,36,17,21,067,29,19,46,039,39,21,24,163,32,1*67  "
20754770892987,1788550700940,"$GPGSV,3,3,11,22,36,122,31,24,35,253,35,40,00,000,44,1*54  "
20754770923039,1788550700940,"$GPGSV,2,1,05,06,64,030,31,11,74,236,33,14,15,131,18,21,24,163,27,8*65  "
20754770937674,1788550700940,"$GPGSV,2,2,05,24,35,253,34,8*5B  "
20754770948664,1788550700940,"$GLGSV,2,1,07,10,00,000,32,09,73,164,35,16,16,151,30,11,02,331,18,1*78  "
20754770976476,1788550700940,"$GLGSV,2,2,07,20,63,299,45,19,34,024,41,21,30,247,29,1*4D  "
20754771144341,1788550700940,"$GAGSV,2,1,08,02,60,096,29,15,33,213,42,18,62,017,31,25,10,122,30,7*77  "
20754771927518,1788550700940,"$GAGSV,2,2,08,27,09,313,25,30,54,332,38,34,86,155,35,36,37,039,35,7*79  "
20754772393039,1788550700940,"$GAGSV,2,1,08,02,60,096,36,15,33,213,17,18,62,017,27,25,10,122,24,1*7D  "
20754773268768,1788550700940,"$GAGSV,2,2,08,27,09,313,19,30,54,332,29,34,86,155,26,36,37,039,33,1*74  "
20754773336789,1788550700940,"$GQGSV,1,1,02,02,23,100,39,03,32,061,37,1*6E  "
20754773360747,1788550700940,"$GQGSV,1,1,02,02,23,100,30,03,32,061,33,8*6A  "
20754773581685,1788550700940,"$GBGSV,4,1,16,42,08,091,30,38,53,026,38,37,40,310,44,34,03,058,19,1*70  "
20754773911997,1788550700940,"$GBGSV,4,2,16,33,06,141,27,28,53,277,38,27,14,251,26,23,71,208,43,1*7D  "
20754774183143,1788550700940,"$GBGSV,4,3,16,13,66,337,39,10,13,164,31,09,26,145,21,08,37,051,35,1*7B  "
20754774406372,1788550700940,"$GBGSV,4,4,16,06,34,118,33,03,40,128,32,02,54,175,32,01,16,104,31,1*75  "
20754774603299,1788550700940,"$GBGSV,2,1,08,23,71,208,33,25,29,159,30,27,14,251,28,28,53,277,37,3*76  "
20754774817987,1788550700940,"$GBGSV,2,2,08,33,06,141,30,37,40,310,42,38,53,026,38,42,08,091,30,3*7E  "
20754775100174,1788550700940,"$GBGSV,2,1,07,23,71,208,27,25,29,159,23,27,14,251,22,28,53,277,18,5*7F  "
20754775304497,1788550700940,"$GBGSV,2,2,07,33,06,141,22,37,40,310,37,38,53,026,25,5*4F  "
20754778427258,1788550700952,"$GNGSA,A,3,06,11,12,14,17,19,21,22,24,,,,0.6,0.4,0.5,1*3D  "
20754778503976,1788550700952,"$PSSGR,GSA,A,3,06,11,21,24,,,,,,,,,0.6,0.4,0.5,1,8*41  "
20754778728924,1788550700952,"$GNGSA,A,3,80,83,85,,,,,,,,,,0.6,0.4,0.5,2*3B  "
20754779150226,1788550700952,"$GNGSA,A,3,02,15,18,25,27,30,34,36,,,,,0.6,0.4,0.5,3*38  "
20754779366893,1788550700952,"$PSSGR,GSA,A,3,302,315,318,325,330,334,336,,,,,,0.6,0.4,0.5,3,1*73  "
20754779584862,1788550700952,"$GNGSA,A,3,01,02,06,08,10,13,23,25,27,28,37,38,0.6,0.4,0.5,4*3B  "
20754779771841,1788550700952,"$PSSGR,GSA,A,3,223,225,227,237,238,,,,,,,,0.6,0.4,0.5,4,5*74  "
20754779953456,1788550700952,"$GNGSA,A,3,02,03,,,,,,,,,,,0.6,0.4,0.5,5*33  "
20754780340851,1788550700952,"$PSSGR,GSA,A,3,194,195,,,,,,,,,,,0.6,0.4,0.5,5,8*47  "
20754780350903,1788550700952,"$GNVTG,,T,,M,0.0,N,0.0,K,A*3D  "
20754780420799,1788550700952,"$GNDTM,W84,,0000.000000,N,00000.000000,E,0.000,W84*41  "
20754780788039,1788550700952,"$GNRMC,193821.00,A,2831.292563,N,07734.296630,E,0.0,,040926,1.3,E,A,V*7A  "
20754780949237,1788550700952,"$GNGNS,193821.00,2831.292563,N,07734.296630,E,AAAAAN,35,0.4,206.9,-54.0,,,V*00  "
20754781195487,1788550700952,"$GNGGA,193821.00,2831.292563,N,07734.296630,E,1,12,0.4,206.9,M,-54.0,M,,*5A  "
20754781548820,1788550700955,"$PSMSG,magcal=PASS,bluesky=0*00 "
20755780234653,1788550701954,"$GPGSV,3,1,11,05,02,189,29,06,64,030,33,11,74,236,40,12,31,320,41,1*68  "
20755780323507,1788550701954,"$GPGSV,3,2,11,13,00,000,37,17,21,067,29,19,46,039,39,21,24,163,36,1*62  "
20755780458663,1788550701954,"$GPGSV,3,3,11,22,36,122,33,24,35,253,37,40,00,000,44,1*54  "
20755781388038,1788550701954,"$GPGSV,2,1,05,06,64,030,32,11,74,236,32,14,15,131,24,21,24,163,28,8*67  "
20755781408872,1788550701954,"$GPGSV,2,2,05,24,35,253,35,8*5A  "
20755781417830,1788550701954,"$GLGSV,2,1,07,10,00,000,36,09,73,164,34,16,16,151,30,11,02,331,18,1*7D  "
20755781898663,1788550701954,"$GLGSV,2,2,07,20,63,299,45,19,34,024,40,21,30,247,32,1*46  "
20755782544236,1788550701954,"$GAGSV,2,1,08,02,60,096,22,15,33,213,42,18,62,017,34,25,10,122,28,7*70  "
20755782567101,1788550701954,"$GAGSV,2,2,08,27,09,313,22,30,54,332,40,34,86,155,37,36,37,039,31,7*77  "
20755782601788,1788550701954,"$GAGSV,2,1,08,02,60,096,36,15,33,213,24,18,62,017,26,25,10,122,24,1*7C  "
20755783127413,1788550701954,"$GAGSV,2,2,08,27,09,313,19,30,54,332,27,34,86,155,28,36,37,039,33,1*74  "
20755783155226,1788550701954,"$GQGSV,1,1,02,02,23,100,36,03,32,061,40,1*61  "
20755789330538,1788550701954,"$GQGSV,1,1,02,02,23,100,31,03,32,061,31,8*69  "
20755794441163,1788550701954,"$GBGSV,4,1,16,42,08,091,30,38,53,026,39,37,40,310,45,34,03,058,19,1*70  "
20755795680955,1788550701954,"$GBGSV,4,2,16,33,06,141,24,28,53,277,38,27,14,251,26,23,71,208,44,1*79  "
20755796343091,1788550701954,"$GBGSV,4,3,16,13,66,337,38,10,13,164,32,09,26,145,29,08,37,051,36,1*72  "
20755799828976,1788550701954,"$GBGSV,4,4,16,06,34,118,31,03,40,128,33,02,54,175,34,01,16,104,31,1*70  "
20755800194809,1788550701954,"$GBGSV,2,1,08,23,71,208,34,25,29,159,30,27,14,251,27,28,53,277,38,3*71  "
20755801206216,1788550701954,"$GBGSV,2,2,08,33,06,141,30,37,40,310,43,38,53,026,40,42,08,091,30,3*70  "
20755801569913,1788550701954,"$GBGSV,2,1,07,23,71,208,27,25,29,159,23,27,14,251,22,28,53,277,24,5*70  "
20755802053976,1788550701954,"$GBGSV,2,2,07,33,06,141,22,37,40,310,37,38,53,026,29,5*43  "
20755808199393,1788550701981,"$GNGSA,A,3,06,11,12,14,17,19,21,22,24,,,,0.6,0.4,0.5,1*3D  "
20755808292466,1788550701981,"$PSSGR,GSA,A,3,06,11,14,21,24,,,,,,,,0.6,0.4,0.5,1,8*44  "
20755808469341,1788550701981,"$GNGSA,A,3,80,83,85,,,,,,,,,,0.6,0.4,0.5,2*3B  "
20755808622622,1788550701981,"$GNGSA,A,3,02,15,18,25,27,30,34,36,,,,,0.6,0.4,0.5,3*38  "
20755808735018,1788550701981,"$PSSGR,GSA,A,3,302,315,318,325,330,334,336,,,,,,0.6,0.4,0.5,3,1*73  "
20755808931580,1788550701981,"$GNGSA,A,3,01,02,06,08,09,10,13,23,25,27,28,37,0.6,0.4,0.5,4*39  "
20755809038403,1788550701981,"$PSSGR,GSA,A,3,223,225,227,228,237,238,,,,,,,0.6,0.4,0.5,4,5*4C  "
20755809110851,1788550701981,"$GNGSA,A,3,02,03,,,,,,,,,,,0.6,0.4,0.5,5*33  "
20755809674132,1788550701981,"$PSSGR,GSA,A,3,194,195,,,,,,,,,,,0.6,0.4,0.5,5,8*47  "
20755809693663,1788550701981,"$GNVTG,,T,,M,0.0,N,0.0,K,A*3D  "
20755809701476,1788550701981,"$GNDTM,W84,,0000.000000,N,00000.000000,E,0.000,W84*41  "
20755809709236,1788550701981,"$GNRMC,193822.00,A,2831.292564,N,07734.296657,E,0.0,,040926,1.3,E,A,V*7F  "
20755809893143,1788550701981,"$GNGNS,193822.00,2831.292564,N,07734.296657,E,AAAAAN,36,0.4,206.9,-54.0,,,V*06  "
20755810070330,1788550701981,"$GNGGA,193822.00,2831.292564,N,07734.296657,E,1,12,0.4,206.9,M,-54.0,M,,*5F  "
20755810594393,1788550701984,"$PSMSG,magcal=PASS,bluesky=0*00 "
20756773362882,1788550702946,"$GPGSV,3,1,11,05,02,189,28,06,64,030,26,11,74,236,40,12,31,320,41,1*6D  "
20756773937101,1788550702946,"$GPGSV,3,2,11,13,00,000,40,17,21,067,29,19,46,039,39,21,24,163,38,1*6C  "
20756774490851,1788550702946,"$GPGSV,3,3,11,22,36,122,32,24,35,253,37,40,00,000,43,1*52  "
20756774777413,1788550702946,"$GPGSV,2,1,05,06,64,030,31,11,74,236,31,14,15,131,21,21,24,163,26,8*6C  "
20756775654809,1788550702946,"$GPGSV,2,2,05,24,35,253,34,8*5B  "
20756776043976,1788550702946,"$GLGSV,2,1,07,10,00,000,36,09,73,164,33,16,16,151,29,11,02,331,18,1*72  "
20756776660434,1788550702946,"$GLGSV,2,2,07,20,63,299,44,19,34,024,38,21,30,247,32,1*48  "
20756777089757,1788550702946,"$GAGSV,2,1,08,02,60,096,25,15,33,213,41,18,62,017,28,25,10,122,30,7*70  "
20756777383611,1788550702946,"$GAGSV,2,2,08,27,09,313,23,30,54,332,41,34,86,155,36,36,37,039,34,7*73  "
20756778658455,1788550702946,"$GAGSV,2,1,08,02,60,096,36,15,33,213,24,18,62,017,29,25,10,122,24,1*73  "
20756778680694,1788550702946,"$GAGSV,2,2,08,27,09,313,19,30,54,332,25,34,86,155,27,36,37,039,34,1*7E  "
20756778936632,1788550702946,"$GQGSV,1,1,02,02,23,100,37,03,32,061,42,1*62  "
20756779662101,1788550702946,"$GQGSV,1,1,02,02,23,100,31,03,32,061,29,8*60  "
20756779709705,1788550702946,"$GBGSV,4,1,16,42,08,091,29,38,53,026,41,37,40,310,43,34,03,058,19,1*71  "
20756781088351,1788550702946,"$GBGSV,4,2,16,33,06,141,24,28,53,277,37,27,14,251,26,23,71,208,43,1*71  "
20756781113767,1788550702946,"$GBGSV,4,3,16,13,66,337,38,10,13,164,31,09,26,145,29,08,37,051,37,1*70  "
20756781124496,1788550702946,"$GBGSV,4,4,16,06,34,118,32,03,40,128,32,02,54,175,36,01,16,104,31,1*70  "
20756784331007,1788550702946,"$GBGSV,2,1,08,23,71,208,35,25,29,159,30,27,14,251,25,28,53,277,37,3*7D  "
20756785045642,1788550702946,"$GBGSV,2,2,08,33,06,141,28,37,40,310,41,38,53,026,41,42,08,091,30,3*7A  "
20756785373038,1788550702946,"$GBGSV,2,1,07,23,71,208,27,25,29,159,24,27,14,251,22,28,53,277,24,5*77  "
20756785402101,1788550702946,"$GBGSV,2,2,07,33,06,141,22,37,40,310,36,38,53,026,29,5*42  "
20756789015278,1788550702962,"$GNGSA,A,3,06,11,12,14,19,21,22,24,,,,,0.6,0.4,0.5,1*3B  "
20756789031944,1788550702962,"$PSSGR,GSA,A,3,06,11,14,21,24,,,,,,,,0.6,0.4,0.5,1,8*44  "
20756789038507,1788550702962,"$GNGSA,A,3,80,83,85,,,,,,,,,,0.6,0.4,0.5,2*3B  "
20756789052621,1788550702962,"$GNGSA,A,3,02,15,18,25,27,30,34,36,,,,,0.6,0.4,0.5,3*38  "
20756789378507,1788550702962,"$PSSGR,GSA,A,3,302,315,318,325,330,334,336,,,,,,0.6,0.4,0.5,3,1*73  "
20756789385955,1788550702962,"$GNGSA,A,3,01,02,06,08,09,10,13,23,25,27,28,37,0.6,0.4,0.5,4*39  "
20756789466215,1788550702962,"$PSSGR,GSA,A,3,223,225,227,228,237,238,,,,,,,0.6,0.4,0.5,4,5*4C  "
20756789809601,1788550702962,"$GNGSA,A,3,02,03,,,,,,,,,,,0.6,0.4,0.5,5*33  "
20756790139444,1788550702962,"$PSSGR,GSA,A,3,194,195,,,,,,,,,,,0.6,0.4,0.5,5,8*47  "
20756790157465,1788550702962,"$GNVTG,,T,,M,0.0,N,0.0,K,A*3D  "
20756790387465,1788550702962,"$GNDTM,W84,,0000.000000,N,00000.000000,E,0.000,W84*41  "
20756790498663,1788550702962,"$GNRMC,193823.00,A,2831.292558,N,07734.296661,E,0.0,,040926,1.3,E,A,V*74  "
20756790651632,1788550702962,"$GNGNS,193823.00,2831.292558,N,07734.296661,E,AAAAAN,35,0.4,207.0,-54.0,,,V*06  "
20756790841111,1788550702962,"$GNGGA,193823.00,2831.292558,N,07734.296661,E,1,12,0.4,207.0,M,-54.0,M,,*5C  "
20756791006736,1788550702965,"$PSMSG,magcal=PASS,bluesky=0*00 "
20757768098923,1788550703942,"$GPGSV,3,1,11,05,02,189,30,06,64,030,30,11,74,236,40,12,31,320,41,1*63  "
20757768280173,1788550703942,"$GPGSV,3,2,11,13,00,000,40,17,21,067,29,19,46,039,38,21,24,163,37,1*62  "
20757768745486,1788550703942,"$GPGSV,3,3,11,22,36,122,32,24,35,253,37,40,00,000,42,1*53  "
20757768858871,1788550703942,"$GPGSV,2,1,05,06,64,030,32,11,74,236,31,14,15,131,23,21,24,163,28,8*63  "
20757769171736,1788550703942,"$GPGSV,2,2,05,24,35,253,35,8*5A  "
20757770610121,1788550703942,"$GLGSV,2,1,07,10,00,000,36,09,73,164,33,16,16,151,30,11,02,331,20,1*71  "
20757770833090,1788550703942,"$GLGSV,2,2,07,20,63,299,43,19,34,024,38,21,30,247,32,1*4F  "
20757770871736,1788550703942,"$GAGSV,2,1,08,02,60,096,26,15,33,213,42,18,62,017,27,25,10,122,30,7*7F  "
20757770891163,1788550703942,"$GAGSV,2,2,08,27,09,313,24,30,54,332,41,34,86,155,37,36,37,039,34,7*75  "
20757770904131,1788550703942,"$GAGSV,2,1,08,02,60,096,36,15,33,213,25,18,62,017,29,25,10,122,19,1*7C  "
20757771631736,1788550703942,"$GAGSV,2,2,08,27,09,313,17,30,54,332,26,34,86,155,29,36,37,039,34,1*7D  "
20757772314392,1788550703942,"$GQGSV,1,1,02,02,23,100,36,03,32,061,42,1*63  "
20757772687829,1788550703942,"$GQGSV,1,1,02,02,23,100,31,03,32,061,30,8*68  "
20757773199079,1788550703942,"$GBGSV,4,1,16,42,08,091,29,38,53,026,41,37,40,310,44,34,03,058,19,1*76  "
20757773572413,1788550703942,"$GBGSV,4,2,16,33,06,141,24,28,53,277,36,27,14,251,25,23,71,208,44,1*74  "
20757773914548,1788550703942,"$GBGSV,4,3,16,13,66,337,39,10,13,164,30,09,26,145,29,08,37,051,36,1*71  "
20757774120798,1788550703942,"$GBGSV,4,4,16,06,34,118,34,03,40,128,33,02,54,175,36,01,16,104,30,1*76  "
20757774370954,1788550703942,"$GBGSV,2,1,08,23,71,208,36,25,29,159,20,27,14,251,25,28,53,277,37,3*7F  "
20757774609392,1788550703942,"$GBGSV,2,2,08,33,06,141,28,37,40,310,41,38,53,026,41,42,08,091,31,3*7B  "
20757774849027,1788550703942,"$GBGSV,2,1,07,23,71,208,27,25,29,159,26,27,14,251,21,28,53,277,26,5*74  "
20757775102725,1788550703942,"$GBGSV,2,2,07,33,06,141,22,37,40,310,36,38,53,026,30,5*4A  "
20757778690590,1788550703952,"$GNGSA,A,3,06,11,12,14,19,21,22,24,,,,,0.6,0.4,0.5,1*3B  "
20757779811371,1788550703952,"$PSSGR,GSA,A,3,06,11,14,21,24,,,,,,,,0.6,0.4,0.5,1,8*44  "
20757779836319,1788550703952,"$GNGSA,A,3,80,83,85,,,,,,,,,,0.6,0.4,0.5,2*3B  "
20757779869548,1788550703952,"$GNGSA,A,3,02,15,18,25,27,30,34,36,,,,,0.6,0.4,0.5,3*38  "
20757779882829,1788550703952,"$PSSGR,GSA,A,3,302,315,318,330,334,336,,,,,,,0.6,0.4,0.5,3,1*47  "
20757780334861,1788550703952,"$GNGSA,A,3,01,02,06,08,09,10,13,23,25,27,28,37,0.6,0.4,0.5,4*39  "
20757780343975,1788550703952,"$PSSGR,GSA,A,3,223,225,227,228,237,238,,,,,,,0.6,0.4,0.5,4,5*4C  "
20757780351892,1788550703952,"$GNGSA,A,3,02,03,,,,,,,,,,,0.6,0.4,0.5,5*33  "
20757780359340,1788550703952,"$PSSGR,GSA,A,3,194,195,,,,,,,,,,,0.6,0.4,0.5,5,8*47  "
20757780776475,1788550703952,"$GNVTG,,T,,M,0.0,N,0.0,K,A*3D  "
20757781000121,1788550703952,"$GNDTM,W84,,0000.000000,N,00000.000000,E,0.000,W84*41  "
20757781278298,1788550703952,"$GNRMC,193824.00,A,2831.292552,N,07734.296662,E,0.0,,040926,1.3,E,A,V*7A  "
20757781290590,1788550703952,"$GNGNS,193824.00,2831.292552,N,07734.296662,E,AAAAAN,35,0.4,207.1,-54.0,,,V*09  "
20757781441215,1788550703952,"$GNGGA,193824.00,2831.292552,N,07734.296662,E,1,12,0.4,207.1,M,-54.0,M,,*53  "
20757781666840,1788550703955,"$PSMSG,magcal=PASS,bluesky=0*00 "
20758771719964,1788550704945,"$GPGSV,3,1,11,05,02,189,29,06,64,030,29,11,74,236,39,12,31,320,40,1*6C  "
20758771821110,1788550704945,"$GPGSV,3,2,11,13,00,000,40,17,21,067,29,19,46,039,39,21,24,163,37,1*63  "
20758772188350,1788550704945,"$GPGSV,3,3,11,22,36,122,32,24,35,253,37,40,00,000,42,1*53  "
20758772458298,1788550704945,"$GPGSV,2,1,05,06,64,030,31,11,74,236,31,14,15,131,23,21,24,163,27,8*6F  "
20758772721006,1788550704945,"$GPGSV,2,2,05,24,35,253,35,8*5A  "
20758773021996,1788550704945,"$GLGSV,2,1,07,10,00,000,36,09,73,164,32,16,16,151,30,11,02,331,20,1*70  "
20758773274496,1788550704945,"$GLGSV,2,2,07,20,63,299,43,19,34,024,38,21,30,247,31,1*4C  "
20758773574027,1788550704945,"$GAGSV,2,1,08,02,60,096,26,15,33,213,41,18,62,017,28,25,10,122,27,7*75  "
20758773859027,1788550704945,"$GAGSV,2,2,08,27,09,313,23,30,54,332,41,34,86,155,36,36,37,039,34,7*73  "
20758774045329,1788550704945,"$GAGSV,2,1,08,02,60,096,36,15,33,213,22,18,62,017,29,25,10,122,19,1*7B  "
20758774520433,1788550704945,"$GAGSV,2,2,08,27,09,313,17,30,54,332,25,34,86,155,26,36,37,039,34,1*71  "
20758774629756,1788550704945,"$GQGSV,1,1,02,02,23,100,36,03,32,061,42,1*63  "
20758774890381,1788550704945,"$GQGSV,1,1,02,02,23,100,30,03,32,061,29,8*61  "
20758775074444,1788550704945,"$GBGSV,4,1,16,42,08,091,27,38,53,026,42,37,40,310,43,34,03,058,19,1*7C  "
20758775627412,1788550704945,"$GBGSV,4,2,16,33,06,141,24,28,53,277,35,27,14,251,25,23,71,208,42,1*71  "
20758775654652,1788550704945,"$GBGSV,4,3,16,13,66,337,40,10,13,164,29,09,26,145,29,08,37,051,36,1*77  "
20758776015485,1788550704945,"$GBGSV,4,4,16,06,34,118,32,03,40,128,33,02,54,175,35,01,16,104,30,1*73  "
20758776370641,1788550704945,"$GBGSV,2,1,08,23,71,208,34,25,29,159,20,27,14,251,26,28,53,277,36,3*7F  "
20758776504860,1788550704945,"$GBGSV,2,2,08,33,06,141,28,37,40,310,41,38,53,026,41,42,08,091,32,3*78  "
20758776800589,1788550704945,"$GBGSV,2,1,07,23,71,208,25,25,29,159,25,27,14,251,22,28,53,277,26,5*76  "
20758776831787,1788550704945,"$GBGSV,2,2,07,33,06,141,22,37,40,310,37,38,53,026,29,5*43  "
20758781032360,1788550704953,"$GNGSA,A,3,06,11,12,14,19,21,22,24,,,,,0.7,0.4,0.5,1*3A  "
20758781331006,1788550704953,"$PSSGR,GSA,A,3,06,11,14,21,24,,,,,,,,0.7,0.4,0.5,1,8*45  "
20758781473558,1788550704953,"$GNGSA,A,3,80,83,85,,,,,,,,,,0.7,0.4,0.5,2*3A  "
20758781688714,1788550704953,"$GNGSA,A,3,02,15,18,25,30,34,36,,,,,,0.7,0.4,0.5,3*3C  "
20758781839756,1788550704953,"$PSSGR,GSA,A,3,302,315,318,330,334,336,,,,,,,0.7,0.4,0.5,3,1*46  "
20758782314964,1788550704953,"$GNGSA,A,3,01,02,06,08,09,10,13,23,25,27,28,37,0.7,0.4,0.5,4*38  "
20758782347100,1788550704953,"$PSSGR,GSA,A,3,223,225,227,228,237,238,,,,,,,0.7,0.4,0.5,4,5*4D  "
20758782538975,1788550704953,"$GNGSA,A,3,02,03,,,,,,,,,,,0.7,0.4,0.5,5*32  "
20758782718089,1788550704953,"$PSSGR,GSA,A,3,194,195,,,,,,,,,,,0.7,0.4,0.5,5,8*46  "
20758783217048,1788550704953,"$GNVTG,,T,,M,0.0,N,0.0,K,A*3D  "
20758783251787,1788550704953,"$GNDTM,W84,,0000.000000,N,00000.000000,E,0.000,W84*41  "
20758783292412,1788550704953,"$GNRMC,193825.00,A,2831.292551,N,07734.296664,E,0.0,,040926,1.3,E,A,V*7E  "
20758783415798,1788550704953,"$GNGNS,193825.00,2831.292551,N,07734.296664,E,AAAAAN,34,0.4,207.1,-54.0,,,V*0C  "
20758783740329,1788550704953,"$GNGGA,193825.00,2831.292551,N,07734.296664,E,1,12,0.4,207.1,M,-54.0,M,,*57  "
20758783755746,1788550704957,"$PSMSG,magcal=PASS,bluesky=0*00 "
20759767868245,1788550705941,"$GPGSV,3,1,11,05,02,189,29,06,64,030,29,11,74,236,40,12,31,320,40,1*62  "
20759767901735,1788550705941,"$GPGSV,3,2,11,13,00,000,40,17,21,067,29,19,46,039,38,21,24,163,37,1*62  "
20759770494183,1788550705941,"$GPGSV,3,3,11,22,36,122,31,24,35,253,37,40,00,000,42,1*50  "
20759771027464,1788550705941,"$GPGSV,2,1,05,06,64,030,31,11,74,236,31,14,15,131,24,21,24,163,28,8*67  "
20759772406318,1788550705941,"$GPGSV,2,2,05,24,35,253,34,8*5B  "
20759772442568,1788550705941,"$GLGSV,2,1,07,10,00,000,36,09,73,164,33,16,16,151,29,11,02,331,21,1*78  "
20759772453193,1788550705941,"$GLGSV,2,2,07,20,63,299,43,19,34,024,39,21,30,247,31,1*4D  "
20759772462620,1788550705941,"$GAGSV,2,1,08,02,60,096,27,15,33,213,42,18,62,017,25,25,10,122,31,7*7D  "
20759772706162,1788550705941,"$GAGSV,2,2,08,27,09,313,22,30,54,332,41,34,86,155,36,36,37,039,34,7*72  "
20759773097829,1788550705941,"$GAGSV,2,1,08,02,60,096,37,15,33,213,24,18,62,017,30,25,10,122,21,1*7F  "
20759773589443,1788550705941,"$GAGSV,2,2,08,27,09,313,18,30,54,332,25,34,86,155,29,36,37,039,34,1*71  "
20759774092308,1788550705941,"$GQGSV,1,1,02,02,23,100,35,03,32,061,42,1*60  "
20759774110797,1788550705941,"$GQGSV,1,1,02,02,23,100,31,03,32,061,29,8*60  "
20759774736787,1788550705941,"$GBGSV,4,1,16,42,08,091,27,38,53,026,42,37,40,310,43,34,03,058,19,1*7C  "
20759774753349,1788550705941,"$GBGSV,4,2,16,33,06,141,22,28,53,277,34,27,14,251,25,23,71,208,44,1*70  "
20759774759183,1788550705941,"$GBGSV,4,3,16,13,66,337,40,10,13,164,30,09,26,145,29,08,37,051,36,1*7F  "
20759774775068,1788550705941,"$GBGSV,4,4,16,06,34,118,33,03,40,128,33,02,54,175,35,01,16,104,31,1*73  "
20759774975849,1788550705941,"$GBGSV,2,1,08,23,71,208,36,25,29,159,20,27,14,251,23,28,53,277,37,3*79  "
20759775261735,1788550705941,"$GBGSV,2,2,08,33,06,141,27,37,40,310,40,38,53,026,41,42,08,091,32,3*76  "
20759775425224,1788550705941,"$GBGSV,2,1,07,23,71,208,28,25,29,159,25,27,14,251,22,28,53,277,25,5*78  "
20759775686683,1788550705941,"$GBGSV,2,2,07,33,06,141,22,37,40,310,36,38,53,026,30,5*4A  "
20759781609339,1788550705954,"$GNGSA,A,3,06,11,12,14,19,21,22,24,,,,,0.6,0.4,0.5,1*3B  "
20759783105745,1788550705954,"$PSSGR,GSA,A,3,06,11,14,21,24,,,,,,,,0.6,0.4,0.5,1,8*44  "
20759783118922,1788550705954,"$GNGSA,A,3,80,83,85,,,,,,,,,,0.6,0.4,0.5,2*3B  "
20759783126006,1788550705954,"$GNGSA,A,3,02,15,18,25,27,30,34,36,,,,,0.6,0.4,0.5,3*38  "
20759783132516,1788550705954,"$PSSGR,GSA,A,3,302,315,318,325,327,330,334,336,,,,,0.6,0.4,0.5,3,1*45  "
20759783242204,1788550705954,"$GNGSA,A,3,01,02,06,08,09,10,13,23,25,27,28,37,0.6,0.4,0.5,4*39  "
20759783258766,1788550705954,"$PSSGR,GSA,A,3,223,225,227,228,237,238,,,,,,,0.6,0.4,0.5,4,5*4C  "
20759783267985,1788550705954,"$GNGSA,A,3,02,03,,,,,,,,,,,0.6,0.4,0.5,5*33  "
20759783275485,1788550705954,"$PSSGR,GSA,A,3,194,195,,,,,,,,,,,0.6,0.4,0.5,5,8*47  "
20759783307724,1788550705954,"$GNVTG,,T,,M,0.0,N,0.0,K,A*3D  "
20759783955849,1788550705954,"$GNDTM,W84,,0000.000000,N,00000.000000,E,0.000,W84*41  "
20759783965068,1788550705954,"$GNRMC,193826.00,A,2831.292550,N,07734.296665,E,0.0,,040926,1.3,E,A,V*7D  "
20759784058610,1788550705954,"$GNGNS,193826.00,2831.292550,N,07734.296665,E,AAAAAN,35,0.4,207.1,-54.0,,,V*0E  "
20759784321995,1788550705954,"$GNGGA,193826.00,2831.292550,N,07734.296665,E,1,12,0.4,207.1,M,-54.0,M,,*54  "
20759784686579,1788550705958,"$PSMSG,magcal=PASS,bluesky=0*00 "
20760771554964,1788550706943,"$GPGSV,3,1,11,05,02,189,28,06,64,030,31,11,74,236,40,12,31,320,39,1*64  "
20760772560641,1788550706943,"$GPGSV,3,2,11,13,00,000,41,17,21,067,29,19,46,039,37,21,24,163,37,1*6C  "
20760772905745,1788550706943,"$GPGSV,3,3,11,22,36,122,32,24,35,253,38,40,00,000,42,1*5C  "
20760773271839,1788550706943,"$GPGSV,2,1,05,06,64,030,30,11,74,236,31,14,15,131,25,21,24,163,27,8*68  "
20760773792880,1788550706943,"$GPGSV,2,2,05,24,35,253,34,8*5B  "
20760774186162,1788550706943,"$GLGSV,2,1,07,10,00,000,36,09,73,164,33,16,16,151,29,11,02,331,21,1*78  "
20760774347568,1788550706943,"$GLGSV,2,2,07,20,63,299,43,19,34,024,38,21,30,247,30,1*4D  "
20760774603557,1788550706943,"$GAGSV,2,1,08,02,60,096,26,15,33,213,42,18,62,017,22,25,10,122,26,7*7D  "
20760774810901,1788550706943,"$GAGSV,2,2,08,27,09,313,22,30,54,332,41,34,86,155,36,36,37,039,34,7*72  "
20760774970901,1788550706943,"$GAGSV,2,1,08,02,60,096,37,15,33,213,25,18,62,017,30,25,10,122,21,1*7E  "
20760775158245,1788550706943,"$GAGSV,2,2,08,27,09,313,18,30,54,332,27,34,86,155,29,36,37,039,35,1*72  "
20760775291787,1788550706943,"$GQGSV,1,1,02,02,23,100,35,03,32,061,42,1*60  "
20760775453245,1788550706943,"$GQGSV,1,1,02,02,23,100,31,03,32,061,30,8*68  "
20760775602516,1788550706943,"$GBGSV,4,1,16,42,08,091,27,38,53,026,43,37,40,310,44,34,03,058,19,1*7A  "
20760775756734,1788550706943,"$GBGSV,4,2,16,33,06,141,24,28,53,277,34,27,14,251,27,23,71,208,45,1*75  "
20760775935849,1788550706943,"$GBGSV,4,3,16,13,66,337,41,10,13,164,30,09,26,145,28,08,37,051,36,1*7F  "
20760776208193,1788550706943,"$GBGSV,4,4,16,06,34,118,33,03,40,128,33,02,54,175,36,01,16,104,31,1*70  "
20760776389339,1788550706943,"$GBGSV,2,1,08,23,71,208,37,25,29,159,20,27,14,251,23,28,53,277,37,3*78  "
20760776546005,1788550706943,"$GBGSV,2,2,08,33,06,141,27,37,40,310,41,38,53,026,41,42,08,091,31,3*74  "
20760776801266,1788550706943,"$GBGSV,2,1,06,23,71,208,28,25,29,159,25,27,14,251,21,28,53,277,26,5*79  "
20760777266422,1788550706943,"$GBGSV,2,2,06,37,40,310,36,38,53,026,30,5*79  "
20760781956943,1788550706953,"$GNGSA,A,3,06,11,12,14,19,21,22,24,,,,,0.6,0.4,0.5,1*3B  "
20760781970849,1788550706953,"$PSSGR,GSA,A,3,06,11,14,21,24,,,,,,,,0.6,0.4,0.5,1,8*44  "
20760781983505,1788550706953,"$GNGSA,A,3,80,83,85,,,,,,,,,,0.6,0.4,0.5,2*3B  "
20760781990432,1788550706953,"$GNGSA,A,3,02,15,18,25,27,30,34,36,,,,,0.6,0.4,0.5,3*38  "
20760784098297,1788550706953,"$PSSGR,GSA,A,3,302,315,318,325,327,330,334,336,,,,,0.6,0.4,0.5,3,1*45  "
20760784117568,1788550706953,"$GNGSA,A,3,01,02,06,08,09,10,13,23,25,27,28,37,0.6,0.4,0.5,4*39  "
20760784132203,1788550706953,"$PSSGR,GSA,A,3,223,225,227,228,237,238,,,,,,,0.6,0.4,0.5,4,5*4C  "
20760784196266,1788550706953,"$GNGSA,A,3,02,03,,,,,,,,,,,0.6,0.4,0.5,5*33  "
20760784376370,1788550706953,"$PSSGR,GSA,A,3,194,195,,,,,,,,,,,0.6,0.4,0.5,5,8*47  "
20760784480693,1788550706953,"$GNVTG,,T,,M,0.0,N,0.0,K,A*3D  "
20760785059495,1788550706953,"$GNDTM,W84,,0000.000000,N,00000.000000,E,0.000,W84*41  "
20760785078401,1788550706953,"$GNRMC,193827.00,A,2831.292549,N,07734.296667,E,0.0,,040926,1.3,E,A,V*76  "
20760785093818,1788550706953,"$GNGNS,193827.00,2831.292549,N,07734.296667,E,AAAAAN,35,0.4,207.1,-54.0,,,V*05  "
20760785102359,1788550706953,"$GNGGA,193827.00,2831.292549,N,07734.296667,E,1,12,0.4,207.1,M,-54.0,M,,*5F  "
20760785906891,1788550706959,"$PSMSG,magcal=PASS,bluesky=0*00 "
20761764524130,1788550707938,"$GPGSV,3,1,11,05,02,189,27,06,64,030,33,11,74,236,40,12,31,320,38,1*68  "
20761764653453,1788550707938,"$GPGSV,3,2,11,13,00,000,42,17,21,067,29,19,46,039,37,21,24,163,37,1*6F  "
20761765240536,1788550707938,"$GPGSV,3,3,11,22,36,122,32,24,35,253,36,40,00,000,42,1*52  "
20761765287255,1788550707938,"$GPGSV,2,1,05,06,64,030,31,11,74,236,30,14,15,131,21,21,24,163,27,8*6C  "
20761765390797,1788550707938,"$GPGSV,2,2,05,24,35,253,34,8*5B  "
20761765676057,1788550707938,"$GLGSV,2,1,07,10,00,000,36,09,73,164,35,16,16,151,27,11,02,331,21,1*70  "
20761766311265,1788550707938,"$GLGSV,2,2,07,20,63,299,45,19,34,024,40,21,30,247,28,1*4D  "
20761766365588,1788550707938,"$GAGSV,2,1,08,02,60,096,26,15,33,213,41,18,62,017,22,25,10,122,32,7*7B  "
20761767014599,1788550707938,"$GAGSV,2,2,08,27,09,313,25,30,54,332,40,34,86,155,34,36,37,039,34,7*76  "
20761767295588,1788550707938,"$GAGSV,2,1,08,02,60,096,37,15,33,213,26,18,62,017,30,25,10,122,19,1*76  "
20761767695380,1788550707938,"$GAGSV,2,2,08,27,09,313,18,30,54,332,26,34,86,155,28,36,37,039,34,1*73  "
20761768120901,1788550707938,"$GQGSV,1,1,02,02,23,100,36,03,32,061,42,1*63  "
20761768502724,1788550707938,"$GQGSV,1,1,02,02,23,100,32,03,32,061,29,8*63  "
20761768788974,1788550707938,"$GBGSV,4,1,16,42,08,091,27,38,53,026,43,37,40,310,43,34,03,058,19,1*7D  "
20761769206057,1788550707938,"$GBGSV,4,2,16,33,06,141,24,28,53,277,35,27,14,251,27,23,71,208,43,1*72  "
20761769417984,1788550707938,"$GBGSV,4,3,16,13,66,337,41,10,13,164,30,09,26,145,27,08,37,051,37,1*71  "
20761769695224,1788550707938,"$GBGSV,4,4,16,06,34,118,32,03,40,128,34,02,54,175,36,01,16,104,31,1*76  "
20761769875276,1788550707938,"$GBGSV,2,1,08,23,71,208,36,25,29,159,19,27,14,251,23,28,53,277,37,3*73  "
20761770412359,1788550707938,"$GBGSV,2,2,08,33,06,141,25,37,40,310,39,38,53,026,41,42,08,091,29,3*70  "
20761770438140,1788550707938,"$GBGSV,2,1,06,23,71,208,27,25,29,159,24,27,14,251,21,28,53,277,27,5*76  "
20761770834755,1788550707938,"$GBGSV,2,2,06,37,40,310,35,38,53,026,32,5*78  "
20761774978765,1788550707948,"$GNGSA,A,3,06,11,12,14,19,21,22,24,,,,,0.6,0.4,0.5,1*3B  "
20761775270276,1788550707948,"$PSSGR,GSA,A,3,06,11,14,21,24,,,,,,,,0.6,0.4,0.5,1,8*44  "
20761775809182,1788550707948,"$GNGSA,A,3,80,83,85,,,,,,,,,,0.6,0.4,0.5,2*3B  "
20761775823817,1788550707948,"$GNGSA,A,3,02,15,18,25,27,30,34,36,,,,,0.6,0.4,0.5,3*38  "
20761775834495,1788550707948,"$PSSGR,GSA,A,3,302,315,318,325,327,330,334,336,,,,,0.6,0.4,0.5,3,1*45  "
20761776030745,1788550707948,"$GNGSA,A,3,01,02,06,08,09,10,13,23,25,27,28,37,0.6,0.4,0.5,4*39  "
20761776412828,1788550707948,"$PSSGR,GSA,A,3,223,225,227,228,237,238,,,,,,,0.6,0.4,0.5,4,5*4C  "
20761776488297,1788550707948,"$GNGSA,A,3,02,03,,,,,,,,,,,0.6,0.4,0.5,5*33  "
20761776633192,1788550707948,"$PSSGR,GSA,A,3,194,195,,,,,,,,,,,0.6,0.4,0.5,5,8*47  "
20761776776109,1788550707948,"$GNVTG,,T,,M,0.0,N,0.0,K,A*3D  "
20761776946995,1788550707948,"$GNDTM,W84,,0000.000000,N,00000.000000,E,0.000,W84*41  "
20761777131734,1788550707948,"$GNRMC,193828.00,A,2831.292549,N,07734.296667,E,0.0,,040926,1.3,E,A,V*79  "
20761777374286,1788550707948,"$GNGNS,193828.00,2831.292549,N,07734.296667,E,AAAAAN,35,0.4,207.1,-54.0,,,V*0A  "
20761777598817,1788550707948,"$GNGGA,193828.00,2831.292549,N,07734.296667,E,1,12,0.4,207.1,M,-54.0,M,,*50  "
20761777748453,1788550707951,"$PSMSG,magcal=PASS,bluesky=0*00 "
