t_s,x_m,y_m,v,heading_deg,mode,k,sigma_pos,mm_seg,mm_conf,lat,lon
0.0000,-0.1756,0.0188,0.0000,0.0000,GNSS_INS,1.0000,3.0000,-1,,28.5260,77.5706
0.1000,-0.1756,0.0188,0.0000,-0.0053,GNSS_INS,1.0000,3.0000,-1,,28.5260,77.5706
0.2000,-0.1756,0.0188,0.0000,-0.0077,GNSS_INS,1.0000,3.0000,-1,,28.5260,77.5706
0.3000,-0.1756,0.0188,0.0000,-0.0061,GNSS_INS,1.0000,3.0000,-1,,28.5260,77.5706
0.4000,-0.1756,0.0188,0.0000,-0.0199,GNSS_INS,1.0000,3.0000,-1,,28.5260,77.5706
0.5000,-0.1756,0.0188,0.0000,-0.0293,GNSS_INS,1.0000,3.0000,-1,,28.5260,77.5706
0.6000,-0.1756,0.0188,0.0000,-0.0436,GNSS_INS,1.0000,3.0000,-1,,28.5260,77.5706
0.7000,-0.1756,0.0188,0.0000,-0.0533,GNSS_INS,1.0000,3.0000,-1,,28.5260,77.5706
0.8000,-0.1756,0.0188,0.0000,-0.0075,GNSS_INS,1.0000,3.0000,-1,,28.5260,77.5706
0.9000,-0.1756,0.0188,0.0000,-0.0618,GNSS_INS,1.0000,3.0000,-1,,28.5260,77.5706
1.0000,-0.1756,0.0188,0.0000,-0.0781,GNSS_INS,1.0000,3.0000,-1,,28.5260,77.5706
1.1000,-0.1756,0.0188,0.0000,-0.0612,GNSS_INS,1.0000,3.0000,-1,,28.5260,77.5706
1.2000,-0.1756,0.0188,0.0000,-0.1147,GNSS_INS,1.0000,3.0000,-1,,28.5260,77.5706
1.3000,-0.1756,0.0188,0.0000,-0.0893,GNSS_INS,1.0000,3.0000,-1,,28.5260,77.5706
1.4000,-0.1756,0.0188,0.0000,-0.0941,GNSS_INS,1.0000,3.0000,-1,,28.5260,77.5706
1.5000,-0.1756,0.0188,0.0000,-0.0853,GNSS_INS,1.0000,3.0000,-1,,28.5260,77.5706
1.6000,-0.1756,0.0188,0.0000,-0.1091,GNSS_INS,1.0000,3.0000,-1,,28.5260,77.5706
1.7000,-0.1756,0.0188,0.0000,-0.1742,GNSS_INS,1.0000,2.3523,-1,,28.5260,77.5706
1.8000,-0.1756,0.0188,0.0000,-0.1755,GNSS_INS,1.0000,2.3523,-1,,28.5260,77.5706
1.9000,-0.1756,0.0188,0.0000,-0.1898,GNSS_INS,1.0000,2.3523,-1,,28.5260,77.5706
2.0000,-0.1756,0.0188,0.0000,-0.1835,GNSS_INS,1.0000,2.3523,-1,,28.5260,77.5706
2.1000,-0.1756,0.0188,0.0000,-0.1673,GNSS_INS,1.0000,2.3523,-1,,28.5260,77.5706
2.2000,-0.1756,0.0188,0.0000,-0.1891,GNSS_INS,1.0000,2.3523,-1,,28.5260,77.5706
2.3000,-0.1756,0.0188,0.0000,-0.1805,GNSS_INS,1.0000,2.3523,-1,,28.5260,77.5706
2.4000,-0.1756,0.0188,0.0000,-0.1759,GNSS_INS,1.0000,2.3523,-1,,28.5260,77.5706
2.5000,-0.1756,0.0188,0.0000,-0.1816,GNSS_INS,1.0000,2.3523,-1,,28.5260,77.5706
2.6000,-0.1756,0.0188,0.0000,-0.1867,GNSS_INS,1.0000,2.3523,-1,,28.5260,77.5706
2.7000,-0.1756,0.0188,0.0000,-0.1773,GNSS_INS,1.0000,2.3523,-1,,28.5260,77.5706
2.8000,-0.1756,0.0188,0.0000,-0.1824,GNSS_INS,1.0000,2.3523,-1,,28.5260,77.5706
2.9000,-0.1756,0.0188,0.0000,-0.1935,GNSS_INS,1.0000,2.3523,-1,,28.5260,77.5706
3.0000,-0.1756,0.0188,0.0000,-0.1854,GNSS_INS,1.0000,2.3523,-1,,28.5260,77.5706
3.1000,-0.1773,-0.0003,0.0000,-0.1777,GNSS_INS,1.0000,1.9986,-1,,28.5260,77.5706
3.2000,-0.1773,-0.0003,0.0000,-0.1773,GNSS_INS,1.0000,1.9986,-1,,28.5260,77.5706
3.3000,-0.1773,-0.0003,0.0000,-0.1863,GNSS_INS,1.0000,1.9986,-1,,28.5260,77.5706
3.4000,-0.1773,-0.0003,0.0000,-0.1814,GNSS_INS,1.0000,1.9986,-1,,28.5260,77.5706
3.5000,-0.1773,-0.0003,0.0000,-0.1817,GNSS_INS,1.0000,1.9986,-1,,28.5260,77.5706
3.6000,-0.1773,-0.0003,0.0000,-0.1794,GNSS_INS,1.0000,1.9986,-1,,28.5260,77.5706
3.7000,-0.1773,-0.0003,0.0000,-0.1926,GNSS_INS,1.0000,1.9986,-1,,28.5260,77.5706
3.8000,-0.1773,-0.0003,0.0000,-0.1972,GNSS_INS,1.0000,1.9986,-1,,28.5260,77.5706
3.9000,-0.1773,-0.0003,0.0000,-0.2079,GNSS_INS,1.0000,1.9986,-1,,28.5260,77.5706
4.0000,-0.1773,-0.0003,0.0000,-0.1903,GNSS_INS,1.0000,1.9986,-1,,28.5260,77.5706
4.1000,-0.1723,-0.0191,0.0000,-0.1947,GNSS_INS,1.0000,1.7679,-1,,28.5260,77.5706
4.2000,-0.1723,-0.0191,0.0000,-0.1872,GNSS_INS,1.0000,1.7679,-1,,28.5260,77.5706
4.3000,-0.1723,-0.0191,0.0000,-0.1996,GNSS_INS,1.0000,1.7679,-1,,28.5260,77.5706
4.4000,-0.1723,-0.0191,0.0000,-0.1949,GNSS_INS,1.0000,1.7679,-1,,28.5260,77.5706
4.5000,-0.1723,-0.0191,0.0000,-0.1912,GNSS_INS,1.0000,1.7679,-1,,28.5260,77.5706
4.6000,-0.1723,-0.0191,0.0000,-0.2059,GNSS_INS,1.0000,1.7679,-1,,28.5260,77.5706
4.7000,-0.1723,-0.0191,0.0000,-0.2105,GNSS_INS,1.0000,1.7679,-1,,28.5260,77.5706
4.8000,-0.1723,-0.0191,0.0000,-0.2093,GNSS_INS,1.0000,1.7679,-1,,28.5260,77.5706
4.9000,-0.1723,-0.0191,0.0000,-0.2152,GNSS_INS,1.0000,1.7679,-1,,28.5260,77.5706
5.0000,-0.1723,-0.0191,0.0000,-0.2252,GNSS_INS,1.0000,1.7679,-1,,28.5260,77.5706
5.1000,-0.1606,-0.0207,0.0000,-0.2291,GNSS_INS,1.0000,1.6022,-1,,28.5260,77.5706
5.2000,-0.1606,-0.0207,0.0000,-0.2304,GNSS_INS,1.0000,1.6022,-1,,28.5260,77.5706
5.3000,-0.1606,-0.0207,0.0000,-0.2351,GNSS_INS,1.0000,1.6022,-1,,28.5260,77.5706
5.4000,-0.1606,-0.0207,0.0000,-0.2364,GNSS_INS,1.0000,1.6022,-1,,28.5260,77.5706
5.5000,-0.1606,-0.0207,0.0000,-0.2347,GNSS_INS,1.0000,1.6022,-1,,28.5260,77.5706
5.6000,-0.1606,-0.0207,0.0000,-0.2338,GNSS_INS,1.0000,1.6022,-1,,28.5260,77.5706
5.7000,-0.1606,-0.0207,0.0000,-0.2334,GNSS_INS,1.0000,1.6022,-1,,28.5260,77.5706
5.8000,-0.1606,-0.0207,0.0000,-0.2383,GNSS_INS,1.0000,1.6022,-1,,28.5260,77.5706
5.9000,-0.1606,-0.0207,0.0000,-0.2317,GNSS_INS,1.0000,1.6022,-1,,28.5260,77.5706
6.0000,-0.1606,-0.0207,0.0000,-0.2391,GNSS_INS,1.0000,1.6022,-1,,28.5260,77.5706
6.1000,-0.1323,0.0061,0.0000,-0.2443,GNSS_INS,1.0000,1.4757,-1,,28.5260,77.5706
6.2000,-0.1323,0.0061,0.0000,-0.2428,GNSS_INS,1.0000,1.4757,-1,,28.5260,77.5706
6.3000,-0.1323,0.0061,0.0000,-0.2404,GNSS_INS,1.0000,1.4757,-1,,28.5260,77.5706
6.4000,-0.1323,0.0061,0.0000,-0.2476,GNSS_INS,1.0000,1.4757,-1,,28.5260,77.5706
6.5000,-0.1323,0.0061,0.0000,-0.2535,GNSS_INS,1.0000,1.4757,-1,,28.5260,77.5706
6.6000,-0.1323,0.0061,0.0000,-0.2626,GNSS_INS,1.0000,1.4757,-1,,28.5260,77.5706
6.7000,-0.1323,0.0061,0.0000,-0.2507,GNSS_INS,1.0000,1.4757,-1,,28.5260,77.5706
6.8000,-0.1323,0.0061,0.0000,-0.2517,GNSS_INS,1.0000,1.4757,-1,,28.5260,77.5706
6.9000,-0.1323,0.0061,0.0000,-0.2480,GNSS_INS,1.0000,1.4757,-1,,28.5260,77.5706
7.0000,-0.1323,0.0061,0.0000,-0.2466,GNSS_INS,1.0000,1.4757,-1,,28.5260,77.5706
7.1000,-0.1068,0.0275,0.0000,-0.2472,GNSS_INS,1.0000,1.3752,-1,,28.5260,77.5706
7.2000,-0.1068,0.0275,0.0000,-0.2464,GNSS_INS,1.0000,1.3752,-1,,28.5260,77.5706
7.3000,-0.1068,0.0275,0.0000,-0.2478,GNSS_INS,1.0000,1.3752,-1,,28.5260,77.5706
7.4000,-0.1068,0.0275,0.0000,-0.2499,GNSS_INS,1.0000,1.3752,-1,,28.5260,77.5706
7.5000,-0.1068,0.0275,0.0000,-0.2519,GNSS_INS,1.0000,1.3752,-1,,28.5260,77.5706
7.6000,-0.1068,0.0275,0.0000,-0.2517,GNSS_INS,1.0000,1.3752,-1,,28.5260,77.5706
7.7000,-0.1068,0.0275,0.0000,-0.2517,GNSS_INS,1.0000,1.3752,-1,,28.5260,77.5706
7.8000,-0.1068,0.0275,0.0000,-0.2553,GNSS_INS,1.0000,1.3752,-1,,28.5260,77.5706
7.9000,-0.1068,0.0275,0.0000,-0.2613,GNSS_INS,1.0000,1.3752,-1,,28.5260,77.5706
8.0000,-0.1068,0.0275,0.0000,-0.2519,GNSS_INS,1.0000,1.3752,-1,,28.5260,77.5706
8.1000,-0.0808,0.0478,0.0000,-0.2584,GNSS_INS,1.0000,1.2927,-1,,28.5260,77.5706
8.2000,-0.0808,0.0478,0.0000,-0.2569,GNSS_INS,1.0000,1.2927,-1,,28.5260,77.5706
8.3000,-0.0808,0.0478,0.0000,-0.2581,GNSS_INS,1.0000,1.2927,-1,,28.5260,77.5706
8.4000,-0.0808,0.0478,0.0000,-0.2593,GNSS_INS,1.0000,1.2927,-1,,28.5260,77.5706
8.5000,-0.0808,0.0478,0.0000,-0.2563,GNSS_INS,1.0000,1.2927,-1,,28.5260,77.5706
8.6000,-0.0808,0.0478,0.0000,-0.2576,GNSS_INS,1.0000,1.2927,-1,,28.5260,77.5706
8.7000,-0.0808,0.0478,0.0000,-0.2567,GNSS_INS,1.0000,1.2927,-1,,28.5260,77.5706
8.8000,-0.0808,0.0478,0.0000,-0.2591,GNSS_INS,1.0000,1.2927,-1,,28.5260,77.5706
8.9000,-0.0808,0.0478,0.0000,-0.2582,GNSS_INS,1.0000,1.2927,-1,,28.5260,77.5706
9.0000,-0.0808,0.0478,0.0000,-0.2564,GNSS_INS,1.0000,1.2927,-1,,28.5260,77.5706
9.1000,-0.0621,0.0544,0.0000,-0.2567,GNSS_INS,1.0000,1.2235,-1,,28.5260,77.5706
9.2000,-0.0621,0.0544,0.0000,-0.2555,GNSS_INS,1.0000,1.2235,-1,,28.5260,77.5706
9.3000,-0.0621,0.0544,0.0000,-0.2593,GNSS_INS,1.0000,1.2235,-1,,28.5260,77.5706
9.4000,-0.0621,0.0544,0.0000,-0.2608,GNSS_INS,1.0000,1.2235,-1,,28.5260,77.5706
9.5000,-0.0621,0.0544,0.0000,-0.2588,GNSS_INS,1.0000,1.2235,-1,,28.5260,77.5706
9.6000,-0.0621,0.0544,0.0000,-0.2587,GNSS_INS,1.0000,1.2235,-1,,28.5260,77.5706
9.7000,-0.0621,0.0544,0.0000,-0.2567,GNSS_INS,1.0000,1.2235,-1,,28.5260,77.5706
9.8000,-0.0621,0.0544,0.0000,-0.2554,GNSS_INS,1.0000,1.2235,-1,,28.5260,77.5706
9.9000,-0.0621,0.0544,0.0000,-0.2590,GNSS_INS,1.0000,1.2235,-1,,28.5260,77.5706
10.0000,-0.0621,0.0544,0.0000,-0.2571,GNSS_INS,1.0000,1.2235,-1,,28.5260,77.5706
10.1000,-0.0396,0.0696,0.0000,-0.2559,GNSS_INS,1.0000,1.1643,-1,,28.5260,77.5706
10.2000,-0.0396,0.0696,0.0000,-0.2587,GNSS_INS,1.0000,1.1643,-1,,28.5260,77.5706
10.3000,-0.0396,0.0696,0.0000,-0.2604,GNSS_INS,1.0000,1.1643,-1,,28.5260,77.5706
10.4000,-0.0396,0.0696,0.0000,-0.2605,GNSS_INS,1.0000,1.1643,-1,,28.5260,77.5706
10.5000,-0.0396,0.0696,0.0000,-0.2577,GNSS_INS,1.0000,1.1643,-1,,28.5260,77.5706
10.6000,-0.0396,0.0696,0.0000,-0.2553,GNSS_INS,1.0000,1.1643,-1,,28.5260,77.5706
10.7000,-0.0396,0.0696,0.0000,-0.2557,GNSS_INS,1.0000,1.1643,-1,,28.5260,77.5706
10.8000,-0.0396,0.0696,0.0000,-0.2589,GNSS_INS,1.0000,1.1643,-1,,28.5260,77.5706
10.9000,-0.0396,0.0696,0.0000,-0.2608,GNSS_INS,1.0000,1.1643,-1,,28.5260,77.5706
11.0000,-0.0396,0.0696,0.0000,-0.2597,GNSS_INS,1.0000,1.1643,-1,,28.5260,77.5706
11.1000,-0.0256,0.0694,0.0000,-0.2576,GNSS_INS,1.0000,1.1130,-1,,28.5260,77.5706
11.2000,-0.0256,0.0694,0.0000,-0.2592,GNSS_INS,1.0000,1.1130,-1,,28.5260,77.5706
11.3000,-0.0256,0.0694,0.0000,-0.2600,GNSS_INS,1.0000,1.1130,-1,,28.5260,77.5706
11.4000,-0.0256,0.0694,0.0000,-0.2578,GNSS_INS,1.0000,1.1130,-1,,28.5260,77.5706
11.5000,-0.0256,0.0694,0.0000,-0.2574,GNSS_INS,1.0000,1.1130,-1,,28.5260,77.5706
11.6000,-0.0256,0.0694,0.0000,-0.2568,GNSS_INS,1.0000,1.1130,-1,,28.5260,77.5706
11.7000,-0.0256,0.0694,0.0000,-0.2595,GNSS_INS,1.0000,1.1130,-1,,28.5260,77.5706
11.8000,-0.0256,0.0694,0.0000,-0.2545,GNSS_INS,1.0000,1.1130,-1,,28.5260,77.5706
11.9000,-0.0256,0.0694,0.0000,-0.2549,GNSS_INS,1.0000,1.1130,-1,,28.5260,77.5706
12.0000,-0.0256,0.0694,0.0000,-0.2573,GNSS_INS,1.0000,1.1130,-1,,28.5260,77.5706
12.1000,-0.0150,0.0659,0.0000,-0.2578,GNSS_INS,1.0000,1.0679,-1,,28.5260,77.5706
12.2000,-0.0150,0.0659,0.0000,-0.2524,GNSS_INS,1.0000,1.0679,-1,,28.5260,77.5706
12.3000,-0.0150,0.0659,0.0000,-0.2494,GNSS_INS,1.0000,1.0679,-1,,28.5260,77.5706
12.4000,-0.0150,0.0659,0.0000,-0.2517,GNSS_INS,1.0000,1.0679,-1,,28.5260,77.5706
12.5000,-0.0150,0.0659,0.0000,-0.2421,GNSS_INS,1.0000,1.0679,-1,,28.5260,77.5706
12.6000,-0.0150,0.0659,0.0000,-0.2400,GNSS_INS,1.0000,1.0679,-1,,28.5260,77.5706
12.7000,-0.0150,0.0659,0.0000,-0.2400,GNSS_INS,1.0000,1.0679,-1,,28.5260,77.5706
12.8000,-0.0150,0.0659,0.0000,-0.2399,GNSS_INS,1.0000,1.0679,-1,,28.5260,77.5706
12.9000,-0.0150,0.0659,0.0000,-0.2376,GNSS_INS,1.0000,1.0679,-1,,28.5260,77.5706
13.0000,-0.0150,0.0659,0.0000,-0.2455,GNSS_INS,1.0000,1.0679,-1,,28.5260,77.5706
13.1000,-0.0015,0.0706,0.0000,-0.2390,GNSS_INS,1.0000,1.0279,-1,,28.5260,77.5706
13.2000,-0.0015,0.0706,0.0000,-0.2391,GNSS_INS,1.0000,1.0279,-1,,28.5260,77.5706
13.3000,-0.0015,0.0706,0.0000,-0.2393,GNSS_INS,1.0000,1.0279,-1,,28.5260,77.5706
13.4000,-0.0015,0.0706,0.0000,-0.2472,GNSS_INS,1.0000,1.0279,-1,,28.5260,77.5706
13.5000,-0.0015,0.0706,0.0000,-0.2431,GNSS_INS,1.0000,1.0279,-1,,28.5260,77.5706
13.6000,-0.0015,0.0706,0.0000,-0.2442,GNSS_INS,1.0000,1.0279,-1,,28.5260,77.5706
13.7000,-0.0015,0.0706,0.0000,-0.2400,GNSS_INS,1.0000,1.0279,-1,,28.5260,77.5706
13.8000,-0.0015,0.0706,0.0000,-0.2343,GNSS_INS,1.0000,1.0279,-1,,28.5260,77.5706
13.9000,-0.0015,0.0706,0.0000,-0.2346,GNSS_INS,1.0000,1.0279,-1,,28.5260,77.5706
14.0000,-0.0015,0.0706,0.0000,-0.2405,GNSS_INS,1.0000,1.0279,-1,,28.5260,77.5706
14.1000,0.0073,0.0681,0.0000,-0.2432,GNSS_INS,1.0000,0.9920,-1,,28.5260,77.5706
14.2000,0.0073,0.0681,0.0000,-0.2338,GNSS_INS,1.0000,0.9920,-1,,28.5260,77.5706
14.3000,0.0073,0.0681,0.0000,-0.2360,GNSS_INS,1.0000,0.9920,-1,,28.5260,77.5706
14.4000,0.0073,0.0681,0.0000,-0.2356,GNSS_INS,1.0000,0.9920,-1,,28.5260,77.5706
14.5000,0.0073,0.0681,0.0000,-0.2346,GNSS_INS,1.0000,0.9920,-1,,28.5260,77.5706
14.6000,0.0073,0.0681,0.0000,-0.2297,GNSS_INS,1.0000,0.9920,-1,,28.5260,77.5706
14.7000,0.0073,0.0681,0.0000,-0.2294,GNSS_INS,1.0000,0.9920,-1,,28.5260,77.5706
14.8000,0.0073,0.0681,0.0000,-0.2325,GNSS_INS,1.0000,0.9920,-1,,28.5260,77.5706
14.9000,0.0073,0.0681,0.0000,-0.2307,GNSS_INS,1.0000,0.9920,-1,,28.5260,77.5706
15.0000,0.0073,0.0681,0.0000,-0.2318,GNSS_INS,1.0000,0.9920,-1,,28.5260,77.5706
15.1000,0.0183,0.0698,0.0000,-0.2297,GNSS_INS,1.0000,0.9597,-1,,28.5260,77.5706
15.2000,0.0183,0.0698,0.0000,-0.2324,GNSS_INS,1.0000,0.9597,-1,,28.5260,77.5706
15.3000,0.0183,0.0698,0.0000,-0.2266,GNSS_INS,1.0000,0.9597,-1,,28.5260,77.5706
15.4000,0.0183,0.0698,0.0000,-0.2313,GNSS_INS,1.0000,0.9597,-1,,28.5260,77.5706
15.5000,0.0183,0.0698,0.0000,-0.2351,GNSS_INS,1.0000,0.9597,-1,,28.5260,77.5706
15.6000,0.0183,0.0698,0.0000,-0.2348,GNSS_INS,1.0000,0.9597,-1,,28.5260,77.5706
15.7000,0.0183,0.0698,0.0000,-0.2368,GNSS_INS,1.0000,0.9597,-1,,28.5260,77.5706
15.8000,0.0183,0.0698,0.0000,-0.2409,GNSS_INS,1.0000,0.9597,-1,,28.5260,77.5706
15.9000,0.0183,0.0698,0.0000,-0.2422,GNSS_INS,1.0000,0.9597,-1,,28.5260,77.5706
16.0000,0.0183,0.0698,0.0000,-0.2375,GNSS_INS,1.0000,0.9597,-1,,28.5260,77.5706
16.1000,0.0279,0.0675,0.0000,-0.2384,GNSS_INS,1.0000,0.9304,-1,,28.5260,77.5706
16.2000,0.0279,0.0675,0.0000,-0.2425,GNSS_INS,1.0000,0.9304,-1,,28.5260,77.5706
16.3000,0.0279,0.0675,0.0000,-0.2447,GNSS_INS,1.0000,0.9304,-1,,28.5260,77.5706
16.4000,0.0279,0.0675,0.0000,-0.2409,GNSS_INS,1.0000,0.9304,-1,,28.5260,77.5706
16.5000,0.0279,0.0675,0.0000,-0.2391,GNSS_INS,1.0000,0.9304,-1,,28.5260,77.5706
16.6000,0.0279,0.0675,0.0000,-0.2417,GNSS_INS,1.0000,0.9304,-1,,28.5260,77.5706
16.7000,0.0279,0.0675,0.0000,-0.2377,GNSS_INS,1.0000,0.9304,-1,,28.5260,77.5706
16.8000,0.0279,0.0675,0.0000,-0.2337,GNSS_INS,1.0000,0.9304,-1,,28.5260,77.5706
16.9000,0.0279,0.0675,0.0000,-0.2346,GNSS_INS,1.0000,0.9304,-1,,28.5260,77.5706
17.0000,0.0279,0.0675,0.0000,-0.2353,GNSS_INS,1.0000,0.9304,-1,,28.5260,77.5706
17.1000,0.0416,0.0735,0.0000,-0.2367,GNSS_INS,1.0000,0.9035,-1,,28.5260,77.5706
17.2000,0.0416,0.0735,0.0000,-0.2377,GNSS_INS,1.0000,0.9035,-1,,28.5260,77.5706
17.3000,0.0416,0.0735,0.0000,-0.2363,GNSS_INS,1.0000,0.9035,-1,,28.5260,77.5706
17.4000,0.0416,0.0735,0.0000,-0.2326,GNSS_INS,1.0000,0.9035,-1,,28.5260,77.5706
17.5000,0.0416,0.0735,0.0000,-0.2352,GNSS_INS,1.0000,0.9035,-1,,28.5260,77.5706
17.6000,0.0416,0.0735,0.0000,-0.2334,GNSS_INS,1.0000,0.9035,-1,,28.5260,77.5706
17.7000,0.0416,0.0735,0.0000,-0.2308,GNSS_INS,1.0000,0.9035,-1,,28.5260,77.5706
17.8000,0.0416,0.0735,0.0000,-0.2319,GNSS_INS,1.0000,0.9035,-1,,28.5260,77.5706
17.9000,0.0416,0.0735,0.0000,-0.2328,GNSS_INS,1.0000,0.9035,-1,,28.5260,77.5706
18.0000,0.0416,0.0735,0.0000,-0.2320,GNSS_INS,1.0000,0.9035,-1,,28.5260,77.5706
18.1000,0.0533,0.0748,0.0000,-0.2324,GNSS_INS,1.0000,0.8789,-1,,28.5260,77.5706
18.2000,0.0533,0.0748,0.0000,-0.2283,GNSS_INS,1.0000,0.8789,-1,,28.5260,77.5706
18.3000,0.0533,0.0748,0.0000,-0.2285,GNSS_INS,1.0000,0.8789,-1,,28.5260,77.5706
18.4000,0.0533,0.0748,0.0000,-0.2261,GNSS_INS,1.0000,0.8789,-1,,28.5260,77.5706
18.5000,0.0533,0.0748,0.0000,-0.2239,GNSS_INS,1.0000,0.8789,-1,,28.5260,77.5706
18.6000,0.0533,0.0748,0.0000,-0.2281,GNSS_INS,1.0000,0.8789,-1,,28.5260,77.5706
18.7000,0.0533,0.0748,0.0000,-0.2319,GNSS_INS,1.0000,0.8789,-1,,28.5260,77.5706
18.8000,0.0533,0.0748,0.0000,-0.2265,GNSS_INS,1.0000,0.8789,-1,,28.5260,77.5706
18.9000,0.0533,0.0748,0.0000,-0.2267,GNSS_INS,1.0000,0.8789,-1,,28.5260,77.5706
19.0000,0.0533,0.0748,0.0000,-0.2229,GNSS_INS,1.0000,0.8789,-1,,28.5260,77.5706
19.1000,0.0608,0.0652,0.0000,-0.2187,GNSS_INS,1.0000,0.8562,-1,,28.5260,77.5706
19.2000,0.0608,0.0652,0.0000,-0.2230,GNSS_INS,1.0000,0.8562,-1,,28.5260,77.5706
19.3000,0.0608,0.0652,0.0000,-0.2248,GNSS_INS,1.0000,0.8562,-1,,28.5260,77.5706
19.4000,0.0608,0.0652,0.0000,-0.2269,GNSS_INS,1.0000,0.8562,-1,,28.5260,77.5706
19.5000,0.0608,0.0652,0.0000,-0.2310,GNSS_INS,1.0000,0.8562,-1,,28.5260,77.5706
19.6000,0.0608,0.0652,0.0000,-0.2307,GNSS_INS,1.0000,0.8562,-1,,28.5260,77.5706
19.7000,0.0608,0.0652,0.0000,-0.2312,GNSS_INS,1.0000,0.8562,-1,,28.5260,77.5706
19.8000,0.0608,0.0652,0.0000,-0.2296,GNSS_INS,1.0000,0.8562,-1,,28.5260,77.5706
19.9000,0.0608,0.0652,0.0000,-0.2252,GNSS_INS,1.0000,0.8562,-1,,28.5260,77.5706
20.0000,0.0608,0.0652,0.0000,-0.2256,GNSS_INS,1.0000,0.8562,-1,,28.5260,77.5706
20.1000,0.0700,0.0613,0.0000,-0.2309,GNSS_INS,1.0000,0.8351,-1,,28.5260,77.5706
20.2000,0.0700,0.0613,0.0000,-0.2307,GNSS_INS,1.0000,0.8351,-1,,28.5260,77.5706
20.3000,0.0700,0.0613,0.0000,-0.2230,GNSS_INS,1.0000,0.8351,-1,,28.5260,77.5706
20.4000,0.0700,0.0613,0.0000,-0.2197,GNSS_INS,1.0000,0.8351,-1,,28.5260,77.5706
20.5000,0.0700,0.0613,0.0000,-0.2245,GNSS_INS,1.0000,0.8351,-1,,28.5260,77.5706
20.6000,0.0700,0.0613,0.0000,-0.2249,GNSS_INS,1.0000,0.8351,-1,,28.5260,77.5706
20.7000,0.0700,0.0613,0.0000,-0.2279,GNSS_INS,1.0000,0.8351,-1,,28.5260,77.5706
20.8000,0.0700,0.0613,0.0000,-0.2260,GNSS_INS,1.0000,0.8351,-1,,28.5260,77.5706
20.9000,0.0700,0.0613,0.0000,-0.2175,GNSS_INS,1.0000,0.8351,-1,,28.5260,77.5706
21.0000,0.0700,0.0613,0.0000,-0.2200,GNSS_INS,1.0000,0.8351,-1,,28.5260,77.5706
21.1000,0.0773,0.0557,0.0000,-0.2206,GNSS_INS,1.0000,0.8156,-1,,28.5260,77.5706
21.2000,0.0773,0.0557,0.0000,-0.2239,GNSS_INS,1.0000,0.8156,-1,,28.5260,77.5706
21.3000,0.0773,0.0557,0.0000,-0.2191,GNSS_INS,1.0000,0.8156,-1,,28.5260,77.5706
21.4000,0.0773,0.0557,0.0000,-0.2223,GNSS_INS,1.0000,0.8156,-1,,28.5260,77.5706
21.5000,0.0773,0.0557,0.0000,-0.2212,GNSS_INS,1.0000,0.8156,-1,,28.5260,77.5706
21.6000,0.0773,0.0557,0.0000,-0.2207,GNSS_INS,1.0000,0.8156,-1,,28.5260,77.5706
21.7000,0.0773,0.0557,0.0000,-0.2184,GNSS_INS,1.0000,0.8156,-1,,28.5260,77.5706
21.8000,0.0773,0.0557,0.0000,-0.2136,GNSS_INS,1.0000,0.8156,-1,,28.5260,77.5706
21.9000,0.0773,0.0557,0.0000,-0.2174,GNSS_INS,1.0000,0.8156,-1,,28.5260,77.5706
22.0000,0.0773,0.0557,0.0000,-0.2162,GNSS_INS,1.0000,0.8156,-1,,28.5260,77.5706
22.1000,0.0839,0.0504,0.0000,-0.2156,GNSS_INS,1.0000,0.7973,-1,,28.5260,77.5706
22.2000,0.0839,0.0504,0.0000,-0.2204,GNSS_INS,1.0000,0.7973,-1,,28.5260,77.5706
22.3000,0.0839,0.0504,0.0000,-0.2177,GNSS_INS,1.0000,0.7973,-1,,28.5260,77.5706
22.4000,0.0839,0.0504,0.0000,-0.2189,GNSS_INS,1.0000,0.7973,-1,,28.5260,77.5706
22.5000,0.0839,0.0504,0.0000,-0.2196,GNSS_INS,1.0000,0.7973,-1,,28.5260,77.5706
22.6000,0.0839,0.0504,0.0000,-0.2182,GNSS_INS,1.0000,0.7973,-1,,28.5260,77.5706
22.7000,0.0839,0.0504,0.0000,-0.2262,GNSS_INS,1.0000,0.7973,-1,,28.5260,77.5706
22.8000,0.0839,0.0504,0.0000,-0.2225,GNSS_INS,1.0000,0.7973,-1,,28.5260,77.5706
22.9000,0.0839,0.0504,0.0000,-0.2171,GNSS_INS,1.0000,0.7973,-1,,28.5260,77.5706
23.0000,0.0839,0.0504,0.0000,-0.2201,GNSS_INS,1.0000,0.7973,-1,,28.5260,77.5706
23.1000,0.0878,0.0403,0.0000,-0.2196,GNSS_INS,1.0000,0.7802,-1,,28.5260,77.5706
23.2000,0.0878,0.0403,0.0000,-0.2231,GNSS_INS,1.0000,0.7802,-1,,28.5260,77.5706
23.3000,0.0878,0.0403,0.0000,-0.2253,GNSS_INS,1.0000,0.7802,-1,,28.5260,77.5706
23.4000,0.0878,0.0403,0.0000,-0.2205,GNSS_INS,1.0000,0.7802,-1,,28.5260,77.5706
23.5000,0.0878,0.0403,0.0000,-0.2199,GNSS_INS,1.0000,0.7802,-1,,28.5260,77.5706
23.6000,0.0878,0.0403,0.0000,-0.2186,GNSS_INS,1.0000,0.7802,-1,,28.5260,77.5706
23.7000,0.0878,0.0403,0.0000,-0.2178,GNSS_INS,1.0000,0.7802,-1,,28.5260,77.5706
23.8000,0.0878,0.0403,0.0000,-0.2220,GNSS_INS,1.0000,0.7802,-1,,28.5260,77.5706
23.9000,0.0878,0.0403,0.0000,-0.2183,GNSS_INS,1.0000,0.7802,-1,,28.5260,77.5706
24.0000,0.0878,0.0403,0.0000,-0.2176,GNSS_INS,1.0000,0.7802,-1,,28.5260,77.5706
24.1000,0.0932,0.0352,0.0000,-0.2223,GNSS_INS,1.0000,0.7642,-1,,28.5260,77.5706
24.2000,0.0932,0.0352,0.0000,-0.2288,GNSS_INS,1.0000,0.7642,-1,,28.5260,77.5706
24.3000,0.0932,0.0352,0.0000,-0.2219,GNSS_INS,1.0000,0.7642,-1,,28.5260,77.5706
24.4000,0.0932,0.0352,0.0000,-0.2269,GNSS_INS,1.0000,0.7642,-1,,28.5260,77.5706
24.5000,0.0932,0.0352,0.0000,-0.2271,GNSS_INS,1.0000,0.7642,-1,,28.5260,77.5706
24.6000,0.0932,0.0352,0.0000,-0.2218,GNSS_INS,1.0000,0.7642,-1,,28.5260,77.5706
24.7000,0.0932,0.0352,0.0000,-0.2257,GNSS_INS,1.0000,0.7642,-1,,28.5260,77.5706
24.8000,0.0932,0.0352,0.0000,-0.2227,GNSS_INS,1.0000,0.7642,-1,,28.5260,77.5706
24.9000,0.0932,0.0352,0.0000,-0.2253,GNSS_INS,1.0000,0.7642,-1,,28.5260,77.5706
25.0000,0.0932,0.0352,0.0000,-0.2292,GNSS_INS,1.0000,0.7642,-1,,28.5260,77.5706
25.1000,0.0957,0.0244,0.0000,-0.2264,GNSS_INS,1.0000,0.7491,-1,,28.5260,77.5706
25.2000,0.0957,0.0244,0.0000,-0.2267,GNSS_INS,1.0000,0.7491,-1,,28.5260,77.5706
25.3000,0.0957,0.0244,0.0000,-0.2235,GNSS_INS,1.0000,0.7491,-1,,28.5260,77.5706
25.4000,0.0957,0.0244,0.0000,-0.2198,GNSS_INS,1.0000,0.7491,-1,,28.5260,77.5706
25.5000,0.0957,0.0244,0.0000,-0.2272,GNSS_INS,1.0000,0.7491,-1,,28.5260,77.5706
25.6000,0.0957,0.0244,0.0000,-0.2288,GNSS_INS,1.0000,0.7491,-1,,28.5260,77.5706
25.7000,0.0957,0.0244,0.0000,-0.2314,GNSS_INS,1.0000,0.7491,-1,,28.5260,77.5706
25.8000,0.0957,0.0244,0.0000,-0.2281,GNSS_INS,1.0000,0.7491,-1,,28.5260,77.5706
25.9000,0.0957,0.0244,0.0000,-0.2286,GNSS_INS,1.0000,0.7491,-1,,28.5260,77.5706
26.0000,0.0957,0.0244,0.0000,-0.2255,GNSS_INS,1.0000,0.7491,-1,,28.5260,77.5706
26.1000,0.0974,0.0132,0.0000,-0.2267,GNSS_INS,1.0000,0.7349,-1,,28.5260,77.5706
26.2000,0.0974,0.0132,0.0000,-0.2283,GNSS_INS,1.0000,0.7349,-1,,28.5260,77.5706
26.3000,0.0974,0.0132,0.0000,-0.2176,GNSS_INS,1.0000,0.7349,-1,,28.5260,77.5706
26.4000,0.0974,0.0132,0.0000,-0.2210,GNSS_INS,1.0000,0.7349,-1,,28.5260,77.5706
26.5000,0.0974,0.0132,0.0000,-0.2263,GNSS_INS,1.0000,0.7349,-1,,28.5260,77.5706
26.6000,0.0974,0.0132,0.0000,-0.2257,GNSS_INS,1.0000,0.7349,-1,,28.5260,77.5706
26.7000,0.0974,0.0132,0.0000,-0.2250,GNSS_INS,1.0000,0.7349,-1,,28.5260,77.5706
26.8000,0.0974,0.0132,0.0000,-0.2355,GNSS_INS,1.0000,0.7349,-1,,28.5260,77.5706
26.9000,0.0974,0.0132,0.0000,-0.2295,GNSS_INS,1.0000,0.7349,-1,,28.5260,77.5706
27.0000,0.0974,0.0132,0.0000,-0.2244,GNSS_INS,1.0000,0.7349,-1,,28.5260,77.5706
27.1000,0.1035,0.0135,0.0000,-0.2337,GNSS_INS,1.0000,0.7215,-1,,28.5260,77.5706
27.2000,0.1035,0.0135,0.0000,-0.2275,GNSS_INS,1.0000,0.7215,-1,,28.5260,77.5706
27.3000,0.1035,0.0135,0.0000,-0.2346,GNSS_INS,1.0000,0.7215,-1,,28.5260,77.5706
27.4000,0.1035,0.0135,0.0000,-0.2344,GNSS_INS,1.0000,0.7215,-1,,28.5260,77.5706
27.5000,0.1035,0.0135,0.0000,-0.2283,GNSS_INS,1.0000,0.7215,-1,,28.5260,77.5706
27.6000,0.1035,0.0135,0.0000,-0.2342,GNSS_INS,1.0000,0.7215,-1,,28.5260,77.5706
27.7000,0.1035,0.0135,0.0000,-0.2297,GNSS_INS,1.0000,0.7215,-1,,28.5260,77.5706
27.8000,0.1035,0.0135,0.0000,-0.2298,GNSS_INS,1.0000,0.7215,-1,,28.5260,77.5706
27.9000,0.1035,0.0135,0.0000,-0.2319,GNSS_INS,1.0000,0.7215,-1,,28.5260,77.5706
28.0000,0.1035,0.0135,0.0000,-0.2339,GNSS_INS,1.0000,0.7215,-1,,28.5260,77.5706
28.1000,0.1061,0.0061,0.0000,-0.2349,GNSS_INS,1.0000,0.7088,-1,,28.5260,77.5706
28.2000,0.1061,0.0061,0.0000,-0.2257,GNSS_INS,1.0000,0.7088,-1,,28.5260,77.5706
28.3000,0.1061,0.0061,0.0000,-0.2302,GNSS_INS,1.0000,0.7088,-1,,28.5260,77.5706
28.4000,0.1061,0.0061,0.0000,-0.2294,GNSS_INS,1.0000,0.7088,-1,,28.5260,77.5706
28.5000,0.1061,0.0061,0.0000,-0.2319,GNSS_INS,1.0000,0.7088,-1,,28.5260,77.5706
28.6000,0.1061,0.0061,0.0000,-0.2328,GNSS_INS,1.0000,0.7088,-1,,28.5260,77.5706
28.7000,0.1061,0.0061,0.0000,-0.2316,GNSS_INS,1.0000,0.7088,-1,,28.5260,77.5706
28.8000,0.1061,0.0061,0.0000,-0.2347,GNSS_INS,1.0000,0.7088,-1,,28.5260,77.5706
28.9000,0.1061,0.0061,0.0000,-0.2329,GNSS_INS,1.0000,0.7088,-1,,28.5260,77.5706
29.0000,0.1061,0.0061,0.0000,-0.2308,GNSS_INS,1.0000,0.7088,-1,,28.5260,77.5706
29.1000,0.1094,0.0014,0.0000,-0.2372,GNSS_INS,1.0000,0.6967,-1,,28.5260,77.5706
29.2000,0.1094,0.0014,0.0000,-0.2354,GNSS_INS,1.0000,0.6967,-1,,28.5260,77.5706
29.3000,0.1094,0.0014,0.0000,-0.2426,GNSS_INS,1.0000,0.6967,-1,,28.5260,77.5706
29.4000,0.1094,0.0014,0.0000,-0.2381,GNSS_INS,1.0000,0.6967,-1,,28.5260,77.5706
29.5000,0.1094,0.0014,0.0000,-0.2410,GNSS_INS,1.0000,0.6967,-1,,28.5260,77.5706
29.6000,0.1094,0.0014,0.0000,-0.2393,GNSS_INS,1.0000,0.6967,-1,,28.5260,77.5706
29.7000,0.1094,0.0014,0.0000,-0.2342,GNSS_INS,1.0000,0.6967,-1,,28.5260,77.5706
29.8000,0.1094,0.0014,0.0000,-0.2465,GNSS_INS,1.0000,0.6967,-1,,28.5260,77.5706
29.9000,0.1094,0.0014,0.0000,-0.2544,GNSS_INS,1.0000,0.6967,-1,,28.5260,77.5706
30.0000,0.1094,0.0014,0.0000,-0.2446,GNSS_INS,1.0000,0.6967,-1,,28.5260,77.5706
30.1000,0.1168,0.0072,0.0000,-0.2426,GNSS_INS,1.0000,0.6852,-1,,28.5260,77.5706
30.2000,0.1168,0.0072,0.0000,-0.2375,GNSS_INS,1.0000,0.6852,-1,,28.5260,77.5706
30.3000,0.1168,0.0072,0.0000,-0.2418,GNSS_INS,1.0000,0.6852,-1,,28.5260,77.5706
30.4000,0.1168,0.0072,0.0000,-0.2360,GNSS_INS,1.0000,0.6852,-1,,28.5260,77.5706
30.5000,0.1168,0.0072,0.0000,-0.2345,GNSS_INS,1.0000,0.6852,-1,,28.5260,77.5706
30.6000,0.1168,0.0072,0.0000,-0.2380,GNSS_INS,1.0000,0.6852,-1,,28.5260,77.5706
30.7000,0.1168,0.0072,0.0000,-0.2356,GNSS_INS,1.0000,0.6852,-1,,28.5260,77.5706
30.8000,0.1168,0.0072,0.0000,-0.2370,GNSS_INS,1.0000,0.6852,-1,,28.5260,77.5706
30.9000,0.1168,0.0072,0.0000,-0.2390,GNSS_INS,1.0000,0.6852,-1,,28.5260,77.5706
31.0000,0.1168,0.0072,0.0000,-0.2497,GNSS_INS,1.0000,0.6852,-1,,28.5260,77.5706
31.1000,0.1228,0.0098,0.0000,-0.2600,GNSS_INS,1.0000,0.6743,-1,,28.5260,77.5706
31.2000,0.1228,0.0098,0.0000,-0.2633,GNSS_INS,1.0000,0.6743,-1,,28.5260,77.5706
31.3000,0.1228,0.0098,0.0000,-0.2698,GNSS_INS,1.0000,0.6743,-1,,28.5260,77.5706
31.4000,0.1228,0.0098,0.0000,-0.2737,GNSS_INS,1.0000,0.6743,-1,,28.5260,77.5706
31.5000,0.1228,0.0098,0.0000,-0.2437,GNSS_INS,1.0000,0.6743,-1,,28.5260,77.5706
31.6000,0.1228,0.0098,0.0000,-0.3058,GNSS_INS,1.0000,0.6743,-1,,28.5260,77.5706
31.7000,0.1228,0.0098,0.0000,-0.3122,GNSS_INS,1.0000,0.6743,-1,,28.5260,77.5706
31.8000,0.1228,0.0098,0.0000,-0.3263,GNSS_INS,1.0000,0.6743,-1,,28.5260,77.5706
31.9000,0.1228,0.0098,0.0012,-0.3458,GNSS_INS,1.0000,0.6743,-1,,28.5260,77.5706
32.0000,0.1228,0.0098,0.0011,-0.2554,GNSS_INS,1.0000,0.6743,-1,,28.5260,77.5706
32.1000,0.1309,0.0179,0.0012,-0.3080,GNSS_INS,1.0000,0.6638,-1,,28.5260,77.5706
32.2000,0.1309,0.0179,0.0013,-0.3113,GNSS_INS,1.0000,0.6638,-1,,28.5260,77.5706
32.3000,0.1309,0.0179,0.0007,-0.3287,GNSS_INS,1.0000,0.6638,-1,,28.5260,77.5706
32.4000,0.1309,0.0179,0.0003,-0.3753,GNSS_INS,1.0000,0.6638,-1,,28.5260,77.5706
32.5000,0.1309,0.0179,0.0018,-0.3564,GNSS_INS,1.0000,0.6638,-1,,28.5260,77.5706
32.6000,0.1309,0.0179,0.0009,-0.3423,GNSS_INS,1.0000,0.6638,-1,,28.5260,77.5706
32.7000,0.1309,0.0179,0.0055,-0.3966,GNSS_INS,1.0000,0.6638,-1,,28.5260,77.5706
32.8000,0.1309,0.0179,0.0440,-0.5429,GNSS_INS,1.0000,0.6638,-1,,28.5260,77.5706
32.9000,0.1309,0.0179,0.0717,-0.3618,GNSS_INS,1.0000,0.6638,-1,,28.5260,77.5706
33.0000,0.1309,0.0179,0.0853,-0.4149,GNSS_INS,1.0000,0.6638,-1,,28.5260,77.5706
33.1000,0.1395,0.0264,0.1123,-0.4523,GNSS_INS,1.0000,0.6539,-1,,28.5260,77.5706
33.2000,0.1395,0.0264,0.1117,-0.4764,GNSS_INS,1.0000,0.6539,-1,,28.5260,77.5706
33.3000,0.1395,0.0264,0.1399,-0.6012,GNSS_INS,1.0000,0.6539,-1,,28.5260,77.5706
33.4000,0.1395,0.0264,0.1453,-0.6042,GNSS_INS,1.0000,0.6539,-1,,28.5260,77.5706
33.5000,0.1395,0.0264,0.1595,-0.6943,GNSS_INS,1.0000,0.6539,-1,,28.5260,77.5706
33.6000,0.1395,0.0264,0.1694,-0.7595,GNSS_INS,1.0000,0.6539,-1,,28.5260,77.5706
33.7000,0.1395,0.0264,0.2277,-0.9096,GNSS_INS,1.0000,0.6539,-1,,28.5260,77.5706
33.8000,0.1395,0.0264,0.2863,-1.0147,GNSS_INS,1.0000,0.6539,-1,,28.5260,77.5706
33.9000,0.1395,0.0264,0.3519,-1.1790,GNSS_INS,1.0000,0.6539,-1,,28.5260,77.5706
34.0000,0.1395,0.0264,0.0377,-1.1964,GNSS_INS,1.0000,0.6539,-1,,28.5260,77.5706
34.1000,0.1201,-0.0627,0.0064,-1.1644,GNSS_INS,1.0000,0.6444,-1,,28.5260,77.5706
34.2000,0.1201,-0.0627,0.0011,-1.2544,GNSS_INS,1.0000,0.6444,-1,,28.5260,77.5706
34.3000,0.1201,-0.0627,0.2160,-1.1883,GNSS_INS,1.0000,0.6444,-1,,28.5260,77.5706
34.4000,0.1201,-0.0627,0.4155,-0.9240,GNSS_INS,1.0000,0.6444,-1,,28.5260,77.5706
34.5000,0.1201,-0.0627,0.5924,-0.7595,GNSS_INS,1.0000,0.6444,-1,,28.5260,77.5706
34.6000,0.1201,-0.0627,0.7067,-0.9995,GNSS_INS,1.0000,0.6444,-1,,28.5260,77.5706
34.7000,0.1201,-0.0627,0.7856,-1.2095,GNSS_INS,1.0000,0.6444,-1,,28.5260,77.5706
34.8000,0.1201,-0.0627,0.8165,-0.9914,GNSS_INS,1.0000,0.6444,-1,,28.5260,77.5706
34.9000,0.1201,-0.0627,0.8703,0.2258,GNSS_INS,1.0000,0.6444,-1,,28.5260,77.5706
35.0000,0.1201,-0.0627,0.9136,2.3918,GNSS_INS,1.0000,0.6444,-1,,28.5260,77.5706
35.1000,0.1336,-0.1384,0.9936,4.6725,GNSS_INS,1.0000,0.6353,-1,,28.5260,77.5706
35.2000,0.1336,-0.1384,1.0676,6.9530,GNSS_INS,1.0000,0.6353,-1,,28.5260,77.5706
35.3000,0.1336,-0.1384,1.0973,9.1216,GNSS_INS,1.0000,0.6353,-1,,28.5260,77.5706
35.4000,0.1336,-0.1384,1.1897,10.1602,GNSS_INS,1.0000,0.6353,-1,,28.5260,77.5706
35.5000,0.1336,-0.1384,1.2954,10.3594,GNSS_INS,1.0000,0.6353,-1,,28.5260,77.5706
35.6000,0.1336,-0.1384,1.3793,9.8479,GNSS_INS,1.0000,0.6353,-1,,28.5260,77.5706
35.7000,0.1336,-0.1384,1.4641,8.1318,GNSS_INS,1.0000,0.6353,-1,,28.5260,77.5706
35.8000,0.1336,-0.1384,1.5042,5.4734,GNSS_INS,1.0000,0.6353,-1,,28.5260,77.5706
35.9000,0.1336,-0.1384,1.5694,1.7936,GNSS_INS,1.0000,0.6353,-1,,28.5260,77.5706
36.0000,0.1336,-0.1384,1.6540,-2.2809,GNSS_INS,1.0000,0.6353,-1,,28.5260,77.5706
36.1000,0.2226,-0.1263,1.6759,-6.1113,GNSS_INS,1.0000,0.6265,-1,,28.5260,77.5706
36.2000,0.2226,-0.1263,1.7170,-8.7008,GNSS_INS,1.0000,0.6265,-1,,28.5260,77.5706
36.3000,0.2226,-0.1263,1.7648,-9.7993,GNSS_INS,1.0000,0.6265,-1,,28.5260,77.5706
36.4000,0.2226,-0.1263,1.8116,-10.5172,GNSS_INS,1.0000,0.6265,-1,,28.5260,77.5706
36.5000,0.2226,-0.1263,1.8719,-11.9836,GNSS_INS,1.0000,0.6265,-1,,28.5260,77.5706
36.6000,0.2226,-0.1263,1.8420,-14.0250,GNSS_INS,1.0000,0.6265,-1,,28.5260,77.5706
36.7000,0.2226,-0.1263,1.8961,-16.2905,GNSS_INS,1.0000,0.6265,-1,,28.5260,77.5706
36.8000,0.2226,-0.1263,1.9165,-18.1469,GNSS_INS,1.0000,0.6265,-1,,28.5260,77.5706
36.9000,0.2226,-0.1263,1.9626,-19.5649,GNSS_INS,1.0000,0.6265,-1,,28.5260,77.5706
37.0000,0.2226,-0.1263,1.9852,-20.4943,GNSS_INS,1.0000,0.6265,-1,,28.5260,77.5706
37.1000,0.1996,-0.5038,2.0006,-33.8631,GNSS_INS,1.0000,0.6181,-1,,28.5259,77.5706
37.2000,0.3872,-0.5791,2.0315,-33.4261,GNSS_INS,1.0000,0.6183,-1,,28.5259,77.5706
37.3000,0.5800,-0.6564,2.0710,-32.3282,GNSS_INS,1.0000,0.6186,-1,,28.5259,77.5706
37.4000,0.7671,-0.7314,2.0345,-31.2059,GNSS_INS,1.0000,0.6191,-1,,28.5259,77.5706
37.5000,0.9571,-0.8077,2.0418,-30.2276,GNSS_INS,1.0000,0.6197,-1,,28.5259,77.5706
37.6000,1.1414,-0.8816,2.0140,-29.4343,GNSS_INS,1.0000,0.6203,-1,,28.5259,77.5706
37.7000,1.3239,-0.9548,1.9926,-28.2977,GNSS_INS,1.0000,0.6210,-1,,28.5259,77.5706
37.8000,1.5037,-1.0269,1.9688,-26.8534,GNSS_INS,1.0000,0.6218,-1,,28.5259,77.5706
37.9000,1.6744,-1.0954,1.9156,-25.1360,GNSS_INS,1.0000,0.6225,-1,,28.5259,77.5706
38.0000,1.8465,-1.1644,1.8909,-23.1002,GNSS_INS,1.0000,0.6233,-1,,28.5259,77.5706
38.1000,1.8765,-1.8942,1.8108,-20.8711,GNSS_INS,1.0000,0.6154,-1,,28.5259,77.5706
38.2000,2.0442,-1.9615,1.8091,-17.8005,GNSS_INS,1.0000,0.6160,-1,,28.5259,77.5706
38.3000,2.2235,-2.0334,1.8629,-13.7663,GNSS_INS,1.0000,0.6167,-1,,28.5259,77.5706
38.4000,2.4007,-2.1045,1.8829,-9.9909,GNSS_INS,1.0000,0.6173,-1,,28.5259,77.5706
38.5000,2.5824,-2.1774,1.9150,-6.4128,GNSS_INS,1.0000,0.6180,-1,,28.5259,77.5707
38.6000,2.7625,-2.2496,1.9256,-2.5369,GNSS_INS,1.0000,0.6187,-1,,28.5259,77.5707
38.7000,2.9457,-2.3231,1.9455,1.1223,GNSS_INS,1.0000,0.6194,-1,,28.5259,77.5707
38.8000,3.1351,-2.3990,1.9842,4.7897,GNSS_INS,1.0000,0.6201,-1,,28.5259,77.5707
38.9000,3.3339,-2.4788,2.0480,8.1533,GNSS_INS,1.0000,0.6207,-1,,28.5259,77.5707
39.0000,3.5263,-2.5560,2.0581,10.7737,GNSS_INS,1.0000,0.6214,-1,,28.5259,77.5707
39.1000,3.8601,-2.6510,2.0993,11.9853,GNSS_INS,1.0000,0.6136,-1,,28.5259,77.5707
39.2000,4.0626,-2.7322,2.1370,12.4514,GNSS_INS,1.0000,0.6142,-1,,28.5259,77.5707
39.3000,4.2553,-2.8095,2.1085,11.9649,GNSS_INS,1.0000,0.6147,-1,,28.5259,77.5707
39.4000,4.4481,-2.8868,2.0937,10.8020,GNSS_INS,1.0000,0.6153,-1,,28.5259,77.5707
39.5000,4.6399,-2.9637,2.0813,10.1806,GNSS_INS,1.0000,0.6159,-1,,28.5259,77.5707
39.6000,4.8394,-3.0438,2.1126,10.3004,GNSS_INS,1.0000,0.6164,-1,,28.5259,77.5707
39.7000,5.0434,-3.1256,2.1519,9.8978,GNSS_INS,1.0000,0.6169,-1,,28.5259,77.5707
39.8000,5.2535,-3.2099,2.2047,8.7300,GNSS_INS,1.0000,0.6174,-1,,28.5259,77.5707
39.9000,5.4662,-3.2952,2.2465,6.9531,GNSS_INS,1.0000,0.6179,-1,,28.5259,77.5707
40.0000,5.6873,-3.3839,2.3136,5.5836,GNSS_INS,1.0000,0.6183,-1,,28.5259,77.5707
40.1000,6.2430,-2.9261,2.2867,4.7796,GNSS_INS,1.0000,0.6106,-1,,28.5259,77.5707
40.2000,6.4668,-3.0159,2.3594,3.6343,GNSS_INS,1.0000,0.6109,-1,,28.5259,77.5707
40.3000,6.6932,-3.1067,2.4074,2.6988,GNSS_INS,1.0000,0.6113,-1,,28.5259,77.5707
40.4000,6.9194,-3.1974,2.4255,1.7236,GNSS_INS,1.0000,0.6116,-1,,28.5259,77.5707
40.5000,7.1448,-3.2878,2.4277,0.7593,GNSS_INS,1.0000,0.6120,-1,,28.5259,77.5707
40.6000,7.3691,-3.3778,2.4210,0.0064,GNSS_INS,1.0000,0.6123,-1,,28.5259,77.5707
40.7000,7.5963,-3.4690,2.4382,-0.7083,GNSS_INS,1.0000,0.6126,-1,,28.5259,77.5707
40.8000,7.8231,-3.5599,2.4416,-1.2842,GNSS_INS,1.0000,0.6129,-1,,28.5259,77.5707
40.9000,8.0445,-3.6487,2.4055,-1.2629,GNSS_INS,1.0000,0.6133,-1,,28.5259,77.5707
41.0000,8.2732,-3.7405,2.4424,-1.5899,GNSS_INS,1.0000,0.6136,-1,,28.5259,77.5707
41.1000,8.7703,-3.4371,2.4183,-2.8705,GNSS_INS,1.0000,0.6060,-1,,28.5259,77.5707
41.2000,8.9919,-3.5260,2.3966,-4.7207,GNSS_INS,1.0000,0.6063,-1,,28.5259,77.5707
41.3000,9.2087,-3.6130,2.3551,-7.5936,GNSS_INS,1.0000,0.6066,-1,,28.5259,77.5707
41.4000,9.4335,-3.7031,2.3995,-10.5499,GNSS_INS,1.0000,0.6069,-1,,28.5259,77.5707
41.5000,9.6565,-3.7926,2.4012,-13.0774,GNSS_INS,1.0000,0.6072,-1,,28.5259,77.5707
41.6000,9.8787,-3.8817,2.3964,-14.6359,GNSS_INS,1.0000,0.6075,-1,,28.5259,77.5707
41.7000,10.1003,-3.9706,2.3904,-15.2811,GNSS_INS,1.0000,0.6078,-1,,28.5259,77.5707
41.8000,10.3310,-4.0631,2.4548,-15.3669,GNSS_INS,1.0000,0.6081,-1,,28.5259,77.5707
41.9000,10.5607,-4.1552,2.4685,-15.3054,GNSS_INS,1.0000,0.6084,-1,,28.5259,77.5707
42.0000,10.7915,-4.2478,2.4821,-14.7870,GNSS_INS,1.0000,0.6086,-1,,28.5259,77.5707
42.1000,11.0975,-4.4370,2.4797,-13.9581,GNSS_INS,1.0000,0.6011,-1,,28.5259,77.5707
42.2000,11.3308,-4.5306,2.5063,-13.4135,GNSS_INS,1.0000,0.6014,-1,,28.5259,77.5707
42.3000,11.5574,-4.6214,2.4550,-13.2050,GNSS_INS,1.0000,0.6016,-1,,28.5259,77.5707
42.4000,11.7835,-4.7121,2.4407,-13.4626,GNSS_INS,1.0000,0.6019,-1,,28.5259,77.5707
42.5000,12.0100,-4.8030,2.4406,-13.9559,GNSS_INS,1.0000,0.6022,-1,,28.5259,77.5707
42.6000,12.2395,-4.8951,2.4634,-14.9453,GNSS_INS,1.0000,0.6025,-1,,28.5259,77.5707
42.7000,12.4730,-4.9887,2.4991,-15.6604,GNSS_INS,1.0000,0.6028,-1,,28.5259,77.5708
42.8000,12.7081,-5.0830,2.5234,-15.7300,GNSS_INS,1.0000,0.6031,-1,,28.5259,77.5708
42.9000,12.9387,-5.1755,2.4954,-15.2115,GNSS_INS,1.0000,0.6033,-1,,28.5259,77.5708
43.0000,13.1788,-5.2718,2.5603,-15.0867,GNSS_INS,1.0000,0.6036,-1,,28.5259,77.5708
43.1000,13.3745,-5.7160,2.4923,-14.8397,GNSS_INS,1.0000,0.5964,-1,,28.5259,77.5708
43.2000,13.6080,-5.8096,2.5103,-14.3510,GNSS_INS,1.0000,0.5966,-1,,28.5259,77.5708
43.3000,13.8388,-5.9022,2.4927,-13.8303,GNSS_INS,1.0000,0.5969,-1,,28.5259,77.5708
43.4000,14.0746,-5.9968,2.5270,-13.5243,GNSS_INS,1.0000,0.5972,-1,,28.5259,77.5708
43.5000,14.3136,-6.0927,2.5622,-13.3203,GNSS_INS,1.0000,0.5974,-1,,28.5259,77.5708
43.6000,14.5517,-6.1881,2.5639,-12.8944,GNSS_INS,1.0000,0.5977,-1,,28.5259,77.5708
43.7000,14.7868,-6.2824,2.5412,-13.0059,GNSS_INS,1.0000,0.5980,-1,,28.5259,77.5708
43.8000,15.0255,-6.3782,2.5640,-13.4403,GNSS_INS,1.0000,0.5983,-1,,28.5259,77.5708
43.9000,15.2610,-6.4727,2.5450,-13.7101,GNSS_INS,1.0000,0.5985,-1,,28.5259,77.5708
44.0000,15.5057,-6.5708,2.6099,-13.8515,GNSS_INS,1.0000,0.5988,-1,,28.5259,77.5708
44.1000,15.7185,-7.0112,2.6137,-25.0737,GNSS_INS,1.0000,0.5917,-1,,28.5259,77.5708
44.2000,15.9628,-7.1092,2.6280,-25.0241,GNSS_INS,1.0000,0.5920,-1,,28.5259,77.5708
44.3000,16.2110,-7.2087,2.6634,-24.8375,GNSS_INS,1.0000,0.5922,-1,,28.5259,77.5708
44.4000,16.4571,-7.3074,2.6540,-24.1947,GNSS_INS,1.0000,0.5925,-1,,28.5259,77.5708
44.5000,16.6991,-7.4045,2.6201,-23.1543,GNSS_INS,1.0000,0.5928,-1,,28.5259,77.5708
44.6000,16.9456,-7.5034,2.6457,-21.9869,GNSS_INS,1.0000,0.5931,-1,,28.5259,77.5708
44.7000,17.1926,-7.6024,2.6567,-21.6220,GNSS_INS,1.0000,0.5933,-1,,28.5259,77.5708
44.8000,17.4406,-7.7019,2.6684,-21.8456,GNSS_INS,1.0000,0.5936,-1,,28.5259,77.5708
44.9000,17.6871,-7.8008,2.6589,-21.4257,GNSS_INS,1.0000,0.5939,-1,,28.5259,77.5708
45.0000,17.9340,-7.8998,2.6601,-20.2387,GNSS_INS,1.0000,0.5941,-1,,28.5259,77.5708
45.1000,18.1898,-8.2674,2.7234,-18.9238,GNSS_INS,1.0000,0.5872,-1,,28.5259,77.5708
45.2000,18.4436,-8.3692,2.7331,-18.0848,GNSS_INS,1.0000,0.5874,-1,,28.5259,77.5708
45.3000,18.6952,-8.4701,2.7142,-17.9545,GNSS_INS,1.0000,0.5877,-1,,28.5259,77.5708
45.4000,18.9491,-8.5720,2.7313,-18.6655,GNSS_INS,1.0000,0.5879,-1,,28.5259,77.5708
45.5000,19.2098,-8.6765,2.7929,-19.4767,GNSS_INS,1.0000,0.5881,-1,,28.5259,77.5708
45.6000,19.4681,-8.7802,2.7849,-20.4374,GNSS_INS,1.0000,0.5884,-1,,28.5259,77.5708
45.7000,19.7292,-8.8849,2.8086,-21.2923,GNSS_INS,1.0000,0.5886,-1,,28.5259,77.5708
45.8000,19.9919,-8.9903,2.8270,-21.9765,GNSS_INS,1.0000,0.5888,-1,,28.5259,77.5708
45.9000,20.2582,-9.0971,2.8635,-21.6882,GNSS_INS,1.0000,0.5890,-1,,28.5259,77.5708
46.0000,20.5197,-9.2020,2.8226,-20.9056,GNSS_INS,1.0000,0.5892,-1,,28.5259,77.5708
46.1000,20.8539,-9.3962,2.8273,-20.5276,GNSS_INS,1.0000,0.5824,-1,,28.5259,77.5708
46.2000,21.1156,-9.5011,2.8201,-20.9686,GNSS_INS,1.0000,0.5826,-1,,28.5259,77.5708
46.3000,21.3773,-9.6061,2.8195,-21.6020,GNSS_INS,1.0000,0.5828,-1,,28.5259,77.5708
46.4000,21.6367,-9.7101,2.7968,-21.4887,GNSS_INS,1.0000,0.5830,-1,,28.5259,77.5708
46.5000,21.8954,-9.8139,2.7880,-20.7980,GNSS_INS,1.0000,0.5832,-1,,28.5259,77.5708
46.6000,22.1553,-9.9182,2.7994,-19.9854,GNSS_INS,1.0000,0.5834,-1,,28.5259,77.5709
46.7000,22.4179,-10.0235,2.8251,-18.8642,GNSS_INS,1.0000,0.5836,-1,,28.5259,77.5709
46.8000,22.6765,-10.1272,2.7910,-17.2469,GNSS_INS,1.0000,0.5838,-1,,28.5259,77.5709
46.9000,22.9404,-10.2330,2.8362,-16.1971,GNSS_INS,1.0000,0.5840,-1,,28.5259,77.5709
47.0000,23.2027,-10.3383,2.8281,-16.1667,GNSS_INS,1.0000,0.5842,-1,,28.5259,77.5709
47.1000,23.5684,-10.4562,2.8799,-17.0647,GNSS_INS,1.0000,0.5776,-1,,28.5259,77.5709
47.2000,23.8349,-10.5631,2.8715,-18.4502,GNSS_INS,1.0000,0.5778,-1,,28.5259,77.5709
47.3000,24.1010,-10.6698,2.8672,-20.4402,GNSS_INS,1.0000,0.5780,-1,,28.5259,77.5709
47.4000,24.3655,-10.7759,2.8518,-21.9295,GNSS_INS,1.0000,0.5782,-1,,28.5259,77.5709
47.5000,24.6316,-10.8826,2.8655,-22.4462,GNSS_INS,1.0000,0.5783,-1,,28.5259,77.5709
47.6000,24.8909,-10.9867,2.7992,-21.7046,GNSS_INS,1.0000,0.5785,-1,,28.5259,77.5709
47.7000,25.1503,-11.0907,2.7954,-20.4298,GNSS_INS,1.0000,0.5787,-1,,28.5259,77.5709
47.8000,25.4086,-11.1943,2.7833,-19.8713,GNSS_INS,1.0000,0.5789,-1,,28.5259,77.5709
47.9000,25.6705,-11.2993,2.8188,-20.7761,GNSS_INS,1.0000,0.5791,-1,,28.5259,77.5709
48.0000,25.9303,-11.4036,2.8009,-21.3788,GNSS_INS,1.0000,0.5793,-1,,28.5259,77.5709
48.1000,26.2419,-11.6262,2.8151,-21.1699,GNSS_INS,1.0000,0.5729,-1,,28.5258,77.5709
48.2000,26.4998,-11.7297,2.7799,-20.8936,GNSS_INS,1.0000,0.5730,-1,,28.5258,77.5709
48.3000,26.7593,-11.8338,2.7948,-20.8296,GNSS_INS,1.0000,0.5732,-1,,28.5258,77.5709
48.4000,27.0157,-11.9366,2.7664,-20.9142,GNSS_INS,1.0000,0.5735,-1,,28.5258,77.5709
48.5000,27.2746,-12.0405,2.7862,-21.1027,GNSS_INS,1.0000,0.5737,-1,,28.5258,77.5709
48.6000,27.5348,-12.1448,2.8007,-21.4250,GNSS_INS,1.0000,0.5739,-1,,28.5258,77.5709
48.7000,27.7998,-12.2511,2.8496,-21.9746,GNSS_INS,1.0000,0.5741,-1,,28.5258,77.5709
48.8000,28.0649,-12.3574,2.8552,-22.1445,GNSS_INS,1.0000,0.5743,-1,,28.5258,77.5709
48.9000,28.3306,-12.4640,2.8624,-22.1532,GNSS_INS,1.0000,0.5745,-1,,28.5258,77.5709
49.0000,28.5977,-12.5712,2.8768,-21.8504,GNSS_INS,1.0000,0.5747,-1,,28.5258,77.5709
49.1000,28.8887,-12.8744,2.9218,-23.0271,GNSS_INS,1.0000,0.5684,-1,,28.5258,77.5709
49.2000,29.1586,-12.9827,2.9088,-22.7945,GNSS_INS,1.0000,0.5685,-1,,28.5258,77.5709
49.3000,29.4291,-13.0912,2.9136,-23.2857,GNSS_INS,1.0000,0.5687,-1,,28.5258,77.5709
49.4000,29.6988,-13.1994,2.9068,-24.2642,GNSS_INS,1.0000,0.5689,-1,,28.5258,77.5709
49.5000,29.9687,-13.3076,2.9073,-25.2333,GNSS_INS,1.0000,0.5691,-1,,28.5258,77.5709
49.6000,30.2377,-13.4155,2.8994,-25.4640,GNSS_INS,1.0000,0.5693,-1,,28.5258,77.5709
49.7000,30.5089,-13.5243,2.9205,-25.0931,GNSS_INS,1.0000,0.5695,-1,,28.5258,77.5709
49.8000,30.7834,-13.6344,2.9546,-24.1583,GNSS_INS,1.0000,0.5697,-1,,28.5258,77.5709
49.9000,31.0580,-13.7445,2.9583,-23.5950,GNSS_INS,1.0000,0.5699,-1,,28.5258,77.5709
50.0000,31.3378,-13.8568,3.0106,-23.0128,GNSS_INS,1.0000,0.5701,-1,,28.5258,77.5709
50.1000,31.6589,-14.1176,3.0343,-22.0323,GNSS_INS,1.0000,0.5639,-1,,28.5258,77.5709
50.2000,31.9382,-14.2296,3.0087,-21.4092,GNSS_INS,1.0000,0.5641,-1,,28.5258,77.5710
50.3000,32.2193,-14.3424,3.0288,-21.1347,GNSS_INS,1.0000,0.5643,-1,,28.5258,77.5710
50.4000,32.5023,-14.4559,3.0477,-21.2405,GNSS_INS,1.0000,0.5645,-1,,28.5258,77.5710
50.5000,32.7893,-14.5710,3.0895,-21.5095,GNSS_INS,1.0000,0.5647,-1,,28.5258,77.5710
50.6000,33.0768,-14.6863,3.0971,-21.4265,GNSS_INS,1.0000,0.5649,-1,,28.5258,77.5710
50.7000,33.3659,-14.8023,3.1142,-21.4093,GNSS_INS,1.0000,0.5651,-1,,28.5258,77.5710
50.8000,33.6547,-14.9181,3.1113,-21.5312,GNSS_INS,1.0000,0.5653,-1,,28.5258,77.5710
50.9000,33.9444,-15.0344,3.1208,-21.6460,GNSS_INS,1.0000,0.5655,-1,,28.5258,77.5710
51.0000,34.2324,-15.1499,3.1049,-21.6625,GNSS_INS,1.0000,0.5657,-1,,28.5258,77.5710
51.1000,34.5838,-15.3503,3.0950,-22.0693,GNSS_INS,1.0000,0.5597,-1,,28.5258,77.5710
51.2000,34.8758,-15.4675,3.1456,-22.1964,GNSS_INS,1.0000,0.5599,-1,,28.5258,77.5710
51.3000,35.1685,-15.5848,3.1530,-22.0400,GNSS_INS,1.0000,0.5601,-1,,28.5258,77.5710
51.4000,35.4594,-15.7015,3.1351,-21.5250,GNSS_INS,1.0000,0.5603,-1,,28.5258,77.5710
51.5000,35.7512,-15.8186,3.1435,-21.0522,GNSS_INS,1.0000,0.5605,-1,,28.5258,77.5710
51.6000,36.0421,-15.9353,3.1353,-20.8966,GNSS_INS,1.0000,0.5607,-1,,28.5258,77.5710
51.7000,36.3310,-16.0511,3.1139,-21.4473,GNSS_INS,1.0000,0.5609,-1,,28.5258,77.5710
51.8000,36.6206,-16.1673,3.1205,-22.2006,GNSS_INS,1.0000,0.5611,-1,,28.5258,77.5710
51.9000,36.9130,-16.2846,3.1475,-22.7934,GNSS_INS,1.0000,0.5613,-1,,28.5258,77.5710
52.0000,37.2099,-16.4037,3.1954,-23.4788,GNSS_INS,1.0000,0.5615,-1,,28.5258,77.5710
52.1000,37.5991,-16.5370,3.2061,-23.8923,GNSS_INS,1.0000,0.5556,-1,,28.5258,77.5710
52.2000,37.8965,-16.6563,3.2045,-23.8471,GNSS_INS,1.0000,0.5558,-1,,28.5258,77.5710
52.3000,38.1970,-16.7769,3.2370,-23.7704,GNSS_INS,1.0000,0.5560,-1,,28.5258,77.5710
52.4000,38.5022,-16.8993,3.2861,-23.4437,GNSS_INS,1.0000,0.5561,-1,,28.5258,77.5710
52.5000,38.8027,-17.0198,3.2402,-22.7154,GNSS_INS,1.0000,0.5563,-1,,28.5258,77.5710
52.6000,39.1037,-17.1405,3.2432,-22.1192,GNSS_INS,1.0000,0.5565,-1,,28.5258,77.5710
52.7000,39.4040,-17.2610,3.2362,-21.9879,GNSS_INS,1.0000,0.5567,-1,,28.5258,77.5710
52.8000,39.7090,-17.3833,3.2825,-22.2513,GNSS_INS,1.0000,0.5569,-1,,28.5258,77.5710
52.9000,40.0113,-17.5046,3.2583,-22.3719,GNSS_INS,1.0000,0.5572,-1,,28.5258,77.5710
53.0000,40.3132,-17.6257,3.2534,-22.4664,GNSS_INS,1.0000,0.5574,-1,,28.5258,77.5710
53.1000,40.6931,-17.7844,3.2430,-22.5275,GNSS_INS,1.0000,0.5516,-1,,28.5258,77.5710
53.2000,40.9991,-17.9071,3.2961,-22.6531,GNSS_INS,1.0000,0.5518,-1,,28.5258,77.5710
53.3000,41.3005,-18.0280,3.2486,-23.2962,GNSS_INS,1.0000,0.5520,-1,,28.5258,77.5710
53.4000,41.6030,-18.1493,3.2590,-24.3927,GNSS_INS,1.0000,0.5522,-1,,28.5258,77.5710
53.5000,41.9078,-18.2716,3.2828,-24.9487,GNSS_INS,1.0000,0.5524,-1,,28.5258,77.5711
53.6000,42.2123,-18.3937,3.2802,-24.6970,GNSS_INS,1.0000,0.5526,-1,,28.5258,77.5711
53.7000,42.5162,-18.5156,3.2752,-23.8627,GNSS_INS,1.0000,0.5528,-1,,28.5258,77.5711
53.8000,42.8224,-18.6385,3.2976,-22.8936,GNSS_INS,1.0000,0.5530,-1,,28.5258,77.5711
53.9000,43.1249,-18.7598,3.2620,-22.1376,GNSS_INS,1.0000,0.5532,-1,,28.5258,77.5711
54.0000,43.4348,-18.8841,3.3330,-21.8665,GNSS_INS,1.0000,0.5534,-1,,28.5258,77.5711
54.1000,43.7967,-19.0937,3.3048,-21.5645,GNSS_INS,1.0000,0.5478,-1,,28.5258,77.5711
54.2000,44.1030,-19.2166,3.2999,-21.6229,GNSS_INS,1.0000,0.5480,-1,,28.5258,77.5711
54.3000,44.4096,-19.3395,3.3033,-21.4091,GNSS_INS,1.0000,0.5482,-1,,28.5258,77.5711
54.4000,44.7205,-19.4643,3.3483,-20.6938,GNSS_INS,1.0000,0.5484,-1,,28.5258,77.5711
54.5000,45.0284,-19.5877,3.3184,-19.9908,GNSS_INS,1.0000,0.5486,-1,,28.5258,77.5711
54.6000,45.3355,-19.7109,3.3100,-19.7753,GNSS_INS,1.0000,0.5488,-1,,28.5258,77.5711
54.7000,45.6384,-19.8324,3.2669,-20.2132,GNSS_INS,1.0000,0.5490,-1,,28.5258,77.5711
54.8000,45.9405,-19.9536,3.2559,-20.7394,GNSS_INS,1.0000,0.5492,-1,,28.5258,77.5711
54.9000,46.2440,-20.0753,3.2688,-20.9183,GNSS_INS,1.0000,0.5494,-1,,28.5258,77.5711
55.0000,46.5451,-20.1961,3.2460,-21.0414,GNSS_INS,1.0000,0.5496,-1,,28.5258,77.5711
55.1000,46.8820,-20.4295,3.2390,-21.4196,GNSS_INS,1.0000,0.5441,-1,,28.5258,77.5711
55.2000,47.1848,-20.5509,3.2624,-21.0414,GNSS_INS,1.0000,0.5443,-1,,28.5258,77.5711
55.3000,47.4897,-20.6732,3.2844,-20.6445,GNSS_INS,1.0000,0.5445,-1,,28.5258,77.5711
55.4000,47.7933,-20.7950,3.2712,-20.2103,GNSS_INS,1.0000,0.5447,-1,,28.5258,77.5711
55.5000,48.0967,-20.9167,3.2700,-19.7469,GNSS_INS,1.0000,0.5449,-1,,28.5258,77.5711
55.6000,48.3997,-21.0382,3.2645,-19.2981,GNSS_INS,1.0000,0.5451,-1,,28.5258,77.5711
55.7000,48.7034,-21.1600,3.2713,-19.4697,GNSS_INS,1.0000,0.5453,-1,,28.5258,77.5711
55.8000,49.0047,-21.2809,3.2483,-20.5353,GNSS_INS,1.0000,0.5455,-1,,28.5258,77.5711
55.9000,49.3055,-21.4015,3.2416,-21.5581,GNSS_INS,1.0000,0.5457,-1,,28.5258,77.5711
56.0000,49.6072,-21.5226,3.2502,-22.0524,GNSS_INS,1.0000,0.5459,-1,,28.5258,77.5711
56.1000,49.9886,-21.6349,3.2411,-22.4756,GNSS_INS,1.0000,0.5405,-1,,28.5258,77.5711
56.2000,50.2892,-21.7555,3.2398,-22.7819,GNSS_INS,1.0000,0.5407,-1,,28.5258,77.5711
56.3000,50.5905,-21.8763,3.2453,-23.0725,GNSS_INS,1.0000,0.5409,-1,,28.5258,77.5711
56.4000,50.8922,-21.9973,3.2511,-23.1446,GNSS_INS,1.0000,0.5411,-1,,28.5258,77.5711
56.5000,51.1971,-22.1196,3.2823,-22.8980,GNSS_INS,1.0000,0.5413,-1,,28.5258,77.5711
56.6000,51.4989,-22.2407,3.2543,-22.4053,GNSS_INS,1.0000,0.5415,-1,,28.5258,77.5712
56.7000,51.8036,-22.3629,3.2809,-21.8782,GNSS_INS,1.0000,0.5417,-1,,28.5258,77.5712
56.8000,52.1065,-22.4844,3.2644,-22.0455,GNSS_INS,1.0000,0.5419,-1,,28.5258,77.5712
56.9000,52.4114,-22.6067,3.2837,-22.7534,GNSS_INS,1.0000,0.5421,-1,,28.5258,77.5712
57.0000,52.7131,-22.7277,3.2538,-23.5597,GNSS_INS,1.0000,0.5423,-1,,28.5257,77.5712
57.1000,53.0696,-22.9006,3.2666,-24.0224,GNSS_INS,1.0000,0.5371,-1,,28.5257,77.5712
57.2000,53.3714,-23.0216,3.2513,-24.3226,GNSS_INS,1.0000,0.5373,-1,,28.5257,77.5712
57.3000,53.6739,-23.1429,3.2589,-23.7695,GNSS_INS,1.0000,0.5375,-1,,28.5257,77.5712
57.4000,53.9779,-23.2649,3.2754,-23.0624,GNSS_INS,1.0000,0.5377,-1,,28.5257,77.5712
57.5000,54.2843,-23.3878,3.2990,-22.3812,GNSS_INS,1.0000,0.5379,-1,,28.5257,77.5712
57.6000,54.5905,-23.5106,3.2998,-21.0031,GNSS_INS,1.0000,0.5381,-1,,28.5257,77.5712
57.7000,54.8975,-23.6337,3.3064,-19.1286,GNSS_INS,1.0000,0.5383,-1,,28.5257,77.5712
57.8000,55.2019,-23.7559,3.2824,-17.8136,GNSS_INS,1.0000,0.5385,-1,,28.5257,77.5712
57.9000,55.5094,-23.8792,3.3103,-17.2097,GNSS_INS,1.0000,0.5387,-1,,28.5257,77.5712
58.0000,55.8170,-24.0026,3.3142,-17.6462,GNSS_INS,1.0000,0.5389,-1,,28.5257,77.5712
58.1000,56.1986,-24.1244,3.3400,-18.3954,GNSS_INS,1.0000,0.5337,-1,,28.5257,77.5712
58.2000,56.5111,-24.2498,3.3667,-19.2807,GNSS_INS,1.0000,0.5339,-1,,28.5257,77.5712
58.3000,56.8263,-24.3762,3.3947,-20.6272,GNSS_INS,1.0000,0.5341,-1,,28.5257,77.5712
58.4000,57.1376,-24.5011,3.3561,-22.6187,GNSS_INS,1.0000,0.5343,-1,,28.5257,77.5712
58.5000,57.4484,-24.6257,3.3487,-24.0609,GNSS_INS,1.0000,0.5345,-1,,28.5257,77.5712
58.6000,57.7589,-24.7503,3.3458,-24.9415,GNSS_INS,1.0000,0.5347,-1,,28.5257,77.5712
58.7000,58.0690,-24.8747,3.3416,-25.0769,GNSS_INS,1.0000,0.5350,-1,,28.5257,77.5712
58.8000,58.3802,-24.9995,3.3528,-24.5504,GNSS_INS,1.0000,0.5352,-1,,28.5257,77.5712
58.9000,58.6888,-25.1233,3.3265,-23.7321,GNSS_INS,1.0000,0.5354,-1,,28.5257,77.5712
59.0000,59.0010,-25.2485,3.3612,-23.5635,GNSS_INS,1.0000,0.5356,-1,,28.5257,77.5712
59.1000,59.3929,-25.3377,3.3395,-23.5506,GNSS_INS,1.0000,0.5305,-1,,28.5257,77.5712
59.2000,59.7023,-25.4618,3.3340,-23.3141,GNSS_INS,1.0000,0.5307,-1,,28.5257,77.5712
59.3000,60.0126,-25.5862,3.3422,-22.7356,GNSS_INS,1.0000,0.5309,-1,,28.5257,77.5712
59.4000,60.3274,-25.7125,3.3899,-21.9578,GNSS_INS,1.0000,0.5311,-1,,28.5257,77.5712
59.5000,60.6431,-25.8392,3.4013,-21.1029,GNSS_INS,1.0000,0.5313,-1,,28.5257,77.5712
59.6000,60.9588,-25.9658,3.4007,-20.9217,GNSS_INS,1.0000,0.5315,-1,,28.5257,77.5712
59.7000,61.2696,-26.0905,3.3526,-21.3324,GNSS_INS,1.0000,0.5317,-1,,28.5257,77.5713
59.8000,61.5802,-26.2151,3.3475,-22.1284,GNSS_INS,1.0000,0.5319,-1,,28.5257,77.5713
59.9000,61.8912,-26.3398,3.3503,-22.8245,GNSS_INS,1.0000,0.5322,-1,,28.5257,77.5713
60.0000,62.2002,-26.4637,3.3304,-23.2956,GNSS_INS,1.0000,0.5324,-1,,28.5257,77.5713
60.1000,62.5529,-26.6422,3.3349,-23.3300,GNSS_INS,1.0000,0.5274,-1,,28.5257,77.5713
60.2000,62.8620,-26.7662,3.3298,-23.0842,GNSS_INS,1.0000,0.5276,-1,,28.5257,77.5713
60.3000,63.1704,-26.8899,3.3238,-23.5145,GNSS_INS,1.0000,0.5278,-1,,28.5257,77.5713
60.4000,63.4783,-27.0134,3.3174,-24.3036,GNSS_INS,1.0000,0.5280,-1,,28.5257,77.5713
60.5000,63.7845,-27.1362,3.2998,-25.0419,GNSS_INS,1.0000,0.5282,-1,,28.5257,77.5713
60.6000,64.0889,-27.2583,3.2809,-25.5836,GNSS_INS,1.0000,0.5284,-1,,28.5257,77.5713
60.7000,64.3950,-27.3811,3.2977,-26.0539,GNSS_INS,1.0000,0.5286,-1,,28.5257,77.5713
60.8000,64.7018,-27.5041,3.3042,-26.1570,GNSS_INS,1.0000,0.5288,-1,,28.5257,77.5713
60.9000,65.0096,-27.6276,3.3156,-25.9578,GNSS_INS,1.0000,0.5291,-1,,28.5257,77.5713
61.0000,65.3148,-27.7500,3.2911,-25.8749,GNSS_INS,1.0000,0.5293,-1,,28.5257,77.5713
61.1000,65.6456,-27.9862,3.3524,-25.6614,GNSS_INS,1.0000,0.5244,-1,,28.5257,77.5713
61.2000,65.9572,-28.1111,3.3572,-25.5980,GNSS_INS,1.0000,0.5246,-1,,28.5257,77.5713
61.3000,66.2664,-28.2351,3.3320,-25.0359,GNSS_INS,1.0000,0.5248,-1,,28.5257,77.5713
61.4000,66.5721,-28.3578,3.2952,-24.1050,GNSS_INS,1.0000,0.5250,-1,,28.5257,77.5713
61.5000,66.8785,-28.4807,3.3011,-23.2039,GNSS_INS,1.0000,0.5252,-1,,28.5257,77.5713
61.6000,67.1840,-28.6032,3.2920,-22.9922,GNSS_INS,1.0000,0.5254,-1,,28.5257,77.5713
61.7000,67.4931,-28.7272,3.3283,-23.3574,GNSS_INS,1.0000,0.5256,-1,,28.5257,77.5713
61.8000,67.7987,-28.8497,3.2947,-23.7814,GNSS_INS,1.0000,0.5258,-1,,28.5257,77.5713
61.9000,68.1068,-28.9733,3.3178,-23.9595,GNSS_INS,1.0000,0.5260,-1,,28.5257,77.5713
62.0000,68.4137,-29.0964,3.3076,-23.7657,GNSS_INS,1.0000,0.5263,-1,,28.5257,77.5713
62.1000,68.7508,-29.3059,3.3201,-23.2743,GNSS_INS,1.0000,0.5215,-1,,28.5257,77.5713
62.2000,69.0574,-29.4289,3.3032,-22.7668,GNSS_INS,1.0000,0.5217,-1,,28.5257,77.5713
62.3000,69.3668,-29.5530,3.3325,-22.2793,GNSS_INS,1.0000,0.5219,-1,,28.5257,77.5713
62.4000,69.6768,-29.6774,3.3405,-22.1022,GNSS_INS,1.0000,0.5221,-1,,28.5257,77.5713
62.5000,69.9853,-29.8011,3.3249,-21.7288,GNSS_INS,1.0000,0.5223,-1,,28.5257,77.5713
62.6000,70.2912,-29.9238,3.2976,-21.2864,GNSS_INS,1.0000,0.5225,-1,,28.5257,77.5713
62.7000,70.5982,-30.0469,3.3067,-20.6951,GNSS_INS,1.0000,0.5227,-1,,28.5257,77.5713
62.8000,70.9056,-30.1702,3.3117,-20.0863,GNSS_INS,1.0000,0.5229,-1,,28.5257,77.5713
62.9000,71.2146,-30.2942,3.3281,-19.5841,GNSS_INS,1.0000,0.5231,-1,,28.5257,77.5714
63.0000,71.5255,-30.4189,3.3488,-19.4336,GNSS_INS,1.0000,0.5233,-1,,28.5257,77.5714
63.1000,71.8814,-30.5894,3.3428,-19.7588,GNSS_INS,1.0000,0.5186,-1,,28.5257,77.5714
63.2000,72.1911,-30.7137,3.3370,-19.9841,GNSS_INS,1.0000,0.5188,-1,,28.5257,77.5714
63.3000,72.4983,-30.8369,3.3110,-19.9803,GNSS_INS,1.0000,0.5190,-1,,28.5257,77.5714
63.4000,72.8096,-30.9617,3.3516,-19.8254,GNSS_INS,1.0000,0.5192,-1,,28.5257,77.5714
63.5000,73.1223,-31.0872,3.3683,-19.8586,GNSS_INS,1.0000,0.5195,-1,,28.5257,77.5714
63.6000,73.4365,-31.2132,3.3845,-19.5087,GNSS_INS,1.0000,0.5197,-1,,28.5257,77.5714
63.7000,73.7511,-31.3394,3.3891,-19.0229,GNSS_INS,1.0000,0.5199,-1,,28.5257,77.5714
63.8000,74.0647,-31.4652,3.3795,-18.2718,GNSS_INS,1.0000,0.5201,-1,,28.5257,77.5714
63.9000,74.3773,-31.5905,3.3687,-17.6815,GNSS_INS,1.0000,0.5203,-1,,28.5257,77.5714
64.0000,74.6927,-31.7171,3.3960,-17.3535,GNSS_INS,1.0000,0.5205,-1,,28.5257,77.5714
64.1000,75.1023,-31.7603,3.3659,-17.3213,GNSS_INS,1.0000,0.5159,-1,,28.5257,77.5714
64.2000,75.4163,-31.8862,3.3828,-17.5754,GNSS_INS,1.0000,0.5161,-1,,28.5257,77.5714
64.3000,75.7295,-32.0118,3.3750,-18.2656,GNSS_INS,1.0000,0.5163,-1,,28.5257,77.5714
64.4000,76.0430,-32.1376,3.3770,-18.9889,GNSS_INS,1.0000,0.5165,-1,,28.5257,77.5714
64.5000,76.3570,-32.2635,3.3831,-19.2412,GNSS_INS,1.0000,0.5167,-1,,28.5257,77.5714
64.6000,76.6767,-32.3918,3.4401,-18.9968,GNSS_INS,1.0000,0.5169,-1,,28.5257,77.5714
64.7000,76.9955,-32.5196,3.4355,-18.5394,GNSS_INS,1.0000,0.5172,-1,,28.5257,77.5714
64.8000,77.3143,-32.6475,3.4348,-18.2437,GNSS_INS,1.0000,0.5174,-1,,28.5257,77.5714
64.9000,77.6313,-32.7747,3.4178,-17.8765,GNSS_INS,1.0000,0.5176,-1,,28.5257,77.5714
65.0000,77.9516,-32.9031,3.4479,-17.9020,GNSS_INS,1.0000,0.5178,-1,,28.5257,77.5714
65.1000,78.4270,-32.7951,3.4129,-18.5575,GNSS_INS,1.0000,0.5132,-1,,28.5257,77.5714
65.2000,78.7410,-32.9211,3.3834,-19.8682,GNSS_INS,1.0000,0.5134,-1,,28.5257,77.5714
65.3000,79.0567,-33.0477,3.4013,-20.7308,GNSS_INS,1.0000,0.5137,-1,,28.5257,77.5714
65.4000,79.3709,-33.1737,3.3856,-21.2579,GNSS_INS,1.0000,0.5139,-1,,28.5257,77.5714
65.5000,79.6857,-33.3000,3.3917,-21.4239,GNSS_INS,1.0000,0.5141,-1,,28.5257,77.5714
65.6000,79.9986,-33.4255,3.3726,-21.3635,GNSS_INS,1.0000,0.5143,-1,,28.5257,77.5714
65.7000,80.3115,-33.5510,3.3717,-20.4471,GNSS_INS,1.0000,0.5145,-1,,28.5257,77.5714
65.8000,80.6250,-33.6768,3.3773,-19.8322,GNSS_INS,1.0000,0.5147,-1,,28.5257,77.5714
65.9000,80.9400,-33.8031,3.3928,-20.3438,GNSS_INS,1.0000,0.5149,-1,,28.5256,77.5715
66.0000,81.2483,-33.9268,3.3266,-21.4768,GNSS_INS,1.0000,0.5152,-1,,28.5256,77.5715
66.1000,81.5566,-34.0504,3.3222,-22.1282,INERTIAL,1.0000,0.5154,-1,,28.5256,77.5715
66.2000,81.8613,-34.1727,3.2857,-22.2217,INERTIAL,1.0000,0.5156,-1,,28.5256,77.5715
66.3000,82.1715,-34.2971,3.3385,-21.8210,INERTIAL,1.0000,0.5158,-1,,28.5256,77.5715
66.4000,82.4758,-34.4191,3.2826,-21.4612,INERTIAL,1.0000,0.5160,-1,,28.5256,77.5715
66.5000,82.7818,-34.5419,3.2959,-20.7512,INERTIAL,1.0000,0.5163,-1,,28.5256,77.5715
66.6000,83.0868,-34.6642,3.2877,-20.6788,INERTIAL,1.0000,0.5165,-1,,28.5256,77.5715
66.7000,83.3972,-34.7887,3.3401,-20.9406,INERTIAL,1.0000,0.5167,-1,,28.5256,77.5715
66.8000,83.7047,-34.9121,3.3152,-21.3594,INERTIAL,1.0000,0.5169,-1,,28.5256,77.5715
66.9000,84.0142,-35.0362,3.3331,-21.9336,INERTIAL,1.0000,0.5171,-1,,28.5256,77.5715
67.0000,84.3208,-35.1592,3.3058,-22.4999,INERTIAL,1.0000,0.5173,-1,,28.5256,77.5715
67.1000,84.6277,-35.2823,3.3066,-23.3441,INERTIAL,1.0000,0.5176,-1,,28.5256,77.5715
67.2000,84.9345,-35.4053,3.3047,-23.7346,INERTIAL,1.0000,0.5178,-1,,28.5256,77.5715
67.3000,85.2417,-35.5286,3.3098,-23.6386,INERTIAL,1.0000,0.5180,-1,,28.5256,77.5715
67.4000,85.5449,-35.6502,3.2706,-23.2470,INERTIAL,1.0000,0.5182,-1,,28.5256,77.5715
67.5000,85.8604,-35.7767,3.3890,-23.0223,INERTIAL,1.0000,0.5184,-1,,28.5256,77.5715
67.6000,86.1720,-35.9017,3.3604,-22.6656,INERTIAL,1.0000,0.5186,-1,,28.5256,77.5715
67.7000,86.4865,-36.0279,3.3862,-22.2655,INERTIAL,1.0000,0.5189,-1,,28.5256,77.5715
67.8000,86.7998,-36.1536,3.3768,-21.6375,INERTIAL,1.0000,0.5191,-1,,28.5256,77.5715
67.9000,87.1172,-36.2808,3.4156,-21.1911,INERTIAL,1.0000,0.5193,-1,,28.5256,77.5715
68.0000,87.4324,-36.4073,3.3976,-21.3908,INERTIAL,1.0000,0.5195,-1,,28.5256,77.5715
68.1000,87.7507,-36.5350,3.4277,-22.5243,INERTIAL,1.0000,0.5197,-1,,28.5256,77.5715
68.2000,88.0679,-36.6622,3.4178,-23.3546,INERTIAL,1.0000,0.5199,-1,,28.5256,77.5715
68.3000,88.3872,-36.7903,3.4390,-23.8553,INERTIAL,1.0000,0.5202,-1,,28.5256,77.5715
68.4000,88.7025,-36.9167,3.4003,-23.8361,INERTIAL,1.0000,0.5204,-1,,28.5256,77.5715
68.5000,89.0213,-37.0446,3.4326,-22.6961,INERTIAL,1.0000,0.5206,-1,,28.5256,77.5715
68.6000,89.3383,-37.1718,3.4169,-20.6946,INERTIAL,1.0000,0.5208,-1,,28.5256,77.5715
68.7000,89.6585,-37.3002,3.4472,-19.4561,INERTIAL,1.0000,0.5210,-1,,28.5256,77.5715
68.8000,89.9784,-37.4285,3.4465,-18.8409,INERTIAL,1.0000,0.5212,-1,,28.5256,77.5715
68.9000,90.3019,-37.5583,3.4828,-18.9888,INERTIAL,1.0000,0.5215,-1,,28.5256,77.5715
69.0000,90.6209,-37.6862,3.4405,-19.3703,INERTIAL,1.0000,0.5217,-1,,28.5256,77.5716
69.1000,90.9399,-37.8142,3.4376,-19.6394,INERTIAL,1.0000,0.5219,-1,,28.5256,77.5716
69.2000,91.2567,-37.9412,3.4150,-19.9639,INERTIAL,1.0000,0.5221,-1,,28.5256,77.5716
69.3000,91.5736,-38.0683,3.4139,-19.9245,INERTIAL,1.0000,0.5223,-1,,28.5256,77.5716
69.4000,91.8874,-38.1942,3.3837,-19.2946,INERTIAL,1.0000,0.5225,-1,,28.5256,77.5716
69.5000,92.2090,-38.3232,3.4595,-18.9888,INERTIAL,1.0000,0.5228,-1,,28.5256,77.5716
69.6000,92.5247,-38.4498,3.4054,-19.3111,INERTIAL,1.0000,0.5230,-1,,28.5256,77.5716
69.7000,92.8434,-38.5777,3.4316,-19.2000,INERTIAL,1.0000,0.5232,-1,,28.5256,77.5716
69.8000,93.1586,-38.7041,3.3991,-18.8967,INERTIAL,1.0000,0.5234,-1,,28.5256,77.5716
69.9000,93.4768,-38.8317,3.4261,-18.3237,INERTIAL,1.0000,0.5236,-1,,28.5256,77.5716
70.0000,93.7944,-38.9591,3.4223,-17.7090,INERTIAL,1.0000,0.5238,-1,,28.5256,77.5716
70.1000,94.1128,-39.0868,3.4300,-17.5490,INERTIAL,1.0000,0.5240,-1,,28.5256,77.5716
70.2000,94.4311,-39.2145,3.4293,-17.9397,INERTIAL,1.0000,0.5243,-1,,28.5256,77.5716
70.3000,94.7510,-39.3428,3.4453,-18.8545,INERTIAL,1.0000,0.5245,-1,,28.5256,77.5716
70.4000,95.0682,-39.4701,3.4202,-20.6292,INERTIAL,1.0000,0.5247,-1,,28.5256,77.5716
70.5000,95.3879,-39.5983,3.4428,-22.5906,INERTIAL,1.0000,0.5249,-1,,28.5256,77.5716
70.6000,95.7024,-39.7245,3.3928,-24.5302,INERTIAL,1.0000,0.5251,-1,,28.5256,77.5716
70.7000,96.0216,-39.8525,3.4352,-26.2587,INERTIAL,1.0000,0.5253,-1,,28.5256,77.5716
70.8000,96.3416,-39.9808,3.4466,-27.1269,INERTIAL,1.0000,0.5255,-1,,28.5256,77.5716
70.9000,96.6615,-40.1091,3.4470,-27.1509,INERTIAL,1.0000,0.5258,-1,,28.5256,77.5716
71.0000,96.9817,-40.2375,3.4495,-26.6617,INERTIAL,1.0000,0.5260,-1,,28.5256,77.5716
71.1000,97.3015,-40.3659,3.4469,-25.6162,INERTIAL,1.0000,0.5262,-1,,28.5256,77.5716
71.2000,97.6215,-40.4942,3.4477,-24.3329,INERTIAL,1.0000,0.5264,-1,,28.5256,77.5716
71.3000,97.9401,-40.6220,3.4330,-23.2047,INERTIAL,1.0000,0.5266,-1,,28.5256,77.5716
71.4000,98.2538,-40.7480,3.3948,-22.1588,INERTIAL,1.0000,0.5268,-1,,28.5256,77.5716
71.5000,98.5706,-40.8767,3.4178,-21.4320,INERTIAL,1.0000,0.5270,-1,,28.5256,77.5716
71.6000,98.8883,-41.0058,3.4278,-21.0842,INERTIAL,1.0000,0.5273,-1,,28.5256,77.5716
71.7000,99.2075,-41.1355,3.4446,-21.1707,INERTIAL,1.0000,0.5275,-1,,28.5256,77.5716
71.8000,99.5272,-41.2653,3.4498,-21.9985,INERTIAL,1.0000,0.5277,-1,,28.5256,77.5716
71.9000,99.8480,-41.3957,3.4622,-22.8889,INERTIAL,1.0000,0.5279,-1,,28.5256,77.5716
72.0000,100.1680,-41.5256,3.4539,-23.7700,INERTIAL,1.0000,0.5281,-1,,28.5256,77.5716
72.1000,100.4878,-41.6556,3.4527,-24.4812,INERTIAL,1.0000,0.5283,-1,,28.5256,77.5717
72.2000,100.8080,-41.7856,3.4556,-24.8347,INERTIAL,1.0000,0.5285,-1,,28.5256,77.5717
72.3000,101.1274,-41.9154,3.4483,-24.6329,INERTIAL,1.0000,0.5287,-1,,28.5256,77.5717
72.4000,101.4466,-42.0451,3.4449,-24.3781,INERTIAL,1.0000,0.5290,-1,,28.5256,77.5717
72.5000,101.7652,-42.1745,3.4394,-24.1829,INERTIAL,1.0000,0.5292,-1,,28.5256,77.5717
72.6000,102.0837,-42.3039,3.4381,-23.2091,INERTIAL,1.0000,0.5294,-1,,28.5256,77.5717
72.7000,102.4069,-42.4352,3.4845,-22.4974,INERTIAL,1.0000,0.5296,-1,,28.5256,77.5717
72.8000,102.7272,-42.5653,3.4598,-21.7762,INERTIAL,1.0000,0.5298,-1,,28.5256,77.5717
72.9000,103.0473,-42.6953,3.4548,-21.6533,INERTIAL,1.0000,0.5300,-1,,28.5256,77.5717
73.0000,103.3662,-42.8249,3.4432,-21.7235,INERTIAL,1.0000,0.5302,-1,,28.5256,77.5717
73.1000,103.6887,-42.9559,3.4787,-21.2199,INERTIAL,1.0000,0.5304,-1,,28.5256,77.5717
73.2000,104.0057,-43.0847,3.4253,-20.4809,INERTIAL,1.0000,0.5307,-1,,28.5256,77.5717
73.3000,104.3255,-43.2146,3.4504,-20.8818,INERTIAL,1.0000,0.5309,-1,,28.5256,77.5717
73.4000,104.6457,-43.3447,3.4552,-22.0913,INERTIAL,1.0000,0.5311,-1,,28.5256,77.5717
73.5000,104.9666,-43.4749,3.4621,-23.8247,INERTIAL,1.0000,0.5313,-1,,28.5256,77.5717
73.6000,105.2870,-43.6050,3.4578,-23.8396,INERTIAL,1.0000,0.5315,-1,,28.5256,77.5717
73.7000,105.6088,-43.7356,3.4723,-22.8074,INERTIAL,1.0000,0.5317,-1,,28.5256,77.5717
73.8000,105.9288,-43.8654,3.4541,-22.4323,INERTIAL,1.0000,0.5319,-1,,28.5256,77.5717
73.9000,106.2513,-43.9963,3.4793,-22.7189,INERTIAL,1.0000,0.5321,-1,,28.5256,77.5717
74.0000,106.5662,-44.1241,3.4043,-23.1915,INERTIAL,1.0000,0.5324,-1,,28.5256,77.5717
74.1000,106.8825,-44.2524,3.4123,-24.3165,INERTIAL,1.0000,0.5326,-1,,28.5256,77.5717
74.2000,107.1985,-44.3807,3.4107,-25.3247,INERTIAL,1.0000,0.5328,-1,,28.5256,77.5717
74.3000,107.5150,-44.5091,3.4151,-26.4118,INERTIAL,1.0000,0.5330,-1,,28.5256,77.5717
74.4000,107.8292,-44.6366,3.3932,-26.6226,INERTIAL,1.0000,0.5332,-1,,28.5256,77.5717
74.5000,108.1461,-44.7652,3.4179,-26.4261,INERTIAL,1.0000,0.5334,-1,,28.5256,77.5717
74.6000,108.4610,-44.8930,3.3995,-25.5782,INERTIAL,1.0000,0.5336,-1,,28.5256,77.5717
74.7000,108.7811,-45.0229,3.4502,-24.7530,INERTIAL,1.0000,0.5338,-1,,28.5255,77.5717
74.8000,109.0938,-45.1498,3.3803,-24.6114,INERTIAL,1.0000,0.5340,-1,,28.5255,77.5717
74.9000,109.4087,-45.2776,3.3977,-23.7678,INERTIAL,1.0000,0.5342,-1,,28.5255,77.5717
75.0000,109.7241,-45.4056,3.4032,-22.7180,INERTIAL,1.0000,0.5345,-1,,28.5255,77.5717
75.1000,110.0422,-45.5347,3.4308,-22.7532,INERTIAL,1.0000,0.5347,-1,,28.5255,77.5717
75.2000,110.3566,-45.6623,3.3959,-23.6982,INERTIAL,1.0000,0.5349,-1,,28.5255,77.5718
75.3000,110.6713,-45.7899,3.3954,-24.6186,INERTIAL,1.0000,0.5351,-1,,28.5255,77.5718
75.4000,110.9847,-45.9171,3.3835,-25.3739,INERTIAL,1.0000,0.5353,-1,,28.5255,77.5718
75.5000,111.2997,-46.0450,3.3990,-24.6027,INERTIAL,1.0000,0.5355,-1,,28.5255,77.5718
75.6000,111.6184,-46.1743,3.4357,-23.6064,INERTIAL,1.0000,0.5357,-1,,28.5255,77.5718
75.7000,111.9359,-46.3031,3.4272,-22.9943,INERTIAL,1.0000,0.5359,-1,,28.5255,77.5718
75.8000,112.2526,-46.4317,3.4183,-21.6701,INERTIAL,1.0000,0.5361,-1,,28.5255,77.5718
75.9000,112.5714,-46.5610,3.4387,-19.4926,INERTIAL,1.0000,0.5364,-1,,28.5255,77.5718
76.0000,112.8892,-46.6900,3.4308,-18.4307,INERTIAL,1.0000,0.5366,-1,,28.5255,77.5718
76.1000,113.2022,-46.8170,3.3823,-19.4807,INERTIAL,1.0000,0.5368,-1,,28.5255,77.5718
76.2000,113.5199,-46.9459,3.4244,-21.2199,INERTIAL,1.0000,0.5370,-1,,28.5255,77.5718
76.3000,113.8392,-47.0755,3.4450,-21.4827,INERTIAL,1.0000,0.5372,-1,,28.5255,77.5718
76.4000,114.1599,-47.2057,3.4594,-21.6890,INERTIAL,1.0000,0.5374,-1,,28.5255,77.5718
76.5000,114.4773,-47.3345,3.4281,-22.8919,INERTIAL,1.0000,0.5376,-1,,28.5255,77.5718
76.6000,114.7957,-47.4637,3.4355,-24.0710,INERTIAL,1.0000,0.5378,-1,,28.5255,77.5718
76.7000,115.1163,-47.5938,3.4582,-23.8991,INERTIAL,1.0000,0.5380,-1,,28.5255,77.5718
76.8000,115.4358,-47.7234,3.4483,-24.3178,INERTIAL,1.0000,0.5382,-1,,28.5255,77.5718
76.9000,115.7523,-47.8519,3.4188,-25.5750,INERTIAL,1.0000,0.5384,-1,,28.5255,77.5718
77.0000,116.0704,-47.9810,3.4317,-26.7535,INERTIAL,1.0000,0.5387,-1,,28.5255,77.5718
77.1000,116.3897,-48.1105,3.4444,-26.5006,INERTIAL,1.0000,0.5389,-1,,28.5255,77.5718
77.2000,116.7062,-48.2390,3.4186,-25.6883,INERTIAL,1.0000,0.5391,-1,,28.5255,77.5718
77.3000,117.0197,-48.3662,3.3858,-24.9222,INERTIAL,1.0000,0.5393,-1,,28.5255,77.5718
77.4000,117.3341,-48.4938,3.3923,-23.8541,INERTIAL,1.0000,0.5395,-1,,28.5255,77.5718
77.5000,117.6505,-48.6222,3.4129,-23.3098,INERTIAL,1.0000,0.5397,-1,,28.5255,77.5718
77.6000,117.9657,-48.7501,3.4029,-23.9518,INERTIAL,1.0000,0.5399,-1,,28.5255,77.5718
77.7000,118.2794,-48.8774,3.3863,-24.7084,INERTIAL,1.0000,0.5401,-1,,28.5255,77.5718
77.8000,118.5966,-49.0061,3.4206,-24.2180,INERTIAL,1.0000,0.5403,-1,,28.5255,77.5718
77.9000,118.9171,-49.1362,3.4555,-22.9329,INERTIAL,1.0000,0.5405,-1,,28.5255,77.5718
78.0000,119.2373,-49.2661,3.4557,-23.0355,INERTIAL,1.0000,0.5407,-1,,28.5255,77.5718
78.1000,119.5540,-49.3946,3.4212,-23.8277,INERTIAL,1.0000,0.5409,-1,,28.5255,77.5718
78.2000,119.8751,-49.5250,3.4621,-24.2665,INERTIAL,1.0000,0.5412,-1,,28.5255,77.5719
78.3000,120.1984,-49.6561,3.4864,-25.0317,INERTIAL,1.0000,0.5414,-1,,28.5255,77.5719
78.4000,120.5172,-49.7855,3.4439,-25.4066,INERTIAL,1.0000,0.5416,-1,,28.5255,77.5719
78.5000,120.8407,-49.9168,3.4876,-24.5352,INERTIAL,1.0000,0.5418,-1,,28.5255,77.5719
78.6000,121.1666,-50.0491,3.5158,-23.0266,INERTIAL,1.0000,0.5420,-1,,28.5255,77.5719
78.7000,121.4944,-50.1821,3.5357,-22.5668,INERTIAL,1.0000,0.5422,-1,,28.5255,77.5719
78.8000,121.8197,-50.3141,3.5126,-22.3581,INERTIAL,1.0000,0.5424,-1,,28.5255,77.5719
78.9000,122.1455,-50.4463,3.5155,-21.1772,INERTIAL,1.0000,0.5426,-1,,28.5255,77.5719
79.0000,122.4722,-50.5789,3.5246,-20.2521,INERTIAL,1.0000,0.5428,-1,,28.5255,77.5719
79.1000,122.8018,-50.7126,3.5550,-20.6339,INERTIAL,1.0000,0.5430,-1,,28.5255,77.5719
79.2000,123.1307,-50.8461,3.5496,-21.9740,INERTIAL,1.0000,0.5432,-1,,28.5255,77.5719
79.3000,123.4598,-50.9796,3.5518,-22.8959,INERTIAL,1.0000,0.5434,-1,,28.5255,77.5719
79.4000,123.7914,-51.1142,3.5772,-23.5998,INERTIAL,1.0000,0.5436,-1,,28.5255,77.5719
79.5000,124.1253,-51.2497,3.6012,-24.5807,INERTIAL,1.0000,0.5438,-1,,28.5255,77.5719
79.6000,124.4621,-51.3864,3.6316,-25.7354,INERTIAL,1.0000,0.5441,-1,,28.5255,77.5719
79.7000,124.8026,-51.5246,3.6721,-26.7592,INERTIAL,1.0000,0.5443,-1,,28.5255,77.5719
79.8000,125.1386,-51.6609,3.6298,-26.7270,INERTIAL,1.0000,0.5445,-1,,28.5255,77.5719
79.9000,125.4738,-51.7970,3.6182,-26.1277,INERTIAL,1.0000,0.5447,-1,,28.5255,77.5719
80.0000,125.8105,-51.9336,3.6326,-25.5559,INERTIAL,1.0000,0.5449,-1,,28.5255,77.5719
80.1000,126.1495,-52.0711,3.6560,-24.8858,INERTIAL,1.0000,0.5451,-1,,28.5255,77.5719
80.2000,126.4867,-52.2080,3.6403,-23.9743,INERTIAL,1.0000,0.5453,-1,,28.5255,77.5719
80.3000,126.8269,-52.3460,3.6694,-23.6713,INERTIAL,1.0000,0.5455,-1,,28.5255,77.5719
80.4000,127.1650,-52.4833,3.6509,-24.1015,INERTIAL,1.0000,0.5457,-1,,28.5255,77.5719
80.5000,127.5047,-52.6211,3.6639,-24.1144,INERTIAL,1.0000,0.5459,-1,,28.5255,77.5719
80.6000,127.8424,-52.7581,3.6460,-23.8589,INERTIAL,1.0000,0.5461,-1,,28.5255,77.5719
80.7000,128.1826,-52.8962,3.6702,-23.8823,INERTIAL,1.0000,0.5463,-1,,28.5255,77.5719
80.8000,128.5261,-53.0356,3.7041,-23.9959,INERTIAL,1.0000,0.5465,-1,,28.5255,77.5719
80.9000,128.8707,-53.1754,3.7178,-23.6306,INERTIAL,1.0000,0.5467,-1,,28.5255,77.5719
81.0000,129.2100,-53.3131,3.6659,-23.1779,INERTIAL,1.0000,0.5469,-1,,28.5255,77.5719
81.1000,129.5529,-53.4523,3.6984,-22.8248,INERTIAL,1.0000,0.5471,-1,,28.5255,77.5719
81.2000,129.8986,-53.5926,3.7283,-22.2913,INERTIAL,1.0000,0.5474,-1,,28.5255,77.5720
81.3000,130.2458,-53.7335,3.7452,-21.2227,INERTIAL,1.0000,0.5476,-1,,28.5255,77.5720
81.4000,130.5885,-53.8725,3.7020,-20.7172,INERTIAL,1.0000,0.5478,-1,,28.5255,77.5720
81.5000,130.9295,-54.0109,3.6815,-20.9138,INERTIAL,1.0000,0.5480,-1,,28.5255,77.5720
81.6000,131.2719,-54.1499,3.6944,-21.2792,INERTIAL,1.0000,0.5482,-1,,28.5255,77.5720
81.7000,131.6165,-54.2897,3.7169,-21.5657,INERTIAL,1.0000,0.5484,-1,,28.5255,77.5720
81.8000,131.9605,-54.4293,3.7130,-21.1705,INERTIAL,1.0000,0.5486,-1,,28.5255,77.5720
81.9000,132.3075,-54.5701,3.7420,-20.5184,INERTIAL,1.0000,0.5488,-1,,28.5255,77.5720
82.0000,132.6550,-54.7111,3.7497,-19.9163,INERTIAL,1.0000,0.5490,-1,,28.5255,77.5720
82.1000,133.0034,-54.8525,3.7594,-19.4465,INERTIAL,1.0000,0.5492,-1,,28.5255,77.5720
82.2000,133.3522,-54.9941,3.7642,-18.7748,INERTIAL,1.0000,0.5494,-1,,28.5255,77.5720
82.3000,133.7013,-55.1358,3.7676,-18.9817,INERTIAL,1.0000,0.5496,-1,,28.5255,77.5720
82.4000,134.0528,-55.2784,3.7911,-19.4631,INERTIAL,1.0000,0.5498,-1,,28.5255,77.5720
82.5000,134.4085,-55.4227,3.8352,-19.8200,INERTIAL,1.0000,0.5500,-1,,28.5255,77.5720
82.6000,134.7620,-55.5662,3.8163,-19.9146,INERTIAL,1.0000,0.5502,-1,,28.5255,77.5720
82.7000,135.1150,-55.7094,3.8099,-19.8966,INERTIAL,1.0000,0.5504,-1,,28.5255,77.5720
82.8000,135.4686,-55.8529,3.8155,-20.4886,INERTIAL,1.0000,0.5506,-1,,28.5255,77.5720
82.9000,135.8279,-55.9987,3.8731,-21.6894,INERTIAL,1.0000,0.5508,-1,,28.5255,77.5720
83.0000,136.1849,-56.1436,3.8547,-22.1350,INERTIAL,1.0000,0.5510,-1,,28.5254,77.5720
83.1000,136.5394,-56.2875,3.8278,-21.7694,INERTIAL,1.0000,0.5512,-1,,28.5254,77.5720
83.2000,136.8958,-56.4321,3.8451,-21.8577,INERTIAL,1.0000,0.5515,-1,,28.5254,77.5720
83.3000,137.2532,-56.5772,3.8564,-22.3863,INERTIAL,1.0000,0.5517,-1,,28.5254,77.5720
83.4000,137.6115,-56.7225,3.8659,-22.5594,INERTIAL,1.0000,0.5519,-1,,28.5254,77.5720
83.5000,137.9691,-56.8677,3.8596,-22.5130,INERTIAL,1.0000,0.5521,-1,,28.5254,77.5720
83.6000,138.3266,-57.0127,3.8577,-23.1056,INERTIAL,1.0000,0.5523,-1,,28.5254,77.5720
83.7000,138.6845,-57.1580,3.8629,-23.8097,INERTIAL,1.0000,0.5525,-1,,28.5254,77.5720
83.8000,139.0409,-57.3026,3.8467,-24.2034,INERTIAL,1.0000,0.5527,-1,,28.5254,77.5720
83.9000,139.3976,-57.4474,3.8501,-24.3044,INERTIAL,1.0000,0.5529,-1,,28.5254,77.5720
84.0000,139.7568,-57.5931,3.8743,-24.9494,INERTIAL,1.0000,0.5531,-1,,28.5254,77.5721
84.1000,140.1158,-57.7388,3.8737,-25.8185,INERTIAL,1.0000,0.5533,-1,,28.5254,77.5721
84.2000,140.4777,-57.8857,3.9041,-25.2526,INERTIAL,1.0000,0.5535,-1,,28.5254,77.5721
84.3000,140.8382,-58.0320,3.8911,-23.7095,INERTIAL,1.0000,0.5537,-1,,28.5254,77.5721
84.4000,141.1993,-58.1785,3.8970,-22.5551,INERTIAL,1.0000,0.5539,-1,,28.5254,77.5721
84.5000,141.5640,-58.3265,3.9323,-21.3845,INERTIAL,1.0000,0.5541,-1,,28.5254,77.5721
84.6000,141.9268,-58.4737,3.9166,-20.6199,INERTIAL,1.0000,0.5543,-1,,28.5254,77.5721
84.7000,142.2952,-58.6232,3.9714,-21.0081,INERTIAL,1.0000,0.5545,-1,,28.5254,77.5721
84.8000,142.6658,-58.7736,3.9980,-22.8027,INERTIAL,1.0000,0.5547,-1,,28.5254,77.5721
84.9000,143.0337,-58.9229,3.9722,-24.3985,INERTIAL,1.0000,0.5549,-1,,28.5254,77.5721
85.0000,143.4019,-59.0723,3.9737,-24.8035,INERTIAL,1.0000,0.5551,-1,,28.5254,77.5721
85.1000,143.7715,-59.2223,3.9870,-25.7769,INERTIAL,1.0000,0.5553,-1,,28.5254,77.5721
85.2000,144.1431,-59.3731,4.0086,-27.2996,INERTIAL,1.0000,0.5555,-1,,28.5254,77.5721
85.3000,144.5121,-59.5229,3.9850,-27.3061,INERTIAL,1.0000,0.5557,-1,,28.5254,77.5721
85.4000,144.8820,-59.6730,3.9909,-25.4230,INERTIAL,1.0000,0.5559,-1,,28.5254,77.5721
85.5000,145.2561,-59.8248,4.0336,-23.9580,INERTIAL,1.0000,0.5561,-1,,28.5254,77.5721
85.6000,145.6299,-59.9765,4.0345,-23.3399,INERTIAL,1.0000,0.5563,-1,,28.5254,77.5721
85.7000,146.0046,-60.1285,4.0427,-23.2320,INERTIAL,1.0000,0.5565,-1,,28.5254,77.5721
85.8000,146.3831,-60.2821,4.0822,-23.5534,INERTIAL,1.0000,0.5567,-1,,28.5254,77.5721
85.9000,146.7619,-60.4358,4.0869,-23.4901,INERTIAL,1.0000,0.5569,-1,,28.5254,77.5721
86.0000,147.1400,-60.5893,4.0817,-23.3016,INERTIAL,1.0000,0.5571,-1,,28.5254,77.5721
86.1000,147.5161,-60.7419,4.0607,-22.9193,INERTIAL,1.0000,0.5573,-1,,28.5254,77.5721
86.2000,147.8921,-60.8945,4.0575,-23.1174,INERTIAL,1.0000,0.5575,-1,,28.5254,77.5721
86.3000,148.2705,-61.0481,4.0823,-23.5822,INERTIAL,1.0000,0.5577,-1,,28.5254,77.5721
86.4000,148.6510,-61.2025,4.1038,-23.6225,INERTIAL,1.0000,0.5579,-1,,28.5254,77.5721
86.5000,149.0311,-61.3567,4.1029,-23.8506,INERTIAL,1.0000,0.5581,-1,,28.5254,77.5721
86.6000,149.4118,-61.5112,4.1074,-23.8020,INERTIAL,1.0000,0.5583,-1,,28.5254,77.5722
86.7000,149.7987,-61.6682,4.1704,-24.8641,INERTIAL,1.0000,0.5585,-1,,28.5254,77.5722
86.8000,150.1853,-61.8251,4.1724,-26.2047,INERTIAL,1.0000,0.5587,-1,,28.5254,77.5722
86.9000,150.5705,-61.9814,4.1585,-26.5677,INERTIAL,1.0000,0.5589,-1,,28.5254,77.5722
87.0000,150.9569,-62.1382,4.1688,-26.0679,INERTIAL,1.0000,0.5591,-1,,28.5254,77.5722
87.1000,151.3381,-62.2929,4.1185,-25.5029,INERTIAL,1.0000,0.5594,-1,,28.5254,77.5722
87.2000,151.7207,-62.4482,4.1281,-25.6243,INERTIAL,1.0000,0.5596,-1,,28.5254,77.5722
87.3000,152.1019,-62.6029,4.1142,-25.8781,INERTIAL,1.0000,0.5598,-1,,28.5254,77.5722
87.4000,152.4899,-62.7603,4.1824,-25.6857,INERTIAL,1.0000,0.5600,-1,,28.5254,77.5722
87.5000,152.8774,-62.9176,4.1816,-26.3739,INERTIAL,1.0000,0.5602,-1,,28.5254,77.5722
87.6000,153.2662,-63.0754,4.1953,-27.2975,INERTIAL,1.0000,0.5604,-1,,28.5254,77.5722
87.7000,153.6521,-63.2319,4.1666,-27.4323,INERTIAL,1.0000,0.5606,-1,,28.5254,77.5722
87.8000,154.0407,-63.3896,4.1915,-27.1597,INERTIAL,1.0000,0.5608,-1,,28.5254,77.5722
87.9000,154.4230,-63.5448,4.1310,-27.5121,INERTIAL,1.0000,0.5610,-1,,28.5254,77.5722
88.0000,154.8067,-63.7005,4.1403,-27.3680,INERTIAL,1.0000,0.5612,-1,,28.5254,77.5722
88.1000,155.1928,-63.8572,4.1649,-27.0748,INERTIAL,1.0000,0.5614,-1,,28.5254,77.5722
88.2000,155.5839,-64.0159,4.2162,-26.6442,INERTIAL,1.0000,0.5616,-1,,28.5254,77.5722
88.3000,155.9722,-64.1735,4.1923,-26.6301,INERTIAL,1.0000,0.5618,-1,,28.5254,77.5722
88.4000,156.3628,-64.3320,4.2136,-26.8470,INERTIAL,1.0000,0.5620,-1,,28.5254,77.5722
88.5000,156.7510,-64.4895,4.1915,-26.8436,INERTIAL,1.0000,0.5622,-1,,28.5254,77.5722
88.6000,157.1446,-64.6492,4.2437,-27.4938,INERTIAL,1.0000,0.5624,-1,,28.5254,77.5722
88.7000,157.5311,-64.8061,4.1770,-28.2447,INERTIAL,1.0000,0.5626,-1,,28.5254,77.5722
88.8000,157.9180,-64.9631,4.1754,-27.7816,INERTIAL,1.0000,0.5628,-1,,28.5254,77.5722
88.9000,158.3039,-65.1197,4.1656,-26.1734,INERTIAL,1.0000,0.5630,-1,,28.5254,77.5722
89.0000,158.6904,-65.2766,4.1706,-25.3619,INERTIAL,1.0000,0.5632,-1,,28.5254,77.5722
89.1000,159.0674,-65.4295,4.0761,-24.9692,INERTIAL,1.0000,0.5634,-1,,28.5254,77.5723
89.2000,159.4476,-65.5838,4.1010,-24.7698,INERTIAL,1.0000,0.5636,-1,,28.5254,77.5723
89.3000,159.8229,-65.7361,4.0540,-24.7395,INERTIAL,1.0000,0.5638,-1,,28.5254,77.5723
89.4000,160.1993,-65.8888,4.0611,-24.2711,INERTIAL,1.0000,0.5640,-1,,28.5254,77.5723
89.5000,160.5729,-66.0405,4.0347,-24.6472,INERTIAL,1.0000,0.5642,-1,,28.5254,77.5723
89.6000,160.9482,-66.1928,4.0488,-25.8298,INERTIAL,1.0000,0.5644,-1,,28.5254,77.5723
89.7000,161.3247,-66.3456,4.0629,-26.8326,INERTIAL,1.0000,0.5646,-1,,28.5254,77.5723
89.8000,161.7014,-66.4984,4.0646,-26.7732,INERTIAL,1.0000,0.5648,-1,,28.5254,77.5723
89.9000,162.0727,-66.6491,4.0120,-26.2065,INERTIAL,1.0000,0.5650,-1,,28.5254,77.5723
90.0000,162.4473,-66.8011,4.0396,-25.9310,INERTIAL,1.0000,0.5652,-1,,28.5254,77.5723
90.1000,162.8232,-66.9537,4.0563,-25.1929,INERTIAL,1.0000,0.5654,-1,,28.5254,77.5723
90.2000,163.1991,-67.1062,4.0562,-25.0900,INERTIAL,1.0000,0.5656,-1,,28.5254,77.5723
90.3000,163.5756,-67.2590,4.0624,-24.4635,INERTIAL,1.0000,0.5658,-1,,28.5253,77.5723
90.4000,163.9498,-67.4109,4.0410,-23.4327,INERTIAL,1.0000,0.5660,-1,,28.5253,77.5723
90.5000,164.3292,-67.5648,4.0895,-21.8764,INERTIAL,1.0000,0.5662,-1,,28.5253,77.5723
90.6000,164.7115,-67.7200,4.1234,-20.9171,INERTIAL,1.0000,0.5664,-1,,28.5253,77.5723
90.7000,165.0908,-67.8739,4.0953,-20.4886,INERTIAL,1.0000,0.5666,-1,,28.5253,77.5723
90.8000,165.4722,-68.0286,4.1146,-19.6213,INERTIAL,1.0000,0.5668,-1,,28.5253,77.5723
90.9000,165.8539,-68.1836,4.1199,-18.1239,INERTIAL,1.0000,0.5670,-1,,28.5253,77.5723
91.0000,166.2381,-68.3394,4.1433,-17.0608,INERTIAL,1.0000,0.5672,-1,,28.5253,77.5723
91.1000,166.6293,-68.4982,4.2166,-17.1077,INERTIAL,1.0000,0.5673,-1,,28.5253,77.5723
91.2000,167.0207,-68.6571,4.2235,-17.9886,INERTIAL,1.0000,0.5675,-1,,28.5253,77.5723
91.3000,167.4152,-68.8171,4.2545,-18.9181,INERTIAL,1.0000,0.5677,-1,,28.5253,77.5723
91.4000,167.8155,-68.9796,4.3151,-19.3986,INERTIAL,1.0000,0.5679,-1,,28.5253,77.5723
91.5000,168.2175,-69.1427,4.3373,-20.0189,INERTIAL,1.0000,0.5681,-1,,28.5253,77.5723
91.6000,168.6212,-69.3065,4.3546,-20.7389,INERTIAL,1.0000,0.5683,-1,,28.5253,77.5723
91.7000,169.0240,-69.4700,4.3480,-22.3386,INERTIAL,1.0000,0.5685,-1,,28.5253,77.5724
91.8000,169.4266,-69.6334,4.3453,-23.3377,INERTIAL,1.0000,0.5687,-1,,28.5253,77.5724
91.9000,169.8277,-69.7962,4.3294,-23.1155,INERTIAL,1.0000,0.5689,-1,,28.5253,77.5724
92.0000,170.2289,-69.9590,4.3302,-21.9724,INERTIAL,1.0000,0.5691,-1,,28.5253,77.5724
92.1000,170.6242,-70.1194,4.2701,-21.2324,INERTIAL,1.0000,0.5693,-1,,28.5253,77.5724
92.2000,171.0180,-70.2792,4.2514,-19.7817,INERTIAL,1.0000,0.5695,-1,,28.5253,77.5724
92.3000,171.4108,-70.4386,4.2406,-17.8012,INERTIAL,1.0000,0.5697,-1,,28.5253,77.5724
92.4000,171.8073,-70.5995,4.2759,-16.7413,INERTIAL,1.0000,0.5699,-1,,28.5253,77.5724
92.5000,172.2040,-70.7605,4.2813,-17.0488,INERTIAL,1.0000,0.5701,-1,,28.5253,77.5724
92.6000,172.6039,-70.9228,4.3125,-16.9267,INERTIAL,1.0000,0.5703,-1,,28.5253,77.5724
92.7000,172.9997,-71.0834,4.2747,-16.5038,INERTIAL,1.0000,0.5705,-1,,28.5253,77.5724
92.8000,173.3965,-71.2444,4.2819,-16.8634,INERTIAL,1.0000,0.5707,-1,,28.5253,77.5724
92.9000,173.7936,-71.4056,4.2856,-17.5833,INERTIAL,1.0000,0.5709,-1,,28.5253,77.5724
93.0000,174.1908,-71.5667,4.2857,-18.4478,INERTIAL,1.0000,0.5711,-1,,28.5253,77.5724
93.1000,174.5787,-71.7242,4.1945,-19.7201,INERTIAL,1.0000,0.5713,-1,,28.5253,77.5724
93.2000,174.9697,-71.8828,4.2179,-21.4015,INERTIAL,1.0000,0.5715,-1,,28.5253,77.5724
93.3000,175.3610,-72.0416,4.2219,-22.7077,INERTIAL,1.0000,0.5717,-1,,28.5253,77.5724
93.4000,175.7517,-72.2002,4.2174,-23.0878,INERTIAL,1.0000,0.5719,-1,,28.5253,77.5724
93.5000,176.1372,-72.3566,4.1641,-22.7693,INERTIAL,1.0000,0.5721,-1,,28.5253,77.5724
93.6000,176.5202,-72.5120,4.1359,-21.7105,INERTIAL,1.0000,0.5723,-1,,28.5253,77.5724
93.7000,176.8995,-72.6659,4.0961,-20.1987,INERTIAL,1.0000,0.5725,-1,,28.5253,77.5724
93.8000,177.2772,-72.8192,4.0776,-19.2656,INERTIAL,1.0000,0.5727,-1,,28.5253,77.5724
93.9000,177.6495,-72.9703,4.0224,-18.8488,INERTIAL,1.0000,0.5729,-1,,28.5253,77.5724
94.0000,178.0266,-73.1234,4.0667,-18.9378,INERTIAL,1.0000,0.5731,-1,,28.5253,77.5724
94.1000,178.3996,-73.2747,4.0287,-19.5126,INERTIAL,1.0000,0.5733,-1,,28.5253,77.5724
94.2000,178.7730,-73.4262,4.0291,-19.8392,INERTIAL,1.0000,0.5735,-1,,28.5253,77.5725
94.3000,179.1468,-73.5780,4.0343,-20.3312,INERTIAL,1.0000,0.5737,-1,,28.5253,77.5725
94.4000,179.5252,-73.7315,4.0793,-22.1200,INERTIAL,1.0000,0.5739,-1,,28.5253,77.5725
94.5000,179.9058,-73.8859,4.1052,-22.8770,INERTIAL,1.0000,0.5741,-1,,28.5253,77.5725
94.6000,180.2847,-74.0397,4.0906,-22.7227,INERTIAL,1.0000,0.5742,-1,,28.5253,77.5725
94.7000,180.6638,-74.1936,4.0915,-22.7242,INERTIAL,1.0000,0.5744,-1,,28.5253,77.5725
94.8000,181.0421,-74.3470,4.0828,-22.4192,INERTIAL,1.0000,0.5746,-1,,28.5253,77.5725
94.9000,181.4166,-74.4990,4.0449,-21.3643,INERTIAL,1.0000,0.5748,-1,,28.5253,77.5725
95.0000,181.7864,-74.6491,3.9950,-18.9463,INERTIAL,1.0000,0.5750,-1,,28.5253,77.5725
95.1000,182.1552,-74.7988,3.9816,-16.5944,INERTIAL,1.0000,0.5752,-1,,28.5253,77.5725
95.2000,182.5224,-74.9478,3.9645,-15.8738,INERTIAL,1.0000,0.5754,-1,,28.5253,77.5725
95.3000,182.8882,-75.0962,3.9487,-16.0086,INERTIAL,1.0000,0.5756,-1,,28.5253,77.5725
95.4000,183.2554,-75.2452,3.9613,-16.6158,INERTIAL,1.0000,0.5758,-1,,28.5253,77.5725
95.5000,183.6215,-75.3938,3.9525,-18.0120,INERTIAL,1.0000,0.5760,-1,,28.5253,77.5725
95.6000,183.9850,-75.5413,3.9246,-20.3798,INERTIAL,1.0000,0.5762,-1,,28.5253,77.5725
95.7000,184.3489,-75.6890,3.9271,-22.6375,INERTIAL,1.0000,0.5764,-1,,28.5253,77.5725
95.8000,184.7161,-75.8380,3.9598,-23.8667,INERTIAL,1.0000,0.5766,-1,,28.5253,77.5725
95.9000,185.0814,-75.9862,3.9438,-24.5783,INERTIAL,1.0000,0.5768,-1,,28.5253,77.5725
96.0000,185.4446,-76.1336,3.9215,-25.4605,INERTIAL,1.0000,0.5770,-1,,28.5253,77.5725
96.1000,185.8076,-76.2809,3.9180,-25.9574,INERTIAL,1.0000,0.5772,-1,,28.5253,77.5725
96.2000,186.1724,-76.4290,3.9355,-25.8828,INERTIAL,1.0000,0.5774,-1,,28.5253,77.5725
96.3000,186.5365,-76.5767,3.9297,-24.6098,INERTIAL,1.0000,0.5776,-1,,28.5253,77.5725
96.4000,186.8976,-76.7233,3.8997,-23.7517,INERTIAL,1.0000,0.5778,-1,,28.5253,77.5725
96.5000,187.2559,-76.8687,3.8688,-24.6742,INERTIAL,1.0000,0.5780,-1,,28.5253,77.5725
96.6000,187.6158,-77.0147,3.8828,-25.8684,INERTIAL,1.0000,0.5782,-1,,28.5253,77.5725
96.7000,187.9731,-77.1597,3.8588,-26.8517,INERTIAL,1.0000,0.5783,-1,,28.5253,77.5725
96.8000,188.3296,-77.3044,3.8483,-28.0836,INERTIAL,1.0000,0.5785,-1,,28.5253,77.5726
96.9000,188.6842,-77.4483,3.8280,-29.3358,INERTIAL,1.0000,0.5787,-1,,28.5253,77.5726
97.0000,189.0379,-77.5918,3.8179,-30.1529,INERTIAL,1.0000,0.5789,-1,,28.5253,77.5726
97.1000,189.3892,-77.7344,3.7929,-30.5765,INERTIAL,1.0000,0.5791,-1,,28.5253,77.5726
97.2000,189.7413,-77.8773,3.7997,-30.6491,INERTIAL,1.0000,0.5793,-1,,28.5253,77.5726
97.3000,190.0933,-78.0201,3.7993,-29.3540,INERTIAL,1.0000,0.5795,-1,,28.5253,77.5726
97.4000,190.4484,-78.1642,3.8292,-27.4341,INERTIAL,1.0000,0.5797,-1,,28.5253,77.5726
97.5000,190.7991,-78.3065,3.7879,-25.6337,INERTIAL,1.0000,0.5799,-1,,28.5253,77.5726
97.6000,191.1509,-78.4493,3.7963,-24.4464,INERTIAL,1.0000,0.5801,-1,,28.5252,77.5726
97.7000,191.5022,-78.5919,3.7914,-22.9886,INERTIAL,1.0000,0.5803,-1,,28.5252,77.5726
97.8000,191.8541,-78.7347,3.7979,-21.5643,INERTIAL,1.0000,0.5805,-1,,28.5252,77.5726
97.9000,192.2043,-78.8768,3.7809,-20.2658,INERTIAL,1.0000,0.5807,-1,,28.5252,77.5726
98.0000,192.5525,-79.0181,3.7588,-19.5338,INERTIAL,1.0000,0.5809,-1,,28.5252,77.5726
98.1000,192.9021,-79.1600,3.7723,-19.6958,INERTIAL,1.0000,0.5811,-1,,28.5252,77.5726
98.2000,193.2515,-79.3017,3.7706,-19.3391,INERTIAL,1.0000,0.5813,-1,,28.5252,77.5726
98.3000,193.6032,-79.4445,3.7936,-19.1531,INERTIAL,1.0000,0.5815,-1,,28.5252,77.5726
98.4000,193.9546,-79.5871,3.7931,-19.0648,INERTIAL,1.0000,0.5816,-1,,28.5252,77.5726
98.5000,194.3089,-79.7309,3.8213,-17.8691,INERTIAL,1.0000,0.5818,-1,,28.5252,77.5726
98.6000,194.6622,-79.8742,3.8135,-17.1078,INERTIAL,1.0000,0.5820,-1,,28.5252,77.5726
98.7000,195.0162,-80.0179,3.8193,-17.8584,INERTIAL,1.0000,0.5822,-1,,28.5252,77.5726
98.8000,195.3713,-80.1620,3.8309,-19.6887,INERTIAL,1.0000,0.5824,-1,,28.5252,77.5726
98.9000,195.7268,-80.3062,3.8365,-20.2720,INERTIAL,1.0000,0.5826,-1,,28.5252,77.5726
99.0000,196.0816,-80.4476,3.8061,-19.7382,INERTIAL,1.0000,0.5828,-1,,28.5252,77.5726
99.1000,196.4356,-80.5885,3.8100,-19.7235,INERTIAL,1.0000,0.5830,-1,,28.5252,77.5726
99.2000,196.7884,-80.7291,3.7991,-20.6736,INERTIAL,1.0000,0.5832,-1,,28.5252,77.5726
99.3000,197.1456,-80.8713,3.8410,-21.6536,INERTIAL,1.0000,0.5834,-1,,28.5252,77.5726
99.4000,197.5047,-81.0144,3.8641,-21.0717,INERTIAL,1.0000,0.5836,-1,,28.5252,77.5726
99.5000,197.8691,-81.1595,3.9171,-19.5939,INERTIAL,1.0000,0.5838,-1,,28.5252,77.5726
99.6000,198.2301,-81.3033,3.8886,-17.8639,INERTIAL,1.0000,0.5840,-1,,28.5252,77.5727
99.7000,198.5910,-81.4470,3.8848,-15.7138,INERTIAL,1.0000,0.5842,-1,,28.5252,77.5727
99.8000,198.9493,-81.5897,3.8595,-14.9136,INERTIAL,1.0000,0.5843,-1,,28.5252,77.5727
99.9000,199.3061,-81.7318,3.8414,-16.3242,INERTIAL,1.0000,0.5845,-1,,28.5252,77.5727
100.0000,199.6620,-81.8736,3.8319,-18.7105,INERTIAL,1.0000,0.5847,-1,,28.5252,77.5727
100.1000,200.0145,-82.0140,3.7974,-19.8429,INERTIAL,1.0000,0.5849,-1,,28.5252,77.5727
100.2000,200.3664,-82.1541,3.7877,-19.7293,INERTIAL,1.0000,0.5851,-1,,28.5252,77.5727
100.3000,200.7195,-82.2947,3.7998,-20.1148,INERTIAL,1.0000,0.5853,-1,,28.5252,77.5727
100.4000,201.0655,-82.4325,3.7301,-21.4498,INERTIAL,1.0000,0.5855,-1,,28.5252,77.5727
100.5000,201.4140,-82.5713,3.7503,-23.1410,INERTIAL,1.0000,0.5857,-1,,28.5252,77.5727
100.6000,201.7577,-82.7082,3.7026,-24.5408,INERTIAL,1.0000,0.5859,-1,,28.5252,77.5727
100.7000,202.1014,-82.8451,3.7006,-25.2327,INERTIAL,1.0000,0.5861,-1,,28.5252,77.5727
100.8000,202.4452,-82.9821,3.7017,-25.2439,INERTIAL,1.0000,0.5863,-1,,28.5252,77.5727
100.9000,202.7895,-83.1194,3.7062,-25.1857,INERTIAL,1.0000,0.5865,-1,,28.5252,77.5727
101.0000,203.1321,-83.2560,3.6897,-24.5748,INERTIAL,1.0000,0.5867,-1,,28.5252,77.5727
101.1000,203.4750,-83.3927,3.6909,-23.6867,INERTIAL,1.0000,0.5868,-1,,28.5252,77.5727
101.2000,203.8125,-83.5273,3.6378,-23.0790,INERTIAL,1.0000,0.5870,-1,,28.5252,77.5727
101.3000,204.1500,-83.6618,3.6334,-22.7245,INERTIAL,1.0000,0.5872,-1,,28.5252,77.5727
101.4000,204.4865,-83.7960,3.6238,-22.1281,INERTIAL,1.0000,0.5874,-1,,28.5252,77.5727
101.5000,204.8230,-83.9301,3.6224,-21.2188,INERTIAL,1.0000,0.5876,-1,,28.5252,77.5727
101.6000,205.1594,-84.0642,3.6215,-20.4966,INERTIAL,1.0000,0.5878,-1,,28.5252,77.5727
101.7000,205.4930,-84.1972,3.5931,-21.1308,INERTIAL,1.0000,0.5880,-1,,28.5252,77.5727
101.8000,205.8267,-84.3303,3.5934,-23.2297,INERTIAL,1.0000,0.5882,-1,,28.5252,77.5727
101.9000,206.1581,-84.4624,3.5692,-25.3527,INERTIAL,1.0000,0.5884,-1,,28.5252,77.5727
102.0000,206.4872,-84.5936,3.5446,-25.8215,INERTIAL,1.0000,0.5886,-1,,28.5252,77.5727
102.1000,206.8195,-84.7261,3.5756,-25.3420,INERTIAL,1.0000,0.5888,-1,,28.5252,77.5727
102.2000,207.1481,-84.8571,3.5403,-24.4750,INERTIAL,1.0000,0.5889,-1,,28.5252,77.5727
102.3000,207.4750,-84.9874,3.5202,-23.9637,INERTIAL,1.0000,0.5891,-1,,28.5252,77.5727
102.4000,207.8028,-85.1181,3.5281,-23.5883,INERTIAL,1.0000,0.5893,-1,,28.5252,77.5727
102.5000,208.1314,-85.2491,3.5373,-23.5944,INERTIAL,1.0000,0.5895,-1,,28.5252,77.5728
102.6000,208.4580,-85.3793,3.5180,-24.2930,INERTIAL,1.0000,0.5897,-1,,28.5252,77.5728
102.7000,208.7872,-85.5106,3.5416,-25.0930,INERTIAL,1.0000,0.5899,-1,,28.5252,77.5728
102.8000,209.1180,-85.6424,3.5593,-25.6377,INERTIAL,1.0000,0.5901,-1,,28.5252,77.5728
102.9000,209.4455,-85.7730,3.5289,-25.4427,INERTIAL,1.0000,0.5903,-1,,28.5252,77.5728
103.0000,209.7700,-85.9024,3.4955,-24.9420,INERTIAL,1.0000,0.5905,-1,,28.5252,77.5728
103.1000,210.0935,-86.0314,3.4842,-25.3068,INERTIAL,1.0000,0.5907,-1,,28.5252,77.5728
103.2000,210.4195,-86.1614,3.5075,-25.4334,INERTIAL,1.0000,0.5909,-1,,28.5252,77.5728
103.3000,210.7455,-86.2913,3.5088,-25.2094,INERTIAL,1.0000,0.5910,-1,,28.5252,77.5728
103.4000,211.0680,-86.4199,3.4747,-25.2863,INERTIAL,1.0000,0.5912,-1,,28.5252,77.5728
103.5000,211.3927,-86.5493,3.4943,-24.8327,INERTIAL,1.0000,0.5914,-1,,28.5252,77.5728
103.6000,211.7173,-86.6787,3.4942,-23.9358,INERTIAL,1.0000,0.5916,-1,,28.5252,77.5728
103.7000,212.0415,-86.8080,3.4906,-23.3016,INERTIAL,1.0000,0.5918,-1,,28.5252,77.5728
103.8000,212.3646,-86.9368,3.4797,-22.2257,INERTIAL,1.0000,0.5920,-1,,28.5252,77.5728
103.9000,212.6878,-87.0657,3.4792,-20.3898,INERTIAL,1.0000,0.5922,-1,,28.5252,77.5728
104.0000,213.0112,-87.1946,3.4812,-19.2197,INERTIAL,1.0000,0.5924,-1,,28.5252,77.5728
104.1000,213.3306,-87.3219,3.4412,-19.9546,INERTIAL,1.0000,0.5926,-1,,28.5252,77.5728
104.2000,213.6495,-87.4491,3.4338,-21.5329,INERTIAL,1.0000,0.5928,-1,,28.5252,77.5728
104.3000,213.9723,-87.5778,3.4720,-22.4502,INERTIAL,1.0000,0.5929,-1,,28.5252,77.5728
104.4000,214.2934,-87.7058,3.4583,-22.4920,INERTIAL,1.0000,0.5931,-1,,28.5252,77.5728
104.5000,214.6121,-87.8329,3.4334,-23.0038,INERTIAL,1.0000,0.5933,-1,,28.5252,77.5728
104.6000,214.9338,-87.9611,3.4603,-23.8924,INERTIAL,1.0000,0.5935,-1,,28.5252,77.5728
104.7000,215.2593,-88.0909,3.5009,-24.0702,INERTIAL,1.0000,0.5937,-1,,28.5252,77.5728
104.8000,215.5864,-88.2213,3.5198,-23.6333,INERTIAL,1.0000,0.5939,-1,,28.5252,77.5728
104.9000,215.9122,-88.3512,3.5085,-23.2023,INERTIAL,1.0000,0.5941,-1,,28.5252,77.5728
105.0000,216.2361,-88.4803,3.4882,-22.5328,INERTIAL,1.0000,0.5943,-1,,28.5252,77.5728
105.1000,216.5607,-88.6097,3.4940,-21.9923,INERTIAL,1.0000,0.5945,-1,,28.5252,77.5728
105.2000,216.8823,-88.7380,3.4650,-21.2742,INERTIAL,1.0000,0.5947,-1,,28.5252,77.5728
105.3000,217.2051,-88.8666,3.4739,-20.4046,INERTIAL,1.0000,0.5948,-1,,28.5252,77.5728
105.4000,217.5284,-88.9955,3.4801,-20.3132,INERTIAL,1.0000,0.5950,-1,,28.5252,77.5728
105.5000,217.8529,-89.1249,3.4928,-19.6948,INERTIAL,1.0000,0.5952,-1,,28.5252,77.5729
105.6000,218.1762,-89.2538,3.4815,-17.9365,INERTIAL,1.0000,0.5954,-1,,28.5252,77.5729
105.7000,218.4964,-89.3815,3.4496,-16.3169,INERTIAL,1.0000,0.5956,-1,,28.5252,77.5729
105.8000,218.8176,-89.5095,3.4568,-16.0511,INERTIAL,1.0000,0.5958,-1,,28.5251,77.5729
105.9000,219.1411,-89.6385,3.4806,-17.4716,INERTIAL,1.0000,0.5960,-1,,28.5251,77.5729
106.0000,219.4664,-89.7682,3.5004,-19.7831,INERTIAL,1.0000,0.5962,-1,,28.5251,77.5729
106.1000,219.7891,-89.8968,3.4764,-21.2235,INERTIAL,1.0000,0.5964,-1,,28.5251,77.5729
106.2000,220.1118,-90.0255,3.4743,-21.5065,INERTIAL,1.0000,0.5965,-1,,28.5251,77.5729
106.3000,220.4316,-90.1530,3.4447,-21.4813,INERTIAL,1.0000,0.5967,-1,,28.5251,77.5729
106.4000,220.7495,-90.2798,3.4246,-21.5036,INERTIAL,1.0000,0.5969,-1,,28.5251,77.5729
106.5000,221.0641,-90.4051,3.3888,-21.3832,INERTIAL,1.0000,0.5971,-1,,28.5251,77.5729
106.6000,221.3810,-90.5315,3.4098,-22.1015,INERTIAL,1.0000,0.5973,-1,,28.5251,77.5729
106.7000,221.6961,-90.6571,3.3935,-23.0588,INERTIAL,1.0000,0.5975,-1,,28.5251,77.5729
106.8000,222.0119,-90.7830,3.3994,-23.6141,INERTIAL,1.0000,0.5977,-1,,28.5251,77.5729
106.9000,222.3250,-90.9078,3.3726,-23.5130,INERTIAL,1.0000,0.5979,-1,,28.5251,77.5729
107.0000,222.6442,-91.0351,3.4320,-23.8206,INERTIAL,1.0000,0.5980,-1,,28.5251,77.5729
107.1000,222.9609,-91.1614,3.4110,-25.3300,INERTIAL,1.0000,0.5982,-1,,28.5251,77.5729
107.2000,223.2784,-91.2879,3.4173,-25.7243,INERTIAL,1.0000,0.5984,-1,,28.5251,77.5729
107.3000,223.5900,-91.4122,3.3593,-24.2037,INERTIAL,1.0000,0.5986,-1,,28.5251,77.5729
107.4000,223.9029,-91.5369,3.3678,-21.4184,INERTIAL,1.0000,0.5988,-1,,28.5251,77.5729
107.5000,224.2159,-91.6617,3.3693,-18.4302,INERTIAL,1.0000,0.5990,-1,,28.5251,77.5729
107.6000,224.5327,-91.7880,3.4079,-16.9110,INERTIAL,1.0000,0.5992,-1,,28.5251,77.5729
107.7000,224.8471,-91.9134,3.3863,-16.9072,INERTIAL,1.0000,0.5994,-1,,28.5251,77.5729
107.8000,225.1618,-92.0388,3.3876,-17.6708,INERTIAL,1.0000,0.5996,-1,,28.5251,77.5729
107.9000,225.4735,-92.1631,3.3586,-17.8819,INERTIAL,1.0000,0.5997,-1,,28.5251,77.5729
108.0000,225.7860,-92.2877,3.3633,-18.3124,INERTIAL,1.0000,0.5999,-1,,28.5251,77.5729
108.1000,226.0903,-92.4090,3.2821,-19.1627,INERTIAL,1.0000,0.6001,-1,,28.5251,77.5729
108.2000,226.3955,-92.5307,3.2858,-19.5999,INERTIAL,1.0000,0.6003,-1,,28.5251,77.5729
108.3000,226.7006,-92.6523,3.2848,-19.9098,INERTIAL,1.0000,0.6005,-1,,28.5251,77.5729
108.4000,227.0054,-92.7739,3.2813,-20.9696,INERTIAL,1.0000,0.6007,-1,,28.5251,77.5729
108.5000,227.3070,-92.8941,3.2498,-21.7714,INERTIAL,1.0000,0.6009,-1,,28.5251,77.5729
108.6000,227.6113,-93.0154,3.2735,-22.7028,INERTIAL,1.0000,0.6010,-1,,28.5251,77.5730
108.7000,227.9185,-93.1379,3.3053,-23.2939,INERTIAL,1.0000,0.6012,-1,,28.5251,77.5730
108.8000,228.2317,-93.2628,3.3667,-23.1374,INERTIAL,1.0000,0.6014,-1,,28.5251,77.5730
108.9000,228.5433,-93.3870,3.3553,-22.0856,INERTIAL,1.0000,0.6016,-1,,28.5251,77.5730
109.0000,228.8514,-93.5098,3.3193,-21.2615,INERTIAL,1.0000,0.6018,-1,,28.5251,77.5730
109.1000,229.1607,-93.6331,3.3292,-20.6515,INERTIAL,1.0000,0.6020,-1,,28.5251,77.5730
109.2000,229.4686,-93.7559,3.3157,-20.1626,INERTIAL,1.0000,0.6022,-1,,28.5251,77.5730
109.3000,229.7731,-93.8773,3.2811,-20.3133,INERTIAL,1.0000,0.6024,-1,,28.5251,77.5730
109.4000,230.0758,-93.9980,3.2607,-20.5753,INERTIAL,1.0000,0.6025,-1,,28.5251,77.5730
109.5000,230.3823,-94.1202,3.2963,-20.6345,INERTIAL,1.0000,0.6027,-1,,28.5251,77.5730
109.6000,230.6871,-94.2417,3.2820,-20.6215,INERTIAL,1.0000,0.6029,-1,,28.5251,77.5730
109.7000,230.9948,-94.3644,3.3109,-19.8855,INERTIAL,1.0000,0.6031,-1,,28.5251,77.5730
109.8000,231.2949,-94.4840,3.2362,-18.8266,INERTIAL,1.0000,0.6033,-1,,28.5251,77.5730
109.9000,231.5935,-94.6030,3.2167,-18.3173,INERTIAL,1.0000,0.6035,-1,,28.5251,77.5730
110.0000,231.8891,-94.7209,3.1854,-19.5462,INERTIAL,1.0000,0.6037,-1,,28.5251,77.5730
110.1000,232.1867,-94.8395,3.2022,-22.1171,INERTIAL,1.0000,0.6039,-1,,28.5251,77.5730
110.2000,232.4784,-94.9558,3.1453,-24.7919,INERTIAL,1.0000,0.6041,-1,,28.5251,77.5730
110.3000,232.7726,-95.0731,3.1651,-26.3496,INERTIAL,1.0000,0.6042,-1,,28.5251,77.5730
110.4000,233.0663,-95.1902,3.1625,-26.0918,INERTIAL,1.0000,0.6044,-1,,28.5251,77.5730
110.5000,233.3615,-95.3079,3.1769,-25.1541,INERTIAL,1.0000,0.6046,-1,,28.5251,77.5730
110.6000,233.6529,-95.4241,3.1396,-24.9270,INERTIAL,1.0000,0.6048,-1,,28.5251,77.5730
110.7000,233.9474,-95.5415,3.1688,-25.5672,INERTIAL,1.0000,0.6050,-1,,28.5251,77.5730
110.8000,234.2365,-95.6568,3.1157,-26.7741,INERTIAL,1.0000,0.6052,-1,,28.5251,77.5730
110.9000,234.5238,-95.7713,3.0950,-28.4194,INERTIAL,1.0000,0.6054,-1,,28.5251,77.5730
111.0000,234.8109,-95.8858,3.0914,-29.6073,INERTIAL,1.0000,0.6055,-1,,28.5251,77.5730
111.1000,235.0979,-96.0002,3.0891,-29.7059,INERTIAL,1.0000,0.6057,-1,,28.5251,77.5730
111.2000,235.3843,-96.1144,3.0841,-28.5054,INERTIAL,1.0000,0.6059,-1,,28.5251,77.5730
111.3000,235.6718,-96.2290,3.0946,-26.7066,INERTIAL,1.0000,0.6061,-1,,28.5251,77.5730
111.4000,235.9592,-96.3436,3.0937,-25.6217,INERTIAL,1.0000,0.6063,-1,,28.5251,77.5730
111.5000,236.2450,-96.4575,3.0781,-25.0874,INERTIAL,1.0000,0.6065,-1,,28.5251,77.5730
111.6000,236.5280,-96.5704,3.0491,-25.1101,INERTIAL,1.0000,0.6067,-1,,28.5251,77.5730
111.7000,236.8074,-96.6817,3.0106,-25.8434,INERTIAL,1.0000,0.6068,-1,,28.5251,77.5730
111.8000,237.0917,-96.7951,3.0575,-26.1644,INERTIAL,1.0000,0.6070,-1,,28.5251,77.5730
111.9000,237.3770,-96.9088,3.0699,-25.7384,INERTIAL,1.0000,0.6072,-1,,28.5251,77.5731
112.0000,237.6632,-97.0229,3.0798,-24.9304,INERTIAL,1.0000,0.6074,-1,,28.5251,77.5731
112.1000,237.9488,-97.1368,3.0756,-24.2693,INERTIAL,1.0000,0.6076,-1,,28.5251,77.5731
112.2000,238.2387,-97.2524,3.1173,-23.3609,INERTIAL,1.0000,0.6078,-1,,28.5251,77.5731
112.3000,238.5306,-97.3688,3.1410,-22.6951,INERTIAL,1.0000,0.6080,-1,,28.5251,77.5731
112.4000,238.8226,-97.4852,3.1434,-22.8395,INERTIAL,1.0000,0.6081,-1,,28.5251,77.5731
112.5000,239.1097,-97.5996,3.0947,-23.4363,INERTIAL,1.0000,0.6083,-1,,28.5251,77.5731
112.6000,239.3997,-97.7152,3.1194,-23.5959,INERTIAL,1.0000,0.6085,-1,,28.5251,77.5731
112.7000,239.6929,-97.8322,3.1542,-22.1688,INERTIAL,1.0000,0.6087,-1,,28.5251,77.5731
112.8000,239.9922,-97.9515,3.2166,-20.3993,INERTIAL,1.0000,0.6089,-1,,28.5251,77.5731
112.9000,240.2874,-98.0691,3.1805,-20.1193,INERTIAL,1.0000,0.6091,-1,,28.5251,77.5731
113.0000,240.5874,-98.1887,3.2258,-20.7969,INERTIAL,1.0000,0.6092,-1,,28.5251,77.5731
113.1000,240.8866,-98.3080,3.2217,-22.0201,INERTIAL,1.0000,0.6094,-1,,28.5251,77.5731
113.2000,241.1882,-98.4283,3.2450,-22.1919,INERTIAL,1.0000,0.6096,-1,,28.5251,77.5731
113.3000,241.4857,-98.5469,3.2056,-21.4220,INERTIAL,1.0000,0.6098,-1,,28.5251,77.5731
113.4000,241.7849,-98.6662,3.2202,-20.9832,INERTIAL,1.0000,0.6100,-1,,28.5251,77.5731
113.5000,242.0833,-98.7851,3.2127,-21.4561,INERTIAL,1.0000,0.6102,-1,,28.5251,77.5731
113.6000,242.3855,-98.9056,3.2509,-21.7013,INERTIAL,1.0000,0.6104,-1,,28.5251,77.5731
113.7000,242.6853,-99.0252,3.2289,-22.8225,INERTIAL,1.0000,0.6105,-1,,28.5251,77.5731
113.8000,242.9844,-99.1444,3.2210,-24.7869,INERTIAL,1.0000,0.6107,-1,,28.5251,77.5731
113.9000,243.2844,-99.2640,3.2288,-26.1062,INERTIAL,1.0000,0.6109,-1,,28.5251,77.5731
114.0000,243.5852,-99.3839,3.2375,-25.9072,INERTIAL,1.0000,0.6111,-1,,28.5251,77.5731
114.1000,243.8834,-99.5028,3.2121,-24.7251,INERTIAL,1.0000,0.6113,-1,,28.5251,77.5731
114.2000,244.1863,-99.6236,3.2572,-22.6462,INERTIAL,1.0000,0.6115,-1,,28.5251,77.5731
114.3000,244.4871,-99.7435,3.2396,-20.7020,INERTIAL,1.0000,0.6116,-1,,28.5251,77.5731
114.4000,244.7882,-99.8635,3.2410,-20.0038,INERTIAL,1.0000,0.6118,-1,,28.5251,77.5731
114.5000,245.0879,-99.9831,3.2283,-19.9783,INERTIAL,1.0000,0.6120,-1,,28.5251,77.5731
114.6000,245.3883,-100.1028,3.2335,-20.6741,INERTIAL,1.0000,0.6122,-1,,28.5251,77.5731
114.7000,245.6901,-100.2231,3.2475,-21.2512,INERTIAL,1.0000,0.6124,-1,,28.5251,77.5731
114.8000,245.9901,-100.3427,3.2307,-21.2619,INERTIAL,1.0000,0.6126,-1,,28.5251,77.5731
114.9000,246.2870,-100.4611,3.1986,-21.7627,INERTIAL,1.0000,0.6127,-1,,28.5251,77.5731
115.0000,246.5873,-100.5808,3.2304,-21.3923,INERTIAL,1.0000,0.6129,-1,,28.5250,77.5731
115.1000,246.8860,-100.6999,3.2170,-20.1659,INERTIAL,1.0000,0.6131,-1,,28.5250,77.5731
115.2000,247.1821,-100.8180,3.1899,-19.2837,INERTIAL,1.0000,0.6133,-1,,28.5250,77.5732
115.3000,247.4800,-100.9367,3.2054,-18.9247,INERTIAL,1.0000,0.6135,-1,,28.5250,77.5732
115.4000,247.7749,-101.0543,3.1775,-19.7807,INERTIAL,1.0000,0.6137,-1,,28.5250,77.5732
115.5000,248.0720,-101.1728,3.1968,-20.8012,INERTIAL,1.0000,0.6138,-1,,28.5250,77.5732
115.6000,248.3693,-101.2913,3.2004,-20.6374,INERTIAL,1.0000,0.6140,-1,,28.5250,77.5732
115.7000,248.6651,-101.4092,3.1858,-20.0829,INERTIAL,1.0000,0.6142,-1,,28.5250,77.5732
115.8000,248.9594,-101.5265,3.1691,-19.0626,INERTIAL,1.0000,0.6144,-1,,28.5250,77.5732
115.9000,249.2539,-101.6439,3.1700,-18.5274,INERTIAL,1.0000,0.6146,-1,,28.5250,77.5732
116.0000,249.5473,-101.7609,3.1603,-19.0519,INERTIAL,1.0000,0.6148,-1,,28.5250,77.5732
116.1000,249.8438,-101.8791,3.1895,-19.2045,INERTIAL,1.0000,0.6149,-1,,28.5250,77.5732
116.2000,250.1417,-101.9979,3.2052,-18.2666,INERTIAL,1.0000,0.6151,-1,,28.5250,77.5732
116.3000,250.4366,-102.1155,3.1775,-17.8474,INERTIAL,1.0000,0.6153,-1,,28.5250,77.5732
116.4000,250.7329,-102.2336,3.1886,-17.7848,INERTIAL,1.0000,0.6155,-1,,28.5250,77.5732
116.5000,251.0309,-102.3524,3.2070,-18.8284,INERTIAL,1.0000,0.6157,-1,,28.5250,77.5732
116.6000,251.3267,-102.4703,3.1859,-20.3864,INERTIAL,1.0000,0.6159,-1,,28.5250,77.5732
116.7000,251.6210,-102.5877,3.1698,-20.9507,INERTIAL,1.0000,0.6160,-1,,28.5250,77.5732
116.8000,251.9186,-102.7063,3.2011,-20.9504,INERTIAL,1.0000,0.6162,-1,,28.5250,77.5732
116.9000,252.2128,-102.8236,3.1693,-20.9350,INERTIAL,1.0000,0.6164,-1,,28.5250,77.5732
117.0000,252.5094,-102.9419,3.1912,-20.5249,INERTIAL,1.0000,0.6166,-1,,28.5250,77.5732
117.1000,252.8084,-103.0611,3.2167,-19.8635,INERTIAL,1.0000,0.6168,-1,,28.5250,77.5732
117.2000,253.1096,-103.1811,3.2407,-18.5213,INERTIAL,1.0000,0.6170,-1,,28.5250,77.5732
117.3000,253.4141,-103.3025,3.2755,-17.0645,INERTIAL,1.0000,0.6171,-1,,28.5250,77.5732
117.4000,253.7177,-103.4236,3.2687,-15.9728,INERTIAL,1.0000,0.6173,-1,,28.5250,77.5732
117.5000,254.0216,-103.5448,3.2718,-14.8484,INERTIAL,1.0000,0.6175,-1,,28.5250,77.5732
117.6000,254.3301,-103.6677,3.3172,-13.9169,INERTIAL,1.0000,0.6177,-1,,28.5250,77.5732
117.7000,254.6384,-103.7906,3.3186,-14.0156,INERTIAL,1.0000,0.6179,-1,,28.5250,77.5732
117.8000,254.9449,-103.9129,3.3013,-14.2165,INERTIAL,1.0000,0.6180,-1,,28.5250,77.5732
117.9000,255.2564,-104.0370,3.3492,-14.7936,INERTIAL,1.0000,0.6182,-1,,28.5250,77.5732
118.0000,255.5658,-104.1604,3.3328,-15.9023,INERTIAL,1.0000,0.6184,-1,,28.5250,77.5732
118.1000,255.8743,-104.2834,3.3221,-17.4790,INERTIAL,1.0000,0.6186,-1,,28.5250,77.5732
118.2000,256.1833,-104.4066,3.3263,-18.6422,INERTIAL,1.0000,0.6188,-1,,28.5250,77.5732
118.3000,256.4956,-104.5311,3.3586,-19.2373,INERTIAL,1.0000,0.6190,-1,,28.5250,77.5732
118.4000,256.8105,-104.6566,3.3882,-20.5240,INERTIAL,1.0000,0.6191,-1,,28.5250,77.5733
118.5000,257.1272,-104.7829,3.4071,-21.5427,INERTIAL,1.0000,0.6193,-1,,28.5250,77.5733
118.6000,257.4418,-104.9083,3.3885,-20.8239,INERTIAL,1.0000,0.6195,-1,,28.5250,77.5733
118.7000,257.7623,-105.0361,3.4464,-18.6958,INERTIAL,1.0000,0.6197,-1,,28.5250,77.5733
118.8000,258.0801,-105.1628,3.4232,-17.6915,INERTIAL,1.0000,0.6199,-1,,28.5250,77.5733
118.9000,258.3981,-105.2896,3.4232,-18.6922,INERTIAL,1.0000,0.6200,-1,,28.5250,77.5733
119.0000,258.7155,-105.4161,3.4174,-19.7492,INERTIAL,1.0000,0.6202,-1,,28.5250,77.5733
119.1000,259.0339,-105.5431,3.4271,-20.4625,INERTIAL,1.0000,0.6204,-1,,28.5250,77.5733
119.2000,259.3525,-105.6701,3.4295,-20.9902,INERTIAL,1.0000,0.6206,-1,,28.5250,77.5733
119.3000,259.6717,-105.7973,3.4353,-22.2915,INERTIAL,1.0000,0.6208,-1,,28.5250,77.5733
119.4000,259.9907,-105.9245,3.4342,-24.1702,INERTIAL,1.0000,0.6210,-1,,28.5250,77.5733
119.5000,260.3097,-106.0517,3.4347,-24.7372,INERTIAL,1.0000,0.6211,-1,,28.5250,77.5733
119.6000,260.6328,-106.1805,3.4750,-24.5778,INERTIAL,1.0000,0.6213,-1,,28.5250,77.5733
119.7000,260.9530,-106.3082,3.4494,-24.8065,INERTIAL,1.0000,0.6215,-1,,28.5250,77.5733
119.8000,261.2726,-106.4356,3.4407,-24.6724,INERTIAL,1.0000,0.6217,-1,,28.5250,77.5733
119.9000,261.5921,-106.5630,3.4398,-23.2799,INERTIAL,1.0000,0.6219,-1,,28.5250,77.5733
120.0000,261.9119,-106.6905,3.4425,-21.5299,INERTIAL,1.0000,0.6220,-1,,28.5250,77.5733
120.1000,262.2314,-106.8179,3.4400,-20.9795,INERTIAL,1.0000,0.6222,-1,,28.5250,77.5733
120.2000,262.5581,-106.9481,3.5108,-21.1131,INERTIAL,1.0000,0.6224,-1,,28.5250,77.5733
120.3000,262.8840,-107.0781,3.5095,-21.3881,INERTIAL,1.0000,0.6226,-1,,28.5250,77.5733
120.4000,263.2117,-107.2087,3.5263,-22.4779,INERTIAL,1.0000,0.6228,-1,,28.5250,77.5733
120.5000,263.5405,-107.3398,3.5387,-22.6665,INERTIAL,1.0000,0.6229,-1,,28.5250,77.5733
120.6000,263.8705,-107.4714,3.5516,-20.8810,INERTIAL,1.0000,0.6231,-1,,28.5250,77.5733
120.7000,264.1975,-107.6017,3.5223,-19.0476,INERTIAL,1.0000,0.6233,-1,,28.5250,77.5733
120.8000,264.5233,-107.7316,3.5087,-16.9848,INERTIAL,1.0000,0.6235,-1,,28.5250,77.5733
120.9000,264.8498,-107.8618,3.5144,-15.4744,INERTIAL,1.0000,0.6237,-1,,28.5250,77.5733
121.0000,265.1781,-107.9927,3.5328,-13.9767,INERTIAL,1.0000,0.6238,-1,,28.5250,77.5733
121.1000,265.5054,-108.1231,3.5236,-13.3833,INERTIAL,1.0000,0.6240,-1,,28.5250,77.5733
121.2000,265.8338,-108.2541,3.5345,-13.1274,INERTIAL,1.0000,0.6242,-1,,28.5250,77.5733
121.3000,266.1636,-108.3855,3.5493,-13.2719,INERTIAL,1.0000,0.6244,-1,,28.5250,77.5733
121.4000,266.5019,-108.5204,3.6355,-14.1728,INERTIAL,1.0000,0.6246,-1,,28.5250,77.5733
121.5000,266.8366,-108.6539,3.6053,-15.6431,INERTIAL,1.0000,0.6247,-1,,28.5250,77.5734
121.6000,267.1711,-108.7872,3.6014,-16.4706,INERTIAL,1.0000,0.6249,-1,,28.5250,77.5734
121.7000,267.5077,-108.9214,3.6222,-18.0205,INERTIAL,1.0000,0.6251,-1,,28.5250,77.5734
121.8000,267.8455,-109.0561,3.6355,-19.2976,INERTIAL,1.0000,0.6253,-1,,28.5250,77.5734
121.9000,268.1830,-109.1907,3.6335,-21.4760,INERTIAL,1.0000,0.6255,-1,,28.5250,77.5734
122.0000,268.5200,-109.3250,3.6281,-23.6447,INERTIAL,1.0000,0.6256,-1,,28.5250,77.5734
122.1000,268.8586,-109.4600,3.6442,-24.7692,INERTIAL,1.0000,0.6258,-1,,28.5250,77.5734
122.2000,269.1969,-109.5949,3.6424,-25.1046,INERTIAL,1.0000,0.6260,-1,,28.5250,77.5734
122.3000,269.5304,-109.7278,3.5937,-24.9438,INERTIAL,1.0000,0.6262,-1,,28.5250,77.5734
122.4000,269.8649,-109.8612,3.6004,-24.5975,INERTIAL,1.0000,0.6264,-1,,28.5250,77.5734
122.5000,270.1978,-109.9939,3.5849,-23.6062,INERTIAL,1.0000,0.6265,-1,,28.5250,77.5734
122.6000,270.5299,-110.1263,3.5764,-22.3624,INERTIAL,1.0000,0.6267,-1,,28.5250,77.5734
122.7000,270.8601,-110.2580,3.5563,-21.1141,INERTIAL,1.0000,0.6269,-1,,28.5250,77.5734
122.8000,271.1882,-110.3888,3.5343,-20.6753,INERTIAL,1.0000,0.6271,-1,,28.5250,77.5734
122.9000,271.5188,-110.5206,3.5570,-21.1758,INERTIAL,1.0000,0.6273,-1,,28.5250,77.5734
123.0000,271.8539,-110.6542,3.6035,-22.0150,INERTIAL,1.0000,0.6274,-1,,28.5250,77.5734
123.1000,272.1871,-110.7870,3.5880,-23.1382,INERTIAL,1.0000,0.6276,-1,,28.5250,77.5734
123.2000,272.5226,-110.9208,3.6109,-23.3785,INERTIAL,1.0000,0.6278,-1,,28.5250,77.5734
123.3000,272.8568,-111.0540,3.5985,-23.7698,INERTIAL,1.0000,0.6280,-1,,28.5250,77.5734
123.4000,273.1888,-111.1864,3.5763,-25.0567,INERTIAL,1.0000,0.6282,-1,,28.5250,77.5734
123.5000,273.5222,-111.3193,3.5873,-26.9742,INERTIAL,1.0000,0.6283,-1,,28.5250,77.5734
123.6000,273.8528,-111.4511,3.5615,-29.4396,INERTIAL,1.0000,0.6285,-1,,28.5250,77.5734
123.7000,274.1880,-111.5848,3.6054,-30.9413,INERTIAL,1.0000,0.6287,-1,,28.5250,77.5734
123.8000,274.5218,-111.7178,3.5942,-30.8205,INERTIAL,1.0000,0.6289,-1,,28.5249,77.5734
123.9000,274.8496,-111.8485,3.5342,-30.9989,INERTIAL,1.0000,0.6291,-1,,28.5249,77.5734
124.0000,275.1786,-111.9797,3.5405,-31.2008,INERTIAL,1.0000,0.6292,-1,,28.5249,77.5734
124.1000,275.5057,-112.1101,3.5228,-31.8391,INERTIAL,1.0000,0.6294,-1,,28.5249,77.5734
124.2000,275.8339,-112.2410,3.5332,-33.8370,INERTIAL,1.0000,0.6296,-1,,28.5249,77.5734
124.3000,276.1659,-112.3733,3.5704,-35.5952,INERTIAL,1.0000,0.6298,-1,,28.5249,77.5734
124.4000,276.4977,-112.5056,3.5719,-35.6381,INERTIAL,1.0000,0.6299,-1,,28.5249,77.5735
124.5000,276.8302,-112.6381,3.5789,-32.8987,INERTIAL,1.0000,0.6301,-1,,28.5249,77.5735
124.6000,277.1679,-112.7728,3.6319,-29.0373,INERTIAL,1.0000,0.6303,-1,,28.5249,77.5735
124.7000,277.5034,-112.9065,3.6129,-26.4028,INERTIAL,1.0000,0.6305,-1,,28.5249,77.5735
124.8000,277.8400,-113.0407,3.6225,-25.6082,INERTIAL,1.0000,0.6307,-1,,28.5249,77.5735
124.9000,278.1723,-113.1732,3.5814,-25.7564,INERTIAL,1.0000,0.6308,-1,,28.5249,77.5735
125.0000,278.5047,-113.3058,3.5785,-25.3517,INERTIAL,1.0000,0.6310,-1,,28.5249,77.5735
125.1000,278.8330,-113.4366,3.5374,-24.4442,INERTIAL,1.0000,0.6312,-1,,28.5249,77.5735
125.2000,279.1630,-113.5682,3.5513,-24.8036,INERTIAL,1.0000,0.6314,-1,,28.5249,77.5735
125.3000,279.4891,-113.6982,3.5137,-25.1408,INERTIAL,1.0000,0.6316,-1,,28.5249,77.5735
125.4000,279.8193,-113.8299,3.5522,-25.3974,INERTIAL,1.0000,0.6317,-1,,28.5249,77.5735
125.5000,280.1480,-113.9609,3.5387,-26.5645,INERTIAL,1.0000,0.6319,-1,,28.5249,77.5735
125.6000,280.4743,-114.0910,3.5155,-27.4143,INERTIAL,1.0000,0.6321,-1,,28.5249,77.5735
125.7000,280.7995,-114.2206,3.5011,-27.4703,INERTIAL,1.0000,0.6323,-1,,28.5249,77.5735
125.8000,281.1252,-114.3505,3.5068,-27.0223,INERTIAL,1.0000,0.6324,-1,,28.5249,77.5735
125.9000,281.4476,-114.4790,3.4731,-26.2760,INERTIAL,1.0000,0.6326,-1,,28.5249,77.5735
126.0000,281.7706,-114.6078,3.4767,-24.8421,INERTIAL,1.0000,0.6328,-1,,28.5249,77.5735
126.1000,282.0876,-114.7342,3.4171,-23.2372,INERTIAL,1.0000,0.6330,-1,,28.5249,77.5735
126.2000,282.4086,-114.8622,3.4535,-22.8963,INERTIAL,1.0000,0.6332,-1,,28.5249,77.5735
126.3000,282.7320,-114.9911,3.4790,-23.9544,INERTIAL,1.0000,0.6333,-1,,28.5249,77.5735
126.4000,283.0565,-115.1205,3.4926,-24.6562,INERTIAL,1.0000,0.6335,-1,,28.5249,77.5735
126.5000,283.3760,-115.2479,3.4436,-24.4340,INERTIAL,1.0000,0.6337,-1,,28.5249,77.5735
126.6000,283.6973,-115.3759,3.4577,-23.4850,INERTIAL,1.0000,0.6339,-1,,28.5249,77.5735
126.7000,284.0175,-115.5036,3.4480,-22.9281,INERTIAL,1.0000,0.6340,-1,,28.5249,77.5735
126.8000,284.3379,-115.6314,3.4493,-23.2528,INERTIAL,1.0000,0.6342,-1,,28.5249,77.5735
126.9000,284.6574,-115.7587,3.4402,-23.0934,INERTIAL,1.0000,0.6344,-1,,28.5249,77.5735
127.0000,284.9754,-115.8855,3.4249,-22.4961,INERTIAL,1.0000,0.6346,-1,,28.5249,77.5735
127.1000,285.2881,-116.0155,3.4448,-21.4260,INERTIAL,1.0000,0.6347,-1,,28.5249,77.5735
127.2000,285.6043,-116.1511,3.4410,-19.8865,INERTIAL,1.0000,0.6349,-1,,28.5249,77.5735
127.3000,285.9204,-116.2866,3.4390,-18.8144,INERTIAL,1.0000,0.6351,-1,,28.5249,77.5735
127.4000,286.2407,-116.4240,3.4817,-18.2479,INERTIAL,1.0000,0.6353,-1,,28.5249,77.5736
127.5000,286.5655,-116.5633,3.5305,-18.3652,INERTIAL,1.0000,0.6355,-1,,28.5249,77.5736
127.6000,286.8860,-116.7007,3.4902,-19.1966,INERTIAL,1.0000,0.6356,-1,,28.5249,77.5736
127.7000,287.2138,-116.8413,3.5609,-20.1618,INERTIAL,1.0000,0.6358,-1,,28.5249,77.5736
127.8000,287.5394,-116.9809,3.5446,-20.3840,INERTIAL,1.0000,0.6360,-1,,28.5249,77.5736
127.9000,287.8700,-117.1227,3.5932,-18.8757,INERTIAL,1.0000,0.6362,-1,,28.5249,77.5736
128.0000,288.1963,-117.2626,3.5536,-17.9422,INERTIAL,1.0000,0.6363,-1,,28.5249,77.5736
128.1000,288.5276,-117.4047,3.6007,-17.7551,INERTIAL,1.0000,0.6365,-1,,28.5249,77.5736
128.2000,288.8543,-117.5448,3.5582,-17.1552,INERTIAL,1.0000,0.6367,-1,,28.5249,77.5736
128.3000,289.1837,-117.6861,3.5827,-15.9176,INERTIAL,1.0000,0.6369,-1,,28.5249,77.5736
128.4000,289.5059,-117.8242,3.5113,-14.4598,INERTIAL,1.0000,0.6371,-1,,28.5249,77.5736
128.5000,289.8337,-117.9648,3.5619,-13.5269,INERTIAL,1.0000,0.6372,-1,,28.5249,77.5736
128.6000,290.1594,-118.1045,3.5453,-13.7404,INERTIAL,1.0000,0.6374,-1,,28.5249,77.5736
128.7000,290.4895,-118.2460,3.5878,-14.6898,INERTIAL,1.0000,0.6376,-1,,28.5249,77.5736
128.8000,290.8142,-118.3853,3.5377,-15.2410,INERTIAL,1.0000,0.6378,-1,,28.5249,77.5736
128.9000,291.1462,-118.5276,3.6063,-15.6505,INERTIAL,1.0000,0.6379,-1,,28.5249,77.5736
129.0000,291.4818,-118.6683,3.5947,-15.8399,INERTIAL,1.0000,0.6381,-1,,28.5249,77.5736
129.1000,291.8164,-118.8043,3.6105,-15.5238,INERTIAL,1.0000,0.6383,-1,,28.5249,77.5736
129.2000,292.1481,-118.9390,3.5822,-15.3950,INERTIAL,1.0000,0.6385,-1,,28.5249,77.5736
129.3000,292.4838,-119.0753,3.6203,-14.6620,INERTIAL,1.0000,0.6386,-1,,28.5249,77.5736
129.4000,292.8152,-119.2100,3.5808,-13.8800,INERTIAL,1.0000,0.6388,-1,,28.5249,77.5736
129.5000,293.1519,-119.3468,3.6299,-14.5805,INERTIAL,1.0000,0.6390,-1,,28.5249,77.5736
129.6000,293.4850,-119.4820,3.5973,-15.6780,INERTIAL,1.0000,0.6392,-1,,28.5249,77.5736
129.7000,293.8227,-119.6192,3.6420,-16.2666,INERTIAL,1.0000,0.6394,-1,,28.5249,77.5736
129.8000,294.1568,-119.7549,3.6084,-16.4690,INERTIAL,1.0000,0.6395,-1,,28.5249,77.5736
129.9000,294.4933,-119.8916,3.6304,-17.4839,INERTIAL,1.0000,0.6397,-1,,28.5249,77.5736
130.0000,294.8216,-120.0250,3.5501,-18.2110,INERTIAL,1.0000,0.6399,-1,,28.5249,77.5736
130.1000,295.1529,-120.1596,3.5737,-18.6180,INERTIAL,1.0000,0.6401,-1,,28.5249,77.5736
130.2000,295.4807,-120.2927,3.5407,-19.2938,INERTIAL,1.0000,0.6402,-1,,28.5249,77.5736
130.3000,295.8097,-120.4264,3.5503,-20.4621,INERTIAL,1.0000,0.6404,-1,,28.5249,77.5736
130.4000,296.1379,-120.5597,3.5430,-21.0296,INERTIAL,1.0000,0.6406,-1,,28.5249,77.5737
130.5000,296.4664,-120.6931,3.5455,-21.4040,INERTIAL,1.0000,0.6408,-1,,28.5249,77.5737
130.6000,296.7921,-120.8255,3.5185,-20.6920,INERTIAL,1.0000,0.6409,-1,,28.5249,77.5737
130.7000,297.1216,-120.9593,3.5536,-20.4344,INERTIAL,1.0000,0.6411,-1,,28.5249,77.5737
130.8000,297.4445,-121.0904,3.4897,-21.1724,INERTIAL,1.0000,0.6413,-1,,28.5249,77.5737
130.9000,297.7710,-121.2231,3.5221,-21.9757,INERTIAL,1.0000,0.6415,-1,,28.5249,77.5737
131.0000,298.0928,-121.3538,3.4764,-22.3728,INERTIAL,1.0000,0.6416,-1,,28.5249,77.5737
131.1000,298.4184,-121.4861,3.5119,-21.8471,INERTIAL,1.0000,0.6418,-1,,28.5249,77.5737
131.2000,298.7421,-121.6175,3.4949,-21.0385,INERTIAL,1.0000,0.6420,-1,,28.5249,77.5737
131.3000,299.0651,-121.7488,3.4871,-20.4425,INERTIAL,1.0000,0.6422,-1,,28.5249,77.5737
131.4000,299.3819,-121.8775,3.4252,-20.7681,INERTIAL,1.0000,0.6423,-1,,28.5249,77.5737
131.5000,299.7092,-122.0104,3.5240,-21.3955,INERTIAL,1.0000,0.6425,-1,,28.5249,77.5737
131.6000,300.0264,-122.1393,3.4313,-22.0466,INERTIAL,1.0000,0.6427,-1,,28.5249,77.5737
131.7000,300.3496,-122.2705,3.4841,-22.4252,INERTIAL,1.0000,0.6429,-1,,28.5249,77.5737
131.8000,300.6692,-122.4004,3.4527,-22.8271,INERTIAL,1.0000,0.6430,-1,,28.5249,77.5737
131.9000,300.9877,-122.5298,3.4390,-23.6168,INERTIAL,1.0000,0.6432,-1,,28.5249,77.5737
132.0000,301.3023,-122.6576,3.3990,-23.6304,INERTIAL,1.0000,0.6434,-1,,28.5249,77.5737
132.1000,301.6157,-122.7848,3.3831,-23.4456,INERTIAL,1.0000,0.6436,-1,,28.5249,77.5737
132.2000,301.9274,-122.9115,3.3666,-23.6338,INERTIAL,1.0000,0.6437,-1,,28.5248,77.5737
132.3000,302.2461,-123.0409,3.4339,-24.1209,INERTIAL,1.0000,0.6439,-1,,28.5248,77.5737
132.4000,302.5597,-123.1683,3.3883,-23.3205,INERTIAL,1.0000,0.6441,-1,,28.5248,77.5737
132.5000,302.8732,-123.2957,3.3843,-21.9747,INERTIAL,1.0000,0.6443,-1,,28.5248,77.5737
132.6000,303.1859,-123.4227,3.3759,-20.3515,INERTIAL,1.0000,0.6444,-1,,28.5248,77.5737
132.7000,303.4979,-123.5494,3.3685,-18.9172,INERTIAL,1.0000,0.6446,-1,,28.5248,77.5737
132.8000,303.8060,-123.6746,3.3284,-17.7202,INERTIAL,1.0000,0.6448,-1,,28.5248,77.5737
132.9000,304.1178,-123.8012,3.3622,-17.5328,INERTIAL,1.0000,0.6450,-1,,28.5248,77.5737
133.0000,304.4262,-123.9265,3.3313,-18.4110,INERTIAL,1.0000,0.6451,-1,,28.5248,77.5737
133.1000,304.7414,-124.0546,3.3975,-19.2091,INERTIAL,1.0000,0.6453,-1,,28.5248,77.5737
133.2000,305.0518,-124.1806,3.3533,-19.6947,INERTIAL,1.0000,0.6455,-1,,28.5248,77.5737
133.3000,305.3653,-124.3080,3.3822,-19.8903,INERTIAL,1.0000,0.6457,-1,,28.5248,77.5737
133.4000,305.6804,-124.4360,3.3994,-19.9528,INERTIAL,1.0000,0.6458,-1,,28.5248,77.5737
133.5000,305.9973,-124.5647,3.4188,-20.3023,INERTIAL,1.0000,0.6460,-1,,28.5248,77.5738
133.6000,306.3157,-124.6941,3.4352,-21.6919,INERTIAL,1.0000,0.6462,-1,,28.5248,77.5738
133.7000,306.6349,-124.8237,3.4448,-22.6507,INERTIAL,1.0000,0.6464,-1,,28.5248,77.5738
133.8000,306.9530,-124.9529,3.4342,-23.1628,INERTIAL,1.0000,0.6465,-1,,28.5248,77.5738
133.9000,307.2752,-125.0838,3.4744,-24.3874,INERTIAL,1.0000,0.6467,-1,,28.5248,77.5738
134.0000,307.5958,-125.2140,3.4611,-25.9292,INERTIAL,1.0000,0.6469,-1,,28.5248,77.5738
134.1000,307.9137,-125.3432,3.4332,-27.1632,INERTIAL,1.0000,0.6471,-1,,28.5248,77.5738
134.2000,308.2350,-125.4737,3.4655,-27.7497,INERTIAL,1.0000,0.6472,-1,,28.5248,77.5738
134.3000,308.5576,-125.6047,3.4806,-26.5127,INERTIAL,1.0000,0.6474,-1,,28.5248,77.5738
134.4000,308.8806,-125.7359,3.4859,-23.9536,INERTIAL,1.0000,0.6476,-1,,28.5248,77.5738
134.5000,309.1993,-125.8654,3.4441,-21.9245,INERTIAL,1.0000,0.6478,-1,,28.5248,77.5738
134.6000,309.5226,-125.9968,3.4859,-19.9910,INERTIAL,1.0000,0.6479,-1,,28.5248,77.5738
134.7000,309.8460,-126.1281,3.4896,-17.8089,INERTIAL,1.0000,0.6481,-1,,28.5248,77.5738
134.8000,310.1674,-126.2587,3.4711,-17.8475,INERTIAL,1.0000,0.6483,-1,,28.5248,77.5738
134.9000,310.4859,-126.3880,3.4400,-18.5347,INERTIAL,1.0000,0.6485,-1,,28.5248,77.5738
135.0000,310.8052,-126.5178,3.4463,-19.3407,INERTIAL,1.0000,0.6486,-1,,28.5248,77.5738
135.1000,311.1278,-126.6488,3.4793,-19.6163,INERTIAL,1.0000,0.6488,-1,,28.5248,77.5738
135.2000,311.4532,-126.7810,3.5101,-19.4135,INERTIAL,1.0000,0.6490,-1,,28.5248,77.5738
135.3000,311.7777,-126.9128,3.5023,-20.1142,INERTIAL,1.0000,0.6492,-1,,28.5248,77.5738
135.4000,312.1073,-127.0467,3.5536,-22.0261,INERTIAL,1.0000,0.6493,-1,,28.5248,77.5738
135.5000,312.4364,-127.1804,3.5518,-24.2691,INERTIAL,1.0000,0.6495,-1,,28.5248,77.5738
135.6000,312.7674,-127.3148,3.5716,-25.8557,INERTIAL,1.0000,0.6497,-1,,28.5248,77.5738
135.7000,313.0960,-127.4483,3.5480,-27.4795,INERTIAL,1.0000,0.6499,-1,,28.5248,77.5738
135.8000,313.4256,-127.5822,3.5568,-28.9781,INERTIAL,1.0000,0.6500,-1,,28.5248,77.5738
135.9000,313.7545,-127.7158,3.5503,-29.8532,INERTIAL,1.0000,0.6502,-1,,28.5248,77.5738
136.0000,314.0862,-127.8505,3.5785,-29.5331,INERTIAL,1.0000,0.6504,-1,,28.5248,77.5738
136.1000,314.4149,-127.9841,3.5500,-28.1341,INERTIAL,1.0000,0.6505,-1,,28.5248,77.5738
136.2000,314.7441,-128.1178,3.5528,-27.0566,INERTIAL,1.0000,0.6507,-1,,28.5248,77.5738
136.3000,315.0748,-128.2521,3.5685,-26.2004,INERTIAL,1.0000,0.6509,-1,,28.5248,77.5738
136.4000,315.4024,-128.3852,3.5382,-25.2904,INERTIAL,1.0000,0.6511,-1,,28.5248,77.5738
136.5000,315.7293,-128.5180,3.5296,-24.5682,INERTIAL,1.0000,0.6512,-1,,28.5248,77.5739
136.6000,316.0558,-128.6506,3.5244,-23.8455,INERTIAL,1.0000,0.6514,-1,,28.5248,77.5739
136.7000,316.3827,-128.7834,3.5279,-22.6712,INERTIAL,1.0000,0.6516,-1,,28.5248,77.5739
136.8000,316.7144,-128.9181,3.5760,-21.8358,INERTIAL,1.0000,0.6518,-1,,28.5248,77.5739
136.9000,317.0428,-129.0516,3.5472,-21.8385,INERTIAL,1.0000,0.6519,-1,,28.5248,77.5739
137.0000,317.3712,-129.1849,3.5445,-22.2715,INERTIAL,1.0000,0.6521,-1,,28.5248,77.5739
137.1000,317.6979,-129.3177,3.5284,-22.7620,INERTIAL,1.0000,0.6523,-1,,28.5248,77.5739
137.2000,318.0262,-129.4510,3.5418,-24.4643,INERTIAL,1.0000,0.6524,-1,,28.5248,77.5739
137.3000,318.3506,-129.5828,3.5044,-27.3916,INERTIAL,1.0000,0.6526,-1,,28.5248,77.5739
137.4000,318.6756,-129.7148,3.5083,-30.0559,INERTIAL,1.0000,0.6528,-1,,28.5248,77.5739
137.5000,318.9982,-129.8459,3.4838,-31.2932,INERTIAL,1.0000,0.6530,-1,,28.5248,77.5739
137.6000,319.3230,-129.9778,3.5042,-31.6283,INERTIAL,1.0000,0.6531,-1,,28.5248,77.5739
137.7000,319.6440,-130.1082,3.4673,-31.4911,INERTIAL,1.0000,0.6533,-1,,28.5248,77.5739
137.8000,319.9648,-130.2385,3.4628,-30.5357,INERTIAL,1.0000,0.6535,-1,,28.5248,77.5739
137.9000,320.2846,-130.3684,3.4529,-28.9739,INERTIAL,1.0000,0.6537,-1,,28.5248,77.5739
138.0000,320.6063,-130.4991,3.4708,-27.0284,INERTIAL,1.0000,0.6538,-1,,28.5248,77.5739
138.1000,320.9240,-130.6281,3.4317,-24.9671,INERTIAL,1.0000,0.6540,-1,,28.5248,77.5739
138.2000,321.2385,-130.7559,3.3976,-22.7834,INERTIAL,1.0000,0.6542,-1,,28.5248,77.5739
138.3000,321.5518,-130.8832,3.3826,-21.1406,INERTIAL,1.0000,0.6543,-1,,28.5248,77.5739
138.4000,321.8656,-131.0106,3.3872,-21.0443,INERTIAL,1.0000,0.6545,-1,,28.5248,77.5739
138.5000,322.1826,-131.1394,3.4188,-21.9197,INERTIAL,1.0000,0.6547,-1,,28.5248,77.5739
138.6000,322.4964,-131.2669,3.3897,-22.8824,INERTIAL,1.0000,0.6549,-1,,28.5248,77.5739
138.7000,322.8110,-131.3947,3.3952,-23.7952,INERTIAL,1.0000,0.6550,-1,,28.5248,77.5739
138.8000,323.1228,-131.5213,3.3675,-24.6253,INERTIAL,1.0000,0.6552,-1,,28.5248,77.5739
138.9000,323.4327,-131.6472,3.3463,-25.0905,INERTIAL,1.0000,0.6554,-1,,28.5248,77.5739
139.0000,323.7392,-131.7717,3.3112,-24.9495,INERTIAL,1.0000,0.6555,-1,,28.5248,77.5739
139.1000,324.0540,-131.8996,3.3916,-24.6713,INERTIAL,1.0000,0.6557,-1,,28.5248,77.5739
139.2000,324.3708,-132.0283,3.4168,-23.6077,INERTIAL,1.0000,0.6559,-1,,28.5248,77.5739
139.3000,324.6897,-132.1578,3.4403,-22.1237,INERTIAL,1.0000,0.6561,-1,,28.5248,77.5739
139.4000,325.0051,-132.2860,3.4077,-21.0504,INERTIAL,1.0000,0.6562,-1,,28.5248,77.5739
139.5000,325.3242,-132.4156,3.4407,-20.5989,INERTIAL,1.0000,0.6564,-1,,28.5248,77.5740
139.6000,325.6427,-132.5450,3.4387,-20.6769,INERTIAL,1.0000,0.6566,-1,,28.5248,77.5740
139.7000,325.9623,-132.6748,3.4486,-21.5406,INERTIAL,1.0000,0.6567,-1,,28.5248,77.5740
139.8000,326.2811,-132.8043,3.4418,-22.9272,INERTIAL,1.0000,0.6569,-1,,28.5248,77.5740
139.9000,326.6032,-132.9351,3.4732,-23.7049,INERTIAL,1.0000,0.6571,-1,,28.5248,77.5740
140.0000,326.9278,-133.0670,3.5015,-24.5223,INERTIAL,1.0000,0.6573,-1,,28.5248,77.5740
140.1000,327.2526,-133.1989,3.5057,-25.3889,INERTIAL,1.0000,0.6574,-1,,28.5248,77.5740
140.2000,327.5827,-133.3330,3.5590,-26.6181,INERTIAL,1.0000,0.6576,-1,,28.5248,77.5740
140.3000,327.9153,-133.4681,3.5877,-27.6925,INERTIAL,1.0000,0.6578,-1,,28.5248,77.5740
140.4000,328.2464,-133.6026,3.5746,-28.0471,INERTIAL,1.0000,0.6579,-1,,28.5248,77.5740
140.5000,328.5772,-133.7370,3.5704,-27.0298,INERTIAL,1.0000,0.6581,-1,,28.5248,77.5740
140.6000,328.9091,-133.8718,3.5814,-24.6737,INERTIAL,1.0000,0.6583,-1,,28.5248,77.5740
140.7000,329.2420,-134.0070,3.5928,-21.5483,INERTIAL,1.0000,0.6585,-1,,28.5247,77.5740
140.8000,329.5776,-134.1434,3.6202,-19.0652,INERTIAL,1.0000,0.6586,-1,,28.5247,77.5740
140.9000,329.9076,-134.2774,3.5656,-17.7261,INERTIAL,1.0000,0.6588,-1,,28.5247,77.5740
141.0000,330.2406,-134.4127,3.5927,-17.5333,INERTIAL,1.0000,0.6590,-1,,28.5247,77.5740
141.1000,330.5722,-134.5474,3.5800,-18.3645,INERTIAL,1.0000,0.6591,-1,,28.5247,77.5740
141.2000,330.8992,-134.6802,3.5329,-20.1090,INERTIAL,1.0000,0.6593,-1,,28.5247,77.5740
141.3000,331.2291,-134.8142,3.5589,-22.3112,INERTIAL,1.0000,0.6595,-1,,28.5247,77.5740
141.4000,331.5614,-134.9492,3.5847,-24.2862,INERTIAL,1.0000,0.6596,-1,,28.5247,77.5740
141.5000,331.8942,-135.0844,3.5914,-25.3472,INERTIAL,1.0000,0.6598,-1,,28.5247,77.5740
141.6000,332.2209,-135.2171,3.5312,-26.7253,INERTIAL,1.0000,0.6600,-1,,28.5247,77.5740
141.7000,332.5436,-135.3482,3.4864,-28.8635,INERTIAL,1.0000,0.6602,-1,,28.5247,77.5740
141.8000,332.8663,-135.4793,3.4838,-29.9504,INERTIAL,1.0000,0.6603,-1,,28.5247,77.5740
141.9000,333.1893,-135.6105,3.4863,-29.4946,INERTIAL,1.0000,0.6605,-1,,28.5247,77.5740
142.0000,333.5110,-135.7412,3.4735,-27.7383,INERTIAL,1.0000,0.6607,-1,,28.5247,77.5740
142.1000,333.8304,-135.8709,3.4489,-24.7188,INERTIAL,1.0000,0.6608,-1,,28.5247,77.5740
142.2000,334.1561,-136.0032,3.5101,-21.1327,INERTIAL,1.0000,0.6610,-1,,28.5247,77.5740
142.3000,334.4813,-136.1353,3.5104,-19.8331,INERTIAL,1.0000,0.6612,-1,,28.5247,77.5740
142.4000,334.8058,-136.2671,3.5034,-20.4958,INERTIAL,1.0000,0.6614,-1,,28.5247,77.5740
142.5000,335.1322,-136.3997,3.5216,-21.9604,INERTIAL,1.0000,0.6615,-1,,28.5247,77.5741
142.6000,335.4605,-136.5331,3.5418,-23.9361,INERTIAL,1.0000,0.6617,-1,,28.5247,77.5741
142.7000,335.7851,-136.6649,3.5064,-24.9016,INERTIAL,1.0000,0.6619,-1,,28.5247,77.5741
142.8000,336.1142,-136.7986,3.5491,-25.3947,INERTIAL,1.0000,0.6620,-1,,28.5247,77.5741
142.9000,336.4437,-136.9325,3.5552,-26.1209,INERTIAL,1.0000,0.6622,-1,,28.5247,77.5741
143.0000,336.7787,-137.0686,3.6119,-26.7524,INERTIAL,1.0000,0.6624,-1,,28.5247,77.5741
143.1000,337.1097,-137.2030,3.5757,-26.6406,INERTIAL,1.0000,0.6625,-1,,28.5247,77.5741
143.2000,337.4378,-137.3363,3.5435,-25.6707,INERTIAL,1.0000,0.6627,-1,,28.5247,77.5741
143.3000,337.7619,-137.4679,3.5019,-24.5334,INERTIAL,1.0000,0.6629,-1,,28.5247,77.5741
143.4000,338.0899,-137.6012,3.5375,-23.2772,INERTIAL,1.0000,0.6631,-1,,28.5247,77.5741
143.5000,338.4134,-137.7326,3.4944,-22.9952,INERTIAL,1.0000,0.6632,-1,,28.5247,77.5741
143.6000,338.7403,-137.8654,3.5262,-22.7458,INERTIAL,1.0000,0.6634,-1,,28.5247,77.5741
143.7000,339.0705,-137.9995,3.5615,-22.1947,INERTIAL,1.0000,0.6636,-1,,28.5247,77.5741
143.8000,339.3993,-138.1331,3.5496,-21.6318,INERTIAL,1.0000,0.6637,-1,,28.5247,77.5741
143.9000,339.7248,-138.2653,3.5163,-21.5660,INERTIAL,1.0000,0.6639,-1,,28.5247,77.5741
144.0000,340.0502,-138.3975,3.5126,-21.9114,INERTIAL,1.0000,0.6641,-1,,28.5247,77.5741
144.1000,340.3802,-138.5315,3.5574,-22.5202,INERTIAL,1.0000,0.6642,-1,,28.5247,77.5741
144.2000,340.7196,-138.6694,3.6560,-22.6848,INERTIAL,1.0000,0.6644,-1,,28.5247,77.5741
144.3000,341.0529,-138.8048,3.6021,-22.4180,INERTIAL,1.0000,0.6646,-1,,28.5247,77.5741
144.4000,341.3904,-138.9419,3.6396,-21.6388,INERTIAL,1.0000,0.6647,-1,,28.5247,77.5741
144.5000,341.7324,-139.0808,3.6871,-20.8293,INERTIAL,1.0000,0.6649,-1,,28.5247,77.5741
144.6000,342.0749,-139.2199,3.6964,-20.1986,INERTIAL,1.0000,0.6651,-1,,28.5247,77.5741
144.7000,342.4138,-139.3576,3.6605,-19.4564,INERTIAL,1.0000,0.6653,-1,,28.5247,77.5741
144.8000,342.7497,-139.4940,3.6282,-18.3731,INERTIAL,1.0000,0.6654,-1,,28.5247,77.5741
144.9000,343.0837,-139.6297,3.6068,-17.6357,INERTIAL,1.0000,0.6656,-1,,28.5247,77.5741
145.0000,343.4207,-139.7666,3.6357,-17.8133,INERTIAL,1.0000,0.6658,-1,,28.5247,77.5741
145.1000,343.7530,-139.9016,3.5900,-17.9169,INERTIAL,1.0000,0.6659,-1,,28.5247,77.5741
145.2000,344.0857,-140.0368,3.5912,-18.6393,INERTIAL,1.0000,0.6661,-1,,28.5247,77.5741
145.3000,344.4213,-140.1731,3.6196,-19.2820,INERTIAL,1.0000,0.6663,-1,,28.5247,77.5741
145.4000,344.7576,-140.3097,3.6293,-20.1512,INERTIAL,1.0000,0.6664,-1,,28.5247,77.5741
145.5000,345.0916,-140.4453,3.6064,-21.3817,INERTIAL,1.0000,0.6666,-1,,28.5247,77.5742
145.6000,345.4263,-140.5813,3.6128,-23.1302,INERTIAL,1.0000,0.6668,-1,,28.5247,77.5742
145.7000,345.7655,-140.7191,3.6571,-23.9063,INERTIAL,1.0000,0.6669,-1,,28.5247,77.5742
145.8000,346.1055,-140.8572,3.6692,-23.6279,INERTIAL,1.0000,0.6671,-1,,28.5247,77.5742
145.9000,346.4421,-140.9940,3.6358,-22.9799,INERTIAL,1.0000,0.6673,-1,,28.5247,77.5742
146.0000,346.7752,-141.1292,3.5979,-22.6930,INERTIAL,1.0000,0.6674,-1,,28.5247,77.5742
146.1000,347.1102,-141.2653,3.6146,-22.7033,INERTIAL,1.0000,0.6676,-1,,28.5247,77.5742
146.2000,347.4473,-141.4023,3.6371,-22.7350,INERTIAL,1.0000,0.6678,-1,,28.5247,77.5742
146.3000,347.7814,-141.5380,3.6086,-22.2414,INERTIAL,1.0000,0.6680,-1,,28.5247,77.5742
146.4000,348.1149,-141.6735,3.6004,-21.3535,INERTIAL,1.0000,0.6681,-1,,28.5247,77.5742
146.5000,348.4505,-141.8098,3.6204,-20.4461,INERTIAL,1.0000,0.6683,-1,,28.5247,77.5742
146.6000,348.7858,-141.9460,3.6188,-20.1906,INERTIAL,1.0000,0.6685,-1,,28.5247,77.5742
146.7000,349.1241,-142.0834,3.6492,-20.4427,INERTIAL,1.0000,0.6686,-1,,28.5247,77.5742
146.8000,349.4621,-142.2207,3.6487,-20.8491,INERTIAL,1.0000,0.6688,-1,,28.5247,77.5742
146.9000,349.8036,-142.3594,3.6829,-21.5671,INERTIAL,1.0000,0.6690,-1,,28.5247,77.5742
147.0000,350.1418,-142.4968,3.6526,-22.7895,INERTIAL,1.0000,0.6691,-1,,28.5247,77.5742
147.1000,350.4811,-142.6346,3.6616,-24.1092,INERTIAL,1.0000,0.6693,-1,,28.5247,77.5742
147.2000,350.8171,-142.7712,3.6298,-24.6745,INERTIAL,1.0000,0.6695,-1,,28.5247,77.5742
147.3000,351.1542,-142.9081,3.6370,-24.9812,INERTIAL,1.0000,0.6696,-1,,28.5247,77.5742
147.4000,351.4879,-143.0436,3.6050,-25.3774,INERTIAL,1.0000,0.6698,-1,,28.5247,77.5742
147.5000,351.8238,-143.1801,3.6234,-25.1831,INERTIAL,1.0000,0.6700,-1,,28.5247,77.5742
147.6000,352.1549,-143.3146,3.5778,-25.0989,INERTIAL,1.0000,0.6701,-1,,28.5247,77.5742
147.7000,352.4869,-143.4494,3.5828,-25.4649,INERTIAL,1.0000,0.6703,-1,,28.5247,77.5742
147.8000,352.8211,-143.5852,3.6054,-25.9315,INERTIAL,1.0000,0.6705,-1,,28.5247,77.5742
147.9000,353.1538,-143.7203,3.5923,-26.7464,INERTIAL,1.0000,0.6706,-1,,28.5247,77.5742
148.0000,353.4881,-143.8561,3.6073,-27.4070,INERTIAL,1.0000,0.6708,-1,,28.5247,77.5742
148.1000,353.8205,-143.9912,3.5892,-27.6359,INERTIAL,1.0000,0.6710,-1,,28.5247,77.5742
148.2000,354.1533,-144.1263,3.5919,-26.8976,INERTIAL,1.0000,0.6711,-1,,28.5247,77.5742
148.3000,354.4890,-144.2627,3.6209,-25.6321,INERTIAL,1.0000,0.6713,-1,,28.5247,77.5742
148.4000,354.8229,-144.3983,3.6054,-23.5817,INERTIAL,1.0000,0.6715,-1,,28.5247,77.5743
148.5000,355.1587,-144.5348,3.6233,-21.4966,INERTIAL,1.0000,0.6716,-1,,28.5247,77.5743
148.6000,355.4942,-144.6710,3.6211,-20.4157,INERTIAL,1.0000,0.6718,-1,,28.5247,77.5743
148.7000,355.8296,-144.8073,3.6205,-20.9621,INERTIAL,1.0000,0.6720,-1,,28.5247,77.5743
148.8000,356.1627,-144.9426,3.5972,-21.4267,INERTIAL,1.0000,0.6722,-1,,28.5247,77.5743
148.9000,356.4940,-145.0772,3.5775,-22.3706,INERTIAL,1.0000,0.6723,-1,,28.5247,77.5743
149.0000,356.8258,-145.2120,3.5808,-22.7037,INERTIAL,1.0000,0.6725,-1,,28.5246,77.5743
149.1000,357.1574,-145.3466,3.5791,-22.9547,INERTIAL,1.0000,0.6727,-1,,28.5246,77.5743
149.2000,357.4896,-145.4816,3.5856,-23.6944,INERTIAL,1.0000,0.6728,-1,,28.5246,77.5743
149.3000,357.8210,-145.6162,3.5769,-24.2461,INERTIAL,1.0000,0.6730,-1,,28.5246,77.5743
149.4000,358.1529,-145.7511,3.5827,-24.1064,INERTIAL,1.0000,0.6732,-1,,28.5246,77.5743
149.5000,358.4841,-145.8856,3.5746,-23.8659,INERTIAL,1.0000,0.6733,-1,,28.5246,77.5743
149.6000,358.8114,-146.0185,3.5366,-23.0655,INERTIAL,1.0000,0.6735,-1,,28.5246,77.5743
149.7000,359.1375,-146.1510,3.5213,-21.9992,INERTIAL,1.0000,0.6737,-1,,28.5246,77.5743
149.8000,359.4674,-146.2850,3.5572,-21.1993,INERTIAL,1.0000,0.6738,-1,,28.5246,77.5743
149.9000,359.7987,-146.4196,3.5749,-20.6599,INERTIAL,1.0000,0.6740,-1,,28.5246,77.5743
150.0000,360.1333,-146.5555,3.6090,-20.1060,INERTIAL,1.0000,0.6742,-1,,28.5246,77.5743
150.1000,360.4641,-146.6899,3.5731,-19.8735,INERTIAL,1.0000,0.6743,-1,,28.5246,77.5743
150.2000,360.7920,-146.8231,3.5421,-20.2791,INERTIAL,1.0000,0.6745,-1,,28.5246,77.5743
150.3000,361.1228,-146.9575,3.5683,-21.0170,INERTIAL,1.0000,0.6747,-1,,28.5246,77.5743
150.4000,361.4537,-147.0919,3.5709,-21.7632,INERTIAL,1.0000,0.6748,-1,,28.5246,77.5743
150.5000,361.7856,-147.2267,3.5813,-21.9660,INERTIAL,1.0000,0.6750,-1,,28.5246,77.5743
150.6000,362.1184,-147.3619,3.5919,-21.9302,INERTIAL,1.0000,0.6752,-1,,28.5246,77.5743
150.7000,362.4540,-147.4982,3.6194,-22.3877,INERTIAL,1.0000,0.6753,-1,,28.5246,77.5743
150.8000,362.7884,-147.6340,3.6106,-22.9139,INERTIAL,1.0000,0.6755,-1,,28.5246,77.5743
150.9000,363.1220,-147.7696,3.6017,-23.2713,INERTIAL,1.0000,0.6757,-1,,28.5246,77.5743
151.0000,363.4594,-147.9066,3.6386,-23.8735,INERTIAL,1.0000,0.6758,-1,,28.5246,77.5743
151.1000,363.7964,-148.0435,3.6370,-23.7657,INERTIAL,1.0000,0.6760,-1,,28.5246,77.5743
151.2000,364.1334,-148.1804,3.6374,-23.5540,INERTIAL,1.0000,0.6762,-1,,28.5246,77.5743
151.3000,364.4668,-148.3158,3.6018,-24.2157,INERTIAL,1.0000,0.6763,-1,,28.5246,77.5744
151.4000,364.8027,-148.4523,3.6239,-25.4137,INERTIAL,1.0000,0.6765,-1,,28.5246,77.5744
151.5000,365.1359,-148.5876,3.5989,-26.3622,INERTIAL,1.0000,0.6767,-1,,28.5246,77.5744
151.6000,365.4669,-148.7221,3.5743,-27.1841,INERTIAL,1.0000,0.6768,-1,,28.5246,77.5744
151.7000,365.7949,-148.8553,3.5428,-27.7037,INERTIAL,1.0000,0.6770,-1,,28.5246,77.5744
151.8000,366.1259,-148.9898,3.5702,-27.4217,INERTIAL,1.0000,0.6772,-1,,28.5246,77.5744
151.9000,366.4580,-149.1247,3.5836,-26.0884,INERTIAL,1.0000,0.6773,-1,,28.5246,77.5744
152.0000,366.7926,-149.2606,3.6093,-25.3683,INERTIAL,1.0000,0.6775,-1,,28.5246,77.5744
152.1000,367.1227,-149.3947,3.5661,-25.3896,INERTIAL,1.0000,0.6777,-1,,28.5246,77.5744
152.2000,367.4531,-149.5289,3.5663,-24.5059,INERTIAL,1.0000,0.6778,-1,,28.5246,77.5744
152.3000,367.7831,-149.6630,3.5627,-23.8913,INERTIAL,1.0000,0.6780,-1,,28.5246,77.5744
152.4000,368.1118,-149.7965,3.5486,-23.8500,INERTIAL,1.0000,0.6781,-1,,28.5246,77.5744
152.5000,368.4424,-149.9308,3.5668,-22.9651,INERTIAL,1.0000,0.6783,-1,,28.5246,77.5744
152.6000,368.7765,-150.0665,3.6036,-21.9963,INERTIAL,1.0000,0.6785,-1,,28.5246,77.5744
152.7000,369.1079,-150.2011,3.5785,-22.5170,INERTIAL,1.0000,0.6786,-1,,28.5246,77.5744
152.8000,369.4410,-150.3364,3.5946,-24.0073,INERTIAL,1.0000,0.6788,-1,,28.5246,77.5744
152.9000,369.7678,-150.4692,3.5325,-25.4145,INERTIAL,1.0000,0.6790,-1,,28.5246,77.5744
153.0000,370.0962,-150.6026,3.5437,-26.3441,INERTIAL,1.0000,0.6791,-1,,28.5246,77.5744
153.1000,370.4229,-150.7353,3.5276,-26.8161,INERTIAL,1.0000,0.6793,-1,,28.5246,77.5744
153.2000,370.7488,-150.8677,3.5181,-27.3834,INERTIAL,1.0000,0.6795,-1,,28.5246,77.5744
153.3000,371.0744,-150.9999,3.5141,-27.8994,INERTIAL,1.0000,0.6796,-1,,28.5246,77.5744
153.4000,371.3980,-151.1314,3.4946,-27.7851,INERTIAL,1.0000,0.6798,-1,,28.5246,77.5744
153.5000,371.7230,-151.2634,3.5075,-27.6007,INERTIAL,1.0000,0.6800,-1,,28.5246,77.5744
153.6000,372.0508,-151.3965,3.5352,-27.8141,INERTIAL,1.0000,0.6801,-1,,28.5246,77.5744
153.7000,372.3807,-151.5306,3.5595,-28.2662,INERTIAL,1.0000,0.6803,-1,,28.5246,77.5744
153.8000,372.7107,-151.6646,3.5615,-29.0095,INERTIAL,1.0000,0.6805,-1,,28.5246,77.5744
153.9000,373.0432,-151.7997,3.5869,-29.5084,INERTIAL,1.0000,0.6806,-1,,28.5246,77.5744
154.0000,373.3751,-151.9345,3.5820,-29.8299,INERTIAL,1.0000,0.6808,-1,,28.5246,77.5744
154.1000,373.7091,-152.0702,3.6035,-30.1676,INERTIAL,1.0000,0.6810,-1,,28.5246,77.5744
154.2000,374.0441,-152.2063,3.6150,-29.3820,INERTIAL,1.0000,0.6811,-1,,28.5246,77.5744
154.3000,374.3789,-152.3423,3.6139,-28.2718,INERTIAL,1.0000,0.6813,-1,,28.5246,77.5745
154.4000,374.7129,-152.4779,3.6056,-27.2054,INERTIAL,1.0000,0.6815,-1,,28.5246,77.5745
154.5000,375.0467,-152.6135,3.6032,-26.4077,INERTIAL,1.0000,0.6816,-1,,28.5246,77.5745
154.6000,375.3845,-152.7507,3.6426,-25.2872,INERTIAL,1.0000,0.6818,-1,,28.5246,77.5745
154.7000,375.7211,-152.8875,3.6344,-24.2812,INERTIAL,1.0000,0.6820,-1,,28.5246,77.5745
154.8000,376.0558,-153.0234,3.6137,-22.6653,INERTIAL,1.0000,0.6821,-1,,28.5246,77.5745
154.9000,376.3877,-153.1583,3.5853,-21.2667,INERTIAL,1.0000,0.6823,-1,,28.5246,77.5745
155.0000,376.7194,-153.2930,3.5804,-20.4246,INERTIAL,1.0000,0.6824,-1,,28.5246,77.5745
155.1000,377.0502,-153.4274,3.5709,-19.6708,INERTIAL,1.0000,0.6826,-1,,28.5246,77.5745
155.2000,377.3812,-153.5619,3.5733,-19.4625,INERTIAL,1.0000,0.6828,-1,,28.5246,77.5745
155.3000,377.7144,-153.6972,3.5945,-19.7044,INERTIAL,1.0000,0.6829,-1,,28.5246,77.5745
155.4000,378.0486,-153.8329,3.6055,-20.0738,INERTIAL,1.0000,0.6831,-1,,28.5246,77.5745
155.5000,378.3862,-153.9701,3.6414,-20.2489,INERTIAL,1.0000,0.6833,-1,,28.5246,77.5745
155.6000,378.7226,-154.1067,3.6323,-20.3768,INERTIAL,1.0000,0.6834,-1,,28.5246,77.5745
155.7000,379.0608,-154.2441,3.6490,-20.6923,INERTIAL,1.0000,0.6836,-1,,28.5246,77.5745
155.8000,379.3979,-154.3811,3.6394,-20.9066,INERTIAL,1.0000,0.6838,-1,,28.5246,77.5745
155.9000,379.7301,-154.5160,3.5892,-21.0802,INERTIAL,1.0000,0.6839,-1,,28.5246,77.5745
156.0000,380.0616,-154.6507,3.5792,-20.9991,INERTIAL,1.0000,0.6841,-1,,28.5246,77.5745
156.1000,380.3931,-154.7853,3.5777,-20.0323,INERTIAL,1.0000,0.6843,-1,,28.5246,77.5745
156.2000,380.7276,-154.9212,3.6085,-18.8638,INERTIAL,1.0000,0.6844,-1,,28.5246,77.5745
156.3000,381.0660,-155.0587,3.6492,-17.4905,INERTIAL,1.0000,0.6846,-1,,28.5246,77.5745
156.4000,381.4036,-155.1958,3.6434,-16.1654,INERTIAL,1.0000,0.6848,-1,,28.5246,77.5745
156.5000,381.7431,-155.3337,3.6637,-14.7546,INERTIAL,1.0000,0.6849,-1,,28.5246,77.5745
156.6000,382.0774,-155.4695,3.6121,-13.4670,INERTIAL,1.0000,0.6851,-1,,28.5246,77.5745
156.7000,382.4122,-155.6055,3.6135,-12.6101,INERTIAL,1.0000,0.6852,-1,,28.5246,77.5745
156.8000,382.7478,-155.7418,3.6219,-12.3569,INERTIAL,1.0000,0.6854,-1,,28.5246,77.5745
156.9000,383.0842,-155.8785,3.6305,-11.8814,INERTIAL,1.0000,0.6856,-1,,28.5246,77.5745
157.0000,383.4204,-156.0150,3.6286,-13.0053,INERTIAL,1.0000,0.6857,-1,,28.5246,77.5745
157.1000,383.7560,-156.1514,3.6230,-15.0012,INERTIAL,1.0000,0.6859,-1,,28.5246,77.5745
157.2000,384.0930,-156.2883,3.6360,-16.2419,INERTIAL,1.0000,0.6861,-1,,28.5245,77.5746
157.3000,384.4307,-156.4254,3.6443,-16.0975,INERTIAL,1.0000,0.6862,-1,,28.5245,77.5746
157.4000,384.7712,-156.5637,3.6728,-15.4873,INERTIAL,1.0000,0.6864,-1,,28.5245,77.5746
157.5000,385.1118,-156.7021,3.6758,-15.7656,INERTIAL,1.0000,0.6866,-1,,28.5245,77.5746
157.6000,385.4534,-156.8409,3.6864,-16.7398,INERTIAL,1.0000,0.6867,-1,,28.5245,77.5746
157.7000,385.7933,-156.9789,3.6700,-18.4292,INERTIAL,1.0000,0.6869,-1,,28.5245,77.5746
157.8000,386.1375,-157.1188,3.7125,-19.9533,INERTIAL,1.0000,0.6870,-1,,28.5245,77.5746
157.9000,386.4746,-157.2557,3.6436,-21.0825,INERTIAL,1.0000,0.6872,-1,,28.5245,77.5746
158.0000,386.8172,-157.3948,3.6933,-21.5940,INERTIAL,1.0000,0.6874,-1,,28.5245,77.5746
158.1000,387.1597,-157.5340,3.6972,-21.7227,INERTIAL,1.0000,0.6875,-1,,28.5245,77.5746
158.2000,387.5044,-157.6740,3.7183,-21.7406,INERTIAL,1.0000,0.6877,-1,,28.5245,77.5746
158.3000,387.8461,-157.8128,3.6902,-21.9912,INERTIAL,1.0000,0.6879,-1,,28.5245,77.5746
158.4000,388.1895,-157.9523,3.7062,-23.0194,INERTIAL,1.0000,0.6880,-1,,28.5245,77.5746
158.5000,388.5320,-158.0914,3.6971,-24.5721,INERTIAL,1.0000,0.6882,-1,,28.5245,77.5746
158.6000,388.8748,-158.2307,3.6998,-26.0198,INERTIAL,1.0000,0.6884,-1,,28.5245,77.5746
158.7000,389.2130,-158.3681,3.6538,-27.3761,INERTIAL,1.0000,0.6885,-1,,28.5245,77.5746
158.8000,389.5526,-158.5060,3.6648,-28.3108,INERTIAL,1.0000,0.6887,-1,,28.5245,77.5746
158.9000,389.8917,-158.6438,3.6606,-28.3574,INERTIAL,1.0000,0.6888,-1,,28.5245,77.5746
159.0000,390.2338,-158.7827,3.6900,-27.6676,INERTIAL,1.0000,0.6890,-1,,28.5245,77.5746
159.1000,390.5691,-158.9190,3.6247,-25.9562,INERTIAL,1.0000,0.6892,-1,,28.5245,77.5746
159.2000,390.9081,-159.0566,3.6557,-25.3825,INERTIAL,1.0000,0.6893,-1,,28.5245,77.5746
159.3000,391.2408,-159.1918,3.5966,-26.7984,INERTIAL,1.0000,0.6895,-1,,28.5245,77.5746
159.4000,391.5753,-159.3277,3.6090,-28.6532,INERTIAL,1.0000,0.6897,-1,,28.5245,77.5746
159.5000,391.9086,-159.4631,3.5981,-30.6738,INERTIAL,1.0000,0.6898,-1,,28.5245,77.5746
159.6000,392.2434,-159.5991,3.6128,-32.5040,INERTIAL,1.0000,0.6900,-1,,28.5245,77.5746
159.7000,392.5784,-159.7351,3.6152,-34.7404,INERTIAL,1.0000,0.6902,-1,,28.5245,77.5746
159.8000,392.9132,-159.8712,3.6145,-35.4613,INERTIAL,1.0000,0.6903,-1,,28.5245,77.5746
159.9000,393.2450,-160.0059,3.5837,-34.8207,INERTIAL,1.0000,0.6905,-1,,28.5245,77.5746
160.0000,393.5753,-160.1401,3.5660,-33.3606,INERTIAL,1.0000,0.6906,-1,,28.5245,77.5746
160.1000,393.9084,-160.2754,3.5935,-31.5563,INERTIAL,1.0000,0.6908,-1,,28.5245,77.5747
160.2000,394.2392,-160.4098,3.5725,-30.0105,INERTIAL,1.0000,0.6910,-1,,28.5245,77.5747
160.3000,394.5707,-160.5445,3.5777,-29.0446,INERTIAL,1.0000,0.6911,-1,,28.5245,77.5747
160.4000,394.9030,-160.6794,3.5856,-28.4844,INERTIAL,1.0000,0.6913,-1,,28.5245,77.5747
160.5000,395.2401,-160.8164,3.6345,-27.9447,INERTIAL,1.0000,0.6915,-1,,28.5245,77.5747
160.6000,395.5783,-160.9538,3.6497,-26.9040,INERTIAL,1.0000,0.6916,-1,,28.5245,77.5747
160.7000,395.9168,-161.0913,3.6534,-25.8962,INERTIAL,1.0000,0.6918,-1,,28.5245,77.5747
160.8000,396.2546,-161.2285,3.6465,-25.8235,INERTIAL,1.0000,0.6919,-1,,28.5245,77.5747
160.9000,396.5958,-161.3671,3.6800,-25.5856,INERTIAL,1.0000,0.6921,-1,,28.5245,77.5747
161.0000,396.9340,-161.5045,3.6526,-25.9336,INERTIAL,1.0000,0.6923,-1,,28.5245,77.5747
161.1000,397.2757,-161.6433,3.6853,-25.6088,INERTIAL,1.0000,0.6924,-1,,28.5245,77.5747
161.2000,397.6126,-161.7801,3.6396,-25.1148,INERTIAL,1.0000,0.6926,-1,,28.5245,77.5747
161.3000,397.9530,-161.9184,3.6723,-24.3842,INERTIAL,1.0000,0.6928,-1,,28.5245,77.5747
161.4000,398.2898,-162.0552,3.6379,-23.8338,INERTIAL,1.0000,0.6929,-1,,28.5245,77.5747
161.5000,398.6315,-162.1940,3.6838,-23.0234,INERTIAL,1.0000,0.6931,-1,,28.5245,77.5747
161.6000,398.9682,-162.3308,3.6381,-22.4073,INERTIAL,1.0000,0.6932,-1,,28.5245,77.5747
161.7000,399.3098,-162.4695,3.6836,-21.6699,INERTIAL,1.0000,0.6934,-1,,28.5245,77.5747
161.8000,399.6441,-162.6053,3.6135,-20.9685,INERTIAL,1.0000,0.6936,-1,,28.5245,77.5747
161.9000,399.9790,-162.7414,3.6146,-20.3669,INERTIAL,1.0000,0.6937,-1,,28.5245,77.5747
162.0000,400.3114,-162.8764,3.5903,-20.1232,INERTIAL,1.0000,0.6939,-1,,28.5245,77.5747
162.1000,400.6648,-163.0096,3.6443,-20.0921,INERTIAL,1.0000,0.6941,-1,,28.5245,77.5747
162.2000,401.0066,-163.1270,3.6163,-20.3459,INERTIAL,1.0000,0.6942,-1,,28.5245,77.5747
162.3000,401.3522,-163.2458,3.6522,-19.9139,INERTIAL,1.0000,0.6944,-1,,28.5245,77.5747
162.4000,401.6940,-163.3632,3.6167,-19.5206,INERTIAL,1.0000,0.6945,-1,,28.5245,77.5747
162.5000,402.0382,-163.4814,3.6373,-19.2303,INERTIAL,1.0000,0.6947,-1,,28.5245,77.5747
162.6000,402.3815,-163.5993,3.6308,-18.9376,INERTIAL,1.0000,0.6949,-1,,28.5245,77.5747
162.7000,402.7279,-163.7183,3.6601,-18.5991,INERTIAL,1.0000,0.6950,-1,,28.5245,77.5747
162.8000,403.0708,-163.8361,3.6282,-18.1062,INERTIAL,1.0000,0.6952,-1,,28.5245,77.5747
162.9000,403.4146,-163.9542,3.6345,-17.8944,INERTIAL,1.0000,0.6953,-1,,28.5245,77.5747
163.0000,403.7533,-164.0706,3.5857,-17.2881,INERTIAL,1.0000,0.6955,-1,,28.5245,77.5748
163.1000,404.0931,-164.1873,3.5920,-17.0399,INERTIAL,1.0000,0.6957,-1,,28.5245,77.5748
163.2000,404.4325,-164.3039,3.5888,-16.8476,INERTIAL,1.0000,0.6958,-1,,28.5245,77.5748
163.3000,404.7721,-164.4206,3.5912,-17.1553,INERTIAL,1.0000,0.6960,-1,,28.5245,77.5748
163.4000,405.1098,-164.5366,3.5721,-17.8393,INERTIAL,1.0000,0.6962,-1,,28.5245,77.5748
163.5000,405.4471,-164.6525,3.5670,-18.8159,INERTIAL,1.0000,0.6963,-1,,28.5245,77.5748
163.6000,405.7854,-164.7686,3.5758,-19.3604,INERTIAL,1.0000,0.6965,-1,,28.5245,77.5748
163.7000,406.1245,-164.8852,3.5857,-19.1062,INERTIAL,1.0000,0.6966,-1,,28.5245,77.5748
163.8000,406.4675,-165.0030,3.6236,-18.2948,INERTIAL,1.0000,0.6968,-1,,28.5245,77.5748
163.9000,406.8102,-165.1207,3.6236,-17.6453,INERTIAL,1.0000,0.6970,-1,,28.5245,77.5748
164.0000,407.1533,-165.2386,3.6276,-17.1219,INERTIAL,1.0000,0.6971,-1,,28.5245,77.5748
164.1000,407.4984,-165.3571,3.6469,-17.6216,INERTIAL,1.0000,0.6973,-1,,28.5245,77.5748
164.2000,407.8449,-165.4762,3.6623,-18.5595,INERTIAL,1.0000,0.6975,-1,,28.5245,77.5748
164.3000,408.1961,-165.5968,3.7101,-19.2065,INERTIAL,1.0000,0.6976,-1,,28.5245,77.5748
164.4000,408.5471,-165.7174,3.7106,-19.1633,INERTIAL,1.0000,0.6978,-1,,28.5245,77.5748
164.5000,408.8985,-165.8381,3.7158,-19.2476,INERTIAL,1.0000,0.6979,-1,,28.5245,77.5748
164.6000,409.2494,-165.9587,3.7106,-19.9378,INERTIAL,1.0000,0.6981,-1,,28.5245,77.5748
164.7000,409.6005,-166.0793,3.7120,-20.7576,INERTIAL,1.0000,0.6983,-1,,28.5245,77.5748
164.8000,409.9540,-166.2007,3.7357,-21.9337,INERTIAL,1.0000,0.6984,-1,,28.5245,77.5748
164.9000,410.3047,-166.3212,3.7108,-22.9005,INERTIAL,1.0000,0.6986,-1,,28.5245,77.5748
165.0000,410.6551,-166.4415,3.7047,-23.6431,INERTIAL,1.0000,0.6987,-1,,28.5245,77.5748
165.1000,411.0051,-166.5618,3.7013,-24.0452,INERTIAL,1.0000,0.6989,-1,,28.5245,77.5748
165.2000,411.3517,-166.6808,3.6674,-24.8308,INERTIAL,1.0000,0.6991,-1,,28.5245,77.5748
165.3000,411.7003,-166.8006,3.6843,-25.5309,INERTIAL,1.0000,0.6992,-1,,28.5245,77.5748
165.4000,412.0485,-166.9202,3.6828,-26.4769,INERTIAL,1.0000,0.6994,-1,,28.5245,77.5748
165.5000,412.3976,-167.0401,3.6903,-27.5117,INERTIAL,1.0000,0.6995,-1,,28.5245,77.5748
165.6000,412.7417,-167.1584,3.6425,-27.2681,INERTIAL,1.0000,0.6997,-1,,28.5245,77.5748
165.7000,413.0841,-167.2760,3.6216,-26.5203,INERTIAL,1.0000,0.6999,-1,,28.5245,77.5748
165.8000,413.4246,-167.3929,3.6016,-26.7643,INERTIAL,1.0000,0.7000,-1,,28.5244,77.5749
165.9000,413.7657,-167.5101,3.6065,-27.4786,INERTIAL,1.0000,0.7002,-1,,28.5244,77.5749
166.0000,414.1051,-167.6267,3.5901,-28.0097,INERTIAL,1.0000,0.7003,-1,,28.5244,77.5749
166.1000,414.4491,-167.7449,3.6341,-27.7280,INERTIAL,1.0000,0.7005,-1,,28.5244,77.5749
166.2000,414.7899,-167.8620,3.6054,-27.3152,INERTIAL,1.0000,0.7007,-1,,28.5244,77.5749
166.3000,415.1344,-167.9803,3.6399,-26.3099,INERTIAL,1.0000,0.7008,-1,,28.5244,77.5749
166.4000,415.4727,-168.0965,3.5819,-25.4057,INERTIAL,1.0000,0.7010,-1,,28.5244,77.5749
166.5000,415.8110,-168.2127,3.5774,-23.2449,INERTIAL,1.0000,0.7012,-1,,28.5244,77.5749
166.6000,416.1497,-168.3291,3.5812,-20.8176,INERTIAL,1.0000,0.7013,-1,,28.5244,77.5749
166.7000,416.4834,-168.4437,3.5324,-18.7635,INERTIAL,1.0000,0.7015,-1,,28.5244,77.5749
166.8000,416.8125,-168.5568,3.4836,-17.4829,INERTIAL,1.0000,0.7016,-1,,28.5244,77.5749
166.9000,417.1424,-168.6701,3.4880,-15.8686,INERTIAL,1.0000,0.7018,-1,,28.5244,77.5749
167.0000,417.4717,-168.7832,3.4818,-14.7950,INERTIAL,1.0000,0.7020,-1,,28.5244,77.5749
167.1000,417.8049,-168.8977,3.5199,-13.5240,INERTIAL,1.0000,0.7021,-1,,28.5244,77.5749
167.2000,418.1326,-169.0103,3.4693,-12.0510,INERTIAL,1.0000,0.7023,-1,,28.5244,77.5749
167.3000,418.4604,-169.1229,3.4668,-11.0952,INERTIAL,1.0000,0.7024,-1,,28.5244,77.5749
167.4000,418.7890,-169.2357,3.4731,-10.5139,INERTIAL,1.0000,0.7026,-1,,28.5244,77.5749
167.5000,419.1210,-169.3498,3.5080,-9.4929,INERTIAL,1.0000,0.7028,-1,,28.5244,77.5749
167.6000,419.4500,-169.4628,3.4806,-7.0698,INERTIAL,1.0000,0.7029,-1,,28.5244,77.5749
167.7000,419.7783,-169.5756,3.4721,-4.1776,INERTIAL,1.0000,0.7031,-1,,28.5244,77.5749
167.8000,420.1093,-169.6893,3.4983,-0.3754,INERTIAL,1.0000,0.7032,-1,,28.5244,77.5749
167.9000,420.4424,-169.8038,3.5204,2.9907,INERTIAL,1.0000,0.7034,-1,,28.5244,77.5749
168.0000,420.7733,-169.9174,3.4998,5.6456,INERTIAL,1.0000,0.7036,-1,,28.5244,77.5749
168.1000,421.1062,-170.0318,3.5189,7.7259,INERTIAL,1.0000,0.7037,-1,,28.5244,77.5749
168.2000,421.4439,-170.1478,3.5666,9.2594,INERTIAL,1.0000,0.7039,-1,,28.5244,77.5749
168.3000,421.7838,-170.2646,3.5923,11.8418,INERTIAL,1.0000,0.7040,-1,,28.5244,77.5749
168.4000,422.1201,-170.3801,3.5579,15.4385,INERTIAL,1.0000,0.7042,-1,,28.5244,77.5749
168.5000,422.4569,-170.4958,3.5616,19.6380,INERTIAL,1.0000,0.7044,-1,,28.5244,77.5749
168.6000,422.7975,-170.6128,3.5974,22.0890,INERTIAL,1.0000,0.7045,-1,,28.5244,77.5749
168.7000,423.1423,-170.7312,3.6406,22.9621,INERTIAL,1.0000,0.7047,-1,,28.5244,77.5750
168.8000,423.4872,-170.8497,3.6462,23.4227,INERTIAL,1.0000,0.7049,-1,,28.5244,77.5750
168.9000,423.8351,-170.9693,3.6763,25.0820,INERTIAL,1.0000,0.7050,-1,,28.5244,77.5750
169.0000,424.1851,-171.0895,3.6988,27.8100,INERTIAL,1.0000,0.7052,-1,,28.5244,77.5750
169.1000,424.5325,-171.2088,3.6746,30.6937,INERTIAL,1.0000,0.7053,-1,,28.5244,77.5750
169.2000,424.8765,-171.3270,3.6418,33.7496,INERTIAL,1.0000,0.7055,-1,,28.5244,77.5750
169.3000,425.2212,-171.4454,3.6443,38.0108,INERTIAL,1.0000,0.7057,-1,,28.5244,77.5750
169.4000,425.5689,-171.5648,3.6727,42.5232,INERTIAL,1.0000,0.7058,-1,,28.5244,77.5750
169.5000,425.9136,-171.6832,3.6471,45.1761,INERTIAL,1.0000,0.7060,-1,,28.5244,77.5750
169.6000,426.2658,-171.8043,3.7143,47.3950,INERTIAL,1.0000,0.7062,-1,,28.5244,77.5750
169.7000,426.6187,-171.9255,3.7292,49.4125,INERTIAL,1.0000,0.7064,-1,,28.5244,77.5750
169.8000,426.9753,-172.0480,3.7641,51.4612,INERTIAL,1.0000,0.7065,-1,,28.5244,77.5750
169.9000,427.3258,-172.1684,3.7137,54.3025,INERTIAL,1.0000,0.7067,-1,,28.5244,77.5750
170.0000,427.6780,-172.2894,3.7223,56.5808,INERTIAL,1.0000,0.7069,-1,,28.5244,77.5750
170.1000,428.0309,-172.4106,3.7302,57.1838,INERTIAL,1.0000,0.7071,-1,,28.5244,77.5750
170.2000,428.3906,-172.5342,3.7931,56.7936,INERTIAL,1.0000,0.7073,-1,,28.5244,77.5750
170.3000,428.7447,-172.6558,3.7501,57.1765,INERTIAL,1.0000,0.7074,-1,,28.5244,77.5750
170.4000,429.1013,-172.7783,3.7679,59.8023,INERTIAL,1.0000,0.7076,-1,,28.5244,77.5750
170.5000,429.4520,-172.8988,3.7154,63.5211,INERTIAL,1.0000,0.7078,-1,,28.5244,77.5750
170.6000,429.8041,-173.0197,3.7216,67.9461,INERTIAL,1.0000,0.7080,-1,,28.5244,77.5750
170.7000,430.1470,-173.1375,3.6448,70.9027,INERTIAL,1.0000,0.7082,-1,,28.5244,77.5750
170.8000,430.4927,-173.2563,3.6527,71.0174,INERTIAL,1.0000,0.7085,-1,,28.5244,77.5750
170.9000,430.8293,-173.3719,3.5877,70.8931,INERTIAL,1.0000,0.7087,-1,,28.5244,77.5750
171.0000,431.1738,-173.4903,3.6246,71.7351,INERTIAL,1.0000,0.7090,-1,,28.5244,77.5750
171.1000,431.5069,-173.6047,3.5586,74.1299,INERTIAL,1.0000,0.7093,-1,,28.5244,77.5750
171.2000,431.8485,-173.7220,3.5907,76.7369,INERTIAL,1.0000,0.7097,-1,,28.5244,77.5750
171.3000,432.1713,-173.8330,3.4880,78.0759,INERTIAL,1.0000,0.7100,-1,,28.5244,77.5750
171.4000,432.5132,-173.9504,3.5603,78.6810,INERTIAL,1.0000,0.7104,-1,,28.5244,77.5750
171.5000,432.9563,-173.5711,3.5519,79.0513,INERTIAL,1.0000,0.7108,-1,,28.5244,77.5751
171.6000,432.8865,-173.2175,3.5800,79.5299,INERTIAL,1.0000,0.7112,-1,,28.5244,77.5751
171.7000,432.8192,-172.8770,3.5244,80.6403,INERTIAL,1.0000,0.7116,-1,,28.5244,77.5750
171.8000,432.7497,-172.5253,3.5546,82.4432,INERTIAL,1.0000,0.7121,-1,,28.5244,77.5750
171.9000,432.6822,-172.1835,3.5201,85.1759,INERTIAL,1.0000,0.7126,-1,,28.5244,77.5750
172.0000,432.6143,-171.8400,3.5110,88.4146,INERTIAL,1.0000,0.7131,-1,,28.5244,77.5750
172.1000,432.5521,-171.5251,3.3724,90.9752,INERTIAL,1.0000,0.7136,-1,,28.5244,77.5750
172.2000,432.4864,-171.1925,3.3806,92.4750,INERTIAL,1.0000,0.7141,-1,,28.5244,77.5750
172.3000,432.4212,-170.8625,3.3729,94.5926,INERTIAL,1.0000,0.7146,-1,,28.5244,77.5750
172.4000,432.3549,-170.5269,3.3941,96.5742,INERTIAL,1.0000,0.7152,-1,,28.5244,77.5750
172.5000,432.2918,-170.2075,3.3340,98.4608,INERTIAL,1.0000,0.7157,-1,,28.5244,77.5750
172.6000,432.2262,-169.8753,3.3564,99.7781,INERTIAL,1.0000,0.7163,-1,,28.5244,77.5750
172.7000,432.1608,-169.5444,3.3634,100.8886,INERTIAL,1.0000,0.7169,-1,,28.5244,77.5750
172.8000,432.0934,-169.2033,3.4106,101.5959,INERTIAL,1.0000,0.7175,-1,,28.5244,77.5750
172.9000,432.0318,-168.8916,3.3147,101.0366,INERTIAL,1.0000,0.7180,-1,,28.5244,77.5750
173.0000,431.9667,-168.5616,3.3352,100.3559,INERTIAL,1.0000,0.7185,-1,,28.5244,77.5750
173.1000,431.9023,-168.2359,3.3284,99.5833,INERTIAL,1.0000,0.7190,-1,,28.5244,77.5750
173.2000,431.8380,-167.9105,3.3233,98.7381,INERTIAL,1.0000,0.7195,-1,,28.5244,77.5750
173.3000,431.7760,-167.5964,3.2681,98.3914,INERTIAL,1.0000,0.7199,-1,,28.5244,77.5750
173.4000,431.7124,-167.2748,3.2733,98.3339,INERTIAL,1.0000,0.7203,-1,,28.5245,77.5750
173.5000,431.6491,-166.9544,3.2694,98.7054,INERTIAL,1.0000,0.7206,-1,,28.5245,77.5750
173.6000,431.5869,-166.6395,3.2384,99.0079,INERTIAL,1.0000,0.7210,-1,,28.5245,77.5750
173.7000,431.5267,-166.3344,3.1683,99.4808,INERTIAL,1.0000,0.7213,-1,,28.5245,77.5750
173.8000,431.4642,-166.0181,3.2002,100.5334,INERTIAL,1.0000,0.7216,-1,,28.5245,77.5750
173.9000,431.4028,-165.7072,3.1809,101.6359,INERTIAL,1.0000,0.7218,-1,,28.5245,77.5750
174.0000,431.3407,-165.3929,3.1955,102.6049,INERTIAL,1.0000,0.7221,-1,,28.5245,77.5750
174.1000,431.2796,-165.0837,3.1662,103.5866,INERTIAL,1.0000,0.7223,-1,,28.5245,77.5750
174.2000,431.2177,-164.7703,3.1866,103.6624,INERTIAL,1.0000,0.7225,-1,,28.5245,77.5750
174.3000,431.1576,-164.4661,3.1226,102.5467,INERTIAL,1.0000,0.7227,-1,,28.5245,77.5750
174.4000,431.0966,-164.1576,3.1393,100.8101,INERTIAL,1.0000,0.7229,-1,,28.5245,77.5750
174.5000,431.0361,-163.8513,3.1256,98.9154,INERTIAL,1.0000,0.7231,-1,,28.5245,77.5750
174.6000,430.9756,-163.5449,3.1238,97.1790,INERTIAL,1.0000,0.7233,-1,,28.5245,77.5750
174.7000,430.9146,-163.2360,3.1442,96.2020,INERTIAL,1.0000,0.7235,-1,,28.5245,77.5750
174.8000,430.8548,-162.9334,3.0939,96.0022,INERTIAL,1.0000,0.7237,-1,,28.5245,77.5750
174.9000,430.7950,-162.6307,3.0871,96.9570,INERTIAL,1.0000,0.7238,-1,,28.5245,77.5750
175.0000,430.7347,-162.3257,3.1062,98.7907,INERTIAL,1.0000,0.7240,-1,,28.5245,77.5750
175.1000,430.6753,-162.0249,3.0705,100.0829,INERTIAL,1.0000,0.7242,-1,,28.5245,77.5750
175.2000,430.6156,-161.7230,3.0770,100.5863,INERTIAL,1.0000,0.7243,-1,,28.5245,77.5750
175.3000,430.5559,-161.4205,3.0822,99.4712,INERTIAL,1.0000,0.7245,-1,,28.5245,77.5750
175.4000,430.4963,-161.1191,3.0737,97.6969,INERTIAL,1.0000,0.7246,-1,,28.5245,77.5750
175.5000,430.4358,-160.8127,3.1194,96.4370,INERTIAL,1.0000,0.7248,-1,,28.5245,77.5750
175.6000,430.3762,-160.5111,3.0772,95.4469,INERTIAL,1.0000,0.7249,-1,,28.5245,77.5750
175.7000,430.3177,-160.2146,3.0265,94.0075,INERTIAL,1.0000,0.7251,-1,,28.5245,77.5750
175.8000,430.2575,-159.9102,3.0970,92.9485,INERTIAL,1.0000,0.7253,-1,,28.5245,77.5750
175.9000,430.1971,-159.6044,3.1155,91.5824,INERTIAL,1.0000,0.7254,-1,,28.5245,77.5750
176.0000,430.1370,-159.3003,3.1017,89.8326,INERTIAL,1.0000,0.7256,-1,,28.5245,77.5750
176.1000,430.0761,-158.9916,3.1425,89.0171,INERTIAL,1.0000,0.7257,-1,,28.5245,77.5750
176.2000,430.0151,-158.6829,3.1472,89.1847,INERTIAL,1.0000,0.7259,-1,,28.5245,77.5750
176.3000,429.9531,-158.3691,3.1941,90.3424,INERTIAL,1.0000,0.7260,-1,,28.5245,77.5750
176.4000,429.8913,-158.0562,3.1900,91.2538,INERTIAL,1.0000,0.7262,-1,,28.5245,77.5750
176.5000,429.8300,-157.7460,3.1639,91.0672,INERTIAL,1.0000,0.7263,-1,,28.5245,77.5750
176.6000,429.7690,-157.4373,3.1479,90.2777,INERTIAL,1.0000,0.7265,-1,,28.5245,77.5750
176.7000,429.7061,-157.1191,3.2368,87.9717,INERTIAL,1.0000,0.7267,-1,,28.5245,77.5750
176.8000,429.6443,-156.8060,3.1945,85.4461,INERTIAL,1.0000,0.7268,-1,,28.5245,77.5750
176.9000,429.5812,-156.4869,3.2484,83.7907,INERTIAL,1.0000,0.7270,-1,,28.5245,77.5750
177.0000,429.5182,-156.1677,3.2534,84.0132,INERTIAL,1.0000,0.7271,-1,,28.5246,77.5750
177.1000,429.4551,-155.8483,3.2552,85.4385,INERTIAL,1.0000,0.7273,-1,,28.5246,77.5750
177.2000,429.3928,-155.5331,3.2169,87.1352,INERTIAL,1.0000,0.7274,-1,,28.5246,77.5750
177.3000,429.3304,-155.2170,3.2213,88.3161,INERTIAL,1.0000,0.7276,-1,,28.5246,77.5750
177.4000,429.2670,-154.8964,3.2647,89.2162,INERTIAL,1.0000,0.7277,-1,,28.5246,77.5750
177.5000,429.2022,-154.5681,3.3399,89.1794,INERTIAL,1.0000,0.7279,-1,,28.5246,77.5750
177.6000,429.1384,-154.2455,3.2924,88.6839,INERTIAL,1.0000,0.7280,-1,,28.5246,77.5750
177.7000,429.0734,-153.9165,3.3485,88.6815,INERTIAL,1.0000,0.7282,-1,,28.5246,77.5750
177.8000,429.0084,-153.5874,3.3543,89.5747,INERTIAL,1.0000,0.7284,-1,,28.5246,77.5750
177.9000,428.9436,-153.2591,3.3472,91.6153,INERTIAL,1.0000,0.7285,-1,,28.5246,77.5750
178.0000,428.8794,-152.9342,3.3143,94.6943,INERTIAL,1.0000,0.7287,-1,,28.5246,77.5750
178.1000,428.8136,-152.6011,3.3864,97.6111,INERTIAL,1.0000,0.7288,-1,,28.5246,77.5750
178.2000,428.7484,-152.2714,3.3628,98.5146,INERTIAL,1.0000,0.7290,-1,,28.5246,77.5750
178.3000,428.6820,-151.9352,3.4177,98.6539,INERTIAL,1.0000,0.7292,-1,,28.5246,77.5750
178.4000,428.6165,-151.6036,3.3853,98.1261,INERTIAL,1.0000,0.7294,-1,,28.5246,77.5750
178.5000,428.5507,-151.2706,3.3932,97.2477,INERTIAL,1.0000,0.7296,-1,,28.5246,77.5750
178.6000,428.4852,-150.9388,3.3837,96.8447,INERTIAL,1.0000,0.7297,-1,,28.5246,77.5750
178.7000,428.4201,-150.6093,3.3632,97.0017,INERTIAL,1.0000,0.7299,-1,,28.5246,77.5750
178.8000,428.3564,-150.2871,3.2979,96.5832,INERTIAL,1.0000,0.7301,-1,,28.5246,77.5750
178.9000,428.2916,-149.9588,3.3357,95.8702,INERTIAL,1.0000,0.7303,-1,,28.5246,77.5750
179.0000,428.2270,-149.6320,3.3315,95.6867,INERTIAL,1.0000,0.7305,-1,,28.5246,77.5750
179.1000,428.1624,-149.3049,3.3340,95.9163,INERTIAL,1.0000,0.7307,-1,,28.5246,77.5750
179.2000,428.0981,-148.9793,3.3220,96.9268,INERTIAL,1.0000,0.7309,-1,,28.5246,77.5750
179.3000,428.0335,-148.6526,3.3281,98.6299,INERTIAL,1.0000,0.7311,-1,,28.5246,77.5750
179.4000,427.9686,-148.3237,3.3478,101.1253,INERTIAL,1.0000,0.7313,-1,,28.5246,77.5750
179.5000,427.9034,-147.9942,3.3574,104.4055,INERTIAL,1.0000,0.7315,-1,,28.5246,77.5750
179.6000,427.8392,-147.6691,3.3205,107.0641,INERTIAL,1.0000,0.7316,-1,,28.5246,77.5750
179.7000,427.7736,-147.3369,3.3761,107.7913,INERTIAL,1.0000,0.7318,-1,,28.5246,77.5750
179.8000,427.7086,-147.0080,3.3553,107.8771,INERTIAL,1.0000,0.7320,-1,,28.5246,77.5750
179.9000,427.6432,-146.6770,3.3722,107.9595,INERTIAL,1.0000,0.7321,-1,,28.5246,77.5750
180.0000,427.5792,-146.3526,3.3125,107.2226,INERTIAL,1.0000,0.7323,-1,,28.5246,77.5750
180.1000,427.5147,-146.0265,3.3230,105.5736,INERTIAL,1.0000,0.7324,-1,,28.5246,77.5750
180.2000,427.4510,-145.7039,3.2915,103.2775,INERTIAL,1.0000,0.7326,-1,,28.5246,77.5750
180.3000,427.3866,-145.3781,3.3183,102.1845,INERTIAL,1.0000,0.7328,-1,,28.5246,77.5750
180.4000,427.3234,-145.0578,3.2693,101.6054,INERTIAL,1.0000,0.7329,-1,,28.5247,77.5750
180.5000,427.2585,-144.7297,3.3384,101.0120,INERTIAL,1.0000,0.7331,-1,,28.5247,77.5750
180.6000,427.1940,-144.4031,3.3303,100.3967,INERTIAL,1.0000,0.7332,-1,,28.5247,77.5750
180.7000,427.1286,-144.0718,3.3733,100.1948,INERTIAL,1.0000,0.7334,-1,,28.5247,77.5750
180.8000,427.0642,-143.7461,3.3237,100.7463,INERTIAL,1.0000,0.7335,-1,,28.5247,77.5750
180.9000,427.0091,-143.4250,3.3429,100.9951,INERTIAL,1.0000,0.7337,-1,,28.5247,77.5750
181.0000,426.9568,-143.0978,3.3157,100.8020,INERTIAL,1.0000,0.7338,-1,,28.5247,77.5750
181.1000,426.9042,-142.7693,3.3255,100.7534,INERTIAL,1.0000,0.7340,-1,,28.5247,77.5750
181.2000,426.8522,-142.4440,3.2968,100.3280,INERTIAL,1.0000,0.7341,-1,,28.5247,77.5750
181.3000,426.7997,-142.1156,3.3240,98.7742,INERTIAL,1.0000,0.7343,-1,,28.5247,77.5750
181.4000,426.7475,-141.7889,3.3090,96.5390,INERTIAL,1.0000,0.7344,-1,,28.5247,77.5750
181.5000,426.6945,-141.4575,3.3525,95.0607,INERTIAL,1.0000,0.7346,-1,,28.5247,77.5750
181.6000,426.6419,-141.1284,3.3354,93.6457,INERTIAL,1.0000,0.7348,-1,,28.5247,77.5750
181.7000,426.5883,-140.7933,3.3881,92.3295,INERTIAL,1.0000,0.7349,-1,,28.5247,77.5750
181.8000,426.5343,-140.4555,3.4181,92.3044,INERTIAL,1.0000,0.7351,-1,,28.5247,77.5750
181.9000,426.4800,-140.1162,3.4339,93.1327,INERTIAL,1.0000,0.7352,-1,,28.5247,77.5750
182.0000,426.4264,-139.7811,3.3975,94.2795,INERTIAL,1.0000,0.7354,-1,,28.5247,77.5750
182.1000,426.3725,-139.4439,3.4132,94.9070,INERTIAL,1.0000,0.7356,-1,,28.5247,77.5750
182.2000,426.3184,-139.1053,3.4271,95.2484,INERTIAL,1.0000,0.7357,-1,,28.5247,77.5750
182.3000,426.2639,-138.7646,3.4475,95.0292,INERTIAL,1.0000,0.7359,-1,,28.5247,77.5750
182.4000,426.2101,-138.4278,3.4151,94.2483,INERTIAL,1.0000,0.7360,-1,,28.5247,77.5750
182.5000,426.1558,-138.0886,3.4325,93.5666,INERTIAL,1.0000,0.7362,-1,,28.5247,77.5750
182.6000,426.1016,-137.7497,3.4322,92.9250,INERTIAL,1.0000,0.7364,-1,,28.5247,77.5750
182.7000,426.0469,-137.4075,3.4625,92.1071,INERTIAL,1.0000,0.7365,-1,,28.5247,77.5750
182.8000,425.9932,-137.0714,3.4091,92.0109,INERTIAL,1.0000,0.7367,-1,,28.5247,77.5750
182.9000,425.9390,-136.7328,3.4268,91.8085,INERTIAL,1.0000,0.7368,-1,,28.5247,77.5750
183.0000,425.8844,-136.3909,3.4585,90.5051,INERTIAL,1.0000,0.7370,-1,,28.5247,77.5750
183.1000,425.8296,-136.0482,3.4692,89.2361,INERTIAL,1.0000,0.7372,-1,,28.5247,77.5750
183.2000,425.7758,-135.7120,3.4113,88.7896,INERTIAL,1.0000,0.7373,-1,,28.5247,77.5750
183.3000,425.7221,-135.3758,3.4055,88.9332,INERTIAL,1.0000,0.7375,-1,,28.5247,77.5750
183.4000,425.6680,-135.0373,3.4261,89.8504,INERTIAL,1.0000,0.7376,-1,,28.5247,77.5750
183.5000,425.6132,-134.6946,3.4668,90.5117,INERTIAL,1.0000,0.7378,-1,,28.5247,77.5750
183.6000,425.5591,-134.3564,3.4282,91.3884,INERTIAL,1.0000,0.7379,-1,,28.5247,77.5750
183.7000,425.5047,-134.0163,3.4427,93.7512,INERTIAL,1.0000,0.7381,-1,,28.5247,77.5750
183.8000,425.4506,-133.6782,3.4261,95.7542,INERTIAL,1.0000,0.7382,-1,,28.5248,77.5750
183.9000,425.3964,-133.3388,3.4363,96.7979,INERTIAL,1.0000,0.7384,-1,,28.5248,77.5750
184.0000,425.3420,-132.9989,3.4414,96.6825,INERTIAL,1.0000,0.7385,-1,,28.5248,77.5750
184.1000,425.2877,-132.6593,3.4390,96.3184,INERTIAL,1.0000,0.7387,-1,,28.5248,77.5750
184.2000,425.2340,-132.3232,3.4063,95.4866,INERTIAL,1.0000,0.7389,-1,,28.5248,77.5750
184.3000,425.1801,-131.9861,3.4134,93.8293,INERTIAL,1.0000,0.7390,-1,,28.5248,77.5750
184.4000,425.1271,-131.6549,3.3590,91.9677,INERTIAL,1.0000,0.7392,-1,,28.5248,77.5750
184.5000,425.0974,-131.3410,3.3820,90.5301,INERTIAL,1.0000,0.7393,-1,,28.5248,77.5750
184.6000,425.0769,-131.0080,3.3399,89.3530,INERTIAL,1.0000,0.7395,-1,,28.5248,77.5750
184.7000,425.0561,-130.6695,3.3875,88.7847,INERTIAL,1.0000,0.7396,-1,,28.5248,77.5750
184.8000,425.0354,-130.3326,3.3760,89.1458,INERTIAL,1.0000,0.7398,-1,,28.5248,77.5750
184.9000,425.0149,-129.9984,3.3508,90.1957,INERTIAL,1.0000,0.7399,-1,,28.5248,77.5750
185.0000,424.9944,-129.6664,3.3282,91.6630,INERTIAL,1.0000,0.7401,-1,,28.5248,77.5750
185.1000,424.9740,-129.3337,3.3325,92.1135,INERTIAL,1.0000,0.7402,-1,,28.5248,77.5750
185.2000,424.9537,-129.0035,3.3104,91.0083,INERTIAL,1.0000,0.7404,-1,,28.5248,77.5750
185.3000,424.9334,-128.6735,3.3059,90.5136,INERTIAL,1.0000,0.7405,-1,,28.5248,77.5750
185.4000,424.9133,-128.3463,3.2806,91.2489,INERTIAL,1.0000,0.7407,-1,,28.5248,77.5750
185.5000,424.8930,-128.0165,3.3026,91.7254,INERTIAL,1.0000,0.7408,-1,,28.5248,77.5750
185.6000,424.8731,-127.6928,3.2478,91.1140,INERTIAL,1.0000,0.7410,-1,,28.5248,77.5750
185.7000,424.8532,-127.3697,3.2376,89.7013,INERTIAL,1.0000,0.7411,-1,,28.5248,77.5750
185.8000,424.8333,-127.0453,3.2488,88.7070,INERTIAL,1.0000,0.7413,-1,,28.5248,77.5750
185.9000,424.8133,-126.7201,3.2582,88.3962,INERTIAL,1.0000,0.7414,-1,,28.5248,77.5750
186.0000,424.7935,-126.3983,3.2263,87.6732,INERTIAL,1.0000,0.7416,-1,,28.5248,77.5750
186.1000,424.7735,-126.0737,3.2500,87.0976,INERTIAL,1.0000,0.7418,-1,,28.5248,77.5750
186.2000,424.7533,-125.7453,3.2862,86.5192,INERTIAL,1.0000,0.7419,-1,,28.5248,77.5750
186.3000,424.7331,-125.4161,3.2968,86.9838,INERTIAL,1.0000,0.7421,-1,,28.5248,77.5750
186.4000,424.7131,-125.0910,3.2616,88.8002,INERTIAL,1.0000,0.7422,-1,,28.5248,77.5750
186.5000,424.6931,-124.7656,3.2598,90.5484,INERTIAL,1.0000,0.7424,-1,,28.5248,77.5750
186.6000,424.6728,-124.4357,3.3005,91.3407,INERTIAL,1.0000,0.7426,-1,,28.5248,77.5750
186.7000,424.6526,-124.1066,3.2975,91.6506,INERTIAL,1.0000,0.7427,-1,,28.5248,77.5750
186.8000,424.6325,-123.7804,3.2703,92.3246,INERTIAL,1.0000,0.7429,-1,,28.5248,77.5750
186.9000,424.6126,-123.4557,3.2551,92.9265,INERTIAL,1.0000,0.7430,-1,,28.5248,77.5750
187.0000,424.5921,-123.1222,3.3338,92.9124,INERTIAL,1.0000,0.7432,-1,,28.5248,77.5750
187.1000,424.5717,-122.7911,3.3185,93.0557,INERTIAL,1.0000,0.7433,-1,,28.5249,77.5750
187.2000,424.5514,-122.4612,3.3067,92.6825,INERTIAL,1.0000,0.7435,-1,,28.5249,77.5750
187.3000,424.5311,-122.1314,3.3041,92.7149,INERTIAL,1.0000,0.7437,-1,,28.5249,77.5750
187.4000,424.5106,-121.7972,3.3428,92.8080,INERTIAL,1.0000,0.7438,-1,,28.5249,77.5750
187.5000,424.4905,-121.4706,3.2806,92.5582,INERTIAL,1.0000,0.7440,-1,,28.5249,77.5750
187.6000,424.4703,-121.1427,3.2845,92.5465,INERTIAL,1.0000,0.7441,-1,,28.5249,77.5750
187.7000,424.4499,-120.8106,3.3226,93.4776,INERTIAL,1.0000,0.7443,-1,,28.5249,77.5750
187.8000,424.4293,-120.4761,3.3495,94.0587,INERTIAL,1.0000,0.7445,-1,,28.5249,77.5750
187.9000,424.4092,-120.1486,3.2866,93.5638,INERTIAL,1.0000,0.7446,-1,,28.5249,77.5750
188.0000,424.3888,-119.8158,3.3302,92.9357,INERTIAL,1.0000,0.7448,-1,,28.5249,77.5750
188.1000,424.3683,-119.4824,3.3399,92.5230,INERTIAL,1.0000,0.7449,-1,,28.5249,77.5750
188.2000,424.3474,-119.1427,3.3987,91.7728,INERTIAL,1.0000,0.7451,-1,,28.5249,77.5750
188.3000,424.3270,-118.8118,3.3217,91.1627,INERTIAL,1.0000,0.7452,-1,,28.5249,77.5750
188.4000,424.3066,-118.4801,3.3229,90.6465,INERTIAL,1.0000,0.7454,-1,,28.5249,77.5750
188.5000,424.2862,-118.1484,3.3235,89.5738,INERTIAL,1.0000,0.7455,-1,,28.5249,77.5750
188.6000,424.2655,-117.8106,3.3795,88.4795,INERTIAL,1.0000,0.7457,-1,,28.5249,77.5750
188.7000,424.2448,-117.4746,3.3672,86.8526,INERTIAL,1.0000,0.7458,-1,,28.5249,77.5750
188.8000,424.2239,-117.1345,3.4043,84.9701,INERTIAL,1.0000,0.7460,-1,,28.5249,77.5750
188.9000,424.2030,-116.7950,3.4015,82.9238,INERTIAL,1.0000,0.7461,-1,,28.5249,77.5750
189.0000,424.1823,-116.4588,3.3708,80.7648,INERTIAL,1.0000,0.7463,-1,,28.5249,77.5750
189.1000,424.1618,-116.1254,3.3426,79.8130,INERTIAL,1.0000,0.7464,-1,,28.5249,77.5750
189.2000,424.1415,-115.7940,3.3219,79.8096,INERTIAL,1.0000,0.7466,-1,,28.5249,77.5750
189.3000,424.1211,-115.4629,3.3183,79.6841,INERTIAL,1.0000,0.7467,-1,,28.5249,77.5750
189.4000,424.1007,-115.1313,3.3211,80.0176,INERTIAL,1.0000,0.7469,-1,,28.5249,77.5750
189.5000,424.0804,-114.8010,3.3103,79.9168,INERTIAL,1.0000,0.7470,-1,,28.5249,77.5750
189.6000,424.0599,-114.4670,3.3442,80.1225,INERTIAL,1.0000,0.7472,-1,,28.5249,77.5750
189.7000,424.0395,-114.1360,3.3181,81.0201,INERTIAL,1.0000,0.7473,-1,,28.5249,77.5750
189.8000,424.0190,-113.8029,3.3360,82.1747,INERTIAL,1.0000,0.7475,-1,,28.5249,77.5750
189.9000,423.9987,-113.4725,3.3120,82.0001,INERTIAL,1.0000,0.7476,-1,,28.5249,77.5750
190.0000,423.9784,-113.1426,3.3060,81.5487,INERTIAL,1.0000,0.7478,-1,,28.5249,77.5750
190.1000,423.9581,-112.8120,3.3116,80.6959,INERTIAL,1.0000,0.7479,-1,,28.5249,77.5750
190.2000,423.9377,-112.4794,3.3304,80.4353,INERTIAL,1.0000,0.7481,-1,,28.5249,77.5750
190.3000,423.9173,-112.1488,3.3136,80.2761,INERTIAL,1.0000,0.7482,-1,,28.5249,77.5750
190.4000,423.8969,-111.8161,3.3317,79.8014,INERTIAL,1.0000,0.7484,-1,,28.5249,77.5750
190.5000,423.8763,-111.4814,3.3520,78.4363,INERTIAL,1.0000,0.7485,-1,,28.5250,77.5750
190.6000,423.8611,-111.1654,3.3822,77.9528,INERTIAL,1.0000,0.7487,-1,,28.5250,77.5750
190.7000,423.8718,-110.8305,3.3529,79.1985,INERTIAL,1.0000,0.7488,-1,,28.5250,77.5750
190.8000,423.8825,-110.4967,3.3411,81.2281,INERTIAL,1.0000,0.7490,-1,,28.5250,77.5750
190.9000,423.8931,-110.1635,3.3343,82.3166,INERTIAL,1.0000,0.7491,-1,,28.5250,77.5750
191.0000,423.9036,-109.8345,3.2943,82.7653,INERTIAL,1.0000,0.7493,-1,,28.5250,77.5750
191.1000,423.9140,-109.5090,3.2593,82.5879,INERTIAL,1.0000,0.7494,-1,,28.5250,77.5750
191.2000,423.9244,-109.1860,3.2340,81.5801,INERTIAL,1.0000,0.7496,-1,,28.5250,77.5750
191.3000,423.9347,-108.8644,3.2194,80.0691,INERTIAL,1.0000,0.7497,-1,,28.5250,77.5750
191.4000,423.9450,-108.5403,3.2409,78.9364,INERTIAL,1.0000,0.7499,-1,,28.5250,77.5750
191.5000,423.9550,-108.2263,3.1489,79.0030,INERTIAL,1.0000,0.7500,-1,,28.5250,77.5750
191.6000,423.9651,-107.9106,3.1576,79.5959,INERTIAL,1.0000,0.7502,-1,,28.5250,77.5750
191.7000,423.9754,-107.5880,3.2220,79.5148,INERTIAL,1.0000,0.7503,-1,,28.5250,77.5750
191.8000,423.9859,-107.2605,3.2735,78.5480,INERTIAL,1.0000,0.7505,-1,,28.5250,77.5750
191.9000,423.9963,-106.9340,3.2668,77.7661,INERTIAL,1.0000,0.7506,-1,,28.5250,77.5750
192.0000,424.0068,-106.6070,3.2717,76.8334,INERTIAL,1.0000,0.7508,-1,,28.5250,77.5750
192.1000,424.0173,-106.2781,3.2892,75.4000,INERTIAL,1.0000,0.7509,-1,,28.5250,77.5750
192.2000,424.0279,-105.9469,3.3112,74.9143,INERTIAL,1.0000,0.7511,-1,,28.5250,77.5750
192.3000,424.0385,-105.6166,3.3056,75.7414,INERTIAL,1.0000,0.7512,-1,,28.5250,77.5750
192.4000,424.0490,-105.2861,3.3065,76.8093,INERTIAL,1.0000,0.7514,-1,,28.5250,77.5750
192.5000,424.0595,-104.9593,3.2724,77.5596,INERTIAL,1.0000,0.7515,-1,,28.5250,77.5750
192.6000,424.0700,-104.6308,3.2860,77.5786,INERTIAL,1.0000,0.7517,-1,,28.5250,77.5750
192.7000,424.0804,-104.3046,3.2647,77.3086,INERTIAL,1.0000,0.7518,-1,,28.5250,77.5750
192.8000,424.0909,-103.9765,3.2819,77.6179,INERTIAL,1.0000,0.7520,-1,,28.5250,77.5750
192.9000,424.1014,-103.6470,3.2952,78.4629,INERTIAL,1.0000,0.7521,-1,,28.5250,77.5750
193.0000,424.1121,-103.3133,3.3352,79.4129,INERTIAL,1.0000,0.7523,-1,,28.5250,77.5750
193.1000,424.1227,-102.9809,3.3268,79.9196,INERTIAL,1.0000,0.7524,-1,,28.5250,77.5750
193.2000,424.1334,-102.6464,3.3453,80.3657,INERTIAL,1.0000,0.7526,-1,,28.5250,77.5750
193.3000,424.1440,-102.3149,3.3183,80.8449,INERTIAL,1.0000,0.7527,-1,,28.5250,77.5750
193.4000,424.1546,-101.9813,3.3369,81.8138,INERTIAL,1.0000,0.7529,-1,,28.5250,77.5750
193.5000,424.1653,-101.6484,3.3313,82.7101,INERTIAL,1.0000,0.7530,-1,,28.5250,77.5750
193.6000,424.1759,-101.3157,3.3289,83.0336,INERTIAL,1.0000,0.7532,-1,,28.5250,77.5750
193.7000,424.1867,-100.9785,3.3695,82.6836,INERTIAL,1.0000,0.7533,-1,,28.5250,77.5750
193.8000,424.1975,-100.6397,3.3886,82.2692,INERTIAL,1.0000,0.7535,-1,,28.5250,77.5750
193.9000,424.2084,-100.2986,3.4108,82.1720,INERTIAL,1.0000,0.7536,-1,,28.5251,77.5750
194.0000,424.2193,-99.9580,3.4084,82.2376,INERTIAL,1.0000,0.7538,-1,,28.5251,77.5750
194.1000,424.2301,-99.6202,3.3815,83.3789,INERTIAL,1.0000,0.7539,-1,,28.5251,77.5750
194.2000,424.2409,-99.2827,3.3774,84.8474,INERTIAL,1.0000,0.7541,-1,,28.5251,77.5750
194.3000,424.2517,-98.9449,3.3795,85.9830,INERTIAL,1.0000,0.7542,-1,,28.5251,77.5750
194.4000,424.2625,-98.6075,3.3756,86.1293,INERTIAL,1.0000,0.7544,-1,,28.5251,77.5750
194.5000,424.2732,-98.2704,3.3730,85.2462,INERTIAL,1.0000,0.7545,-1,,28.5251,77.5750
194.6000,424.2841,-97.9320,3.3849,84.0863,INERTIAL,1.0000,0.7547,-1,,28.5251,77.5750
194.7000,424.2948,-97.5968,3.3562,83.5539,INERTIAL,1.0000,0.7548,-1,,28.5251,77.5750
194.8000,424.3054,-97.2657,3.3163,82.4996,INERTIAL,1.0000,0.7550,-1,,28.5251,77.5750
194.9000,424.3160,-96.9327,3.3297,81.4164,INERTIAL,1.0000,0.7551,-1,,28.5251,77.5750
195.0000,424.3266,-96.5996,3.3330,80.7694,INERTIAL,1.0000,0.7553,-1,,28.5251,77.5750
195.1000,424.3373,-96.2671,3.3269,81.2125,INERTIAL,1.0000,0.7554,-1,,28.5251,77.5750
195.2000,424.3479,-95.9341,3.3313,82.5798,INERTIAL,1.0000,0.7556,-1,,28.5251,77.5750
195.3000,424.3582,-95.6213,3.3262,84.3909,INERTIAL,1.0000,0.7557,-1,,28.5251,77.5750
195.4000,424.3967,-95.2887,3.3458,86.1114,INERTIAL,1.0000,0.7559,-1,,28.5251,77.5750
195.5000,424.4354,-94.9539,3.3687,87.2515,INERTIAL,1.0000,0.7560,-1,,28.5251,77.5750
195.6000,424.4741,-94.6197,3.3647,87.8537,INERTIAL,1.0000,0.7561,-1,,28.5251,77.5750
195.7000,424.5125,-94.2875,3.3460,88.2837,INERTIAL,1.0000,0.7563,-1,,28.5251,77.5750
195.8000,424.5514,-93.9511,3.3831,87.5647,INERTIAL,1.0000,0.7564,-1,,28.5251,77.5750
195.9000,424.5912,-93.6077,3.4511,86.8368,INERTIAL,1.0000,0.7566,-1,,28.5251,77.5750
196.0000,424.6312,-93.2614,3.4833,85.6072,INERTIAL,1.0000,0.7567,-1,,28.5251,77.5750
196.1000,424.6707,-92.9205,3.4356,83.7242,INERTIAL,1.0000,0.7569,-1,,28.5251,77.5750
196.2000,424.7108,-92.5736,3.4852,81.4223,INERTIAL,1.0000,0.7571,-1,,28.5251,77.5750
196.3000,424.7522,-92.2159,3.5864,80.3906,INERTIAL,1.0000,0.7572,-1,,28.5251,77.5750
196.4000,424.7932,-91.8622,3.5637,79.9900,INERTIAL,1.0000,0.7574,-1,,28.5251,77.5750
196.5000,424.8345,-91.5049,3.5919,79.5468,INERTIAL,1.0000,0.7576,-1,,28.5251,77.5750
196.6000,424.8760,-91.1466,3.6049,79.5642,INERTIAL,1.0000,0.7577,-1,,28.5251,77.5750
196.7000,424.9176,-90.7867,3.6209,79.9228,INERTIAL,1.0000,0.7579,-1,,28.5251,77.5750
196.8000,424.9590,-90.4292,3.6010,80.5282,INERTIAL,1.0000,0.7580,-1,,28.5251,77.5750
196.9000,425.0002,-90.0729,3.5883,81.3758,INERTIAL,1.0000,0.7582,-1,,28.5251,77.5750
197.0000,425.0419,-89.7125,3.6241,82.1489,INERTIAL,1.0000,0.7583,-1,,28.5251,77.5750
197.1000,425.0842,-89.3468,3.6760,82.3666,INERTIAL,1.0000,0.7585,-1,,28.5252,77.5750
197.2000,425.1265,-88.9815,3.6774,82.4381,INERTIAL,1.0000,0.7586,-1,,28.5252,77.5750
197.3000,425.1689,-88.6154,3.6847,82.2158,INERTIAL,1.0000,0.7588,-1,,28.5252,77.5750
197.4000,425.2113,-88.2486,3.6923,81.3572,INERTIAL,1.0000,0.7589,-1,,28.5252,77.5750
197.5000,425.2540,-87.8800,3.7088,80.3372,INERTIAL,1.0000,0.7591,-1,,28.5252,77.5750
197.6000,425.2967,-87.5109,3.7156,79.5311,INERTIAL,1.0000,0.7592,-1,,28.5252,77.5750
197.7000,425.3398,-87.1381,3.7495,78.9092,INERTIAL,1.0000,0.7594,-1,,28.5252,77.5750
197.8000,425.3822,-86.7714,3.6957,78.7216,INERTIAL,1.0000,0.7595,-1,,28.5252,77.5750
197.9000,425.4251,-86.4007,3.7292,78.7052,INERTIAL,1.0000,0.7597,-1,,28.5252,77.5750
198.0000,425.4680,-86.0302,3.7297,79.0009,INERTIAL,1.0000,0.7598,-1,,28.5252,77.5750
198.1000,425.5110,-85.6585,3.7411,78.3171,INERTIAL,1.0000,0.7600,-1,,28.5252,77.5750
198.2000,425.5535,-85.2914,3.6993,78.1218,INERTIAL,1.0000,0.7601,-1,,28.5252,77.5750
198.3000,425.5960,-84.9240,3.6979,77.8926,INERTIAL,1.0000,0.7603,-1,,28.5252,77.5750
198.4000,425.6378,-84.5624,3.6449,77.6633,INERTIAL,1.0000,0.7604,-1,,28.5252,77.5750
198.5000,425.6798,-84.2002,3.6456,78.5127,INERTIAL,1.0000,0.7606,-1,,28.5252,77.5750
198.6000,425.7215,-83.8393,3.6341,79.2573,INERTIAL,1.0000,0.7607,-1,,28.5252,77.5750
198.7000,425.7714,-83.4845,3.6465,79.3860,INERTIAL,1.0000,0.7609,-1,,28.5252,77.5750
198.8000,425.8229,-83.1261,3.6226,79.8807,INERTIAL,1.0000,0.7610,-1,,28.5252,77.5750
198.9000,425.8746,-82.7652,3.6438,80.9534,INERTIAL,1.0000,0.7611,-1,,28.5252,77.5750
199.0000,425.9260,-82.4071,3.6200,82.2637,INERTIAL,1.0000,0.7613,-1,,28.5252,77.5750
199.1000,425.9778,-82.0464,3.6423,83.1859,INERTIAL,1.0000,0.7614,-1,,28.5252,77.5750
199.2000,426.0300,-81.6822,3.6762,83.1037,INERTIAL,1.0000,0.7616,-1,,28.5252,77.5750
199.3000,426.0821,-81.3192,3.6676,82.5160,INERTIAL,1.0000,0.7617,-1,,28.5252,77.5750
199.4000,426.1337,-80.9591,3.6406,82.0908,INERTIAL,1.0000,0.7619,-1,,28.5252,77.5750
199.5000,426.1855,-80.5981,3.6466,82.3041,INERTIAL,1.0000,0.7620,-1,,28.5252,77.5750
199.6000,426.2365,-80.2427,3.5940,83.0511,INERTIAL,1.0000,0.7622,-1,,28.5252,77.5750
199.7000,426.2880,-79.8835,3.6263,83.1627,INERTIAL,1.0000,0.7623,-1,,28.5252,77.5750
199.8000,426.3401,-79.5206,3.6627,82.3409,INERTIAL,1.0000,0.7625,-1,,28.5252,77.5750
199.9000,426.3914,-79.1627,3.6195,81.1585,INERTIAL,1.0000,0.7626,-1,,28.5252,77.5750
200.0000,426.4430,-78.8031,3.6313,80.1977,INERTIAL,1.0000,0.7628,-1,,28.5252,77.5750
200.1000,426.4939,-78.4481,3.5898,79.2047,INERTIAL,1.0000,0.7629,-1,,28.5252,77.5750
200.2000,426.5459,-78.0857,3.6563,78.1282,INERTIAL,1.0000,0.7631,-1,,28.5253,77.5750
200.3000,426.5975,-77.7263,3.6327,77.8876,INERTIAL,1.0000,0.7632,-1,,28.5253,77.5750
200.4000,426.6498,-77.3619,3.6776,77.5110,INERTIAL,1.0000,0.7634,-1,,28.5253,77.5750
200.5000,426.7021,-76.9972,3.6832,76.1458,INERTIAL,1.0000,0.7635,-1,,28.5253,77.5750
200.6000,426.7544,-76.6326,3.6837,75.1324,INERTIAL,1.0000,0.7637,-1,,28.5253,77.5750
200.7000,426.8064,-76.2702,3.6625,74.7761,INERTIAL,1.0000,0.7638,-1,,28.5253,77.5750
200.8000,426.8592,-75.9018,3.7172,74.9737,INERTIAL,1.0000,0.7640,-1,,28.5253,77.5750
200.9000,426.9117,-75.5361,3.6960,75.1653,INERTIAL,1.0000,0.7641,-1,,28.5253,77.5750
201.0000,426.9648,-75.1657,3.7392,74.7546,INERTIAL,1.0000,0.7643,-1,,28.5253,77.5750
201.1000,427.0168,-74.8033,3.6665,73.8784,INERTIAL,1.0000,0.7644,-1,,28.5253,77.5750
201.2000,427.0699,-74.4333,3.7330,74.2658,INERTIAL,1.0000,0.7645,-1,,28.5253,77.5750
201.3000,427.1227,-74.0653,3.7184,74.5157,INERTIAL,1.0000,0.7647,-1,,28.5253,77.5750
201.4000,427.1768,-73.6883,3.8020,75.0308,INERTIAL,1.0000,0.7648,-1,,28.5253,77.5750
201.5000,427.2298,-73.3186,3.7394,74.7263,INERTIAL,1.0000,0.7650,-1,,28.5253,77.5750
201.6000,427.2839,-72.9419,3.8014,73.5895,INERTIAL,1.0000,0.7651,-1,,28.5253,77.5750
201.7000,427.3380,-72.5643,3.8129,71.8611,INERTIAL,1.0000,0.7653,-1,,28.5253,77.5750
201.8000,427.3936,-72.1770,3.9056,70.0332,INERTIAL,1.0000,0.7654,-1,,28.5253,77.5750
201.9000,427.4481,-71.7968,3.8459,68.9357,INERTIAL,1.0000,0.7656,-1,,28.5253,77.5750
202.0000,427.5031,-71.4133,3.8716,67.6453,INERTIAL,1.0000,0.7657,-1,,28.5253,77.5750
202.1000,427.5569,-71.0384,3.7941,66.3763,INERTIAL,1.0000,0.7659,-1,,28.5253,77.5750
202.2000,427.6111,-70.6610,3.8116,65.8738,INERTIAL,1.0000,0.7660,-1,,28.5253,77.5750
202.3000,427.6646,-70.2876,3.7749,66.0905,INERTIAL,1.0000,0.7662,-1,,28.5253,77.5750
202.4000,427.7190,-69.9089,3.8222,67.2178,INERTIAL,1.0000,0.7663,-1,,28.5253,77.5750
202.5000,427.7728,-69.5334,3.7950,67.1545,INERTIAL,1.0000,0.7665,-1,,28.5253,77.5750
202.6000,427.8273,-69.1538,3.8319,66.5884,INERTIAL,1.0000,0.7666,-1,,28.5253,77.5750
202.7000,427.8804,-68.7836,3.7469,66.7783,INERTIAL,1.0000,0.7668,-1,,28.5253,77.5750
202.8000,427.9347,-68.4049,3.8202,68.3317,INERTIAL,1.0000,0.7669,-1,,28.5253,77.5750
202.9000,427.9889,-68.0275,3.8128,69.8554,INERTIAL,1.0000,0.7671,-1,,28.5253,77.5750
203.0000,428.0692,-67.6770,3.8580,70.4169,INERTIAL,1.0000,0.7672,-1,,28.5253,77.5750
203.1000,428.1658,-67.3055,3.8403,69.7518,INERTIAL,1.0000,0.7674,-1,,28.5253,77.5750
203.2000,428.2632,-66.9310,3.8666,68.7330,INERTIAL,1.0000,0.7675,-1,,28.5254,77.5750
203.3000,428.3597,-66.5600,3.8365,67.0432,INERTIAL,1.0000,0.7677,-1,,28.5254,77.5750
203.4000,428.4556,-66.1911,3.8144,65.3788,INERTIAL,1.0000,0.7678,-1,,28.5254,77.5750
203.5000,428.5506,-65.8255,3.7828,65.8074,INERTIAL,1.0000,0.7680,-1,,28.5254,77.5750
203.6000,428.6443,-65.4653,3.7314,67.7817,INERTIAL,1.0000,0.7682,-1,,28.5254,77.5750
203.7000,428.7389,-65.1015,3.7547,69.0771,INERTIAL,1.0000,0.7683,-1,,28.5254,77.5750
203.8000,428.8346,-64.7335,3.7926,69.7665,INERTIAL,1.0000,0.7685,-1,,28.5254,77.5750
203.9000,428.9287,-64.3717,3.7494,70.5057,INERTIAL,1.0000,0.7687,-1,,28.5254,77.5750
204.0000,429.0238,-64.0060,3.7725,71.1794,INERTIAL,1.0000,0.7689,-1,,28.5254,77.5750
204.1000,429.1180,-63.6435,3.7514,71.8914,INERTIAL,1.0000,0.7691,-1,,28.5254,77.5750
204.2000,429.2113,-63.2846,3.7193,72.8191,INERTIAL,1.0000,0.7693,-1,,28.5254,77.5750
204.3000,429.3058,-62.9213,3.7453,73.3568,INERTIAL,1.0000,0.7695,-1,,28.5254,77.5750
204.4000,429.3995,-62.5608,3.7294,71.2902,INERTIAL,1.0000,0.7697,-1,,28.5254,77.5750
204.5000,429.4944,-62.1961,3.7579,69.0197,INERTIAL,1.0000,0.7699,-1,,28.5254,77.5750
204.6000,429.5892,-61.8316,3.7644,67.7012,INERTIAL,1.0000,0.7701,-1,,28.5254,77.5750
204.7000,429.6848,-61.4636,3.7929,67.9609,INERTIAL,1.0000,0.7703,-1,,28.5254,77.5750
204.8000,429.7812,-61.0931,3.8213,70.0590,INERTIAL,1.0000,0.7705,-1,,28.5254,77.5750
204.9000,429.8770,-60.7245,3.8109,71.6257,INERTIAL,1.0000,0.7707,-1,,28.5254,77.5750
205.0000,429.9710,-60.3630,3.7499,73.1878,INERTIAL,1.0000,0.7709,-1,,28.5254,77.5750
205.1000,430.0649,-60.0019,3.7352,74.9052,INERTIAL,1.0000,0.7710,-1,,28.5254,77.5750
205.2000,430.1573,-59.6467,3.6851,75.9650,INERTIAL,1.0000,0.7713,-1,,28.5254,77.5750
205.3000,430.2490,-59.2939,3.6569,76.1790,INERTIAL,1.0000,0.7715,-1,,28.5254,77.5750
205.4000,430.3409,-58.9404,3.6539,77.0444,INERTIAL,1.0000,0.7717,-1,,28.5254,77.5750
205.5000,430.4327,-58.5873,3.6499,77.0721,INERTIAL,1.0000,0.7720,-1,,28.5254,77.5750
205.6000,430.5248,-58.2334,3.6541,76.4510,INERTIAL,1.0000,0.7722,-1,,28.5254,77.5750
205.7000,430.6163,-57.8814,3.6428,76.0913,INERTIAL,1.0000,0.7725,-1,,28.5254,77.5750
205.8000,430.7062,-57.5358,3.5945,76.2172,INERTIAL,1.0000,0.7727,-1,,28.5254,77.5750
205.9000,430.7979,-57.1831,3.6281,76.2303,INERTIAL,1.0000,0.7729,-1,,28.5254,77.5750
206.0000,430.8905,-56.8270,3.6632,76.0344,INERTIAL,1.0000,0.7732,-1,,28.5254,77.5750
206.1000,430.9817,-56.4760,3.6379,75.7233,INERTIAL,1.0000,0.7734,-1,,28.5254,77.5750
206.2000,431.0714,-56.1312,3.5846,75.2330,INERTIAL,1.0000,0.7736,-1,,28.5254,77.5750
206.3000,431.1604,-55.7887,3.5514,75.2173,INERTIAL,1.0000,0.7738,-1,,28.5255,77.5750
206.4000,431.2493,-55.4468,3.5376,75.2648,INERTIAL,1.0000,0.7740,-1,,28.5255,77.5750
206.5000,431.3370,-55.1096,3.4960,75.6572,INERTIAL,1.0000,0.7742,-1,,28.5255,77.5750
206.6000,431.4232,-54.7780,3.4418,76.1972,INERTIAL,1.0000,0.7744,-1,,28.5255,77.5750
206.7000,431.5096,-54.4459,3.4334,75.4407,INERTIAL,1.0000,0.7745,-1,,28.5255,77.5750
206.8000,431.5954,-54.1160,3.4139,74.3442,INERTIAL,1.0000,0.7747,-1,,28.5255,77.5750
206.9000,431.6821,-53.7824,3.4407,73.7920,INERTIAL,1.0000,0.7749,-1,,28.5255,77.5750
207.0000,431.7692,-53.4474,3.4582,72.1589,INERTIAL,1.0000,0.7750,-1,,28.5255,77.5750
207.1000,431.8557,-53.1147,3.4407,69.0125,INERTIAL,1.0000,0.7752,-1,,28.5255,77.5750
207.2000,431.9409,-52.7872,3.3931,66.5125,INERTIAL,1.0000,0.7754,-1,,28.5255,77.5750
207.3000,432.0256,-52.4616,3.3699,66.1126,INERTIAL,1.0000,0.7756,-1,,28.5255,77.5750
207.4000,432.1116,-52.1306,3.4083,68.0634,INERTIAL,1.0000,0.7757,-1,,28.5255,77.5750
207.5000,432.1979,-51.7989,3.4240,70.1048,INERTIAL,1.0000,0.7759,-1,,28.5255,77.5750
207.6000,432.2854,-51.4623,3.4647,71.2736,INERTIAL,1.0000,0.7761,-1,,28.5255,77.5750
207.7000,432.3728,-51.1261,3.4709,71.7306,INERTIAL,1.0000,0.7763,-1,,28.5255,77.5750
207.8000,432.4606,-50.7881,3.4878,71.5989,INERTIAL,1.0000,0.7765,-1,,28.5255,77.5750
207.9000,432.5476,-50.4526,3.4698,71.6700,INERTIAL,1.0000,0.7767,-1,,28.5255,77.5750
208.0000,432.6354,-50.1147,3.4869,71.0949,INERTIAL,1.0000,0.7769,-1,,28.5255,77.5750
208.1000,432.7223,-49.7799,3.4645,71.4747,INERTIAL,1.0000,0.7771,-1,,28.5255,77.5750
208.2000,432.8115,-49.4364,3.5302,71.9553,INERTIAL,1.0000,0.7772,-1,,28.5255,77.5750
208.3000,432.9003,-49.0942,3.5348,70.9912,INERTIAL,1.0000,0.7774,-1,,28.5255,77.5751
208.4000,432.9892,-48.7516,3.5383,70.1645,INERTIAL,1.0000,0.7776,-1,,28.5255,77.5751
208.5000,433.0780,-48.4099,3.5320,69.2745,INERTIAL,1.0000,0.7778,-1,,28.5255,77.5751
208.6000,433.1683,-48.0618,3.5824,68.6243,INERTIAL,1.0000,0.7780,-1,,28.5255,77.5751
208.7000,433.2573,-47.7192,3.5484,69.0121,INERTIAL,1.0000,0.7782,-1,,28.5255,77.5751
208.8000,433.3485,-47.3678,3.6103,69.3019,INERTIAL,1.0000,0.7784,-1,,28.5255,77.5751
208.9000,433.4383,-47.0220,3.5830,69.8204,INERTIAL,1.0000,0.7786,-1,,28.5255,77.5751
209.0000,433.5288,-46.6734,3.5963,70.6604,INERTIAL,1.0000,0.7788,-1,,28.5255,77.5751
209.1000,433.6185,-46.3275,3.5800,71.1788,INERTIAL,1.0000,0.7790,-1,,28.5255,77.5751
209.2000,433.7088,-45.9799,3.5881,71.3807,INERTIAL,1.0000,0.7793,-1,,28.5255,77.5751
209.3000,433.7972,-45.6392,3.5433,71.0733,INERTIAL,1.0000,0.7796,-1,,28.5255,77.5751
209.4000,433.8878,-45.2904,3.5818,71.4020,INERTIAL,1.0000,0.7798,-1,,28.5255,77.5751
209.5000,433.9786,-44.9406,3.6019,72.2518,INERTIAL,1.0000,0.7801,-1,,28.5255,77.5751
209.6000,434.0725,-44.5788,3.6857,72.1566,INERTIAL,1.0000,0.7804,-1,,28.5256,77.5751
209.7000,434.1656,-44.2203,3.6963,71.6235,INERTIAL,1.0000,0.7807,-1,,28.5256,77.5751
209.8000,434.2571,-43.8677,3.6641,71.0544,INERTIAL,1.0000,0.7809,-1,,28.5256,77.5751
209.9000,434.3491,-43.5133,3.6626,70.1750,INERTIAL,1.0000,0.7812,-1,,28.5256,77.5751
210.0000,434.4407,-43.1604,3.6519,68.8445,INERTIAL,1.0000,0.7814,-1,,28.5256,77.5751
210.1000,434.5321,-42.8085,3.6404,68.1505,INERTIAL,1.0000,0.7816,-1,,28.5256,77.5751
210.2000,434.6239,-42.4547,3.6515,67.4960,INERTIAL,1.0000,0.7818,-1,,28.5256,77.5751
210.3000,434.7160,-42.1001,3.6608,67.0840,INERTIAL,1.0000,0.7820,-1,,28.5256,77.5751
210.4000,434.8087,-41.7430,3.6830,66.8563,INERTIAL,1.0000,0.7822,-1,,28.5256,77.5751
210.5000,434.9020,-41.3834,3.7083,67.7531,INERTIAL,1.0000,0.7824,-1,,28.5256,77.5751
210.6000,434.9942,-41.0283,3.6765,68.5226,INERTIAL,1.0000,0.7825,-1,,28.5256,77.5751
210.7000,435.0855,-40.6766,3.6413,68.9918,INERTIAL,1.0000,0.7827,-1,,28.5256,77.5751
210.8000,435.1765,-40.3262,3.6243,69.3968,INERTIAL,1.0000,0.7829,-1,,28.5256,77.5751
210.9000,435.2663,-39.9802,3.5846,70.2638,INERTIAL,1.0000,0.7831,-1,,28.5256,77.5751
211.0000,435.3562,-39.6339,3.5794,70.0564,INERTIAL,1.0000,0.7833,-1,,28.5256,77.5751
211.1000,435.4481,-39.2798,3.6437,69.0985,INERTIAL,1.0000,0.7834,-1,,28.5256,77.5751
211.2000,435.5392,-38.9291,3.6270,67.6809,INERTIAL,1.0000,0.7836,-1,,28.5256,77.5751
211.3000,435.6312,-38.5745,3.6583,67.1144,INERTIAL,1.0000,0.7838,-1,,28.5256,77.5751
211.4000,435.7213,-38.2276,3.5974,67.4408,INERTIAL,1.0000,0.7839,-1,,28.5256,77.5751
211.5000,435.8114,-37.8806,3.5870,67.5036,INERTIAL,1.0000,0.7841,-1,,28.5256,77.5751
211.6000,435.9024,-37.5299,3.6154,67.5036,INERTIAL,1.0000,0.7843,-1,,28.5256,77.5751
211.7000,435.9957,-37.1705,3.6952,67.8157,INERTIAL,1.0000,0.7845,-1,,28.5256,77.5751
211.8000,436.0873,-36.8178,3.6536,68.4321,INERTIAL,1.0000,0.7846,-1,,28.5256,77.5751
211.9000,436.1810,-36.4566,3.7191,69.3504,INERTIAL,1.0000,0.7848,-1,,28.5256,77.5751
212.0000,436.2750,-36.1056,3.7158,70.2230,INERTIAL,1.0000,0.7850,-1,,28.5256,77.5751
212.1000,436.3809,-35.7487,3.7215,69.7852,INERTIAL,1.0000,0.7852,-1,,28.5256,77.5751
212.2000,436.4894,-35.3829,3.7973,68.0924,INERTIAL,1.0000,0.7853,-1,,28.5256,77.5751
212.3000,436.5974,-35.0192,3.7952,65.6107,INERTIAL,1.0000,0.7855,-1,,28.5256,77.5751
212.4000,436.7077,-34.6475,3.8598,64.1009,INERTIAL,1.0000,0.7857,-1,,28.5256,77.5751
212.5000,436.8193,-34.2712,3.9100,63.0514,INERTIAL,1.0000,0.7859,-1,,28.5256,77.5751
212.6000,436.9358,-33.8787,4.0406,62.3790,INERTIAL,1.0000,0.7861,-1,,28.5256,77.5751
212.7000,437.0509,-33.4908,4.0449,63.9141,INERTIAL,1.0000,0.7864,-1,,28.5257,77.5751
212.8000,437.1685,-33.0947,4.1003,66.3129,INERTIAL,1.0000,0.7867,-1,,28.5257,77.5751
212.9000,437.2865,-32.6969,4.1302,68.9710,INERTIAL,1.0000,0.7870,-1,,28.5257,77.5751
213.0000,437.4070,-32.2911,4.1878,70.8268,INERTIAL,1.0000,0.7875,-1,,28.5257,77.5751
213.1000,437.5268,-31.8873,4.1999,71.3886,INERTIAL,1.0000,0.7880,-1,,28.5257,77.5751
213.2000,437.6491,-31.4752,4.2464,70.2708,INERTIAL,1.0000,0.7885,-1,,28.5257,77.5751
213.3000,437.7731,-31.0575,4.2951,68.5045,INERTIAL,1.0000,0.7892,-1,,28.5257,77.5751
213.4000,437.9004,-30.6284,4.3677,66.3045,INERTIAL,1.0000,0.7900,-1,,28.5257,77.5751
213.5000,438.0251,-30.2082,4.3736,64.0517,INERTIAL,1.0000,0.7908,-1,,28.5257,77.5751
213.6000,438.1525,-29.7789,4.4105,63.0532,INERTIAL,1.0000,0.7917,-1,,28.5257,77.5751
213.7000,438.2787,-29.3536,4.4193,62.4214,INERTIAL,1.0000,0.7928,-1,,28.5257,77.5751
213.8000,438.4101,-28.9110,4.4817,61.9621,INERTIAL,1.0000,0.7938,-1,,28.5257,77.5751
213.9000,438.5418,-28.4671,4.5270,62.6226,INERTIAL,1.0000,0.7950,-1,,28.5257,77.5751
214.0000,438.6718,-28.0291,4.5393,63.9230,INERTIAL,1.0000,0.7963,-1,,28.5257,77.5751
214.1000,438.8031,-27.5865,4.5610,65.0938,INERTIAL,1.0000,0.7976,-1,,28.5257,77.5751
214.2000,438.9413,-27.1208,4.6414,65.8935,INERTIAL,1.0000,0.7988,-1,,28.5257,77.5751
214.3000,439.1031,-26.7332,4.6198,65.7396,INERTIAL,1.0000,0.7999,-1,,28.5257,77.5751
214.4000,439.3052,-26.3013,4.6588,65.8603,INERTIAL,1.0000,0.8012,-1,,28.5257,77.5751
214.5000,439.5110,-25.8616,4.7097,65.6920,INERTIAL,1.0000,0.8025,-1,,28.5257,77.5751
214.6000,439.7190,-25.4173,4.7601,65.7505,INERTIAL,1.0000,0.8037,-1,,28.5257,77.5751
214.7000,439.9266,-24.9737,4.7953,66.1314,INERTIAL,1.0000,0.8050,-1,,28.5257,77.5751
214.8000,440.1312,-24.5365,4.8034,65.9947,INERTIAL,1.0000,0.8066,-1,,28.5257,77.5751
214.9000,440.3369,-24.0968,4.8161,66.1988,INERTIAL,1.0000,0.8081,-1,,28.5257,77.5751
215.0000,440.5453,-23.6516,4.8401,67.1400,INERTIAL,1.0000,0.8099,-1,,28.5257,77.5751
215.1000,440.7479,-23.2187,4.8257,67.8285,INERTIAL,1.0000,0.8112,-1,,28.5257,77.5751
215.2000,440.9538,-22.7786,4.8336,67.9288,INERTIAL,1.0000,0.8128,-1,,28.5257,77.5751
215.3000,441.1624,-22.3328,4.8539,67.9458,INERTIAL,1.0000,0.8146,-1,,28.5258,77.5751
215.4000,441.3758,-21.8768,4.8947,67.3481,INERTIAL,1.0000,0.8165,-1,,28.5258,77.5751
215.5000,441.5851,-21.4298,4.9039,66.5793,INERTIAL,1.0000,0.8182,-1,,28.5258,77.5751
215.6000,441.7931,-20.9852,4.9049,65.6207,INERTIAL,1.0000,0.8201,-1,,28.5258,77.5751
215.7000,442.0105,-20.5207,4.9528,65.4519,INERTIAL,1.0000,0.8212,-1,,28.5258,77.5751
215.8000,442.2235,-20.0656,4.9683,64.7817,INERTIAL,1.0000,0.8226,-1,,28.5258,77.5751
215.9000,442.4313,-19.6215,4.9541,65.2375,INERTIAL,1.0000,0.8237,-1,,28.5258,77.5751
216.0000,442.6497,-19.1547,4.9982,66.3248,INERTIAL,1.0000,0.8248,-1,,28.5258,77.5752
216.1000,442.8682,-18.6879,5.0336,67.0654,INERTIAL,1.0000,0.8259,-1,,28.5258,77.5752
216.2000,443.0894,-18.2152,5.0767,66.8143,INERTIAL,1.0000,0.8271,-1,,28.5258,77.5752
216.3000,443.3059,-17.7525,5.0843,66.3057,INERTIAL,1.0000,0.8283,-1,,28.5258,77.5752
216.4000,443.5317,-17.2701,5.1429,64.8831,INERTIAL,1.0000,0.8295,-1,,28.5258,77.5752
216.5000,443.7574,-16.7879,5.1870,63.0849,INERTIAL,1.0000,0.8305,-1,,28.5258,77.5752
216.6000,443.9871,-16.2969,5.2449,61.9828,INERTIAL,1.0000,0.8319,-1,,28.5258,77.5752
216.7000,444.2125,-15.8153,5.2631,61.4488,INERTIAL,1.0000,0.8334,-1,,28.5258,77.5752
216.8000,444.4464,-15.3155,5.3256,61.7511,INERTIAL,1.0000,0.8349,-1,,28.5258,77.5752
216.9000,444.6741,-14.8289,5.3367,63.8533,INERTIAL,1.0000,0.8362,-1,,28.5258,77.5752
217.0000,444.9082,-14.3289,5.3807,65.5927,INERTIAL,1.0000,0.8378,-1,,28.5258,77.5752
217.1000,445.1379,-13.8379,5.3901,66.1424,INERTIAL,1.0000,0.8394,-1,,28.5258,77.5752
217.2000,445.3661,-13.3503,5.3887,66.1470,INERTIAL,1.0000,0.8410,-1,,28.5258,77.5752
217.3000,445.5908,-12.8702,5.3687,65.9232,INERTIAL,1.0000,0.8422,-1,,28.5258,77.5752
217.4000,445.8207,-12.3789,5.3812,65.1464,INERTIAL,1.0000,0.8432,-1,,28.5258,77.5752
217.5000,446.0416,-11.9070,5.3420,64.5627,INERTIAL,1.0000,0.8445,-1,,28.5258,77.5752
217.6000,446.2699,-11.4190,5.3526,63.7861,INERTIAL,1.0000,0.8458,-1,,28.5259,77.5752
217.7000,446.4878,-10.9535,5.3025,62.3644,INERTIAL,1.0000,0.8466,-1,,28.5259,77.5752
217.8000,446.7208,-10.4555,5.3500,61.2451,INERTIAL,1.0000,0.8475,-1,,28.5259,77.5752
217.9000,446.9542,-9.9568,5.3888,60.3049,INERTIAL,1.0000,0.8483,-1,,28.5259,77.5752
218.0000,447.1811,-9.4720,5.3794,58.5705,INERTIAL,1.0000,0.8493,-1,,28.5259,77.5752
218.1000,447.4107,-8.9814,5.3895,56.2781,INERTIAL,1.0000,0.8499,-1,,28.5259,77.5752
218.2000,447.6500,-8.4701,5.4603,54.0637,INERTIAL,1.0000,0.8506,-1,,28.5259,77.5752
218.3000,447.8799,-7.9787,5.4503,52.7463,INERTIAL,1.0000,0.8515,-1,,28.5259,77.5752
218.4000,448.1139,-7.4788,5.4709,51.4555,INERTIAL,1.0000,0.8523,-1,,28.5259,77.5752
218.5000,448.3419,-6.9918,5.4429,51.1891,INERTIAL,1.0000,0.8532,-1,,28.5259,77.5752
218.6000,448.5832,-6.4767,5.5168,51.0594,INERTIAL,1.0000,0.8540,-1,,28.5259,77.5752
218.7000,448.8219,-5.9669,5.5507,51.0478,INERTIAL,1.0000,0.8548,-1,,28.5259,77.5752
218.8000,449.0549,-5.4693,5.5338,51.3624,INERTIAL,1.0000,0.8558,-1,,28.5259,77.5752
218.9000,449.2925,-4.9618,5.5547,51.1648,INERTIAL,1.0000,0.8569,-1,,28.5259,77.5752
219.0000,449.5361,-4.4415,5.6098,50.2046,INERTIAL,1.0000,0.8579,-1,,28.5259,77.5752
219.1000,449.7755,-3.9304,5.6194,48.4851,INERTIAL,1.0000,0.8590,-1,,28.5259,77.5752
219.2000,450.0096,-3.4304,5.5921,45.8638,INERTIAL,1.0000,0.8601,-1,,28.5259,77.5752
219.3000,450.2444,-2.9290,5.5768,43.4391,INERTIAL,1.0000,0.8613,-1,,28.5259,77.5752
219.4000,450.4827,-2.4201,5.5883,42.9988,INERTIAL,1.0000,0.8627,-1,,28.5259,77.5752
219.5000,450.7223,-1.9084,5.6043,44.3023,INERTIAL,1.0000,0.8641,-1,,28.5259,77.5752
219.6000,450.9545,-1.4126,5.5717,46.6220,INERTIAL,1.0000,0.8654,-1,,28.5259,77.5752
219.7000,451.1963,-0.8960,5.6042,48.2495,INERTIAL,1.0000,0.8669,-1,,28.5259,77.5752
219.8000,451.4404,-0.3748,5.6404,49.6711,INERTIAL,1.0000,0.8685,-1,,28.5260,77.5752
219.9000,451.6842,0.1458,5.6659,51.0963,INERTIAL,1.0000,0.8703,-1,,28.5260,77.5752
220.0000,451.9281,0.6668,5.6855,52.8413,INERTIAL,1.0000,0.8719,-1,,28.5260,77.5752
220.1000,452.1705,1.1843,5.6921,53.7350,INERTIAL,1.0000,0.8740,-1,,28.5260,77.5752
220.2000,452.4152,1.7070,5.7090,53.5248,INERTIAL,1.0000,0.8763,-1,,28.5260,77.5753
220.3000,452.6645,2.2393,5.7442,55.0953,INERTIAL,1.0000,0.8788,-1,,28.5260,77.5753
220.4000,452.9028,2.7483,5.7194,56.7266,INERTIAL,1.0000,0.8810,-1,,28.5260,77.5753
220.5000,453.1504,3.2769,5.7423,58.6821,INERTIAL,1.0000,0.8838,-1,,28.5260,77.5753
220.6000,453.3980,3.8058,5.7607,59.1092,INERTIAL,1.0000,0.8866,-1,,28.5260,77.5753
220.7000,453.6489,4.3415,5.7889,58.8674,INERTIAL,1.0000,0.8901,-1,,28.5260,77.5753
220.8000,453.8938,4.8646,5.7866,57.9221,INERTIAL,1.0000,0.8935,-1,,28.5260,77.5753
220.9000,454.1470,5.4054,5.8180,57.3883,INERTIAL,1.0000,0.8974,-1,,28.5260,77.5753
221.0000,454.3955,5.9360,5.8248,57.6919,INERTIAL,1.0000,0.9017,-1,,28.5260,77.5753
221.1000,454.6542,6.4393,5.8352,58.0107,INERTIAL,1.0000,0.9067,-1,,28.5260,77.5753
221.2000,454.9420,6.9258,5.8074,59.4681,INERTIAL,1.0000,0.9115,-1,,28.5260,77.5753
221.3000,455.2423,7.4336,5.8210,61.8029,INERTIAL,1.0000,0.9165,-1,,28.5260,77.5753
221.4000,455.5306,7.9211,5.7987,63.7184,INERTIAL,1.0000,0.9217,-1,,28.5260,77.5753
221.5000,455.8270,8.4221,5.8017,64.9303,INERTIAL,1.0000,0.9263,-1,,28.5260,77.5753
221.6000,456.0918,8.8699,5.7215,65.3951,INERTIAL,1.0000,0.9300,-1,,28.5260,77.5753
221.7000,456.3837,9.3635,5.7232,65.0811,INERTIAL,1.0000,0.9347,-1,,28.5260,77.5753
221.8000,456.6699,9.8474,5.7102,63.5724,INERTIAL,1.0000,0.9390,-1,,28.5260,77.5753
221.9000,456.9646,10.3456,5.7201,61.2594,INERTIAL,1.0000,0.9439,-1,,28.5260,77.5753
222.0000,457.2309,10.7959,5.6591,59.9784,INERTIAL,1.0000,0.9485,-1,,28.5261,77.5753
222.1000,457.5261,11.2950,5.6763,59.0616,INERTIAL,1.0000,0.9533,-1,,28.5261,77.5753
222.2000,457.8076,11.7710,5.6584,59.2806,INERTIAL,1.0000,0.9554,-1,,28.5261,77.5753
222.3000,458.0950,12.2568,5.6568,59.7519,INERTIAL,1.0000,0.9596,-1,,28.5261,77.5753
222.4000,458.3394,12.6702,5.5530,60.6208,INERTIAL,1.0000,0.9611,-1,,28.5261,77.5753
222.5000,458.6229,13.1494,5.5548,61.2658,INERTIAL,1.0000,0.9638,-1,,28.5261,77.5753
222.6000,458.8909,13.6025,5.5188,60.5162,INERTIAL,1.0000,0.9656,-1,,28.5261,77.5753
222.7000,459.1639,14.0641,5.4992,59.2025,INERTIAL,1.0000,0.9687,-1,,28.5261,77.5753
222.8000,459.4131,14.4855,5.4223,58.0046,INERTIAL,1.0000,0.9707,-1,,28.5261,77.5753
222.9000,459.6810,14.9384,5.4013,57.1323,INERTIAL,1.0000,0.9723,-1,,28.5261,77.5753
223.0000,459.9519,15.3946,5.3979,56.5471,INERTIAL,1.0000,0.9726,-1,,28.5261,77.5753
223.1000,460.2239,15.8245,5.3549,56.1245,INERTIAL,1.0000,0.9739,-1,,28.5261,77.5753
223.2000,460.4573,16.1935,5.2123,55.8800,INERTIAL,1.0000,0.9734,-1,,28.5261,77.5753
223.3000,460.7073,16.5886,5.1294,55.2589,INERTIAL,1.0000,0.9740,-1,,28.5261,77.5753
223.4000,460.9660,16.9974,5.0810,54.6543,INERTIAL,1.0000,0.9741,-1,,28.5261,77.5753
223.5000,461.2319,17.4178,5.0617,53.7343,INERTIAL,1.0000,0.9752,-1,,28.5261,77.5753
223.6000,461.4968,17.8365,5.0408,52.4593,INERTIAL,1.0000,0.9759,-1,,28.5261,77.5753
223.7000,461.7704,18.2689,5.0567,50.3529,INERTIAL,1.0000,0.9767,-1,,28.5261,77.5753
223.8000,462.0539,18.7171,5.1117,47.8822,INERTIAL,1.0000,0.9771,-1,,28.5261,77.5753
223.9000,462.3216,19.1401,5.0862,46.3452,INERTIAL,1.0000,0.9779,-1,,28.5261,77.5754
224.0000,462.5828,19.5530,5.0350,46.9313,INERTIAL,1.0000,0.9785,-1,,28.5261,77.5754
224.1000,462.8483,19.9726,5.0160,48.0079,INERTIAL,1.0000,0.9792,-1,,28.5261,77.5754
224.2000,463.1170,20.3973,5.0189,49.6848,INERTIAL,1.0000,0.9796,-1,,28.5261,77.5754
224.3000,463.3761,20.8068,4.9660,51.3173,INERTIAL,1.0000,0.9801,-1,,28.5261,77.5754
224.4000,463.6375,21.2201,4.9416,53.0268,INERTIAL,1.0000,0.9805,-1,,28.5261,77.5754
224.5000,463.8995,21.6342,4.9273,54.6780,INERTIAL,1.0000,0.9810,-1,,28.5261,77.5754
224.6000,464.1565,22.0404,4.8843,54.1928,INERTIAL,1.0000,0.9814,-1,,28.5262,77.5754
224.7000,464.4122,22.4446,4.8463,52.9559,INERTIAL,1.0000,0.9819,-1,,28.5262,77.5754
224.8000,464.6672,22.8477,4.8169,52.0521,INERTIAL,1.0000,0.9823,-1,,28.5262,77.5754
224.9000,464.9254,23.2558,4.8221,52.7733,INERTIAL,1.0000,0.9828,-1,,28.5262,77.5754
225.0000,465.1859,23.6676,4.8421,53.5748,INERTIAL,1.0000,0.9832,-1,,28.5262,77.5754
225.1000,465.4430,24.0739,4.8282,53.8373,INERTIAL,1.0000,0.9836,-1,,28.5262,77.5754
225.2000,465.6976,24.4763,4.8007,53.7099,INERTIAL,1.0000,0.9840,-1,,28.5262,77.5754
225.3000,465.9554,24.8838,4.8097,54.0783,INERTIAL,1.0000,0.9844,-1,,28.5262,77.5754
225.4000,466.2095,25.2855,4.7866,53.8081,INERTIAL,1.0000,0.9849,-1,,28.5262,77.5754
225.5000,466.4628,25.6858,4.7660,53.2787,INERTIAL,1.0000,0.9853,-1,,28.5262,77.5754
225.6000,466.7139,26.0827,4.7377,52.2364,INERTIAL,1.0000,0.9857,-1,,28.5262,77.5754
225.7000,466.9725,26.4916,4.7798,51.1947,INERTIAL,1.0000,0.9861,-1,,28.5262,77.5754
225.8000,467.2282,26.8957,4.7808,50.6416,INERTIAL,1.0000,0.9865,-1,,28.5262,77.5754
225.9000,467.4786,27.2914,4.7390,51.4285,INERTIAL,1.0000,0.9868,-1,,28.5262,77.5754
226.0000,467.7247,27.6804,4.6805,52.1501,INERTIAL,1.0000,0.9871,-1,,28.5262,77.5754
226.1000,467.9781,28.0809,4.7073,52.9416,INERTIAL,1.0000,0.9875,-1,,28.5262,77.5754
226.2000,468.2208,28.4646,4.6296,53.6523,INERTIAL,1.0000,0.9878,-1,,28.5262,77.5754
226.3000,468.4681,28.8555,4.6274,54.4814,INERTIAL,1.0000,0.9881,-1,,28.5262,77.5754
226.4000,468.7133,29.2431,4.6076,54.6250,INERTIAL,1.0000,0.9884,-1,,28.5262,77.5754
226.5000,468.9610,29.6346,4.6202,53.7591,INERTIAL,1.0000,0.9887,-1,,28.5262,77.5754
226.6000,469.2080,30.0250,4.6200,52.5444,INERTIAL,1.0000,0.9891,-1,,28.5262,77.5754
226.7000,469.4580,30.4202,4.6464,51.7489,INERTIAL,1.0000,0.9894,-1,,28.5262,77.5754
226.8000,469.7064,30.8128,4.6462,51.4860,INERTIAL,1.0000,0.9897,-1,,28.5262,77.5754
226.9000,469.9642,31.2203,4.7280,51.1215,INERTIAL,1.0000,0.9901,-1,,28.5262,77.5754
227.0000,470.2167,31.6194,4.7255,51.1318,INERTIAL,1.0000,0.9905,-1,,28.5262,77.5754
227.1000,470.4738,32.0258,4.7624,51.3801,INERTIAL,1.0000,0.9909,-1,,28.5262,77.5754
227.2000,470.7228,32.4194,4.7167,52.1647,INERTIAL,1.0000,0.9913,-1,,28.5262,77.5754
227.3000,470.9771,32.8214,4.7342,52.9887,INERTIAL,1.0000,0.9917,-1,,28.5262,77.5754
227.4000,471.2237,33.2111,4.6815,53.3986,INERTIAL,1.0000,0.9921,-1,,28.5263,77.5754
227.5000,471.4725,33.6045,4.6701,53.6275,INERTIAL,1.0000,0.9925,-1,,28.5263,77.5754
227.6000,471.7121,33.9832,4.5880,53.5931,INERTIAL,1.0000,0.9928,-1,,28.5263,77.5754
227.7000,471.9568,34.3701,4.5833,52.8977,INERTIAL,1.0000,0.9932,-1,,28.5263,77.5754
227.8000,472.1971,34.7498,4.5438,52.1674,INERTIAL,1.0000,0.9936,-1,,28.5263,77.5755
227.9000,472.4378,35.1304,4.5259,51.8028,INERTIAL,1.0000,0.9939,-1,,28.5263,77.5755
228.0000,472.6729,35.5021,4.4691,51.5271,INERTIAL,1.0000,0.9943,-1,,28.5263,77.5755
228.1000,472.9134,35.8823,4.4825,51.3319,INERTIAL,1.0000,0.9947,-1,,28.5263,77.5755
228.2000,473.1537,36.2621,4.4877,51.3437,INERTIAL,1.0000,0.9951,-1,,28.5263,77.5755
228.3000,473.3980,36.6483,4.5237,51.7557,INERTIAL,1.0000,0.9954,-1,,28.5263,77.5755
228.4000,473.6387,37.0288,4.5143,51.7464,INERTIAL,1.0000,0.9958,-1,,28.5263,77.5755
228.5000,473.8808,37.4115,4.5208,51.5092,INERTIAL,1.0000,0.9961,-1,,28.5263,77.5755
228.6000,474.1236,37.7953,4.5300,51.5663,INERTIAL,1.0000,0.9965,-1,,28.5263,77.5755
228.7000,474.3685,38.1824,4.5530,51.1632,INERTIAL,1.0000,0.9968,-1,,28.5263,77.5755
228.8000,474.6089,38.5625,4.5279,50.7531,INERTIAL,1.0000,0.9972,-1,,28.5263,77.5755
228.9000,474.8511,38.9454,4.5291,50.4524,INERTIAL,1.0000,0.9975,-1,,28.5263,77.5755
229.0000,475.0931,39.3278,4.5273,50.8487,INERTIAL,1.0000,0.9977,-1,,28.5263,77.5755
229.1000,475.3388,39.7163,4.5626,51.1547,INERTIAL,1.0000,0.9980,-1,,28.5263,77.5755
229.2000,475.5831,40.0771,4.5293,51.1823,INERTIAL,1.0000,0.9982,-1,,28.5263,77.5755
229.3000,475.8443,40.4399,4.4970,51.6668,INERTIAL,1.0000,0.9985,-1,,28.5263,77.5755
229.4000,476.1045,40.8013,4.4725,52.2188,INERTIAL,1.0000,0.9987,-1,,28.5263,77.5755
229.5000,476.3612,41.1578,4.4248,51.2513,INERTIAL,1.0000,0.9989,-1,,28.5263,77.5755
229.6000,476.6178,41.5141,4.4041,49.9525,INERTIAL,1.0000,0.9991,-1,,28.5263,77.5755
229.7000,476.8717,41.8668,4.3672,49.1032,INERTIAL,1.0000,0.9993,-1,,28.5263,77.5755
229.8000,477.1295,42.2248,4.3967,49.1580,INERTIAL,1.0000,0.9994,-1,,28.5263,77.5755
229.9000,477.3901,42.5867,4.4392,49.2534,INERTIAL,1.0000,0.9996,-1,,28.5263,77.5755
230.0000,477.6542,42.9535,4.4944,49.7467,INERTIAL,1.0000,0.9998,-1,,28.5263,77.5755
230.1000,477.9195,43.3220,4.5263,51.4305,INERTIAL,1.0000,1.0000,-1,,28.5263,77.5755
230.2000,478.1877,43.6945,4.5692,52.9265,INERTIAL,1.0000,1.0002,-1,,28.5263,77.5755
230.3000,478.4553,44.0661,4.5764,53.3606,INERTIAL,1.0000,1.0003,-1,,28.5263,77.5755
230.4000,478.7219,44.4364,4.5667,52.1196,INERTIAL,1.0000,1.0005,-1,,28.5264,77.5755
230.5000,478.9811,44.7963,4.4752,50.1523,INERTIAL,1.0000,1.0007,-1,,28.5264,77.5755
230.6000,479.2422,45.1590,4.4704,48.3470,INERTIAL,1.0000,1.0008,-1,,28.5264,77.5755
230.7000,479.5021,45.5199,4.4541,47.1733,INERTIAL,1.0000,1.0010,-1,,28.5264,77.5755
230.8000,479.7577,45.8749,4.3969,47.0343,INERTIAL,1.0000,1.0012,-1,,28.5264,77.5755
230.9000,480.0097,46.2251,4.3393,45.9098,INERTIAL,1.0000,1.0014,-1,,28.5264,77.5755
231.0000,480.2661,46.5813,4.3736,45.3342,INERTIAL,1.0000,1.0016,-1,,28.5264,77.5755
231.1000,480.5287,46.9464,4.4566,45.3944,INERTIAL,1.0000,1.0018,-1,,28.5264,77.5755
231.2000,480.7950,47.3164,4.5229,45.2639,INERTIAL,1.0000,1.0019,-1,,28.5264,77.5755
231.3000,481.0544,47.6769,4.4697,45.1655,INERTIAL,1.0000,1.0021,-1,,28.5264,77.5755
231.4000,481.3092,48.0309,4.3997,45.3750,INERTIAL,1.0000,1.0024,-1,,28.5264,77.5755
231.5000,481.5642,48.3854,4.3796,45.7925,INERTIAL,1.0000,1.0026,-1,,28.5264,77.5755
231.6000,481.8195,48.7401,4.3739,46.3438,INERTIAL,1.0000,1.0029,-1,,28.5264,77.5756
231.7000,482.0751,49.0953,4.3755,47.0462,INERTIAL,1.0000,1.0031,-1,,28.5264,77.5756
231.8000,482.3284,49.4473,4.3529,47.8386,INERTIAL,1.0000,1.0034,-1,,28.5264,77.5756
231.9000,482.5827,49.8007,4.3539,48.6393,INERTIAL,1.0000,1.0036,-1,,28.5264,77.5756
232.0000,482.8387,50.1565,4.3702,47.9351,INERTIAL,1.0000,1.0038,-1,,28.5264,77.5756
232.1000,483.0919,50.5083,4.3500,46.2251,INERTIAL,1.0000,1.0041,-1,,28.5264,77.5756
232.2000,483.3409,50.8543,4.3007,44.7599,INERTIAL,1.0000,1.0044,-1,,28.5264,77.5756
232.3000,483.5955,51.2082,4.3324,45.1442,INERTIAL,1.0000,1.0047,-1,,28.5264,77.5756
232.4000,483.8499,51.5618,4.3440,45.5083,INERTIAL,1.0000,1.0051,-1,,28.5264,77.5756
232.5000,484.1101,51.9233,4.3952,46.0179,INERTIAL,1.0000,1.0055,-1,,28.5264,77.5756
232.6000,484.3626,52.2742,4.3639,46.0805,INERTIAL,1.0000,1.0061,-1,,28.5264,77.5756
232.7000,484.6207,52.6329,4.3862,45.5559,INERTIAL,1.0000,1.0066,-1,,28.5264,77.5756
232.8000,484.8762,52.9879,4.3815,44.8887,INERTIAL,1.0000,1.0072,-1,,28.5264,77.5756
232.9000,485.1420,53.3573,4.4435,44.1452,INERTIAL,1.0000,1.0079,-1,,28.5264,77.5756
233.0000,485.3961,53.7105,4.4112,43.3403,INERTIAL,1.0000,1.0085,-1,,28.5264,77.5756
233.1000,485.6633,54.0817,4.4657,42.3123,INERTIAL,1.0000,1.0093,-1,,28.5264,77.5756
233.2000,485.9280,54.4576,4.4767,41.1194,INERTIAL,1.0000,1.0100,-1,,28.5264,77.5756
233.3000,486.1894,54.8552,4.5656,40.5723,INERTIAL,1.0000,1.0106,-1,,28.5264,77.5756
233.4000,486.4370,55.2317,4.5467,41.1762,INERTIAL,1.0000,1.0112,-1,,28.5264,77.5756
233.5000,486.6766,55.5961,4.4882,42.1918,INERTIAL,1.0000,1.0118,-1,,28.5265,77.5756
233.6000,486.9129,55.9555,4.4287,42.9107,INERTIAL,1.0000,1.0124,-1,,28.5265,77.5756
233.7000,487.1622,56.3346,4.4636,42.8331,INERTIAL,1.0000,1.0131,-1,,28.5265,77.5756
233.8000,487.3982,56.6935,4.4095,42.4709,INERTIAL,1.0000,1.0134,-1,,28.5265,77.5756
233.9000,487.6459,57.0702,4.4427,40.9509,INERTIAL,1.0000,1.0140,-1,,28.5265,77.5756
234.0000,487.8826,57.4302,4.3961,40.2787,INERTIAL,1.0000,1.0145,-1,,28.5265,77.5756
234.1000,488.1337,57.8120,4.4569,39.2188,INERTIAL,1.0000,1.0151,-1,,28.5265,77.5756
234.2000,488.3718,58.1742,4.4142,38.8218,INERTIAL,1.0000,1.0156,-1,,28.5265,77.5756
234.3000,488.6169,58.5468,4.4301,37.0314,INERTIAL,1.0000,1.0161,-1,,28.5265,77.5756
234.4000,488.8524,58.9050,4.3793,36.0861,INERTIAL,1.0000,1.0167,-1,,28.5265,77.5756
234.5000,489.1049,59.2890,4.4554,36.9966,INERTIAL,1.0000,1.0173,-1,,28.5265,77.5756
234.6000,489.3018,59.5952,4.4226,38.2659,INERTIAL,1.0000,1.0176,-1,,28.5265,77.5756
234.7000,489.6500,59.8779,4.4453,38.6120,INERTIAL,1.0000,1.0180,-1,,28.5265,77.5756
234.8000,489.9757,60.1423,4.3482,38.9121,INERTIAL,1.0000,1.0183,-1,,28.5265,77.5756
234.9000,490.3150,60.4176,4.3572,38.5962,INERTIAL,1.0000,1.0185,-1,,28.5265,77.5756
235.0000,490.6471,60.6872,4.3202,39.0151,INERTIAL,1.0000,1.0188,-1,,28.5265,77.5756
235.1000,490.9837,60.9604,4.3279,39.1515,INERTIAL,1.0000,1.0190,-1,,28.5265,77.5756
235.2000,491.3144,61.2289,4.2877,39.4215,INERTIAL,1.0000,1.0192,-1,,28.5265,77.5756
235.3000,491.6407,61.4937,4.2343,39.2676,INERTIAL,1.0000,1.0193,-1,,28.5265,77.5757
235.4000,491.9617,61.7542,4.1687,38.2776,INERTIAL,1.0000,1.0195,-1,,28.5265,77.5757
235.5000,492.2893,62.0202,4.2045,37.8173,INERTIAL,1.0000,1.0197,-1,,28.5265,77.5757
235.6000,492.6076,62.2785,4.1256,37.6669,INERTIAL,1.0000,1.0198,-1,,28.5265,77.5757
235.7000,492.9351,62.5444,4.1952,38.3248,INERTIAL,1.0000,1.0200,-1,,28.5265,77.5757
235.8000,493.2654,62.8124,4.2412,38.9544,INERTIAL,1.0000,1.0201,-1,,28.5265,77.5757
235.9000,493.6030,63.0865,4.3304,39.7641,INERTIAL,1.0000,1.0202,-1,,28.5265,77.5757
236.0000,493.9316,63.3532,4.2454,39.0789,INERTIAL,1.0000,1.0203,-1,,28.5265,77.5757
236.1000,494.2580,63.6182,4.2120,38.9983,INERTIAL,1.0000,1.0205,-1,,28.5265,77.5757
236.2000,494.5844,63.8831,4.2056,39.0917,INERTIAL,1.0000,1.0206,-1,,28.5265,77.5757
236.3000,494.9178,64.1538,4.2720,39.0984,INERTIAL,1.0000,1.0208,-1,,28.5265,77.5757
236.4000,495.2466,64.4206,4.2448,39.0541,INERTIAL,1.0000,1.0210,-1,,28.5265,77.5757
236.5000,495.5725,64.6851,4.2125,38.9301,INERTIAL,1.0000,1.0211,-1,,28.5265,77.5757
236.6000,495.9020,64.9526,4.2349,37.2205,INERTIAL,1.0000,1.0213,-1,,28.5265,77.5757
236.7000,496.2301,65.2189,4.2281,35.2950,INERTIAL,1.0000,1.0214,-1,,28.5265,77.5757
236.8000,496.5524,65.4805,4.1652,34.8226,INERTIAL,1.0000,1.0215,-1,,28.5265,77.5757
236.9000,496.8769,65.7439,4.1762,35.9183,INERTIAL,1.0000,1.0217,-1,,28.5265,77.5757
237.0000,497.2016,66.0075,4.1819,37.5930,INERTIAL,1.0000,1.0218,-1,,28.5265,77.5757
237.1000,497.5262,66.2710,4.1806,39.2065,INERTIAL,1.0000,1.0219,-1,,28.5265,77.5757
237.2000,497.8508,66.5344,4.1807,40.3224,INERTIAL,1.0000,1.0221,-1,,28.5266,77.5757
237.3000,498.1789,66.8008,4.2179,40.8579,INERTIAL,1.0000,1.0222,-1,,28.5266,77.5757
237.4000,498.5063,67.0666,4.2174,41.2254,INERTIAL,1.0000,1.0223,-1,,28.5266,77.5757
237.5000,498.8317,67.3308,4.1943,41.3710,INERTIAL,1.0000,1.0224,-1,,28.5266,77.5757
237.6000,499.1518,67.5907,4.1307,41.1016,INERTIAL,1.0000,1.0225,-1,,28.5266,77.5757
237.7000,499.4757,67.8537,4.1675,40.6897,INERTIAL,1.0000,1.0227,-1,,28.5266,77.5757
237.8000,499.7976,68.1151,4.1487,40.3318,INERTIAL,1.0000,1.0228,-1,,28.5266,77.5757
237.9000,500.1232,68.3794,4.1904,40.4915,INERTIAL,1.0000,1.0229,-1,,28.5266,77.5757
238.0000,500.4500,68.6448,4.2081,40.3839,INERTIAL,1.0000,1.0230,-1,,28.5266,77.5757
238.1000,500.7733,68.9073,4.1675,39.7932,INERTIAL,1.0000,1.0231,-1,,28.5266,77.5757
238.2000,501.0926,69.1665,4.1177,40.1303,INERTIAL,1.0000,1.0232,-1,,28.5266,77.5757
238.3000,501.4077,69.4223,4.0626,40.4887,INERTIAL,1.0000,1.0233,-1,,28.5266,77.5758
238.4000,501.7207,69.6765,4.0342,39.2771,INERTIAL,1.0000,1.0234,-1,,28.5266,77.5758
238.5000,502.0378,69.9339,4.0810,38.3789,INERTIAL,1.0000,1.0235,-1,,28.5266,77.5758
238.6000,502.3532,70.1900,4.0634,37.9457,INERTIAL,1.0000,1.0236,-1,,28.5266,77.5758
238.7000,502.6665,70.4444,4.0380,38.0272,INERTIAL,1.0000,1.0238,-1,,28.5266,77.5758
238.8000,502.9837,70.7019,4.0825,38.3884,INERTIAL,1.0000,1.0239,-1,,28.5266,77.5758
238.9000,503.3012,70.9597,4.0888,39.2964,INERTIAL,1.0000,1.0240,-1,,28.5266,77.5758
239.0000,503.6180,71.2169,4.0819,40.0708,INERTIAL,1.0000,1.0241,-1,,28.5266,77.5758
239.1000,503.9340,71.4735,4.0711,39.5424,INERTIAL,1.0000,1.0242,-1,,28.5266,77.5758
239.2000,504.2532,71.7327,4.1087,38.9152,INERTIAL,1.0000,1.0243,-1,,28.5266,77.5758
239.3000,504.5746,71.9936,4.1373,38.0293,INERTIAL,1.0000,1.0244,-1,,28.5266,77.5758
239.4000,504.8932,72.2523,4.1067,37.2628,INERTIAL,1.0000,1.0245,-1,,28.5266,77.5758
239.5000,505.2145,72.5132,4.1360,37.4102,INERTIAL,1.0000,1.0246,-1,,28.5266,77.5758
239.6000,505.5346,72.7731,4.1245,37.6116,INERTIAL,1.0000,1.0247,-1,,28.5266,77.5758
239.7000,505.8538,73.0322,4.1125,37.5688,INERTIAL,1.0000,1.0249,-1,,28.5266,77.5758
239.8000,506.1698,73.2888,4.0738,36.6033,INERTIAL,1.0000,1.0250,-1,,28.5266,77.5758
239.9000,506.4850,73.5447,4.0606,36.3960,INERTIAL,1.0000,1.0251,-1,,28.5266,77.5758
240.0000,506.7995,73.8000,4.0516,37.5071,INERTIAL,1.0000,1.0252,-1,,28.5266,77.5758
240.1000,507.1090,74.0428,4.0341,38.7879,INERTIAL,1.0000,1.0253,-1,,28.5266,77.5758
240.2000,507.4268,74.2795,3.9684,39.4482,INERTIAL,1.0000,1.0254,-1,,28.5266,77.5758
240.3000,507.7454,74.5168,3.9718,38.8683,INERTIAL,1.0000,1.0255,-1,,28.5266,77.5758
240.4000,508.0647,74.7546,3.9809,37.9460,INERTIAL,1.0000,1.0256,-1,,28.5266,77.5758
240.5000,508.3821,74.9910,3.9591,37.8404,INERTIAL,1.0000,1.0257,-1,,28.5266,77.5758
240.6000,508.6977,75.2260,3.9364,37.7575,INERTIAL,1.0000,1.0258,-1,,28.5266,77.5758
240.7000,509.0122,75.4603,3.9235,38.1726,INERTIAL,1.0000,1.0260,-1,,28.5266,77.5758
240.8000,509.3266,75.6944,3.9199,38.0089,INERTIAL,1.0000,1.0261,-1,,28.5266,77.5758
240.9000,509.6436,75.9305,3.9501,37.1982,INERTIAL,1.0000,1.0262,-1,,28.5266,77.5758
241.0000,509.9564,76.1634,3.9034,36.4811,INERTIAL,1.0000,1.0263,-1,,28.5266,77.5758
241.1000,510.2697,76.3968,3.9071,35.8353,INERTIAL,1.0000,1.0264,-1,,28.5266,77.5758
241.2000,510.5824,76.6297,3.8988,35.3050,INERTIAL,1.0000,1.0265,-1,,28.5266,77.5758
241.3000,510.8928,76.8609,3.8730,35.2361,INERTIAL,1.0000,1.0266,-1,,28.5266,77.5758
241.4000,511.2001,77.0897,3.8345,35.2695,INERTIAL,1.0000,1.0267,-1,,28.5266,77.5759
241.5000,511.5066,77.3180,3.8231,34.6984,INERTIAL,1.0000,1.0268,-1,,28.5266,77.5759
241.6000,511.8130,77.5462,3.8202,34.3080,INERTIAL,1.0000,1.0269,-1,,28.5267,77.5759
241.7000,512.1208,77.7754,3.8360,33.5385,INERTIAL,1.0000,1.0270,-1,,28.5267,77.5759
241.8000,512.4238,78.0011,3.7833,32.7517,INERTIAL,1.0000,1.0272,-1,,28.5267,77.5759
241.9000,512.7248,78.2253,3.7549,32.0079,INERTIAL,1.0000,1.0273,-1,,28.5267,77.5759
242.0000,513.0257,78.4494,3.7518,31.3134,INERTIAL,1.0000,1.0274,-1,,28.5267,77.5759
242.1000,513.3243,78.6718,3.7258,30.7610,INERTIAL,1.0000,1.0275,-1,,28.5267,77.5759
242.2000,513.6228,78.8941,3.7217,30.1999,INERTIAL,1.0000,1.0276,-1,,28.5267,77.5759
242.3000,513.9191,79.1148,3.6971,29.9461,INERTIAL,1.0000,1.0277,-1,,28.5267,77.5759
242.4000,514.2149,79.3350,3.6881,30.2530,INERTIAL,1.0000,1.0278,-1,,28.5267,77.5759
242.5000,514.5126,79.5568,3.7106,30.8269,INERTIAL,1.0000,1.0279,-1,,28.5267,77.5759
242.6000,514.8083,79.7770,3.6886,31.1097,INERTIAL,1.0000,1.0280,-1,,28.5267,77.5759
242.7000,515.1039,79.9971,3.6855,31.3165,INERTIAL,1.0000,1.0281,-1,,28.5267,77.5759
242.8000,515.4010,80.2184,3.7039,32.1329,INERTIAL,1.0000,1.0283,-1,,28.5267,77.5759
242.9000,515.6953,80.4376,3.6710,32.8169,INERTIAL,1.0000,1.0284,-1,,28.5267,77.5759
243.0000,515.9946,80.6605,3.7282,33.6214,INERTIAL,1.0000,1.0285,-1,,28.5267,77.5759
243.1000,516.2907,80.8810,3.6941,34.6766,INERTIAL,1.0000,1.0286,-1,,28.5267,77.5759
243.2000,516.5865,81.1013,3.6890,35.7649,INERTIAL,1.0000,1.0287,-1,,28.5267,77.5759
243.3000,516.8817,81.3212,3.6816,36.8193,INERTIAL,1.0000,1.0288,-1,,28.5267,77.5759
243.4000,517.1755,81.5400,3.6649,37.4964,INERTIAL,1.0000,1.0289,-1,,28.5267,77.5759
243.5000,517.4673,81.7573,3.6399,38.0593,INERTIAL,1.0000,1.0290,-1,,28.5267,77.5759
243.6000,517.7600,81.9753,3.6490,38.7248,INERTIAL,1.0000,1.0291,-1,,28.5267,77.5759
243.7000,518.0536,82.1939,3.6595,38.8617,INERTIAL,1.0000,1.0292,-1,,28.5267,77.5759
243.8000,518.3483,82.4134,3.6736,38.5567,INERTIAL,1.0000,1.0293,-1,,28.5267,77.5759
243.9000,518.6466,82.6356,3.7158,37.3009,INERTIAL,1.0000,1.0295,-1,,28.5267,77.5759
244.0000,518.9402,82.8543,3.6655,35.4411,INERTIAL,1.0000,1.0296,-1,,28.5267,77.5759
244.1000,519.2316,83.0713,3.6357,33.4468,INERTIAL,1.0000,1.0297,-1,,28.5267,77.5759
244.2000,519.5229,83.2882,3.6322,32.2081,INERTIAL,1.0000,1.0298,-1,,28.5267,77.5759
244.3000,519.8039,83.4845,3.5938,31.6612,INERTIAL,1.0000,1.0299,-1,,28.5267,77.5759
244.4000,520.1075,83.6797,3.6082,31.7195,INERTIAL,1.0000,1.0300,-1,,28.5267,77.5759
244.5000,520.4087,83.8734,3.5833,31.4943,INERTIAL,1.0000,1.0301,-1,,28.5267,77.5759
244.6000,520.7099,84.0670,3.5803,31.2745,INERTIAL,1.0000,1.0302,-1,,28.5267,77.5759
244.7000,521.0072,84.2581,3.5379,31.4726,INERTIAL,1.0000,1.0303,-1,,28.5267,77.5760
244.8000,521.3012,84.4472,3.4990,32.0373,INERTIAL,1.0000,1.0304,-1,,28.5267,77.5760
244.9000,521.5943,84.6356,3.4852,32.7501,INERTIAL,1.0000,1.0305,-1,,28.5267,77.5760
245.0000,521.8881,84.8245,3.4927,33.1066,INERTIAL,1.0000,1.0307,-1,,28.5267,77.5760
245.1000,522.1788,85.0113,3.4577,33.4697,INERTIAL,1.0000,1.0308,-1,,28.5267,77.5760
245.2000,522.4712,85.1993,3.4753,33.7508,INERTIAL,1.0000,1.0309,-1,,28.5267,77.5760
245.3000,522.7614,85.3859,3.4520,33.9129,INERTIAL,1.0000,1.0310,-1,,28.5267,77.5760
245.4000,523.0503,85.5717,3.4361,34.0895,INERTIAL,1.0000,1.0311,-1,,28.5267,77.5760
245.5000,523.3368,85.7558,3.4073,34.2140,INERTIAL,1.0000,1.0312,-1,,28.5267,77.5760
245.6000,523.6223,85.9393,3.3950,34.2202,INERTIAL,1.0000,1.0313,-1,,28.5267,77.5760
245.7000,523.9077,86.1229,3.3941,34.0086,INERTIAL,1.0000,1.0314,-1,,28.5267,77.5760
245.8000,524.1962,86.3083,3.4265,33.8085,INERTIAL,1.0000,1.0315,-1,,28.5267,77.5760
245.9000,524.4833,86.4929,3.4141,33.5772,INERTIAL,1.0000,1.0316,-1,,28.5267,77.5760
246.0000,524.7713,86.6780,3.4229,33.2221,INERTIAL,1.0000,1.0317,-1,,28.5267,77.5760
246.1000,525.0558,86.8610,3.3858,33.1920,INERTIAL,1.0000,1.0319,-1,,28.5267,77.5760
246.2000,525.3415,87.0446,3.3956,33.1728,INERTIAL,1.0000,1.0320,-1,,28.5267,77.5760
246.3000,525.6248,87.2267,3.3697,32.7344,INERTIAL,1.0000,1.0321,-1,,28.5267,77.5760
246.4000,525.9056,87.4072,3.3403,32.7499,INERTIAL,1.0000,1.0322,-1,,28.5267,77.5760
246.5000,526.1850,87.5869,3.3238,33.6828,INERTIAL,1.0000,1.0323,-1,,28.5267,77.5760
246.6000,526.4666,87.7679,3.3458,33.9273,INERTIAL,1.0000,1.0324,-1,,28.5267,77.5760
246.7000,526.7504,87.9504,3.3721,33.2739,INERTIAL,1.0000,1.0325,-1,,28.5267,77.5760
246.8000,527.0371,88.1347,3.4053,32.5723,INERTIAL,1.0000,1.0326,-1,,28.5267,77.5760
246.9000,527.3234,88.3188,3.4040,32.1574,INERTIAL,1.0000,1.0327,-1,,28.5267,77.5760
247.0000,527.6116,88.5040,3.4237,31.6456,INERTIAL,1.0000,1.0328,-1,,28.5267,77.5760
247.1000,527.9009,88.6900,3.4386,31.6878,INERTIAL,1.0000,1.0329,-1,,28.5268,77.5760
247.2000,528.1909,88.8764,3.4463,32.2435,INERTIAL,1.0000,1.0331,-1,,28.5268,77.5760
247.3000,528.4813,89.0631,3.4520,32.9746,INERTIAL,1.0000,1.0332,-1,,28.5268,77.5760
247.4000,528.7725,89.2503,3.4610,33.4040,INERTIAL,1.0000,1.0333,-1,,28.5268,77.5760
247.5000,529.0627,89.4369,3.4510,33.4883,INERTIAL,1.0000,1.0334,-1,,28.5268,77.5760
247.6000,529.3514,89.6225,3.4342,33.3734,INERTIAL,1.0000,1.0335,-1,,28.5268,77.5760
247.7000,529.6402,89.8082,3.4334,32.1173,INERTIAL,1.0000,1.0336,-1,,28.5268,77.5760
247.8000,529.9299,89.9944,3.4432,30.0396,INERTIAL,1.0000,1.0337,-1,,28.5268,77.5760
247.9000,530.2221,90.1823,3.4709,27.9629,INERTIAL,1.0000,1.0338,-1,,28.5268,77.5760
248.0000,530.5112,90.3681,3.4398,26.3544,INERTIAL,1.0000,1.0339,-1,,28.5268,77.5760
248.1000,530.8003,90.5540,3.4371,25.7912,INERTIAL,1.0000,1.0340,-1,,28.5268,77.5761
248.2000,531.0898,90.7401,3.4410,26.0611,INERTIAL,1.0000,1.0341,-1,,28.5268,77.5761
248.3000,531.3823,90.9282,3.4752,26.7313,INERTIAL,1.0000,1.0343,-1,,28.5268,77.5761
248.4000,531.6746,91.1161,3.4751,27.4287,INERTIAL,1.0000,1.0344,-1,,28.5268,77.5761
248.5000,531.9718,91.3071,3.5286,28.3170,INERTIAL,1.0000,1.0345,-1,,28.5268,77.5761
248.6000,532.2670,91.4969,3.5107,29.6687,INERTIAL,1.0000,1.0346,-1,,28.5268,77.5761
248.7000,532.5650,91.6885,3.5406,30.6756,INERTIAL,1.0000,1.0347,-1,,28.5268,77.5761
248.8000,532.8618,91.8793,3.5291,31.0608,INERTIAL,1.0000,1.0348,-1,,28.5268,77.5761
248.9000,533.1613,92.0719,3.5581,30.3976,INERTIAL,1.0000,1.0349,-1,,28.5268,77.5761
249.0000,533.4622,92.2653,3.5757,30.1098,INERTIAL,1.0000,1.0350,-1,,28.5268,77.5761
249.1000,533.7615,92.4577,3.5590,30.2873,INERTIAL,1.0000,1.0351,-1,,28.5268,77.5761
249.2000,534.0596,92.6494,3.5459,29.5668,INERTIAL,1.0000,1.0352,-1,,28.5268,77.5761
249.3000,534.3609,92.8433,3.5744,28.1588,INERTIAL,1.0000,1.0353,-1,,28.5268,77.5761
249.4000,534.6615,93.0376,3.5794,26.3998,INERTIAL,1.0000,1.0354,-1,,28.5268,77.5761
249.5000,534.9620,93.2319,3.5775,25.2581,INERTIAL,1.0000,1.0356,-1,,28.5268,77.5761
249.6000,535.2647,93.4276,3.6032,24.7489,INERTIAL,1.0000,1.0357,-1,,28.5268,77.5761
249.7000,535.5660,93.6224,3.5892,25.2504,INERTIAL,1.0000,1.0358,-1,,28.5268,77.5761
249.8000,535.8687,93.8181,3.6025,25.8446,INERTIAL,1.0000,1.0359,-1,,28.5268,77.5761
249.9000,536.1732,94.0150,3.6246,26.3539,INERTIAL,1.0000,1.0360,-1,,28.5268,77.5761
250.0000,536.4777,94.2118,3.6255,26.5720,INERTIAL,1.0000,1.0361,-1,,28.5268,77.5761
250.1000,536.7820,94.4086,3.6244,27.0807,INERTIAL,1.0000,1.0362,-1,,28.5268,77.5761
250.2000,537.0846,94.6042,3.6048,27.7861,INERTIAL,1.0000,1.0363,-1,,28.5268,77.5761
250.3000,537.3837,94.7976,3.5650,28.3176,INERTIAL,1.0000,1.0364,-1,,28.5268,77.5761
250.4000,537.6856,94.9927,3.5921,28.2362,INERTIAL,1.0000,1.0365,-1,,28.5268,77.5761
250.5000,537.9872,95.1878,3.5921,27.3671,INERTIAL,1.0000,1.0366,-1,,28.5268,77.5761
250.6000,538.2926,95.3852,3.6330,26.4106,INERTIAL,1.0000,1.0368,-1,,28.5268,77.5761
250.7000,538.5962,95.5815,3.6167,25.8250,INERTIAL,1.0000,1.0369,-1,,28.5268,77.5761
250.8000,538.8984,95.7768,3.6000,25.4696,INERTIAL,1.0000,1.0370,-1,,28.5268,77.5761
250.9000,539.1981,95.9706,3.5714,25.0829,INERTIAL,1.0000,1.0371,-1,,28.5268,77.5761
251.0000,539.4989,96.1651,3.5819,24.9648,INERTIAL,1.0000,1.0372,-1,,28.5268,77.5761
251.1000,539.7966,96.3576,3.5482,24.1316,INERTIAL,1.0000,1.0373,-1,,28.5268,77.5761
251.2000,540.0942,96.5499,3.5439,23.6286,INERTIAL,1.0000,1.0374,-1,,28.5268,77.5761
251.3000,540.3951,96.7445,3.5797,24.2368,INERTIAL,1.0000,1.0375,-1,,28.5268,77.5761
251.4000,540.6945,96.9381,3.5666,25.6967,INERTIAL,1.0000,1.0377,-1,,28.5268,77.5762
251.5000,540.9959,97.1329,3.5865,26.5205,INERTIAL,1.0000,1.0378,-1,,28.5268,77.5762
251.6000,541.2986,97.3286,3.6030,25.7897,INERTIAL,1.0000,1.0379,-1,,28.5268,77.5762
251.7000,541.6019,97.5247,3.6111,24.9726,INERTIAL,1.0000,1.0380,-1,,28.5268,77.5762
251.8000,541.9048,97.7205,3.6074,23.9662,INERTIAL,1.0000,1.0381,-1,,28.5268,77.5762
251.9000,542.2074,97.9162,3.6041,23.7293,INERTIAL,1.0000,1.0382,-1,,28.5268,77.5762
252.0000,542.5070,98.1098,3.5702,23.8332,INERTIAL,1.0000,1.0383,-1,,28.5268,77.5762
252.1000,542.8135,98.3080,3.6439,23.3663,INERTIAL,1.0000,1.0384,-1,,28.5268,77.5762
252.2000,543.1182,98.5050,3.6289,22.2727,INERTIAL,1.0000,1.0385,-1,,28.5268,77.5762
252.3000,543.4196,98.6999,3.5925,21.4026,INERTIAL,1.0000,1.0387,-1,,28.5268,77.5762
252.4000,543.7228,98.8959,3.6097,21.0578,INERTIAL,1.0000,1.0388,-1,,28.5268,77.5762
252.5000,544.0256,99.0917,3.6053,21.3011,INERTIAL,1.0000,1.0389,-1,,28.5268,77.5762
252.6000,544.3241,99.2847,3.5591,21.9957,INERTIAL,1.0000,1.0390,-1,,28.5268,77.5762
252.7000,544.6249,99.4792,3.5799,22.2898,INERTIAL,1.0000,1.0391,-1,,28.5268,77.5762
252.8000,544.9240,99.6725,3.5624,22.2305,INERTIAL,1.0000,1.0392,-1,,28.5268,77.5762
252.9000,545.2280,99.8690,3.6157,21.7101,INERTIAL,1.0000,1.0393,-1,,28.5269,77.5762
253.0000,545.5256,100.0615,3.5496,21.3465,INERTIAL,1.0000,1.0394,-1,,28.5269,77.5762
253.1000,545.8225,100.2534,3.5361,21.1499,INERTIAL,1.0000,1.0395,-1,,28.5269,77.5762
253.2000,546.1204,100.4460,3.5474,20.5277,INERTIAL,1.0000,1.0396,-1,,28.5269,77.5762
253.3000,546.4206,100.6401,3.5723,19.6878,INERTIAL,1.0000,1.0397,-1,,28.5269,77.5762
253.4000,546.7174,100.8320,3.5372,18.8158,INERTIAL,1.0000,1.0398,-1,,28.5269,77.5762
253.5000,547.0174,101.0260,3.5697,18.4626,INERTIAL,1.0000,1.0399,-1,,28.5269,77.5762
253.6000,547.3161,101.2191,3.5580,18.6641,INERTIAL,1.0000,1.0401,-1,,28.5269,77.5762
253.7000,547.6149,101.4122,3.5578,19.8926,INERTIAL,1.0000,1.0402,-1,,28.5269,77.5762
253.8000,547.9106,101.6034,3.5240,21.5786,INERTIAL,1.0000,1.0403,-1,,28.5269,77.5762
253.9000,548.2107,101.7974,3.5696,22.5949,INERTIAL,1.0000,1.0404,-1,,28.5269,77.5762
254.0000,548.5059,101.9883,3.5193,23.1897,INERTIAL,1.0000,1.0405,-1,,28.5269,77.5762
254.1000,548.8020,102.1797,3.5258,23.8231,INERTIAL,1.0000,1.0406,-1,,28.5269,77.5762
254.2000,549.0961,102.3698,3.5034,24.3066,INERTIAL,1.0000,1.0407,-1,,28.5269,77.5762
254.3000,549.3925,102.5615,3.5277,23.4392,INERTIAL,1.0000,1.0408,-1,,28.5269,77.5762
254.4000,549.6863,102.7514,3.5004,22.0444,INERTIAL,1.0000,1.0409,-1,,28.5269,77.5762
254.5000,549.9811,102.9421,3.5107,21.1267,INERTIAL,1.0000,1.0410,-1,,28.5269,77.5762
254.6000,550.2754,103.1323,3.5045,20.1131,INERTIAL,1.0000,1.0411,-1,,28.5269,77.5763
254.7000,550.5724,103.3243,3.5338,19.4860,INERTIAL,1.0000,1.0412,-1,,28.5269,77.5763
254.8000,550.8527,103.4927,3.5020,20.2796,INERTIAL,1.0000,1.0414,-1,,28.5269,77.5763
254.9000,551.1685,103.6562,3.5525,22.2378,INERTIAL,1.0000,1.0415,-1,,28.5269,77.5763
255.0000,551.4854,103.8202,3.5669,24.4546,INERTIAL,1.0000,1.0416,-1,,28.5269,77.5763
255.1000,551.8081,103.9873,3.6291,25.8276,INERTIAL,1.0000,1.0417,-1,,28.5269,77.5763
255.2000,552.1244,104.1510,3.5667,26.7882,INERTIAL,1.0000,1.0418,-1,,28.5269,77.5763
255.3000,552.4400,104.3144,3.5546,27.6578,INERTIAL,1.0000,1.0419,-1,,28.5269,77.5763
255.4000,552.7521,104.4759,3.5173,28.8273,INERTIAL,1.0000,1.0420,-1,,28.5269,77.5763
255.5000,553.0727,104.6419,3.6030,29.1354,INERTIAL,1.0000,1.0421,-1,,28.5269,77.5763
255.6000,553.3916,104.8069,3.5912,28.0981,INERTIAL,1.0000,1.0422,-1,,28.5269,77.5763
255.7000,553.7103,104.9719,3.5892,26.8990,INERTIAL,1.0000,1.0423,-1,,28.5269,77.5763
255.8000,554.0266,105.1356,3.5637,26.1625,INERTIAL,1.0000,1.0424,-1,,28.5269,77.5763
255.9000,554.3450,105.3004,3.5837,25.5107,INERTIAL,1.0000,1.0425,-1,,28.5269,77.5763
256.0000,554.6591,105.4630,3.5403,25.2101,INERTIAL,1.0000,1.0427,-1,,28.5269,77.5763
256.1000,554.9740,105.6260,3.5456,25.5126,INERTIAL,1.0000,1.0428,-1,,28.5269,77.5763
256.2000,555.2890,105.7891,3.5472,26.0293,INERTIAL,1.0000,1.0429,-1,,28.5269,77.5763
256.3000,555.6050,105.9526,3.5569,26.3177,INERTIAL,1.0000,1.0430,-1,,28.5269,77.5763
256.4000,555.9201,106.1157,3.5483,26.1645,INERTIAL,1.0000,1.0431,-1,,28.5269,77.5763
256.5000,556.2334,106.2779,3.5302,25.8108,INERTIAL,1.0000,1.0432,-1,,28.5269,77.5763
256.6000,556.5524,106.4430,3.5867,25.5211,INERTIAL,1.0000,1.0433,-1,,28.5269,77.5763
256.7000,556.8718,106.6084,3.5966,25.0540,INERTIAL,1.0000,1.0434,-1,,28.5269,77.5763
256.8000,557.1901,106.7731,3.5847,24.3485,INERTIAL,1.0000,1.0435,-1,,28.5269,77.5763
256.9000,557.5059,106.9366,3.5585,23.4369,INERTIAL,1.0000,1.0436,-1,,28.5269,77.5763
257.0000,557.8243,107.1014,3.5833,22.5743,INERTIAL,1.0000,1.0437,-1,,28.5269,77.5763
257.1000,558.1450,107.2674,3.6088,21.6996,INERTIAL,1.0000,1.0438,-1,,28.5269,77.5763
257.2000,558.4669,107.4340,3.6231,21.1661,INERTIAL,1.0000,1.0439,-1,,28.5269,77.5763
257.3000,558.7870,107.5997,3.6063,21.2293,INERTIAL,1.0000,1.0441,-1,,28.5269,77.5763
257.4000,559.1063,107.7650,3.5957,21.8941,INERTIAL,1.0000,1.0442,-1,,28.5269,77.5763
257.5000,559.4254,107.9302,3.5939,22.5808,INERTIAL,1.0000,1.0443,-1,,28.5269,77.5763
257.6000,559.7418,108.0939,3.5653,23.2895,INERTIAL,1.0000,1.0444,-1,,28.5269,77.5763
257.7000,560.0594,108.2583,3.5745,23.8176,INERTIAL,1.0000,1.0445,-1,,28.5269,77.5764
257.8000,560.3779,108.4232,3.5860,24.0620,INERTIAL,1.0000,1.0446,-1,,28.5269,77.5764
257.9000,560.6956,108.5876,3.5782,23.8411,INERTIAL,1.0000,1.0447,-1,,28.5269,77.5764
258.0000,561.0140,108.7524,3.5844,23.2609,INERTIAL,1.0000,1.0448,-1,,28.5269,77.5764
258.1000,561.3318,108.9169,3.5785,22.3131,INERTIAL,1.0000,1.0449,-1,,28.5269,77.5764
258.2000,561.6516,109.0824,3.5995,21.5132,INERTIAL,1.0000,1.0450,-1,,28.5269,77.5764
258.3000,561.9742,109.2495,3.6306,19.9095,INERTIAL,1.0000,1.0451,-1,,28.5269,77.5764
258.4000,562.2886,109.3953,3.6311,17.8097,INERTIAL,1.0000,1.0452,-1,,28.5269,77.5764
258.5000,562.6234,109.5398,3.6459,16.2155,INERTIAL,1.0000,1.0453,-1,,28.5269,77.5764
258.6000,562.9547,109.6829,3.6121,15.3646,INERTIAL,1.0000,1.0455,-1,,28.5269,77.5764
258.7000,563.2911,109.8282,3.6597,15.4578,INERTIAL,1.0000,1.0456,-1,,28.5269,77.5764
258.8000,563.6217,109.9710,3.6058,15.8062,INERTIAL,1.0000,1.0457,-1,,28.5269,77.5764
258.9000,563.9543,110.1146,3.6212,15.6574,INERTIAL,1.0000,1.0458,-1,,28.5269,77.5764
259.0000,564.2823,110.2562,3.5764,15.2997,INERTIAL,1.0000,1.0459,-1,,28.5269,77.5764
259.1000,564.6138,110.3994,3.6089,15.0418,INERTIAL,1.0000,1.0460,-1,,28.5269,77.5764
259.2000,564.9418,110.5411,3.5757,15.2589,INERTIAL,1.0000,1.0461,-1,,28.5269,77.5764
259.3000,565.2678,110.6818,3.5523,15.4180,INERTIAL,1.0000,1.0462,-1,,28.5269,77.5764
259.4000,565.5910,110.8214,3.5229,15.5989,INERTIAL,1.0000,1.0463,-1,,28.5269,77.5764
259.5000,565.9179,110.9626,3.5583,15.3832,INERTIAL,1.0000,1.0464,-1,,28.5270,77.5764
259.6000,566.2438,111.1033,3.5502,15.1590,INERTIAL,1.0000,1.0465,-1,,28.5270,77.5764
259.7000,566.5681,111.2433,3.5339,15.1390,INERTIAL,1.0000,1.0466,-1,,28.5270,77.5764
259.8000,566.8946,111.3844,3.5551,14.8804,INERTIAL,1.0000,1.0467,-1,,28.5270,77.5764
259.9000,567.2213,111.5254,3.5582,14.4571,INERTIAL,1.0000,1.0468,-1,,28.5270,77.5764
260.0000,567.5474,111.6663,3.5526,14.0510,INERTIAL,1.0000,1.0470,-1,,28.5270,77.5764
260.1000,567.8729,111.8068,3.5463,13.4152,INERTIAL,1.0000,1.0471,-1,,28.5270,77.5764
260.2000,568.2009,111.9485,3.5706,13.3896,INERTIAL,1.0000,1.0472,-1,,28.5270,77.5764
260.3000,568.5305,112.0908,3.5885,14.2987,INERTIAL,1.0000,1.0473,-1,,28.5270,77.5764
260.4000,568.8553,112.2311,3.5420,15.2011,INERTIAL,1.0000,1.0474,-1,,28.5270,77.5764
260.5000,569.1814,112.3719,3.5510,15.6921,INERTIAL,1.0000,1.0475,-1,,28.5270,77.5764
260.6000,569.5091,112.5134,3.5678,15.7613,INERTIAL,1.0000,1.0476,-1,,28.5270,77.5764
260.7000,569.8398,112.6562,3.6003,16.4644,INERTIAL,1.0000,1.0477,-1,,28.5270,77.5765
260.8000,570.1674,112.7977,3.5707,16.7961,INERTIAL,1.0000,1.0478,-1,,28.5270,77.5765
260.9000,570.4983,112.9406,3.6018,16.0704,INERTIAL,1.0000,1.0479,-1,,28.5270,77.5765
261.0000,570.8307,113.0841,3.6187,14.7508,INERTIAL,1.0000,1.0480,-1,,28.5270,77.5765
261.1000,571.1629,113.2276,3.6186,14.2265,INERTIAL,1.0000,1.0481,-1,,28.5270,77.5765
261.2000,571.4932,113.3702,3.6002,14.6892,INERTIAL,1.0000,1.0482,-1,,28.5270,77.5765
261.3000,571.8243,113.5132,3.6062,15.6512,INERTIAL,1.0000,1.0484,-1,,28.5270,77.5765
261.4000,572.1596,113.6580,3.6480,16.7388,INERTIAL,1.0000,1.0485,-1,,28.5270,77.5765
261.5000,572.4920,113.8016,3.6230,17.6259,INERTIAL,1.0000,1.0486,-1,,28.5270,77.5765
261.6000,572.8258,113.9457,3.6349,17.8662,INERTIAL,1.0000,1.0487,-1,,28.5270,77.5765
261.7000,573.1617,114.0908,3.6567,18.3287,INERTIAL,1.0000,1.0488,-1,,28.5270,77.5765
261.8000,573.4996,114.2367,3.6787,19.2356,INERTIAL,1.0000,1.0489,-1,,28.5270,77.5765
261.9000,573.8341,114.3812,3.6481,19.7993,INERTIAL,1.0000,1.0490,-1,,28.5270,77.5765
262.0000,574.1705,114.5264,3.6623,19.4524,INERTIAL,1.0000,1.0491,-1,,28.5270,77.5765
262.1000,574.5076,114.6720,3.6701,18.3370,INERTIAL,1.0000,1.0493,-1,,28.5270,77.5765
262.2000,574.8479,114.8189,3.7007,16.3836,INERTIAL,1.0000,1.0494,-1,,28.5270,77.5765
262.3000,575.1798,114.9623,3.6266,14.4527,INERTIAL,1.0000,1.0495,-1,,28.5270,77.5765
262.4000,575.5148,115.1069,3.6462,13.8550,INERTIAL,1.0000,1.0496,-1,,28.5270,77.5765
262.5000,575.8521,115.2526,3.6705,14.5495,INERTIAL,1.0000,1.0497,-1,,28.5270,77.5765
262.6000,576.1917,115.3992,3.6951,15.6463,INERTIAL,1.0000,1.0499,-1,,28.5270,77.5765
262.7000,576.5277,115.5444,3.6645,15.8985,INERTIAL,1.0000,1.0500,-1,,28.5270,77.5765
262.8000,576.8704,115.6924,3.7261,15.8692,INERTIAL,1.0000,1.0501,-1,,28.5270,77.5765
262.9000,577.2100,115.8390,3.7013,16.0037,INERTIAL,1.0000,1.0502,-1,,28.5270,77.5765
263.0000,577.5540,115.9875,3.7426,15.8801,INERTIAL,1.0000,1.0503,-1,,28.5270,77.5765
263.1000,577.8938,116.1481,3.6786,15.2477,INERTIAL,1.0000,1.0504,-1,,28.5270,77.5765
263.2000,578.2290,116.3077,3.7104,13.9340,INERTIAL,1.0000,1.0505,-1,,28.5270,77.5765
263.3000,578.5619,116.4661,3.6885,12.7343,INERTIAL,1.0000,1.0506,-1,,28.5270,77.5765
263.4000,578.9041,116.6290,3.7822,11.9529,INERTIAL,1.0000,1.0507,-1,,28.5270,77.5765
263.5000,579.2440,116.7907,3.7649,11.3956,INERTIAL,1.0000,1.0508,-1,,28.5270,77.5765
263.6000,579.5877,116.9543,3.8031,10.9789,INERTIAL,1.0000,1.0509,-1,,28.5270,77.5766
263.7000,579.9287,117.1166,3.7791,11.0010,INERTIAL,1.0000,1.0510,-1,,28.5270,77.5766
263.8000,580.2763,117.2821,3.8447,11.5951,INERTIAL,1.0000,1.0512,-1,,28.5270,77.5766
263.9000,580.6184,117.4448,3.7920,11.8746,INERTIAL,1.0000,1.0513,-1,,28.5270,77.5766
264.0000,580.9630,117.6089,3.8155,11.3108,INERTIAL,1.0000,1.0514,-1,,28.5270,77.5766
264.1000,581.3023,117.7704,3.7619,10.1078,INERTIAL,1.0000,1.0515,-1,,28.5270,77.5766
264.2000,581.6485,117.9351,3.8284,7.6988,INERTIAL,1.0000,1.0516,-1,,28.5270,77.5766
264.3000,581.9955,118.1003,3.8420,6.3017,INERTIAL,1.0000,1.0517,-1,,28.5270,77.5766
264.4000,582.3429,118.2656,3.8474,5.8444,INERTIAL,1.0000,1.0518,-1,,28.5270,77.5766
264.5000,582.6890,118.4303,3.8332,7.6336,INERTIAL,1.0000,1.0519,-1,,28.5270,77.5766
264.6000,583.0358,118.5954,3.8407,8.5785,INERTIAL,1.0000,1.0520,-1,,28.5270,77.5766
264.7000,583.3856,118.7619,3.8714,8.1305,INERTIAL,1.0000,1.0521,-1,,28.5270,77.5766
264.8000,583.7361,118.9287,3.8806,7.8073,INERTIAL,1.0000,1.0522,-1,,28.5270,77.5766
264.9000,584.0866,119.0955,3.8814,8.7838,INERTIAL,1.0000,1.0523,-1,,28.5270,77.5766
265.0000,584.4391,119.2633,3.9030,9.8989,INERTIAL,1.0000,1.0524,-1,,28.5270,77.5766
265.1000,584.7918,119.4311,3.9050,10.8671,INERTIAL,1.0000,1.0525,-1,,28.5270,77.5766
265.2000,585.1409,119.5973,3.8698,11.0409,INERTIAL,1.0000,1.0527,-1,,28.5270,77.5766
265.3000,585.4902,119.7636,3.8686,10.2964,INERTIAL,1.0000,1.0528,-1,,28.5270,77.5766
265.4000,585.8442,119.9320,3.9158,9.4538,INERTIAL,1.0000,1.0529,-1,,28.5270,77.5766
265.5000,586.2016,120.1021,3.9539,10.0457,INERTIAL,1.0000,1.0530,-1,,28.5270,77.5766
265.6000,586.5580,120.2717,3.9480,11.0741,INERTIAL,1.0000,1.0531,-1,,28.5270,77.5766
265.7000,586.9139,120.4412,3.9430,10.4442,INERTIAL,1.0000,1.0532,-1,,28.5270,77.5766
265.8000,587.2641,120.6078,3.8863,8.9429,INERTIAL,1.0000,1.0533,-1,,28.5270,77.5766
265.9000,587.6123,120.7735,3.8610,8.1590,INERTIAL,1.0000,1.0535,-1,,28.5270,77.5766
266.0000,587.9572,120.9377,3.8274,8.5247,INERTIAL,1.0000,1.0536,-1,,28.5270,77.5766
266.1000,588.3072,121.1042,3.8655,9.5850,INERTIAL,1.0000,1.0537,-1,,28.5270,77.5766
266.2000,588.6561,121.2703,3.8644,11.2580,INERTIAL,1.0000,1.0539,-1,,28.5270,77.5766
266.3000,589.0096,121.4386,3.9012,12.4844,INERTIAL,1.0000,1.0541,-1,,28.5270,77.5766
266.4000,589.3573,121.6041,3.8662,12.0237,INERTIAL,1.0000,1.0542,-1,,28.5270,77.5767
266.5000,589.7124,121.7730,3.9120,10.0701,INERTIAL,1.0000,1.0544,-1,,28.5270,77.5767
266.6000,590.0647,121.9407,3.9046,8.1370,INERTIAL,1.0000,1.0546,-1,,28.5270,77.5767
266.7000,590.4244,122.1119,3.9594,8.0683,INERTIAL,1.0000,1.0547,-1,,28.5271,77.5767
266.8000,590.7721,122.2774,3.8864,8.1687,INERTIAL,1.0000,1.0549,-1,,28.5271,77.5767
266.9000,591.1204,122.4432,3.8662,7.7533,INERTIAL,1.0000,1.0551,-1,,28.5271,77.5767
267.0000,591.4706,122.6098,3.8750,8.0451,INERTIAL,1.0000,1.0552,-1,,28.5271,77.5767
267.1000,591.8177,122.7751,3.8516,8.4649,INERTIAL,1.0000,1.0554,-1,,28.5271,77.5767
267.2000,592.1536,122.9349,3.7525,8.7236,INERTIAL,1.0000,1.0555,-1,,28.5271,77.5767
267.3000,592.4936,123.0967,3.7627,9.5923,INERTIAL,1.0000,1.0556,-1,,28.5271,77.5767
267.4000,592.8329,123.2582,3.7585,10.7400,INERTIAL,1.0000,1.0558,-1,,28.5271,77.5767
267.5000,593.1768,123.4219,3.7996,11.7973,INERTIAL,1.0000,1.0559,-1,,28.5271,77.5767
267.6000,593.5087,123.5798,3.6997,13.2502,INERTIAL,1.0000,1.0560,-1,,28.5271,77.5767
267.7000,593.8425,123.7387,3.6973,13.3867,INERTIAL,1.0000,1.0562,-1,,28.5271,77.5767
267.8000,594.1298,123.8134,3.6568,12.7913,INERTIAL,1.0000,1.0563,-1,,28.5271,77.5767
267.9000,594.4923,123.8749,3.6721,11.2133,INERTIAL,1.0000,1.0565,-1,,28.5271,77.5767
268.0000,594.8520,123.9359,3.6548,12.2117,INERTIAL,1.0000,1.0566,-1,,28.5271,77.5767
268.1000,595.2231,123.9988,3.7328,13.7796,INERTIAL,1.0000,1.0568,-1,,28.5271,77.5767
268.2000,595.5882,124.0607,3.7128,14.6333,INERTIAL,1.0000,1.0570,-1,,28.5271,77.5767
268.3000,595.9611,124.1239,3.7598,14.4858,INERTIAL,1.0000,1.0571,-1,,28.5271,77.5767
268.4000,596.3203,124.1848,3.6838,13.8013,INERTIAL,1.0000,1.0573,-1,,28.5271,77.5767
268.5000,596.6874,124.2470,3.7097,13.6960,INERTIAL,1.0000,1.0575,-1,,28.5271,77.5767
268.6000,597.0545,124.3092,3.7193,14.3952,INERTIAL,1.0000,1.0577,-1,,28.5271,77.5767
268.7000,597.4246,124.3720,3.7432,15.0195,INERTIAL,1.0000,1.0578,-1,,28.5271,77.5767
268.8000,597.7884,124.4336,3.7065,15.7975,INERTIAL,1.0000,1.0580,-1,,28.5271,77.5767
268.9000,598.1588,124.4964,3.7416,15.8534,INERTIAL,1.0000,1.0582,-1,,28.5271,77.5767
269.0000,598.5168,124.5571,3.6652,14.7434,INERTIAL,1.0000,1.0583,-1,,28.5271,77.5767
269.1000,598.8787,124.6184,3.6684,13.5236,INERTIAL,1.0000,1.0585,-1,,28.5271,77.5767
269.2000,599.2294,124.6779,3.5904,13.0293,INERTIAL,1.0000,1.0586,-1,,28.5271,77.5768
269.3000,599.6058,124.7526,3.6763,13.0362,INERTIAL,1.0000,1.0588,-1,,28.5271,77.5768
269.4000,599.9587,124.8329,3.6326,13.7523,INERTIAL,1.0000,1.0589,-1,,28.5271,77.5768
269.5000,600.3162,124.9143,3.6600,14.3333,INERTIAL,1.0000,1.0590,-1,,28.5271,77.5768
269.6000,600.6701,124.9949,3.6355,14.5216,INERTIAL,1.0000,1.0592,-1,,28.5271,77.5768
269.7000,601.0296,125.0767,3.6775,14.2275,INERTIAL,1.0000,1.0593,-1,,28.5271,77.5768
269.8000,601.3819,125.1569,3.6251,14.2304,INERTIAL,1.0000,1.0594,-1,,28.5271,77.5768
269.9000,601.7379,125.2380,3.6470,14.7654,INERTIAL,1.0000,1.0595,-1,,28.5271,77.5768
270.0000,602.0947,125.3192,3.6577,15.7970,INERTIAL,1.0000,1.0597,-1,,28.5271,77.5768
270.1000,602.4579,125.4018,3.7171,17.0612,INERTIAL,1.0000,1.0598,-1,,28.5271,77.5768
270.2000,602.8175,125.4837,3.6913,17.8343,INERTIAL,1.0000,1.0599,-1,,28.5271,77.5768
270.3000,603.1768,125.5655,3.6858,17.5883,INERTIAL,1.0000,1.0600,-1,,28.5271,77.5768
270.4000,603.5330,125.6466,3.6555,16.4021,INERTIAL,1.0000,1.0601,-1,,28.5271,77.5768
270.5000,603.8907,125.7280,3.6677,15.2787,INERTIAL,1.0000,1.0602,-1,,28.5271,77.5768
270.6000,604.2449,125.8086,3.6346,14.1031,INERTIAL,1.0000,1.0603,-1,,28.5271,77.5768
270.7000,604.5942,125.8882,3.5867,12.9423,INERTIAL,1.0000,1.0604,-1,,28.5271,77.5768
270.8000,604.9458,125.9682,3.6044,11.9061,INERTIAL,1.0000,1.0605,-1,,28.5271,77.5768
270.9000,605.2961,126.0479,3.5936,10.9852,INERTIAL,1.0000,1.0606,-1,,28.5271,77.5768
271.0000,605.6450,126.1273,3.5790,10.1770,INERTIAL,1.0000,1.0607,-1,,28.5271,77.5768
271.1000,605.9900,126.2059,3.5417,9.3960,INERTIAL,1.0000,1.0608,-1,,28.5271,77.5768
271.2000,606.3362,126.2847,3.5501,8.8215,INERTIAL,1.0000,1.0609,-1,,28.5271,77.5768
271.3000,606.6761,126.3621,3.4906,8.8186,INERTIAL,1.0000,1.0610,-1,,28.5271,77.5768
271.4000,607.0156,126.4394,3.4827,8.9700,INERTIAL,1.0000,1.0611,-1,,28.5271,77.5768
271.5000,607.3529,126.5161,3.4610,9.3714,INERTIAL,1.0000,1.0613,-1,,28.5271,77.5768
271.6000,607.6940,126.5938,3.4951,9.7699,INERTIAL,1.0000,1.0614,-1,,28.5271,77.5768
271.7000,608.0318,126.6707,3.4672,10.0173,INERTIAL,1.0000,1.0615,-1,,28.5271,77.5768
271.8000,608.3684,126.7473,3.4528,10.1625,INERTIAL,1.0000,1.0616,-1,,28.5271,77.5768
271.9000,608.7025,126.8234,3.4289,10.4558,INERTIAL,1.0000,1.0617,-1,,28.5271,77.5768
272.0000,609.0359,126.8992,3.4199,11.0124,INERTIAL,1.0000,1.0618,-1,,28.5271,77.5769
272.1000,609.3654,126.9742,3.3816,11.4579,INERTIAL,1.0000,1.0619,-1,,28.5271,77.5769
272.2000,609.6950,127.0493,3.3804,11.8001,INERTIAL,1.0000,1.0620,-1,,28.5271,77.5769
272.3000,610.0215,127.1236,3.3511,11.7241,INERTIAL,1.0000,1.0621,-1,,28.5271,77.5769
272.4000,610.3480,127.1979,3.3490,11.0890,INERTIAL,1.0000,1.0622,-1,,28.5271,77.5769
272.5000,610.6704,127.2713,3.3093,9.7101,INERTIAL,1.0000,1.0623,-1,,28.5271,77.5769
272.6000,610.9930,127.3447,3.3093,8.5412,INERTIAL,1.0000,1.0624,-1,,28.5271,77.5769
272.7000,611.3138,127.4178,3.2916,7.7059,INERTIAL,1.0000,1.0625,-1,,28.5271,77.5769
272.8000,611.6359,127.4911,3.3024,6.7565,INERTIAL,1.0000,1.0626,-1,,28.5271,77.5769
272.9000,611.9539,127.5635,3.2638,5.7223,INERTIAL,1.0000,1.0627,-1,,28.5271,77.5769
273.0000,612.2707,127.6356,3.2500,4.6040,INERTIAL,1.0000,1.0628,-1,,28.5271,77.5769
273.1000,612.5881,127.7078,3.2551,3.4007,INERTIAL,1.0000,1.0629,-1,,28.5271,77.5769
273.2000,612.9058,127.7802,3.2582,2.4115,INERTIAL,1.0000,1.0631,-1,,28.5271,77.5769
273.3000,613.2215,127.8520,3.2390,2.0252,INERTIAL,1.0000,1.0632,-1,,28.5271,77.5769
273.4000,613.5337,127.9231,3.2046,2.3659,INERTIAL,1.0000,1.0633,-1,,28.5271,77.5769
273.5000,613.8418,127.9932,3.1631,3.0538,INERTIAL,1.0000,1.0634,-1,,28.5271,77.5769
273.6000,614.1506,128.0635,3.1675,3.8911,INERTIAL,1.0000,1.0635,-1,,28.5271,77.5769
273.7000,614.4571,128.1333,3.1449,4.4503,INERTIAL,1.0000,1.0636,-1,,28.5271,77.5769
273.8000,614.7609,128.2025,3.1182,5.0454,INERTIAL,1.0000,1.0637,-1,,28.5271,77.5769
273.9000,615.0663,128.2720,3.1308,5.5278,INERTIAL,1.0000,1.0638,-1,,28.5271,77.5769
274.0000,615.3722,128.3416,3.1363,5.6537,INERTIAL,1.0000,1.0639,-1,,28.5271,77.5769
274.1000,615.6737,128.4102,3.0954,5.9774,INERTIAL,1.0000,1.0640,-1,,28.5271,77.5769
274.2000,615.9753,128.4789,3.0937,6.1485,INERTIAL,1.0000,1.0641,-1,,28.5271,77.5769
274.3000,616.2753,128.5472,3.0779,6.4003,INERTIAL,1.0000,1.0642,-1,,28.5271,77.5769
274.4000,616.5743,128.6152,3.0671,6.5511,INERTIAL,1.0000,1.0643,-1,,28.5271,77.5769
274.5000,616.8626,128.6744,3.0560,6.5008,INERTIAL,1.0000,1.0644,-1,,28.5271,77.5769
274.6000,617.1601,128.7275,3.0248,6.5314,INERTIAL,1.0000,1.0645,-1,,28.5271,77.5769
274.7000,617.4606,128.7811,3.0498,6.4683,INERTIAL,1.0000,1.0646,-1,,28.5271,77.5769
274.8000,617.7603,128.8345,3.0449,6.4227,INERTIAL,1.0000,1.0647,-1,,28.5271,77.5769
274.9000,618.0573,128.8875,3.0195,6.3846,INERTIAL,1.0000,1.0649,-1,,28.5271,77.5769
275.0000,618.3491,128.9396,2.9675,6.6440,INERTIAL,1.0000,1.0650,-1,,28.5271,77.5769
275.1000,618.6408,128.9917,2.9636,7.0051,INERTIAL,1.0000,1.0651,-1,,28.5271,77.5769
275.2000,618.9285,129.0430,2.9264,7.4686,INERTIAL,1.0000,1.0652,-1,,28.5271,77.5770
275.3000,619.2104,129.0933,2.8700,8.1410,INERTIAL,1.0000,1.0653,-1,,28.5271,77.5770
275.4000,619.4857,129.1424,2.8088,8.7113,INERTIAL,1.0000,1.0654,-1,,28.5271,77.5770
275.5000,619.7591,129.1912,2.7842,9.0086,INERTIAL,1.0000,1.0656,-1,,28.5271,77.5770
275.6000,620.0299,129.2395,2.7585,9.0218,INERTIAL,1.0000,1.0657,-1,,28.5271,77.5770
275.7000,620.2930,129.2865,2.6949,9.4496,INERTIAL,1.0000,1.0659,-1,,28.5271,77.5770
275.8000,620.5500,129.3323,2.6371,10.4741,INERTIAL,1.0000,1.0661,-1,,28.5271,77.5770
275.9000,620.8053,129.3779,2.6088,11.4068,INERTIAL,1.0000,1.0663,-1,,28.5271,77.5770
276.0000,621.0498,129.4215,2.5327,12.0312,INERTIAL,1.0000,1.0665,-1,,28.5271,77.5770
276.1000,621.2904,129.4644,2.4814,11.7408,INERTIAL,1.0000,1.0668,-1,,28.5271,77.5770
276.2000,621.5262,129.5065,2.4339,10.9851,INERTIAL,1.0000,1.0671,-1,,28.5271,77.5770
276.3000,621.7577,129.5478,2.3909,9.9957,INERTIAL,1.0000,1.0674,-1,,28.5271,77.5770
276.4000,621.9837,129.5881,2.3431,9.1538,INERTIAL,1.0000,1.0677,-1,,28.5271,77.5770
276.5000,622.2086,129.6283,2.3142,7.8494,INERTIAL,1.0000,1.0680,-1,,28.5271,77.5770
276.6000,622.4242,129.6667,2.2547,6.9215,INERTIAL,1.0000,1.0683,-1,,28.5271,77.5770
276.7000,622.6471,129.7065,2.2590,5.9755,INERTIAL,1.0000,1.0686,-1,,28.5271,77.5770
276.8000,622.8648,129.7453,2.2367,5.2621,INERTIAL,1.0000,1.0690,-1,,28.5271,77.5770
276.9000,623.0822,129.7842,2.2240,4.8549,INERTIAL,1.0000,1.0693,-1,,28.5271,77.5770
277.0000,623.2880,129.8209,2.1638,4.9712,INERTIAL,1.0000,1.0697,-1,,28.5271,77.5770
277.1000,623.4859,129.8562,2.0965,5.1938,INERTIAL,1.0000,1.0701,-1,,28.5271,77.5770
277.2000,623.6716,129.8893,2.0076,5.2276,INERTIAL,1.0000,1.0705,-1,,28.5271,77.5770
277.3000,623.8588,129.9227,1.9638,5.2597,INERTIAL,1.0000,1.0710,-1,,28.5271,77.5770
277.4000,624.0398,129.9550,1.9141,5.4445,INERTIAL,1.0000,1.0715,-1,,28.5271,77.5770
277.5000,624.2190,129.9870,1.8778,5.4275,INERTIAL,1.0000,1.0720,-1,,28.5271,77.5770
277.6000,624.3826,130.0162,1.7975,6.0886,INERTIAL,1.0000,1.0725,-1,,28.5271,77.5770
277.7000,624.5351,130.0434,1.7085,6.2240,INERTIAL,1.0000,1.0731,-1,,28.5271,77.5770
277.8000,624.6805,130.0693,1.6276,6.4145,INERTIAL,1.0000,1.0737,-1,,28.5271,77.5770
277.9000,624.8057,130.0917,1.5059,6.6090,INERTIAL,1.0000,1.0743,-1,,28.5271,77.5770
278.0000,624.9170,130.1115,1.3804,6.5371,INERTIAL,1.0000,1.0748,-1,,28.5271,77.5770
278.1000,625.0145,130.1289,1.2509,6.5241,INERTIAL,1.0000,1.0754,-1,,28.5271,77.5770
278.2000,625.1041,130.1449,1.1377,6.5849,INERTIAL,1.0000,1.0759,-1,,28.5271,77.5770
278.3000,625.1881,130.1599,1.0424,6.6297,INERTIAL,1.0000,1.0764,-1,,28.5271,77.5770
278.4000,625.2675,130.1741,0.9615,6.5147,INERTIAL,1.0000,1.0768,-1,,28.5271,77.5770
278.5000,625.3443,130.1878,0.8970,6.4614,INERTIAL,1.0000,1.0772,-1,,28.5271,77.5770
278.6000,625.4201,130.2013,0.8498,6.5087,INERTIAL,1.0000,1.0776,-1,,28.5271,77.5770
278.7000,625.4797,130.2119,0.7553,6.4411,INERTIAL,1.0000,1.0779,-1,,28.5271,77.5770
278.8000,625.5342,130.2217,0.6736,6.4048,INERTIAL,1.0000,1.0782,-1,,28.5271,77.5770
278.9000,625.5706,130.2282,0.5436,6.5324,INERTIAL,1.0000,1.0784,-1,,28.5271,77.5770
279.0000,625.6116,130.2355,0.4832,6.5001,INERTIAL,1.0000,1.0786,-1,,28.5271,77.5770
279.1000,625.6433,130.2411,0.3994,6.1877,INERTIAL,1.0000,1.0788,-1,,28.5271,77.5770
279.2000,625.6686,130.2456,0.3173,6.2286,INERTIAL,1.0000,1.0790,-1,,28.5271,77.5770
279.3000,625.6854,130.2486,0.2255,6.2386,INERTIAL,1.0000,1.0792,-1,,28.5271,77.5770
279.4000,625.7002,130.2513,0.1714,6.2080,INERTIAL,1.0000,1.0793,-1,,28.5271,77.5770
279.5000,625.7091,130.2529,0.1070,6.2224,INERTIAL,1.0000,1.0794,-1,,28.5271,77.5770
279.6000,625.7165,130.2542,0.0800,6.2421,INERTIAL,1.0000,1.0795,-1,,28.5271,77.5770
279.7000,625.7214,130.2551,0.0539,6.2620,INERTIAL,1.0000,1.0796,-1,,28.5271,77.5770
279.8000,625.7250,130.2557,0.0375,6.3127,INERTIAL,1.0000,1.0797,-1,,28.5271,77.5770
279.9000,625.7285,130.2563,0.0365,6.4579,INERTIAL,1.0000,1.0799,-1,,28.5271,77.5770
280.0000,625.7303,130.2566,0.0190,6.4072,INERTIAL,1.0000,1.0800,-1,,28.5271,77.5770
280.1000,625.7331,130.2571,0.0278,6.4513,INERTIAL,1.0000,1.0801,-1,,28.5271,77.5770
280.2000,625.7332,130.2572,0.0030,6.4608,INERTIAL,1.0000,1.0801,-1,,28.5271,77.5770
280.3000,625.7334,130.2572,0.0005,6.4369,INERTIAL,1.0000,1.0801,-1,,28.5271,77.5770
280.4000,625.7334,130.2572,0.0001,6.4681,INERTIAL,1.0000,1.0802,-1,,28.5271,77.5770
280.5000,625.7334,130.2572,0.0000,6.2925,INERTIAL,1.0000,1.0802,-1,,28.5271,77.5770
280.6000,625.7334,130.2572,0.0000,6.3255,INERTIAL,1.0000,1.0802,-1,,28.5271,77.5770
280.7000,625.7334,130.2572,0.0000,6.2591,INERTIAL,1.0000,1.0802,-1,,28.5271,77.5770
280.8000,625.7334,130.2572,0.0000,6.1814,INERTIAL,1.0000,1.0802,-1,,28.5271,77.5770
280.9000,625.7334,130.2572,0.0000,6.1578,INERTIAL,1.0000,1.0802,-1,,28.5271,77.5770
281.0000,625.7334,130.2572,0.0000,6.1662,INERTIAL,1.0000,1.0802,-1,,28.5271,77.5770
281.1000,625.7334,130.2572,0.0000,6.1866,INERTIAL,1.0000,1.0802,-1,,28.5271,77.5770
281.2000,625.7334,130.2572,0.0000,6.2121,INERTIAL,1.0000,1.0803,-1,,28.5271,77.5770
281.3000,625.7334,130.2572,0.0000,6.1845,INERTIAL,1.0000,1.0803,-1,,28.5271,77.5770
281.4000,625.7334,130.2572,0.0000,6.4489,INERTIAL,1.0000,1.0803,-1,,28.5271,77.5770
281.5000,625.7334,130.2572,0.0000,6.3025,INERTIAL,1.0000,1.0803,-1,,28.5271,77.5770
281.6000,625.7335,130.2572,0.0060,6.3056,INERTIAL,1.0000,1.0803,-1,,28.5271,77.5770
281.7000,625.7340,130.2573,0.0033,6.2899,INERTIAL,1.0000,1.0803,-1,,28.5271,77.5770
281.8000,625.7342,130.2574,0.0020,6.2236,INERTIAL,1.0000,1.0804,-1,,28.5271,77.5770
281.9000,625.7344,130.2574,0.0019,6.2269,INERTIAL,1.0000,1.0805,-1,,28.5271,77.5770
282.0000,625.7345,130.2574,0.0011,6.2996,INERTIAL,1.0000,1.0806,-1,,28.5271,77.5770
282.1000,625.7345,130.2574,0.0001,6.2528,INERTIAL,1.0000,1.0806,-1,,28.5271,77.5770
282.2000,625.7345,130.2574,0.0000,6.3170,INERTIAL,1.0000,1.0807,-1,,28.5271,77.5770
282.3000,625.7345,130.2574,0.0000,6.2792,INERTIAL,1.0000,1.0807,-1,,28.5271,77.5770
282.4000,625.7345,130.2574,0.0000,6.2929,INERTIAL,1.0000,1.0807,-1,,28.5271,77.5770
282.5000,625.7345,130.2574,0.0000,6.3482,INERTIAL,1.0000,1.0807,-1,,28.5271,77.5770
282.6000,625.7345,130.2574,0.0000,6.3533,INERTIAL,1.0000,1.0807,-1,,28.5271,77.5770
282.7000,625.7345,130.2574,0.0000,6.3585,INERTIAL,1.0000,1.0807,-1,,28.5271,77.5770
282.8000,625.7345,130.2574,0.0000,6.5046,INERTIAL,1.0000,1.0807,-1,,28.5271,77.5770
282.9000,625.7345,130.2574,0.0000,6.5324,INERTIAL,1.0000,1.0808,-1,,28.5271,77.5770
283.0000,625.7345,130.2574,0.0000,6.5205,INERTIAL,1.0000,1.0808,-1,,28.5271,77.5770
283.1000,625.7345,130.2574,0.0000,6.4899,INERTIAL,1.0000,1.0808,-1,,28.5271,77.5770
283.2000,625.7345,130.2574,0.0000,6.4772,INERTIAL,1.0000,1.0808,-1,,28.5271,77.5770
283.3000,625.7345,130.2574,0.0000,6.4450,INERTIAL,1.0000,1.0808,-1,,28.5271,77.5770
283.4000,625.7345,130.2574,0.0000,6.4076,INERTIAL,1.0000,1.0808,-1,,28.5271,77.5770
283.5000,625.7345,130.2574,0.0000,6.4015,INERTIAL,1.0000,1.0808,-1,,28.5271,77.5770
283.6000,625.7345,130.2574,0.0000,6.3260,INERTIAL,1.0000,1.0808,-1,,28.5271,77.5770
283.7000,625.7345,130.2574,0.0000,6.3650,INERTIAL,1.0000,1.0808,-1,,28.5271,77.5770
283.8000,625.7345,130.2574,0.0000,6.3647,INERTIAL,1.0000,1.0809,-1,,28.5271,77.5770
283.9000,625.7345,130.2574,0.0000,6.3555,INERTIAL,1.0000,1.0809,-1,,28.5271,77.5770
284.0000,625.7345,130.2574,0.0000,6.3616,INERTIAL,1.0000,1.0809,-1,,28.5271,77.5770
284.1000,625.7345,130.2574,0.0000,6.3838,INERTIAL,1.0000,1.0809,-1,,28.5271,77.5770
284.2000,625.7345,130.2574,0.0000,6.4150,INERTIAL,1.0000,1.0809,-1,,28.5271,77.5770
284.3000,625.7345,130.2574,0.0000,6.3684,INERTIAL,1.0000,1.0809,-1,,28.5271,77.5770
284.4000,625.7345,130.2574,0.0000,6.3575,INERTIAL,1.0000,1.0809,-1,,28.5271,77.5770
284.5000,625.7345,130.2574,0.0000,6.2979,INERTIAL,1.0000,1.0809,-1,,28.5271,77.5770
284.6000,625.7345,130.2574,0.0000,6.3013,INERTIAL,1.0000,1.0810,-1,,28.5271,77.5770
284.7000,625.7345,130.2574,0.0000,6.2974,INERTIAL,1.0000,1.0810,-1,,28.5271,77.5770
284.8000,625.7345,130.2574,0.0000,6.3037,INERTIAL,1.0000,1.0810,-1,,28.5271,77.5770
284.9000,625.7345,130.2574,0.0000,6.2954,INERTIAL,1.0000,1.0810,-1,,28.5271,77.5770
285.0000,625.7345,130.2574,0.0000,6.3016,INERTIAL,1.0000,1.0810,-1,,28.5271,77.5770
285.1000,625.7345,130.2574,0.0000,6.2820,INERTIAL,1.0000,1.0810,-1,,28.5271,77.5770
285.2000,625.7345,130.2574,0.0000,6.2398,INERTIAL,1.0000,1.0810,-1,,28.5271,77.5770
285.3000,625.7345,130.2574,0.0000,6.2385,INERTIAL,1.0000,1.0810,-1,,28.5271,77.5770
285.4000,625.7345,130.2574,0.0000,6.2815,INERTIAL,1.0000,1.0810,-1,,28.5271,77.5770
285.5000,625.7345,130.2574,0.0000,6.3009,INERTIAL,1.0000,1.0811,-1,,28.5271,77.5770
285.6000,625.7345,130.2574,0.0000,6.1849,INERTIAL,1.0000,1.0811,-1,,28.5271,77.5770
285.7000,625.7345,130.2574,0.0000,6.2631,INERTIAL,1.0000,1.0811,-1,,28.5271,77.5770
285.8000,625.7345,130.2574,0.0000,6.3078,INERTIAL,1.0000,1.0811,-1,,28.5271,77.5770
285.9000,625.7345,130.2574,0.0000,6.2471,INERTIAL,1.0000,1.0811,-1,,28.5271,77.5770
286.0000,625.7345,130.2574,0.0000,6.1894,INERTIAL,1.0000,1.0811,-1,,28.5271,77.5770
286.1000,625.7345,130.2574,0.0000,6.1441,INERTIAL,1.0000,1.0811,-1,,28.5271,77.5770
286.2000,625.7345,130.2574,0.0000,6.1480,INERTIAL,1.0000,1.0811,-1,,28.5271,77.5770
286.3000,625.7345,130.2574,0.0000,6.1699,INERTIAL,1.0000,1.0812,-1,,28.5271,77.5770
286.4000,625.7345,130.2574,0.0000,6.2069,INERTIAL,1.0000,1.0812,-1,,28.5271,77.5770
286.5000,625.7345,130.2574,0.0000,6.0668,INERTIAL,1.0000,1.0812,-1,,28.5271,77.5770
286.6000,625.7345,130.2574,0.0000,6.0195,INERTIAL,1.0000,1.0812,-1,,28.5271,77.5770
286.7000,625.7345,130.2574,0.0000,6.0539,INERTIAL,1.0000,1.0812,-1,,28.5271,77.5770
286.8000,625.7345,130.2574,0.0000,6.2099,INERTIAL,1.0000,1.0812,-1,,28.5271,77.5770
286.9000,625.7345,130.2574,0.0000,6.2707,INERTIAL,1.0000,1.0812,-1,,28.5271,77.5770
287.0000,625.7345,130.2574,0.0000,6.2170,INERTIAL,1.0000,1.0812,-1,,28.5271,77.5770
287.1000,625.7345,130.2574,0.0000,6.2607,INERTIAL,1.0000,1.0812,-1,,28.5271,77.5770
287.2000,625.7345,130.2574,0.0000,6.2926,INERTIAL,1.0000,1.0813,-1,,28.5271,77.5770
287.3000,625.7345,130.2574,0.0000,6.2885,INERTIAL,1.0000,1.0813,-1,,28.5271,77.5770
287.4000,625.7345,130.2574,0.0000,6.2925,INERTIAL,1.0000,1.0813,-1,,28.5271,77.5770
287.5000,625.7345,130.2574,0.0000,6.3619,INERTIAL,1.0000,1.0813,-1,,28.5271,77.5770
287.6000,625.7345,130.2574,0.0000,6.2828,INERTIAL,1.0000,1.0813,-1,,28.5271,77.5770
287.7000,625.7345,130.2574,0.0000,6.2278,INERTIAL,1.0000,1.0813,-1,,28.5271,77.5770
287.8000,625.7345,130.2574,0.0000,6.2310,INERTIAL,1.0000,1.0813,-1,,28.5271,77.5770
287.9000,625.7345,130.2574,0.0000,6.2634,INERTIAL,1.0000,1.0813,-1,,28.5271,77.5770
288.0000,625.7345,130.2574,0.0000,6.2259,INERTIAL,1.0000,1.0813,-1,,28.5271,77.5770
288.1000,625.7345,130.2574,0.0000,6.2281,INERTIAL,1.0000,1.0814,-1,,28.5271,77.5770
288.2000,625.7345,130.2574,0.0000,6.2357,INERTIAL,1.0000,1.0814,-1,,28.5271,77.5770
288.3000,625.7345,130.2574,0.0000,6.2372,INERTIAL,1.0000,1.0814,-1,,28.5271,77.5770
288.4000,625.7345,130.2574,0.0000,6.2335,INERTIAL,1.0000,1.0814,-1,,28.5271,77.5770
288.5000,625.7345,130.2574,0.0000,6.2388,INERTIAL,1.0000,1.0814,-1,,28.5271,77.5770
288.6000,625.7345,130.2574,0.0000,6.2359,INERTIAL,1.0000,1.0814,-1,,28.5271,77.5770
288.7000,625.7345,130.2574,0.0000,6.2301,INERTIAL,1.0000,1.0814,-1,,28.5271,77.5770
288.8000,625.7345,130.2574,0.0000,6.2282,INERTIAL,1.0000,1.0814,-1,,28.5271,77.5770
288.9000,625.7345,130.2574,0.0000,6.2321,INERTIAL,1.0000,1.0815,-1,,28.5271,77.5770
289.0000,625.7345,130.2574,0.0000,6.2340,INERTIAL,1.0000,1.0815,-1,,28.5271,77.5770
289.1000,625.7345,130.2574,0.0000,6.2338,INERTIAL,1.0000,1.0815,-1,,28.5271,77.5770
289.2000,625.7345,130.2574,0.0000,6.2312,INERTIAL,1.0000,1.0815,-1,,28.5271,77.5770
289.3000,625.7345,130.2574,0.0000,6.2347,INERTIAL,1.0000,1.0815,-1,,28.5271,77.5770
289.4000,625.7345,130.2574,0.0000,6.2353,INERTIAL,1.0000,1.0815,-1,,28.5271,77.5770
289.5000,625.7345,130.2574,0.0000,6.2318,INERTIAL,1.0000,1.0815,-1,,28.5271,77.5770
289.6000,625.7345,130.2574,0.0000,6.2313,INERTIAL,1.0000,1.0815,-1,,28.5271,77.5770
289.7000,625.7345,130.2574,0.0000,6.2402,INERTIAL,1.0000,1.0815,-1,,28.5271,77.5770
289.8000,625.7345,130.2574,0.0000,6.2526,INERTIAL,1.0000,1.0816,-1,,28.5271,77.5770
289.9000,625.7345,130.2574,0.0000,6.2448,INERTIAL,1.0000,1.0816,-1,,28.5271,77.5770
290.0000,625.7345,130.2574,0.0000,6.2404,INERTIAL,1.0000,1.0816,-1,,28.5271,77.5770
290.1000,625.7345,130.2574,0.0000,6.2348,INERTIAL,1.0000,1.0816,-1,,28.5271,77.5770
290.2000,625.7345,130.2574,0.0000,6.2322,INERTIAL,1.0000,1.0816,-1,,28.5271,77.5770
290.3000,625.7345,130.2574,0.0000,6.2319,INERTIAL,1.0000,1.0816,-1,,28.5271,77.5770
290.4000,625.7345,130.2574,0.0000,6.2346,INERTIAL,1.0000,1.0816,-1,,28.5271,77.5770
290.5000,625.7345,130.2574,0.0000,6.2330,INERTIAL,1.0000,1.0816,-1,,28.5271,77.5770
290.6000,625.7345,130.2574,0.0000,6.2501,INERTIAL,1.0000,1.0816,-1,,28.5271,77.5770
290.7000,625.7345,130.2574,0.0000,6.2465,INERTIAL,1.0000,1.0817,-1,,28.5271,77.5770
290.8000,625.7345,130.2574,0.0000,6.2284,INERTIAL,1.0000,1.0817,-1,,28.5271,77.5770
290.9000,625.7345,130.2574,0.0000,6.2327,INERTIAL,1.0000,1.0817,-1,,28.5271,77.5770
291.0000,625.7345,130.2574,0.0000,6.2312,INERTIAL,1.0000,1.0817,-1,,28.5271,77.5770
291.1000,625.7345,130.2574,0.0000,6.2278,INERTIAL,1.0000,1.0817,-1,,28.5271,77.5770
291.2000,625.7345,130.2574,0.0000,6.2335,INERTIAL,1.0000,1.0817,-1,,28.5271,77.5770
291.3000,625.7345,130.2574,0.0000,6.2355,INERTIAL,1.0000,1.0817,-1,,28.5271,77.5770
291.4000,625.7345,130.2574,0.0000,6.2176,INERTIAL,1.0000,1.0817,-1,,28.5271,77.5770
291.5000,625.7345,130.2574,0.0000,6.2114,INERTIAL,1.0000,1.0818,-1,,28.5271,77.5770
291.6000,625.7345,130.2574,0.0000,6.2147,INERTIAL,1.0000,1.0818,-1,,28.5271,77.5770
291.7000,625.7345,130.2574,0.0000,6.2285,INERTIAL,1.0000,1.0818,-1,,28.5271,77.5770
291.8000,625.7345,130.2574,0.0000,6.2211,INERTIAL,1.0000,1.0818,-1,,28.5271,77.5770
291.9000,625.7345,130.2574,0.0000,6.2385,INERTIAL,1.0000,1.0818,-1,,28.5271,77.5770
292.0000,625.7345,130.2574,0.0000,6.2478,INERTIAL,1.0000,1.0818,-1,,28.5271,77.5770
292.1000,625.7345,130.2574,0.0000,6.2241,INERTIAL,1.0000,1.0818,-1,,28.5271,77.5770
292.2000,625.7345,130.2574,0.0000,6.2444,INERTIAL,1.0000,1.0818,-1,,28.5271,77.5770
292.3000,625.7345,130.2574,0.0000,6.2239,INERTIAL,1.0000,1.0818,-1,,28.5271,77.5770
292.4000,625.7345,130.2574,0.0000,6.2468,INERTIAL,1.0000,1.0819,-1,,28.5271,77.5770
292.5000,625.7345,130.2574,0.0000,6.2649,INERTIAL,1.0000,1.0819,-1,,28.5271,77.5770
292.6000,625.7345,130.2574,0.0000,6.2574,INERTIAL,1.0000,1.0819,-1,,28.5271,77.5770
292.7000,625.7345,130.2574,0.0000,6.2446,INERTIAL,1.0000,1.0819,-1,,28.5271,77.5770
292.8000,625.7345,130.2574,0.0000,6.2486,INERTIAL,1.0000,1.0819,-1,,28.5271,77.5770
292.9000,625.7345,130.2574,0.0000,6.2565,INERTIAL,1.0000,1.0819,-1,,28.5271,77.5770
293.0000,625.7345,130.2574,0.0000,6.2562,INERTIAL,1.0000,1.0819,-1,,28.5271,77.5770
293.1000,625.7345,130.2574,0.0000,6.2432,INERTIAL,1.0000,1.0819,-1,,28.5271,77.5770
293.2000,625.7345,130.2574,0.0000,6.2612,INERTIAL,1.0000,1.0819,-1,,28.5271,77.5770
293.3000,625.7345,130.2574,0.0000,6.2573,INERTIAL,1.0000,1.0820,-1,,28.5271,77.5770
293.4000,625.7345,130.2574,0.0000,6.2647,INERTIAL,1.0000,1.0820,-1,,28.5271,77.5770
293.5000,625.7345,130.2574,0.0000,6.2572,INERTIAL,1.0000,1.0820,-1,,28.5271,77.5770
293.6000,625.7345,130.2574,0.0000,6.2636,INERTIAL,1.0000,1.0820,-1,,28.5271,77.5770
293.7000,625.7345,130.2574,0.0000,6.2675,INERTIAL,1.0000,1.0820,-1,,28.5271,77.5770
293.8000,625.7345,130.2574,0.0000,6.2646,INERTIAL,1.0000,1.0820,-1,,28.5271,77.5770
293.9000,625.7345,130.2574,0.0000,6.2699,INERTIAL,1.0000,1.0820,-1,,28.5271,77.5770
294.0000,625.7345,130.2574,0.0000,6.2674,INERTIAL,1.0000,1.0820,-1,,28.5271,77.5770
294.1000,625.7345,130.2574,0.0000,6.2650,INERTIAL,1.0000,1.0821,-1,,28.5271,77.5770
294.2000,625.7345,130.2574,0.0000,6.2666,INERTIAL,1.0000,1.0821,-1,,28.5271,77.5770
294.3000,625.7345,130.2574,0.0000,6.2736,INERTIAL,1.0000,1.0821,-1,,28.5271,77.5770
294.4000,625.7345,130.2574,0.0000,6.2740,INERTIAL,1.0000,1.0821,-1,,28.5271,77.5770
294.5000,625.7345,130.2574,0.0000,6.2751,INERTIAL,1.0000,1.0821,-1,,28.5271,77.5770
294.6000,625.7345,130.2574,0.0000,6.2806,INERTIAL,1.0000,1.0821,-1,,28.5271,77.5770
294.7000,625.7345,130.2574,0.0000,6.2784,INERTIAL,1.0000,1.0821,-1,,28.5271,77.5770
294.8000,625.7345,130.2574,0.0000,6.2781,INERTIAL,1.0000,1.0821,-1,,28.5271,77.5770
294.9000,625.7345,130.2574,0.0000,6.2738,INERTIAL,1.0000,1.0821,-1,,28.5271,77.5770
295.0000,625.7345,130.2574,0.0000,6.2670,INERTIAL,1.0000,1.0822,-1,,28.5271,77.5770
295.1000,625.7345,130.2574,0.0000,6.2605,INERTIAL,1.0000,1.0822,-1,,28.5271,77.5770
295.2000,625.7345,130.2574,0.0000,6.2567,INERTIAL,1.0000,1.0822,-1,,28.5271,77.5770
295.3000,625.7345,130.2574,0.0000,6.2566,INERTIAL,1.0000,1.0822,-1,,28.5271,77.5770
295.4000,625.7345,130.2574,0.0000,6.2571,INERTIAL,1.0000,1.0822,-1,,28.5271,77.5770
295.5000,625.7345,130.2574,0.0000,6.2573,INERTIAL,1.0000,1.0822,-1,,28.5271,77.5770
295.6000,625.7345,130.2574,0.0000,6.2572,INERTIAL,1.0000,1.0822,-1,,28.5271,77.5770
295.7000,625.7345,130.2574,0.0000,6.2517,INERTIAL,1.0000,1.0822,-1,,28.5271,77.5770
295.8000,625.7345,130.2574,0.0000,6.2483,INERTIAL,1.0000,1.0822,-1,,28.5271,77.5770
295.9000,625.7345,130.2574,0.0000,6.2460,INERTIAL,1.0000,1.0823,-1,,28.5271,77.5770
296.0000,625.7345,130.2574,0.0000,6.2494,INERTIAL,1.0000,1.0823,-1,,28.5271,77.5770
296.1000,625.7345,130.2574,0.0000,6.2488,INERTIAL,1.0000,1.0823,-1,,28.5271,77.5770
296.2000,625.7345,130.2574,0.0000,6.2495,INERTIAL,1.0000,1.0823,-1,,28.5271,77.5770
296.3000,625.7345,130.2574,0.0000,6.2546,INERTIAL,1.0000,1.0823,-1,,28.5271,77.5770
296.4000,625.7345,130.2574,0.0000,6.2507,INERTIAL,1.0000,1.0823,-1,,28.5271,77.5770
296.5000,625.7345,130.2574,0.0000,6.2524,INERTIAL,1.0000,1.0823,-1,,28.5271,77.5770
296.6000,625.7345,130.2574,0.0000,6.2513,INERTIAL,1.0000,1.0823,-1,,28.5271,77.5770
296.7000,625.7345,130.2574,0.0000,6.2502,INERTIAL,1.0000,1.0824,-1,,28.5271,77.5770
296.8000,625.7345,130.2574,0.0000,6.2471,INERTIAL,1.0000,1.0824,-1,,28.5271,77.5770
296.9000,625.7345,130.2574,0.0000,6.2487,INERTIAL,1.0000,1.0824,-1,,28.5271,77.5770
297.0000,625.7345,130.2574,0.0000,6.2511,INERTIAL,1.0000,1.0824,-1,,28.5271,77.5770
297.1000,625.7345,130.2574,0.0000,6.2505,INERTIAL,1.0000,1.0824,-1,,28.5271,77.5770
297.2000,625.7345,130.2574,0.0000,6.2498,INERTIAL,1.0000,1.0824,-1,,28.5271,77.5770
297.3000,625.7345,130.2574,0.0000,6.2501,INERTIAL,1.0000,1.0824,-1,,28.5271,77.5770
297.4000,625.7345,130.2574,0.0000,6.2501,INERTIAL,1.0000,1.0824,-1,,28.5271,77.5770
297.5000,625.7345,130.2574,0.0000,6.2512,INERTIAL,1.0000,1.0824,-1,,28.5271,77.5770
297.6000,625.7345,130.2574,0.0000,6.2526,INERTIAL,1.0000,1.0825,-1,,28.5271,77.5770
297.7000,625.7345,130.2574,0.0000,6.2532,INERTIAL,1.0000,1.0825,-1,,28.5271,77.5770
297.8000,625.7345,130.2574,0.0000,6.2536,INERTIAL,1.0000,1.0825,-1,,28.5271,77.5770
297.9000,625.7345,130.2574,0.0000,6.2535,INERTIAL,1.0000,1.0825,-1,,28.5271,77.5770
298.0000,625.7345,130.2574,0.0000,6.2539,INERTIAL,1.0000,1.0825,-1,,28.5271,77.5770
298.1000,625.7345,130.2574,0.0000,6.2562,INERTIAL,1.0000,1.0825,-1,,28.5271,77.5770
298.2000,625.7345,130.2574,0.0000,6.2565,INERTIAL,1.0000,1.0825,-1,,28.5271,77.5770
298.3000,625.7345,130.2574,0.0000,6.2605,INERTIAL,1.0000,1.0825,-1,,28.5271,77.5770
298.4000,625.7345,130.2574,0.0000,6.2640,INERTIAL,1.0000,1.0825,-1,,28.5271,77.5770
298.5000,625.7345,130.2574,0.0000,6.2667,INERTIAL,1.0000,1.0826,-1,,28.5271,77.5770
298.6000,625.7345,130.2574,0.0000,6.2679,INERTIAL,1.0000,1.0826,-1,,28.5271,77.5770
298.7000,625.7345,130.2574,0.0000,6.2747,INERTIAL,1.0000,1.0826,-1,,28.5271,77.5770
298.8000,625.7345,130.2574,0.0000,6.2725,INERTIAL,1.0000,1.0826,-1,,28.5271,77.5770
298.9000,625.7345,130.2574,0.0000,6.2739,INERTIAL,1.0000,1.0826,-1,,28.5271,77.5770
299.0000,625.7345,130.2574,0.0000,6.2697,INERTIAL,1.0000,1.0826,-1,,28.5271,77.5770
299.1000,625.7345,130.2574,0.0000,6.2652,INERTIAL,1.0000,1.0826,-1,,28.5271,77.5770
299.2000,625.7345,130.2574,0.0000,6.2629,INERTIAL,1.0000,1.0826,-1,,28.5271,77.5770
299.3000,625.7345,130.2574,0.0000,6.2613,INERTIAL,1.0000,1.0827,-1,,28.5271,77.5770
