t_ns,ax,ay,az,accuracy
30767974181881,0.05742774,9.111869,3.737589,3
30767976560787,0.14356937,9.12144,3.7280176,3
30767978939693,0.17706887,9.102298,3.790231,3
30767981318599,0.18664017,9.078369,3.8285162,3
30767983697558,0.17228323,9.078369,3.8763726,3
30767986076464,0.11485548,9.08794,3.8476589,3
30767988455422,0.07178468,9.083155,3.8093736,3
30767990834329,0.023928227,9.102298,3.7663028,3
30767993213235,-0.06699903,9.12144,3.7663028,3
30767995592141,-0.14356937,9.116654,3.790231,3
30767997971047,-0.23449662,9.12144,3.8380876,3
30768000350006,-0.30149564,9.135797,3.8620157,3
30768002728912,-0.34456646,9.15494,3.8524444,3
30768005107870,-0.4019942,9.135797,3.8237305,3
30768007486777,-0.41635114,9.150154,3.7806597,3
30768009865683,-0.39720857,9.126225,3.7710886,3
30768012244589,-0.3684947,9.140582,3.8093736,3
30768014623547,-0.29192436,9.140582,3.8380876,3
30768017002454,-0.19621146,9.135797,3.8333018,3
30768019381360,-0.09092726,9.150154,3.8333018,3
30768021760318,0.0,9.140582,3.7998023,3
30768024139224,0.11006984,9.140582,3.751946,3
30768026518131,0.2009971,9.111869,3.7328033,3
30768028897037,0.31585258,9.08794,3.7471602,3
30768031275995,0.39720857,9.08794,3.7615173,3
30768033654902,0.42592242,9.092726,3.7854455,3
30768036033808,0.44985065,9.102298,3.7854455,3
30768038412766,0.4642076,9.097511,3.7758741,3
30768040791672,0.4833502,9.092726,3.751946,3
30768043170579,0.43070808,9.102298,3.7423747,3
30768045549537,0.4019942,9.135797,3.7423747,3
30768047928443,0.36370903,9.15494,3.7471602,3
30768050307349,0.31106696,9.169296,3.7663028,3
30768052686256,0.26799613,9.183653,3.7710886,3
30768055065214,0.21535404,9.188439,3.751946,3
30768057444120,0.17228323,9.202796,3.7280176,3
30768059823027,0.124426775,9.217153,3.7184465,3
30768062201933,0.1052842,9.226724,3.7328033,3
30768064580891,0.11964113,9.2075815,3.7423747,3
30768066959797,0.11006984,9.221938,3.7280176,3
30768069338704,0.17228323,9.23151,3.737589,3
30768071717610,0.23928227,9.19801,3.7423747,3
30768074096568,0.29671,9.2075815,3.7328033,3
30768076475474,0.44985065,9.217153,3.6897326,3
30768078854433,0.56470615,9.2075815,3.7088752,3
30768081233339,0.67477596,9.164511,3.6897326,3
30768083612245,0.76570326,9.145369,3.694518,3
30768085991152,0.89013004,9.145369,3.7136607,3
30768088370110,0.94755775,9.159725,3.694518,3
30768090749016,1.0001999,9.164511,3.6801612,3
30768093127922,1.0097711,9.150154,3.6610186,3
30768095506881,0.971486,9.174082,3.6610186,3
30768097885787,0.91884387,9.193225,3.6658044,3
30768100264693,0.8662018,9.212367,3.6849468,3
30768102643599,0.7896315,9.202796,3.6801612,3
30768105022558,0.6987042,9.178867,3.6897326,3
30768107401464,0.61734825,9.202796,3.7088752,3
30768109780370,0.52163535,9.188439,3.7136607,3
30768112159329,0.42592242,9.164511,3.7136607,3
30768114538235,0.38763726,9.159725,3.7423747,3
30768116917141,0.3493521,9.140582,3.7471602,3
30768119296099,0.31585258,9.131011,3.7567315,3
30768121675006,0.26799613,9.12144,3.7663028,3
30768124053912,0.25842485,9.107083,3.7615173,3
30768126432818,0.2536392,9.097511,3.7998023,3
30768128811777,0.26799613,9.073584,3.7806597,3
30768131190683,0.32542387,9.073584,3.7806597,3
30768133569589,0.3684947,9.097511,3.790231,3
30768135948547,0.40677986,9.078369,3.7806597,3
30768138327454,0.44027936,9.059227,3.790231,3
30768140706360,0.4642076,9.044869,3.7615173,3
30768143085266,0.49292147,9.059227,3.7567315,3
30768145464224,0.4881358,9.083155,3.751946,3
30768147843131,0.4833502,9.073584,3.7567315,3
30768150222037,0.44985065,9.068798,3.7758741,3
30768152600995,0.41635114,9.068798,3.790231,3
30768154979902,0.35413775,9.064013,3.804588,3
30768157358808,0.27756742,9.059227,3.8141594,3
30768159737714,0.21535404,9.064013,3.8141594,3
30768162116672,0.148355,9.044869,3.8237305,3
30768164495579,0.09571291,9.049655,3.8333018,3
30768166874485,0.019142581,9.064013,3.8285162,3
30768169253443,-0.014356935,9.064013,3.8572302,3
30768171632349,-0.06699903,9.059227,3.8524444,3
30768174011256,-0.09092726,9.092726,3.842873,3
30768176390214,-0.086141616,9.078369,3.804588,3
30768178769120,-0.086141616,9.078369,3.8141594,3
30768181148027,-0.08135597,9.059227,3.8237305,3
30768183526933,-0.06699903,9.020942,3.8141594,3
30768185905891,-0.043070808,9.025727,3.8476589,3
30768188284797,-0.02871387,9.016156,3.8572302,3
30768190663704,-0.0047856453,8.997013,3.8476589,3
30768193042662,0.023928227,9.035298,3.8333018,3
30768195421568,0.0526421,9.030513,3.8380876,3
30768197800474,0.05742774,9.016156,3.8333018,3
30768200179381,0.06699903,9.020942,3.818945,3
30768202558339,0.06699903,9.035298,3.8285162,3
30768204937245,0.062213387,9.0544405,3.842873,3
30768207316152,0.047856454,9.020942,3.8285162,3
30768209695110,0.043070808,9.030513,3.842873,3
30768212074016,0.033499517,9.020942,3.818945,3
30768214452922,0.0047856453,9.030513,3.804588,3
30768216831881,-0.023928227,9.025727,3.842873,3
30768219210787,-0.0526421,9.040084,3.8476589,3
30768221589693,-0.05742774,9.030513,3.8333018,3
30768223968599,-0.11006984,9.020942,3.8380876,3
30768226347558,-0.15314065,9.030513,3.8572302,3
30768228726464,-0.16271193,9.016156,3.842873,3
30768231105370,-0.16749759,8.992228,3.8620157,3
30768233484329,-0.16749759,9.006584,3.8668015,3
30768235863235,-0.17706887,9.01137,3.8811584,3
30768238242141,-0.18185452,9.025727,3.8763726,3
30768240621047,-0.15792629,9.025727,3.900301,3
30768242999954,-0.13399807,9.025727,3.9050865,3
30768245378912,-0.11485548,9.044869,3.885944,3
30768247757818,-0.11006984,9.073584,3.8907297,3
30768250136777,-0.076570325,9.083155,3.8907297,3
30768252515683,-0.047856454,9.078369,3.8668015,3
30768254894537,-0.047856454,9.059227,3.8524444,3
30768257273495,-0.047856454,9.097511,3.8237305,3
30768259652454,-0.08135597,9.116654,3.7950168,3
30768262031360,-0.14356937,9.107083,3.7710886,3
30768264410266,-0.17228323,9.12144,3.7615173,3
30768266789224,-0.21535404,9.116654,3.7758741,3
30768269168131,-0.26799613,9.116654,3.7854455,3
30768271547037,-0.33020952,9.145369,3.7567315,3
30768273925995,-0.37328035,9.150154,3.737589,3
30768276304902,-0.37806597,9.159725,3.7423747,3
30768278683808,-0.3924229,9.15494,3.7471602,3
30768281062714,-0.3684947,9.19801,3.737589,3
30768283441672,-0.32063824,9.202796,3.7567315,3
30768285820579,-0.29192436,9.2075815,3.7615173,3
30768288199485,-0.29192436,9.221938,3.7471602,3
30768290578443,-0.25842485,9.23151,3.7423747,3
30768292957349,-0.2105684,9.241081,3.7184465,3
30768295336256,-0.16749759,9.269794,3.6849468,3
30768297715214,-0.15314065,9.274581,3.6897326,3
30768300094120,-0.13878371,9.288938,3.67059,3
30768302473027,-0.11006984,9.293723,3.656233,3
30768304851933,-0.09092726,9.298509,3.6610186,3
30768307230891,-0.0526421,9.255438,3.6370904,3
30768309609797,-0.05742774,9.23151,3.6466618,3
30768311988704,-0.062213387,9.221938,3.656233,3
30768314367662,-0.07178468,9.193225,3.656233,3
30768316746568,-0.1052842,9.174082,3.6753755,3
30768319125474,-0.11964113,9.15494,3.6897326,3
30768321504381,-0.17228323,9.131011,3.6993039,3
30768323883339,-0.2105684,9.150154,3.6801612,3
30768326262245,-0.25842485,9.126225,3.6849468,3
30768328641152,-0.30149564,9.116654,3.6993039,3
30768331020110,-0.35413775,9.126225,3.7184465,3
30768333399016,-0.35413775,9.107083,3.7040894,3
30768335777922,-0.3684947,9.102298,3.7088752,3
30768338156881,-0.38763726,9.107083,3.7328033,3
30768340535787,-0.3684947,9.111869,3.751946,3
30768342914693,-0.3684947,9.097511,3.737589,3
30768345293652,-0.3684947,9.092726,3.7710886,3
30768347672558,-0.35413775,9.083155,3.7950168,3
30768350051464,-0.35413775,9.064013,3.818945,3
30768352430370,-0.34456646,9.064013,3.842873,3
30768354809329,-0.35413775,9.064013,3.871587,3
30768357188235,-0.3589234,9.044869,3.8763726,3
30768359567141,-0.34456646,9.035298,3.9050865,3
30768361946099,-0.3397808,9.030513,3.9433718,3
30768364325006,-0.35413775,9.01137,3.9433718,3
30768366703912,-0.3397808,9.01137,3.9481573,3
30768369082818,-0.33020952,8.968299,3.952943,3
30768371461724,-0.3493521,8.953942,3.9481573,3
30768373840683,-0.35413775,8.9348,3.9673,3
30768376219589,-0.3684947,8.939586,3.9816568,3
30768378598547,-0.38763726,8.9348,3.991228,3
30768380977454,-0.39720857,8.939586,3.991228,3
30768383356360,-0.40677986,8.953942,3.9768713,3
30768385735318,-0.41156548,8.953942,3.9960139,3
30768388114224,-0.41156548,8.968299,4.019942,3
30768390493131,-0.39720857,8.958728,4.024728,3
30768392872037,-0.38285163,8.939586,4.0438704,3
30768395250995,-0.3397808,8.9348,4.0677986,3
30768397629902,-0.33020952,8.973084,4.091727,3
30768400008808,-0.32063824,8.973084,4.082155,3
30768402387766,-0.30149564,8.968299,4.0773697,3
30768404766672,-0.31106696,8.9826565,4.082155,3
30768407145579,-0.31106696,8.987442,4.115655,3
30768409524485,-0.3493521,8.973084,4.125226,3
30768411903443,-0.36370903,8.977871,4.1587257,3
30768414282349,-0.44985065,8.997013,4.1874394,3
30768416661256,-0.46899325,8.939586,4.211368,3
30768419040214,-0.52163535,8.877372,4.211368,3
30768421419120,-0.53599226,8.872586,4.23051,3
30768423797974,-0.4546363,8.829515,4.273581,3
30768426176985,-0.36370903,8.7673025,4.3262234,3
30768428555891,-0.26799613,8.786445,4.359723,3
30768430934797,-0.15314065,8.772088,4.3645086,3
30768433313704,-0.02871387,8.733803,4.321438,3
30768435692662,0.06699903,8.7577305,4.302295,3
30768438071568,0.14356937,8.772088,4.273581,3
30768440450474,0.14356937,8.786445,4.254439,3
30768442829433,0.08135597,8.7673025,4.240082,3
30768445208339,0.009571291,8.786445,4.254439,3
30768447587245,-0.05742774,8.815159,4.2687955,3
30768449966204,-0.17228323,8.853444,4.2592244,3
30768452345110,-0.2727818,8.843872,4.26401,3
30768454724016,-0.36370903,8.829515,4.273581,3
30768457102922,-0.40677986,8.786445,4.3357944,3
30768459481881,-0.42592242,8.776874,4.369294,3
30768461860787,-0.4211368,8.729017,4.4075794,3
30768464239693,-0.44506502,8.71466,4.4315076,3
30768466618652,-0.44506502,8.681161,4.436293,3
30768468997558,-0.4546363,8.647661,4.4458647,3
30768471376464,-0.4354937,8.628518,4.4554358,3
30768473755422,-0.44506502,8.6141615,4.4315076,3
30768476134329,-0.43070808,8.63809,4.426722,3
30768478513235,-0.4546363,8.700303,4.4315076,3
30768480892141,-0.45942193,8.724232,4.412365,3
30768483271099,-0.47856453,8.79123,4.388437,3
30768485650006,-0.4977071,8.872586,4.3740797,3
30768488028912,-0.5168497,8.925228,4.3836513,3
30768490407870,-0.52163535,8.949157,4.421936,3
30768492786777,-0.526421,8.944371,4.436293,3
30768495165631,-0.52163535,8.992228,4.4315076,3
30768497544641,-0.4833502,8.968299,4.4602213,3
30768499923547,-0.49292147,8.930014,4.479364,3
30768502302454,-0.4977071,8.939586,4.5128636,3
30768504681360,-0.4642076,8.896515,4.5224347,3
30768507060318,-0.44506502,8.834301,4.517649,3
30768509439224,-0.39720857,8.839087,4.4889355,3
30768511818131,-0.41635114,8.9108715,4.5320063,3
30768514197089,-0.33020952,8.85823,4.4315076,3
30768516575995,-0.41156548,8.886943,4.345366,3
30768518954902,-0.4881358,8.944371,4.26401,3
30768521333860,-0.6364908,8.949157,4.2257247,3
30768523712766,-0.6795616,8.906086,4.2448673,3
30768526091672,-0.8135597,8.958728,4.3357944,3
30768528470579,-0.9092726,8.953942,4.388437,3
30768530849537,-0.9762716,8.872586,4.398008,3
30768533228443,-0.98584294,8.886943,4.3932223,3
30768535607349,-0.9284152,8.896515,4.3836513,3
30768537986308,-0.86141616,8.853444,4.369294,3
30768540365214,-0.79441714,8.839087,4.4458647,3
30768542744120,-0.6939186,8.82473,4.508078,3
30768545123027,-0.6364908,8.796016,4.5559344,3
30768547501985,-0.5982057,8.781659,4.551149,3
30768549880891,-0.59342,8.805588,4.4985065,3
30768552259797,-0.59342,8.819944,4.4315076,3
30768554638756,-0.66041905,8.853444,4.421936,3
30768557017662,-0.6939186,8.896515,4.4410787,3
30768559396568,-0.7369894,8.930014,4.4745784,3
30768561775527,-0.8039884,8.958728,4.5128636,3
30768564154433,-0.7896315,8.992228,4.546363,3
30768566533339,-0.7896315,9.049655,4.5415773,3
30768568912297,-0.76570326,9.030513,4.546363,3
30768571291204,-0.74177504,9.025727,4.570291,3
30768573670110,-0.75613195,8.987442,4.613362,3
30768576049068,-0.76570326,8.944371,4.699504,3
30768578427974,-0.7369894,8.867801,4.7425747,3
30768580806881,-0.7369894,8.805588,4.7952166,3
30768583185787,-0.7322037,8.762517,4.7856455,3
30768585564745,-0.72263247,8.709874,4.7712884,3
30768587943652,-0.6843473,8.666803,4.7377887,3
30768590322558,-0.6987042,8.618947,4.709075,3
30768592701516,-0.72263247,8.595019,4.666004,3
30768595080422,-0.7609176,8.566305,4.6707897,3
30768597459329,-0.82313097,8.52802,4.6372905,3
30768599838287,-0.9236295,8.52802,4.599005,3
30768602217193,-1.0097711,8.52802,4.536792,3
30768604596099,-1.1150553,8.547162,4.4841495,3
30768606975006,-1.2490535,8.571091,4.4745784,3
30768609353964,-1.3639089,8.571091,4.4841495,3
30768611732870,-1.4739788,8.551949,4.503292,3
30768614111777,-1.6175481,8.575876,4.5128636,3
30768616490735,-1.6654046,8.590233,4.508078,3
30768618869641,-1.7228323,8.642876,4.493721,3
30768621248547,-1.7563318,8.685946,4.4458647,3
30768623627506,-1.7371893,8.738588,4.412365,3
30768626006412,-1.6701902,8.786445,4.3645086,3
30768628385318,-1.5840486,8.810373,4.3501515,3
30768630764277,-1.4596218,8.886943,4.316652,3
30768633143183,-1.2921243,8.9108715,4.26401,3
30768635522089,-1.1485549,8.963513,4.1874394,3
30768637900995,-0.9523434,9.01137,4.106084,3
30768640279954,-0.74177504,9.016156,4.024728,3
30768642658860,-0.55034924,9.025727,3.9481573,3
30768645037766,-0.3589234,9.040084,3.8907297,3
30768647416724,-0.16749759,9.0544405,3.8572302,3
30768649795631,0.0047856453,9.078369,3.7998023,3
30768652174537,0.13399807,9.092726,3.751946,3
30768654553443,0.23928227,9.107083,3.6658044,3
30768656932402,0.29192436,9.126225,3.603591,3
30768659311308,0.31585258,9.150154,3.5318062,3
30768661690214,0.2536392,9.19801,3.6179478,3
30768664069172,0.22492532,9.12144,3.522235,3
30768666448079,-0.05742774,9.245867,3.507878,3
30768668826985,-0.033499517,9.241081,3.4360933,3
30768671205943,-0.2440679,9.241081,3.359523,3
30768673584849,-0.33499518,9.269794,3.249453,3
30768675963756,-0.38763726,9.303294,3.278167,3
30768678342714,-0.43070808,9.269794,3.2303107,3
30768680721620,-0.59342,9.336794,3.196811,3
30768683100527,-0.6221339,9.327223,3.1441689,3
30768685479433,-0.61734825,9.327223,3.1250265,3
30768687858391,-0.6987042,9.341579,3.0915267,3
30768690237297,-0.7704889,9.403793,3.101098,3
30768692616204,-0.7800602,9.403793,3.1250265,3
30768694995110,-0.81834537,9.3511505,3.0723844,3
30768697374068,-0.80877405,9.38465,3.0867412,3
30768699752974,-0.7465607,9.408579,3.1058838,3
30768702131933,-0.66999036,9.442079,3.0723844,3
30768704510839,-0.5886344,9.480363,3.062813,3
30768706889745,-0.5312066,9.509077,3.0580273,3
30768709268704,-0.44027936,9.489935,3.0436704,3
30768711647610,-0.37806597,9.542577,3.0388846,3
30768714026516,-0.3397808,9.542577,3.034099,3
30768716405422,-0.28713873,9.542577,3.034099,3
30768718784381,-0.19142582,9.628718,3.0388846,3
30768721163287,-0.2440679,9.772287,3.1489546,3
30768723542193,-0.19142582,9.7196455,3.062813,3
30768725921152,-0.3589234,9.777073,3.0436704,3
30768728300058,-0.43070808,9.82493,2.9862428,3
30768730678964,-0.6652047,9.796216,3.0197423,3
30768733057870,-0.83748794,9.690931,3.1489546,3
30768735436829,-1.0911272,9.710074,3.3403804,3
30768737815735,-1.2777673,9.623933,3.4073794,3
30768740194641,-1.4931214,9.504292,3.4217365,3
30768742573599,-1.6031911,9.456435,3.3547373,3
30768744952506,-1.7515461,9.413364,3.3164523,3
30768747331412,-1.8281165,9.312865,3.306881,3
30768749710370,-1.8855443,9.226724,3.4025939,3
30768752089277,-1.9477576,9.19801,3.4743786,3
30768754468183,-2.0195422,9.174082,3.5174494,3
30768756847141,-2.0482562,9.111869,3.4600215,3
30768759226047,-2.0865414,9.159725,3.3786657,3
30768761604954,-2.115255,9.164511,3.2733815,3
30768763983912,-2.1870399,9.145369,3.2685957,3
30768766362818,-2.2348964,9.12144,3.3499517,3
30768768741724,-2.254039,9.131011,3.4600215,3
30768771120631,-2.2636101,9.078369,3.5413775,3
30768773499589,-2.254039,9.064013,3.5988052,3
30768775878443,-2.158326,9.040084,3.5700915,3
30768778257402,-2.0338993,9.020942,3.5653057,3
30768780636360,-1.9094725,9.01137,3.6083765,3
30768783015266,-1.8424734,9.006584,3.7040894,3
30768785394172,-1.7228323,9.01137,3.7950168,3
30768787773131,-1.6462619,8.9826565,3.8285162,3
30768790152037,-1.5936198,8.992228,3.818945,3
30768792530891,-1.5409778,9.020942,3.7950168,3
30768794909849,-1.4979069,9.044869,3.7615173,3
30768797288808,-1.4931214,9.073584,3.7423747,3
30768799667714,-1.4883357,9.078369,3.751946,3
30768802046620,-1.5122639,9.08794,3.7615173,3
30768804425579,-1.5218352,9.064013,3.790231,3
30768806804485,-1.5361922,9.049655,3.790231,3
30768809183391,-1.5218352,9.064013,3.7806597,3
30768811562349,-1.5122639,9.030513,3.7806597,3
30768813941256,-1.5122639,9.006584,3.8093736,3
30768816320162,-1.4835501,8.973084,3.8524444,3
30768818699068,-1.4596218,8.9826565,3.9242291,3
30768821078027,-1.430908,8.925228,3.9481573,3
30768823456933,-1.3926228,8.930014,3.9577286,3
30768825835839,-1.3447664,8.925228,3.9146578,3
30768828214797,-1.253839,8.915657,3.9194436,3
30768830593704,-1.1485549,8.877372,3.8811584,3
30768832972610,-1.1150553,8.896515,3.9098723,3
30768835351568,-1.038485,8.872586,3.8763726,3
30768837730474,-1.0097711,8.886943,3.8955152,3
30768840109381,-0.89013004,8.886943,3.8907297,3
30768842488339,-0.8327023,8.906086,3.8237305,3
30768844867245,-0.7082755,8.9348,3.804588,3
30768847246152,-0.55513483,8.968299,3.8093736,3
30768849625058,-0.4546363,8.992228,3.8476589,3
30768852004016,-0.37806597,8.963513,3.8380876,3
30768854382922,-0.34456646,8.977871,3.8476589,3
30768856761829,-0.32063824,8.973084,3.8763726,3
30768859140787,-0.3397808,8.973084,3.900301,3
30768861519693,-0.4019942,8.9826565,3.9098723,3
30768863898599,-0.5407779,9.006584,3.9194436,3
30768866277558,-0.72263247,9.01137,3.9577286,3
30768868656464,-0.79920274,8.930014,3.900301,3
30768871035370,-0.9667004,8.949157,3.9146578,3
30768873414329,-0.9762716,8.939586,3.8955152,3
30768875793235,-0.971486,8.906086,3.9290147,3
30768878172141,-0.8853444,8.863015,3.9290147,3
30768880551099,-0.79920274,8.906086,3.9481573,3
30768882930006,-0.5838487,8.877372,3.885944,3
30768885308860,-0.4642076,8.930014,3.8476589,3
30768887687818,-0.35413775,8.997013,3.818945,3
30768890066777,-0.2536392,9.025727,3.7998023,3
30768892445683,-0.2632105,9.040084,3.804588,3
30768894824589,-0.27756742,9.073584,3.8285162,3
30768897203547,-0.32542387,9.083155,3.8476589,3
30768899582454,-0.3493521,9.107083,3.818945,3
30768901961360,-0.3924229,9.097511,3.7854455,3
30768904340318,-0.41635114,9.083155,3.7806597,3
30768906719224,-0.40677986,9.083155,3.790231,3
30768909098131,-0.4019942,9.068798,3.8668015,3
30768911477089,-0.39720857,9.064013,3.9338005,3
30768913855995,-0.4211368,9.068798,3.9625144,3
30768916234902,-0.4642076,9.068798,3.952943,3
30768918613808,-0.5312066,9.078369,3.9338005,3
30768920992766,-0.6556334,9.111869,3.9290147,3
30768923371672,-0.76570326,9.102298,3.9146578,3
30768925750579,-0.91405827,9.131011,3.9050865,3
30768928129537,-0.9906286,9.131011,3.885944,3
30768930508391,-1.1006985,9.145369,3.8811584,3
30768932887349,-1.18684,9.131011,3.842873,3
30768935266308,-1.2155539,9.140582,3.804588,3
30768937645214,-1.2155539,9.145369,3.7806597,3
30768940024120,-1.2251252,9.107083,3.7950168,3
30768942403079,-1.2299109,9.073584,3.8285162,3
30768944781985,-1.1916257,9.068798,3.8333018,3
30768947160891,-1.1533405,9.068798,3.871587,3
30768949539849,-1.119841,9.016156,3.8955152,3
30768951918756,-1.119841,9.016156,3.8907297,3
30768954297662,-1.1246266,8.968299,3.900301,3
30768956676568,-1.1437693,8.963513,3.8955152,3
30768959055527,-1.134198,8.930014,3.9098723,3
30768961434433,-1.1389836,8.920443,3.900301,3
30768963813339,-1.1581261,8.930014,3.8668015,3
30768966192297,-1.1820544,8.915657,3.8380876,3
30768968571204,-1.2011969,8.920443,3.7998023,3
30768970950110,-1.2346965,8.939586,3.7854455,3
30768973329016,-1.2729816,9.006584,3.7854455,3
30768975707974,-1.3160524,9.025727,3.7950168,3
30768978086881,-1.3734802,9.040084,3.804588,3
30768980465839,-1.3926228,9.073584,3.8237305,3
30768982844745,-1.4596218,9.102298,3.8333018,3
30768985223652,-1.4739788,9.102298,3.8333018,3
30768987602558,-1.4931214,9.102298,3.8524444,3
30768989981516,-1.5409778,9.169296,3.8763726,3
30768992360422,-1.5888343,9.174082,3.9146578,3
30768994739329,-1.5744773,9.131011,3.9194436,3
30768997118287,-1.5744773,9.12144,3.9625144,3
30768999497193,-1.430908,9.078369,3.952943,3
30769001876099,-1.3016955,9.040084,3.952943,3
30769004255058,-1.134198,9.0544405,3.938586,3
30769006633964,-0.971486,9.044869,3.938586,3
30769009012870,-0.7369894,9.001799,3.9146578,3
30769011391777,-0.5694918,9.001799,3.900301,3
30769013770735,-0.38285163,9.001799,3.871587,3
30769016149641,-0.2440679,9.035298,3.8380876,3
30769018528547,-0.13878371,9.044869,3.790231,3
30769020907506,-0.148355,9.0544405,3.7758741,3
30769023286412,-0.15314065,9.044869,3.7423747,3
30769025665318,-0.17706887,9.001799,3.723232,3
30769028044277,-0.26799613,9.01137,3.7136607,3
30769030423183,-0.3397808,9.035298,3.7328033,3
30769032802089,-0.4546363,9.001799,3.7471602,3
30769035180995,-0.5694918,8.997013,3.7663028,3
30769037559954,-0.61734825,8.987442,3.804588,3
30769039938860,-0.6795616,8.997013,3.8237305,3
30769042317766,-0.72263247,8.973084,3.8237305,3
30769044696724,-0.76570326,8.963513,3.8524444,3
30769047075631,-0.79441714,8.977871,3.8668015,3
30769049454537,-0.79441714,8.9826565,3.8811584,3
30769051833495,-0.7704889,8.992228,3.8572302,3
30769054212402,-0.72741807,9.006584,3.8333018,3
30769056591308,-0.6939186,9.020942,3.804588,3
30769058970266,-0.6221339,9.020942,3.7758741,3
30769061349172,-0.55513483,9.040084,3.7854455,3
30769063728079,-0.4833502,9.044869,3.7663028,3
30769066107037,-0.4211368,9.0544405,3.7806597,3
30769068485943,-0.34456646,9.059227,3.7998023,3
30769070864849,-0.29671,9.030513,3.8093736,3
30769073243808,-0.26799613,9.020942,3.8141594,3
30769075622714,-0.2632105,9.001799,3.8380876,3
30769078001620,-0.2440679,8.977871,3.8620157,3
30769080380474,-0.28713873,8.958728,3.8955152,3
30769082759485,-0.35413775,8.939586,3.9146578,3
30769085138391,-0.4211368,8.939586,3.9338005,3
30769087517297,-0.55034924,8.930014,3.9194436,3
30769089896256,-0.66999036,8.906086,3.8955152,3
30769092275162,-0.79920274,8.915657,3.8572302,3
30769094654068,-0.93320084,8.9013,3.842873,3
30769097033027,-1.0145568,8.9348,3.8380876,3
30769099411933,-1.0863415,8.949157,3.8380876,3
30769101790839,-1.1485549,8.968299,3.8141594,3
30769104169797,-1.2011969,8.968299,3.790231,3
30769106548704,-1.2107682,8.953942,3.8093736,3
30769108927558,-1.1964114,8.949157,3.8141594,3
30769111306568,-1.1581261,8.949157,3.818945,3
30769113685474,-1.0671989,8.930014,3.8333018,3
30769116064381,-0.971486,8.920443,3.8763726,3
30769118443287,-0.8757731,8.925228,3.8955152,3
30769120822245,-0.7848458,8.877372,3.9050865,3
30769123201152,-0.66999036,8.877372,3.885944,3
30769125580058,-0.57906306,8.891729,3.8955152,3
30769127959016,-0.4642076,8.863015,3.8668015,3
30769130337870,-0.3684947,8.853444,3.8524444,3
30769132716829,-0.2727818,8.886943,3.8476589,3
30769135095787,-0.28713873,8.930014,3.8907297,3
30769137474693,-0.21535404,8.85823,3.818945,3
30769139853599,-0.26799613,8.9108715,3.7615173,3
30769142232558,-0.3493521,8.944371,3.737589,3
30769144611464,-0.47856453,8.920443,3.7758741,3
30769146990370,-0.6029913,8.877372,3.842873,3
30769149369277,-0.8135597,8.915657,3.9242291,3
30769151748235,-0.94755775,8.891729,3.9481573,3
30769154127141,-1.0719845,8.853444,3.9290147,3
30769156506047,-1.1485549,8.839087,3.9050865,3
30769158885006,-1.2011969,8.853444,3.9050865,3
30769161263912,-1.2107682,8.829515,3.9338005,3
30769163642818,-1.1964114,8.829515,3.9577286,3
30769166021724,-1.1772687,8.867801,3.9816568,3
30769168400683,-1.0815558,8.882157,3.9673,3
30769170779589,-0.9810573,8.920443,3.9050865,3
30769173158547,-0.89013004,9.001799,3.8380876,3
30769175537454,-0.79441714,9.025727,3.7854455,3
30769177916360,-0.66041905,9.044869,3.7615173,3
30769180295318,-0.55034924,9.068798,3.7710886,3
30769182674224,-0.44506502,9.097511,3.7998023,3
30769185053131,-0.33499518,9.116654,3.790231,3
30769187432037,-0.23449662,9.126225,3.790231,3
30769189810995,-0.13399807,9.135797,3.7950168,3
30769192189902,-0.07178468,9.15494,3.8333018,3
30769194568808,-0.043070808,9.174082,3.9050865,3
30769196947766,0.0047856453,9.169296,3.9673,3
30769199326672,-0.02871387,9.236296,4.0103707,3
30769201705527,-0.043070808,9.274581,4.0151563,3
30769204084537,-0.15314065,9.312865,4.0151563,3
30769206463391,-0.29671,9.370294,3.9864426,3
30769208842349,-0.5599205,9.466006,4.063013,3
30769211221308,-0.61734825,9.332008,3.9290147,3
30769213600214,-0.8566305,9.41815,3.9960139,3
30769215979120,-0.74177504,9.312865,3.9290147,3
30769218358079,-0.7082755,9.327223,3.991228,3
30769220736985,-0.52163535,9.250652,3.9194436,3
30769223115839,-0.4546363,9.312865,3.952943,3
30769225494849,-0.10049855,9.193225,3.8476589,3
30769227873756,0.019142581,9.260223,3.8380876,3
30769230252662,0.18664017,9.317652,3.7615173,3
30769232631568,0.24885355,9.355937,3.751946,3
30769235010527,0.27756742,9.360723,3.790231,3
30769237389433,0.18664017,9.41815,3.842873,3
30769239768339,0.086141616,9.442079,3.8524444,3
30769242147297,-0.0526421,9.475577,3.8763726,3
30769244526204,-0.148355,9.52822,3.8763726,3
30769246905110,-0.29671,9.600004,3.9625144,3
30769249284016,-0.37806597,9.552148,4.0534415,3
30769251662974,-0.45942193,9.52822,4.197011,3
30769254041881,-0.5072784,9.523434,4.2927237,3
30769256420839,-0.6125626,9.49472,4.3788652,3
30769258799745,-0.67477596,9.389436,4.388437,3
30769261178652,-0.7322037,9.293723,4.4171505,3
30769263557610,-0.72263247,9.150154,4.426722,3
30769265936516,-0.75613195,9.001799,4.465007,3
30769268315422,-0.72263247,8.848659,4.4554358,3
30769270694329,-0.6939186,8.748159,4.4315076,3
30769273073287,-0.6125626,8.628518,4.388437,3
30769275452193,-0.4546363,8.537591,4.3262234,3
30769277831099,-0.4546363,8.56152,4.3740797,3
30769280210058,-0.23928227,8.413164,4.1922255,3
30769282588964,-0.3589234,8.4705925,4.182654,3
30769284967870,-0.37328035,8.441878,4.1204405,3
30769287346829,-0.51206404,8.432307,4.2352962,3
30769289725735,-0.55513483,8.360522,4.321438,3
30769292104641,-0.7465607,8.432307,4.4171505,3
30769294483599,-0.7513463,8.456235,4.4171505,3
30769296862506,-0.7609176,8.49452,4.426722,3
30769299241412,-0.7178468,8.532805,4.4075794,3
30769301620370,-0.65084773,8.56152,4.412365,3
30769303999277,-0.526421,8.571091,4.421936,3
30769306378183,-0.41156548,8.657232,4.4602213,3
30769308757089,-0.3397808,8.729017,4.4554358,3
30769311136047,-0.32063824,8.829515,4.4315076,3
30769313514954,-0.36370903,8.9013,4.331009,3
30769315893860,-0.4977071,9.020942,4.2448673,3
30769318272818,-0.66999036,9.040084,4.15394,3
30769320651724,-0.9284152,9.102298,4.1443686,3
30769323030631,-1.0959128,9.12144,4.1204405,3
30769325409589,-1.3734802,9.145369,4.1108694,3
30769327788495,-1.5888343,9.08794,4.0151563,3
30769330167402,-1.8041883,9.0544405,3.9577286,3
30769332546360,-1.9716859,8.958728,3.9673,3
30769334925266,-2.1391835,8.886943,4.0438704,3
30769337304172,-2.268396,8.781659,4.058227,3
30769339683131,-2.3449662,8.7577305,4.0295134,3
30769342062037,-2.388037,8.752945,3.9673,3
30769344440943,-2.3832514,8.743374,3.8763726,3
30769346819902,-2.37368,8.762517,3.790231,3
30769349198808,-2.254039,8.800801,3.7280176,3
30769351577714,-2.115255,8.867801,3.6993039,3
30769353956672,-1.9621146,8.906086,3.6227336,3
30769356335579,-1.7467605,8.992228,3.522235,3
30769358714485,-1.4883357,9.078369,3.3786657,3
30769361093391,-1.2346965,9.135797,3.2350962,3
30769363472349,-0.9906286,9.174082,3.182454,3
30769365851256,-0.75613195,9.260223,3.2063823,3
30769368230162,-0.5599205,9.269794,3.2446675,3
30769370609120,-0.3924229,9.2793665,3.2925239,3
30769372988027,-0.2440679,9.312865,3.306881,3
30769375366933,-0.18664017,9.322437,3.2590244,3
30769377745891,-0.2105684,9.336794,3.2638102,3
30769380124797,-0.24885355,9.346365,3.2877383,3
30769382503704,-0.3924229,9.365508,3.306881,3
30769384882662,-0.57427746,9.38465,3.3355947,3
30769387261568,-0.70348984,9.365508,3.3355947,3
30769389640474,-0.8805587,9.389436,3.278167,3
30769392019381,-0.98584294,9.4229355,3.158526,3
30769394398339,-1.0480564,9.480363,3.0532417,3
30769396777193,-1.0959128,9.499506,2.981457,3
30769399156152,-1.1581261,9.52822,2.952743,3
30769401535058,-1.1485549,9.537791,2.952743,3
30769403914016,-1.1102697,9.5760765,2.952743,3
30769406292922,-1.0863415,9.556933,2.914458,3
30769408671881,-1.038485,9.5665045,2.885744,3
30769411050787,-0.9810573,9.595219,2.8809586,3
30769413429693,-0.90448695,9.552148,2.900101,3
30769415808652,-0.8327023,9.52822,2.9383862,3
30769418187558,-0.72263247,9.49472,2.9623144,3
30769420566464,-0.6652047,9.466006,2.9862428,3
30769422945422,-0.5694918,9.475577,2.981457,3
30769425324329,-0.4977071,9.470792,2.9431717,3
30769427703235,-0.4354937,9.461221,2.9383862,3
30769430082193,-0.38285163,9.41815,2.9336007,3
30769432461099,-0.32063824,9.432507,2.9575288,3
30769434840006,-0.29671,9.45165,2.9718857,3
30769437218912,-0.23449662,9.432507,2.9671001,3
30769439597870,-0.22492532,9.442079,2.9718857,3
30769441976777,-0.22013968,9.408579,2.9575288,3
30769444355735,-0.23928227,9.427721,2.9623144,3
30769446734641,-0.22971097,9.4229355,2.9671001,3
30769449113547,-0.26799613,9.408579,3.010171,3
30769451492454,-0.32542387,9.394221,3.062813,3
30769453871412,-0.37328035,9.375079,3.1106694,3
30769456250318,-0.4354937,9.375079,3.1250265,3
30769458629224,-0.5168497,9.360723,3.1537402,3
30769461008183,-0.57427746,9.375079,3.158526,3
30769463387089,-0.6221339,9.3511505,3.1680973,3
30769465765995,-0.5694918,9.38465,3.2015967,3
30769468144954,-0.6125626,9.446864,3.2590244,3
30769470523860,-0.6125626,9.403793,3.2877383,3
30769472902766,-0.6269195,9.413364,3.249453,3
30769475281724,-0.6891329,9.461221,3.1920254,3
30769477660631,-0.75613195,9.461221,3.1728828,3
30769480039537,-0.8757731,9.399008,3.278167,3
30769482418443,-0.9762716,9.341579,3.397808,3
30769484797402,-1.1006985,9.360723,3.5126636,3
30769487176308,-1.119841,9.2793665,3.546163,3
30769489555266,-1.1724831,9.341579,3.5509489,3
30769491934172,-1.2346965,9.288938,3.5940197,3
30769494313079,-1.105484,9.174082,3.6131623,3
30769496691985,-1.1581261,9.107083,3.6131623,3
30769499070943,-0.8757731,9.2075815,3.804588,3
30769501449849,-0.85184485,9.111869,3.8285162,3
30769503828756,-0.7896315,9.12144,3.7854455,3
30769506207714,-0.71306115,9.116654,3.6753755,3
30769508586620,-0.7178468,9.236296,3.6993039,3
30769510965527,-0.9762716,9.12144,3.656233,3
30769513344485,-1.1006985,9.19801,3.7950168,3
30769515723391,-1.2394822,9.135797,3.7758741,3
30769518102297,-1.5266209,9.188439,3.9816568,3
30769520481256,-1.6797615,9.035298,3.9050865,3
30769522860162,-1.7419748,9.092726,3.9290147,3
30769525239068,-1.7419748,9.006584,3.885944,3
30769527618027,-1.6654046,8.963513,3.9290147,3
30769529996933,-1.4883357,8.886943,3.9864426,3
30769532375839,-1.2394822,8.882157,4.058227,3
30769534754745,-0.9954142,8.848659,4.0390844,3
30769537133704,-0.7465607,8.853444,4.130012,3
30769539512558,-0.5886344,8.82473,4.072584,3
30769541891568,-0.37806597,8.886943,4.034299,3
30769544270474,-0.23449662,8.886943,4.0295134,3
30769546649381,-0.17228323,8.906086,4.0677986,3
30769549028339,-0.16749759,8.920443,4.058227,3
30769551407245,-0.11964113,9.001799,4.0438704,3
30769553786152,-0.11485548,8.977871,4.0007997,3
30769556165058,-0.15314065,9.030513,4.091727,3
30769558544016,-0.13878371,8.949157,3.991228,3
30769560922922,-0.20578274,9.01137,4.024728,3
30769563301829,-0.17228323,8.977871,4.106084,3
30769565680787,-0.33020952,8.915657,4.101298,3
30769568059693,-0.38763726,8.930014,4.173083,3
30769570438599,-0.31106696,8.872586,4.2257247,3
30769572817558,-0.46899325,8.863015,4.249653,3
30769575196464,-0.46899325,8.815159,4.2161536,3
30769577575370,-0.3924229,8.843872,4.1922255,3
30769579954329,-0.3397808,8.85823,4.1635113,3
30769582333183,-0.37806597,8.848659,4.173083,3
30769584712141,-0.27756742,8.85823,4.139583,3
30769587091047,-0.21535404,8.915657,4.115655,3
30769589470006,-0.22013968,8.9108715,4.0534415,3
30769591848912,-0.21535404,8.925228,4.0534415,3
30769594227818,-0.15792629,8.968299,4.005585,3
30769596606777,-0.13399807,8.977871,3.9720855,3
30769598985683,-0.11964113,9.001799,4.005585,3
30769601364589,-0.11006984,9.025727,4.082155,3
30769603743547,-0.062213387,8.9826565,4.091727,3
30769606122454,-0.033499517,8.953942,4.115655,3
30769608501360,-0.009571291,8.963513,4.1491547,3
30769610880318,-0.019142581,8.973084,4.1587257,3
30769613259224,0.0047856453,8.963513,4.168297,3
30769615638131,0.009571291,8.958728,4.168297,3
30769618017089,-0.05742774,8.958728,4.1922255,3
30769620395995,-0.1052842,8.963513,4.182654,3
30769622774902,-0.15314065,8.963513,4.1587257,3
30769625153860,-0.20578274,8.953942,4.130012,3
30769627532766,-0.30149564,8.977871,4.106084,3
30769629911672,-0.33020952,8.977871,4.0534415,3
30769632290631,-0.3397808,8.992228,4.0103707,3
30769634669537,-0.37328035,9.020942,3.9864426,3
30769637048443,-0.38285163,8.997013,3.9673,3
30769639427349,-0.3589234,8.9826565,3.9481573,3
30769641806308,-0.34456646,8.977871,3.9290147,3
30769644185214,-0.31585258,8.987442,3.9194436,3
30769646564172,-0.26799613,8.997013,3.9290147,3
30769648943079,-0.2009971,9.001799,3.9290147,3
30769651321985,-0.22971097,9.064013,3.9768713,3
30769653700943,-0.19621146,9.025727,3.9290147,3
30769656079849,-0.28235307,9.097511,3.9050865,3
30769658458756,-0.3062813,9.164511,3.8093736,3
30769660837662,-0.41156548,9.15494,3.8476589,3
30769663216620,-0.4642076,9.107083,3.8668015,3
30769665595527,-0.53599226,9.150154,3.9290147,3
30769667974433,-0.55513483,9.12144,3.9098723,3
30769670353391,-0.5072784,9.083155,3.8620157,3
30769672732297,-0.44985065,9.092726,3.804588,3
30769675111152,-0.38285163,9.107083,3.790231,3
30769677490162,-0.27756742,9.064013,3.790231,3
30769679869068,-0.2009971,9.049655,3.804588,3
30769682247974,-0.148355,9.064013,3.8237305,3
30769684626933,-0.11006984,9.068798,3.804588,3
30769687005787,-0.06699903,9.073584,3.751946,3
30769689384745,-0.12921242,9.111869,3.7184465,3
30769691763704,-0.2009971,9.126225,3.6849468,3
30769694142610,-0.28713873,9.140582,3.6849468,3
30769696521516,-0.36370903,9.174082,3.6801612,3
30769698900474,-0.4354937,9.174082,3.694518,3
30769701279381,-0.4833502,9.174082,3.6801612,3
30769703658287,-0.4833502,9.169296,3.6514473,3
30769706037245,-0.46899325,9.159725,3.6275191,3
30769708416152,-0.44027936,9.15494,3.6131623,3
30769710795058,-0.40677986,9.145369,3.6275191,3
30769713173964,-0.33020952,9.145369,3.6610186,3
30769715552922,-0.2440679,9.140582,3.6849468,3
30769717931829,-0.21535404,9.131011,3.7136607,3
30769720310735,-0.19621146,9.140582,3.7040894,3
30769722689693,-0.18185452,9.15494,3.6801612,3
30769725068599,-0.20578274,9.164511,3.6514473,3
30769727447506,-0.22013968,9.202796,3.656233,3
30769729826464,-0.2536392,9.178867,3.6658044,3
30769732205370,-0.28713873,9.174082,3.6753755,3
30769734584277,-0.29192436,9.19801,3.6466618,3
30769736963235,-0.28235307,9.174082,3.6610186,3
30769739342141,-0.28713873,9.159725,3.641876,3
30769741721047,-0.30149564,9.178867,3.6466618,3
30769744100006,-0.28713873,9.15494,3.6658044,3
30769746478912,-0.28235307,9.150154,3.6993039,3
30769748857818,-0.3397808,9.145369,3.737589,3
30769751236777,-0.3684947,9.145369,3.7615173,3
30769753615683,-0.41156548,9.140582,3.7710886,3
30769755994589,-0.4642076,9.126225,3.7758741,3
30769758373547,-0.52163535,9.111869,3.7663028,3
30769760752454,-0.5407779,9.135797,3.7423747,3
30769763131360,-0.5694918,9.135797,3.7663028,3
30769765510318,-0.6029913,9.111869,3.7758741,3
30769767889224,-0.63170516,9.111869,3.7806597,3
30769770268131,-0.5982057,9.102298,3.7854455,3
30769772647089,-0.59342,9.111869,3.7854455,3
30769775025995,-0.56470615,9.073584,3.7806597,3
30769777404902,-0.51206404,9.083155,3.7806597,3
30769779783808,-0.46899325,9.064013,3.8093736,3
30769782162766,-0.44506502,9.0544405,3.8380876,3
30769784541672,-0.41635114,9.040084,3.8524444,3
30769786920579,-0.41156548,8.987442,3.885944,3
30769789299537,-0.3924229,8.973084,3.8524444,3
30769791678443,-0.40677986,8.977871,3.8572302,3
30769794057349,-0.44506502,8.987442,3.8668015,3
30769796436308,-0.47377887,8.992228,3.8524444,3
30769798815214,-0.5168497,8.992228,3.871587,3
30769801194120,-0.57906306,9.001799,3.871587,3
30769803573079,-0.6364908,9.025727,3.871587,3
30769805951985,-0.6939186,9.035298,3.8668015,3
30769808330891,-0.72741807,9.0544405,3.8811584,3
30769810709849,-0.72741807,9.059227,3.8763726,3
30769813088756,-0.7704889,9.068798,3.8955152,3
30769815467662,-0.7800602,9.078369,3.9194436,3
30769817846568,-0.7609176,9.064013,3.8955152,3
30769820225527,-0.74177504,9.0544405,3.9146578,3
30769822604433,-0.7322037,9.044869,3.938586,3
30769824983391,-0.7082755,9.049655,3.9338005,3
30769827362297,-0.6795616,9.064013,3.9242291,3
30769829741204,-0.6269195,9.049655,3.9290147,3
30769832120162,-0.5599205,9.030513,3.938586,3
30769834499068,-0.55034924,9.025727,3.9290147,3
30769836877974,-0.49292147,9.049655,3.938586,3
30769839256881,-0.4354937,9.059227,3.9338005,3
30769841635839,-0.39720857,9.044869,3.9194436,3
30769844014745,-0.3589234,9.030513,3.900301,3
30769846393652,-0.32542387,9.030513,3.8955152,3
30769848772610,-0.28713873,9.035298,3.871587,3
30769851151516,-0.28713873,9.040084,3.8763726,3
30769853530422,-0.30149564,9.030513,3.871587,3
30769855909381,-0.33499518,9.040084,3.8763726,3
30769858288287,-0.3589234,9.0544405,3.8955152,3
30769860667193,-0.43070808,9.044869,3.9146578,3
30769863046152,-0.46899325,9.025727,3.9050865,3
30769865425058,-0.4833502,9.035298,3.9050865,3
30769867803964,-0.52163535,9.030513,3.9146578,3
30769870182922,-0.55513483,9.025727,3.9194436,3
30769872561829,-0.59342,9.040084,3.9338005,3
30769874940735,-0.6269195,9.044869,3.952943,3
30769877319693,-0.6029913,9.01137,3.938586,3
30769879698599,-0.5886344,8.9826565,3.9242291,3
30769882077506,-0.53599226,9.006584,3.9098723,3
30769884456464,-0.4546363,9.006584,3.900301,3
30769886835370,-0.3493521,8.9826565,3.9098723,3
30769889214277,-0.2536392,9.006584,3.9098723,3
30769891593235,-0.18664017,9.006584,3.9050865,3
30769893972089,-0.09571291,8.9826565,3.885944,3
30769896351047,-0.0526421,9.006584,3.842873,3
30769898729954,-0.0526421,9.078369,3.7950168,3
30769901108912,-0.076570325,9.107083,3.7998023,3
30769903487818,-0.13399807,9.126225,3.790231,3
30769905866777,-0.19621146,9.135797,3.8141594,3
30769908245683,-0.2727818,9.126225,3.8237305,3
30769910624537,-0.3062813,9.097511,3.8333018,3
30769913003495,-0.3924229,9.092726,3.8476589,3
30769915382454,-0.47377887,9.097511,3.8524444,3
30769917761360,-0.5168497,9.0544405,3.8811584,3
30769920140266,-0.5599205,9.0544405,3.885944,3
30769922519224,-0.6029913,9.049655,3.8955152,3
30769924898131,-0.6269195,9.035298,3.8955152,3
30769927277037,-0.64606214,9.030513,3.8907297,3
30769929655995,-0.66999036,9.040084,3.8763726,3
30769932034902,-0.66999036,9.064013,3.8620157,3
30769934413808,-0.6795616,9.083155,3.8572302,3
30769936792766,-0.66041905,9.116654,3.818945,3
30769939171672,-0.6269195,9.12144,3.790231,3
30769941550579,-0.57427746,9.140582,3.7758741,3
30769943929537,-0.5455636,9.145369,3.7663028,3
30769946308443,-0.47856453,9.140582,3.751946,3
30769948687349,-0.42592242,9.164511,3.7471602,3
30769951066308,-0.38285163,9.150154,3.751946,3
30769953445214,-0.34456646,9.12144,3.7710886,3
30769955824120,-0.33020952,9.145369,3.7854455,3
30769958203079,-0.32063824,9.111869,3.8093736,3
30769960581985,-0.37328035,9.08794,3.842873,3
30769962960891,-0.4211368,9.092726,3.8333018,3
30769965339849,-0.46899325,9.102298,3.8285162,3
30769967719277,-0.53599226,9.111869,3.8285162,3
30769970097662,-0.5982057,9.102298,3.8620157,3
30769972476620,-0.6364908,9.107083,3.842873,3
30769974855527,-0.65084773,9.12144,3.8093736,3
30769977234433,-0.70348984,9.097511,3.7950168,3
30769979613391,-0.6987042,9.111869,3.804588,3
30769981992245,-0.6939186,9.12144,3.7998023,3
30769984371204,-0.6412765,9.116654,3.7710886,3
30769986750110,-0.65084773,9.116654,3.7567315,3
30769989129068,-0.60777694,9.116654,3.7758741,3
30769991507974,-0.61734825,9.12144,3.7758741,3
30769993886829,-0.55513483,9.107083,3.804588,3
30769996265839,-0.526421,9.111869,3.790231,3
30769998644745,-0.46899325,9.131011,3.804588,3
30770001023652,-0.43070808,9.107083,3.804588,3
30770003402610,-0.37328035,9.116654,3.8093736,3
30770005781516,-0.33499518,9.097511,3.7998023,3
30770008160422,-0.27756742,9.08794,3.7998023,3
30770010539381,-0.23449662,9.08794,3.8285162,3
30770012918287,-0.19142582,9.078369,3.8285162,3
30770015297193,-0.18185452,9.078369,3.818945,3
30770017676152,-0.17228323,9.068798,3.8237305,3
30770020055058,-0.17706887,9.073584,3.8141594,3
30770022433964,-0.2105684,9.073584,3.818945,3
30770024812922,-0.23449662,9.078369,3.804588,3
30770027191829,-0.26799613,9.08794,3.8093736,3
30770029570735,-0.31106696,9.083155,3.8141594,3
30770031949693,-0.37806597,9.083155,3.8285162,3
30770034328599,-0.42592242,9.078369,3.8285162,3
30770036707506,-0.44985065,9.083155,3.842873,3
30770039086464,-0.4881358,9.08794,3.8524444,3
30770041465370,-0.5024927,9.068798,3.842873,3
30770043844277,-0.5024927,9.059227,3.8620157,3
30770046223235,-0.49292147,9.064013,3.8763726,3
30770048602141,-0.4833502,9.064013,3.8811584,3
30770050981047,-0.46899325,9.049655,3.8955152,3
30770053360006,-0.4354937,9.025727,3.9050865,3
30770055738860,-0.40677986,9.025727,3.885944,3
30770058117818,-0.3684947,9.025727,3.885944,3
30770060496777,-0.33499518,9.01137,3.8763726,3
30770062875683,-0.33020952,9.049655,3.8763726,3
30770065254589,-0.31585258,9.044869,3.8763726,3
30770067633547,-0.28713873,9.064013,3.8572302,3
30770070012454,-0.30149564,9.064013,3.871587,3
30770072391308,-0.31585258,9.064013,3.871587,3
30770074770266,-0.35413775,9.059227,3.8763726,3
30770077149224,-0.40677986,9.083155,3.900301,3
30770079528131,-0.42592242,9.073584,3.9290147,3
30770081907037,-0.4546363,9.064013,3.9242291,3
30770084285995,-0.49292147,9.044869,3.9194436,3
30770086664902,-0.526421,9.030513,3.9338005,3
30770089043808,-0.5407779,9.049655,3.9338005,3
30770091422766,-0.55513483,9.025727,3.9625144,3
30770093801672,-0.5838487,9.020942,3.9577286,3
30770096180631,-0.5886344,9.035298,3.9577286,3
30770098559537,-0.5838487,9.030513,3.938586,3
30770100938443,-0.55513483,9.020942,3.9242291,3
30770103317349,-0.5407779,9.016156,3.9338005,3
30770105696308,-0.4881358,9.030513,3.9338005,3
30770108075162,-0.44985065,9.01137,3.9194436,3
30770110454120,-0.41156548,8.997013,3.9433718,3
30770112833079,-0.39720857,9.016156,3.9242291,3
30770115211985,-0.34456646,9.006584,3.9290147,3
30770117590891,-0.32063824,9.001799,3.9338005,3
30770119969849,-0.29192436,9.01137,3.9290147,3
30770122348756,-0.26799613,8.997013,3.9194436,3
30770124727662,-0.2536392,8.992228,3.9146578,3
30770127106620,-0.27756742,8.973084,3.9098723,3
30770129485527,-0.28713873,8.987442,3.938586,3
30770131864433,-0.31585258,8.997013,3.938586,3
30770134243391,-0.3589234,9.001799,3.9673,3
30770136622297,-0.38763726,9.016156,3.9768713,3
30770139001204,-0.43070808,9.025727,3.9768713,3
30770141380162,-0.44506502,9.035298,3.9768713,3
30770143759068,-0.47856453,9.035298,3.9673,3
30770146137974,-0.4881358,9.035298,3.9673,3
30770148516881,-0.49292147,9.01137,3.9673,3
30770150895839,-0.4833502,9.020942,3.9577286,3
30770153274745,-0.45942193,9.049655,3.952943,3
30770155653704,-0.45942193,9.0544405,3.9433718,3
30770158032610,-0.47856453,9.020942,3.9481573,3
30770160411516,-0.47856453,9.020942,3.9625144,3
30770162790474,-0.47856453,9.035298,3.952943,3
30770165169381,-0.46899325,9.025727,3.9577286,3
30770167548287,-0.45942193,9.025727,3.9481573,3
30770169927193,-0.44985065,9.01137,3.9673,3
30770172306152,-0.43070808,9.016156,3.9720855,3
30770174685058,-0.4211368,9.006584,3.952943,3
30770177063912,-0.41635114,8.992228,3.952943,3
30770179442922,-0.39720857,9.006584,3.9577286,3
30770181821829,-0.40677986,9.025727,3.938586,3
30770184200787,-0.3924229,9.016156,3.9433718,3
30770186579693,-0.37806597,9.016156,3.9433718,3
30770188958599,-0.39720857,9.030513,3.9433718,3
30770191337506,-0.39720857,9.044869,3.9338005,3
30770193716464,-0.4019942,9.049655,3.9481573,3
30770196095370,-0.40677986,9.040084,3.9481573,3
30770198474277,-0.4211368,9.073584,3.9433718,3
30770200853235,-0.44027936,9.064013,3.938586,3
30770203232141,-0.44027936,9.078369,3.9338005,3
30770205611047,-0.44985065,9.08794,3.952943,3
30770207990006,-0.44985065,9.08794,3.9481573,3
30770210368912,-0.44506502,9.073584,3.952943,3
30770212747818,-0.44506502,9.064013,3.9673,3
30770215126777,-0.44985065,9.078369,3.9720855,3
30770217505683,-0.41156548,9.078369,3.952943,3
30770219884589,-0.41156548,9.083155,3.9338005,3
30770222263547,-0.4019942,9.078369,3.9242291,3
30770224642454,-0.37328035,9.059227,3.9194436,3
30770227021360,-0.35413775,9.049655,3.9242291,3
30770229400318,-0.3684947,9.068798,3.9290147,3
30770231779224,-0.37328035,9.0544405,3.9242291,3
30770234158131,-0.4019942,9.030513,3.8763726,3
30770236537089,-0.4211368,9.059227,3.842873,3
30770238915995,-0.4642076,9.064013,3.8524444,3
30770241294902,-0.53599226,9.030513,3.9098723,3
30770243673860,-0.6029913,9.025727,3.9768713,3
30770246052766,-0.63170516,9.006584,4.0007997,3
30770248431672,-0.6364908,9.016156,3.9625144,3
30770250810631,-0.65084773,9.016156,3.8811584,3
30770253189537,-0.5982057,9.040084,3.8333018,3
30770255568443,-0.55513483,9.020942,3.8476589,3
30770257947402,-0.47856453,9.044869,3.885944,3
30770260326308,-0.44027936,9.044869,3.9290147,3
30770262705214,-0.3589234,9.040084,3.9625144,3
30770265084172,-0.2727818,9.0544405,3.9481573,3
30770267463079,-0.2105684,9.0544405,3.885944,3
30770269841985,-0.13878371,9.049655,3.8572302,3
30770272220943,-0.076570325,9.049655,3.8620157,3
30770274599849,-0.05742774,9.044869,3.8955152,3
30770276978756,-0.038285162,9.044869,3.938586,3
30770279357714,-0.0047856453,9.059227,3.9625144,3
30770281736620,-0.009571291,9.0544405,3.9433718,3
30770284115527,-0.019142581,9.068798,3.900301,3
30770286494485,-0.062213387,9.078369,3.8763726,3
30770288873391,-0.15314065,9.064013,3.8668015,3
30770291252297,-0.2536392,9.068798,3.8907297,3
30770293631204,-0.3493521,9.064013,3.9481573,3
30770296010162,-0.41635114,9.049655,4.0007997,3
30770298389068,-0.5072784,9.059227,4.005585,3
30770300767974,-0.5599205,9.059227,3.9673,3
30770303146933,-0.6125626,9.078369,3.9433718,3
30770305525839,-0.61734825,9.073584,3.9338005,3
30770307904745,-0.6221339,9.049655,3.9481573,3
30770310283704,-0.5599205,9.025727,3.9768713,3
30770312662610,-0.52163535,9.0544405,4.0007997,3
30770315041516,-0.44506502,9.059227,3.9816568,3
30770317420474,-0.3684947,9.044869,3.9768713,3
30770319799381,-0.3062813,9.025727,3.9338005,3
30770322178287,-0.23449662,9.035298,3.8907297,3
30770324557245,-0.15314065,9.040084,3.9146578,3
30770326936152,-0.06699903,9.016156,3.938586,3
30770329315058,-0.0047856453,9.006584,3.952943,3
30770331694016,0.019142581,8.992228,3.9673,3
30770334072922,0.014356935,8.9826565,3.952943,3
30770336451829,-0.014356935,9.01137,3.9433718,3
30770338830787,-0.047856454,8.997013,3.9433718,3
30770341209693,-0.10049855,8.9826565,3.952943,3
30770343588599,-0.13399807,8.997013,3.9816568,3
30770345967558,-0.2105684,9.006584,3.9960139,3
30770348346464,-0.29192436,9.006584,3.9625144,3
30770350725370,-0.3589234,8.973084,3.9673,3
30770353104329,-0.40677986,9.006584,3.9577286,3
30770355483235,-0.44985065,9.016156,3.9625144,3
30770357862141,-0.49292147,9.030513,3.9673,3
30770360241099,-0.47856453,9.030513,3.9864426,3
30770362620006,-0.46899325,9.025727,4.0007997,3
30770364998912,-0.44506502,9.049655,3.9720855,3
30770367377870,-0.38763726,9.064013,3.9433718,3
30770369756777,-0.36370903,9.030513,3.9290147,3
30770372135683,-0.31106696,9.020942,3.9338005,3
30770374514641,-0.29192436,9.030513,3.952943,3
30770376893547,-0.25842485,9.020942,3.9816568,3
30770379272454,-0.18664017,9.020942,3.9816568,3
30770381651412,-0.16271193,9.030513,3.9720855,3
30770384030318,-0.11006984,9.025727,3.9577286,3
30770386409224,-0.11006984,9.01137,3.9338005,3
30770388788183,-0.09092726,9.016156,3.9242291,3
30770391167089,-0.11964113,9.006584,3.9433718,3
30770393545995,-0.13399807,9.006584,3.9673,3
30770395924954,-0.15314065,9.025727,3.9433718,3
30770398303860,-0.20578274,9.059227,3.9481573,3
30770400682766,-0.22013968,9.0544405,3.938586,3
30770403061724,-0.2440679,9.040084,3.9433718,3
30770405440631,-0.29192436,9.064013,3.9481573,3
30770407819537,-0.3062813,9.073584,3.9433718,3
30770410198443,-0.32063824,9.068798,3.938586,3
30770412577402,-0.3493521,9.064013,3.9290147,3
30770414956308,-0.34456646,9.078369,3.938586,3
30770417335266,-0.33020952,9.059227,3.9194436,3
30770419714172,-0.32542387,9.059227,3.9098723,3
30770422093079,-0.3062813,9.059227,3.9194436,3
30770424472037,-0.28713873,9.059227,3.9290147,3
30770426850943,-0.2632105,9.059227,3.938586,3
30770429229849,-0.22492532,9.035298,3.9290147,3
30770431608756,-0.22971097,9.0544405,3.9242291,3
30770433987662,-0.21535404,9.064013,3.9146578,3
30770436366620,-0.17228323,9.078369,3.9098723,3
30770438745527,-0.13878371,9.083155,3.8907297,3
30770441124485,-0.12921242,9.092726,3.900301,3
30770443503391,-0.11964113,9.083155,3.9050865,3
30770445882297,-0.11964113,9.078369,3.8955152,3
30770448261256,-0.1052842,9.08794,3.8907297,3
30770450640162,-0.14356937,9.064013,3.8907297,3
30770453019068,-0.18664017,9.073584,3.8763726,3
30770455398027,-0.22013968,9.064013,3.9050865,3
30770457776933,-0.24885355,9.064013,3.9098723,3
30770460155839,-0.30149564,9.073584,3.8955152,3
30770462534797,-0.35413775,9.078369,3.885944,3
30770464913704,-0.39720857,9.097511,3.885944,3
30770467292610,-0.41156548,9.092726,3.8763726,3
30770469671568,-0.44506502,9.078369,3.885944,3
30770472050474,-0.47856453,9.078369,3.8668015,3
30770474429381,-0.47856453,9.0544405,3.8524444,3
30770476808339,-0.4642076,9.068798,3.8811584,3
30770479187245,-0.4019942,9.068798,3.8907297,3
30770481566152,-0.36370903,9.078369,3.8763726,3
30770483945110,-0.35413775,9.068798,3.8668015,3
30770486324016,-0.3062813,9.068798,3.8380876,3
30770488702922,-0.2632105,9.083155,3.8380876,3
30770491081881,-0.21535404,9.078369,3.842873,3
30770493460787,-0.17228323,9.083155,3.8476589,3
30770495839693,-0.14356937,9.073584,3.8237305,3
30770498218652,-0.11006984,9.078369,3.8285162,3
30770500597558,-0.08135597,9.083155,3.8285162,3
30770502976464,-0.09092726,9.092726,3.8380876,3
30770505355422,-0.09571291,9.08794,3.8333018,3
30770507734329,-0.13878371,9.078369,3.8333018,3
30770510113235,-0.15314065,9.092726,3.8572302,3
30770512492193,-0.15314065,9.111869,3.871587,3
30770514871099,-0.15792629,9.111869,3.8668015,3
30770517250006,-0.18664017,9.116654,3.8524444,3
30770519628964,-0.22492532,9.111869,3.842873,3
30770522007870,-0.2536392,9.135797,3.8476589,3
30770524386777,-0.24885355,9.107083,3.8476589,3
30770526765735,-0.2440679,9.111869,3.8524444,3
30770529144641,-0.2632105,9.097511,3.8524444,3
30770531523547,-0.23449662,9.083155,3.8524444,3
30770533902506,-0.23449662,9.08794,3.842873,3
30770536281412,-0.21535404,9.064013,3.8476589,3
30770538660318,-0.20578274,9.078369,3.8572302,3
30770541039277,-0.18185452,9.073584,3.842873,3
30770543418183,-0.18185452,9.073584,3.8524444,3
30770545797089,-0.18664017,9.0544405,3.8572302,3
30770548176047,-0.19142582,9.030513,3.8668015,3
30770550554954,-0.20578274,9.040084,3.8763726,3
30770552933808,-0.22013968,9.059227,3.8907297,3
30770555312818,-0.18664017,9.068798,3.8811584,3
30770557691724,-0.21535404,9.078369,3.8668015,3
30770560070631,-0.22013968,9.078369,3.885944,3
30770562449589,-0.2440679,9.0544405,3.8955152,3
30770564828443,-0.2536392,9.078369,3.8811584,3
30770567207402,-0.24885355,9.068798,3.8955152,3
30770569586360,-0.25842485,9.059227,3.8811584,3
30770571965266,-0.27756742,9.059227,3.8955152,3
30770574344172,-0.28235307,9.064013,3.9146578,3
30770576723131,-0.26799613,9.059227,3.8955152,3
30770579102037,-0.24885355,9.040084,3.9146578,3
30770581480943,-0.2440679,9.064013,3.9194436,3
30770583859902,-0.2536392,9.064013,3.9098723,3
30770586238808,-0.26799613,9.0544405,3.9194436,3
30770588617714,-0.2536392,9.044869,3.9098723,3
30770590996672,-0.23928227,9.0544405,3.9194436,3
30770593375579,-0.2632105,9.025727,3.938586,3
30770595754485,-0.29671,9.016156,3.9433718,3
30770598133443,-0.3062813,9.030513,3.9433718,3
30770600512349,-0.30149564,9.025727,3.9481573,3
30770602891256,-0.31106696,9.044869,3.9481573,3
30770605270214,-0.3062813,9.030513,3.9481573,3
30770607649120,-0.31106696,9.035298,3.9577286,3
30770610028027,-0.33499518,9.0544405,3.952943,3
30770612406985,-0.33020952,9.059227,3.9481573,3
30770614785891,-0.3062813,9.068798,3.9433718,3
30770617164797,-0.29671,9.044869,3.9338005,3
30770619543756,-0.27756742,9.025727,3.9481573,3
30770621922662,-0.28235307,9.006584,3.9577286,3
30770624301568,-0.27756742,9.035298,3.952943,3
30770626680527,-0.26799613,9.049655,3.9673,3
30770629059433,-0.25842485,9.035298,3.9720855,3
30770631438339,-0.2536392,9.01137,3.9577286,3
30770633817297,-0.25842485,9.006584,3.9720855,3
30770636196204,-0.22971097,9.025727,3.9768713,3
30770638575110,-0.24885355,9.025727,3.9768713,3
30770640954068,-0.24885355,9.016156,3.9625144,3
30770643332974,-0.2536392,9.001799,3.9768713,3
30770645711881,-0.24885355,9.016156,3.9481573,3
30770648090839,-0.24885355,9.030513,3.952943,3
30770650469745,-0.2727818,9.020942,3.9720855,3
30770652848652,-0.28713873,9.025727,3.9816568,3
30770655227610,-0.28235307,9.016156,3.9720855,3
30770657606516,-0.26799613,9.020942,3.952943,3
30770659985422,-0.27756742,9.020942,3.9577286,3
30770662364381,-0.29192436,9.040084,3.9673,3
30770664743287,-0.3062813,9.044869,3.991228,3
30770667122193,-0.31106696,9.044869,3.9816568,3
30770669501152,-0.29671,9.035298,3.9864426,3
30770671880058,-0.31585258,9.025727,3.9960139,3
30770674258964,-0.29671,9.01137,3.9864426,3
30770676637922,-0.3062813,8.987442,3.991228,3
30770679016829,-0.31106696,8.997013,3.9864426,3
30770681395735,-0.29192436,9.001799,3.9768713,3
30770683774693,-0.26799613,9.006584,3.9864426,3
30770686153599,-0.2727818,9.016156,3.9960139,3
30770688532506,-0.2536392,9.025727,3.9720855,3
30770690911464,-0.19142582,9.020942,3.9673,3
30770693290370,-0.17228323,9.030513,3.9673,3
30770695669277,-0.16271193,9.035298,3.991228,3
30770698048235,-0.13399807,9.035298,4.0007997,3
30770700427141,-0.11485548,9.025727,3.9768713,3
30770702806047,-0.08135597,9.020942,3.9673,3
30770705185006,-0.07178468,9.006584,3.9673,3
30770707563912,-0.07178468,9.006584,3.9625144,3
30770709942818,-0.08135597,9.025727,3.952943,3
30770712321777,-0.10049855,9.016156,3.9673,3
30770714700683,-0.1052842,9.030513,3.952943,3
30770717079589,-0.14356937,9.035298,3.952943,3
30770719458495,-0.15314065,9.001799,3.952943,3
30770721837454,-0.21535404,8.997013,3.9433718,3
30770724216360,-0.2440679,9.006584,3.9338005,3
30770726595318,-0.2536392,9.044869,3.9338005,3
30770728974224,-0.13399807,9.145369,3.8763726,3
30770731353027,0.0047856453,8.9826565,3.7854455,3
30770733732089,-0.033499517,8.963513,3.9577286,3
30770736110995,-0.13399807,9.078369,4.0534415,3
30770738489902,-0.19621146,9.068798,4.1204405,3
30770740868860,-0.25842485,8.949157,4.024728,3
30770743247766,-0.36370903,9.08794,3.8907297,3
30770745626672,-0.39720857,9.135797,3.804588,3
30770748005631,-0.44027936,9.049655,3.8285162,3
30770750384537,-0.5024927,9.016156,3.9242291,3
30770752763443,-0.526421,9.08794,4.0438704,3
30770755142402,-0.53599226,9.068798,4.0773697,3
30770757521308,-0.5024927,9.049655,4.034299,3
30770759900214,-0.4642076,9.12144,3.9194436,3
30770762279172,-0.3924229,9.111869,3.8524444,3
30770764658079,-0.31585258,9.064013,3.8572302,3
30770767036985,-0.2632105,9.064013,3.9194436,3
30770769415943,-0.17706887,9.078369,4.0007997,3
30770771794849,-0.1052842,9.035298,4.0151563,3
30770774173756,-0.0526421,9.025727,3.9625144,3
30770776552714,-0.023928227,9.064013,3.885944,3
30770778931620,-0.0047856453,9.049655,3.804588,3
30770781310527,0.02871387,9.040084,3.8093736,3
30770783689485,0.019142581,9.044869,3.8811584,3
30770786068391,-0.019142581,9.049655,3.9625144,3
30770788447297,-0.062213387,9.035298,3.9960139,3
30770790826204,-0.11485548,9.025727,3.9433718,3
30770793205162,-0.18185452,9.035298,3.900301,3
30770795584068,-0.23449662,9.016156,3.8572302,3
30770797962974,-0.3062813,9.006584,3.8668015,3
30770800341933,-0.37328035,9.040084,3.9242291,3
30770802720839,-0.41156548,9.020942,3.9720855,3
30770805099797,-0.45942193,9.020942,3.9864426,3
30770807478704,-0.47377887,9.035298,3.9673,3
30770809857558,-0.47856453,9.049655,3.9290147,3
30770812236568,-0.47856453,9.064013,3.885944,3
30770814615474,-0.44985065,9.044869,3.8955152,3
30770816994381,-0.40677986,9.044869,3.9290147,3
30770819373339,-0.34456646,9.049655,3.9720855,3
30770821752245,-0.25842485,9.044869,3.9768713,3
30770824131152,-0.19621146,9.064013,3.9673,3
30770826510110,-0.13878371,9.059227,3.9290147,3
30770828889016,-0.086141616,9.059227,3.9098723,3
30770831267922,-0.05742774,9.059227,3.8955152,3
30770833646881,-0.009571291,9.064013,3.9194436,3
30770836025787,-0.014356935,9.049655,3.9625144,3
30770838404693,-0.014356935,9.044869,3.9625144,3
30770840783652,-0.019142581,9.059227,3.952943,3
30770843162558,-0.033499517,9.059227,3.9242291,3
30770845541464,-0.09092726,9.059227,3.8955152,3
30770847920422,-0.13878371,9.044869,3.9050865,3
30770850299329,-0.18664017,9.0544405,3.952943,3
30770852678235,-0.23449662,9.040084,3.9720855,3
30770855057193,-0.29671,9.044869,3.9720855,3
30770857436047,-0.33499518,9.030513,3.9577286,3
30770859815006,-0.3684947,9.035298,3.9242291,3
30770862193964,-0.41156548,9.044869,3.9146578,3
30770864572870,-0.41635114,9.049655,3.9242291,3
30770866951777,-0.39720857,9.035298,3.9433718,3
30770869330683,-0.37328035,9.020942,3.9481573,3
30770871709641,-0.32542387,9.040084,3.9433718,3
30770874088547,-0.31585258,9.064013,3.9290147,3
30770876467506,-0.2727818,9.059227,3.9242291,3
30770878846412,-0.20578274,9.068798,3.9146578,3
30770881225318,-0.14356937,9.0544405,3.9050865,3
30770883604277,-0.124426775,9.035298,3.9146578,3
30770885983183,-0.06699903,9.040084,3.938586,3
30770888362089,-0.033499517,9.064013,3.9433718,3
30770890741047,-0.043070808,9.064013,3.9433718,3
30770893119954,-0.038285162,9.059227,3.9098723,3
30770895498860,-0.0526421,9.068798,3.9194436,3
30770897877766,-0.0526421,9.073584,3.9146578,3
30770900256724,-0.086141616,9.044869,3.9098723,3
30770902635631,-0.148355,9.0544405,3.9290147,3
30770905014589,-0.16749759,9.044869,3.9290147,3
30770907393495,-0.22971097,9.040084,3.9194436,3
30770909772402,-0.28235307,9.030513,3.9338005,3
30770912151360,-0.3062813,9.049655,3.9481573,3
30770914530266,-0.33499518,9.059227,3.9194436,3
30770916909172,-0.34456646,9.0544405,3.9146578,3
30770919288079,-0.36370903,9.040084,3.9242291,3
30770921667037,-0.3684947,9.030513,3.938586,3
30770924045943,-0.35413775,9.035298,3.938586,3
30770926424902,-0.33020952,9.0544405,3.9194436,3
30770928803808,-0.3062813,9.0544405,3.9242291,3
30770931182662,-0.2727818,9.0544405,3.9050865,3
30770933561672,-0.23928227,9.044869,3.9146578,3
30770935940579,-0.19621146,9.030513,3.9338005,3
30770938319485,-0.17228323,9.044869,3.9194436,3
30770940698443,-0.14356937,9.059227,3.9050865,3
30770943077349,-0.1052842,9.068798,3.900301,3
30770945456256,-0.1052842,9.049655,3.8955152,3
30770947835214,-0.086141616,9.0544405,3.8907297,3
30770950214120,-0.076570325,9.064013,3.9146578,3
30770952593027,-0.08135597,9.083155,3.9194436,3
30770954971985,-0.10049855,9.073584,3.9194436,3
30770957350891,-0.11485548,9.092726,3.9146578,3
30770959729797,-0.13878371,9.107083,3.9098723,3
30770962108756,-0.17706887,9.08794,3.9194436,3
30770964487662,-0.22013968,9.08794,3.9242291,3
30770966866568,-0.25842485,9.068798,3.900301,3
30770969245527,-0.28713873,9.049655,3.9098723,3
30770971624433,-0.29192436,9.068798,3.9146578,3
30770974003287,-0.29192436,9.092726,3.9194436,3
30770976382297,-0.31585258,9.078369,3.9050865,3
30770978761204,-0.3062813,9.049655,3.9098723,3
30770981140110,-0.3062813,9.059227,3.8907297,3
30770983519068,-0.27756742,9.064013,3.900301,3
30770985897974,-0.2536392,9.049655,3.8955152,3
30770988276881,-0.22013968,9.073584,3.8955152,3
30770990655839,-0.2009971,9.049655,3.8811584,3
30770993034745,-0.18664017,9.035298,3.8811584,3
30770995413652,-0.16271193,9.0544405,3.8763726,3
30770997792610,-0.16749759,9.040084,3.885944,3
30771000171516,-0.16749759,9.035298,3.885944,3
30771002550422,-0.15792629,9.016156,3.8955152,3
30771004929381,-0.17706887,9.035298,3.8955152,3
30771007308287,-0.18664017,9.049655,3.885944,3
30771009687193,-0.18185452,9.068798,3.8811584,3
30771012066152,-0.19621146,9.073584,3.8811584,3
30771014445058,-0.18185452,9.059227,3.885944,3
30771016823964,-0.22013968,9.064013,3.885944,3
30771019202922,-0.23928227,9.049655,3.8811584,3
30771021581829,-0.24885355,9.059227,3.8907297,3
30771023960735,-0.2440679,9.040084,3.8907297,3
30771026339693,-0.2536392,9.059227,3.8763726,3
30771028718599,-0.24885355,9.059227,3.8811584,3
30771031097558,-0.22971097,9.064013,3.8763726,3
30771033476464,-0.2105684,9.078369,3.8811584,3
30771035855370,-0.19621146,9.097511,3.8668015,3
30771038234329,-0.18185452,9.078369,3.871587,3
30771040613235,-0.14356937,9.064013,3.8620157,3
30771042992141,-0.148355,9.049655,3.8668015,3
30771045371047,-0.14356937,9.068798,3.8572302,3
30771047750006,-0.13878371,9.059227,3.8572302,3
30771050128912,-0.13399807,9.068798,3.8572302,3
30771052507870,-0.12921242,9.068798,3.8620157,3
30771054886777,-0.13878371,9.078369,3.8763726,3
30771057265683,-0.148355,9.068798,3.871587,3
30771059644589,-0.16271193,9.092726,3.871587,3
30771062023547,-0.16749759,9.068798,3.8811584,3
30771064402454,-0.19142582,9.064013,3.8955152,3
30771066781360,-0.20578274,9.0544405,3.9050865,3
30771069160318,-0.23449662,9.064013,3.8907297,3
30771071539224,-0.22013968,9.068798,3.8763726,3
30771073918183,-0.25842485,9.064013,3.8763726,3
30771076297089,-0.2727818,9.049655,3.8907297,3
30771078675995,-0.2727818,9.049655,3.9050865,3
30771081054902,-0.28235307,9.059227,3.9146578,3
30771083433860,-0.27756742,9.078369,3.9146578,3
30771085812766,-0.25842485,9.064013,3.900301,3
30771088191724,-0.23449662,9.068798,3.871587,3
30771090570631,-0.22013968,9.073584,3.8811584,3
30771092949537,-0.18185452,9.073584,3.8811584,3
30771095328443,-0.18664017,9.073584,3.871587,3
30771097707402,-0.15792629,9.073584,3.871587,3
30771100086308,-0.15314065,9.073584,3.8763726,3
30771102465266,-0.13878371,9.08794,3.871587,3
30771104844172,-0.124426775,9.078369,3.8572302,3
30771107223079,-0.1052842,9.0544405,3.871587,3
30771109602037,-0.10049855,9.078369,3.8811584,3
30771111980943,-0.076570325,9.0544405,3.900301,3
30771114359849,-0.086141616,9.044869,3.8907297,3
30771116738808,-0.11485548,9.0544405,3.8811584,3
30771119117714,-0.12921242,9.064013,3.885944,3
30771121496620,-0.16271193,9.064013,3.8907297,3
30771123875579,-0.17706887,9.068798,3.8907297,3
30771126254485,-0.18664017,9.073584,3.885944,3
30771128633391,-0.19142582,9.073584,3.8955152,3
30771131012349,-0.19621146,9.102298,3.9050865,3
30771133391256,-0.21535404,9.102298,3.9050865,3
30771135770162,-0.2105684,9.092726,3.8907297,3
30771138149120,-0.22971097,9.068798,3.8907297,3
30771140528027,-0.22971097,9.044869,3.885944,3
30771142906933,-0.2105684,9.044869,3.8955152,3
30771145285839,-0.20578274,9.044869,3.8955152,3
30771147664797,-0.17706887,9.0544405,3.885944,3
30771150043704,-0.18185452,9.064013,3.885944,3
30771152422662,-0.16271193,9.068798,3.8907297,3
30771154801568,-0.14356937,9.064013,3.900301,3
30771157180474,-0.13399807,9.064013,3.9098723,3
30771159559433,-0.124426775,9.044869,3.8907297,3
30771161938339,-0.13399807,9.0544405,3.885944,3
30771164317245,-0.11964113,9.068798,3.900301,3
30771166696204,-0.13399807,9.044869,3.8955152,3
30771169075110,-0.124426775,9.044869,3.8811584,3
30771171454016,-0.13399807,9.035298,3.8955152,3
30771173832974,-0.12921242,9.0544405,3.8955152,3
30771176211881,-0.14356937,9.0544405,3.885944,3
30771178590787,-0.16271193,9.040084,3.8955152,3
30771180969745,-0.18185452,9.049655,3.9098723,3
30771183348652,-0.17228323,9.044869,3.9194436,3
30771185727558,-0.2105684,9.040084,3.9146578,3
30771188106516,-0.22013968,9.040084,3.9146578,3
30771190485422,-0.23449662,9.040084,3.938586,3
30771192864329,-0.2632105,9.0544405,3.9433718,3
30771195243287,-0.27756742,9.0544405,3.952943,3
30771197622193,-0.26799613,9.049655,3.9481573,3
30771200001099,-0.24885355,9.040084,3.9242291,3
30771202380058,-0.21535404,9.040084,3.9433718,3
30771204758964,-0.2105684,9.044869,3.9481573,3
30771207137870,-0.18185452,9.040084,3.9481573,3
30771209516829,-0.18185452,9.040084,3.9290147,3
30771211895735,-0.15314065,9.0544405,3.938586,3
30771214274693,-0.13878371,9.040084,3.9242291,3
30771216653599,-0.13399807,9.030513,3.9338005,3
30771219032506,-0.11485548,9.020942,3.9242291,3
30771221411464,-0.11006984,9.049655,3.9242291,3
30771223790370,-0.13878371,9.049655,3.9098723,3
30771226169277,-0.15314065,9.059227,3.9242291,3
30771228548235,-0.15314065,9.0544405,3.938586,3
30771230927141,-0.16271193,9.064013,3.9481573,3
30771233306047,-0.16271193,9.035298,3.9338005,3
30771235684954,-0.17706887,9.044869,3.9433718,3
30771238063860,-0.18185452,9.040084,3.9338005,3
30771240442766,-0.17706887,9.040084,3.952943,3
30771242821777,-0.2105684,9.044869,3.9433718,3
30771245200683,-0.21535404,9.064013,3.952943,3
30771247579589,-0.21535404,9.078369,3.9481573,3
30771249958547,-0.22492532,9.059227,3.9338005,3
30771252337454,-0.2105684,9.049655,3.9242291,3
30771254716360,-0.22013968,9.059227,3.9338005,3
30771257095318,-0.20578274,9.068798,3.9242291,3
30771259474172,-0.18664017,9.059227,3.9338005,3
30771261853131,-0.18185452,9.064013,3.9338005,3
30771264232089,-0.17228323,9.0544405,3.9433718,3
30771266610995,-0.16749759,9.044869,3.9433718,3
30771268989902,-0.15314065,9.059227,3.9194436,3
30771271368860,-0.13878371,9.049655,3.9194436,3
30771273747766,-0.12921242,9.059227,3.9194436,3
30771276126672,-0.11485548,9.059227,3.9242291,3
30771278505631,-0.11485548,9.059227,3.9194436,3
30771280884537,-0.1052842,9.040084,3.900301,3
30771283263443,-0.11964113,9.030513,3.9098723,3
30771285642402,-0.12921242,9.044869,3.9098723,3
30771288021308,-0.11485548,9.035298,3.9242291,3
30771290400214,-0.124426775,9.049655,3.938586,3
30771292779172,-0.12921242,9.049655,3.9338005,3
30771295158079,-0.16271193,9.044869,3.9146578,3
30771297536985,-0.16271193,9.068798,3.9050865,3
30771299915943,-0.17228323,9.044869,3.8907297,3
30771302294849,-0.16271193,9.059227,3.885944,3
30771304673756,-0.16749759,9.049655,3.885944,3
30771307052714,-0.18185452,9.035298,3.8763726,3
30771309431620,-0.19142582,9.030513,3.8811584,3
30771311810527,-0.19142582,9.044869,3.900301,3
30771314189485,-0.15792629,9.0544405,3.885944,3
30771316568391,-0.16271193,9.059227,3.8955152,3
30771318947297,-0.16271193,9.068798,3.8907297,3
30771321326256,-0.148355,9.059227,3.9098723,3
30771323705162,-0.16749759,9.0544405,3.9194436,3
30771326084120,-0.17228323,9.035298,3.9242291,3
30771328463027,-0.15314065,9.030513,3.9338005,3
30771330841933,-0.15792629,9.049655,3.9194436,3
30771333220891,-0.16749759,9.044869,3.9194436,3
30771335599797,-0.17228323,9.049655,3.9146578,3
30771337978704,-0.17706887,9.040084,3.9242291,3
30771340357662,-0.19621146,9.044869,3.9290147,3
30771342736516,-0.17706887,9.064013,3.9194436,3
30771345115474,-0.17706887,9.073584,3.9338005,3
30771347494433,-0.17228323,9.049655,3.9242291,3
30771349873339,-0.18664017,9.016156,3.9098723,3
30771352252245,-0.17228323,9.0544405,3.8955152,3
30771354631204,-0.15314065,9.0544405,3.8955152,3
30771357010110,-0.17706887,9.059227,3.9194436,3
30771359389016,-0.17706887,9.0544405,3.9194436,3
30771361767974,-0.16749759,9.068798,3.900301,3
30771364146881,-0.15792629,9.083155,3.9146578,3
30771366525787,-0.15314065,9.064013,3.900301,3
30771368904745,-0.10049855,9.064013,3.9050865,3
30771371283652,-0.124426775,9.078369,3.9050865,3
30771373662558,-0.13878371,9.064013,3.8907297,3
30771376041516,-0.14356937,9.059227,3.8955152,3
30771378420422,-0.12921242,9.092726,3.9098723,3
30771380799329,-0.13399807,9.092726,3.885944,3
30771383178287,-0.13399807,9.083155,3.8955152,3
30771385557193,-0.15792629,9.064013,3.9194436,3
30771387936152,-0.14356937,9.078369,3.9098723,3
30771390315058,-0.148355,9.035298,3.900301,3
30771392693964,-0.15314065,9.030513,3.900301,3
30771395072870,-0.16749759,9.049655,3.9098723,3
30771397451829,-0.18664017,9.049655,3.900301,3
30771399830735,-0.18185452,9.059227,3.9146578,3
30771402209641,-0.16749759,9.059227,3.9146578,3
30771404588599,-0.16271193,9.0544405,3.9098723,3
30771406967506,-0.148355,9.059227,3.9098723,3
30771409346412,-0.15314065,9.044869,3.9050865,3
30771411725370,-0.13878371,9.064013,3.9098723,3
30771414104277,-0.16271193,9.064013,3.900301,3
30771416483235,-0.148355,9.049655,3.8955152,3
30771418862141,-0.13878371,9.059227,3.885944,3
30771421241047,-0.11964113,9.064013,3.9050865,3
30771423620006,-0.12921242,9.068798,3.9194436,3
30771425998912,-0.11964113,9.0544405,3.8955152,3
30771428377818,-0.13399807,9.040084,3.8907297,3
30771430756724,-0.11485548,9.030513,3.8907297,3
30771433135683,-0.10049855,9.040084,3.9098723,3
30771435514589,-0.1052842,9.064013,3.9146578,3
30771437893547,-0.148355,9.044869,3.9242291,3
30771440272454,-0.13399807,9.040084,3.9242291,3
30771442651360,-0.16271193,9.030513,3.9146578,3
30771445030266,-0.17706887,9.049655,3.900301,3
30771447409224,-0.16749759,9.016156,3.9050865,3
30771449788131,-0.148355,9.030513,3.8955152,3
30771452167037,-0.2105684,9.049655,3.790231,3
30771454545995,-0.31585258,9.068798,3.7328033,3
30771456924902,-0.45942193,9.040084,3.7663028,3
30771459303860,-0.66999036,9.01137,3.9146578,3
30771461682766,-0.8470592,9.044869,4.058227,3
30771464061672,-0.9619147,9.078369,4.1108694,3
30771466440631,-0.9810573,9.044869,4.0151563,3
30771468819537,-0.9236295,9.078369,3.900301,3
30771471198443,-0.80877405,9.097511,3.8620157,3
30771473577402,-0.6029913,9.073584,3.8524444,3
30771475956308,-0.4019942,9.040084,3.8955152,3
30771478335266,-0.2009971,9.068798,3.9625144,3
30771480714172,0.043070808,9.059227,3.9577286,3
30771483093079,0.26799613,9.030513,3.8811584,3
30771485472037,0.49292147,9.035298,3.8093736,3
30771487850891,0.7178468,9.030513,3.7950168,3
30771490229849,0.8662018,9.049655,3.8093736,3
30771492608808,0.971486,9.030513,3.8572302,3
30771494987714,1.0049855,9.025727,3.9146578,3
30771497366620,0.94277215,9.040084,3.9290147,3
30771499745579,0.7896315,9.064013,3.8907297,3
30771502124485,0.6221339,9.083155,3.8620157,3
30771504503391,0.3924229,9.102298,3.8141594,3
30771506882349,0.14356937,9.083155,3.8380876,3
30771509261256,-0.08135597,9.083155,3.885944,3
30771511640162,-0.26799613,9.111869,3.9338005,3
30771514019120,-0.46899325,9.08794,3.952943,3
30771516398027,-0.57427746,9.097511,3.9481573,3
30771518776933,-0.6125626,9.097511,3.9146578,3
30771521155891,-0.6029913,9.111869,3.8620157,3
30771523534797,-0.57427746,9.107083,3.8572302,3
30771525913704,-0.4977071,9.068798,3.8955152,3
30771528292662,-0.39720857,9.064013,3.9146578,3
30771530671568,-0.26799613,9.035298,3.9290147,3
30771533050474,-0.15314065,9.030513,3.938586,3
30771535429433,-0.038285162,9.049655,3.9194436,3
30771537808339,0.076570325,9.0544405,3.8763726,3
30771540187245,0.14356937,9.0544405,3.8668015,3
30771542566204,0.17228323,9.0544405,3.900301,3
30771544945110,0.18664017,9.040084,3.9098723,3
30771547324016,0.17706887,9.025727,3.9194436,3
30771549702974,0.15792629,9.030513,3.9194436,3
30771552081881,0.10049855,9.035298,3.8955152,3
30771554460787,0.038285162,9.030513,3.9050865,3
30771556839745,-0.047856454,9.035298,3.8955152,3
30771559218652,-0.15792629,9.035298,3.9242291,3
30771561597558,-0.23928227,9.059227,3.9433718,3
30771563976516,-0.31585258,9.064013,3.9481573,3
30771566355422,-0.3684947,9.0544405,3.9290147,3
30771568734381,-0.43070808,9.059227,3.9338005,3
30771571113287,-0.44506502,9.073584,3.9290147,3
30771573492193,-0.4642076,9.078369,3.9433718,3
30771575871152,-0.45942193,9.068798,3.952943,3
30771578250058,-0.44506502,9.059227,3.9481573,3
30771580628964,-0.38763726,9.073584,3.9577286,3
30771583007922,-0.32063824,9.064013,3.9194436,3
30771585386829,-0.22971097,9.068798,3.9146578,3
30771587765683,-0.15314065,9.083155,3.9050865,3
30771590144693,-0.076570325,9.078369,3.8955152,3
30771592523599,0.009571291,9.08794,3.9098723,3
30771594902506,0.09571291,9.059227,3.9146578,3
30771597281464,0.14356937,9.049655,3.9050865,3
30771599660370,0.148355,9.078369,3.900301,3
30771602039277,0.12921242,9.078369,3.8955152,3
30771604418235,0.11964113,9.068798,3.8955152,3
30771606797141,0.06699903,9.073584,3.900301,3
30771609176047,-0.014356935,9.068798,3.885944,3
30771611555006,-0.09092726,9.068798,3.8763726,3
30771613933912,-0.18664017,9.083155,3.8907297,3
30771616312818,-0.24885355,9.064013,3.8811584,3
30771618691777,-0.31585258,9.059227,3.8668015,3
30771621070683,-0.3589234,9.073584,3.8811584,3
30771623449641,-0.4354937,9.097511,3.8811584,3
30771625828547,-0.45942193,9.08794,3.8955152,3
30771628207454,-0.44506502,9.092726,3.8763726,3
30771630586412,-0.40677986,9.078369,3.8668015,3
30771632965318,-0.38763726,9.068798,3.8572302,3
30771635344224,-0.3397808,9.064013,3.8763726,3
30771637723183,-0.22971097,9.068798,3.8620157,3
30771640102089,-0.148355,9.073584,3.8620157,3
30771642480995,-0.06699903,9.078369,3.8763726,3
30771644859954,0.0047856453,9.078369,3.8524444,3
30771647238860,0.07178468,9.078369,3.8524444,3
30771649617766,0.10049855,9.068798,3.8524444,3
30771651996724,0.13399807,9.078369,3.8333018,3
30771654375631,0.148355,9.0544405,3.8524444,3
30771656754537,0.11964113,9.073584,3.8476589,3
30771659133495,0.09092726,9.08794,3.8524444,3
30771661512402,0.014356935,9.08794,3.8620157,3
30771663891308,-0.02871387,9.068798,3.8620157,3
30771666270266,-0.08135597,9.078369,3.8572302,3
30771668649172,-0.15792629,9.083155,3.8572302,3
30771671028079,-0.19142582,9.092726,3.8620157,3
30771673407037,-0.23449662,9.092726,3.8620157,3
30771675785943,-0.26799613,9.097511,3.8620157,3
30771678164849,-0.29192436,9.092726,3.8763726,3
30771680543808,-0.28713873,9.097511,3.8524444,3
30771682922714,-0.24885355,9.08794,3.871587,3
30771685301620,-0.2440679,9.078369,3.8668015,3
30771687680579,-0.19621146,9.08794,3.8572302,3
30771690059485,-0.18185452,9.08794,3.8380876,3
30771692438443,-0.11485548,9.107083,3.8476589,3
30771694817349,-0.086141616,9.08794,3.8380876,3
30771697196256,-0.07178468,9.073584,3.842873,3
30771699575214,-0.043070808,9.092726,3.8524444,3
30771701954120,-0.023928227,9.068798,3.842873,3
30771704333027,-0.043070808,9.073584,3.8476589,3
30771706711985,-0.019142581,9.078369,3.8620157,3
30771709090891,-0.023928227,9.073584,3.8524444,3
30771711469797,-0.033499517,9.064013,3.8572302,3
30771713848756,-0.07178468,9.073584,3.8572302,3
30771716227662,-0.11485548,9.059227,3.8620157,3
30771718606568,-0.11485548,9.064013,3.871587,3
30771720985527,-0.15314065,9.078369,3.8668015,3
30771723364433,-0.19621146,9.068798,3.8668015,3
30771725743339,-0.19621146,9.064013,3.8907297,3
30771728122297,-0.2440679,9.049655,3.8811584,3
30771730501204,-0.24885355,9.040084,3.8907297,3
30771732880110,-0.23928227,9.068798,3.8907297,3
30771735259068,-0.24885355,9.064013,3.885944,3
30771737637974,-0.24885355,9.0544405,3.8955152,3
30771740016933,-0.22013968,9.0544405,3.9098723,3
30771742395839,-0.21535404,9.0544405,3.9242291,3
30771744774745,-0.18185452,9.020942,3.9146578,3
30771747153704,-0.17706887,9.035298,3.9146578,3
30771749532610,-0.17706887,9.035298,3.9194436,3
30771751911516,-0.15792629,9.0544405,3.9194436,3
30771754290474,-0.14356937,9.059227,3.9242291,3
30771756669381,-0.124426775,9.044869,3.9242291,3
30771759048287,-0.1052842,9.025727,3.9290147,3
30771761427245,-0.12921242,9.016156,3.9290147,3
30771763806152,-0.11964113,9.035298,3.9433718,3
30771766185058,-0.13878371,9.044869,3.9242291,3
30771768564016,-0.12921242,9.073584,3.9338005,3
30771770942922,-0.16749759,9.064013,3.9290147,3
30771773321881,-0.18664017,9.0544405,3.9338005,3
30771775700787,-0.20578274,9.049655,3.9290147,3
30771778079693,-0.22971097,9.040084,3.9481573,3
30771780458652,-0.22971097,9.044869,3.9577286,3
30771782837506,-0.23928227,9.0544405,3.9673,3
30771785216464,-0.25842485,9.035298,3.9625144,3
30771787595422,-0.2536392,9.035298,3.9433718,3
30771789974329,-0.2632105,9.040084,3.9433718,3
30771792353235,-0.24885355,9.040084,3.952943,3
30771794732193,-0.19621146,9.030513,3.9433718,3
30771797111099,-0.2009971,9.030513,3.9481573,3
30771799490006,-0.16271193,9.030513,3.9433718,3
30771801868964,-0.14356937,9.030513,3.9433718,3
30771804247870,-0.13399807,9.020942,3.9433718,3
30771806626777,-0.14356937,9.025727,3.9577286,3
30771809005735,-0.11006984,9.035298,3.9768713,3
30771811384641,-0.11006984,9.030513,3.9673,3
30771813763547,-0.11485548,9.025727,3.952943,3
30771816142506,-0.124426775,9.040084,3.9481573,3
30771818521412,-0.124426775,9.0544405,3.9433718,3
30771820900318,-0.13399807,9.068798,3.9577286,3
30771823279277,-0.14356937,9.049655,3.9673,3
30771825658183,-0.13878371,9.035298,3.9720855,3
30771828037089,-0.17228323,9.040084,3.9625144,3
30771830416047,-0.17706887,9.049655,3.9768713,3
30771832794954,-0.22492532,9.044869,3.9673,3
30771835173912,-0.22971097,9.044869,3.9673,3
30771837552818,-0.23928227,9.044869,3.9625144,3
30771839931724,-0.25842485,9.068798,3.9577286,3
30771842310683,-0.23928227,9.049655,3.9481573,3
30771844689589,-0.24885355,9.025727,3.938586,3
30771847068495,-0.22013968,9.030513,3.9481573,3
30771849447454,-0.22492532,9.020942,3.9577286,3
30771851826360,-0.2105684,9.040084,3.952943,3
30771854205266,-0.20578274,9.044869,3.9433718,3
30771856584224,-0.2009971,9.030513,3.938586,3
30771858963131,-0.19142582,9.035298,3.9290147,3
30771861342037,-0.17706887,9.025727,3.9433718,3
30771863720995,-0.16749759,9.044869,3.9481573,3
30771866099902,-0.17706887,9.044869,3.9338005,3
30771868478756,-0.15792629,9.0544405,3.9481573,3
30771870857766,-0.16271193,9.049655,3.9433718,3
30771873236672,-0.15314065,9.064013,3.938586,3
30771875615579,-0.15314065,9.073584,3.938586,3
30771877994537,-0.16749759,9.064013,3.9290147,3
30771880373443,-0.16749759,9.0544405,3.9290147,3
30771882752402,-0.16749759,9.059227,3.938586,3
30771885131256,-0.1052842,9.049655,3.9290147,3
30771887510214,-0.062213387,9.044869,3.9146578,3
30771889889172,-0.038285162,9.020942,3.9098723,3
30771892268079,-0.02871387,9.049655,3.9098723,3
30771894646985,-0.05742774,9.040084,3.9194436,3
30771897025943,-0.1052842,9.035298,3.938586,3
30771899404849,-0.11964113,9.030513,3.9338005,3
30771901783756,-0.13399807,9.040084,3.9290147,3
30771904162714,-0.15792629,9.040084,3.9290147,3
30771906541620,-0.16749759,9.049655,3.9194436,3
30771908920527,-0.19621146,9.049655,3.900301,3
30771911299485,-0.22013968,9.044869,3.900301,3
30771913678391,-0.22492532,9.025727,3.9242291,3
30771916057297,-0.22492532,9.040084,3.9194436,3
30771918436256,-0.23928227,9.040084,3.9242291,3
30771920815162,-0.23449662,9.049655,3.9050865,3
30771923194068,-0.18664017,9.059227,3.900301,3
30771925573027,-0.15314065,9.064013,3.9050865,3
30771927951933,-0.148355,9.044869,3.9050865,3
30771930330891,-0.124426775,9.040084,3.8955152,3
30771932709797,-0.09092726,9.044869,3.9050865,3
30771935088704,-0.07178468,9.049655,3.9050865,3
30771937467662,-0.043070808,9.059227,3.9194436,3
30771939846568,-0.062213387,9.059227,3.9146578,3
30771942225474,-0.09092726,9.059227,3.9146578,3
30771944604433,-0.09092726,9.073584,3.9098723,3
30771946983339,-0.086141616,9.064013,3.9242291,3
30771949362245,-0.09571291,9.064013,3.9194436,3
30771951741204,-0.11964113,9.0544405,3.9098723,3
30771954120110,-0.124426775,9.059227,3.9242291,3
30771956499016,-0.15314065,9.059227,3.9098723,3
30771958877974,-0.148355,9.035298,3.9242291,3
30771961256881,-0.17228323,9.049655,3.9098723,3
30771963635787,-0.18185452,9.040084,3.9098723,3
30771966014745,-0.18664017,9.044869,3.9146578,3
30771968393652,-0.17706887,9.059227,3.9194436,3
30771970772610,-0.18185452,9.035298,3.9050865,3
30771973151516,-0.17706887,9.035298,3.8955152,3
30771975530422,-0.19142582,9.0544405,3.9050865,3
30771977909381,-0.17706887,9.049655,3.9050865,3
30771980288287,-0.15314065,9.040084,3.8955152,3
30771982667193,-0.148355,9.049655,3.900301,3
30771985046152,-0.16749759,9.035298,3.9050865,3
30771987425058,-0.18185452,9.049655,3.9242291,3
30771989803964,-0.15314065,9.059227,3.9050865,3
30771992182922,-0.16749759,9.0544405,3.8907297,3
30771994561829,-0.14356937,9.049655,3.8955152,3
30771996940735,-0.12921242,9.0544405,3.900301,3
30771999319693,-0.12921242,9.049655,3.885944,3
30772001698599,-0.11006984,9.020942,3.8955152,3
30772004077506,-0.11006984,9.035298,3.8955152,3
30772006456464,-0.06699903,9.059227,3.9098723,3
30772008835370,-0.05742774,9.073584,3.900301,3
30772011214329,-0.047856454,9.068798,3.9146578,3
30772013593235,-0.06699903,9.040084,3.8811584,3
30772015972141,-0.09571291,9.025727,3.9050865,3
30772018351099,-0.09092726,9.030513,3.8955152,3
30772020730006,-0.1052842,9.049655,3.9146578,3
30772023108912,-0.124426775,9.030513,3.9050865,3
30772025487870,-0.124426775,9.035298,3.8955152,3
30772027866777,-0.15314065,9.064013,3.9050865,3
30772030245683,-0.14356937,9.068798,3.9098723,3
30772032624641,-0.148355,9.059227,3.8955152,3
30772035003547,-0.16749759,9.064013,3.8907297,3
30772037382454,-0.16271193,9.049655,3.900301,3
30772039761412,-0.15792629,9.049655,3.885944,3
30772042140318,-0.15792629,9.059227,3.871587,3
30772044519224,-0.13878371,9.083155,3.8763726,3
30772046898183,-0.148355,9.064013,3.8955152,3
30772049277089,-0.11485548,9.044869,3.9050865,3
30772051656047,-0.11964113,9.044869,3.900301,3
30772054034954,-0.11964113,9.059227,3.885944,3
30772056413860,-0.13399807,9.073584,3.8907297,3
30772058792818,-0.14356937,9.064013,3.885944,3
30772061171724,-0.15314065,9.0544405,3.900301,3
30772063550631,-0.13399807,9.059227,3.8955152,3
30772065929537,-0.16271193,9.064013,3.8811584,3
30772068308495,-0.16271193,9.073584,3.9050865,3
30772070687402,-0.15314065,9.064013,3.9050865,3
30772073066360,-0.15314065,9.049655,3.9050865,3
30772075445266,-0.16749759,9.068798,3.8811584,3
30772077824224,-0.18185452,9.044869,3.8763726,3
30772080203131,-0.18664017,9.035298,3.8763726,3
30772082582037,-0.19142582,9.068798,3.8955152,3
30772084960943,-0.16749759,9.083155,3.9050865,3
30772087339902,-0.17228323,9.073584,3.900301,3
30772089718808,-0.16749759,9.073584,3.8955152,3
30772092097766,-0.17228323,9.107083,3.9050865,3
30772094476672,-0.19621146,9.126225,3.9050865,3
30772096855579,-0.17228323,9.111869,3.9050865,3
30772099234537,-0.15792629,9.097511,3.885944,3
30772101613443,-0.13399807,9.078369,3.871587,3
30772103992349,-0.11006984,9.078369,3.8572302,3
30772106371308,-0.09092726,9.073584,3.8524444,3
30772108750214,-0.08135597,9.08794,3.8524444,3
30772111129120,-0.0526421,9.083155,3.8380876,3
30772113508027,-0.02871387,9.078369,3.842873,3
30772115886985,-0.023928227,9.078369,3.8524444,3
30772118265943,-0.038285162,9.092726,3.8763726,3
30772120644849,-0.047856454,9.097511,3.8811584,3
30772123023756,-0.07178468,9.092726,3.8668015,3
30772125402714,-0.08135597,9.073584,3.842873,3
30772127781568,-0.09571291,9.073584,3.8333018,3
30772130160527,-0.10049855,9.068798,3.8476589,3
30772132539485,-0.13878371,9.073584,3.8572302,3
30772134918391,-0.148355,9.068798,3.8572302,3
30772137297297,-0.17228323,9.0544405,3.8380876,3
30772139676256,-0.20578274,9.073584,3.8333018,3
30772142055162,-0.20578274,9.107083,3.8380876,3
30772144434068,-0.2105684,9.08794,3.8476589,3
30772146813027,-0.22971097,9.08794,3.8333018,3
30772149191933,-0.20578274,9.083155,3.8285162,3
30772151570891,-0.2009971,9.078369,3.818945,3
30772153949797,-0.19621146,9.073584,3.8285162,3
30772156328704,-0.15314065,9.0544405,3.8380876,3
30772158707610,-0.12921242,9.083155,3.8380876,3
30772161086568,-0.12921242,9.078369,3.8237305,3
30772163465474,-0.09571291,9.08794,3.818945,3
30772165844433,-0.06699903,9.08794,3.842873,3
30772168223339,-0.07178468,9.064013,3.8572302,3
30772170602245,-0.06699903,9.068798,3.8620157,3
30772172981204,-0.047856454,9.08794,3.8572302,3
30772175360110,-0.07178468,9.068798,3.8668015,3
30772177739016,-0.09571291,9.064013,3.8620157,3
30772180117922,-0.13399807,9.083155,3.8524444,3
30772182496881,-0.15792629,9.064013,3.8668015,3
30772184875839,-0.18185452,9.0544405,3.8572302,3
30772187254745,-0.17706887,9.064013,3.8620157,3
30772189633652,-0.2105684,9.068798,3.871587,3
30772192012610,-0.23928227,9.064013,3.8763726,3
30772194391516,-0.2632105,9.059227,3.8668015,3
30772196770422,-0.2632105,9.059227,3.8572302,3
30772199149381,-0.2536392,9.049655,3.8524444,3
30772201528287,-0.2440679,9.044869,3.8763726,3
30772203907193,-0.23928227,9.068798,3.8811584,3
30772206286152,-0.2009971,9.059227,3.8763726,3
30772208665058,-0.19621146,9.083155,3.885944,3
30772211043964,-0.16271193,9.064013,3.8811584,3
30772213422922,-0.17228323,9.08794,3.871587,3
30772215801829,-0.15314065,9.083155,3.8907297,3
30772218180735,-0.12921242,9.083155,3.9050865,3
30772220559693,-0.11006984,9.078369,3.900301,3
30772222938599,-0.09092726,9.0544405,3.9242291,3
30772225317558,-0.09571291,9.049655,3.9242291,3
30772227696464,-0.09571291,9.040084,3.9242291,3
30772230075370,-0.11485548,9.049655,3.9242291,3
30772232454329,-0.09571291,9.073584,3.9290147,3
30772234833235,-0.11964113,9.064013,3.9290147,3
30772237212141,-0.124426775,9.064013,3.9242291,3
30772239591099,-0.13878371,9.040084,3.9194436,3
30772241970006,-0.15792629,9.035298,3.9338005,3
30772244348912,-0.148355,9.040084,3.9290147,3
30772246727870,-0.15314065,9.044869,3.9098723,3
30772249106777,-0.13878371,9.064013,3.9050865,3
30772251485683,-0.17228323,9.049655,3.9194436,3
30772253864641,-0.18664017,9.030513,3.9242291,3
30772256243547,-0.15792629,9.030513,3.9242291,3
30772258622506,-0.16749759,9.025727,3.9242291,3
30772261001412,-0.14356937,9.025727,3.9338005,3
30772263380318,-0.15314065,9.049655,3.9338005,3
30772265759277,-0.124426775,9.064013,3.938586,3
30772268138183,-0.12921242,9.049655,3.9338005,3
30772270517089,-0.148355,9.044869,3.938586,3
30772272896047,-0.148355,9.040084,3.9433718,3
30772275274954,-0.13878371,9.049655,3.9577286,3
30772277653860,-0.11485548,9.049655,3.9481573,3
30772280032818,-0.124426775,9.040084,3.9433718,3
30772282411724,-0.10049855,9.044869,3.938586,3
30772284790683,-0.09571291,9.030513,3.952943,3
30772287169589,-0.10049855,9.030513,3.9625144,3
30772289548495,-0.10049855,9.020942,3.9433718,3
30772291927454,-0.14356937,9.016156,3.9577286,3
30772294306360,-0.16271193,9.016156,3.9577286,3
30772296685266,-0.148355,9.020942,3.9577286,3
30772299064224,-0.148355,9.025727,3.9577286,3
30772301443131,-0.16749759,9.020942,3.9338005,3
30772303822037,-0.18185452,9.049655,3.9720855,3
30772306200995,-0.2105684,9.035298,3.952943,3
30772308579902,-0.2105684,9.025727,3.9481573,3
30772310958808,-0.19142582,9.030513,3.9338005,3
30772313337766,-0.22971097,9.049655,3.9577286,3
30772315716360,-0.22492532,9.025727,3.9577286,3
30772318095631,-0.19621146,9.040084,3.9768713,3
30772320474537,-0.17706887,9.040084,3.9577286,3
30772322853443,-0.2009971,9.068798,3.9577286,3
30772325232402,-0.17228323,9.040084,3.9625144,3
30772327611308,-0.148355,9.049655,3.9338005,3
30772329990214,-0.14356937,9.044869,3.9290147,3
30772332369172,-0.15314065,9.030513,3.9433718,3
30772334748079,-0.15792629,9.040084,3.952943,3
30772337126985,-0.15792629,9.030513,3.9338005,3
30772339505943,-0.15314065,9.035298,3.952943,3
30772341884849,-0.16271193,9.030513,3.952943,3
30772344263808,-0.17228323,9.049655,3.9577286,3
30772346642714,-0.19142582,9.025727,3.938586,3
30772349021620,-0.2105684,9.030513,3.9481573,3
30772351400579,-0.21535404,9.030513,3.9290147,3
30772353779485,-0.22971097,9.030513,3.9481573,3
30772356158391,-0.23928227,9.025727,3.9433718,3
30772358537349,-0.2632105,9.020942,3.9577286,3
30772360916256,-0.27756742,9.030513,3.9338005,3
30772363295162,-0.2632105,9.035298,3.9338005,3
30772365674120,-0.2440679,9.035298,3.9338005,3
30772368053027,-0.26799613,9.044869,3.938586,3
30772370431933,-0.22013968,9.035298,3.9433718,3
30772372810891,-0.2009971,9.044869,3.938586,3
30772375189797,-0.17706887,9.059227,3.9290147,3
30772377568756,-0.18185452,9.064013,3.9433718,3
30772379947662,-0.18185452,9.059227,3.938586,3
30772382326516,-0.17706887,9.064013,3.9242291,3
30772384705527,-0.17228323,9.073584,3.938586,3
30772387084433,-0.17228323,9.078369,3.9433718,3
30772389463339,-0.16271193,9.073584,3.9577286,3
30772391842297,-0.16749759,9.044869,3.9625144,3
30772394221204,-0.16271193,9.035298,3.9577286,3
30772396600162,-0.17228323,9.049655,3.9338005,3
30772398979068,-0.18185452,9.049655,3.938586,3
30772401357974,-0.19621146,9.025727,3.9481573,3
30772403736933,-0.2009971,9.040084,3.938586,3
30772406115839,-0.2105684,9.044869,3.9433718,3
30772408494745,-0.16271193,9.064013,3.938586,3
30772410873652,-0.16749759,9.068798,3.9338005,3
30772413252610,-0.19621146,9.049655,3.952943,3
30772415631516,-0.2009971,9.040084,3.9338005,3
30772418010474,-0.19142582,9.049655,3.9146578,3
30772420389381,-0.2009971,9.044869,3.9242291,3
30772422768287,-0.19142582,9.049655,3.9194436,3
30772425147245,-0.17228323,9.049655,3.9290147,3
30772427526152,-0.17228323,9.049655,3.9194436,3
30772429905058,-0.13399807,9.025727,3.9146578,3
30772432284016,-0.11964113,9.030513,3.9242291,3
30772434662922,-0.1052842,9.01137,3.9146578,3
30772437041881,-0.13399807,9.025727,3.9146578,3
30772439420787,-0.12921242,9.049655,3.9194436,3
30772441799693,-0.11006984,9.044869,3.9481573,3
30772444178652,-0.12921242,9.035298,3.9577286,3
30772446557558,-0.14356937,9.040084,3.9433718,3
30772448936464,-0.16749759,9.059227,3.9433718,3
30772451315422,-0.18185452,9.0544405,3.9290147,3
30772453694329,-0.18664017,9.059227,3.9194436,3
30772456073235,-0.2105684,9.059227,3.9194436,3
30772458452193,-0.23449662,9.040084,3.938586,3
30772460831099,-0.24885355,9.044869,3.9338005,3
30772463210058,-0.22971097,9.068798,3.9146578,3
30772465588964,-0.22492532,9.092726,3.9194436,3
30772467967870,-0.20578274,9.078369,3.9194436,3
30772470346829,-0.21535404,9.073584,3.9242291,3
30772472725735,-0.2009971,9.092726,3.9290147,3
30772475104641,-0.17706887,9.08794,3.9194436,3
30772477483599,-0.15314065,9.068798,3.9338005,3
30772479862506,-0.13399807,9.068798,3.9290147,3
30772482241412,-0.11485548,9.064013,3.9146578,3
30772484620370,-0.124426775,9.059227,3.900301,3
30772486999277,-0.10049855,9.0544405,3.9146578,3
30772489378235,-0.11006984,9.0544405,3.9242291,3
30772491757141,-0.09092726,9.0544405,3.9098723,3
30772494136047,-0.10049855,9.035298,3.9242291,3
30772496515006,-0.11485548,9.0544405,3.9194436,3
30772498893912,-0.11006984,9.049655,3.9098723,3
30772501272818,-0.13878371,9.0544405,3.9098723,3
30772503651777,-0.16271193,9.059227,3.9050865,3
30772506030683,-0.2105684,9.044869,3.9194436,3
30772508409589,-0.2105684,9.040084,3.9194436,3
30772510788495,-0.20578274,9.044869,3.9050865,3
30772513167454,-0.20578274,9.049655,3.9338005,3
30772515546412,-0.19621146,9.049655,3.9290147,3
30772517925318,-0.2105684,9.064013,3.9242291,3
30772520304224,-0.22013968,9.059227,3.900301,3
30772522683183,-0.19621146,9.059227,3.8955152,3
30772525062089,-0.16749759,9.068798,3.9242291,3
30772527440995,-0.13399807,9.059227,3.9290147,3
30772529819954,-0.13399807,9.068798,3.9242291,3
30772532198860,-0.11006984,9.049655,3.9146578,3
30772534577766,-0.08135597,9.0544405,3.9290147,3
30772536956724,-0.09571291,9.064013,3.9146578,3
30772539335631,-0.09092726,9.078369,3.9146578,3
30772541714537,-0.07178468,9.068798,3.9242291,3
30772544093495,-0.076570325,9.078369,3.9242291,3
30772546472402,-0.08135597,9.073584,3.9338005,3
30772548851360,-0.11006984,9.0544405,3.9433718,3
30772551230266,-0.08135597,9.0544405,3.9338005,3
30772553609172,-0.10049855,9.068798,3.9290147,3
30772555988131,-0.10049855,9.068798,3.9338005,3
30772558367037,-0.09571291,9.059227,3.9242291,3
30772560745943,-0.11964113,9.068798,3.9242291,3
30772563124902,-0.15314065,9.049655,3.9290147,3
30772565503808,-0.2009971,9.049655,3.938586,3
30772567882714,-0.2009971,9.0544405,3.9290147,3
30772570261672,-0.21535404,9.0544405,3.9146578,3
30772572640579,-0.21535404,9.040084,3.938586,3
30772575019537,-0.2105684,9.044869,3.9338005,3
30772577398443,-0.22013968,9.0544405,3.9290147,3
30772579777349,-0.2009971,9.044869,3.9481573,3
30772582156308,-0.2105684,9.030513,3.952943,3
30772584535214,-0.2009971,9.030513,3.952943,3
30772586914172,-0.17228323,9.044869,3.9290147,3
30772589293079,-0.148355,9.030513,3.9290147,3
30772591671985,-0.12921242,9.020942,3.9146578,3
30772594050943,-0.11485548,9.044869,3.9194436,3
30772596429849,-0.09571291,9.035298,3.9146578,3
30772598808756,-0.09092726,9.040084,3.9290147,3
30772601187714,-0.076570325,9.044869,3.9481573,3
30772603566620,-0.06699903,9.044869,3.9433718,3
30772605945527,-0.086141616,9.040084,3.9194436,3
30772608324485,-0.086141616,9.035298,3.9146578,3
30772610703391,-0.076570325,9.049655,3.9290147,3
30772613082297,-0.11006984,9.030513,3.9290147,3
30772615461256,-0.148355,9.020942,3.9338005,3
30772617840162,-0.14356937,9.035298,3.9481573,3
30772620219120,-0.16271193,9.044869,3.952943,3
30772622598027,-0.17706887,9.040084,3.9338005,3
30772624976933,-0.20578274,9.030513,3.9242291,3
30772627355891,-0.2105684,9.049655,3.9433718,3
30772629734797,-0.2105684,9.049655,3.9433718,3
30772632113652,-0.23449662,9.064013,3.9338005,3
30772634492662,-0.22971097,9.068798,3.9290147,3
30772636871568,-0.2105684,9.068798,3.9242291,3
30772639250527,-0.19142582,9.059227,3.9194436,3
30772641629433,-0.17706887,9.044869,3.9290147,3
30772644008339,-0.148355,9.040084,3.9242291,3
30772646387297,-0.12921242,9.025727,3.9146578,3
30772648766204,-0.13399807,9.044869,3.9194436,3
30772651145110,-0.086141616,9.059227,3.9338005,3
30772653524068,-0.07178468,9.064013,3.9242291,3
30772655902974,-0.06699903,9.0544405,3.9338005,3
30772658281881,-0.06699903,9.0544405,3.938586,3
30772660660839,-0.047856454,9.035298,3.9098723,3
30772663039745,-0.043070808,9.040084,3.9050865,3
30772665418704,-0.05742774,9.049655,3.9146578,3
30772667797610,-0.086141616,9.049655,3.9098723,3
30772670176516,-0.11964113,9.040084,3.9050865,3
30772672555474,-0.13878371,9.035298,3.9098723,3
30772674934381,-0.148355,9.0544405,3.900301,3
30772677313287,-0.15792629,9.044869,3.8907297,3
30772679692245,-0.17706887,9.0544405,3.871587,3
30772682071152,-0.19621146,9.068798,3.885944,3
30772684450058,-0.21535404,9.078369,3.8907297,3
30772686829016,-0.19142582,9.08794,3.900301,3
30772689207922,-0.17706887,9.064013,3.8907297,3
30772691586881,-0.17706887,9.059227,3.9050865,3
30772693965787,-0.15314065,9.068798,3.9050865,3
30772696344693,-0.124426775,9.068798,3.9098723,3
30772698723652,-0.11485548,9.0544405,3.900301,3
30772701102558,-0.10049855,9.073584,3.900301,3
30772703481464,-0.09571291,9.092726,3.9050865,3
30772705860422,-0.07178468,9.064013,3.9098723,3
30772708239329,-0.043070808,9.064013,3.9242291,3
30772710618287,-0.047856454,9.073584,3.9098723,3
30772712997193,-0.047856454,9.059227,3.900301,3
30772715376099,-0.062213387,9.064013,3.8907297,3
30772717755058,-0.0526421,9.044869,3.8955152,3
30772720133964,-0.047856454,9.0544405,3.9098723,3
30772722512870,-0.086141616,9.064013,3.9050865,3
30772724891829,-0.07178468,9.044869,3.8907297,3
30772727270735,-0.09092726,9.0544405,3.9050865,3
30772729649641,-0.08135597,9.040084,3.8955152,3
30772732028599,-0.08135597,9.059227,3.8907297,3
30772734407506,-0.086141616,9.040084,3.8955152,3
30772736786412,-0.09092726,9.025727,3.9098723,3
30772739165370,-0.11964113,9.049655,3.9242291,3
30772741544277,-0.14356937,9.0544405,3.9290147,3
30772743923235,-0.15314065,9.025727,3.9338005,3
30772746302141,-0.18664017,9.044869,3.9242291,3
30772748681047,-0.18664017,9.049655,3.9194436,3
30772751060006,-0.2105684,9.064013,3.9146578,3
30772753438912,-0.2440679,9.073584,3.9290147,3
30772755817766,-0.24885355,9.0544405,3.9481573,3
30772758196777,-0.2727818,9.049655,3.9338005,3
30772760575683,-0.24885355,9.040084,3.952943,3
30772762954641,-0.2632105,9.040084,3.938586,3
30772765333547,-0.2536392,9.059227,3.9194436,3
30772767712454,-0.2536392,9.044869,3.9242291,3
30772770091412,-0.22492532,9.040084,3.938586,3
30772772470318,-0.2009971,9.0544405,3.9481573,3
30772774849224,-0.15314065,9.064013,3.9433718,3
30772777228183,-0.13878371,9.064013,3.9433718,3
30772779607818,-0.124426775,9.068798,3.9338005,3
30772781986047,-0.11485548,9.0544405,3.9194436,3
30772784364954,-0.09092726,9.049655,3.9194436,3
30772786743860,-0.07178468,9.0544405,3.900301,3
30772789122818,-0.0526421,9.044869,3.9050865,3
30772791501724,-0.043070808,9.044869,3.9194436,3
30772793880631,-0.062213387,9.035298,3.9290147,3
30772796259589,-0.08135597,9.044869,3.952943,3
30772798638495,-0.076570325,9.0544405,3.952943,3
30772801017402,-0.086141616,9.040084,3.9290147,3
30772803396360,-0.10049855,9.025727,3.9194436,3
30772805775266,-0.11485548,9.040084,3.9338005,3
30772808154224,-0.15314065,9.0544405,3.9242291,3
30772810533131,-0.15314065,9.0544405,3.938586,3
30772812912037,-0.148355,9.040084,3.9242291,3
30772815290995,-0.15792629,9.040084,3.9338005,3
30772817669902,-0.15314065,9.025727,3.9290147,3
30772820048808,-0.13399807,9.030513,3.9481573,3
30772822427766,-0.14356937,9.040084,3.9481573,3
30772824806672,-0.14356937,9.025727,3.952943,3
30772827185631,-0.14356937,9.040084,3.952943,3
30772829564537,-0.11006984,9.044869,3.952943,3
30772831943443,-0.09571291,9.035298,3.952943,3
30772834322402,-0.10049855,9.044869,3.9481573,3
30772836701308,-0.086141616,9.040084,3.9481573,3
30772839080214,-0.076570325,9.035298,3.9433718,3
30772841459172,-0.076570325,9.044869,3.9433718,3
30772843838079,-0.11006984,9.044869,3.9577286,3
30772846217037,-0.1052842,9.044869,3.9338005,3
30772848595943,-0.11485548,9.01137,3.9481573,3
30772850974849,-0.124426775,9.025727,3.938586,3
30772853353808,-0.148355,9.035298,3.938586,3
30772855732714,-0.14356937,9.025727,3.9433718,3
30772858111620,-0.148355,9.030513,3.9433718,3
30772860490579,-0.15314065,9.044869,3.9625144,3
30772862869485,-0.18664017,9.040084,3.9625144,3
30772865248391,-0.18664017,9.040084,3.9577286,3
30772867627349,-0.17706887,9.030513,3.9433718,3
30772870006256,-0.15314065,9.049655,3.9481573,3
30772872385214,-0.16749759,9.020942,3.9577286,3
30772874764120,-0.18664017,9.040084,3.9577286,3
30772877143027,-0.17228323,9.040084,3.952943,3
30772879521985,-0.16749759,9.044869,3.952943,3
30772881900891,-0.17228323,9.030513,3.938586,3
30772884279797,-0.16749759,9.040084,3.9290147,3
30772886658756,-0.15314065,9.049655,3.938586,3
30772889037662,-0.15792629,9.059227,3.9433718,3
30772891416620,-0.148355,9.0544405,3.9290147,3
30772893795527,-0.13878371,9.035298,3.9338005,3
30772896174433,-0.11006984,9.0544405,3.9338005,3
30772898553391,-0.11485548,9.08794,3.9242291,3
30772900932297,-0.13878371,9.059227,3.8620157,3
30772903311204,-0.15792629,9.049655,3.900301,3
30772905690162,-0.09571291,9.083155,3.9768713,3
30772908069068,-0.0526421,9.073584,4.0103707,3
30772910447974,-0.0526421,9.025727,3.9673,3
30772912826933,-0.009571291,9.059227,3.9194436,3
30772915205839,0.009571291,9.08794,3.871587,3
30772917584797,-0.023928227,9.064013,3.8524444,3
30772919963704,0.0047856453,9.044869,3.8955152,3
30772922342610,-0.0047856453,9.068798,3.9673,3
30772924721568,-0.023928227,9.059227,3.991228,3
30772927100474,-0.062213387,9.035298,3.9625144,3
30772929479381,-0.07178468,9.044869,3.938586,3
30772931858339,-0.076570325,9.040084,3.8907297,3
30772934237245,-0.11485548,9.0544405,3.885944,3
30772936616152,-0.148355,9.049655,3.9050865,3
30772938995110,-0.19142582,9.0544405,3.9481573,3
30772941374016,-0.20578274,9.025727,3.9625144,3
30772943752974,-0.21535404,9.016156,3.9768713,3
30772946131881,-0.19621146,9.040084,3.9433718,3
30772948510787,-0.18664017,9.068798,3.9050865,3
30772950889745,-0.17228323,9.078369,3.9050865,3
30772953268652,-0.18185452,9.044869,3.9338005,3
30772955647610,-0.17706887,9.044869,3.9625144,3
30772958026516,-0.13399807,9.030513,3.9816568,3
30772960405422,-0.124426775,9.049655,3.9720855,3
30772962784381,-0.124426775,9.0544405,3.938586,3
30772965163287,-0.09571291,9.044869,3.9338005,3
30772967542193,-0.086141616,9.049655,3.9433718,3
30772969921152,-0.07178468,9.040084,3.952943,3
30772972300058,-0.06699903,9.035298,3.9816568,3
30772974678964,-0.05742774,9.030513,3.9960139,3
30772977057922,-0.047856454,9.030513,3.9960139,3
30772979436829,-0.086141616,9.025727,3.9625144,3
30772981815787,-0.1052842,9.030513,3.9481573,3
30772984194693,-0.124426775,9.006584,3.952943,3
30772986573599,-0.11964113,9.025727,3.9768713,3
30772988952558,-0.148355,9.01137,3.9768713,3
30772991331464,-0.18664017,9.006584,3.9864426,3
30772993710370,-0.20578274,9.01137,4.0007997,3
30772996089329,-0.21535404,9.016156,3.9864426,3
30772998468235,-0.22013968,9.001799,3.9816568,3
30773000847193,-0.20578274,9.01137,3.9720855,3
30773003226099,-0.22971097,9.001799,3.9720855,3
30773005605006,-0.19621146,9.01137,3.9816568,3
30773007983964,-0.18185452,9.01137,3.9864426,3
30773010362870,-0.18185452,9.01137,4.0151563,3
30773012741777,-0.15314065,9.020942,4.005585,3
30773015120735,-0.13878371,9.01137,3.9960139,3
30773017499641,-0.11006984,9.020942,3.9768713,3
30773019878547,-0.08135597,9.035298,3.9577286,3
30773022257506,-0.1052842,9.025727,3.9768713,3
30773024636412,-0.09571291,9.006584,3.9864426,3
30773027015370,-0.086141616,9.01137,3.9816568,3
30773029394277,-0.09092726,9.035298,3.9577286,3
30773031773131,-0.076570325,9.016156,3.952943,3
30773034152141,-0.086141616,9.030513,3.938586,3
30773036531047,-0.09092726,9.025727,3.9433718,3
30773038910006,-0.1052842,9.020942,3.952943,3
30773041288912,-0.124426775,9.020942,3.9577286,3
30773043667818,-0.13399807,9.035298,3.9720855,3
30773046046777,-0.15792629,9.035298,3.9577286,3
30773048425683,-0.18664017,9.035298,3.9577286,3
30773050804589,-0.18185452,9.049655,3.938586,3
30773053183547,-0.17706887,9.064013,3.9338005,3
30773055562454,-0.18664017,9.064013,3.9146578,3
30773057941412,-0.17228323,9.040084,3.9098723,3
30773060320318,-0.16749759,9.030513,3.9098723,3
30773062699224,-0.14356937,9.030513,3.8907297,3
30773065078183,-0.15314065,9.064013,3.8763726,3
30773067457089,-0.17706887,9.078369,3.8763726,3
30773069835995,-0.13878371,9.064013,3.8668015,3
30773072214954,-0.11006984,9.073584,3.8620157,3
30773074593860,-0.086141616,9.059227,3.8572302,3
30773076972818,-0.09571291,9.0544405,3.871587,3
30773079351724,-0.11485548,9.0544405,3.8668015,3
30773081730631,-0.1052842,9.040084,3.8620157,3
30773084109589,-0.09571291,9.059227,3.8763726,3
30773086488495,-0.08135597,9.049655,3.8763726,3
30773088867402,-0.086141616,9.035298,3.8811584,3
30773091246360,-0.11485548,9.044869,3.885944,3
30773093625266,-0.14356937,9.0544405,3.8763726,3
30773096004224,-0.14356937,9.049655,3.8668015,3
30773098383131,-0.13878371,9.0544405,3.885944,3
30773100762037,-0.15792629,9.073584,3.8955152,3
30773103140995,-0.16749759,9.049655,3.8907297,3
30773105519902,-0.16749759,9.064013,3.8907297,3
30773107898808,-0.18664017,9.064013,3.8955152,3
30773110277766,-0.18664017,9.078369,3.885944,3
30773112656672,-0.16749759,9.078369,3.8907297,3
30773115035631,-0.13878371,9.08794,3.9146578,3
30773117414537,-0.148355,9.0544405,3.9050865,3
30773119793443,-0.148355,9.068798,3.9146578,3
30773122172402,-0.15314065,9.064013,3.9290147,3
30773124551308,-0.14356937,9.049655,3.9338005,3
30773126930214,-0.12921242,9.049655,3.9338005,3
30773129309172,-0.124426775,9.040084,3.9098723,3
30773131688079,-0.12921242,9.040084,3.9098723,3
30773134067037,-0.11964113,9.044869,3.9194436,3
30773136445943,-0.11006984,9.0544405,3.9242291,3
30773138824849,-0.1052842,9.064013,3.9194436,3
30773141203808,-0.124426775,9.078369,3.9194436,3
30773143582662,-0.11485548,9.073584,3.9098723,3
30773145961620,-0.11485548,9.068798,3.900301,3
30773148340579,-0.13399807,9.049655,3.9146578,3
30773150719485,-0.11964113,9.059227,3.9481573,3
30773153098443,-0.11964113,9.059227,3.952943,3
30773155477349,-0.16749759,9.073584,3.9338005,3
30773157856256,-0.16749759,9.0544405,3.9194436,3
30773160235214,-0.18185452,9.049655,3.9338005,3
30773162614120,-0.17228323,9.0544405,3.938586,3
30773164993027,-0.17706887,9.059227,3.9481573,3
30773167371985,-0.16271193,9.035298,3.9481573,3
30773169750891,-0.16749759,9.030513,3.9625144,3
30773172129849,-0.16271193,9.020942,3.9481573,3
30773174508756,-0.19142582,9.020942,3.9338005,3
30773176887662,-0.16271193,9.030513,3.9290147,3
30773179266620,-0.16749759,9.035298,3.9146578,3
30773181645527,-0.148355,9.020942,3.9050865,3
30773184024485,-0.15792629,9.030513,3.9146578,3
30773186403391,-0.15792629,9.030513,3.9098723,3
30773188782297,-0.13878371,9.044869,3.9098723,3
30773191161256,-0.16749759,9.035298,3.9242291,3
30773193540162,-0.16749759,9.049655,3.9194436,3
30773195919068,-0.17228323,9.044869,3.900301,3
30773198298027,-0.15792629,9.030513,3.900301,3
30773200676933,-0.19142582,9.025727,3.8907297,3
30773203055839,-0.17228323,9.030513,3.885944,3
30773205434797,-0.18185452,9.049655,3.8955152,3
30773207813704,-0.2009971,9.064013,3.900301,3
30773210192662,-0.19621146,9.068798,3.8907297,3
30773212571568,-0.22492532,9.073584,3.885944,3
30773214950474,-0.22492532,9.078369,3.900301,3
30773217329433,-0.23928227,9.083155,3.8907297,3
30773219708339,-0.23928227,9.068798,3.8811584,3
30773222087245,-0.23449662,9.092726,3.8907297,3
30773224466204,-0.24885355,9.092726,3.8955152,3
30773226845110,-0.2536392,9.097511,3.8763726,3
30773229224068,-0.2440679,9.08794,3.8572302,3
30773231602974,-0.21535404,9.073584,3.8524444,3
30773233981881,-0.2105684,9.059227,3.8524444,3
30773236360839,-0.21535404,9.064013,3.8572302,3
30773238739745,-0.2105684,9.068798,3.8524444,3
30773241118652,-0.19142582,9.059227,3.8668015,3
30773243497610,-0.17228323,9.0544405,3.8763726,3
30773245876516,-0.15314065,9.049655,3.8907297,3
30773248255474,-0.16749759,9.059227,3.871587,3
30773250634381,-0.15314065,9.049655,3.8811584,3
30773253013287,-0.148355,9.035298,3.9050865,3
30773255392245,-0.11964113,9.025727,3.9194436,3
30773257771152,-0.15314065,9.020942,3.9290147,3
30773260150058,-0.16749759,9.030513,3.9290147,3
30773262529016,-0.14356937,9.020942,3.938586,3
30773264907922,-0.16749759,9.035298,3.9242291,3
30773267286881,-0.16271193,9.035298,3.9242291,3
30773269665787,-0.16271193,9.044869,3.938586,3
30773272044693,-0.15792629,9.030513,3.9433718,3
30773274423652,-0.14356937,9.049655,3.9290147,3
30773276802558,-0.16749759,9.0544405,3.9338005,3
30773279181464,-0.16271193,9.049655,3.9290147,3
30773281560422,-0.15792629,9.073584,3.9290147,3
30773283939329,-0.14356937,9.073584,3.9194436,3
30773286318287,-0.14356937,9.044869,3.9242291,3
30773288697193,-0.13878371,9.049655,3.9338005,3
30773291076099,-0.11964113,9.059227,3.9433718,3
30773293455058,-0.13399807,9.0544405,3.938586,3
30773295833964,-0.13399807,9.059227,3.9194436,3
30773298212922,-0.124426775,9.044869,3.9146578,3
30773300591829,-0.124426775,9.068798,3.9050865,3
30773302970735,-0.13878371,9.044869,3.900301,3
30773305349693,-0.16749759,9.040084,3.8955152,3
30773307728599,-0.15314065,9.059227,3.900301,3
30773310107506,-0.16749759,9.064013,3.9146578,3
30773312486464,-0.15792629,9.044869,3.8955152,3
30773314865370,-0.18185452,9.044869,3.885944,3
30773317244329,-0.18185452,9.0544405,3.8811584,3
30773319623235,-0.17706887,9.073584,3.8907297,3
30773322002141,-0.19142582,9.068798,3.8907297,3
30773324381099,-0.16749759,9.083155,3.8907297,3
30773326760006,-0.17228323,9.08794,3.8907297,3
30773329138912,-0.17706887,9.08794,3.885944,3
30773331517870,-0.16749759,9.073584,3.885944,3
30773333896777,-0.15314065,9.068798,3.885944,3
30773336275683,-0.14356937,9.068798,3.8907297,3
30773338654589,-0.13878371,9.073584,3.9050865,3
30773341033547,-0.11006984,9.068798,3.9146578,3
30773343412506,-0.10049855,9.078369,3.9050865,3
30773345791412,-0.11964113,9.073584,3.9098723,3
30773348170370,-0.11485548,9.059227,3.8907297,3
30773350549277,-0.11485548,9.073584,3.9146578,3
30773352928183,-0.10049855,9.083155,3.9290147,3
30773355307141,-0.11485548,9.068798,3.9146578,3
30773357686047,-0.13399807,9.068798,3.885944,3
30773360064954,-0.15314065,9.068798,3.900301,3
30773362443912,-0.15792629,9.068798,3.9050865,3
30773364822818,-0.18185452,9.073584,3.9146578,3
30773367201777,-0.2009971,9.08794,3.9242291,3
30773369580683,-0.2105684,9.064013,3.9242291,3
30773371959589,-0.22971097,9.059227,3.9242291,3
30773374338547,-0.23449662,9.049655,3.9338005,3
30773376717454,-0.22013968,9.044869,3.9290147,3
30773379096360,-0.22492532,9.035298,3.900301,3
30773381475318,-0.23928227,9.044869,3.9146578,3
30773383854224,-0.23449662,9.059227,3.9146578,3
30773386233183,-0.20578274,9.0544405,3.9146578,3
30773388612089,-0.21535404,9.059227,3.9146578,3
30773390990995,-0.19621146,9.068798,3.9146578,3
30773393369954,-0.19621146,9.059227,3.9194436,3
30773395748860,-0.17228323,9.035298,3.9146578,3
30773398127766,-0.17706887,9.0544405,3.9098723,3
30773400506724,-0.17228323,9.064013,3.9338005,3
30773402885631,-0.15314065,9.068798,3.9098723,3
30773405264589,-0.15314065,9.044869,3.900301,3
30773407643495,-0.12921242,9.040084,3.900301,3
30773410022402,-0.124426775,9.059227,3.8955152,3
30773412401360,-0.124426775,9.059227,3.8811584,3
30773414780266,-0.13878371,9.064013,3.8907297,3
30773417159172,-0.17706887,9.064013,3.8955152,3
30773419538131,-0.18185452,9.049655,3.885944,3
30773421917037,-0.18185452,9.064013,3.871587,3
30773424295995,-0.20578274,9.068798,3.885944,3
30773426674902,-0.18664017,9.040084,3.8907297,3
30773429053860,-0.17228323,9.035298,3.8907297,3
30773431432766,-0.16749759,9.0544405,3.871587,3
30773433811672,-0.17706887,9.040084,3.871587,3
30773436190527,-0.19142582,9.044869,3.9098723,3
30773438569537,-0.17706887,9.0544405,3.9050865,3
30773440948443,-0.16749759,9.059227,3.9050865,3
30773443327402,-0.17228323,9.064013,3.9050865,3
30773445706308,-0.19621146,9.059227,3.8955152,3
30773448085214,-0.15792629,9.059227,3.900301,3
30773450464172,-0.14356937,9.059227,3.8955152,3
30773452843079,-0.13878371,9.049655,3.900301,3
30773455222037,-0.14356937,9.044869,3.900301,3
30773457600943,-0.13878371,9.068798,3.900301,3
30773459979849,-0.15792629,9.073584,3.8955152,3
30773462358808,-0.148355,9.0544405,3.9098723,3
30773464737714,-0.13399807,9.064013,3.900301,3
30773467116672,-0.14356937,9.059227,3.9146578,3
30773469495579,-0.13399807,9.0544405,3.9242291,3
30773471874485,-0.15314065,9.0544405,3.9098723,3
30773474253443,-0.15792629,9.068798,3.9098723,3
30773476632349,-0.15792629,9.073584,3.9098723,3
30773479011308,-0.14356937,9.049655,3.9050865,3
30773481390214,-0.16271193,9.049655,3.9290147,3
30773483769120,-0.17228323,9.049655,3.9242291,3
30773486148079,-0.18664017,9.0544405,3.9290147,3
30773488526985,-0.15314065,9.059227,3.9098723,3
30773490905891,-0.16749759,9.040084,3.9098723,3
30773493284849,-0.15792629,9.025727,3.9146578,3
30773495663756,-0.15314065,9.044869,3.9194436,3
30773498042714,-0.15792629,9.030513,3.9242291,3
30773500421620,-0.13399807,9.016156,3.9146578,3
30773502800527,-0.15792629,9.020942,3.900301,3
30773505179485,-0.13399807,9.030513,3.885944,3
30773507558391,-0.13399807,9.025727,3.9098723,3
30773509937297,-0.15314065,9.030513,3.9050865,3
30773512316256,-0.14356937,9.049655,3.9146578,3
30773514695162,-0.14356937,9.059227,3.900301,3
30773517074120,-0.14356937,9.073584,3.9146578,3
30773519453027,-0.148355,9.078369,3.9050865,3
30773521831933,-0.148355,9.068798,3.9098723,3
30773524210891,-0.16749759,9.083155,3.9146578,3
30773526589797,-0.17706887,9.107083,3.9050865,3
30773528968704,-0.18185452,9.078369,3.9146578,3
30773531347662,-0.17228323,9.068798,3.900301,3
30773533726568,-0.15792629,9.08794,3.9194436,3
30773536105527,-0.15792629,9.083155,3.9050865,3
30773538484433,-0.148355,9.078369,3.9050865,3
30773540863339,-0.14356937,9.068798,3.9050865,3
30773543242297,-0.14356937,9.059227,3.900301,3
30773545621204,-0.15314065,9.083155,3.900301,3
30773548000110,-0.16271193,9.073584,3.9242291,3
30773550379068,-0.15314065,9.064013,3.9242291,3
30773552757974,-0.148355,9.08794,3.9242291,3
30773555136933,-0.14356937,9.059227,3.9194436,3
30773557515839,-0.11964113,9.068798,3.9194436,3
30773559894745,-0.11485548,9.068798,3.9098723,3
30773562273704,-0.12921242,9.059227,3.9098723,3
30773564652610,-0.13878371,9.0544405,3.9242291,3
30773567031568,-0.11964113,9.049655,3.9242291,3
30773569410474,-0.14356937,9.059227,3.9146578,3
30773571789329,-0.13878371,9.064013,3.9146578,3
30773574168339,-0.13878371,9.044869,3.9098723,3
30773576547245,-0.13878371,9.025727,3.900301,3
30773578926204,-0.16271193,9.040084,3.8955152,3
30773581305110,-0.2009971,9.044869,3.9290147,3
30773583684016,-0.17228323,9.049655,3.9194436,3
30773586062974,-0.18664017,9.044869,3.9242291,3
30773588441881,-0.148355,9.073584,3.9242291,3
30773590820787,-0.16749759,9.064013,3.9242291,3
30773593199745,-0.15792629,9.078369,3.9338005,3
30773595578652,-0.17228323,9.0544405,3.9146578,3
30773597957558,-0.13878371,9.049655,3.9242291,3
30773600336516,-0.13878371,9.059227,3.9098723,3
30773602715422,-0.14356937,9.068798,3.9338005,3
30773605094381,-0.13399807,9.044869,3.9338005,3
30773607473287,-0.14356937,9.059227,3.9338005,3
30773609852245,-0.13399807,9.044869,3.900301,3
30773612231152,-0.124426775,9.049655,3.9050865,3
30773614610006,-0.1052842,9.044869,3.9050865,3
30773616989016,-0.11485548,9.059227,3.9050865,3
30773619367922,-0.13878371,9.064013,3.900301,3
30773621746829,-0.15314065,9.049655,3.8955152,3
30773624125787,-0.17706887,9.0544405,3.8955152,3
30773626504693,-0.2105684,9.0544405,3.8955152,3
30773628883652,-0.20578274,9.044869,3.8955152,3
30773631262558,-0.21535404,9.040084,3.9050865,3
30773633641464,-0.22492532,9.0544405,3.9050865,3
30773636020422,-0.23449662,9.068798,3.885944,3
30773638399329,-0.22971097,9.068798,3.8811584,3
30773640778235,-0.23449662,9.073584,3.8907297,3
30773643157193,-0.23928227,9.044869,3.8907297,3
30773645536099,-0.25842485,9.044869,3.8955152,3
30773647915058,-0.23449662,9.0544405,3.9146578,3
30773650293964,-0.21535404,9.0544405,3.9338005,3
30773652672870,-0.19621146,9.049655,3.9242291,3
30773655051829,-0.148355,9.0544405,3.9194436,3
30773657430735,-0.13399807,9.083155,3.9242291,3
30773659809693,-0.11964113,9.083155,3.9242291,3
30773662188599,-0.1052842,9.064013,3.9098723,3
30773664567506,-0.11006984,9.0544405,3.9050865,3
30773666946464,-0.086141616,9.049655,3.9146578,3
30773669325370,-0.076570325,9.064013,3.9194436,3
30773671704277,-0.07178468,9.059227,3.9050865,3
30773674083235,-0.043070808,9.059227,3.8955152,3
30773676462141,-0.06699903,9.0544405,3.9050865,3
30773678841099,-0.07178468,9.064013,3.9050865,3
30773681220006,-0.08135597,9.059227,3.9242291,3
30773683598912,-0.07178468,9.0544405,3.9098723,3
30773685977818,-0.11964113,9.064013,3.9050865,3
30773688356777,-0.13399807,9.0544405,3.8907297,3
30773690735735,-0.17228323,9.064013,3.8955152,3
30773693114641,-0.19621146,9.083155,3.900301,3
30773695493547,-0.2105684,9.068798,3.9242291,3
30773697872506,-0.21535404,9.078369,3.9146578,3
30773700251412,-0.22971097,9.068798,3.9050865,3
30773702630370,-0.22492532,9.078369,3.9146578,3
30773705009277,-0.22971097,9.059227,3.9098723,3
30773707388183,-0.21535404,9.059227,3.9050865,3
30773709767141,-0.2009971,9.059227,3.9146578,3
30773712146047,-0.17706887,9.073584,3.9050865,3
30773714524954,-0.18185452,9.0544405,3.9098723,3
30773716903912,-0.16749759,9.068798,3.9290147,3
30773719282818,-0.148355,9.064013,3.9098723,3
30773721661777,-0.15314065,9.040084,3.8907297,3
30773724040683,-0.09092726,9.064013,3.8907297,3
30773726419589,-0.09092726,9.078369,3.8811584,3
30773728798547,-0.08135597,9.078369,3.8811584,3
30773731177454,-0.05742774,9.083155,3.885944,3
30773733556360,-0.09571291,9.068798,3.8955152,3
30773735935318,-0.11006984,9.064013,3.900301,3
30773738314224,-0.076570325,9.064013,3.900301,3
30773740693183,-0.09092726,9.073584,3.8907297,3
30773743072089,-0.11964113,9.068798,3.885944,3
30773745450995,-0.13878371,9.078369,3.900301,3
30773747829954,-0.148355,9.059227,3.900301,3
30773750208860,-0.17228323,9.073584,3.900301,3
30773752587818,-0.18664017,9.083155,3.9146578,3
30773754966724,-0.19621146,9.08794,3.9194436,3
30773757345631,-0.17706887,9.064013,3.9146578,3
30773759724537,-0.19621146,9.044869,3.8955152,3
30773762103495,-0.20578274,9.044869,3.9050865,3
30773764482454,-0.18185452,9.049655,3.9098723,3
30773766861360,-0.17228323,9.059227,3.9146578,3
30773769240266,-0.14356937,9.049655,3.9098723,3
30773771619172,-0.15314065,9.044869,3.8955152,3
30773773998131,-0.15314065,9.0544405,3.9098723,3
30773776377089,-0.124426775,9.044869,3.8955152,3
30773778755995,-0.12921242,9.049655,3.8811584,3
30773781134902,-0.148355,9.044869,3.9050865,3
30773783513860,-0.16271193,9.059227,3.9098723,3
30773785892766,-0.16749759,9.049655,3.9098723,3
30773788271672,-0.15792629,9.078369,3.9146578,3
30773790650631,-0.14356937,9.049655,3.9146578,3
30773793029537,-0.16271193,9.059227,3.9146578,3
30773795408495,-0.18185452,9.040084,3.9098723,3
30773797787402,-0.18664017,9.044869,3.9098723,3
30773800166308,-0.17228323,9.064013,3.9146578,3
30773802545266,-0.16271193,9.078369,3.8955152,3
30773804924172,-0.17706887,9.107083,3.885944,3
30773807303079,-0.16749759,9.08794,3.8955152,3
30773809682037,-0.17706887,9.08794,3.9194436,3
30773812060943,-0.17228323,9.097511,3.9194436,3
30773814439902,-0.15314065,9.097511,3.9194436,3
30773816818808,-0.15314065,9.073584,3.9050865,3
30773819197714,-0.17706887,9.078369,3.9098723,3
30773821576672,-0.15314065,9.064013,3.9194436,3
30773823955579,-0.13399807,9.040084,3.9050865,3
30773826334537,-0.12921242,9.035298,3.9194436,3
30773828713443,-0.11006984,9.049655,3.9050865,3
30773831092297,-0.10049855,9.025727,3.9098723,3
30773833471308,-0.10049855,9.030513,3.9194436,3
30773835850214,-0.09571291,9.035298,3.9194436,3
30773838229172,-0.1052842,9.0544405,3.9098723,3
30773840608079,-0.11006984,9.035298,3.9050865,3
30773842986985,-0.124426775,9.044869,3.9194436,3
30773845365943,-0.124426775,9.059227,3.9242291,3
30773847744849,-0.12921242,9.044869,3.9242291,3
30773850123756,-0.13399807,9.0544405,3.9242291,3
30773852502714,-0.11006984,9.044869,3.9194436,3
30773854881620,-0.12921242,9.0544405,3.9194436,3
30773857260579,-0.14356937,9.0544405,3.9194436,3
30773859639485,-0.13399807,9.030513,3.9242291,3
30773862018391,-0.1052842,9.044869,3.9290147,3
30773864397349,-0.11485548,9.059227,3.9338005,3
30773866776256,-0.1052842,9.059227,3.9290147,3
30773869155214,-0.124426775,9.073584,3.9194436,3
30773871534120,-0.11006984,9.068798,3.9242291,3
30773873913027,-0.12921242,9.059227,3.9290147,3
30773876291985,-0.13399807,9.073584,3.938586,3
30773878670891,-0.124426775,9.068798,3.9242291,3
30773881049797,-0.13399807,9.078369,3.9098723,3
30773883428756,-0.14356937,9.078369,3.8955152,3
30773885807662,-0.124426775,9.068798,3.9146578,3
30773888186620,-0.11485548,9.059227,3.9050865,3
30773890565527,-0.12921242,9.064013,3.9098723,3
30773892944485,-0.12921242,9.068798,3.9146578,3
30773895323391,-0.13399807,9.068798,3.9194436,3
30773897702297,-0.12921242,9.040084,3.9194436,3
30773900081256,-0.13399807,9.025727,3.9050865,3
30773902460162,-0.14356937,9.040084,3.9050865,3
30773904839068,-0.15314065,9.049655,3.900301,3
30773907218027,-0.14356937,9.025727,3.8955152,3
30773909596933,-0.124426775,9.040084,3.8955152,3
30773911975891,-0.11964113,9.035298,3.9050865,3
30773914354797,-0.1052842,9.035298,3.900301,3
30773916733704,-0.124426775,9.025727,3.900301,3
30773919112662,-0.1052842,9.064013,3.9146578,3
30773921491568,-0.1052842,9.08794,3.9194436,3
30773923870474,-0.10049855,9.0544405,3.9242291,3
30773926249433,-0.10049855,9.049655,3.9433718,3
30773928628339,-0.09571291,9.0544405,3.9242291,3
30773931007297,-0.10049855,9.049655,3.9146578,3
30773933386204,-0.1052842,9.059227,3.9098723,3
30773935765162,-0.10049855,9.064013,3.9194436,3
30773938144068,-0.11964113,9.0544405,3.9242291,3
30773940522974,-0.11485548,9.0544405,3.9242291,3
30773942901933,-0.11964113,9.049655,3.938586,3
30773945280839,-0.14356937,9.0544405,3.9481573,3
30773947659745,-0.12921242,9.059227,3.9194436,3
30773950038704,-0.12921242,9.049655,3.9050865,3
30773952417558,-0.13878371,9.040084,3.900301,3
30773954796568,-0.12921242,9.044869,3.900301,3
30773957175474,-0.13399807,9.0544405,3.8955152,3
30773959554381,-0.13399807,9.040084,3.900301,3
30773961933339,-0.12921242,9.049655,3.9098723,3
30773964312245,-0.124426775,9.059227,3.8907297,3
30773966691204,-0.13878371,9.049655,3.8955152,3
30773969070110,-0.11964113,9.035298,3.885944,3
30773971449016,-0.1052842,9.035298,3.9098723,3
30773973827974,-0.11485548,9.049655,3.9050865,3
30773976206881,-0.11006984,9.08794,3.8955152,3
30773978585787,-0.124426775,9.049655,3.8955152,3
30773980964745,-0.13878371,9.059227,3.900301,3
30773983343652,-0.11485548,9.068798,3.9194436,3
30773985722610,-0.13878371,9.068798,3.9146578,3
30773988101516,-0.13878371,9.068798,3.900301,3
30773990480474,-0.15792629,9.0544405,3.9050865,3
30773992859381,-0.20578274,9.044869,3.9146578,3
30773995238287,-0.17706887,9.049655,3.8955152,3
30773997617245,-0.18185452,9.064013,3.9050865,3
30773999996152,-0.16749759,9.059227,3.9098723,3
30774002375058,-0.15792629,9.073584,3.9050865,3
30774004754016,-0.16271193,9.08794,3.900301,3
30774007132922,-0.16271193,9.064013,3.900301,3
30774009511881,-0.16271193,9.064013,3.8907297,3
30774011890787,-0.16271193,9.064013,3.9050865,3
30774014269693,-0.13878371,9.049655,3.9194436,3
30774016648652,-0.12921242,9.064013,3.9146578,3
30774019027558,-0.13399807,9.064013,3.8668015,3
30774021406412,-0.13878371,9.0544405,3.8955152,3
30774023785422,-0.12921242,9.068798,3.8907297,3
30774026164329,-0.11964113,9.068798,3.900301,3
30774028543287,-0.11964113,9.059227,3.900301,3
30774030922193,-0.11006984,9.040084,3.900301,3
30774033301152,-0.09571291,9.044869,3.8907297,3
30774035680058,-0.11964113,9.049655,3.9050865,3
30774038058964,-0.14356937,9.044869,3.9050865,3
30774040437922,-0.148355,9.059227,3.9098723,3
30774042816829,-0.13399807,9.035298,3.9242291,3
30774045195735,-0.17228323,9.044869,3.9146578,3
30774047574693,-0.20578274,9.035298,3.9098723,3
30774049953599,-0.2105684,9.049655,3.9194436,3
30774052332558,-0.22492532,9.064013,3.9194436,3
30774054711464,-0.19621146,9.0544405,3.9290147,3
30774057090370,-0.21535404,9.044869,3.9146578,3
30774059469329,-0.2105684,9.059227,3.9146578,3
30774061848235,-0.21535404,9.068798,3.8955152,3
30774064227193,-0.18664017,9.064013,3.9098723,3
30774066606099,-0.17228323,9.059227,3.9194436,3
30774068985006,-0.15792629,9.040084,3.9242291,3
30774071363964,-0.16749759,9.0544405,3.9194436,3
30774073742870,-0.13399807,9.0544405,3.9194436,3
30774076121829,-0.1052842,9.0544405,3.9242291,3
30774078500735,-0.11006984,9.049655,3.9290147,3
30774080879641,-0.09571291,9.049655,3.938586,3
30774083258599,-0.09092726,9.068798,3.9290147,3
30774085637506,-0.09571291,9.064013,3.9194436,3
30774088016412,-0.11006984,9.068798,3.9146578,3
30774090395370,-0.11485548,9.0544405,3.938586,3
30774092774277,-0.13399807,9.049655,3.9194436,3
30774095153235,-0.148355,9.035298,3.9098723,3
30774097532141,-0.15792629,9.044869,3.900301,3
30774099911047,-0.17228323,9.059227,3.9050865,3
30774102290006,-0.18185452,9.073584,3.900301,3
30774104668912,-0.19621146,9.078369,3.9146578,3
30774107047870,-0.19142582,9.068798,3.9098723,3
30774109426777,-0.20578274,9.073584,3.9098723,3
30774111805683,-0.20578274,9.064013,3.9050865,3
30774114184641,-0.2009971,9.044869,3.9050865,3
30774116563547,-0.18664017,9.0544405,3.9146578,3
30774118942506,-0.20578274,9.040084,3.900301,3
30774121321412,-0.17228323,9.044869,3.9050865,3
30774123700318,-0.15792629,9.035298,3.8955152,3
30774126079277,-0.13878371,9.049655,3.8907297,3
30774128458131,-0.124426775,9.059227,3.885944,3
30774130837141,-0.11485548,9.0544405,3.8763726,3
30774133216047,-0.10049855,9.068798,3.900301,3
30774135594954,-0.06699903,9.059227,3.9050865,3
30774137973912,-0.06699903,9.044869,3.9098723,3
30774140352818,-0.07178468,9.0544405,3.900301,3
30774142731777,-0.10049855,9.073584,3.9098723,3
30774145110683,-0.11485548,9.068798,3.9146578,3
30774147489589,-0.11485548,9.068798,3.9338005,3
30774149868547,-0.13878371,9.059227,3.9242291,3
30774152247454,-0.17706887,9.059227,3.9194436,3
30774154626360,-0.19142582,9.059227,3.9146578,3
30774157005318,-0.23449662,9.0544405,3.9290147,3
30774159384224,-0.2440679,9.068798,3.9242291,3
30774161763183,-0.2440679,9.073584,3.9050865,3
30774164142089,-0.22971097,9.059227,3.900301,3
30774166520995,-0.22971097,9.059227,3.9098723,3
30774168899954,-0.23449662,9.064013,3.9194436,3
30774171278860,-0.23928227,9.049655,3.9146578,3
30774173657818,-0.22492532,9.059227,3.9050865,3
30774176036724,-0.19142582,9.083155,3.9098723,3
30774178415631,-0.16749759,9.083155,3.9098723,3
30774180794589,-0.16271193,9.059227,3.9050865,3
30774183173495,-0.13399807,9.078369,3.900301,3
30774185552454,-0.124426775,9.059227,3.9146578,3
30774187931360,-0.09571291,9.040084,3.9098723,3
30774190310266,-0.06699903,9.035298,3.9146578,3
30774192689224,-0.06699903,9.049655,3.9146578,3
30774195068131,-0.05742774,9.049655,3.900301,3
30774197447089,-0.038285162,9.068798,3.9242291,3
30774199825995,-0.033499517,9.064013,3.9290147,3
30774202204902,-0.02871387,9.073584,3.9146578,3
30774204583860,-0.07178468,9.083155,3.9146578,3
30774206962766,-0.08135597,9.073584,3.9146578,3
30774209341672,-0.08135597,9.078369,3.900301,3
30774211720631,-0.10049855,9.078369,3.9146578,3
30774214099537,-0.11006984,9.08794,3.9194436,3
30774216478495,-0.11964113,9.08794,3.900301,3
30774218857402,-0.13399807,9.068798,3.9098723,3
30774221236360,-0.13878371,9.059227,3.9242291,3
30774223615266,-0.124426775,9.064013,3.9050865,3
30774225994172,-0.12921242,9.083155,3.9050865,3
30774228373131,-0.1052842,9.111869,3.9338005,3
30774230752037,-0.09092726,9.073584,3.9290147,3
30774233130943,-0.07178468,9.078369,3.9098723,3
30774235509902,-0.043070808,9.083155,3.9242291,3
30774237888808,-0.019142581,9.083155,3.938586,3
30774240267766,-0.009571291,9.059227,3.9194436,3
30774242646672,0.014356935,9.0544405,3.9194436,3
30774245025579,0.047856454,9.035298,3.900301,3
30774247404537,0.062213387,9.049655,3.8907297,3
30774249783443,0.07178468,9.044869,3.9050865,3
30774252162402,0.0526421,9.068798,3.885944,3
30774254541308,0.062213387,9.064013,3.885944,3
30774256920214,0.0526421,9.035298,3.8907297,3
30774259299172,0.033499517,9.059227,3.8763726,3
30774261678079,0.019142581,9.064013,3.8763726,3
30774264057037,-0.02871387,9.044869,3.8763726,3
30774266435943,-0.038285162,9.040084,3.8763726,3
30774268814849,-0.05742774,9.068798,3.8811584,3
30774271193808,-0.10049855,9.073584,3.885944,3
30774273572714,-0.124426775,9.068798,3.8811584,3
30774275951620,-0.148355,9.068798,3.8907297,3
30774278330579,-0.16749759,9.073584,3.885944,3
30774280709433,-0.16271193,9.073584,3.8955152,3
30774283088443,-0.16749759,9.068798,3.9146578,3
30774285467349,-0.17706887,9.073584,3.8955152,3
30774287846256,-0.18185452,9.08794,3.9050865,3
30774290225214,-0.17706887,9.068798,3.9242291,3
30774292604120,-0.13399807,9.059227,3.8907297,3
30774294983079,-0.11964113,9.059227,3.8955152,3
30774297361985,-0.1052842,9.078369,3.9050865,3
30774299740891,-0.07178468,9.078369,3.9194436,3
30774302119849,-0.06699903,9.078369,3.9050865,3
30774304498756,-0.05742774,9.092726,3.9050865,3
30774306877714,-0.062213387,9.064013,3.9098723,3
30774309256620,-0.07178468,9.049655,3.9242291,3
30774311635527,-0.07178468,9.049655,3.9242291,3
30774314014485,-0.07178468,9.040084,3.9194436,3
30774316393391,-0.08135597,9.016156,3.9098723,3
30774318772349,-0.08135597,9.044869,3.9194436,3
30774321151256,-0.11006984,9.044869,3.9050865,3
30774323530162,-0.15314065,9.025727,3.9146578,3
30774325909120,-0.16749759,9.020942,3.9146578,3
30774328288027,-0.17706887,9.020942,3.900301,3
30774330666933,-0.18185452,9.035298,3.8955152,3
30774333045891,-0.22492532,9.020942,3.900301,3
30774335424797,-0.22013968,9.049655,3.9338005,3
30774337803756,-0.23928227,9.049655,3.9290147,3
30774340182662,-0.24885355,9.040084,3.9146578,3
30774342561568,-0.22971097,9.044869,3.9290147,3
30774344940527,-0.22971097,9.030513,3.9242291,3
30774347319433,-0.21535404,9.049655,3.9242291,3
30774349698391,-0.19142582,9.068798,3.9338005,3
30774352077297,-0.17706887,9.068798,3.9242291,3
30774354456204,-0.16271193,9.068798,3.9290147,3
30774356835162,-0.14356937,9.073584,3.952943,3
30774359214068,-0.124426775,9.073584,3.9338005,3
30774361593027,-0.11964113,9.049655,3.9338005,3
30774363971933,-0.13399807,9.073584,3.9146578,3
30774366350891,-0.12921242,9.068798,3.9290147,3
30774368729797,-0.148355,9.059227,3.9194436,3
30774371108652,-0.148355,9.064013,3.9338005,3
30774373487662,-0.17228323,9.0544405,3.9338005,3
30774375866568,-0.17228323,9.0544405,3.9481573,3
30774378245474,-0.17228323,9.040084,3.952943,3
30774380624433,-0.17228323,9.025727,3.9242291,3
30774383003339,-0.18185452,9.006584,3.9194436,3
30774385382297,-0.20578274,9.016156,3.9194436,3
30774387761204,-0.2440679,9.025727,3.9242291,3
30774390140110,-0.24885355,9.030513,3.9290147,3
30774392519068,-0.2440679,9.030513,3.9290147,3
30774394897974,-0.24885355,9.044869,3.9242291,3
30774397276933,-0.2440679,9.064013,3.9242291,3
30774399655839,-0.23928227,9.083155,3.938586,3
30774402034745,-0.24885355,9.064013,3.9242291,3
30774404413704,-0.22971097,9.0544405,3.9338005,3
30774406792610,-0.2009971,9.044869,3.9338005,3
30774409171568,-0.18664017,9.044869,3.952943,3
30774411550474,-0.17706887,9.064013,3.9625144,3
30774413929381,-0.15792629,9.059227,3.9577286,3
30774416308339,-0.14356937,9.0544405,3.938586,3
30774418687245,-0.11964113,9.0544405,3.9625144,3
30774421066204,-0.11006984,9.059227,3.9864426,3
30774423445110,-0.11485548,9.064013,3.9864426,3
30774425824016,-0.11485548,9.068798,3.9768713,3
30774428202974,-0.09571291,9.059227,3.9625144,3
30774430581881,-0.10049855,9.059227,3.9338005,3
30774432960787,-0.09092726,9.078369,3.938586,3
30774435339745,-0.1052842,9.059227,3.9433718,3
30774437718652,-0.11485548,9.030513,3.9338005,3
30774440097610,-0.12921242,9.044869,3.9481573,3
30774442476516,-0.14356937,9.035298,3.9577286,3
30774444855474,-0.14356937,9.030513,3.9625144,3
30774447234381,-0.15314065,9.0544405,3.9768713,3
30774449613287,-0.15792629,9.035298,3.9625144,3
30774451992245,-0.2009971,9.001799,3.9673,3
30774454371152,-0.19142582,9.01137,3.9720855,3
30774456750110,-0.22492532,9.01137,3.9720855,3
30774459129016,-0.21535404,9.01137,3.9625144,3
30774461507922,-0.2105684,9.006584,3.9625144,3
30774463886881,-0.20578274,9.035298,3.9720855,3
30774466265787,-0.2009971,9.040084,3.9673,3
30774468644745,-0.20578274,9.035298,3.9768713,3
30774471023652,-0.18185452,9.035298,3.991228,3
30774473402558,-0.18185452,9.035298,3.9768713,3
30774475781516,-0.17228323,9.016156,3.9816568,3
30774478160422,-0.16271193,9.035298,3.9816568,3
30774480539381,-0.14356937,9.020942,3.9577286,3
30774482918287,-0.15314065,9.044869,3.9433718,3
30774485297193,-0.148355,9.049655,3.9768713,3
30774487676152,-0.15314065,9.035298,3.9816568,3
30774490055058,-0.13878371,9.040084,3.9720855,3
30774492434016,-0.13399807,9.044869,3.9673,3
30774494812922,-0.14356937,9.064013,3.9768713,3
30774497191829,-0.1052842,9.035298,3.9864426,3
30774499570787,-0.1052842,9.025727,3.9816568,3
30774501949693,-0.13399807,9.030513,3.9720855,3
30774504328652,-0.12921242,9.0544405,3.9720855,3
30774506707558,-0.12921242,9.040084,3.9864426,3
30774509086464,-0.12921242,9.035298,3.9720855,3
30774511465422,-0.14356937,9.030513,3.9673,3
30774513844329,-0.148355,9.020942,3.9577286,3
30774516223287,-0.148355,9.035298,3.938586,3
30774518602193,-0.17706887,9.035298,3.938586,3
30774520981099,-0.20578274,9.059227,3.9625144,3
30774523360058,-0.2105684,9.044869,3.9481573,3
30774525738964,-0.18185452,9.049655,3.952943,3
30774528117922,-0.19621146,9.049655,3.9290147,3
30774530496829,-0.19142582,9.044869,3.9433718,3
30774532875735,-0.19142582,9.044869,3.952943,3
30774535254693,-0.2009971,9.0544405,3.9481573,3
30774537633599,-0.21535404,9.049655,3.9290147,3
30774540012506,-0.22013968,9.040084,3.9290147,3
30774542391464,-0.20578274,9.059227,3.9433718,3
30774544770370,-0.17706887,9.078369,3.9338005,3
30774547149329,-0.17706887,9.0544405,3.9146578,3
30774549528235,-0.19621146,9.059227,3.9242291,3
30774551907193,-0.16271193,9.068798,3.938586,3
30774554286099,-0.148355,9.044869,3.9290147,3
30774556665006,-0.17228323,9.078369,3.9242291,3
30774559043964,-0.16271193,9.073584,3.9194436,3
30774561422870,-0.16271193,9.059227,3.9194436,3
30774563801777,-0.15314065,9.064013,3.9433718,3
30774566180735,-0.14356937,9.064013,3.9338005,3
30774568559641,-0.124426775,9.064013,3.938586,3
30774570938599,-0.11485548,9.0544405,3.9481573,3
30774573317506,-0.1052842,9.0544405,3.952943,3
30774575696412,-0.09092726,9.044869,3.9720855,3
30774578075370,-0.10049855,9.049655,3.9577286,3
30774580454277,-0.1052842,9.059227,3.952943,3
30774582833235,-0.09571291,9.044869,3.952943,3
30774585212141,-0.09092726,9.035298,3.9433718,3
30774587591047,-0.11006984,9.040084,3.9433718,3
30774589970006,-0.10049855,9.035298,3.938586,3
30774592348912,-0.10049855,9.040084,3.952943,3
30774594727870,-0.09571291,9.035298,3.9577286,3
30774597106777,-0.08135597,9.025727,3.9481573,3
30774599485683,-0.08135597,9.040084,3.938586,3
30774601864641,-0.07178468,9.025727,3.938586,3
30774604243547,-0.08135597,9.035298,3.9433718,3
30774606622506,-0.06699903,9.049655,3.9673,3
30774609001412,-0.08135597,9.044869,3.9577286,3
30774611380318,-0.086141616,9.040084,3.9673,3
30774613759277,-0.09092726,9.049655,3.9768713,3
30774616138183,-0.11485548,9.049655,3.9864426,3
30774618517141,-0.11964113,9.044869,3.991228,3
30774620896047,-0.11964113,9.0544405,3.9720855,3
30774623274954,-0.124426775,9.049655,3.9768713,3
30774625653912,-0.14356937,9.0544405,3.9864426,3
30774628032818,-0.14356937,9.059227,4.0007997,3
30774630411777,-0.15792629,9.064013,4.0151563,3
30774632790683,-0.16271193,9.068798,4.0151563,3
30774635169537,-0.148355,9.0544405,4.005585,3
30774637548547,-0.13878371,9.040084,4.0007997,3
30774639927454,-0.1052842,9.049655,4.0151563,3
30774642306412,-0.1052842,9.0544405,4.0151563,3
30774644685318,-0.09571291,9.049655,4.0103707,3
30774647064224,-0.086141616,9.049655,4.0151563,3
30774649443183,-0.07178468,9.025727,4.019942,3
30774651822089,-0.0526421,9.025727,4.0103707,3
30774654201047,-0.06699903,9.016156,4.019942,3
30774656579954,-0.05742774,9.006584,4.0295134,3
30774658958860,-0.07178468,9.006584,4.0438704,3
30774661337766,-0.05742774,9.016156,4.0534415,3
30774663716724,-0.047856454,9.01137,4.048656,3
30774666095683,-0.05742774,9.016156,4.024728,3
30774668474589,-0.05742774,8.992228,4.024728,3
30774670853495,-0.043070808,9.016156,4.034299,3
30774673232454,-0.047856454,9.016156,4.0438704,3
30774675611360,-0.062213387,9.016156,4.0438704,3
30774677990318,-0.06699903,9.006584,4.063013,3
30774680369224,-0.05742774,9.025727,4.0534415,3
30774682748131,-0.0526421,9.030513,4.0534415,3
30774685127089,-0.062213387,9.016156,4.024728,3
30774687505995,-0.062213387,9.030513,4.0295134,3
30774689884954,-0.062213387,9.001799,4.019942,3
30774692263860,-0.15314065,9.064013,4.072584,3
30774694642766,0.014356935,8.992228,3.9960139,3
30774697021724,-0.05742774,9.078369,4.1108694,3
30774699400631,-0.086141616,8.977871,4.1204405,3
30774701779589,-0.11485548,9.035298,4.115655,3
30774704158495,0.076570325,9.040084,4.0295134,3
30774706537402,-0.038285162,9.040084,4.0677986,3
30774708916360,-0.07178468,8.9348,4.0295134,3
30774711295266,-0.0526421,9.059227,4.101298,3
30774713674224,0.07178468,9.01137,4.0390844,3
30774716053131,-0.062213387,8.9826565,4.0965123,3
30774718432037,-0.06699903,8.958728,4.091727,3
30774720810995,-0.043070808,9.049655,4.072584,3
30774723189902,-0.0047856453,9.001799,3.991228,3
30774725568860,-0.07178468,8.958728,4.0295134,3
30774727947766,-0.076570325,9.01137,4.063013,3
30774730326672,-0.0526421,9.016156,4.0534415,3
30774732705631,-0.06699903,8.958728,4.063013,3
30774735084537,-0.1052842,8.977871,4.101298,3
30774737463495,-0.14356937,9.040084,4.072584,3
30774739842402,-0.11485548,8.987442,4.0007997,3
30774742221308,-0.148355,8.992228,4.0534415,3
30774744600266,-0.2009971,8.997013,4.091727,3
30774746979172,-0.20578274,8.992228,4.115655,3
30774749358131,-0.124426775,8.944371,4.063013,3
30774751737037,-0.17706887,8.987442,4.091727,3
30774754115943,-0.20578274,9.020942,4.072584,3
30774756494902,-0.19621146,8.977871,4.0677986,3
30774758873808,-0.148355,8.963513,4.0390844,3
30774761252766,-0.19621146,9.020942,4.082155,3
30774763631672,-0.2105684,9.025727,4.0965123,3
30774766010579,-0.18664017,8.9826565,4.091727,3
30774768389537,-0.18185452,9.025727,4.091727,3
30774770768443,-0.19142582,9.040084,4.106084,3
30774773147349,-0.17706887,9.01137,4.0677986,3
30774775526308,-0.17706887,9.001799,4.048656,3
30774777905214,-0.18185452,9.025727,4.058227,3
30774780284172,-0.19621146,9.006584,4.101298,3
30774782663079,-0.20578274,8.958728,4.101298,3
30774785042037,-0.18664017,8.977871,4.091727,3
30774787420943,-0.17706887,8.992228,4.063013,3
30774789799849,-0.23449662,8.987442,4.082155,3
30774792178808,-0.2440679,8.977871,4.0534415,3
30774794557714,-0.23928227,9.01137,4.063013,3
30774796936620,-0.23928227,9.001799,4.058227,3
30774799315579,-0.24885355,8.987442,4.101298,3
30774801694485,-0.21535404,8.958728,4.0773697,3
30774804073443,-0.2105684,9.01137,4.082155,3
30774806452349,-0.23449662,8.992228,4.091727,3
30774808831308,-0.2632105,8.992228,4.0773697,3
30774811210214,-0.2536392,9.006584,4.063013,3
30774813589120,-0.2536392,9.016156,4.048656,3
30774815968079,-0.25842485,9.016156,4.0773697,3
30774818346985,-0.25842485,9.01137,4.091727,3
30774820725943,-0.22492532,9.016156,4.063013,3
30774823104849,-0.19142582,9.020942,4.0295134,3
30774825483756,-0.20578274,9.025727,4.058227,3
30774827862714,-0.18185452,9.016156,4.058227,3
30774830241620,-0.17228323,9.025727,4.091727,3
30774832620579,-0.148355,9.01137,4.0677986,3
30774834999485,-0.13399807,8.992228,4.058227,3
30774837378391,-0.124426775,9.016156,4.0677986,3
30774839757349,-0.11006984,9.016156,4.058227,3
30774842136256,-0.076570325,9.006584,4.072584,3
30774844515214,-0.086141616,8.997013,4.034299,3
30774846894120,-0.09571291,9.01137,4.0295134,3
30774849273027,-0.05742774,9.01137,4.0390844,3
30774851651985,-0.043070808,9.001799,4.0295134,3
30774854030891,-0.062213387,9.006584,4.0438704,3
30774856409797,-0.062213387,9.006584,4.034299,3
30774858788756,-0.07178468,9.001799,4.0151563,3
30774861167662,-0.06699903,8.992228,4.0007997,3
30774863546620,-0.062213387,8.997013,4.024728,3
30774865925527,-0.043070808,8.973084,4.0438704,3
30774868304485,-0.023928227,8.992228,4.034299,3
30774870683391,0.0047856453,8.968299,4.0295134,3
30774873062297,0.023928227,8.9826565,4.0438704,3
30774875441256,0.043070808,8.992228,4.0438704,3
30774877820162,0.062213387,8.977871,4.034299,3
30774880199120,0.11006984,8.977871,4.0438704,3
30774882578027,0.15314065,9.001799,4.0438704,3
30774884956933,0.16749759,9.035298,4.0438704,3
30774887335891,0.17706887,9.059227,4.0869412,3
30774889714745,0.22492532,8.968299,3.9625144,3
30774892093756,0.11485548,9.111869,3.9625144,3
30774894472662,0.148355,9.092726,3.9864426,3
30774896851620,0.019142581,9.059227,4.0295134,3
30774899230527,-0.033499517,9.049655,4.072584,3
30774901609433,-0.10049855,9.064013,4.058227,3
30774903988391,-0.19142582,9.016156,3.9720855,3
30774906367297,-0.25842485,9.025727,3.9720855,3
30774908746204,-0.29192436,9.035298,4.019942,3
30774911125162,-0.33020952,9.01137,4.063013,3
30774913504068,-0.44027936,8.997013,4.048656,3
30774915883027,-0.4211368,8.997013,3.9960139,3
30774918261933,-0.4642076,9.016156,3.9816568,3
30774920640891,-0.47377887,8.997013,3.9720855,3
30774923019797,-0.4833502,9.030513,3.9864426,3
30774925398704,-0.46899325,9.030513,3.9768713,3
30774927777662,-0.43070808,9.006584,3.938586,3
30774930156568,-0.40677986,9.020942,3.952943,3
30774932535474,-0.3493521,9.040084,3.9720855,3
30774934914433,-0.31585258,9.025727,3.952943,3
30774937293339,-0.24885355,9.016156,3.9433718,3
30774939672297,-0.18185452,9.016156,3.9338005,3
30774942051204,-0.15314065,9.01137,3.938586,3
30774944430110,-0.11006984,9.001799,3.9673,3
30774946809068,-0.086141616,9.006584,3.9673,3
30774949187974,-0.06699903,9.01137,3.952943,3
30774951566933,-0.06699903,9.01137,3.9338005,3
30774953945839,-0.08135597,9.006584,3.9098723,3
30774956324797,-0.13399807,9.016156,3.9481573,3
30774958703704,-0.15792629,9.016156,3.9625144,3
30774961082610,-0.22492532,9.006584,3.938586,3
30774963461568,-0.28235307,9.020942,3.9146578,3
30774965840474,-0.34456646,9.030513,3.900301,3
30774968219381,-0.41635114,9.035298,3.9098723,3
30774970598339,-0.44506502,9.040084,3.9050865,3
30774972977245,-0.4642076,9.0544405,3.8811584,3
30774975356204,-0.47377887,9.059227,3.8955152,3
30774977735110,-0.4881358,9.049655,3.9098723,3
30774980114016,-0.47377887,9.068798,3.9194436,3
30774982492974,-0.4354937,9.092726,3.9433718,3
30774984871881,-0.37328035,9.097511,3.9050865,3
30774987250839,-0.29671,9.083155,3.9242291,3
30774989629745,-0.22971097,9.097511,3.9481573,3
30774992008652,-0.15792629,9.078369,3.9673,3
30774994387610,-0.08135597,9.078369,3.952943,3
30774996766516,-0.0047856453,9.08794,3.9050865,3
30774999145474,0.047856454,9.073584,3.8907297,3
30775001524381,0.09092726,9.040084,3.9098723,3
30775003903339,0.11006984,9.030513,3.9242291,3
30775006282245,0.09092726,9.044869,3.9098723,3
30775008661152,0.08135597,9.0544405,3.8476589,3
30775011040110,0.019142581,9.078369,3.7806597,3
30775013419016,-0.0526421,9.092726,3.7710886,3
30775015797974,-0.10049855,9.097511,3.8141594,3
30775018176881,-0.18664017,9.097511,3.8285162,3
30775020555787,-0.31106696,9.08794,3.8572302,3
30775022934745,-0.32542387,9.116654,3.8763726,3
30775025313652,-0.34456646,9.083155,3.8476589,3
30775027692610,-0.37806597,9.073584,3.8572302,3
30775030071516,-0.30149564,9.073584,3.900301,3
30775032450422,-0.25842485,9.064013,3.9146578,3
30775034829329,-0.20578274,9.049655,3.8620157,3
30775037208287,-0.18664017,9.102298,3.7950168,3
30775039587245,-0.11485548,9.140582,3.7998023,3
30775041966152,-0.09571291,9.131011,3.8620157,3
30775044345006,-0.11964113,9.12144,3.9481573,3
30775046724016,-0.15314065,9.212367,3.9864426,3
30775049102922,-0.16749759,9.202796,3.900301,3
30775051481881,-0.2536392,9.23151,3.8093736,3
30775053860787,-0.29192436,9.241081,3.7567315,3
30775056239693,-0.4019942,9.260223,3.7854455,3
30775058618652,-0.44027936,9.2075815,3.8668015,3
30775060997558,-0.5024927,9.183653,3.9433718,3
30775063376516,-0.5982057,9.212367,3.9577286,3
30775065755422,-0.64606214,9.15494,3.938586,3
30775068134329,-0.6364908,9.068798,3.8380876,3
30775070513287,-0.6412765,9.078369,3.8476589,3
30775072892193,-0.52163535,8.968299,3.7950168,3
30775075271152,-0.38763726,8.915657,3.8237305,3
30775077650058,-0.20578274,8.85823,3.8524444,3
30775080028964,-0.07178468,8.848659,3.952943,3
30775082407922,0.14356937,8.729017,3.9720855,3
30775084786829,0.23449662,8.853444,3.9768713,3
30775087165787,0.37806597,8.877372,3.7663028,3
30775089544693,0.40677986,8.925228,3.5844483,3
30775091923652,0.44985065,8.915657,3.4456646,3
30775094302558,0.39720857,9.001799,3.5844483,3
30775096681464,0.28713873,8.968299,3.790231,3
30775099060422,0.17228323,8.9826565,3.9433718,3
30775101439329,0.019142581,8.987442,3.8955152,3
30775103818183,-0.16749759,9.01137,3.7567315,3
30775106197193,-0.37806597,9.025727,3.6514473,3
30775108576099,-0.57906306,9.08794,3.694518,3
30775110955058,-0.7082755,9.08794,3.8380876,3
30775113333964,-0.79441714,9.059227,3.991228,3
30775115712922,-0.80877405,9.0544405,4.0773697,3
30775118091829,-0.6843473,9.0544405,4.0438704,3
30775120470735,-0.5024927,9.035298,3.9577286,3
30775122849693,-0.31106696,9.006584,3.9338005,3
30775125228599,-0.13399807,8.9826565,3.9577286,3
30775127607558,0.0526421,9.025727,4.0103707,3
30775129986464,0.2440679,9.01137,3.9960139,3
30775132365370,0.38763726,9.049655,3.9625144,3
30775134744329,0.5072784,9.08794,3.8620157,3
30775137123235,0.61734825,9.097511,3.7854455,3
30775139502193,0.6987042,9.111869,3.7567315,3
30775141881099,0.71306115,9.102298,3.7615173,3
30775144260006,0.72263247,9.102298,3.804588,3
30775146638964,0.6843473,9.073584,3.818945,3
30775149017870,0.60777694,9.064013,3.8285162,3
30775151396829,0.5024927,9.044869,3.842873,3
30775153775735,0.41156548,9.044869,3.8572302,3
30775156154641,0.3062813,9.016156,3.9050865,3
30775158533599,0.16271193,9.020942,3.9625144,3
30775160912506,0.062213387,9.01137,4.0295134,3
30775163291464,0.0,8.997013,4.0390844,3
30775165670370,-0.009571291,9.006584,4.058227,3
30775168049277,-0.033499517,8.997013,4.019942,3
30775170428235,-0.038285162,9.020942,3.9816568,3
30775172807141,0.009571291,9.025727,3.952943,3
30775175186099,0.05742774,9.035298,3.9481573,3
30775177565006,0.1052842,9.035298,3.9720855,3
30775179943912,0.18185452,9.059227,3.9816568,3
30775182322870,0.2632105,9.073584,3.952943,3
30775184701777,0.3493521,9.097511,3.9050865,3
30775187080735,0.42592242,9.116654,3.8620157,3
30775189459641,0.5407779,9.126225,3.8524444,3
30775191838547,0.65084773,9.116654,3.8907297,3
30775194217454,0.7322037,9.102298,3.9290147,3
30775196596412,0.7609176,9.08794,3.9433718,3
30775198975370,0.7609176,9.073584,3.9625144,3
30775201354277,0.72741807,9.068798,3.9673,3
30775203733235,0.6556334,9.068798,3.9673,3
30775206112141,0.53599226,9.0544405,3.991228,3
30775208491047,0.37806597,9.049655,4.0151563,3
30775210870006,0.22492532,9.049655,4.0390844,3
30775213248912,0.07178468,9.059227,4.0390844,3
30775215627870,-0.06699903,9.049655,4.019942,3
30775218006777,-0.17228323,9.044869,4.0007997,3
30775220385683,-0.25842485,9.059227,3.9864426,3
30775222764641,-0.33499518,9.059227,3.9768713,3
30775225143547,-0.35413775,9.030513,3.9577286,3
30775227522506,-0.32542387,9.049655,3.9481573,3
30775229901412,-0.28713873,9.044869,3.9481573,3
30775232280318,-0.19142582,9.0544405,3.9242291,3
30775234659277,-0.1052842,9.030513,3.9098723,3
30775237038183,-0.02871387,9.020942,3.8955152,3
30775239417141,0.09092726,8.987442,3.885944,3
30775241796047,0.19621146,8.963513,3.9242291,3
30775244174954,0.25842485,8.987442,3.938586,3
30775246553912,0.29671,8.963513,3.9768713,3
30775248932766,0.33020952,8.930014,3.9816568,3
30775251311777,0.31585258,8.9348,3.9768713,3
30775253690683,0.2727818,8.968299,3.9768713,3
30775256069589,0.22013968,8.997013,3.9816568,3
30775258448547,0.18664017,8.9826565,3.9768713,3
30775260827454,0.12921242,8.992228,3.991228,3
30775263206412,0.05742774,9.001799,3.9625144,3
30775265585318,-0.019142581,9.020942,3.9433718,3
30775267964277,-0.047856454,9.030513,3.9290147,3
30775270343183,-0.124426775,9.049655,3.938586,3
30775272722089,-0.13878371,9.040084,3.9433718,3
30775275101047,-0.18185452,9.073584,3.9242291,3
30775277479954,-0.19621146,9.073584,3.9338005,3
30775279858860,-0.21535404,9.08794,3.9242291,3
30775282237766,-0.21535404,9.083155,3.9338005,3
30775284616724,-0.22013968,9.08794,3.9481573,3
30775286995683,-0.18185452,9.078369,3.9481573,3
30775289374589,-0.148355,9.08794,3.9433718,3
30775291753495,-0.1052842,9.083155,3.9433718,3
30775294132454,-0.038285162,9.068798,3.9433718,3
30775296511360,0.023928227,9.073584,3.9768713,3
30775298890318,0.10049855,9.064013,3.9768713,3
30775301269224,0.13878371,9.0544405,3.9577286,3
30775303648183,0.19142582,9.073584,3.9338005,3
30775306027089,0.2009971,9.044869,3.9050865,3
30775308405995,0.23928227,9.044869,3.8907297,3
30775310784954,0.24885355,9.073584,3.9338005,3
30775313163860,0.19142582,9.064013,3.9146578,3
30775315542818,0.14356937,9.049655,3.938586,3
30775317921724,0.11006984,9.078369,3.9194436,3
30775320300631,0.043070808,9.078369,3.8907297,3
30775322679589,-0.033499517,9.092726,3.8380876,3
30775325058495,-0.1052842,9.107083,3.7806597,3
30775327437454,-0.18185452,9.102298,3.7854455,3
30775329816360,-0.23928227,9.116654,3.804588,3
30775332195318,-0.30149564,9.116654,3.8237305,3
30775334574224,-0.33499518,9.12144,3.8524444,3
30775336953131,-0.3589234,9.111869,3.8811584,3
30775339332089,-0.3684947,9.102298,3.8668015,3
30775341710995,-0.3493521,9.111869,3.8907297,3
30775344089849,-0.29192436,9.097511,3.8763726,3
30775346468860,-0.2536392,9.102298,3.8380876,3
30775348847766,-0.22492532,9.111869,3.8524444,3
30775351226724,-0.15314065,9.12144,3.8572302,3
30775353605631,-0.09571291,9.107083,3.842873,3
30775355984589,-0.0047856453,9.107083,3.8093736,3
30775358363495,0.09571291,9.12144,3.7663028,3
30775360742402,0.1052842,9.078369,3.7280176,3
30775363121360,0.12921242,9.044869,3.7998023,3
30775365500266,0.124426775,9.035298,3.9242291,3
30775367879224,0.1052842,9.030513,3.9720855,3
30775370258131,0.0526421,9.025727,3.8380876,3
30775372637037,-0.009571291,9.107083,3.6993039,3
30775375015995,-0.062213387,9.092726,3.5653057,3
30775377394902,-0.13399807,9.083155,3.5700915,3
30775379773860,-0.22492532,9.064013,3.694518,3
30775382152766,-0.33020952,9.040084,3.9290147,3
30775384531672,-0.37806597,8.949157,3.9577286,3
30775386910631,-0.44506502,8.997013,3.9768713,3
30775389289537,-0.44506502,9.059227,3.9433718,3
30775391668495,-0.4354937,9.073584,3.8668015,3
30775394047402,-0.41635114,9.0544405,3.6466618,3
30775396426308,-0.41156548,9.140582,3.5557344,3
30775398805266,-0.37328035,9.111869,3.6370904,3
30775401184172,-0.38285163,9.064013,3.8524444,3
30775403563131,-0.36370903,9.064013,4.072584,3
30775405942037,-0.35413775,9.092726,4.101298,3
30775408320943,-0.3397808,9.068798,3.8572302,3
30775410699902,-0.3062813,9.135797,3.5365918,3
30775413078808,-0.28235307,9.183653,3.3786657,3
30775415457766,-0.28713873,9.116654,3.4408789,3
30775417836672,-0.32542387,9.083155,3.7950168,3
30775420215579,-0.37328035,9.0544405,4.15394,3
30775422594537,-0.4211368,9.073584,4.2017965,3
30775424973443,-0.44985065,9.102298,3.9050865,3
30775427352349,-0.4881358,9.135797,3.5509489,3
30775429731308,-0.5312066,9.164511,3.3834512,3
30775432110266,-0.5694918,9.102298,3.5509489,3
30775434489120,-0.5886344,9.078369,3.952943,3
30775436868079,-0.6364908,9.064013,4.211368,3
30775439247037,-0.66041905,9.159725,4.1874394,3
30775441625943,-0.6412765,9.169296,3.7806597,3
30775444004902,-0.66999036,9.255438,3.397808,3
30775446383808,-0.6652047,9.284152,3.2207394,3
30775448762714,-0.7082755,9.312865,3.455236,3
30775451141672,-0.72263247,9.2793665,3.7710886,3
30775453520579,-0.7704889,9.317652,3.9481573,3
30775455899537,-0.7369894,9.312865,3.7710886,3
30775458278443,-0.72263247,9.365508,3.4360933,3
30775460657402,-0.6891329,9.375079,3.129812,3
30775463036308,-0.6939186,9.365508,3.0675986,3
30775465415214,-0.6652047,9.341579,3.249453,3
30775467794172,-0.6412765,9.317652,3.4600215,3
30775470173079,-0.61734825,9.341579,3.5413775,3
30775472552037,-0.6029913,9.360723,3.4073794,3
30775474930943,-0.55513483,9.413364,3.1633115,3
30775477309849,-0.526421,9.437292,2.8522446,3
30775479688808,-0.4881358,9.485149,2.7469604,3
30775482067714,-0.45942193,9.466006,2.8235307,3
30775484446672,-0.4546363,9.456435,3.0053852,3
30775486825579,-0.4354937,9.432507,3.0963125,3
30775489204485,-0.38763726,9.456435,3.0675986,3
30775491583443,-0.35413775,9.442079,2.8570302,3
30775493962349,-0.36370903,9.38465,2.6799614,3
30775496341308,-0.37806597,9.346365,2.7086751,3
30775498720214,-0.3684947,9.269794,2.9240294,3
30775501099120,-0.33499518,9.193225,3.2446675,3
30775503478079,-0.3397808,9.107083,3.4504502,3
30775505856985,-0.33020952,9.068798,3.455236,3
30775508235943,-0.3493521,9.040084,3.2877383,3
30775510614849,-0.36370903,9.059227,3.2063823,3
30775512993756,-0.37328035,9.059227,3.2446675,3
30775515372714,-0.38285163,9.08794,3.397808,3
30775517751620,-0.4019942,9.0544405,3.5605202,3
30775520130579,-0.3684947,9.064013,3.6658044,3
30775522509485,-0.34456646,9.073584,3.67059,3
30775524888391,-0.29671,9.083155,3.641876,3
30775527267349,-0.2727818,9.049655,3.656233,3
30775529646256,-0.21535404,9.0544405,3.751946,3
30775532025214,-0.16749759,9.049655,3.938586,3
30775534404120,-0.08135597,9.01137,4.091727,3
30775536783079,-0.014356935,8.997013,4.2592244,3
30775539161985,0.047856454,8.997013,4.3262234,3
30775541540891,0.13399807,9.006584,4.316652,3
30775543919849,0.24885355,8.997013,4.287938,3
30775546298756,0.32542387,8.997013,4.321438,3
30775548677714,0.44027936,8.992228,4.3932223,3
30775551056620,0.526421,8.973084,4.493721,3
30775553435527,0.57906306,8.977871,4.56072,3
30775555814485,0.6125626,8.977871,4.5415773,3
30775558193391,0.6221339,8.987442,4.4985065,3
30775560572349,0.59342,8.973084,4.421936,3
30775562951256,0.55513483,8.968299,4.426722,3
30775565330162,0.5312066,8.930014,4.469793,3
30775567709120,0.47856453,8.906086,4.575077,3
30775570088027,0.4019942,8.882157,4.599005,3
30775572466985,0.31585258,8.891729,4.570291,3
30775574845839,0.25842485,8.829515,4.503292,3
30775577224797,0.22013968,8.819944,4.4410787,3
30775579603756,0.19621146,8.810373,4.4171505,3
30775581982662,0.17228323,8.796016,4.4315076,3
30775584361620,0.19142582,8.815159,4.4315076,3
30775586740527,0.23449662,8.85823,4.3836513,3
30775589119485,0.3062813,8.891729,4.254439,3
30775591498391,0.38285163,8.925228,4.1108694,3
30775593877297,0.46899325,8.953942,3.9960139,3
30775596256256,0.5694918,8.953942,3.9625144,3
30775598635162,0.66041905,8.977871,3.9625144,3
30775601014068,0.75613195,8.977871,3.9625144,3
30775603393027,0.82313097,8.997013,3.9290147,3
30775605771933,0.9092726,9.001799,3.871587,3
30775608150891,0.9379865,9.025727,3.7854455,3
30775610529745,0.91884387,9.035298,3.7040894,3
30775612908756,0.91884387,9.0544405,3.6753755,3
30775615287662,0.89491564,9.092726,3.6658044,3
30775617666568,0.8662018,9.12144,3.656233,3
30775620045527,0.79441714,9.159725,3.6275191,3
30775622424433,0.7178468,9.178867,3.574877,3
30775624803391,0.64606214,9.221938,3.5318062,3
30775627182297,0.5838487,9.265009,3.4695928,3
30775629561256,0.526421,9.2793665,3.4695928,3
30775631940162,0.44985065,9.284152,3.5126636,3
30775634319068,0.4019942,9.2793665,3.546163,3
30775636698027,0.3589234,9.265009,3.5557344,3
30775639076933,0.35413775,9.236296,3.5653057,3
30775641455891,0.33020952,9.217153,3.546163,3
30775643834797,0.3493521,9.193225,3.5413775,3
30775646213704,0.3684947,9.188439,3.5796626,3
30775648592662,0.42592242,9.150154,3.656233,3
30775650971568,0.47856453,9.12144,3.7088752,3
30775653350474,0.526421,9.116654,3.7423747,3
30775655729433,0.5838487,9.111869,3.7184465,3
30775658108339,0.65084773,9.083155,3.7280176,3
30775660487297,0.6939186,9.049655,3.7423747,3
30775662866204,0.71306115,9.035298,3.7615173,3
30775665245162,0.72741807,9.01137,3.8380876,3
30775667624068,0.6891329,8.977871,3.900301,3
30775670002922,0.65084773,8.973084,3.9625144,3
30775672381933,0.6125626,8.939586,3.9960139,3
30775674760839,0.526421,8.9348,4.0103707,3
30775677139797,0.44506502,8.939586,4.0390844,3
30775679518704,0.37328035,8.939586,4.0965123,3
30775681897610,0.26799613,8.963513,4.15394,3
30775684276568,0.21535404,8.958728,4.240082,3
30775686655474,0.15314065,8.963513,4.278367,3
30775689034433,0.07178468,8.9826565,4.273581,3
30775691413339,0.038285162,8.987442,4.278367,3
30775693792297,0.033499517,9.01137,4.287938,3
30775696171204,0.033499517,8.992228,4.278367,3
30775698550110,0.043070808,9.020942,4.3262234,3
30775700929016,0.07178468,9.035298,4.3645086,3
30775703307974,0.14356937,9.035298,4.3645086,3
30775705686933,0.21535404,9.025727,4.354937,3
30775708065839,0.26799613,9.044869,4.321438,3
30775710444797,0.3684947,9.040084,4.3118663,3
30775712823704,0.41635114,9.049655,4.2927237,3
30775715202610,0.45942193,9.020942,4.26401,3
30775717581568,0.5168497,9.020942,4.23051,3
30775719960474,0.5455636,8.992228,4.168297,3
30775722339381,0.5694918,9.001799,4.115655,3
30775724718339,0.5886344,9.044869,4.072584,3
30775727097245,0.55034924,9.097511,4.063013,3
30775729476204,0.5599205,9.035298,3.991228,3
30775731855110,0.3924229,9.044869,3.9338005,3
30775734234068,0.3589234,9.073584,3.8811584,3
30775736612974,0.26799613,9.040084,3.8237305,3
30775738991829,0.15314065,9.044869,3.7998023,3
30775741370839,0.09571291,9.040084,3.8237305,3
30775743749745,0.0047856453,9.040084,3.885944,3
30775746128704,-0.0526421,8.992228,3.8476589,3
30775748507610,-0.0526421,9.001799,3.790231,3
30775750886568,0.019142581,8.997013,3.6993039,3
30775753265474,0.0,9.025727,3.6466618,3
30775755644381,0.06699903,9.040084,3.6227336,3
30775758023339,0.124426775,9.078369,3.656233,3
30775760402193,0.19142582,9.078369,3.6323047,3
30775762781152,0.22492532,9.0544405,3.574877,3
30775765160110,0.28235307,9.073584,3.546163,3
30775767539016,0.31585258,9.097511,3.5030923,3
30775769917974,0.31106696,9.083155,3.4791641,3
30775772296881,0.33020952,9.092726,3.5126636,3
30775774675839,0.31585258,9.126225,3.5270207,3
30775777054745,0.32542387,9.12144,3.5270207,3
30775779433652,0.32542387,9.126225,3.5365918,3
30775781812610,0.29192436,9.145369,3.5318062,3
30775784191516,0.27756742,9.135797,3.5126636,3
30775786570474,0.25842485,9.135797,3.5557344,3
30775788949381,0.22013968,9.140582,3.6227336,3
30775791328287,0.20578274,9.164511,3.6658044,3
30775793707245,0.15792629,9.174082,3.6610186,3
30775796086152,0.13878371,9.183653,3.694518,3
30775798465110,0.11006984,9.15494,3.694518,3
30775800844016,0.1052842,9.107083,3.7710886,3
30775803222922,0.11964113,9.107083,3.842873,3
30775805601881,0.11485548,9.097511,3.871587,3
30775807980787,0.09571291,9.068798,3.9098723,3
30775810359745,0.13878371,9.064013,3.9338005,3
30775812738652,0.15792629,9.049655,3.9433718,3
30775815117610,0.17706887,9.006584,3.938586,3
30775817496516,0.19621146,8.987442,3.9768713,3
30775819875422,0.19621146,8.9826565,4.019942,3
30775822254381,0.148355,8.973084,4.024728,3
30775824633287,0.16271193,8.968299,4.024728,3
30775827012193,0.11485548,8.997013,4.024728,3
30775829391152,0.062213387,8.992228,4.0438704,3
30775831770110,0.019142581,8.977871,4.0965123,3
30775834149016,-0.019142581,8.977871,4.139583,3
30775836527922,-0.08135597,8.949157,4.1635113,3
30775838906881,-0.13399807,8.930014,4.1635113,3
30775841285787,-0.12921242,8.977871,4.168297,3
30775843664693,-0.13399807,8.953942,4.182654,3
30775846043652,-0.11964113,8.963513,4.168297,3
30775848422558,-0.09092726,8.992228,4.139583,3
30775850801516,-0.06699903,8.973084,4.1204405,3
30775853180422,0.009571291,9.001799,4.139583,3
30775855559381,0.062213387,9.016156,4.15394,3
30775857938287,0.11964113,9.01137,4.1443686,3
30775860317193,0.17228323,9.044869,4.115655,3
30775862696152,0.20578274,9.068798,4.091727,3
30775865075058,0.22013968,9.035298,4.0869412,3
30775867454016,0.22013968,9.0544405,4.0965123,3
30775869832922,0.17706887,9.0544405,4.0869412,3
30775872211829,0.10049855,9.059227,4.0773697,3
30775874590787,0.038285162,9.064013,4.082155,3
30775876969693,-0.043070808,9.08794,4.0438704,3
30775879348652,-0.11964113,9.102298,4.0103707,3
30775881727558,-0.18664017,9.111869,3.991228,3
30775884106464,-0.2536392,9.135797,3.9577286,3
30775886485422,-0.32063824,9.12144,3.9481573,3
30775888864277,-0.36370903,9.102298,3.9290147,3
30775891243287,-0.33020952,9.126225,3.9050865,3
30775893622193,-0.33020952,9.111869,3.8524444,3
30775896001152,-0.31585258,9.092726,3.8285162,3
30775898380058,-0.2536392,9.092726,3.804588,3
30775900758964,-0.2009971,9.073584,3.7806597,3
30775903137922,-0.14356937,9.068798,3.7854455,3
30775905516829,-0.10049855,9.059227,3.7806597,3
30775907895787,-0.09092726,9.044869,3.7710886,3
30775910274589,-0.06699903,9.068798,3.7328033,3
30775912653599,-0.07178468,9.0544405,3.7328033,3
30775915032558,-0.09092726,9.049655,3.7280176,3
30775917411464,-0.10049855,9.0544405,3.7280176,3
30775919790422,-0.11485548,9.0544405,3.7136607,3
30775922169329,-0.11006984,9.073584,3.6993039,3
30775924548287,-0.086141616,9.078369,3.694518,3
30775926927193,-0.07178468,9.078369,3.6993039,3
30775929306099,-0.047856454,9.078369,3.694518,3
30775931685058,-0.023928227,9.097511,3.7088752,3
30775934063964,0.019142581,9.068798,3.7567315,3
30775936442922,0.033499517,9.073584,3.790231,3
30775938821829,0.047856454,9.078369,3.790231,3
30775941200735,0.038285162,9.08794,3.790231,3
30775943579693,0.0526421,9.068798,3.8141594,3
30775945958599,0.0526421,9.059227,3.8524444,3
30775948337558,0.076570325,9.049655,3.8620157,3
30775950716464,0.023928227,9.068798,3.8668015,3
30775953095370,0.019142581,9.083155,3.8955152,3
30775955474329,-0.0047856453,9.083155,3.938586,3
30775957853235,-0.033499517,9.068798,3.9577286,3
30775960232193,-0.047856454,9.083155,4.024728,3
30775962611047,-0.05742774,9.08794,4.0438704,3
30775964990058,-0.047856454,9.078369,4.0295134,3
30775967368964,-0.038285162,9.08794,4.024728,3
30775969747870,-0.009571291,9.102298,4.0773697,3
30775972126829,0.033499517,9.044869,4.115655,3
30775974505735,0.076570325,9.035298,4.1347976,3
30775976884693,0.148355,9.044869,4.1204405,3
30775979263599,0.2440679,9.040084,4.091727,3
30775981642506,0.29671,9.006584,4.0869412,3
30775984021464,0.34456646,8.997013,4.0965123,3
30775986400370,0.37328035,9.006584,4.106084,3
30775988779329,0.39720857,8.992228,4.125226,3
30775991158235,0.39720857,8.9826565,4.1443686,3
30775993537193,0.38285163,9.006584,4.130012,3
30775995916099,0.34456646,9.001799,4.106084,3
30775998295006,0.32063824,8.958728,4.106084,3
30776000673964,0.29671,8.977871,4.0965123,3
30776003052870,0.24885355,8.997013,4.101298,3
30776005431829,0.20578274,8.977871,4.0965123,3
30776007810735,0.19142582,8.963513,4.1108694,3
30776010189641,0.17228323,8.968299,4.0869412,3
30776012568599,0.16271193,8.977871,4.0390844,3
30776014947506,0.12921242,8.992228,4.0151563,3
30776017326464,0.124426775,9.020942,3.9864426,3
30776019705370,0.11485548,9.016156,3.9768713,3
30776022084329,0.11485548,9.025727,3.9625144,3
30776024463235,0.11964113,9.049655,3.9481573,3
30776026842141,0.124426775,9.059227,3.9290147,3
30776029221099,0.18185452,9.068798,3.885944,3
30776031600006,0.23449662,9.059227,3.8811584,3
30776033978964,0.25842485,9.064013,3.871587,3
30776036357870,0.32063824,9.059227,3.871587,3
30776038736777,0.35413775,9.068798,3.8524444,3
30776041115735,0.39720857,9.097511,3.8380876,3
30776043494641,0.4642076,9.12144,3.8237305,3
30776045873599,0.51206404,9.116654,3.7998023,3
30776048252506,0.53599226,9.126225,3.7950168,3
30776050631412,0.53599226,9.12144,3.8093736,3
30776053010370,0.52163535,9.102298,3.8333018,3
30776055389277,0.47856453,9.107083,3.8093736,3
30776057768235,0.4211368,9.131011,3.8141594,3
30776060147141,0.3924229,9.102298,3.8237305,3
30776062526099,0.33020952,9.092726,3.842873,3
30776064905006,0.2727818,9.092726,3.818945,3
30776067283912,0.22013968,9.111869,3.8333018,3
30776069662870,0.19142582,9.078369,3.842873,3
30776072041777,0.16271193,9.049655,3.8572302,3
30776074420735,0.2009971,9.049655,3.842873,3
30776076799641,0.23928227,9.044869,3.885944,3
30776079178547,0.27756742,9.025727,3.885944,3
30776081557506,0.3062813,9.040084,3.9194436,3
30776083936412,0.3589234,9.016156,3.9290147,3
30776086315370,0.38285163,8.987442,3.938586,3
30776088694277,0.39720857,9.006584,3.9481573,3
30776091073183,0.42592242,8.992228,3.9481573,3
30776093452141,0.4211368,8.977871,3.9194436,3
30776095831047,0.4019942,9.001799,3.900301,3
30776098210006,0.38285163,9.006584,3.9098723,3
30776100588912,0.32542387,8.997013,3.9290147,3
30776102967870,0.2632105,8.997013,3.9720855,3
30776105346777,0.22013968,9.016156,3.9864426,3
30776107725683,0.13878371,9.01137,3.9816568,3
30776110104641,0.09571291,9.025727,3.9720855,3
30776112483547,0.019142581,9.020942,3.9768713,3
30776114862506,-0.009571291,9.020942,3.9768713,3
30776117241412,-0.062213387,9.030513,3.9768713,3
30776119620370,-0.08135597,9.035298,3.991228,3
30776121999277,-0.13399807,9.016156,3.9960139,3
30776124378183,-0.17706887,9.016156,3.991228,3
30776126757141,-0.19621146,9.025727,3.9242291,3
30776129136047,-0.23449662,9.040084,3.8955152,3
30776131515006,-0.2536392,9.035298,3.885944,3
30776133893912,-0.28713873,9.040084,3.9146578,3
30776136272818,-0.31585258,9.035298,3.9577286,3
30776138651777,-0.33499518,9.030513,3.9720855,3
30776141030683,-0.33020952,9.025727,3.9481573,3
30776143409589,-0.34456646,9.040084,3.9194436,3
30776145788547,-0.3062813,9.064013,3.8907297,3
30776148167454,-0.29671,9.030513,3.9146578,3
30776150546412,-0.28713873,9.035298,3.9481573,3
30776152925318,-0.2727818,9.044869,3.9720855,3
30776155304277,-0.2632105,9.020942,3.9481573,3
30776157683183,-0.2632105,9.001799,3.900301,3
30776160062089,-0.32063824,9.0544405,3.8907297,3
30776162441047,-0.34456646,9.059227,3.9050865,3
30776164819954,-0.40677986,9.064013,3.9481573,3
30776167198912,-0.4642076,9.097511,3.9625144,3
30776169577818,-0.5455636,9.116654,3.9625144,3
30776171956777,-0.6125626,9.111869,3.9625144,3
30776174335683,-0.65084773,9.08794,3.9433718,3
30776176714589,-0.6987042,9.092726,3.9481573,3
30776179093547,-0.71306115,9.049655,3.9673,3
30776181472454,-0.7322037,9.030513,4.0007997,3
30776183851412,-0.7369894,9.040084,3.9673,3
30776186230318,-0.7178468,9.049655,3.938586,3
30776188609224,-0.70348984,9.020942,3.9577286,3
30776190988183,-0.6652047,9.006584,3.938586,3
30776193367089,-0.60777694,9.006584,3.9050865,3
30776195746047,-0.5694918,9.016156,3.885944,3
30776198124954,-0.52163535,9.01137,3.871587,3
30776200503912,-0.4833502,8.992228,3.842873,3
30776202882818,-0.4354937,9.035298,3.8285162,3
30776205261724,-0.4211368,9.016156,3.871587,3
30776207640683,-0.38285163,9.020942,3.8811584,3
30776210019589,-0.4211368,9.059227,3.842873,3
30776212398547,-0.43070808,9.049655,3.8093736,3
30776214777454,-0.5072784,9.064013,3.8237305,3
30776217156412,-0.5455636,9.068798,3.8955152,3
30776219535318,-0.6125626,9.059227,3.9290147,3
30776221914224,-0.67477596,9.044869,3.9577286,3
30776224293183,-0.72741807,9.040084,3.9290147,3
30776226672089,-0.72741807,9.059227,3.9098723,3
30776229051047,-0.72741807,9.078369,3.8811584,3
30776231429954,-0.71306115,9.097511,3.8955152,3
30776233808912,-0.67477596,9.102298,3.900301,3
30776236187818,-0.63170516,9.12144,3.9098723,3
30776238566724,-0.6029913,9.111869,3.885944,3
30776240945683,-0.5407779,9.097511,3.8763726,3
30776243324589,-0.5312066,9.102298,3.9050865,3
30776245703547,-0.4881358,9.068798,3.900301,3
30776248082454,-0.4546363,9.068798,3.8955152,3
30776250461360,-0.44985065,9.049655,3.9098723,3
30776252840318,-0.4642076,9.0544405,3.9816568,3
30776255219224,-0.44506502,9.016156,3.991228,3
30776257598183,-0.42592242,9.020942,3.9816568,3
30776259977089,-0.43070808,9.030513,3.9481573,3
30776262355995,-0.4211368,9.020942,3.9098723,3
30776264734954,-0.43070808,9.035298,3.9146578,3
30776267113860,-0.46899325,9.044869,3.9242291,3
30776269492818,-0.49292147,9.049655,3.9433718,3
30776271871724,-0.4881358,9.0544405,3.952943,3
30776274250631,-0.5168497,9.064013,3.9481573,3
30776276629589,-0.5599205,9.073584,3.952943,3
30776279008495,-0.5599205,9.078369,3.9194436,3
30776281387454,-0.5694918,9.059227,3.9194436,3
30776283766360,-0.5455636,9.040084,3.9768713,3
30776286145318,-0.5024927,9.035298,3.9816568,3
30776288524224,-0.47856453,9.020942,4.0007997,3
30776290903131,-0.4354937,9.016156,3.9864426,3
30776293282089,-0.4019942,9.025727,3.9720855,3
30776295660995,-0.35413775,9.049655,3.9433718,3
30776298039954,-0.32063824,9.049655,3.9098723,3
30776300418860,-0.29192436,9.049655,3.9338005,3
30776302797818,-0.2632105,9.0544405,3.9481573,3
30776305176724,-0.2727818,9.0544405,3.9816568,3
30776307555631,-0.27756742,9.0544405,3.991228,3
30776309934589,-0.30149564,9.078369,3.9673,3
30776312313495,-0.32542387,9.073584,3.9433718,3
30776314692454,-0.34456646,9.044869,3.9577286,3
30776317071360,-0.3924229,9.083155,3.9577286,3
30776319450266,-0.4354937,9.049655,3.952943,3
30776321829224,-0.4881358,9.0544405,3.9625144,3
30776324208131,-0.52163535,9.0544405,3.9768713,3
30776326587089,-0.52163535,9.073584,3.9720855,3
30776328965995,-0.52163535,9.059227,3.9194436,3
30776331344954,-0.5312066,9.059227,3.8907297,3
30776333723860,-0.5072784,9.078369,3.938586,3
30776336102714,-0.45942193,9.068798,3.938586,3
30776338481724,-0.41156548,9.068798,3.9242291,3
30776340860631,-0.37328035,9.08794,3.9194436,3
30776343239589,-0.3062813,9.068798,3.8907297,3
30776345618495,-0.23928227,9.064013,3.8572302,3
30776347997454,-0.19142582,9.078369,3.842873,3
30776350376360,-0.15792629,9.083155,3.8572302,3
30776352755266,-0.09092726,9.035298,3.8763726,3
30776355134224,-0.038285162,9.059227,3.900301,3
30776357513131,-0.038285162,9.064013,3.885944,3
30776359892089,-0.033499517,9.044869,3.8524444,3
30776362270995,-0.023928227,9.016156,3.8572302,3
30776364649902,-0.019142581,9.073584,3.8572302,3
30776367028860,-0.047856454,9.064013,3.885944,3
30776369407766,-0.09092726,9.044869,3.8907297,3
30776371786724,-0.18185452,9.111869,3.9338005,3
30776374165631,-0.17228323,9.040084,3.8907297,3
30776376544537,-0.22971097,9.01137,3.900301,3
30776378923495,-0.18664017,9.016156,3.9098723,3
30776381302402,-0.15792629,9.016156,3.9338005,3
30776383681360,-0.047856454,8.977871,3.9338005,3
30776386060266,0.019142581,9.006584,3.9433718,3
30776388439224,0.14356937,9.001799,3.9338005,3
30776390818131,0.2536392,8.9826565,3.9242291,3
30776393197089,0.32063824,9.01137,3.9146578,3
30776395575995,0.37328035,9.044869,3.900301,3
30776397954902,0.36370903,9.044869,3.8141594,3
30776400333860,0.33499518,9.064013,3.790231,3
30776402712766,0.2536392,9.073584,3.8333018,3
30776405091724,0.15792629,9.030513,3.8955152,3
30776407470631,0.09571291,9.001799,3.9338005,3
30776409849537,0.014356935,9.049655,3.9050865,3
30776412228495,-0.023928227,9.020942,3.871587,3
30776414607402,-0.023928227,8.997013,3.900301,3
30776416986360,0.023928227,9.006584,4.0151563,3
30776419365266,0.062213387,9.030513,4.101298,3
30776421744172,0.15792629,8.997013,4.091727,3
30776424123131,0.22492532,9.049655,4.005585,3
30776426502037,0.3397808,9.097511,3.8668015,3
30776428880995,0.40677986,9.064013,3.8237305,3
30776431259902,0.43070808,9.040084,3.8620157,3
30776433638808,0.44506502,9.044869,3.938586,3
30776436017766,0.4354937,9.0544405,4.005585,3
30776438396672,0.38285163,9.020942,4.019942,3
30776440775631,0.28713873,9.040084,4.019942,3
30776443154537,0.2105684,9.025727,3.9864426,3
30776445533495,0.11006984,9.01137,3.9720855,3
30776447912402,0.02871387,9.025727,3.9673,3
30776450291360,-0.038285162,9.025727,3.9816568,3
30776452670266,-0.1052842,9.001799,4.019942,3
30776455049172,-0.11006984,8.9826565,4.0390844,3
30776457428131,-0.1052842,9.006584,4.019942,3
30776459807037,-0.076570325,9.006584,3.9577286,3
30776462185995,-0.033499517,9.016156,3.9098723,3
30776464564902,0.05742774,9.025727,3.9146578,3
30776466943808,0.09571291,9.001799,3.9146578,3
30776469322766,0.15314065,9.01137,3.938586,3
30776471701672,0.16749759,8.992228,3.9290147,3
30776474080631,0.17228323,8.9826565,3.9290147,3
30776476459537,0.086141616,8.992228,3.8811584,3
30776478838495,-0.009571291,9.0544405,3.8907297,3
30776481217402,-0.062213387,9.044869,3.8572302,3
30776483596308,-0.17228323,9.049655,3.8907297,3
30776485975266,-0.2536392,9.0544405,3.900301,3
30776488354172,-0.36370903,9.083155,3.9194436,3
30776490733131,-0.39720857,9.073584,3.9242291,3
30776493112037,-0.42592242,9.078369,3.9098723,3
30776495490943,-0.4019942,9.0544405,3.8907297,3
30776497869902,-0.35413775,9.044869,3.8572302,3
30776500248808,-0.30149564,9.049655,3.8476589,3
30776502627766,-0.2536392,9.049655,3.871587,3
30776505006672,-0.17706887,9.030513,3.8763726,3
30776507385631,-0.16749759,9.035298,3.8524444,3
30776509764537,-0.15792629,9.040084,3.8141594,3
30776512143443,-0.2009971,9.040084,3.804588,3
30776514522402,-0.2440679,9.035298,3.8093736,3
30776516901308,-0.29671,9.0544405,3.804588,3
30776519280266,-0.38763726,9.049655,3.7615173,3
30776521659172,-0.49292147,9.035298,3.7710886,3
30776524038131,-0.59342,9.020942,3.7950168,3
30776526417037,-0.6412765,9.035298,3.8476589,3
30776528795943,-0.6652047,9.006584,3.871587,3
30776531174902,-0.6843473,9.020942,3.8572302,3
30776533553808,-0.70348984,9.01137,3.804588,3
30776535932766,-0.70348984,9.035298,3.790231,3
30776538311672,-0.70348984,9.001799,3.7710886,3
30776540690579,-0.72741807,9.040084,3.842873,3
30776543069537,-0.7465607,9.006584,3.871587,3
30776545448443,-0.7513463,9.025727,3.9481573,3
30776547827402,-0.79441714,9.040084,3.9290147,3
30776550206308,-0.82313097,9.078369,3.8907297,3
30776552585214,-0.8422736,9.078369,3.8093736,3
30776554964172,-0.8566305,9.111869,3.7998023,3
30776557343079,-0.83748794,9.08794,3.8237305,3
30776559722037,-0.80877405,9.107083,3.9050865,3
30776562100943,-0.7752745,9.092726,3.9194436,3
30776564479902,-0.7322037,9.073584,3.938586,3
30776566858808,-0.6891329,9.059227,3.9146578,3
30776569237714,-0.6412765,9.035298,3.9290147,3
30776571616672,-0.6269195,9.035298,3.9338005,3
30776573995579,-0.61734825,9.049655,3.9194436,3
30776576374537,-0.63170516,9.059227,3.938586,3
30776578753443,-0.66999036,9.0544405,3.9577286,3
30776581132402,-0.6795616,9.030513,3.9864426,3
30776583511308,-0.7322037,9.040084,3.9481573,3
30776585890214,-0.79920274,9.059227,3.9194436,3
30776588269172,-0.8566305,9.064013,3.8907297,3
30776590648079,-0.91405827,9.040084,3.8955152,3
30776593027037,-0.94277215,9.035298,3.9338005,3
30776595405943,-0.971486,9.016156,3.9768713,3
30776597784849,-1.0049855,8.997013,3.9720855,3
30776600163808,-1.0145568,8.987442,3.9625144,3
30776602542714,-1.0336994,8.987442,3.9577286,3
30776604921672,-1.0193424,8.997013,3.9242291,3
30776607300579,-1.0001999,9.001799,3.9290147,3
30776609679537,-0.9810573,8.992228,3.9242291,3
30776612058443,-0.95712906,8.987442,3.9433718,3
30776614437349,-0.8997013,8.987442,3.938586,3
30776616816308,-0.8805587,8.992228,3.9098723,3
30776619195214,-0.85184485,8.997013,3.871587,3
30776621574172,-0.83748794,8.992228,3.8237305,3
30776623953079,-0.80877405,8.987442,3.804588,3
30776626332037,-0.79441714,8.997013,3.8093736,3
30776628710943,-0.82313097,8.997013,3.8141594,3
30776631089849,-0.83748794,9.016156,3.8141594,3
30776633468808,-0.8279166,9.020942,3.8141594,3
30776635847714,-0.83748794,9.078369,3.8524444,3
30776638226672,-0.90448695,9.116654,3.7423747,3
30776640605579,-0.9619147,9.140582,3.7806597,3
30776642984537,-0.8279166,9.020942,3.7567315,3
30776645363443,-1.052842,9.145369,3.737589,3
30776647742402,-1.0863415,9.131011,3.7567315,3
30776650121308,-1.0815558,9.111869,3.871587,3
30776652500214,-1.2251252,9.145369,3.8811584,3
30776654879172,-1.3782659,9.217153,3.8237305,3
30776657258079,-1.3734802,9.150154,3.7710886,3
30776659637037,-1.4261223,9.174082,3.818945,3
30776662015943,-1.5266209,9.193225,3.8572302,3
30776664394849,-1.4452649,9.150154,3.8955152,3
30776666773808,-1.3686945,9.102298,3.885944,3
30776669152714,-1.2729816,9.12144,3.8524444,3
30776671531672,-1.1533405,9.131011,3.8141594,3
30776673910579,-0.9667004,9.078369,3.751946,3
30776676289485,-0.86141616,9.102298,3.7040894,3
30776678668443,-0.7609176,9.097511,3.751946,3
30776681047349,-0.7178468,9.064013,3.8380876,3
30776683426308,-0.6795616,9.035298,3.8380876,3
30776685805214,-0.67477596,9.107083,3.8333018,3
30776688184172,-0.6891329,9.097511,3.7184465,3
30776690563079,-0.76570326,9.116654,3.6658044,3
30776692941985,-0.7609176,9.126225,3.6275191,3
30776695320943,-0.79920274,9.169296,3.6849468,3
30776697699849,-0.8709874,9.097511,3.7088752,3
30776700078808,-0.9092726,9.126225,3.7854455,3
30776702457714,-0.9092726,9.135797,3.7998023,3
30776704836672,-0.9667004,9.102298,3.8141594,3
30776707215579,-1.0001999,9.059227,3.751946,3
30776709594485,-0.971486,9.092726,3.7136607,3
30776711973391,-0.98584294,9.097511,3.6849468,3
30776714352349,-0.98584294,9.035298,3.7615173,3
30776716731308,-1.038485,9.0544405,3.9050865,3
30776719110162,-1.0624132,9.059227,3.9577286,3
30776721489120,-1.0719845,9.083155,3.9098723,3
30776723868079,-1.052842,9.116654,3.8476589,3
30776726246985,-1.0001999,9.135797,3.7854455,3
30776728625943,-0.89491564,9.131011,3.818945,3
30776731004849,-0.74177504,9.107083,3.8955152,3
30776733383808,-0.6556334,9.102298,3.9481573,3
30776735762714,-0.55034924,9.097511,3.9146578,3
30776738141620,-0.4354937,9.08794,3.7854455,3
30776740520579,-0.36370903,9.068798,3.7280176,3
30776742899433,-0.34456646,9.068798,3.7471602,3
30776745278443,-0.3493521,9.0544405,3.8333018,3
30776747657349,-0.32063824,9.020942,3.938586,3
30776750036308,-0.33499518,9.044869,4.019942,3
30776752415214,-0.3684947,9.016156,3.9673,3
30776754794120,-0.40677986,9.001799,3.8524444,3
30776757173079,-0.43070808,9.025727,3.7615173,3
30776759551985,-0.526421,9.044869,3.7998023,3
30776761930943,-0.6125626,9.020942,3.9098723,3
30776764309797,-0.6987042,9.006584,3.9768713,3
30776766688808,-0.7848458,9.01137,3.9098723,3
30776769067714,-0.8709874,9.044869,3.8620157,3
30776771446620,-0.9810573,9.020942,3.8141594,3
30776773825579,-1.0863415,9.078369,3.8620157,3
30776776204485,-1.1389836,9.097511,3.9194436,3
30776778583443,-1.18684,9.059227,3.9864426,3
30776780962349,-1.1772687,9.059227,4.0151563,3
30776783341308,-1.0959128,9.078369,4.005585,3
30776785720214,-0.9619147,9.08794,3.991228,3
30776788099120,-0.8709874,9.068798,3.9864426,3
30776790478079,-0.7513463,9.068798,4.0007997,3
30776792856985,-0.59342,9.078369,4.005585,3
30776795235943,-0.44985065,9.068798,4.034299,3
30776797614849,-0.32542387,9.035298,4.0677986,3
30776799993808,-0.22013968,9.030513,4.058227,3
30776802372714,-0.13878371,8.9826565,3.9864426,3
30776804751620,-0.1052842,9.0544405,4.019942,3
30776807130579,-0.09571291,9.116654,4.0677986,3
30776809509485,-0.2009971,8.695518,3.522235,3
30776811888443,-0.12921242,9.341579,4.048656,3
30776814267349,-0.36370903,8.800801,3.9242291,3
30776816646308,-0.4642076,9.111869,4.551149,3
30776819025214,-0.44027936,8.729017,3.871587,3
30776821404120,-0.75613195,9.312865,3.9960139,3
30776823783079,-0.63170516,8.705089,3.3355947,3
30776826161985,-0.9954142,9.241081,4.0677986,3
30776828540943,-0.7800602,8.733803,3.9481573,3
30776830919849,-1.0959128,9.169296,4.503292,3
30776833298808,-0.81834537,8.681161,3.818945,3
30776835677714,-1.038485,9.169296,4.005585,3
30776838056620,-0.7752745,8.839087,3.6610186,3
30776840435579,-0.8709874,9.040084,4.0869412,3
30776842814485,-0.7178468,8.843872,3.9625144,3
30776845193443,-0.70348984,9.040084,4.0295134,3
30776847572349,-0.55034924,8.9348,3.8907297,3
30776849951256,-0.4546363,8.968299,4.063013,3
30776852330214,-0.40677986,8.949157,4.048656,3
30776854709120,-0.32542387,9.040084,4.0677986,3
30776857088079,-0.3062813,8.944371,3.842873,3
30776859466933,-0.3397808,9.049655,3.885944,3
30776861845943,-0.32063824,9.016156,3.9625144,3
30776864224849,-0.40677986,9.078369,4.1874394,3
30776866603756,-0.38285163,8.953942,4.1108694,3
30776868982714,-0.5072784,9.068798,4.048656,3
30776871361568,-0.4354937,9.030513,3.8524444,3
30776873740579,-0.60777694,9.073584,3.9960139,3
30776876119485,-0.5838487,8.987442,4.024728,3
30776878498443,-0.7609176,9.083155,4.139583,3
30776880877349,-0.7465607,9.020942,3.9864426,3
30776883256256,-0.8853444,9.035298,3.9816568,3
30776885635214,-0.8805587,9.001799,3.9864426,3
30776888014120,-0.971486,9.040084,4.082155,3
30776890393079,-0.971486,9.001799,4.0151563,3
30776892771985,-1.0480564,9.001799,3.9673,3
30776895150943,-1.0097711,8.997013,3.9050865,3
30776897529849,-1.0289137,8.977871,3.9960139,3
30776899908756,-0.94755775,8.925228,4.048656,3
30776902287714,-0.95712906,8.953942,4.034299,3
30776904666620,-0.83748794,8.963513,3.9481573,3
30776907045579,-0.8853444,8.953942,3.871587,3
30776909424485,-0.7369894,8.930014,3.9146578,3
30776911803443,-0.7848458,8.9013,4.024728,3
30776914182349,-0.66999036,8.882157,4.0534415,3
30776916561308,-0.7082755,8.886943,4.005585,3
30776918940214,-0.66041905,8.9013,3.9577286,3
30776921319120,-0.6987042,8.9108715,3.9625144,3
30776923698079,-0.7082755,8.925228,4.0295134,3
30776926076985,-0.7322037,8.925228,4.0390844,3
30776928455943,-0.75613195,8.9826565,4.0534415,3
30776930834849,-0.7896315,8.949157,4.0103707,3
30776933213756,-0.8853444,9.001799,4.058227,3
30776935592714,-0.8997013,8.977871,4.048656,3
30776937971620,-0.95712906,9.025727,4.0773697,3
30776940350579,-0.9619147,8.9826565,4.0438704,3
30776942729485,-1.0624132,9.049655,4.0869412,3
30776945108443,-1.0576276,9.035298,4.091727,3
30776947487349,-1.0815558,9.068798,4.139583,3
30776949866308,-1.1150553,9.064013,4.0869412,3
30776952245214,-1.0959128,9.073584,4.0103707,3
30776954624120,-1.105484,9.030513,3.9433718,3
30776957003079,-1.1102697,9.102298,4.034299,3
30776959381985,-1.0863415,9.078369,4.101298,3
30776961760891,-1.0815558,9.0544405,4.0965123,3
30776964139849,-0.9667004,9.001799,3.8141594,3
30776966518756,-0.971486,9.083155,3.656233,3
30776968897714,-0.91405827,9.068798,3.7615173,3
30776971276620,-0.8997013,8.9826565,4.072584,3
30776973655579,-0.8757731,8.949157,4.2257247,3
30776976034485,-0.8757731,8.968299,4.0007997,3
30776978413443,-0.81834537,9.020942,3.6849468,3
30776980792349,-0.8135597,9.001799,3.5892339,3
30776983171204,-0.8135597,8.958728,3.7950168,3
30776985550214,-0.85184485,8.9348,4.005585,3
30776987929120,-0.8279166,8.9108715,3.9864426,3
30776990308079,-0.8566305,8.9108715,3.842873,3
30776992686985,-0.8805587,8.9348,3.7758741,3
30776995065891,-0.94277215,8.9108715,3.9050865,3
30776997444849,-0.9810573,8.9348,4.019942,3
30776999823756,-1.052842,8.920443,3.9481573,3
30777002202714,-1.0815558,8.977871,3.8237305,3
30777004581620,-1.1485549,8.992228,3.7615173,3
30777006960579,-1.18684,9.073584,3.9098723,3
30777009339485,-1.1916257,9.044869,3.9816568,3
30777011718443,-1.2011969,9.064013,3.9673,3
30777014097349,-1.1437693,9.0544405,3.8093736,3
30777016476256,-1.1724831,9.140582,3.790231,3
30777018855214,-1.1102697,9.097511,3.8620157,3
30777021234120,-1.1102697,9.12144,4.0103707,3
30777023613079,-1.038485,9.068798,3.9433718,3
30777025991985,-1.0001999,9.126225,3.8668015,3
30777028370943,-0.8709874,9.102298,3.804588,3
30777030749849,-0.8327023,9.107083,3.9433718,3
30777033128756,-0.7513463,9.073584,4.0103707,3
30777035507714,-0.6939186,9.068798,3.9673,3
30777037886620,-0.6029913,9.068798,3.8285162,3
30777040265579,-0.6029913,9.078369,3.8141594,3
30777042644485,-0.5886344,9.049655,3.900301,3
30777045023443,-0.6412765,9.016156,4.034299,3
30777047402349,-0.64606214,8.987442,3.9864426,3
30777049781256,-0.6939186,8.992228,3.8572302,3
30777052160214,-0.7369894,9.01137,3.7567315,3
30777054539120,-0.7896315,9.040084,3.8476589,3
30777056918079,-0.85184485,9.016156,3.9673,3
30777059296985,-0.8709874,8.992228,3.9720855,3
30777061675891,-0.8853444,8.977871,3.885944,3
30777064054849,-0.8853444,8.987442,3.8237305,3
30777066433704,-0.8805587,8.9826565,3.885944,3
30777068812714,-0.8662018,8.992228,3.9242291,3
30777071191620,-0.8805587,9.016156,3.9050865,3
30777073570579,-0.85184485,9.059227,3.8380876,3
30777075949485,-0.83748794,9.064013,3.842873,3
30777078328443,-0.7609176,9.044869,3.938586,3
30777080707349,-0.7322037,9.073584,4.024728,3
30777083086256,-0.6939186,9.097511,3.9720855,3
30777085465214,-0.6843473,9.097511,3.8524444,3
30777087844120,-0.6221339,9.083155,3.7854455,3
30777090223079,-0.5694918,9.092726,3.900301,3
30777092601985,-0.5072784,9.073584,3.9768713,3
30777094980943,-0.47856453,9.068798,3.9577286,3
30777097359849,-0.46899325,9.073584,3.8476589,3
30777099738756,-0.45942193,9.078369,3.7806597,3
30777102117714,-0.4833502,9.08794,3.8141594,3
30777104496620,-0.46899325,9.092726,3.885944,3
30777106875579,-0.5168497,9.064013,3.9146578,3
30777109254485,-0.55513483,9.040084,3.885944,3
30777111633443,-0.5982057,9.016156,3.871587,3
30777114012349,-0.6221339,9.020942,3.9050865,3
30777116391256,-0.67477596,9.030513,3.9050865,3
30777118770214,-0.70348984,9.01137,3.8620157,3
30777121149120,-0.71306115,9.025727,3.8333018,3
30777123528079,-0.6891329,9.025727,3.8141594,3
30777125906985,-0.72741807,9.001799,3.871587,3
30777128285943,-0.6987042,8.997013,3.9768713,3
30777130664849,-0.66041905,9.001799,3.952943,3
30777133043756,-0.6364908,8.997013,3.8620157,3
30777135422714,-0.5838487,9.016156,3.8237305,3
30777137801620,-0.57906306,9.040084,3.8668015,3
30777140180579,-0.55513483,9.025727,3.938586,3
30777142559485,-0.5072784,9.030513,3.938586,3
30777144938443,-0.4354937,9.044869,3.900301,3
30777147317297,-0.37806597,9.044869,3.885944,3
30777149696308,-0.3589234,9.040084,3.871587,3
30777152075214,-0.3493521,9.049655,3.885944,3
30777154454120,-0.31106696,9.040084,3.9050865,3
30777156833079,-0.31585258,9.040084,3.885944,3
30777159211985,-0.29671,9.049655,3.8811584,3
30777161590943,-0.31585258,9.059227,3.9290147,3
30777163969849,-0.33499518,9.0544405,3.9625144,3
30777166348756,-0.37806597,9.059227,3.9290147,3
30777168727714,-0.4019942,9.068798,3.8763726,3
30777171106620,-0.44027936,9.059227,3.871587,3
30777173485579,-0.4642076,9.059227,3.9146578,3
30777175864485,-0.49292147,9.049655,3.9673,3
30777178243443,-0.5072784,9.035298,3.9481573,3
30777180622349,-0.49292147,9.0544405,3.9146578,3
30777183001256,-0.5168497,9.040084,3.885944,3
30777185380214,-0.52163535,9.059227,3.8955152,3
30777187759120,-0.5312066,9.0544405,3.9290147,3
30777190138079,-0.526421,9.044869,3.9290147,3
30777192516985,-0.53599226,9.035298,3.8907297,3
30777194895943,-0.5072784,9.040084,3.9146578,3
30777197274849,-0.4881358,9.016156,3.9338005,3
30777199653756,-0.45942193,9.016156,3.9242291,3
30777202032714,-0.4354937,9.035298,3.885944,3
30777204411620,-0.38763726,9.020942,3.8620157,3
30777206790579,-0.35413775,9.030513,3.8620157,3
30777209169485,-0.33499518,9.0544405,3.9098723,3
30777211548443,-0.29671,9.0544405,3.9146578,3
30777213927349,-0.3062813,9.035298,3.8907297,3
30777216306256,-0.28713873,9.016156,3.8285162,3
30777218685214,-0.29192436,9.025727,3.8237305,3
30777221064120,-0.3062813,9.040084,3.8620157,3
30777223443079,-0.31585258,9.035298,3.900301,3
30777225821985,-0.32063824,9.030513,3.9194436,3
30777228200943,-0.33499518,9.035298,3.9050865,3
30777230579849,-0.37328035,9.049655,3.8955152,3
30777232958808,-0.40677986,9.068798,3.900301,3
30777235337714,-0.39720857,9.059227,3.9098723,3
30777237716620,-0.4354937,9.068798,3.900301,3
30777240095579,-0.44985065,9.068798,3.8572302,3
30777242474485,-0.44506502,9.078369,3.8763726,3
30777244853443,-0.44985065,9.083155,3.9098723,3
30777247232349,-0.44027936,9.064013,3.9242291,3
30777249611308,-0.44027936,9.068798,3.8955152,3
30777251990214,-0.41156548,9.064013,3.8668015,3
30777254369120,-0.42592242,9.078369,3.8763726,3
30777256748079,-0.3924229,9.064013,3.8811584,3
30777259126985,-0.37328035,9.068798,3.9050865,3
30777261505943,-0.3493521,9.073584,3.8907297,3
30777263884849,-0.33020952,9.092726,3.8620157,3
30777266263808,-0.33020952,9.068798,3.871587,3
30777268642714,-0.29671,9.064013,3.871587,3
30777271021620,-0.27756742,9.059227,3.8668015,3
30777273400579,-0.28713873,9.040084,3.8524444,3
30777275779433,-0.27756742,9.030513,3.8237305,3
30777278158443,-0.26799613,9.030513,3.8620157,3
30777280537349,-0.28235307,9.035298,3.8763726,3
30777282916308,-0.29192436,9.030513,3.8763726,3
30777285295214,-0.29671,9.049655,3.842873,3
30777287674120,-0.31585258,9.068798,3.818945,3
30777290053079,-0.3397808,9.068798,3.8333018,3
30777292431985,-0.34456646,9.083155,3.8668015,3
30777294810943,-0.3493521,9.078369,3.8811584,3
30777297189849,-0.33020952,9.073584,3.871587,3
30777299568808,-0.3493521,9.064013,3.8572302,3
30777301947714,-0.37328035,9.068798,3.8668015,3
30777304326672,-0.41156548,9.0544405,3.900301,3
30777306705579,-0.4019942,9.0544405,3.8955152,3
30777309084485,-0.39720857,9.064013,3.885944,3
30777311463443,-0.37328035,9.0544405,3.871587,3
30777313842349,-0.3589234,9.035298,3.8668015,3
30777316221308,-0.33499518,9.049655,3.8907297,3
30777318600214,-0.32542387,9.064013,3.8811584,3
30777320979120,-0.32063824,9.08794,3.8668015,3
30777323358079,-0.29671,9.064013,3.8620157,3
30777325736985,-0.29671,9.073584,3.871587,3
30777328115943,-0.28235307,9.073584,3.885944,3
30777330494849,-0.2632105,9.068798,3.871587,3
30777332873808,-0.2632105,9.064013,3.8476589,3
30777335252714,-0.26799613,9.073584,3.8620157,3
30777337631672,-0.29192436,9.059227,3.8572302,3
30777340010579,-0.29192436,9.049655,3.8763726,3
30777342389537,-0.29671,9.064013,3.871587,3
30777344768443,-0.31585258,9.044869,3.8620157,3
30777347147349,-0.33020952,9.044869,3.8572302,3
30777349526308,-0.34456646,9.049655,3.8668015,3
30777351905214,-0.36370903,9.073584,3.885944,3
30777354284172,-0.3589234,9.073584,3.8620157,3
30777356663079,-0.36370903,9.068798,3.8285162,3
30777359041985,-0.3684947,9.059227,3.8524444,3
30777361420943,-0.37328035,9.0544405,3.8620157,3
30777363799849,-0.3589234,9.059227,3.8763726,3
30777366178808,-0.3589234,9.059227,3.8620157,3
30777368557714,-0.3397808,9.044869,3.8380876,3
30777370936672,-0.32063824,9.049655,3.871587,3
30777373315579,-0.3062813,9.059227,3.871587,3
30777375694537,-0.29671,9.059227,3.900301,3
30777378073443,-0.26799613,9.0544405,3.871587,3
30777380452349,-0.25842485,9.059227,3.8572302,3
30777382831308,-0.24885355,9.068798,3.842873,3
30777385210214,-0.2632105,9.059227,3.8476589,3
30777387589172,-0.2727818,9.073584,3.8620157,3
30777389968079,-0.2727818,9.078369,3.871587,3
30777392347037,-0.27756742,9.068798,3.871587,3
30777394725943,-0.2727818,9.064013,3.8572302,3
30777397104902,-0.31106696,9.073584,3.8524444,3
30777399483808,-0.33499518,9.073584,3.8620157,3
30777401862714,-0.33020952,9.078369,3.8476589,3
30777404241672,-0.33499518,9.073584,3.8572302,3
30777406620579,-0.32063824,9.068798,3.871587,3
30777408999537,-0.32063824,9.102298,3.885944,3
30777411378443,-0.3493521,9.064013,3.8763726,3
30777413757402,-0.33499518,9.064013,3.8668015,3
30777416136256,-0.3062813,9.068798,3.871587,3
30777418515214,-0.31106696,9.059227,3.8763726,3
30777420894172,-0.29192436,9.040084,3.871587,3
30777423273079,-0.28713873,9.0544405,3.885944,3
30777425652037,-0.31106696,9.044869,3.885944,3
30777428030891,-0.29192436,9.049655,3.8763726,3
30777430409902,-0.29671,9.044869,3.8476589,3
30777432788756,-0.29192436,9.040084,3.8572302,3
30777435167766,-0.25842485,9.040084,3.8572302,3
30777437546672,-0.2440679,9.049655,3.871587,3
30777439925579,-0.2632105,9.049655,3.8572302,3
30777442304537,-0.2632105,9.0544405,3.8668015,3
30777444683443,-0.27756742,9.068798,3.8572302,3
30777447062402,-0.2632105,9.035298,3.8763726,3
30777449441308,-0.28713873,9.040084,3.8620157,3
30777451820266,-0.29192436,9.035298,3.8572302,3
30777454199172,-0.29671,9.059227,3.8620157,3
30777456578079,-0.33020952,9.092726,3.8811584,3
30777458957037,-0.32542387,9.044869,3.8907297,3
30777461335943,-0.3589234,9.068798,3.8811584,3
30777463714902,-0.34456646,9.073584,3.8763726,3
30777466093808,-0.35413775,9.0544405,3.8811584,3
30777468472766,-0.35413775,9.0544405,3.8907297,3
30777470851672,-0.32542387,9.064013,3.8955152,3
30777473230631,-0.31106696,9.064013,3.8907297,3
30777475609537,-0.30149564,9.044869,3.871587,3
30777477988443,-0.28713873,9.044869,3.8620157,3
30777480367402,-0.28235307,9.059227,3.8955152,3
30777482746308,-0.28713873,9.064013,3.885944,3
30777485125266,-0.28235307,9.049655,3.871587,3
30777487504172,-0.27756742,9.044869,3.8668015,3
30777489883131,-0.29192436,9.030513,3.871587,3
30777492262037,-0.28235307,9.044869,3.8811584,3
30777494640943,-0.29671,9.044869,3.8907297,3
30777497019902,-0.30149564,9.064013,3.8811584,3
30777499398808,-0.32063824,9.068798,3.8907297,3
30777501777766,-0.33499518,9.059227,3.8907297,3
30777504156672,-0.32063824,9.044869,3.885944,3
30777506535631,-0.35413775,9.040084,3.8955152,3
30777508914537,-0.3589234,9.064013,3.9050865,3
30777511293443,-0.37806597,9.0544405,3.900301,3
30777513672402,-0.37806597,9.030513,3.9050865,3
30777516051308,-0.38763726,9.0544405,3.900301,3
30777518430266,-0.37806597,9.0544405,3.9050865,3
30777520808860,-0.3684947,9.0544405,3.8955152,3
30777523188131,-0.38763726,9.035298,3.8811584,3
30777525567037,-0.38763726,9.049655,3.8811584,3
30777527945995,-0.3924229,9.059227,3.8955152,3
30777530324902,-0.38285163,9.044869,3.885944,3
30777532703808,-0.37806597,9.044869,3.8907297,3
30777535082766,-0.35413775,9.0544405,3.8811584,3
30777537461672,-0.3397808,9.064013,3.8907297,3
30777539840631,-0.3589234,9.040084,3.900301,3
30777542219537,-0.3589234,9.030513,3.900301,3
30777544598495,-0.37328035,9.040084,3.900301,3
30777546977402,-0.3684947,9.044869,3.8955152,3
30777549356308,-0.38285163,9.040084,3.9050865,3
30777551735266,-0.39720857,9.049655,3.8907297,3
30777554114172,-0.40677986,9.049655,3.900301,3
30777556493131,-0.39720857,9.0544405,3.8955152,3
30777558872037,-0.38763726,9.044869,3.8955152,3
30777561250995,-0.41156548,9.059227,3.8955152,3
30777563629902,-0.44506502,9.049655,3.8907297,3
30777566008860,-0.44506502,9.030513,3.871587,3
30777568387766,-0.45942193,9.040084,3.8811584,3
30777570766672,-0.47856453,9.0544405,3.8907297,3
30777573145631,-0.47856453,9.035298,3.900301,3
30777575524537,-0.4881358,9.044869,3.9050865,3
30777577903495,-0.46899325,9.068798,3.9194436,3
30777580282402,-0.47856453,9.035298,3.9146578,3
30777582661360,-0.47377887,9.016156,3.9098723,3
30777585040266,-0.4881358,9.01137,3.8955152,3
30777587419172,-0.4881358,9.01137,3.9050865,3
30777589798131,-0.47377887,9.030513,3.8955152,3
30777592177037,-0.47377887,9.030513,3.8811584,3
30777594555995,-0.4833502,9.035298,3.8907297,3
30777596934902,-0.4833502,9.030513,3.8955152,3
30777599313860,-0.49292147,9.035298,3.9194436,3
30777601692766,-0.47856453,9.049655,3.9290147,3
30777604071724,-0.47856453,9.040084,3.9098723,3
30777606450631,-0.49292147,9.020942,3.8811584,3
30777608829589,-0.4977071,8.992228,3.8907297,3
30777611208495,-0.5168497,9.01137,3.9098723,3
30777613587402,-0.5168497,9.016156,3.9050865,3
30777615966360,-0.51206404,9.016156,3.8955152,3
30777618345266,-0.53599226,9.016156,3.9050865,3
30777620724224,-0.5455636,9.020942,3.9338005,3
30777623103131,-0.5838487,9.025727,3.938586,3
30777625482089,-0.5838487,9.030513,3.9242291,3
30777627860995,-0.60777694,9.006584,3.9098723,3
30777630239902,-0.6029913,9.025727,3.9146578,3
30777632618860,-0.6221339,9.040084,3.9290147,3
30777634997766,-0.6364908,9.040084,3.938586,3
30777637376724,-0.61734825,9.016156,3.9290147,3
30777639755631,-0.60777694,9.030513,3.9146578,3
30777642134589,-0.59342,9.030513,3.9290147,3
30777644513495,-0.57906306,9.025727,3.9194436,3
30777646892454,-0.5982057,9.01137,3.9146578,3
30777649271360,-0.5838487,8.997013,3.9146578,3
30777651650266,-0.57906306,9.01137,3.9433718,3
30777654029224,-0.5886344,9.016156,3.938586,3
30777656408131,-0.57906306,9.016156,3.9290147,3
30777658787089,-0.57906306,9.035298,3.9098723,3
30777661165995,-0.5838487,9.030513,3.9242291,3
30777663544954,-0.6029913,9.001799,3.9290147,3
30777665923860,-0.5982057,9.001799,3.9338005,3
30777668302818,-0.61734825,9.016156,3.9481573,3
30777670681724,-0.6364908,9.01137,3.9577286,3
30777673060631,-0.66999036,9.006584,3.9290147,3
30777675439589,-0.6843473,9.006584,3.9242291,3
30777677818495,-0.7082755,8.992228,3.9433718,3
30777680197454,-0.70348984,8.992228,3.9577286,3
30777682576360,-0.7082755,9.01137,3.9481573,3
30777684955318,-0.7322037,9.016156,3.938586,3
30777687334224,-0.7178468,9.01137,3.9290147,3
30777689713131,-0.7082755,9.006584,3.9146578,3
30777692092089,-0.70348984,9.016156,3.9433718,3
30777694470995,-0.6987042,8.997013,3.952943,3
30777696849954,-0.7322037,8.987442,3.952943,3
30777699228860,-0.72741807,9.006584,3.938586,3
30777701607818,-0.72741807,9.001799,3.9433718,3
30777703986672,-0.7322037,9.01137,3.9673,3
30777706365683,-0.7322037,9.020942,3.952943,3
30777708744589,-0.7178468,9.016156,3.952943,3
30777711123495,-0.72741807,9.006584,3.9433718,3
30777713502454,-0.71306115,9.01137,3.9720855,3
30777715881360,-0.70348984,9.01137,3.9720855,3
30777718260318,-0.74177504,8.987442,3.9625144,3
30777720639224,-0.7704889,8.977871,3.9816568,3
30777723018183,-0.76570326,8.992228,3.9816568,3
30777725397089,-0.7896315,8.997013,3.9768713,3
30777727776047,-0.80877405,8.997013,3.9720855,3
30777730154954,-0.7896315,8.968299,3.9720855,3
30777732533860,-0.80877405,8.958728,3.9673,3
30777734912818,-0.8279166,8.992228,3.9673,3
30777737291724,-0.8470592,8.987442,3.9768713,3
30777739670683,-0.8470592,8.9826565,3.9720855,3
30777742049589,-0.8566305,9.006584,3.9673,3
30777744428547,-0.85184485,9.016156,3.9816568,3
30777746807454,-0.8470592,8.987442,3.9673,3
30777749186412,-0.83748794,8.992228,3.9864426,3
30777751565318,-0.83748794,8.977871,3.991228,3
30777753944224,-0.83748794,8.973084,3.991228,3
30777756323183,-0.82313097,8.9826565,3.9864426,3
30777758702089,-0.8279166,8.973084,3.9720855,3
30777761080995,-0.8422736,8.973084,3.9816568,3
30777763459954,-0.8470592,8.968299,3.9768713,3
30777765838912,-0.8422736,8.968299,3.991228,3
30777768217818,-0.81834537,8.977871,3.9960139,3
30777770596724,-0.82313097,8.9826565,3.9673,3
30777772975683,-0.82313097,8.997013,3.9768713,3
30777775354589,-0.8422736,8.992228,3.9577286,3
30777777733547,-0.8279166,8.987442,3.9577286,3
30777780112454,-0.8279166,8.987442,3.9625144,3
30777782491412,-0.8470592,8.992228,3.9768713,3
30777784870318,-0.86141616,8.987442,3.991228,3
30777787249277,-0.8805587,8.9826565,3.9816568,3
30777789628183,-0.86141616,8.968299,3.9625144,3
30777792007089,-0.90448695,8.987442,3.9720855,3
30777794386047,-0.90448695,8.987442,3.9864426,3
30777796765006,-0.8662018,9.001799,3.991228,3
30777799143912,-0.8805587,9.01137,3.9864426,3
30777801522818,-0.8709874,9.001799,3.9816568,3
30777803901777,-0.8566305,8.9826565,3.991228,3
30777806280683,-0.8662018,8.9826565,3.991228,3
30777808659641,-0.85184485,8.992228,3.9768713,3
30777811038547,-0.83748794,8.992228,3.9864426,3
30777813417454,-0.81834537,9.001799,3.9816568,3
30777815796412,-0.8135597,8.992228,3.9816568,3
30777818175318,-0.81834537,8.977871,3.9673,3
30777820554277,-0.82313097,8.9826565,3.9768713,3
30777822933183,-0.8135597,8.949157,3.9577286,3
30777825312141,-0.80877405,8.958728,3.9816568,3
30777827691047,-0.81834537,8.968299,3.9816568,3
30777830070006,-0.80877405,8.9826565,3.9816568,3
30777832448912,-0.8135597,8.987442,3.9816568,3
30777834827818,-0.8039884,8.997013,3.9768713,3
30777837206777,-0.8039884,8.987442,3.9673,3
30777839585683,-0.82313097,8.968299,3.9720855,3
30777841964641,-0.82313097,8.968299,3.991228,3
30777844343547,-0.8135597,8.963513,3.9864426,3
30777846722506,-0.79920274,8.963513,3.9673,3
30777849101412,-0.8039884,8.9826565,3.9673,3
30777851480370,-0.83748794,9.001799,3.9673,3
30777853859277,-0.82313097,9.016156,3.9673,3
30777856238235,-0.79920274,8.997013,3.952943,3
30777858617141,-0.8135597,9.01137,3.952943,3
30777860996047,-0.80877405,8.997013,3.9625144,3
30777863375006,-0.79441714,8.997013,3.952943,3
30777865753912,-0.7848458,8.977871,3.9433718,3
30777868132870,-0.7848458,8.992228,3.9577286,3
30777870511777,-0.7513463,8.9826565,3.938586,3
30777872890735,-0.7704889,9.001799,3.9290147,3
30777875269641,-0.7513463,8.997013,3.9194436,3
30777877648599,-0.7178468,9.020942,3.9146578,3
30777880027454,-0.7082755,9.01137,3.9050865,3
30777882406412,-0.72263247,9.020942,3.9146578,3
30777884785370,-0.74177504,9.035298,3.8955152,3
30777887164277,-0.72741807,9.044869,3.885944,3
30777889543235,-0.72741807,9.030513,3.8955152,3
30777891922141,-0.7513463,9.035298,3.8955152,3
30777894301099,-0.75613195,9.035298,3.9050865,3
30777896680006,-0.7609176,9.01137,3.9050865,3
30777899058912,-0.72741807,9.006584,3.885944,3
30777901437870,-0.75613195,8.997013,3.8955152,3
30777903816777,-0.7465607,9.006584,3.9050865,3
30777906195735,-0.7704889,8.997013,3.9098723,3
30777908574641,-0.76570326,8.987442,3.9098723,3
30777910953599,-0.7704889,9.001799,3.9194436,3
30777913332506,-0.7704889,8.987442,3.9146578,3
30777915711464,-0.79920274,8.9826565,3.8907297,3
30777918090370,-0.7896315,8.9826565,3.8811584,3
30777920469329,-0.80877405,9.001799,3.8955152,3
30777922848235,-0.81834537,8.997013,3.8907297,3
30777925227193,-0.82313097,8.997013,3.8620157,3
30777927606099,-0.8422736,9.016156,3.871587,3
30777929985006,-0.8327023,9.016156,3.8811584,3
30777932363964,-0.8566305,9.006584,3.871587,3
30777934742870,-0.8662018,8.987442,3.871587,3
30777937121829,-0.86141616,8.992228,3.8763726,3
30777939500735,-0.85184485,8.992228,3.885944,3
30777941879693,-0.8853444,8.997013,3.8955152,3
30777944258599,-0.8662018,8.992228,3.885944,3
30777946637506,-0.8757731,8.997013,3.8763726,3
30777949016464,-0.8805587,9.01137,3.8572302,3
30777951395370,-0.90448695,9.025727,3.8763726,3
30777953774329,-0.9379865,9.020942,3.8907297,3
30777956153235,-0.94755775,9.035298,3.8811584,3
30777958532193,-0.9667004,9.030513,3.8524444,3
30777960911099,-0.95712906,9.035298,3.8524444,3
30777963290058,-1.0001999,9.030513,3.8476589,3
30777965668964,-1.0432707,9.020942,3.842873,3
30777968047922,-1.0336994,9.035298,3.8333018,3
30777970426829,-1.0480564,9.040084,3.8333018,3
30777972805735,-1.1006985,9.040084,3.8285162,3
30777975184693,-1.1246266,9.030513,3.818945,3
30777977563599,-1.1581261,9.0544405,3.8380876,3
30777979942558,-1.1820544,9.044869,3.8572302,3
30777982321464,-1.2155539,9.01137,3.8285162,3
30777984700422,-1.2299109,9.016156,3.8285162,3
30777987079329,-1.2442678,9.025727,3.842873,3
30777989458287,-1.268196,8.997013,3.8380876,3
30777991837193,-1.3016955,8.992228,3.8333018,3
30777994216099,-1.3160524,9.016156,3.804588,3
30777996595058,-1.3351951,8.997013,3.8141594,3
30777998973964,-1.3447664,9.016156,3.818945,3
30778001352922,-1.3734802,9.016156,3.8141594,3
30778003731829,-1.3734802,9.006584,3.818945,3
30778006110787,-1.3878372,9.020942,3.7998023,3
30778008489693,-1.4356936,9.020942,3.7950168,3
30778010868652,-1.4739788,9.016156,3.7950168,3
30778013247558,-1.5026926,9.025727,3.7998023,3
30778015626516,-1.5601203,9.025727,3.7854455,3
30778018005422,-1.5936198,9.030513,3.790231,3
30778020384277,-1.6175481,9.049655,3.7854455,3
30778022763287,-1.6606189,9.044869,3.790231,3
30778025142193,-1.7084754,9.020942,3.7950168,3
30778027521152,-1.7659031,9.016156,3.7806597,3
30778029900058,-1.7850457,9.044869,3.7854455,3
30778032279016,-1.8137596,9.068798,3.7806597,3
30778034657922,-1.847259,9.059227,3.804588,3
30778037036829,-1.8711873,9.059227,3.804588,3
30778039415787,-1.8855443,9.035298,3.790231,3
30778041794745,-1.8903298,9.040084,3.7998023,3
30778044173652,-1.9190438,9.044869,3.804588,3
30778046552558,-1.9286151,9.044869,3.8333018,3
30778048931516,-1.9286151,9.0544405,3.8285162,3
30778051310422,-1.9573289,9.030513,3.8476589,3
30778053689381,-1.942972,9.020942,3.842873,3
30778056068287,-1.9716859,9.025727,3.8093736,3
30778058447245,-1.9908284,9.020942,3.8237305,3
30778060826152,-1.9764715,9.001799,3.8333018,3
30778063205058,-1.995614,8.992228,3.8524444,3
30778065584016,-2.0051854,8.977871,3.8524444,3
30778067962922,-2.024328,8.987442,3.8620157,3
30778070341881,-2.0147567,8.987442,3.8572302,3
30778072720787,-2.0147567,8.977871,3.8285162,3
30778075099745,-2.0291135,9.016156,3.8380876,3
30778077478547,-2.0386848,9.040084,3.8237305,3
30778079857558,-2.0482562,9.035298,3.8093736,3
30778082236516,-2.0578275,9.035298,3.8141594,3
30778084615422,-2.0578275,9.030513,3.818945,3
30778086994381,-2.0482562,9.025727,3.8141594,3
30778089373287,-2.062613,9.044869,3.8141594,3
30778091752245,-2.053042,9.040084,3.804588,3
30778094131152,-2.0195422,9.044869,3.804588,3
30778096510110,-2.009971,9.0544405,3.804588,3
30778098889016,-1.9908284,9.020942,3.804588,3
30778101267974,-1.9669002,9.049655,3.804588,3
30778103646881,-1.9381863,9.030513,3.8093736,3
30778106025839,-1.9190438,9.025727,3.804588,3
30778108404745,-1.8999012,9.020942,3.7950168,3
30778110783704,-1.8568304,9.025727,3.8141594,3
30778113162610,-1.8376877,9.020942,3.818945,3
30778115541516,-1.8233309,9.030513,3.8285162,3
30778117920474,-1.7994026,9.035298,3.8141594,3
30778120299381,-1.7611175,9.016156,3.7998023,3
30778122678339,-1.7467605,9.016156,3.8093736,3
30778125057245,-1.7563318,9.020942,3.8141594,3
30778127436204,-1.7371893,9.030513,3.790231,3
30778129815110,-1.7324036,9.035298,3.7998023,3
30778132194068,-1.7036897,9.025727,3.8093736,3
30778134572974,-1.698904,9.01137,3.8093736,3
30778136951881,-1.6845472,9.016156,3.818945,3
30778139330839,-1.6558332,8.997013,3.8237305,3
30778141709745,-1.6510476,9.001799,3.8237305,3
30778144088704,-1.6223338,9.001799,3.8093736,3
30778146467610,-1.6127625,9.001799,3.8141594,3
30778148846568,-1.6079768,9.01137,3.8237305,3
30778151225474,-1.579263,9.01137,3.8524444,3
30778153604433,-1.5218352,9.01137,3.8333018,3
30778155983339,-1.4883357,9.025727,3.8333018,3
30778158362297,-1.4404793,9.016156,3.842873,3
30778160741204,-1.3974084,9.016156,3.8476589,3
30778163120110,-1.3304094,9.044869,3.8285162,3
30778165499068,-1.3016955,9.049655,3.804588,3
30778167877974,-1.253839,9.044869,3.8141594,3
30778170256933,-1.2251252,9.049655,3.818945,3
30778172635839,-1.18684,9.035298,3.8237305,3
30778175014797,-1.1629118,9.025727,3.8237305,3
30778177393704,-1.1724831,9.040084,3.8380876,3
30778179772662,-1.1581261,9.030513,3.8476589,3
30778182151568,-1.1150553,9.030513,3.8668015,3
30778184530474,-1.1150553,9.006584,3.8524444,3
30778186909433,-1.119841,9.030513,3.8476589,3
30778189288339,-1.105484,9.025727,3.8572302,3
30778191667297,-1.1150553,9.030513,3.8620157,3
30778194046204,-1.0863415,9.025727,3.8476589,3
30778196425162,-1.0767702,9.035298,3.8524444,3
30778198804068,-1.0863415,9.020942,3.8572302,3
30778201183027,-1.0671989,9.025727,3.8620157,3
30778203561933,-1.0815558,9.035298,3.8572302,3
30778205940839,-1.0624132,9.006584,3.8380876,3
30778208319797,-1.0576276,9.016156,3.8380876,3
30778210698704,-1.0336994,9.001799,3.818945,3
30778213077662,-0.9810573,9.006584,3.818945,3
30778215456568,-0.9523434,9.006584,3.8380876,3
30778217835527,-0.9236295,8.987442,3.8524444,3
30778220214433,-0.90448695,9.001799,3.8620157,3
30778222593391,-0.8709874,9.01137,3.8380876,3
30778224972297,-0.8422736,8.9826565,3.8333018,3
30778227351256,-0.8039884,8.9826565,3.842873,3
30778229730162,-0.79920274,8.997013,3.8476589,3
30778232109120,-0.8135597,8.973084,3.8380876,3
30778234488027,-0.82313097,8.987442,3.8333018,3
30778236866933,-0.81834537,8.992228,3.842873,3
30778239245891,-0.79441714,9.01137,3.8380876,3
30778241624797,-0.81834537,9.01137,3.842873,3
30778244003756,-0.8422736,9.025727,3.8380876,3
30778246382662,-0.86141616,9.025727,3.8476589,3
30778248761620,-0.86141616,9.020942,3.8476589,3
30778251140527,-0.8662018,9.020942,3.8572302,3
30778253519485,-0.90448695,8.992228,3.842873,3
30778255898391,-0.8853444,9.016156,3.842873,3
30778258277297,-0.8997013,9.035298,3.8476589,3
30778260656256,-0.9092726,9.030513,3.8524444,3
30778263035162,-0.8853444,9.035298,3.871587,3
30778265414120,-0.86141616,9.059227,3.871587,3
30778267793027,-0.8470592,9.044869,3.8572302,3
30778270171985,-0.8422736,9.016156,3.8476589,3
30778272550891,-0.7752745,9.020942,3.8620157,3
30778274929849,-0.7752745,9.0544405,3.8620157,3
30778277308756,-0.74177504,9.0544405,3.8620157,3
30778279687662,-0.7322037,9.044869,3.8380876,3
30778282066620,-0.7178468,9.035298,3.8524444,3
30778284445579,-0.6939186,9.025727,3.842873,3
30778286824485,-0.6987042,9.025727,3.8237305,3
30778289203391,-0.71306115,9.040084,3.8237305,3
30778291582349,-0.72263247,9.025727,3.8285162,3
30778293961256,-0.74177504,9.035298,3.8141594,3
30778296340214,-0.7752745,9.049655,3.8333018,3
30778298719120,-0.7896315,9.006584,3.842873,3
30778301098079,-0.79441714,9.006584,3.8380876,3
30778303476985,-0.81834537,9.030513,3.8285162,3
30778305855891,-0.8470592,9.044869,3.818945,3
30778308234849,-0.8566305,9.035298,3.8333018,3
30778310613808,-0.8709874,9.030513,3.842873,3
30778312992714,-0.86141616,9.040084,3.8572302,3
30778315371672,-0.8566305,9.049655,3.8572302,3
30778317750579,-0.8566305,9.0544405,3.842873,3
30778320129485,-0.8470592,9.040084,3.8285162,3
30778322508443,-0.8327023,9.0544405,3.8333018,3
30778324887349,-0.7896315,9.0544405,3.8380876,3
30778327266308,-0.7848458,9.040084,3.8476589,3
30778329645214,-0.75613195,9.044869,3.842873,3
30778332024172,-0.75613195,9.064013,3.842873,3
30778334403027,-0.74177504,9.0544405,3.8237305,3
30778336782037,-0.72263247,9.049655,3.8380876,3
30778339160943,-0.72263247,9.049655,3.818945,3
30778341539849,-0.72741807,9.020942,3.818945,3
30778343918808,-0.7369894,9.035298,3.842873,3
30778346297714,-0.72741807,9.049655,3.8380876,3
30778348676672,-0.7322037,9.044869,3.842873,3
30778351055579,-0.76570326,9.040084,3.842873,3
30778353434537,-0.7848458,9.025727,3.818945,3
30778355813443,-0.8039884,9.030513,3.8141594,3
30778358192402,-0.82313097,9.01137,3.804588,3
30778360571308,-0.82313097,9.020942,3.818945,3
30778362950266,-0.8566305,9.025727,3.8237305,3
30778365329172,-0.8566305,9.030513,3.818945,3
30778367708079,-0.85184485,9.030513,3.8093736,3
30778370087037,-0.85184485,9.030513,3.8237305,3
30778372465943,-0.8279166,9.025727,3.818945,3
30778374844902,-0.79920274,9.020942,3.818945,3
30778377223808,-0.79441714,9.025727,3.7998023,3
30778379602766,-0.7752745,9.044869,3.7758741,3
30778381981672,-0.7513463,9.030513,3.7998023,3
30778384360631,-0.7369894,9.025727,3.818945,3
30778386739537,-0.71306115,9.040084,3.804588,3
30778389118495,-0.70348984,9.035298,3.790231,3
30778391497402,-0.6939186,9.025727,3.8237305,3
30778393876308,-0.7178468,9.030513,3.818945,3
30778396255266,-0.70348984,9.044869,3.804588,3
30778398634172,-0.7178468,9.040084,3.8093736,3
30778401013131,-0.71306115,9.044869,3.8141594,3
30778403392037,-0.6939186,9.049655,3.818945,3
30778405770995,-0.72263247,9.068798,3.8141594,3
30778408149902,-0.72741807,9.049655,3.790231,3
30778410528860,-0.75613195,9.073584,3.8093736,3
30778412907766,-0.72741807,9.0544405,3.7950168,3
30778415286724,-0.75613195,9.0544405,3.7806597,3
30778417665631,-0.7609176,9.064013,3.790231,3
30778420044537,-0.7752745,9.078369,3.8141594,3
30778422423495,-0.7848458,9.064013,3.8141594,3
30778424802402,-0.7848458,9.068798,3.818945,3
30778427181360,-0.8039884,9.073584,3.818945,3
30778429560266,-0.7848458,9.0544405,3.7998023,3
30778431939224,-0.79920274,9.064013,3.7950168,3
30778434318131,-0.7704889,9.049655,3.818945,3
30778436697089,-0.7465607,9.035298,3.804588,3
30778439075995,-0.72741807,9.049655,3.8093736,3
30778441454954,-0.7178468,9.044869,3.804588,3
30778443833860,-0.71306115,9.040084,3.804588,3
30778446212766,-0.6939186,9.016156,3.7998023,3
30778448591724,-0.6939186,9.016156,3.818945,3
30778450970683,-0.70348984,9.044869,3.8141594,3
30778453349589,-0.6987042,9.040084,3.804588,3
30778455728495,-0.71306115,9.0544405,3.7950168,3
30778458107454,-0.72263247,9.0544405,3.7950168,3
30778460486360,-0.7465607,9.040084,3.804588,3
30778462865318,-0.75613195,9.040084,3.8141594,3
30778465244224,-0.7752745,9.059227,3.818945,3
30778467623183,-0.7800602,9.059227,3.804588,3
30778470002089,-0.79920274,9.0544405,3.7950168,3
30778472381047,-0.80877405,9.035298,3.8141594,3
30778474759954,-0.8039884,9.01137,3.8380876,3
30778477138860,-0.79441714,9.016156,3.8524444,3
30778479517818,-0.79441714,9.020942,3.8524444,3
30778481896724,-0.79441714,9.006584,3.842873,3
30778484275683,-0.79441714,9.01137,3.8333018,3
30778486654589,-0.7848458,9.006584,3.8380876,3
30778489033547,-0.7896315,9.016156,3.842873,3
30778491412454,-0.7896315,9.01137,3.8141594,3
30778493791412,-0.79920274,9.016156,3.8141594,3
30778496170318,-0.7800602,9.025727,3.8093736,3
30778498549277,-0.7848458,9.025727,3.804588,3
30778500928183,-0.80877405,9.025727,3.804588,3
30778503307141,-0.79920274,9.040084,3.818945,3
30778505686047,-0.80877405,9.044869,3.8237305,3
30778508064954,-0.8422736,9.064013,3.8333018,3
30778510443912,-0.85184485,9.0544405,3.8380876,3
30778512822870,-0.8566305,9.030513,3.8285162,3
30778515201777,-0.8662018,9.016156,3.8285162,3
30778517580683,-0.8805587,9.035298,3.8285162,3
30778519959641,-0.89491564,9.020942,3.8476589,3
30778522338547,-0.8997013,9.016156,3.8476589,3
30778524717506,-0.91884387,9.020942,3.8380876,3
30778527096412,-0.91405827,9.035298,3.8524444,3
30778529475370,-0.91405827,9.040084,3.8380876,3
30778531854277,-0.91884387,9.044869,3.8333018,3
30778534233235,-0.9523434,9.035298,3.842873,3
30778536612141,-0.9619147,9.040084,3.842873,3
30778538991047,-0.9810573,9.016156,3.842873,3
30778541370006,-1.0145568,9.025727,3.842873,3
30778543748912,-1.0432707,9.035298,3.818945,3
30778546127870,-1.0911272,9.040084,3.8476589,3
30778548506777,-1.0959128,9.030513,3.8476589,3
30778550885735,-1.1006985,8.997013,3.8476589,3
30778553264641,-1.1294123,9.006584,3.8572302,3
30778555643599,-1.1533405,9.025727,3.8572302,3
30778558022506,-1.1581261,9.01137,3.871587,3
30778560401464,-1.134198,8.977871,3.8668015,3
30778562780370,-1.1389836,9.016156,3.871587,3
30778565159329,-1.1581261,8.997013,3.871587,3
30778567538235,-1.1964114,8.997013,3.8668015,3
30778569917193,-1.2203395,8.997013,3.8668015,3
30778572296099,-1.2394822,9.001799,3.8620157,3
30778574675006,-1.2394822,9.016156,3.8620157,3
30778577053964,-1.2586247,9.044869,3.8524444,3
30778579432870,-1.3064811,9.030513,3.8524444,3
30778581811829,-1.2969099,9.020942,3.842873,3
30778584190735,-1.3256238,9.006584,3.8524444,3
30778586569589,-1.3351951,9.035298,3.8572302,3
30778588948599,-1.3351951,9.025727,3.8620157,3
30778591327558,-1.3208381,9.040084,3.8572302,3
30778593706464,-1.3351951,9.040084,3.8572302,3
30778596085422,-1.3351951,9.006584,3.8668015,3
30778598464329,-1.3495519,9.006584,3.8524444,3
30778600843235,-1.3447664,9.01137,3.8524444,3
30778603222193,-1.3543376,9.020942,3.871587,3
30778605601099,-1.3830515,9.020942,3.8811584,3
30778607980058,-1.4117653,9.020942,3.8620157,3
30778610358964,-1.4404793,9.016156,3.8333018,3
30778612737922,-1.4452649,9.025727,3.8476589,3
30778615116829,-1.4452649,9.044869,3.8476589,3
30778617495787,-1.4644074,9.030513,3.8524444,3
30778619874693,-1.4739788,9.044869,3.8572302,3
30778622253652,-1.4500505,9.049655,3.871587,3
30778624632558,-1.430908,9.049655,3.8476589,3
30778627011516,-1.4404793,9.049655,3.8237305,3
30778629390422,-1.4404793,9.035298,3.8285162,3
30778631769329,-1.4213367,9.01137,3.8333018,3
30778634148287,-1.416551,9.025727,3.871587,3
30778636527193,-1.4404793,9.020942,3.8620157,3
30778638906152,-1.4500505,9.025727,3.8572302,3
30778641285058,-1.4644074,9.035298,3.871587,3
30778643664016,-1.4883357,9.006584,3.871587,3
30778646042922,-1.4931214,9.016156,3.8476589,3
30778648421881,-1.4979069,9.016156,3.8572302,3
30778650800787,-1.4883357,9.016156,3.8285162,3
30778653179745,-1.4739788,9.040084,3.8524444,3
30778655558652,-1.5026926,9.049655,3.8524444,3
30778657937610,-1.4931214,9.040084,3.8524444,3
30778660316516,-1.4979069,9.044869,3.842873,3
30778662695474,-1.4787644,9.059227,3.8141594,3
30778665074381,-1.4739788,9.040084,3.8093736,3
30778667453287,-1.4883357,9.035298,3.8285162,3
30778669832245,-1.4931214,9.020942,3.8476589,3
30778672211152,-1.4931214,9.016156,3.8572302,3
30778674590110,-1.4883357,9.006584,3.8811584,3
30778676969016,-1.4596218,9.001799,3.8380876,3
30778679347974,-1.4548361,9.006584,3.8237305,3
30778681726881,-1.4404793,9.01137,3.842873,3
30778684105839,-1.4261223,9.01137,3.8476589,3
30778686484745,-1.4356936,8.997013,3.885944,3
30778688863704,-1.3830515,8.987442,3.8763726,3
30778691242610,-1.3830515,8.992228,3.8955152,3
30778693621568,-1.3734802,8.9826565,3.8763726,3
30778696000474,-1.3447664,8.992228,3.8524444,3
30778698379381,-1.3495519,9.01137,3.8476589,3
30778700758339,-1.3351951,9.025727,3.8668015,3
30778703137245,-1.3304094,9.006584,3.8907297,3
30778705516204,-1.3256238,9.001799,3.8907297,3
30778707895110,-1.3256238,9.01137,3.8955152,3
30778710274068,-1.3112668,9.01137,3.8955152,3
30778712652974,-1.2969099,9.0544405,3.8811584,3
30778715031933,-1.2777673,9.040084,3.8907297,3
30778717410839,-1.2586247,9.016156,3.9050865,3
30778719789797,-1.2442678,9.016156,3.9290147,3
30778722168704,-1.2346965,8.987442,3.9290147,3
30778724547662,-1.2011969,8.992228,3.9242291,3
30778726926568,-1.1389836,9.030513,3.9146578,3
30778729305527,-1.134198,9.025727,3.9290147,3
30778731684433,-1.1389836,9.01137,3.9433718,3
30778734063339,-1.119841,8.997013,3.9338005,3
30778736442297,-1.0959128,8.992228,3.952943,3
30778738821204,-1.0576276,9.006584,3.9577286,3
30778741200162,-1.0480564,9.030513,3.9625144,3
30778743579068,-1.0241281,9.016156,3.9481573,3
30778745958027,-1.0289137,9.01137,3.938586,3
30778748336933,-1.0001999,9.020942,3.9338005,3
30778750715891,-1.0049855,9.001799,3.952943,3
30778753094797,-0.9667004,8.987442,3.991228,3
30778755473756,-0.9619147,8.9826565,3.9960139,3
30778757852662,-0.9379865,9.006584,3.9673,3
30778760231620,-0.9092726,8.992228,3.9338005,3
30778762610527,-0.89491564,8.997013,3.9673,3
30778764989433,-0.8805587,8.977871,3.9816568,3
30778767368391,-0.8566305,8.9826565,3.9960139,3
30778769747297,-0.86141616,8.987442,4.0295134,3
30778772126256,-0.8470592,8.963513,4.034299,3
30778774505162,-0.83748794,8.973084,3.9816568,3
30778776884120,-0.8422736,8.9826565,3.952943,3
30778779263027,-0.8279166,8.968299,3.952943,3
30778781641985,-0.8279166,8.958728,3.9864426,3
30778784020891,-0.81834537,8.968299,4.0151563,3
30778786399849,-0.81834537,8.973084,4.0534415,3
30778788778756,-0.81834537,8.968299,4.034299,3
30778791157714,-0.79920274,8.977871,4.024728,3
30778793536620,-0.81834537,8.973084,3.9816568,3
30778795915579,-0.8135597,8.977871,3.9864426,3
30778798294433,-0.79920274,8.963513,4.019942,3
30778800673443,-0.76570326,8.963513,4.0295134,3
30778803052349,-0.76570326,8.958728,4.0438704,3
30778805431256,-0.7513463,8.958728,4.048656,3
30778807810214,-0.75613195,8.973084,4.0007997,3
30778810189120,-0.71306115,8.977871,4.005585,3
30778812568027,-0.6652047,8.992228,3.9864426,3
30778814946985,-0.61734825,8.977871,3.991228,3
30778817325943,-0.5886344,8.9826565,4.0438704,3
30778819704849,-0.6029913,8.968299,4.0534415,3
30778822083808,-0.6029913,8.949157,4.0438704,3
30778824462714,-0.5982057,8.939586,4.0295134,3
30778826841672,-0.6029913,8.925228,4.0295134,3
30778829220579,-0.61734825,8.9348,4.0295134,3
30778831599537,-0.6221339,8.920443,4.0390844,3
30778833978443,-0.6269195,8.9348,4.0677986,3
30778836357349,-0.6556334,8.9108715,4.063013,3
30778838736308,-0.6987042,8.958728,4.0773697,3
30778841115214,-0.6843473,8.963513,4.072584,3
30778843494172,-0.6891329,8.949157,4.0534415,3
30778845873079,-0.6939186,8.939586,4.0390844,3
30778848252037,-0.6891329,8.939586,4.048656,3
30778850630943,-0.66999036,8.949157,4.058227,3
30778853009902,-0.6556334,8.920443,4.091727,3
30778855388808,-0.65084773,8.9108715,4.1108694,3
30778857767766,-0.6364908,8.920443,4.0869412,3
30778860146672,-0.63170516,8.944371,4.058227,3
30778862525631,-0.6125626,8.939586,4.048656,3
30778864904537,-0.6029913,8.930014,4.0773697,3
30778867283495,-0.57906306,8.9348,4.082155,3
30778869662402,-0.56470615,8.915657,4.091727,3
30778872041360,-0.5407779,8.915657,4.0965123,3
30778874420266,-0.5312066,8.939586,4.082155,3
30778876799172,-0.5407779,8.925228,4.0677986,3
30778879178131,-0.5455636,8.915657,4.072584,3
30778881557037,-0.5599205,8.944371,4.0965123,3
30778883935995,-0.57906306,8.939586,4.091727,3
30778886314902,-0.6364908,8.9348,4.1108694,3
30778888693808,-0.66041905,8.906086,4.125226,3
30778891072766,-0.6939186,8.9013,4.115655,3
30778893451724,-0.71306115,8.906086,4.0965123,3
30778895830631,-0.7369894,8.925228,4.091727,3
30778898209589,-0.75613195,8.9108715,4.106084,3
30778900588495,-0.76570326,8.939586,4.106084,3
30778902967454,-0.7513463,8.9348,4.106084,3
30778905346360,-0.7369894,8.9348,4.1108694,3
30778907725318,-0.7082755,8.906086,4.115655,3
30778910104224,-0.6843473,8.930014,4.1108694,3
30778912483131,-0.65084773,8.930014,4.1108694,3
30778914862089,-0.6221339,8.939586,4.101298,3
30778917240995,-0.5886344,8.925228,4.130012,3
30778919619954,-0.55034924,8.915657,4.130012,3
30778921998860,-0.5599205,8.9108715,4.125226,3
30778924377818,-0.55034924,8.925228,4.115655,3
30778926756724,-0.55034924,8.9348,4.091727,3
30778929135683,-0.55513483,8.930014,4.0965123,3
30778931514589,-0.56470615,8.9108715,4.101298,3
30778933893547,-0.5886344,8.920443,4.115655,3
30778936272454,-0.6221339,8.915657,4.1347976,3
30778938651412,-0.65084773,8.920443,4.130012,3
30778941030318,-0.6939186,8.9108715,4.1443686,3
30778943409277,-0.7322037,8.9108715,4.1204405,3
30778945788183,-0.7465607,8.920443,4.101298,3
30778948167141,-0.7752745,8.925228,4.1204405,3
30778950546047,-0.7800602,8.930014,4.125226,3
30778952924954,-0.80877405,8.906086,4.1347976,3
30778955303912,-0.80877405,8.9108715,4.130012,3
30778957682818,-0.8135597,8.9108715,4.125226,3
30778960061777,-0.8327023,8.915657,4.139583,3
30778962440683,-0.8279166,8.930014,4.1347976,3
30778964819641,-0.8039884,8.915657,4.125226,3
30778967198547,-0.79920274,8.915657,4.130012,3
30778969577610,-0.7800602,8.9013,4.139583,3
30778971956412,-0.7704889,8.891729,4.1443686,3
30778974335370,-0.7465607,8.891729,4.1347976,3
30778976714277,-0.72741807,8.9108715,4.106084,3
30778979093235,-0.74177504,8.925228,4.0773697,3
30778981472141,-0.74177504,8.925228,4.072584,3
30778983851099,-0.7513463,8.939586,4.0677986,3
30778986230006,-0.7896315,8.920443,4.0773697,3
30778988608912,-0.80877405,8.939586,4.058227,3
30778990987870,-0.86141616,8.949157,4.0438704,3
30778993366777,-0.8997013,8.953942,4.024728,3
30778995745735,-0.9284152,8.968299,3.9816568,3
30778998124641,-0.9667004,8.977871,3.9720855,3
30779000503599,-1.0001999,9.01137,3.9577286,3
30779002882506,-1.0241281,9.001799,3.9720855,3
30779005261464,-1.0576276,8.997013,3.9625144,3
30779007640370,-1.0624132,8.992228,3.9768713,3
30779010019329,-1.0336994,8.997013,3.9625144,3
30779012398235,-1.052842,8.987442,3.9673,3
30779014777193,-1.0624132,8.987442,3.952943,3
30779017156099,-1.0289137,8.973084,3.9816568,3
30779019535058,-1.052842,8.953942,3.9960139,3
30779021913964,-1.0767702,8.944371,4.0103707,3
30779024292870,-1.0815558,8.953942,4.0151563,3
30779026671829,-1.0863415,8.977871,4.024728,3
30779029050735,-1.0624132,8.973084,4.0007997,3
30779031429693,-1.0624132,8.958728,3.9864426,3
30779033808599,-1.0719845,8.977871,3.9768713,3
30779036187558,-1.0911272,8.997013,3.9673,3
30779038566464,-1.0911272,9.020942,3.9720855,3
30779040945422,-1.1294123,9.020942,3.9625144,3
30779043324329,-1.1772687,9.025727,3.9577286,3
30779045703287,-1.18684,9.030513,3.938586,3
30779048082193,-1.2251252,9.001799,3.9338005,3
30779050461152,-1.253839,8.997013,3.9481573,3
30779052840058,-1.2634103,8.963513,3.9768713,3
30779055219016,-1.2969099,8.977871,3.9864426,3
30779057597922,-1.3208381,8.968299,3.9816568,3
30779059976881,-1.3304094,8.939586,3.9673,3
30779062355787,-1.3160524,8.939586,3.9625144,3
30779064734745,-1.3256238,8.968299,3.9338005,3
30779067113652,-1.3351951,8.9826565,3.9481573,3
30779069492610,-1.3208381,8.973084,3.952943,3
30779071871516,-1.3256238,8.973084,3.938586,3
30779074250370,-1.3304094,8.944371,3.9194436,3
30779076629381,-1.3208381,8.973084,3.9146578,3
30779079008287,-1.3447664,9.006584,3.8811584,3
30779081387245,-1.3447664,9.016156,3.871587,3
30779083766152,-1.3112668,9.020942,3.871587,3
30779086145110,-1.3160524,9.040084,3.8763726,3
30779088524016,-1.3160524,9.020942,3.8955152,3
30779090902974,-1.3256238,9.035298,3.885944,3
30779093281881,-1.3304094,9.035298,3.885944,3
30779095660839,-1.3160524,9.035298,3.8763726,3
30779098039745,-1.2969099,9.035298,3.8811584,3
30779100418704,-1.3112668,9.016156,3.9146578,3
30779102797610,-1.3208381,9.01137,3.9242291,3
30779105176568,-1.3304094,9.01137,3.9433718,3
30779107555474,-1.3112668,9.016156,3.9290147,3
30779109934433,-1.3208381,9.006584,3.952943,3
30779112313339,-1.3399807,8.987442,3.938586,3
30779114692245,-1.3495519,9.001799,3.9194436,3
30779117071152,-1.3351951,9.020942,3.9098723,3
30779119450110,-1.3351951,9.035298,3.8907297,3
30779121829016,-1.3304094,9.035298,3.900301,3
30779124207974,-1.3016955,9.0544405,3.885944,3
30779126586933,-1.2873386,9.040084,3.8620157,3
30779128965839,-1.2586247,9.0544405,3.8476589,3
30779131344797,-1.253839,9.040084,3.8572302,3
30779133723704,-1.2394822,9.040084,3.8572302,3
30779136102662,-1.2251252,9.049655,3.8572302,3
30779138481568,-1.2299109,9.025727,3.8668015,3
30779140860527,-1.1964114,9.016156,3.871587,3
30779143239433,-1.1676974,9.025727,3.871587,3
30779145618391,-1.1629118,9.030513,3.8763726,3
30779147997297,-1.1533405,9.030513,3.871587,3
30779150376256,-1.1533405,9.025727,3.8763726,3
30779152755162,-1.1389836,9.01137,3.871587,3
30779155134016,-1.1246266,9.016156,3.8811584,3
30779157513027,-1.1246266,9.020942,3.8763726,3
30779159891985,-1.1102697,9.030513,3.8620157,3
30779162270891,-1.1150553,9.040084,3.8572302,3
30779164649849,-1.119841,9.040084,3.8524444,3
30779167028756,-1.1246266,9.044869,3.8620157,3
30779169407662,-1.1246266,9.044869,3.8620157,3
30779171786620,-1.0911272,9.073584,3.8572302,3
30779174165527,-1.0863415,9.0544405,3.8476589,3
30779176544485,-1.0767702,9.035298,3.842873,3
30779178923391,-1.0719845,9.035298,3.8572302,3
30779181302349,-1.0432707,9.044869,3.8524444,3
30779183681256,-1.0289137,9.030513,3.8620157,3
30779186060214,-1.0145568,9.044869,3.8763726,3
30779188439120,-0.9810573,9.030513,3.8763726,3
30779190818079,-0.98584294,9.001799,3.8811584,3
30779193196985,-0.9762716,9.01137,3.8811584,3
30779195575943,-0.94277215,9.01137,3.871587,3
30779197954849,-0.93320084,8.992228,3.8811584,3
30779200333756,-0.91884387,9.016156,3.885944,3
30779202712714,-0.9379865,9.016156,3.8572302,3
30779205091620,-0.9284152,9.035298,3.8476589,3
30779207470579,-0.91884387,9.030513,3.8380876,3
30779209849485,-0.91884387,9.030513,3.842873,3
30779212228443,-0.91884387,9.035298,3.8285162,3
30779214607349,-0.9092726,9.0544405,3.8237305,3
30779216986308,-0.9092726,9.030513,3.8476589,3
30779219365214,-0.9236295,9.030513,3.8572302,3
30779221744172,-0.93320084,9.035298,3.8524444,3
30779224123079,-0.93320084,9.040084,3.8524444,3
30779226502037,-0.91884387,9.030513,3.8476589,3
30779228880943,-0.9092726,9.030513,3.8524444,3
30779231259902,-0.89491564,9.016156,3.885944,3
30779233638808,-0.8757731,9.030513,3.871587,3
30779236017766,-0.86141616,9.001799,3.8668015,3
30779238396672,-0.8566305,9.001799,3.8763726,3
30779240775631,-0.86141616,9.006584,3.8763726,3
30779243154537,-0.8709874,9.030513,3.871587,3
30779245533495,-0.86141616,9.025727,3.871587,3
30779247912402,-0.85184485,9.001799,3.8668015,3
30779250291360,-0.8566305,9.025727,3.8572302,3
30779252670266,-0.8709874,9.035298,3.8668015,3
30779255049224,-0.86141616,9.049655,3.8620157,3
30779257428131,-0.85184485,9.049655,3.8476589,3
30779259807037,-0.86141616,9.044869,3.8476589,3
30779262185995,-0.86141616,9.030513,3.8380876,3
30779264564849,-0.8709874,9.020942,3.842873,3
30779266943860,-0.8709874,9.020942,3.8333018,3
30779269322766,-0.8757731,9.049655,3.8524444,3
30779271701724,-0.8757731,9.040084,3.8811584,3
30779274080631,-0.89013004,9.025727,3.8668015,3
30779276459589,-0.89491564,9.030513,3.8572302,3
30779278838495,-0.89491564,9.020942,3.8572302,3
30779281217454,-0.8997013,9.016156,3.8524444,3
30779283596360,-0.89491564,9.016156,3.842873,3
30779285975318,-0.91884387,9.001799,3.8476589,3
30779288354224,-0.9236295,9.020942,3.8333018,3
30779290733183,-0.94755775,9.044869,3.8333018,3
30779293112089,-0.9619147,9.044869,3.818945,3
30779295491047,-0.9619147,9.064013,3.818945,3
30779297869954,-0.971486,9.083155,3.8285162,3
30779300248912,-0.95712906,9.068798,3.8285162,3
30779302627818,-0.9810573,9.035298,3.818945,3
30779305006724,-0.9810573,9.044869,3.818945,3
30779307385683,-0.9762716,9.044869,3.8141594,3
30779309764589,-0.9906286,9.035298,3.8285162,3
30779312143547,-0.9906286,9.044869,3.8285162,3
30779314522454,-1.0001999,9.020942,3.8141594,3
30779316901412,-1.0097711,9.016156,3.8093736,3
30779319280318,-1.0001999,9.020942,3.8285162,3
30779321659277,-1.0049855,9.020942,3.818945,3
30779324038183,-1.0336994,9.01137,3.8141594,3
30779326417141,-1.052842,9.035298,3.7950168,3
30779328796047,-1.0671989,9.025727,3.7950168,3
30779331175006,-1.0863415,9.035298,3.7950168,3
30779333553860,-1.105484,9.064013,3.7950168,3
30779335932870,-1.105484,9.068798,3.804588,3
30779338311777,-1.134198,9.0544405,3.8093736,3
30779340690735,-1.1533405,9.0544405,3.790231,3
30779343069641,-1.1772687,9.068798,3.790231,3
30779345448599,-1.1772687,9.064013,3.7710886,3
30779347827506,-1.1772687,9.083155,3.7806597,3
30779350206464,-1.1820544,9.0544405,3.790231,3
30779352585370,-1.1916257,9.0544405,3.7854455,3
30779354964329,-1.2011969,9.068798,3.7710886,3
30779357343235,-1.2155539,9.064013,3.7710886,3
30779359722141,-1.2203395,9.044869,3.7758741,3
30779362101099,-1.2394822,9.068798,3.7758741,3
30779364480006,-1.253839,9.059227,3.7710886,3
30779366858964,-1.268196,9.035298,3.790231,3
30779369237870,-1.2969099,9.059227,3.7806597,3
30779371616829,-1.2969099,9.092726,3.7806597,3
30779373995735,-1.3016955,9.073584,3.7758741,3
30779376374693,-1.3208381,9.078369,3.7758741,3
30779378753599,-1.3447664,9.078369,3.790231,3
30779381132506,-1.3543376,9.073584,3.8093736,3
30779383511464,-1.3639089,9.059227,3.8285162,3
30779385890422,-1.3782659,9.044869,3.7998023,3
30779388269329,-1.3830515,9.068798,3.8093736,3
30779390648287,-1.3926228,9.078369,3.818945,3
30779393027193,-1.3974084,9.059227,3.8333018,3
30779395406152,-1.4117653,9.049655,3.8333018,3
30779397785058,-1.4261223,9.035298,3.842873,3
30779400164016,-1.416551,9.006584,3.8811584,3
30779402542922,-1.416551,9.016156,3.885944,3
30779404921829,-1.4261223,9.030513,3.8907297,3
30779407300787,-1.416551,9.020942,3.8620157,3
30779409679693,-1.4596218,9.025727,3.885944,3
30779412058652,-1.4548361,9.016156,3.9098723,3
30779414437558,-1.4452649,9.006584,3.9433718,3
30779416816516,-1.4356936,9.016156,3.9338005,3
30779419195422,-1.430908,9.006584,3.9242291,3
30779421574381,-1.4452649,8.997013,3.9290147,3
30779423953287,-1.4500505,8.963513,3.9146578,3
30779426332193,-1.4404793,8.9826565,3.9194436,3
30779428711152,-1.4452649,8.992228,3.9242291,3
30779431090110,-1.4261223,8.992228,3.9338005,3
30779433469016,-1.402194,9.001799,3.952943,3
30779435847974,-1.4069797,8.997013,3.9290147,3
30779438226881,-1.4069797,9.006584,3.900301,3
30779440605839,-1.3878372,8.997013,3.9098723,3
30779442984745,-1.3686945,8.997013,3.9098723,3
30779445363704,-1.3495519,9.001799,3.9242291,3
30779447742610,-1.3304094,9.016156,3.9050865,3
30779450121568,-1.3160524,9.020942,3.9194436,3
30779452500474,-1.3304094,9.030513,3.938586,3
30779454879433,-1.3112668,9.006584,3.938586,3
30779457258339,-1.2969099,9.006584,3.9290147,3
30779459637297,-1.2634103,9.016156,3.9290147,3
30779462016204,-1.2442678,9.006584,3.9098723,3
30779464395162,-1.2490535,9.016156,3.9290147,3
30779466774068,-1.253839,9.006584,3.9481573,3
30779469152974,-1.2346965,9.016156,3.9625144,3
30779471531933,-1.2394822,9.030513,3.952943,3
30779473910839,-1.2059826,9.040084,3.9290147,3
30779476289797,-1.1964114,9.016156,3.9290147,3
30779478668704,-1.1916257,9.01137,3.9194436,3
30779481047662,-1.1724831,9.020942,3.9194436,3
30779483426568,-1.119841,9.025727,3.9194436,3
30779485805527,-1.0959128,9.044869,3.9242291,3
30779488184433,-1.0671989,9.040084,3.9194436,3
30779490563391,-1.052842,9.025727,3.9290147,3
30779492942297,-1.0336994,9.01137,3.9242291,3
30779495321256,-0.98584294,8.992228,3.9338005,3
30779497700162,-0.9762716,8.992228,3.938586,3
30779500079120,-0.94755775,9.006584,3.952943,3
30779502458027,-0.91405827,8.992228,3.9433718,3
30779504836985,-0.8805587,8.992228,3.9242291,3
30779507215891,-0.8757731,9.001799,3.9338005,3
30779509594849,-0.8566305,9.001799,3.9338005,3
30779511973756,-0.83748794,8.997013,3.9433718,3
30779514352714,-0.8422736,8.997013,3.9338005,3
30779516731620,-0.80877405,8.987442,3.9481573,3
30779519110579,-0.76570326,8.987442,3.9194436,3
30779521489485,-0.72741807,9.016156,3.8955152,3
30779523868443,-0.7369894,9.016156,3.885944,3
30779526247349,-0.7178468,9.01137,3.8955152,3
30779528626308,-0.7178468,9.025727,3.9290147,3
30779531005162,-0.7082755,9.025727,3.9242291,3
30779533384120,-0.66999036,9.016156,3.9146578,3
30779535763079,-0.6556334,9.035298,3.9098723,3
30779538141985,-0.6412765,9.035298,3.9098723,3
30779540520943,-0.6029913,9.040084,3.9146578,3
30779542899849,-0.57427746,9.040084,3.9146578,3
30779545278808,-0.5407779,9.025727,3.9098723,3
30779547657714,-0.53599226,9.020942,3.9338005,3
30779550036672,-0.5455636,9.040084,3.9481573,3
30779552415579,-0.5168497,9.030513,3.9290147,3
30779554794537,-0.4881358,9.040084,3.900301,3
30779557173443,-0.45942193,9.035298,3.9050865,3
30779559552402,-0.4354937,9.044869,3.9050865,3
30779561931308,-0.43070808,9.035298,3.9290147,3
30779564310266,-0.41635114,9.025727,3.9050865,3
30779566689172,-0.3924229,9.044869,3.885944,3
30779569068131,-0.38285163,9.025727,3.885944,3
30779571447037,-0.37328035,9.025727,3.8763726,3
30779573825995,-0.35413775,9.035298,3.871587,3
30779576204902,-0.3493521,9.059227,3.8811584,3
30779578583860,-0.32063824,9.044869,3.885944,3
30779580962766,-0.31585258,9.035298,3.871587,3
30779583341724,-0.30149564,9.020942,3.8668015,3
30779585720631,-0.31585258,9.0544405,3.885944,3
30779588099537,-0.32063824,9.049655,3.8763726,3
30779590478495,-0.31585258,9.035298,3.8524444,3
30779592857402,-0.30149564,9.035298,3.8476589,3
30779595236360,-0.28713873,9.0544405,3.8572302,3
30779597615266,-0.25842485,9.059227,3.8763726,3
30779599994224,-0.2727818,9.040084,3.8572302,3
30779602373131,-0.25842485,9.035298,3.8333018,3
30779604752089,-0.23449662,9.030513,3.8237305,3
30779607130995,-0.22971097,9.044869,3.8620157,3
30779609509954,-0.2009971,9.030513,3.871587,3
30779611888860,-0.20578274,9.030513,3.871587,3
30779614267818,-0.2009971,9.025727,3.871587,3
30779616646724,-0.2105684,9.020942,3.8620157,3
30779619025683,-0.17706887,9.020942,3.8668015,3
30779621404589,-0.15792629,9.030513,3.871587,3
30779623783547,-0.16271193,9.016156,3.8907297,3
30779626162454,-0.13878371,9.025727,3.8907297,3
30779628541412,-0.11485548,9.030513,3.8668015,3
30779630920318,-0.11964113,9.025727,3.885944,3
30779633299277,-0.1052842,9.035298,3.9098723,3
30779635678183,-0.124426775,9.020942,3.9098723,3
30779638057141,-0.124426775,9.020942,3.9194436,3
30779640436047,-0.15792629,9.01137,3.9433718,3
30779642815006,-0.13878371,8.997013,3.9673,3
30779645193912,-0.148355,9.020942,3.9625144,3
30779647572870,-0.11964113,9.049655,3.885944,3
30779649951777,-0.11964113,9.040084,3.8811584,3
30779652330683,-0.09571291,9.030513,3.8811584,3
30779654709641,-0.062213387,9.049655,3.9242291,3
30779657088547,-0.023928227,9.025727,3.938586,3
30779659467506,0.014356935,9.006584,3.9050865,3
30779661846464,0.062213387,9.025727,3.8668015,3
30779664225370,0.062213387,9.040084,3.8380876,3
30779666604277,0.038285162,9.035298,3.8811584,3
30779668983235,0.033499517,9.030513,3.900301,3
30779671362141,0.009571291,9.035298,3.900301,3
30779673741099,-0.033499517,9.025727,3.8955152,3
30779676120006,-0.062213387,9.030513,3.8763726,3
30779678498964,-0.09092726,9.049655,3.871587,3
30779680877870,-0.124426775,9.0544405,3.871587,3
30779683256829,-0.11964113,9.040084,3.8763726,3
30779685635735,-0.12921242,9.035298,3.8763726,3
30779688014641,-0.11964113,9.025727,3.9098723,3
30779690393599,-0.09092726,9.001799,3.9433718,3
30779692772558,-0.11964113,9.006584,3.9481573,3
30779695151464,-0.10049855,9.020942,3.9146578,3
30779697530422,-0.10049855,9.025727,3.8811584,3
30779699909329,-0.12921242,9.059227,3.8907297,3
30779702288287,-0.124426775,9.049655,3.9098723,3
30779704667193,-0.13878371,9.0544405,3.9290147,3
30779707046152,-0.16749759,9.0544405,3.9050865,3
30779709425058,-0.17706887,9.068798,3.8907297,3
30779711804016,-0.148355,9.049655,3.900301,3
30779714182922,-0.11485548,9.044869,3.9290147,3
30779716561881,-0.09092726,9.049655,3.9242291,3
30779718940787,-0.06699903,9.0544405,3.9146578,3
30779721319745,-0.07178468,9.035298,3.9050865,3
30779723698652,-0.0526421,9.01137,3.9242291,3
30779726077610,-0.02871387,8.997013,3.952943,3
30779728456516,-0.043070808,9.016156,3.9433718,3
30779730835422,-0.038285162,9.001799,3.9098723,3
30779733214381,-0.047856454,9.01137,3.885944,3
30779735593339,-0.08135597,9.020942,3.900301,3
30779737972245,-0.11006984,9.020942,3.9290147,3
30779740351152,-0.14356937,9.040084,3.9242291,3
30779742730110,-0.16749759,9.059227,3.885944,3
30779745109016,-0.18664017,9.064013,3.871587,3
30779747487974,-0.20578274,9.068798,3.871587,3
30779749866881,-0.17706887,9.083155,3.8763726,3
30779752245839,-0.15792629,9.0544405,3.885944,3
30779754624745,-0.12921242,9.0544405,3.8811584,3
30779757003704,-0.076570325,9.064013,3.8763726,3
30779759382610,-0.02871387,9.0544405,3.9146578,3
30779761761568,0.009571291,9.020942,3.9146578,3
30779764140474,0.047856454,9.025727,3.938586,3
30779766519433,0.07178468,9.020942,3.9050865,3
30779768898339,0.06699903,9.025727,3.9098723,3
30779771277297,0.05742774,9.059227,3.9194436,3
30779773656204,0.02871387,9.068798,3.9433718,3
30779776035162,-0.02871387,9.035298,3.9338005,3
30779778414068,-0.08135597,9.035298,3.8955152,3
30779780793027,-0.1052842,9.073584,3.8572302,3
30779783171933,-0.11006984,9.083155,3.8763726,3
30779785550891,-0.124426775,9.059227,3.9146578,3
30779787929797,-0.1052842,9.068798,3.9146578,3
30779790308756,-0.11964113,9.064013,3.9098723,3
30779792687662,-0.148355,9.040084,3.9242291,3
30779795066620,-0.15314065,9.0544405,3.9577286,3
30779797445527,-0.15314065,9.040084,3.938586,3
30779799824433,-0.16749759,9.0544405,3.9146578,3
30779802203391,-0.16271193,9.049655,3.9194436,3
30779804582349,-0.16749759,9.030513,3.9290147,3
30779806961256,-0.17706887,9.016156,3.9338005,3
30779809340162,-0.15792629,9.025727,3.9242291,3
30779811719120,-0.16271193,9.040084,3.9146578,3
30779814098027,-0.12921242,9.030513,3.8907297,3
30779816476985,-0.11006984,9.049655,3.885944,3
30779818855891,-0.06699903,9.044869,3.9050865,3
30779821234849,-0.062213387,9.068798,3.9194436,3
30779823613756,-0.038285162,9.064013,3.9146578,3
30779825992714,0.0047856453,9.059227,3.9194436,3
30779828371620,0.014356935,9.064013,3.9194436,3
30779830750579,-0.023928227,9.064013,3.9290147,3
30779833129485,-0.033499517,9.044869,3.9290147,3
30779835508443,-0.0526421,9.030513,3.9194436,3
30779837887349,-0.05742774,9.044869,3.9146578,3
30779840266308,-0.076570325,9.049655,3.9242291,3
30779842645214,-0.11485548,9.078369,3.938586,3
30779845024172,-0.15792629,9.049655,3.9146578,3
30779847403079,-0.19142582,9.035298,3.9194436,3
30779849782037,-0.19142582,9.044869,3.900301,3
30779852160943,-0.19142582,9.049655,3.938586,3
30779854539902,-0.17706887,9.068798,3.9338005,3
30779856918808,-0.148355,9.0544405,3.9290147,3
30779859297766,-0.11006984,9.025727,3.9098723,3
30779861676672,-0.10049855,9.040084,3.9098723,3
30779864055631,-0.05742774,9.0544405,3.9098723,3
30779866434537,-0.062213387,9.044869,3.9194436,3
30779868813495,-0.062213387,9.044869,3.9050865,3
30779871192402,-0.062213387,9.025727,3.9098723,3
30779873571360,-0.06699903,9.025727,3.9098723,3
30779875950266,-0.08135597,9.044869,3.9050865,3
30779878329224,-0.07178468,9.035298,3.9098723,3
30779880708131,-0.09571291,9.030513,3.9050865,3
30779883087089,-0.11006984,9.025727,3.9050865,3
30779885465995,-0.11006984,9.040084,3.9098723,3
30779887844954,-0.15792629,9.035298,3.938586,3
30779890223860,-0.15314065,9.025727,3.952943,3
30779892602818,-0.16271193,9.040084,3.9481573,3
30779894981724,-0.17228323,9.040084,3.9338005,3
30779897360631,-0.18664017,9.044869,3.9338005,3
30779899739589,-0.2009971,9.049655,3.9433718,3
30779902118495,-0.22492532,9.040084,3.9481573,3
30779904497454,-0.23449662,9.0544405,3.9242291,3
30779906876412,-0.2440679,9.044869,3.9194436,3
30779909255318,-0.22492532,9.0544405,3.9194436,3
30779911634277,-0.2009971,9.0544405,3.9194436,3
30779914013183,-0.18185452,9.040084,3.9194436,3
30779916392089,-0.17228323,9.059227,3.9338005,3
30779918771047,-0.15792629,9.049655,3.9338005,3
30779921149954,-0.13399807,9.030513,3.9194436,3
30779923528912,-0.11006984,9.040084,3.9338005,3
30779925907818,-0.11006984,9.025727,3.952943,3
30779928286777,-0.11006984,9.030513,3.9481573,3
30779930665683,-0.13399807,9.035298,3.9194436,3
30779933044641,-0.148355,9.035298,3.8907297,3
30779935423547,-0.13399807,9.030513,3.9098723,3
30779937802506,-0.13878371,9.035298,3.9194436,3
30779940181412,-0.13878371,9.040084,3.9194436,3
30779942560370,-0.12921242,9.059227,3.9146578,3
30779944939277,-0.14356937,9.064013,3.9050865,3
30779947318235,-0.148355,9.040084,3.9194436,3
30779949697141,-0.15314065,9.035298,3.9290147,3
30779952076099,-0.16749759,9.0544405,3.9050865,3
30779954455006,-0.19621146,9.073584,3.9098723,3
30779956833964,-0.2105684,9.064013,3.9146578,3
30779959212870,-0.2105684,9.0544405,3.9146578,3
30779961591829,-0.23449662,9.040084,3.9146578,3
30779963970735,-0.23449662,9.064013,3.9098723,3
30779966349693,-0.23928227,9.0544405,3.900301,3
30779968728599,-0.22971097,9.044869,3.8907297,3
30779971107558,-0.23449662,9.0544405,3.9098723,3
30779973486464,-0.22013968,9.025727,3.9290147,3
30779975865422,-0.20578274,9.020942,3.9290147,3
30779978244329,-0.21535404,9.044869,3.9242291,3
30779980623287,-0.22492532,9.044869,3.9050865,3
30779983002193,-0.22013968,9.030513,3.9290147,3
30779985381152,-0.23928227,9.035298,3.9242291,3
30779987760058,-0.23449662,9.025727,3.9050865,3
30779990139016,-0.2536392,9.030513,3.8955152,3
30779992517922,-0.28235307,9.0544405,3.8955152,3
30779994896881,-0.3062813,9.049655,3.9050865,3
30779997275787,-0.32542387,9.025727,3.9098723,3
30779999654693,-0.34456646,9.025727,3.9050865,3
30780002033652,-0.37806597,9.044869,3.8811584,3
30780004412610,-0.3589234,9.049655,3.9050865,3
30780006791516,-0.3493521,9.035298,3.9146578,3
30780009170422,-0.35413775,9.040084,3.9338005,3
30780011549381,-0.35413775,9.040084,3.9481573,3
30780013928287,-0.35413775,9.025727,3.9146578,3
30780016307245,-0.3684947,9.035298,3.9194436,3
30780018686152,-0.36370903,9.030513,3.900301,3
30780021065110,-0.34456646,9.040084,3.9146578,3
30780023444016,-0.36370903,9.025727,3.9146578,3
30780025822974,-0.37328035,9.020942,3.900301,3
30780028201881,-0.37806597,9.030513,3.9242291,3
30780030580839,-0.43070808,9.040084,3.8955152,3
30780032959745,-0.44027936,9.049655,3.9098723,3
30780035338704,-0.44027936,9.044869,3.8907297,3
30780037717610,-0.47377887,9.035298,3.9098723,3
30780040096568,-0.51206404,9.059227,3.885944,3
30780042475474,-0.5168497,9.064013,3.8907297,3
30780044854433,-0.5312066,9.068798,3.9194436,3
30780047233287,-0.53599226,9.0544405,3.9194436,3
30780049612297,-0.5455636,9.035298,3.900301,3
30780051991204,-0.56470615,9.049655,3.885944,3
30780054370162,-0.56470615,9.049655,3.9098723,3
30780056749068,-0.5599205,9.049655,3.9050865,3
30780059128027,-0.5838487,9.059227,3.9050865,3
30780061506933,-0.5694918,9.0544405,3.9146578,3
30780063885891,-0.55034924,9.059227,3.9098723,3
30780066264797,-0.52163535,9.0544405,3.900301,3
30780068643756,-0.4833502,9.044869,3.9194436,3
30780071022662,-0.44506502,9.044869,3.8907297,3
30780073401620,-0.45942193,9.059227,3.871587,3
30780075780527,-0.45942193,9.030513,3.8811584,3
30780078159485,-0.5024927,9.01137,3.8907297,3
30780080538391,-0.5312066,9.016156,3.9098723,3
30780082917349,-0.6221339,9.044869,3.9098723,3
30780085296256,-0.6843473,9.044869,3.8955152,3
30780087675214,-0.74177504,9.073584,3.9146578,3
30780090054120,-0.79441714,9.064013,3.9146578,3
30780092433079,-0.85184485,9.049655,3.9290147,3
30780094811985,-0.8709874,9.064013,3.9290147,3
30780097190943,-0.8757731,9.049655,3.900301,3
30780099569849,-0.8422736,9.035298,3.8811584,3
30780101948808,-0.80877405,9.044869,3.9050865,3
30780104327714,-0.7513463,9.025727,3.9098723,3
30780106706672,-0.7178468,9.006584,3.900301,3
30780109085579,-0.72263247,9.001799,3.9242291,3
30780111464537,-0.72741807,9.020942,3.938586,3
30780113843391,-0.6987042,9.025727,3.952943,3
30780116222402,-0.71306115,9.073584,3.9433718,3
30780118601308,-0.71306115,9.040084,3.9050865,3
30780120980214,-0.7178468,9.049655,3.8907297,3
30780123359172,-0.6652047,9.068798,3.8907297,3
30780125738079,-0.63170516,9.073584,3.9098723,3
30780128117037,-0.5982057,9.025727,3.9050865,3
30780130495943,-0.5407779,9.006584,3.9050865,3
30780132874902,-0.53599226,9.025727,3.885944,3
30780135253808,-0.5407779,9.040084,3.885944,3
30780137632766,-0.5886344,9.025727,3.8907297,3
30780140011672,-0.66041905,9.020942,3.9242291,3
30780142390631,-0.72263247,9.030513,3.9290147,3
30780144769537,-0.7800602,9.035298,3.938586,3
30780147148495,-0.8566305,9.020942,3.9194436,3
30780149527402,-0.89491564,9.025727,3.9146578,3
30780151906360,-0.91884387,9.025727,3.9098723,3
30780154285266,-0.9284152,9.040084,3.9146578,3
30780156664224,-0.9092726,9.049655,3.9290147,3
30780159043131,-0.9284152,9.044869,3.9290147,3
30780161422089,-0.89491564,9.0544405,3.9194436,3
30780163800995,-0.8327023,9.059227,3.9194436,3
30780166179954,-0.7848458,9.0544405,3.9242291,3
30780168558860,-0.7178468,9.064013,3.9194436,3
30780170937818,-0.6556334,9.044869,3.900301,3
30780173316724,-0.6125626,9.030513,3.9050865,3
30780175695683,-0.5838487,9.040084,3.9338005,3
30780178074589,-0.57427746,9.035298,3.9481573,3
30780180453547,-0.55034924,9.006584,3.952943,3
30780182832454,-0.5886344,9.001799,3.9433718,3
30780185211412,-0.6269195,8.992228,3.9481573,3
30780187590318,-0.6939186,8.9826565,3.9433718,3
30780189969277,-0.7369894,8.9826565,3.9577286,3
30780192348183,-0.7609176,8.987442,3.9577286,3
30780194727141,-0.8279166,9.001799,3.9625144,3
30780197105995,-0.8470592,9.016156,3.9720855,3
30780199485006,-0.8757731,9.025727,3.9433718,3
30780201863912,-0.8853444,9.016156,3.938586,3
30780204242870,-0.9284152,9.001799,3.938586,3
30780206621777,-0.9379865,9.020942,3.9242291,3
30780209000735,-0.95712906,9.01137,3.9673,3
30780211379641,-0.93320084,9.016156,3.9960139,3
30780213758599,-0.9092726,9.01137,3.9625144,3
30780216137506,-0.89013004,9.020942,3.9673,3
30780218516464,-0.8566305,9.001799,3.9625144,3
30780220895370,-0.7896315,9.016156,3.9673,3
30780223274329,-0.70348984,9.006584,3.9577286,3
30780225653235,-0.6412765,8.997013,3.9625144,3
30780228032193,-0.5886344,9.006584,3.9673,3
30780230411099,-0.5455636,8.977871,3.9768713,3
30780232790058,-0.5024927,8.987442,3.9768713,3
30780235168964,-0.5024927,8.992228,3.9673,3
30780237547922,-0.5455636,9.001799,3.9673,3
30780239926829,-0.57427746,8.997013,3.9673,3
30780242305787,-0.6221339,8.997013,3.9625144,3
30780244684693,-0.70348984,9.001799,3.9673,3
30780247063652,-0.7896315,9.016156,3.9864426,3
30780249442558,-0.8422736,8.997013,3.9864426,3
30780251821516,-0.9092726,8.992228,4.0007997,3
30780254200422,-0.9762716,8.992228,4.005585,3
30780256579381,-0.9954142,9.016156,3.9960139,3
30780258958287,-0.9906286,8.997013,3.9816568,3
30780261337245,-0.9906286,9.006584,3.991228,3
30780263716152,-0.95712906,9.016156,3.9768713,3
30780266095110,-0.9619147,9.016156,3.9720855,3
30780268474016,-0.9284152,9.01137,3.9577286,3
30780270852974,-0.89013004,9.035298,3.9433718,3
30780273231881,-0.8662018,9.0544405,3.9290147,3
30780275610787,-0.80877405,9.025727,3.9481573,3
30780277989745,-0.7752745,9.016156,3.952943,3
30780280368652,-0.7465607,9.001799,3.9577286,3
30780282747610,-0.7369894,9.001799,3.9433718,3
30780285126516,-0.72263247,9.01137,3.9290147,3
30780287505474,-0.70348984,8.997013,3.9146578,3
30780289884381,-0.6987042,9.001799,3.9146578,3
30780292263339,-0.6843473,9.006584,3.9050865,3
30780294642245,-0.74177504,9.006584,3.9146578,3
30780297021204,-0.7513463,9.025727,3.9194436,3
30780299400110,-0.7704889,9.020942,3.9194436,3
30780301779068,-0.82313097,9.049655,3.9242291,3
30780304157974,-0.8709874,9.0544405,3.9098723,3
30780306536933,-0.91884387,9.0544405,3.900301,3
30780308915839,-0.9619147,9.059227,3.9194436,3
30780311294797,-0.9762716,9.0544405,3.9098723,3
30780313673704,-0.971486,9.0544405,3.900301,3
30780316052662,-0.95712906,9.064013,3.900301,3
30780318431568,-0.9284152,9.044869,3.8955152,3
30780320810474,-0.8757731,9.049655,3.8955152,3
30780323189433,-0.8279166,9.0544405,3.9242291,3
30780325568391,-0.76570326,9.044869,3.9433718,3
30780327947297,-0.72741807,9.025727,3.9433718,3
30780330326256,-0.71306115,9.01137,3.938586,3
30780332705162,-0.6795616,9.020942,3.938586,3
30780335084120,-0.65084773,9.025727,3.952943,3
30780337463027,-0.6412765,9.006584,3.9433718,3
30780339841985,-0.6412765,9.001799,3.9194436,3
30780342220891,-0.65084773,9.001799,3.9242291,3
30780344599849,-0.6652047,9.040084,3.9194436,3
30780346978756,-0.6843473,9.040084,3.9146578,3
30780349357714,-0.6939186,9.030513,3.9098723,3
30780351736620,-0.70348984,9.030513,3.885944,3
30780354115579,-0.72741807,9.025727,3.885944,3
30780356494485,-0.74177504,9.040084,3.8907297,3
30780358873443,-0.7609176,9.035298,3.9098723,3
30780361252349,-0.79441714,9.040084,3.9194436,3
30780363631308,-0.8135597,9.025727,3.9194436,3
30780366010214,-0.79920274,9.025727,3.9290147,3
30780368389172,-0.79920274,9.01137,3.9050865,3
30780370768079,-0.7800602,9.01137,3.9050865,3
30780373147037,-0.75613195,9.030513,3.9242291,3
30780375525943,-0.74177504,9.040084,3.938586,3
30780377904902,-0.7322037,9.049655,3.9146578,3
30780380283808,-0.70348984,9.049655,3.9146578,3
30780382662766,-0.66041905,9.040084,3.9050865,3
30780385041672,-0.6269195,9.020942,3.900301,3
30780387420631,-0.5886344,9.035298,3.8955152,3
30780389799537,-0.5838487,9.044869,3.8955152,3
30780392178495,-0.5982057,9.049655,3.8907297,3
30780394557402,-0.5455636,9.083155,3.9098723,3
30780396936360,-0.5312066,9.073584,3.9194436,3
30780399315266,-0.55513483,9.064013,3.9242291,3
30780401694224,-0.5407779,9.068798,3.9242291,3
30780404073131,-0.55513483,9.064013,3.9098723,3
30780406452089,-0.57427746,9.049655,3.900301,3
30780408830995,-0.57906306,9.025727,3.900301,3
30780411209954,-0.57906306,9.016156,3.9146578,3
30780413588860,-0.5886344,9.020942,3.9194436,3
30780415967818,-0.6029913,9.01137,3.9194436,3
30780418346724,-0.6221339,9.020942,3.8811584,3
30780420725683,-0.6269195,9.016156,3.8907297,3
30780423104589,-0.60777694,9.016156,3.8955152,3
30780425483547,-0.6029913,9.01137,3.9146578,3
30780427862402,-0.5886344,9.01137,3.9146578,3
30780430241412,-0.57906306,9.01137,3.8955152,3
30780432620318,-0.5886344,9.035298,3.885944,3
30780434999277,-0.56470615,9.044869,3.8811584,3
30780437378183,-0.53599226,9.049655,3.871587,3
30780439757141,-0.52163535,9.059227,3.871587,3
30780442136047,-0.5072784,9.049655,3.8668015,3
30780444515006,-0.49292147,9.049655,3.8763726,3
30780446893912,-0.4881358,9.059227,3.885944,3
30780449272870,-0.44985065,9.073584,3.871587,3
30780451651777,-0.47856453,9.049655,3.871587,3
30780454030735,-0.47377887,9.040084,3.871587,3
30780456409641,-0.46899325,9.044869,3.8955152,3
30780458788599,-0.4642076,9.035298,3.900301,3
30780461167506,-0.46899325,9.049655,3.8907297,3
30780463546464,-0.4833502,9.049655,3.885944,3
30780465925370,-0.4881358,9.059227,3.885944,3
30780468304329,-0.5072784,9.073584,3.8955152,3
30780470683235,-0.5312066,9.059227,3.8955152,3
30780473062193,-0.53599226,9.064013,3.8811584,3
30780475441099,-0.53599226,9.040084,3.8668015,3
30780477820058,-0.5407779,9.040084,3.8620157,3
30780480198964,-0.53599226,9.0544405,3.8763726,3
30780482577922,-0.5072784,9.0544405,3.9050865,3
30780484956829,-0.4977071,9.044869,3.8907297,3
30780487335735,-0.47856453,9.049655,3.871587,3
30780489714693,-0.44985065,9.030513,3.8524444,3
30780492093652,-0.44027936,9.030513,3.8668015,3
30780494472558,-0.4211368,9.035298,3.885944,3
30780496851516,-0.4019942,9.025727,3.8811584,3
30780499230422,-0.38763726,9.025727,3.8907297,3
30780501609381,-0.4019942,9.030513,3.885944,3
30780503988287,-0.41156548,9.025727,3.8907297,3
30780506367193,-0.41156548,9.049655,3.885944,3
30780508746152,-0.4211368,9.040084,3.885944,3
30780511125110,-0.43070808,9.030513,3.8763726,3
30780513504016,-0.4354937,9.035298,3.8907297,3
30780515882922,-0.44027936,9.044869,3.8955152,3
30780518261881,-0.43070808,9.059227,3.8811584,3
30780520640839,-0.4546363,9.044869,3.8763726,3
30780523019693,-0.4546363,9.068798,3.885944,3
30780525398704,-0.4642076,9.083155,3.8668015,3
30780527777610,-0.47856453,9.078369,3.8763726,3
30780530156516,-0.5024927,9.049655,3.8763726,3
30780532535474,-0.5168497,9.035298,3.8811584,3
30780534914433,-0.5024927,9.049655,3.8907297,3
30780537293339,-0.5024927,9.049655,3.885944,3
30780539672245,-0.4833502,9.059227,3.8955152,3
30780542051204,-0.4642076,9.059227,3.8955152,3
30780544430162,-0.44985065,9.040084,3.885944,3
30780546809068,-0.43070808,9.035298,3.8907297,3
30780549187974,-0.41156548,9.040084,3.8763726,3
30780551566933,-0.4019942,9.044869,3.885944,3
30780553945839,-0.41156548,9.030513,3.871587,3
30780556324797,-0.41156548,9.0544405,3.8763726,3
30780558703704,-0.43070808,9.049655,3.8763726,3
30780561082662,-0.44506502,9.068798,3.8907297,3
30780563461568,-0.47377887,9.035298,3.8955152,3
30780565840527,-0.47856453,9.044869,3.8907297,3
30780568219433,-0.47377887,9.035298,3.8907297,3
30780570598391,-0.49292147,9.030513,3.900301,3
30780572977297,-0.526421,9.040084,3.900301,3
30780575356256,-0.5168497,9.040084,3.8955152,3
30780577735162,-0.52163535,9.064013,3.9050865,3
30780580114120,-0.55034924,9.068798,3.8907297,3
30780582493027,-0.5599205,9.0544405,3.885944,3
30780584871985,-0.5694918,9.0544405,3.8955152,3
30780587250891,-0.5694918,9.01137,3.900301,3
30780589629849,-0.57906306,9.016156,3.9050865,3
30780592008756,-0.5838487,9.01137,3.9098723,3
30780594387714,-0.6269195,9.020942,3.900301,3
30780596766620,-0.63170516,9.020942,3.9050865,3
30780599145579,-0.6269195,9.035298,3.9098723,3
30780601524485,-0.61734825,9.049655,3.900301,3
30780603903443,-0.61734825,9.030513,3.8955152,3
30780606282402,-0.60777694,9.020942,3.9098723,3
30780608661308,-0.5886344,9.025727,3.9290147,3
30780611040214,-0.5982057,9.040084,3.938586,3
30780613419172,-0.5982057,9.025727,3.9194436,3
30780615798079,-0.5886344,9.040084,3.9242291,3
30780618177037,-0.60777694,9.040084,3.9194436,3
30780620555943,-0.6412765,9.025727,3.9433718,3
30780622934902,-0.6556334,9.030513,3.9481573,3
30780625313808,-0.6795616,9.025727,3.938586,3
30780627692766,-0.71306115,9.040084,3.9433718,3
30780630071672,-0.71306115,9.025727,3.9481573,3
30780632450631,-0.72263247,9.016156,3.938586,3
30780634829537,-0.6891329,9.016156,3.938586,3
30780637208495,-0.72741807,9.020942,3.938586,3
30780639587402,-0.7369894,9.020942,3.9290147,3
30780641966360,-0.7369894,9.016156,3.9481573,3
30780644345266,-0.7322037,9.001799,3.9673,3
30780646724224,-0.7178468,9.016156,3.9481573,3
30780649103131,-0.7369894,9.001799,3.9290147,3
30780651482089,-0.7513463,9.016156,3.9242291,3
30780653860995,-0.7178468,9.025727,3.9338005,3
30780656239954,-0.72741807,9.01137,3.9290147,3
30780658618860,-0.72741807,9.030513,3.9290147,3
30780660997818,-0.72263247,9.030513,3.9338005,3
30780663376724,-0.72263247,9.020942,3.938586,3
30780665755683,-0.7465607,9.025727,3.9433718,3
30780668134589,-0.7609176,9.025727,3.9242291,3
30780670513547,-0.7704889,9.01137,3.9290147,3
30780672892454,-0.7752745,9.020942,3.9290147,3
30780675271412,-0.76570326,9.025727,3.9098723,3
30780677650318,-0.7513463,9.035298,3.9098723,3
30780680029277,-0.7513463,9.020942,3.9194436,3
30780682408183,-0.7465607,9.030513,3.938586,3
30780684787141,-0.76570326,9.020942,3.9194436,3
30780687166047,-0.7752745,9.016156,3.9194436,3
30780689545006,-0.8279166,9.035298,3.9050865,3
30780691923912,-0.82313097,9.035298,3.9146578,3
30780694302870,-0.8039884,9.040084,3.8955152,3
30780696681777,-0.8039884,9.044869,3.8811584,3
30780699060735,-0.8135597,9.040084,3.8811584,3
30780701439641,-0.82313097,9.025727,3.9050865,3
30780703818599,-0.80877405,9.049655,3.9338005,3
30780706197506,-0.7848458,9.044869,3.9242291,3
30780708576464,-0.7800602,9.030513,3.900301,3
30780710955370,-0.76570326,9.020942,3.8907297,3
30780713334329,-0.7465607,9.020942,3.8955152,3
30780715713235,-0.74177504,8.958728,3.8907297,3
30780718092193,-0.76570326,8.872586,3.900301,3
30780720471099,-0.74177504,8.958728,3.8620157,3
30780722850058,-0.7609176,9.068798,3.6658044,3
30780725228964,-0.72741807,9.0544405,3.6370904,3
30780727607922,-0.75613195,8.968299,3.9146578,3
30780729986829,-0.7800602,8.915657,4.2687955,3
30780732365787,-0.7513463,8.872586,4.23051,3
30780734744693,-0.79920274,9.006584,3.8763726,3
30780737123652,-0.7752745,9.135797,3.397808,3
30780739502558,-0.7848458,9.212367,3.4313076,3
30780741881516,-0.7609176,9.15494,3.8763726,3
30780744260422,-0.81834537,9.025727,4.354937,3
30780746639329,-0.8422736,8.939586,4.3932223,3
30780749018287,-0.90448695,9.145369,4.0438704,3
30780751397245,-0.8422736,9.178867,3.6275191,3
30780753776152,-0.8853444,9.102298,3.6275191,3
30780756155110,-0.91884387,9.150154,3.8955152,3
30780758534016,-0.8997013,9.064013,4.048656,3
30780760912974,-0.8853444,8.939586,4.0295134,3
30780763291881,-0.8853444,9.006584,3.9050865,3
30780765670839,-0.8709874,9.135797,3.885944,3
30780768049745,-0.8327023,9.102298,3.9481573,3
30780770428704,-0.7369894,9.035298,3.9338005,3
30780772807610,-0.72263247,9.035298,3.8380876,3
30780775186568,-0.6795616,9.001799,3.8237305,3
30780777565474,-0.59342,8.973084,3.9481573,3
30780779944433,-0.5886344,8.9826565,4.034299,3
30780782323339,-0.6364908,8.9826565,3.9768713,3
30780784702297,-0.6125626,8.944371,3.7998023,3
30780787081204,-0.61734825,8.997013,3.7184465,3
30780789460162,-0.67477596,8.992228,3.842873,3
30780791839068,-0.81834537,8.949157,4.0390844,3
30780794218027,-0.91884387,8.906086,4.072584,3
30780796596881,-1.0049855,8.9826565,3.9864426,3
30780798975891,-1.0767702,9.006584,3.8524444,3
30780801354797,-1.1150553,9.01137,3.842873,3
30780803733756,-1.0959128,9.006584,3.9481573,3
30780806112662,-1.0671989,8.992228,4.058227,3
30780808491620,-1.0624132,8.930014,4.1443686,3
30780810870527,-1.0145568,8.920443,4.101298,3
30780813249485,-0.93320084,8.9826565,4.024728,3
30780815628391,-0.89491564,9.016156,3.9290147,3
30780818007349,-0.83748794,8.997013,3.8811584,3
30780820386256,-0.7800602,9.030513,3.9242291,3
30780822765214,-0.72741807,9.01137,4.005585,3
30780825144120,-0.74177504,8.987442,4.106084,3
30780827523079,-0.76570326,9.01137,4.091727,3
30780829901985,-0.7752745,9.044869,3.9481573,3
30780832280943,-0.72263247,9.044869,3.818945,3
30780834659849,-0.7178468,9.049655,3.8237305,3
30780837038808,-0.75613195,9.064013,3.9577286,3
30780839417714,-0.75613195,9.016156,4.034299,3
30780841796672,-0.79441714,9.044869,4.0295134,3
30780844175579,-0.8709874,9.0544405,3.9242291,3
30780846554537,-0.94755775,9.078369,3.8237305,3
30780848933443,-0.9810573,9.035298,3.7567315,3
30780851312402,-1.0241281,9.064013,3.7806597,3
30780853691308,-1.0193424,9.025727,3.885944,3
30780856070266,-1.0193424,8.977871,4.005585,3
30780858449172,-1.0049855,8.958728,4.048656,3
30780860828131,-0.9954142,8.939586,4.019942,3
30780863207037,-0.9810573,8.9348,3.9194436,3
30780865585995,-0.9762716,8.944371,3.8572302,3
30780867964902,-0.90448695,8.958728,3.8811584,3
30780870343860,-0.86141616,8.953942,4.0103707,3
30780872722766,-0.89491564,8.939586,4.0965123,3
30780875101724,-0.8662018,8.963513,4.063013,3
30780877480631,-0.81834537,9.006584,3.9194436,3
30780879859589,-0.7848458,9.030513,3.7854455,3
30780882238495,-0.80877405,9.0544405,3.7615173,3
30780884617454,-0.8422736,9.078369,3.8811584,3
30780886996360,-0.7896315,9.049655,4.0103707,3
30780889375318,-0.8470592,9.049655,4.0151563,3
30780891754224,-0.8470592,9.0544405,3.9050865,3
30780894133183,-0.8757731,9.097511,3.8141594,3
30780896512089,-0.8327023,9.08794,3.8093736,3
30780898891047,-0.8470592,9.040084,3.885944,3
30780901269902,-0.8135597,9.030513,3.9720855,3
30780903648912,-0.7609176,9.006584,3.991228,3
30780906027818,-0.6987042,8.997013,3.9864426,3
30780908406777,-0.6987042,8.997013,3.9577286,3
30780910785683,-0.72741807,9.049655,3.9433718,3
30780913164641,-0.7178468,9.016156,3.885944,3
30780915543443,-0.7322037,9.035298,3.8763726,3
30780917922506,-0.7752745,9.040084,3.9290147,3
30780920301412,-0.79920274,8.997013,3.991228,3
30780922680370,-0.79920274,8.992228,3.9768713,3
30780925059277,-0.80877405,9.035298,3.9146578,3
30780927438235,-0.80877405,9.0544405,3.7998023,3
30780929817141,-0.7704889,9.073584,3.737589,3
30780932196099,-0.7082755,9.064013,3.7471602,3
30780934575006,-0.6652047,9.068798,3.8380876,3
30780936953964,-0.6412765,9.035298,3.900301,3
30780939332870,-0.6269195,9.01137,3.8955152,3
30780941711829,-0.6125626,8.992228,3.8620157,3
30780944090735,-0.6843473,9.001799,3.818945,3
30780946469693,-0.72263247,8.977871,3.790231,3
30780948848599,-0.72741807,8.977871,3.7998023,3
30780951227558,-0.7465607,8.973084,3.8380876,3
30780953606516,-0.7800602,8.953942,3.8955152,3
30780955985943,-0.79441714,8.953942,3.9481573,3
30780958364329,-0.7752745,8.9826565,3.9146578,3
30780960743287,-0.7609176,9.044869,3.818945,3
30780963122193,-0.7752745,9.083155,3.723232,3
30780965501152,-0.7513463,9.107083,3.7088752,3
30780967880058,-0.6891329,9.092726,3.7854455,3
30780970259016,-0.6125626,9.078369,3.842873,3
30780972637922,-0.57906306,9.073584,3.8811584,3
30780975016881,-0.526421,9.083155,3.8476589,3
30780977395839,-0.5072784,9.083155,3.7998023,3
30780979774745,-0.5072784,9.107083,3.8141594,3
30780982153652,-0.4977071,9.097511,3.8668015,3
30780984532610,-0.5024927,9.0544405,3.9338005,3
30780986911516,-0.52163535,9.083155,3.9577286,3
30780989290474,-0.56470615,9.049655,3.9433718,3
30780991669381,-0.6364908,9.035298,3.9481573,3
30780994048339,-0.6795616,9.020942,3.8955152,3
30780996427297,-0.7322037,9.0544405,3.8285162,3
30780998806204,-0.7896315,9.049655,3.8237305,3
30781001185162,-0.8327023,9.040084,3.8907297,3
30781003564068,-0.8805587,9.006584,3.9625144,3
30781005943027,-0.89013004,8.968299,3.991228,3
30781008321933,-0.9379865,8.958728,3.938586,3
30781010700891,-0.94277215,8.968299,3.8811584,3
30781013079797,-0.91884387,8.968299,3.8572302,3
30781015458704,-0.8853444,8.973084,3.871587,3
30781017837662,-0.89013004,8.987442,3.8907297,3
30781020216620,-0.8470592,8.977871,3.900301,3
30781022595527,-0.7800602,8.963513,3.9242291,3
30781024974433,-0.72263247,8.958728,3.9242291,3
30781027353391,-0.6891329,8.973084,3.9146578,3
30781029732349,-0.61734825,8.997013,3.8907297,3
30781032111256,-0.59342,9.035298,3.8620157,3
30781034490214,-0.55034924,9.035298,3.8572302,3
30781036869120,-0.5407779,9.044869,3.8955152,3
30781039248079,-0.57427746,9.083155,3.9194436,3
30781041626985,-0.6221339,9.092726,3.938586,3
30781044005891,-0.6987042,9.102298,3.9194436,3
30781046384849,-0.7369894,9.097511,3.885944,3
30781048763808,-0.79441714,9.092726,3.8380876,3
30781051142714,-0.8566305,9.102298,3.8380876,3
30781053521672,-0.8757731,9.102298,3.8524444,3
30781055900579,-0.90448695,9.078369,3.900301,3
30781058279537,-0.89491564,9.068798,3.9290147,3
30781060658391,-0.8805587,9.064013,3.9338005,3
30781063037402,-0.8470592,9.064013,3.871587,3
30781065416308,-0.7704889,9.064013,3.8572302,3
30781067795266,-0.66999036,9.040084,3.8333018,3
30781070174172,-0.56470615,9.030513,3.8476589,3
30781072553131,-0.49292147,9.020942,3.8572302,3
30781074932037,-0.42592242,9.016156,3.8811584,3
30781077310995,-0.3924229,8.992228,3.885944,3
30781079689902,-0.36370903,8.987442,3.8811584,3
30781082068860,-0.3493521,8.997013,3.8620157,3
30781084447766,-0.3924229,9.025727,3.8093736,3
30781086826724,-0.41635114,9.016156,3.818945,3
30781089205631,-0.5024927,9.01137,3.8572302,3
30781091584589,-0.5694918,8.997013,3.9242291,3
30781093963495,-0.6939186,8.987442,3.9433718,3
30781096342454,-0.8039884,8.9826565,3.9481573,3
30781098721360,-0.89013004,9.016156,3.9242291,3
30781101100318,-0.9523434,9.01137,3.8907297,3
30781103479224,-1.0289137,9.030513,3.9194436,3
30781105858183,-1.0671989,9.035298,3.9481573,3
30781108237089,-1.0911272,9.059227,3.9816568,3
30781110616047,-1.0959128,9.044869,3.9720855,3
30781112994954,-1.0815558,9.035298,3.9720855,3
30781115373912,-1.0145568,9.0544405,3.9625144,3
30781117752818,-0.93320084,9.0544405,3.9433718,3
30781120131777,-0.83748794,9.044869,3.9194436,3
30781122510683,-0.6843473,9.030513,3.9194436,3
30781124889641,-0.55513483,9.030513,3.9194436,3
30781127268547,-0.45942193,9.035298,3.9194436,3
30781129647506,-0.3589234,9.040084,3.9290147,3
30781132026412,-0.30149564,9.006584,3.885944,3
30781134405370,-0.25842485,9.001799,3.871587,3
30781136784277,-0.28713873,9.006584,3.8572302,3
30781139163235,-0.3589234,9.006584,3.8476589,3
30781141542141,-0.4354937,8.997013,3.818945,3
30781143921099,-0.5599205,8.997013,3.8237305,3
30781146300006,-0.70348984,9.006584,3.8476589,3
30781148678964,-0.8566305,9.020942,3.8763726,3
30781151057870,-0.98584294,9.030513,3.8763726,3
30781153436829,-1.0959128,9.040084,3.8572302,3
30781155815735,-1.2155539,9.073584,3.842873,3
30781158194693,-1.3016955,9.083155,3.8668015,3
30781160573599,-1.3351951,9.059227,3.885944,3
30781162952558,-1.3351951,9.083155,3.871587,3
30781165331464,-1.3208381,9.073584,3.885944,3
30781167710422,-1.2777673,9.059227,3.8524444,3
30781170089329,-1.2059826,9.059227,3.8476589,3
30781172468287,-1.1006985,9.0544405,3.8668015,3
30781174847193,-0.9954142,9.035298,3.8763726,3
30781177226152,-0.8757731,9.030513,3.8763726,3
30781179605058,-0.76570326,9.025727,3.8668015,3
30781181984016,-0.64606214,9.025727,3.871587,3
30781184362922,-0.55513483,9.035298,3.8811584,3
30781186741881,-0.5024927,9.030513,3.8668015,3
30781189120787,-0.4833502,9.025727,3.885944,3
30781191499745,-0.4833502,9.020942,3.871587,3
30781193878652,-0.5024927,9.030513,3.8955152,3
30781196257610,-0.57906306,9.01137,3.9194436,3
30781198636516,-0.6556334,9.044869,3.9194436,3
30781201015474,-0.7752745,9.040084,3.9338005,3
30781203394381,-0.91884387,9.040084,3.9242291,3
30781205773339,-1.0480564,9.040084,3.900301,3
30781208152245,-1.1676974,9.0544405,3.9242291,3
30781210531204,-1.2490535,9.040084,3.9673,3
30781212910110,-1.3160524,9.044869,3.9960139,3
30781215289068,-1.3447664,9.025727,3.9960139,3
30781217667974,-1.3830515,9.01137,3.9816568,3
30781220046933,-1.3495519,8.997013,3.952943,3
30781222425839,-1.2873386,8.987442,3.9433718,3
30781224804797,-1.1724831,8.987442,3.9433718,3
30781227183704,-1.0815558,8.968299,3.938586,3
30781229562662,-0.9667004,8.944371,3.9194436,3
30781231941568,-0.83748794,8.930014,3.9146578,3
30781234320527,-0.7465607,8.939586,3.8955152,3
30781236699433,-0.64606214,8.9348,3.871587,3
30781239078391,-0.57427746,8.953942,3.8476589,3
30781241457297,-0.52163535,8.953942,3.8572302,3
30781243836256,-0.46899325,8.953942,3.885944,3
30781246215162,-0.4881358,8.963513,3.8907297,3
30781248594120,-0.5168497,8.963513,3.8907297,3
30781250973027,-0.5694918,8.968299,3.885944,3
30781253351985,-0.64606214,8.9826565,3.8955152,3
30781255730943,-0.7322037,9.001799,3.9242291,3
30781258109849,-0.86141616,9.020942,3.9242291,3
30781260488808,-0.9619147,9.025727,3.9242291,3
30781262867714,-1.0863415,9.016156,3.9338005,3
30781265246672,-1.18684,9.020942,3.9433718,3
30781267625579,-1.2921243,9.040084,3.9338005,3
30781270004537,-1.3639089,9.049655,3.9242291,3
30781272383443,-1.4069797,9.059227,3.9194436,3
30781274762402,-1.4117653,9.068798,3.9146578,3
30781277141256,-1.3543376,9.08794,3.9194436,3
30781279520266,-1.2729816,9.083155,3.9194436,3
30781281899172,-1.1772687,9.078369,3.9194436,3
30781284278131,-1.0576276,9.073584,3.9146578,3
30781286657037,-0.9284152,9.0544405,3.885944,3
30781289035995,-0.80877405,9.0544405,3.8811584,3
30781291414902,-0.6891329,9.035298,3.8763726,3
30781293793860,-0.5886344,8.997013,3.8668015,3
30781296172766,-0.51206404,9.001799,3.8476589,3
30781298551724,-0.45942193,8.977871,3.8333018,3
30781300930631,-0.4211368,8.958728,3.8380876,3
30781303309589,-0.4546363,8.977871,3.842873,3
30781305688495,-0.49292147,8.977871,3.8668015,3
30781308067454,-0.6029913,8.997013,3.8572302,3
30781310446360,-0.67477596,8.997013,3.8285162,3
30781312825318,-0.79920274,9.025727,3.8380876,3
30781315204224,-0.9284152,8.997013,3.8285162,3
30781317583183,-1.0193424,9.025727,3.842873,3
30781319962089,-1.0815558,9.030513,3.8333018,3
30781322341047,-1.18684,9.059227,3.8524444,3
30781324719954,-1.2586247,9.040084,3.8476589,3
30781327098912,-1.2921243,9.044869,3.8620157,3
30781329477818,-1.3064811,9.068798,3.8668015,3
30781331856777,-1.3160524,9.078369,3.8763726,3
30781334235631,-1.2777673,9.064013,3.8668015,3
30781336614641,-1.2442678,9.08794,3.8763726,3
30781338993547,-1.1485549,9.083155,3.885944,3
30781341372506,-1.0576276,9.08794,3.8811584,3
30781343751412,-0.9762716,9.08794,3.8572302,3
30781346130370,-0.89491564,9.092726,3.885944,3
30781348509277,-0.79920274,9.092726,3.8811584,3
30781350888235,-0.74177504,9.068798,3.8955152,3
30781353267141,-0.6843473,9.102298,3.8907297,3
30781355646099,-0.6412765,9.107083,3.885944,3
30781358025006,-0.6221339,9.097511,3.8811584,3
30781360403964,-0.65084773,9.092726,3.8524444,3
30781362782870,-0.67477596,9.092726,3.8237305,3
30781365161829,-0.74177504,9.064013,3.842873,3
30781367540735,-0.7800602,9.059227,3.8572302,3
30781369919693,-0.8470592,9.0544405,3.871587,3
30781372298599,-0.9236295,9.040084,3.871587,3
30781374677558,-0.9954142,9.035298,3.8620157,3
30781377056464,-1.052842,9.016156,3.8668015,3
30781379435422,-1.1102697,9.016156,3.885944,3
30781381814277,-1.1389836,9.001799,3.8811584,3
30781384193287,-1.1581261,9.001799,3.885944,3
30781386572193,-1.1581261,8.992228,3.8907297,3
30781388951152,-1.1772687,8.992228,3.8811584,3
30781391330058,-1.1246266,8.9826565,3.885944,3
30781393709016,-1.0959128,9.006584,3.8763726,3
30781396087922,-1.0097711,8.987442,3.8620157,3
30781398466881,-0.9762716,9.001799,3.8524444,3
30781400845787,-0.93320084,9.020942,3.8620157,3
30781403224745,-0.86141616,8.997013,3.8572302,3
30781405603652,-0.79920274,9.025727,3.8811584,3
30781407982610,-0.76570326,9.035298,3.885944,3
30781410361516,-0.7322037,9.020942,3.8955152,3
30781412740474,-0.7178468,9.025727,3.9098723,3
30781415119381,-0.6987042,9.01137,3.9290147,3
30781417498339,-0.7322037,8.992228,3.9098723,3
30781419877245,-0.74177504,9.01137,3.9050865,3
30781422256152,-0.7609176,9.030513,3.9242291,3
30781424635162,-0.82313097,9.01137,3.9673,3
30781427014068,-0.8279166,8.992228,3.9625144,3
30781429393027,-0.8997013,8.9826565,3.9481573,3
30781431771933,-0.95712906,9.006584,3.9481573,3
30781434150891,-1.0049855,9.030513,3.9577286,3
30781436529797,-1.0241281,9.020942,3.938586,3
30781438908756,-1.038485,9.01137,3.9481573,3
30781441287662,-1.0241281,8.997013,3.952943,3
30781443666568,-1.0241281,8.963513,3.952943,3
30781446045527,-0.9906286,8.973084,3.9625144,3
30781448424485,-0.95712906,8.963513,3.952943,3
30781450803339,-0.9379865,8.949157,3.9577286,3
30781453182349,-0.90448695,8.939586,3.9673,3
30781455561256,-0.8709874,8.930014,3.9816568,3
30781457940214,-0.85184485,8.944371,3.991228,3
30781460319120,-0.8039884,8.930014,4.0103707,3
30781462698079,-0.7848458,8.920443,4.005585,3
30781465076985,-0.7800602,8.9348,3.9960139,3
30781467455943,-0.75613195,8.944371,3.9960139,3
30781469834849,-0.74177504,8.949157,3.9720855,3
30781472213808,-0.75613195,8.958728,3.9960139,3
30781474592714,-0.7800602,8.973084,4.0007997,3
30781476971672,-0.8135597,8.968299,4.0007997,3
30781479350579,-0.82313097,8.9826565,4.024728,3
30781481729537,-0.89013004,8.992228,4.0390844,3
30781484108443,-0.93320084,8.997013,4.0438704,3
30781486487402,-0.94755775,9.01137,4.0390844,3
30781488866308,-0.9619147,8.997013,4.0438704,3
30781491245266,-0.98584294,8.997013,4.063013,3
30781493624172,-1.0145568,9.01137,4.063013,3
30781496003131,-1.0241281,9.01137,4.0390844,3
30781498382037,-1.0001999,9.006584,4.0151563,3
30781500760995,-0.9762716,9.016156,4.0103707,3
30781503139902,-0.94755775,9.020942,4.0103707,3
30781505518860,-0.91405827,9.001799,4.0103707,3
30781507897766,-0.89491564,8.9826565,4.0007997,3
30781510276724,-0.86141616,8.963513,3.9864426,3
30781512655631,-0.83748794,8.992228,3.9625144,3
30781515034589,-0.80877405,8.997013,3.9625144,3
30781517413495,-0.7800602,9.006584,3.938586,3
30781519792454,-0.7609176,8.987442,3.9290147,3
30781522171360,-0.7752745,8.9826565,3.9338005,3
30781524550318,-0.7752745,9.001799,3.9290147,3
30781526929224,-0.7800602,9.006584,3.900301,3
30781529308183,-0.8327023,8.992228,3.900301,3
30781531687089,-0.86141616,8.987442,3.8907297,3
30781534066047,-0.89013004,9.006584,3.885944,3
30781536444954,-0.91405827,9.01137,3.8763726,3
30781538823912,-0.9667004,8.997013,3.8763726,3
30781541202818,-0.971486,9.020942,3.8955152,3
30781543581777,-0.9810573,9.020942,3.9146578,3
30781545960683,-0.98584294,9.016156,3.9146578,3
30781548339641,-0.9906286,9.016156,3.938586,3
30781550718547,-1.0001999,9.020942,3.9098723,3
30781553097506,-0.9954142,9.016156,3.9194436,3
30781555476464,-0.94277215,8.987442,3.9673,3
30781557855370,-0.9236295,8.997013,3.9768713,3
30781560234329,-0.89491564,9.006584,3.9768713,3
30781562613235,-0.8566305,8.987442,3.9816568,3
30781564992141,-0.82313097,8.987442,3.9816568,3
30781567371099,-0.8039884,8.973084,3.9720855,3
30781569750058,-0.76570326,8.968299,3.991228,3
30781572128964,-0.7513463,8.973084,3.991228,3
30781574507922,-0.7465607,8.992228,4.0007997,3
30781576886829,-0.7369894,8.992228,3.9816568,3
30781579265787,-0.74177504,8.977871,3.9720855,3
30781581644693,-0.7609176,8.9826565,3.9673,3
30781584023652,-0.7609176,8.968299,3.9625144,3
30781586402558,-0.75613195,8.958728,3.9625144,3
30781588781516,-0.7752745,8.920443,3.9720855,3
30781591160422,-0.79920274,8.9013,3.9625144,3
30781593539381,-0.80877405,8.906086,3.9720855,3
30781595918287,-0.85184485,8.906086,3.9768713,3
30781598297245,-0.8566305,8.925228,3.9816568,3
30781600676152,-0.8805587,8.906086,3.9864426,3
30781603055110,-0.8997013,8.925228,3.9720855,3
30781605434016,-0.9379865,8.920443,3.9720855,3
30781607812974,-0.91405827,8.949157,3.9768713,3
30781610191881,-0.95712906,8.968299,3.9768713,3
30781612570839,-0.971486,8.9826565,3.9720855,3
30781614949745,-0.98584294,8.987442,3.9625144,3
30781617328704,-0.9906286,9.030513,3.9481573,3
30781619707610,-0.9954142,9.030513,3.9481573,3
30781622086516,-0.9954142,9.030513,3.9577286,3
30781624465474,-0.9810573,9.025727,3.9720855,3
30781626844381,-0.94277215,9.006584,3.9673,3
30781629223339,-0.9092726,9.001799,3.9577286,3
30781631602297,-0.89491564,9.01137,3.952943,3
30781633981204,-0.8853444,9.001799,3.9577286,3
30781636360162,-0.8662018,8.987442,3.991228,3
30781638739068,-0.8709874,8.992228,3.991228,3
30781641118027,-0.8566305,8.973084,3.9768713,3
30781643496933,-0.86141616,8.968299,3.9768713,3
30781645875891,-0.86141616,8.968299,3.9625144,3
30781648254797,-0.8709874,8.977871,3.9481573,3
30781650633756,-0.89013004,8.9826565,3.9481573,3
30781653012662,-0.9236295,8.968299,3.9242291,3
30781655391620,-0.94755775,9.016156,3.9146578,3
30781657770527,-0.9762716,9.006584,3.900301,3
30781660149485,-1.0001999,8.9826565,3.9194436,3
30781662528391,-1.0001999,8.987442,3.9290147,3
30781664907297,-1.0193424,8.997013,3.9194436,3
30781667286256,-1.052842,8.992228,3.9194436,3
30781669665214,-1.052842,8.992228,3.9098723,3
30781672044120,-1.0336994,8.992228,3.9050865,3
30781674423079,-1.052842,8.968299,3.9194436,3
30781676802037,-1.0241281,8.992228,3.938586,3
30781679180891,-1.0097711,9.020942,3.9338005,3
30781681559902,-1.0001999,9.020942,3.9098723,3
30781683938808,-0.95712906,9.016156,3.8907297,3
30781686317766,-0.9092726,8.997013,3.8907297,3
30781688696672,-0.91405827,9.006584,3.8907297,3
30781691075631,-0.91884387,9.025727,3.9050865,3
30781693454537,-0.90448695,9.030513,3.9146578,3
30781695833495,-0.90448695,9.025727,3.8955152,3
30781698212402,-0.90448695,9.049655,3.8811584,3
30781700591360,-0.91884387,9.064013,3.8620157,3
30781702970266,-0.91884387,9.049655,3.8620157,3
30781705349224,-0.9379865,9.016156,3.8620157,3
30781707728131,-0.9667004,9.006584,3.885944,3
30781710107089,-0.95712906,8.992228,3.8907297,3
30781712485995,-0.95712906,9.001799,3.8955152,3
30781714864954,-0.94755775,9.016156,3.9098723,3
30781717243860,-0.95712906,8.997013,3.9098723,3
30781719622818,-0.9810573,8.977871,3.8907297,3
30781722001724,-0.9762716,8.997013,3.8763726,3
30781724380683,-0.98584294,8.992228,3.8668015,3
30781726759589,-0.971486,8.987442,3.8763726,3
30781729138547,-0.9906286,9.016156,3.8811584,3
30781731517454,-0.9954142,9.006584,3.8811584,3
30781733896412,-1.0049855,9.025727,3.8668015,3
30781736275318,-1.0145568,9.020942,3.8572302,3
30781738654277,-1.0193424,9.025727,3.8572302,3
30781741033183,-1.0145568,9.020942,3.871587,3
30781743412141,-1.0145568,9.040084,3.8572302,3
30781745791047,-1.0241281,9.035298,3.8476589,3
30781748170006,-1.0145568,9.040084,3.8380876,3
30781750548912,-1.0193424,9.020942,3.8572302,3
30781752927870,-1.0001999,9.030513,3.8620157,3
30781755306777,-0.9954142,9.020942,3.871587,3
30781757685735,-1.0001999,9.01137,3.8668015,3
30781760064641,-1.0049855,9.016156,3.8620157,3
30781762443599,-0.9954142,9.035298,3.871587,3
30781764822506,-0.98584294,9.035298,3.871587,3
30781767201464,-0.9906286,9.020942,3.8476589,3
30781769580422,-1.0097711,9.020942,3.8620157,3
30781771959329,-1.0193424,9.049655,3.8524444,3
30781774338235,-1.0241281,9.040084,3.8572302,3
30781776717193,-1.0336994,9.049655,3.8476589,3
30781779096099,-1.0336994,9.0544405,3.8668015,3
30781781475058,-1.038485,9.059227,3.8524444,3
30781783854016,-1.0432707,9.059227,3.8476589,3
30781786232922,-1.0336994,9.0544405,3.8524444,3
30781788611881,-1.0480564,9.040084,3.8668015,3
30781790990787,-1.0241281,9.044869,3.8572302,3
30781793369745,-1.0336994,9.020942,3.8524444,3
30781795748652,-1.038485,9.030513,3.8476589,3
30781798127610,-1.0241281,9.025727,3.8524444,3
30781800506516,-1.0336994,9.020942,3.842873,3
30781802885474,-1.0480564,9.020942,3.842873,3
30781805264381,-1.052842,9.016156,3.8572302,3
30781807643339,-1.0576276,9.025727,3.842873,3
30781810022245,-1.0480564,9.044869,3.8285162,3
30781812401204,-1.0432707,9.044869,3.8285162,3
30781814780110,-1.052842,9.020942,3.8333018,3
30781817159068,-1.038485,9.025727,3.8237305,3
30781819537922,-1.0480564,9.001799,3.8141594,3
30781821916933,-1.0193424,9.001799,3.818945,3
30781824295839,-1.0289137,9.020942,3.818945,3
30781826674797,-1.0049855,9.020942,3.818945,3
30781829053704,-1.0049855,9.006584,3.8141594,3
30781831432662,-0.9906286,9.040084,3.8237305,3
30781833811568,-0.9810573,9.016156,3.842873,3
30781836190527,-0.94755775,9.01137,3.8380876,3
30781838569433,-0.9284152,9.001799,3.8285162,3
30781840948391,-0.9523434,9.006584,3.8333018,3
30781843327297,-0.9954142,9.020942,3.8476589,3
30781845706256,-1.0097711,9.040084,3.8380876,3
30781848085162,-1.0241281,9.040084,3.8237305,3
30781850464120,-1.0289137,9.044869,3.8333018,3
30781852843027,-1.0432707,9.049655,3.818945,3
30781855221985,-1.0576276,9.0544405,3.8237305,3
30781857600891,-1.0959128,9.0544405,3.8237305,3
30781859979849,-1.1246266,9.0544405,3.7998023,3
30781862358756,-1.1150553,9.064013,3.818945,3
30781864737714,-1.1246266,9.073584,3.8093736,3
30781867116620,-1.1102697,9.049655,3.8141594,3
30781869495579,-1.0911272,9.059227,3.8285162,3
30781871874485,-1.0815558,9.030513,3.8524444,3
30781874253443,-1.0767702,9.020942,3.8380876,3
30781876632402,-1.052842,9.044869,3.8333018,3
30781879011308,-1.0289137,9.049655,3.818945,3
30781881390266,-1.0049855,9.016156,3.8237305,3
30781883769172,-0.971486,9.016156,3.8333018,3
30781886148131,-0.98584294,9.016156,3.8476589,3
30781888527037,-0.9810573,9.030513,3.842873,3
30781890905995,-0.94755775,9.040084,3.8285162,3
30781893284902,-0.95712906,9.040084,3.818945,3
30781895663860,-0.9762716,9.030513,3.8380876,3
30781898042714,-0.9906286,9.025727,3.842873,3
30781900421724,-0.9954142,9.049655,3.8237305,3
30781902800631,-1.0145568,9.049655,3.8141594,3
30781905179589,-1.0336994,9.020942,3.8141594,3
30781907558495,-1.0576276,9.0544405,3.8380876,3
30781909937454,-1.0719845,9.035298,3.8476589,3
30781912316360,-1.0959128,9.020942,3.8476589,3
30781914695318,-1.105484,9.020942,3.8333018,3
30781917074224,-1.1150553,9.025727,3.8333018,3
30781919453183,-1.119841,9.040084,3.8476589,3
30781921832089,-1.1246266,9.025727,3.8476589,3
30781924211047,-1.105484,9.044869,3.8476589,3
30781926589954,-1.119841,9.040084,3.8476589,3
30781928968912,-1.0959128,9.040084,3.8476589,3
30781931347818,-1.0815558,9.0544405,3.8524444,3
30781933726777,-1.0767702,9.040084,3.8668015,3
30781936105683,-1.0767702,9.025727,3.8668015,3
30781938484641,-1.0432707,9.030513,3.8620157,3
30781940863547,-1.0289137,9.016156,3.8524444,3
30781943242506,-1.0049855,9.016156,3.8620157,3
30781945621412,-0.9762716,9.025727,3.8620157,3
30781948000370,-0.98584294,9.006584,3.8668015,3
30781950379277,-0.9762716,9.025727,3.8907297,3
30781952758235,-0.9810573,9.006584,3.8955152,3
30781955137141,-0.9906286,8.997013,3.9146578,3
30781957516099,-0.9954142,8.987442,3.8955152,3
30781959895058,-1.0241281,8.997013,3.885944,3
30781962273964,-1.0336994,9.001799,3.8907297,3
30781964652922,-1.052842,9.016156,3.9050865,3
30781967031829,-1.0767702,9.001799,3.8907297,3
30781969410787,-1.0863415,8.9826565,3.8955152,3
30781971789693,-1.105484,8.987442,3.9146578,3
30781974168652,-1.0959128,8.992228,3.9194436,3
30781976547558,-1.1102697,8.987442,3.9242291,3
30781978926516,-1.1102697,9.001799,3.9146578,3
30781981305422,-1.1389836,8.997013,3.9146578,3
30781983684381,-1.119841,9.001799,3.9290147,3
30781986063287,-1.0863415,8.987442,3.9290147,3
30781988442245,-1.0959128,8.992228,3.938586,3
30781990821152,-1.1006985,8.987442,3.9481573,3
30781993200110,-1.0863415,8.992228,3.9481573,3
30781995579016,-1.0624132,8.992228,3.9481573,3
30781997957974,-1.0480564,8.977871,3.9242291,3
30782000336881,-1.0432707,8.997013,3.9338005,3
30782002715839,-1.052842,9.001799,3.9481573,3
30782005094745,-1.0480564,9.001799,3.938586,3
30782007473704,-1.038485,8.997013,3.938586,3
30782009852610,-1.038485,9.001799,3.9433718,3
30782012231568,-1.0145568,8.9826565,3.9433718,3
30782014610474,-1.0241281,8.977871,3.9242291,3
30782016989433,-1.0336994,8.992228,3.9338005,3
30782019368391,-1.0480564,8.9826565,3.9194436,3
30782021747297,-1.0671989,8.968299,3.9146578,3
30782024126204,-1.0815558,8.992228,3.9242291,3
30782026505162,-1.0671989,9.001799,3.8955152,3
30782028884120,-1.0719845,8.997013,3.9050865,3
30782031263027,-1.0815558,8.997013,3.9290147,3
30782033641985,-1.0624132,9.006584,3.9146578,3
30782036020891,-1.1006985,8.997013,3.900301,3
30782038399849,-1.0863415,8.997013,3.900301,3
30782040778756,-1.0863415,9.006584,3.9146578,3
30782043157714,-1.0911272,9.001799,3.8955152,3
30782045536620,-1.1006985,9.01137,3.9050865,3
30782047915579,-1.105484,9.016156,3.8811584,3
30782050294485,-1.1006985,9.030513,3.8811584,3
30782052673443,-1.0863415,9.020942,3.871587,3
30782055052349,-1.1102697,9.040084,3.8620157,3
30782057431308,-1.0911272,9.025727,3.8668015,3
30782059810214,-1.0767702,9.040084,3.8763726,3
30782062189172,-1.052842,9.016156,3.871587,3
30782064568079,-1.0480564,9.016156,3.8620157,3
30782066947037,-1.0480564,9.016156,3.8476589,3
30782069325943,-1.052842,9.025727,3.8572302,3
30782071704849,-1.0432707,9.040084,3.8572302,3
30782074083808,-1.0241281,9.030513,3.8380876,3
30782076462766,-1.0193424,9.0544405,3.8333018,3
30782078841672,-1.0001999,9.025727,3.8476589,3
30782081220631,-1.0001999,9.025727,3.8668015,3
30782083599537,-0.9954142,9.001799,3.871587,3
30782085978495,-1.0193424,9.001799,3.8907297,3
30782088357454,-1.0193424,9.006584,3.885944,3
30782090736360,-1.0480564,8.997013,3.8811584,3
30782093115266,-1.0576276,9.016156,3.8955152,3
30782095494224,-1.0863415,9.001799,3.9146578,3
30782097873183,-1.0911272,8.9826565,3.8955152,3
30782100252089,-1.1006985,9.001799,3.885944,3
30782102630995,-1.105484,9.001799,3.8668015,3
30782105009954,-1.0959128,8.997013,3.871587,3
30782107388912,-1.1437693,8.992228,3.8907297,3
30782109767818,-1.1389836,9.006584,3.871587,3
30782112146777,-1.1437693,8.997013,3.8668015,3
30782114525683,-1.1581261,8.987442,3.871587,3
30782116904641,-1.1533405,8.987442,3.871587,3
30782119283547,-1.1581261,8.997013,3.8524444,3
30782121662506,-1.1246266,8.987442,3.8476589,3
30782124041412,-1.1437693,9.016156,3.8763726,3
30782126420370,-1.119841,9.016156,3.885944,3
30782128799277,-1.1006985,9.01137,3.8763726,3
30782131178235,-1.0719845,9.025727,3.8763726,3
30782133557141,-1.0911272,9.020942,3.871587,3
30782135936099,-1.0911272,9.020942,3.8620157,3
30782138315006,-1.0959128,9.035298,3.871587,3
30782140693964,-1.0815558,9.044869,3.885944,3
30782143072870,-1.0719845,9.030513,3.9098723,3
30782145451829,-1.0911272,9.035298,3.9050865,3
30782147830735,-1.0911272,9.044869,3.9098723,3
30782150209693,-1.0576276,9.044869,3.8907297,3
30782152588599,-1.0671989,9.035298,3.885944,3
30782154967558,-1.0863415,9.01137,3.8763726,3
30782157346464,-1.1102697,9.016156,3.900301,3
30782159725422,-1.105484,9.01137,3.900301,3
30782162104329,-1.105484,9.025727,3.9194436,3
30782164483287,-1.1006985,9.01137,3.900301,3
30782166862245,-1.105484,9.030513,3.8955152,3
30782169241152,-1.0911272,9.006584,3.8955152,3
30782171620110,-1.0959128,9.01137,3.885944,3
30782173999016,-1.0863415,8.997013,3.871587,3
30782176377974,-1.0719845,8.987442,3.8907297,3
30782178756881,-1.0624132,8.9826565,3.8907297,3
30782181135839,-1.0241281,8.973084,3.900301,3
30782183514745,-1.0241281,8.963513,3.8811584,3
30782185893704,-1.0241281,8.9826565,3.8763726,3
30782188272610,-1.0049855,8.992228,3.871587,3
30782190651568,-0.9906286,8.973084,3.8763726,3
30782193030474,-0.98584294,8.9826565,3.8907297,3
30782195409381,-0.9954142,8.949157,3.9098723,3
30782197788339,-0.98584294,8.992228,3.9050865,3
30782200167297,-0.9954142,8.997013,3.9098723,3
30782202546204,-1.0097711,9.01137,3.8955152,3
30782204925162,-1.0145568,9.016156,3.9098723,3
30782207304068,-1.0145568,9.01137,3.9098723,3
30782209683027,-1.0432707,9.044869,3.9338005,3
30782212061933,-1.0719845,9.035298,3.952943,3
30782214440891,-1.0432707,9.01137,3.938586,3
30782216819797,-1.0432707,9.030513,3.938586,3
30782219198756,-1.0480564,9.006584,3.9338005,3
30782221577662,-1.0767702,9.025727,3.9338005,3
30782223956620,-1.0432707,9.020942,3.9338005,3
30782226335527,-1.0432707,9.016156,3.9338005,3
30782228714485,-1.038485,9.016156,3.9194436,3
30782231093391,-1.0193424,9.001799,3.9146578,3
30782233472349,-1.0001999,8.992228,3.9242291,3
30782235851308,-0.98584294,8.9826565,3.9098723,3
30782238230162,-0.9619147,8.977871,3.9146578,3
30782240609172,-0.95712906,8.9826565,3.8955152,3
30782242988079,-0.9619147,8.977871,3.8955152,3
30782245367037,-0.9523434,8.987442,3.8955152,3
30782247745943,-0.91884387,8.992228,3.8907297,3
30782250124902,-0.95712906,9.016156,3.8955152,3
30782252503808,-0.9523434,8.973084,3.8955152,3
30782254882766,-0.94755775,8.953942,3.900301,3
30782257261672,-0.9667004,8.9826565,3.9050865,3
30782259640631,-0.9667004,8.992228,3.900301,3
30782262019537,-0.95712906,8.992228,3.900301,3
30782264398495,-1.0001999,8.992228,3.8811584,3
30782266777402,-0.9954142,9.006584,3.8955152,3
30782269156360,-1.0049855,8.997013,3.9098723,3
30782271535266,-1.0193424,8.987442,3.8955152,3
30782273914224,-1.0241281,9.01137,3.8907297,3
30782276293131,-1.0241281,9.006584,3.8763726,3
30782278672089,-1.038485,8.987442,3.8620157,3
30782281050995,-1.0432707,8.992228,3.900301,3
30782283429954,-1.0241281,8.992228,3.8907297,3
30782285808860,-1.0193424,8.992228,3.8763726,3
30782288187818,-1.0289137,8.987442,3.8763726,3
30782290566724,-1.0289137,8.992228,3.885944,3
30782292945683,-1.0336994,9.001799,3.8811584,3
30782295324641,-1.0241281,9.01137,3.871587,3
30782297703547,-1.0097711,9.020942,3.871587,3
30782300082454,-1.0289137,9.020942,3.871587,3
30782302461412,-1.0336994,9.030513,3.8620157,3
30782304840370,-1.0432707,9.016156,3.871587,3
30782307219277,-1.0432707,9.01137,3.8620157,3
30782309598235,-1.0289137,9.01137,3.871587,3
30782311977141,-1.052842,9.025727,3.842873,3
30782314356099,-1.0671989,9.044869,3.8763726,3
30782316735006,-1.105484,9.035298,3.8620157,3
30782319113964,-1.0959128,9.025727,3.8620157,3
30782321492870,-1.105484,9.030513,3.8620157,3
30782323871829,-1.1294123,9.035298,3.8524444,3
30782326250735,-1.1150553,9.020942,3.8380876,3
30782328629693,-1.0911272,9.030513,3.8333018,3
30782331008599,-1.0863415,9.016156,3.8524444,3
30782333387558,-1.105484,9.01137,3.8620157,3
30782335766464,-1.1246266,9.025727,3.842873,3
30782338145422,-1.105484,9.006584,3.8333018,3
30782340524329,-1.105484,8.973084,3.8333018,3
30782342903287,-1.0815558,9.001799,3.8572302,3
30782345282193,-1.0767702,9.025727,3.8668015,3
30782347661152,-1.0767702,9.01137,3.842873,3
30782350040058,-1.0480564,9.030513,3.8524444,3
30782352419016,-1.0336994,9.016156,3.871587,3
30782354797922,-1.0480564,9.01137,3.8811584,3
30782357176881,-1.0336994,9.030513,3.900301,3
30782359555839,-1.0576276,9.016156,3.8811584,3
30782361934745,-1.0815558,9.01137,3.8955152,3
30782364313704,-1.0959128,9.01137,3.8955152,3
30782366692610,-1.0863415,9.006584,3.8907297,3
30782369071568,-1.0815558,9.016156,3.900301,3
30782371450474,-1.0863415,9.01137,3.9242291,3
30782373829433,-1.105484,9.016156,3.9098723,3
30782376208339,-1.0863415,9.001799,3.9146578,3
30782378587297,-1.1150553,8.992228,3.9146578,3
30782380966204,-1.1389836,8.992228,3.900301,3
30782383345162,-1.1294123,8.992228,3.9050865,3
30782385724068,-1.1150553,9.001799,3.9146578,3
30782388103027,-1.1006985,8.997013,3.9050865,3
30782390481933,-1.0863415,9.006584,3.9146578,3
30782392860891,-1.1006985,8.997013,3.9242291,3
30782395239797,-1.0911272,8.9826565,3.9290147,3
30782397618756,-1.0480564,8.992228,3.9194436,3
30782399997662,-1.0432707,8.992228,3.9146578,3
30782402376620,-1.0576276,8.9826565,3.9146578,3
30782404755579,-1.0767702,8.973084,3.9194436,3
30782407134485,-1.0815558,8.968299,3.9290147,3
30782409513391,-1.0767702,8.997013,3.938586,3
30782411892349,-1.0863415,9.001799,3.9290147,3
30782414271308,-1.0863415,9.001799,3.938586,3
30782416650214,-1.0624132,8.997013,3.9338005,3
30782419029172,-1.0767702,8.997013,3.9242291,3
30782421408079,-1.0815558,8.987442,3.9290147,3
30782423787037,-1.1102697,8.997013,3.8907297,3
30782426165943,-1.1102697,9.016156,3.9050865,3
30782428544902,-1.119841,9.016156,3.8907297,3
30782430923808,-1.1102697,9.016156,3.9242291,3
30782433302766,-1.1102697,9.006584,3.9050865,3
30782435681672,-1.1150553,9.030513,3.9098723,3
30782438060631,-1.1294123,9.01137,3.9098723,3
30782440439537,-1.1102697,9.001799,3.9194436,3
30782442818495,-1.1006985,8.987442,3.9242291,3
30782445197402,-1.105484,9.001799,3.8907297,3
30782447576360,-1.1006985,8.992228,3.9050865,3
30782449955266,-1.0815558,9.001799,3.9146578,3
30782452334224,-1.0719845,9.001799,3.8955152,3
30782454713131,-1.0576276,9.001799,3.8811584,3
30782457092089,-1.0624132,9.001799,3.900301,3
30782459470995,-1.0576276,9.006584,3.900301,3
30782461849954,-1.0289137,8.992228,3.900301,3
30782464228808,-0.9906286,8.987442,3.8955152,3
30782466607818,-1.0097711,8.977871,3.900301,3
30782468986777,-1.0241281,8.992228,3.8907297,3
30782471365683,-1.0480564,8.997013,3.8955152,3
30782473744641,-1.0432707,8.987442,3.885944,3
30782476123547,-1.0671989,9.001799,3.8955152,3
30782478502506,-1.0671989,8.997013,3.9146578,3
30782480881412,-1.0815558,8.987442,3.8955152,3
30782483260370,-1.0959128,8.977871,3.8955152,3
30782485639277,-1.0911272,8.997013,3.885944,3
30782488018235,-1.1102697,8.992228,3.8668015,3
30782490397141,-1.1102697,9.006584,3.900301,3
30782492776099,-1.0911272,9.016156,3.8907297,3
30782495155006,-1.0959128,9.030513,3.8811584,3
30782497533964,-1.1150553,9.006584,3.885944,3
30782499912870,-1.1294123,9.006584,3.885944,3
30782502291829,-1.1246266,8.997013,3.8763726,3
30782504670735,-1.1389836,9.001799,3.885944,3
30782507049693,-1.105484,9.001799,3.8907297,3
30782509428599,-1.0815558,9.025727,3.8907297,3
30782511807506,-1.0911272,9.049655,3.8955152,3
30782514186516,-1.0815558,9.049655,3.8811584,3
30782516565422,-1.0767702,9.020942,3.885944,3
30782518944381,-1.0576276,8.997013,3.871587,3
30782521323287,-1.0432707,8.992228,3.8668015,3
30782523702245,-1.038485,9.01137,3.885944,3
30782526081152,-1.0432707,8.997013,3.8763726,3
30782528460110,-1.0432707,8.992228,3.8572302,3
30782530839016,-1.0863415,8.987442,3.8572302,3
30782533217974,-1.0767702,9.01137,3.8811584,3
30782535596881,-1.0863415,8.992228,3.8763726,3
30782537975839,-1.105484,9.001799,3.8907297,3
30782540354745,-1.1485549,9.001799,3.8668015,3
30782542733704,-1.1485549,8.987442,3.8811584,3
30782545112610,-1.1581261,8.963513,3.8811584,3
30782547491568,-1.1772687,9.001799,3.8907297,3
30782549870474,-1.2059826,9.01137,3.8955152,3
30782552249433,-1.1964114,8.987442,3.8955152,3
30782554628339,-1.2251252,9.020942,3.8811584,3
30782557007297,-1.2059826,9.025727,3.8476589,3
30782559386204,-1.2299109,9.020942,3.885944,3
30782561765162,-1.2346965,9.016156,3.8668015,3
30782564144068,-1.2251252,9.040084,3.8763726,3
30782566523027,-1.2155539,9.035298,3.842873,3
30782568901933,-1.2107682,9.040084,3.8763726,3
30782571280891,-1.1772687,9.025727,3.8476589,3
30782573659849,-1.1629118,9.0544405,3.8668015,3
30782576038756,-1.119841,9.020942,3.8763726,3
30782578417662,-1.0959128,9.040084,3.8811584,3
30782580796620,-1.0911272,9.035298,3.8811584,3
30782583175579,-1.0719845,9.016156,3.8811584,3
30782585554485,-1.0576276,9.01137,3.8763726,3
30782587933443,-1.0480564,9.01137,3.8763726,3
30782590312349,-1.038485,9.016156,3.842873,3
30782592691308,-1.0576276,9.025727,3.8572302,3
30782595070214,-1.052842,9.020942,3.8763726,3
30782597449172,-1.0671989,9.020942,3.8811584,3
30782599828079,-1.0671989,9.006584,3.8524444,3
30782602207037,-1.0815558,8.992228,3.842873,3
30782604585943,-1.1150553,8.997013,3.8524444,3
30782606964902,-1.134198,9.01137,3.8524444,3
30782609343808,-1.1676974,9.01137,3.8572302,3
30782611722766,-1.1916257,9.020942,3.8524444,3
30782614101672,-1.1916257,9.006584,3.8572302,3
30782616480631,-1.2203395,9.006584,3.8668015,3
30782618859537,-1.2203395,8.997013,3.8668015,3
30782621238495,-1.2107682,8.987442,3.8763726,3
30782623617402,-1.2107682,8.992228,3.8907297,3
30782625996360,-1.2155539,8.977871,3.8955152,3
30782628375318,-1.1820544,8.992228,3.871587,3
30782630754224,-1.1581261,9.01137,3.8763726,3
30782633133183,-1.134198,9.016156,3.885944,3
30782635512089,-1.1485549,9.030513,3.8763726,3
30782637891047,-1.1006985,9.030513,3.871587,3
30782640269954,-1.0767702,9.030513,3.8620157,3
30782642648912,-1.0576276,9.025727,3.8620157,3
30782645027818,-1.0432707,9.020942,3.8668015,3
30782647406777,-1.0241281,9.01137,3.8763726,3
30782649785683,-1.0193424,9.040084,3.8763726,3
30782652164641,-1.0001999,9.040084,3.8763726,3
30782654543547,-1.0193424,9.035298,3.8811584,3
30782656922506,-1.0097711,9.035298,3.871587,3
30782659301412,-1.0289137,9.001799,3.8811584,3
30782661680370,-1.0576276,9.016156,3.8620157,3
30782664059277,-1.0767702,9.006584,3.8620157,3
30782666438235,-1.0911272,9.016156,3.8907297,3
30782668817193,-1.1102697,9.006584,3.8907297,3
30782671196099,-1.134198,9.001799,3.8668015,3
30782673575058,-1.1437693,9.006584,3.8763726,3
30782675953964,-1.1820544,9.01137,3.871587,3
30782678332922,-1.18684,9.01137,3.8763726,3
30782680711829,-1.1724831,9.016156,3.8620157,3
30782683090787,-1.2011969,9.001799,3.8668015,3
30782685469693,-1.2011969,9.001799,3.871587,3
30782687848652,-1.1629118,8.997013,3.8668015,3
30782690227558,-1.1533405,9.01137,3.871587,3
30782692606516,-1.1246266,8.987442,3.8572302,3
30782694985422,-1.0959128,8.977871,3.885944,3
30782697364381,-1.0719845,8.977871,3.8955152,3
30782699743287,-1.0671989,8.9826565,3.8955152,3
30782702122245,-1.0241281,8.997013,3.885944,3
30782704501152,-1.0145568,8.9826565,3.8955152,3
30782706880110,-0.9810573,9.001799,3.8763726,3
30782709259068,-0.95712906,8.997013,3.8763726,3
30782711637974,-0.9619147,9.006584,3.8955152,3
30782714016881,-0.9906286,9.001799,3.900301,3
30782716395839,-0.98584294,9.020942,3.8955152,3
30782718774797,-0.9954142,9.035298,3.8763726,3
30782721153704,-1.0049855,9.030513,3.8572302,3
30782723532662,-1.0193424,9.030513,3.8668015,3
30782725911568,-1.038485,9.025727,3.871587,3
30782728290527,-1.0624132,9.016156,3.8620157,3
30782730669433,-1.0863415,9.01137,3.8763726,3
30782733048391,-1.1150553,9.006584,3.8763726,3
30782735427297,-1.1294123,9.001799,3.885944,3
30782737806256,-1.134198,9.006584,3.900301,3
30782740185162,-1.1533405,9.001799,3.8907297,3
30782742564120,-1.1629118,8.997013,3.8907297,3
30782744943027,-1.1533405,9.006584,3.9146578,3
30782747321985,-1.1294123,8.997013,3.9146578,3
30782749700891,-1.1150553,9.001799,3.9098723,3
30782752079849,-1.119841,9.01137,3.8955152,3
30782754458756,-1.0959128,9.001799,3.9050865,3
30782756837714,-1.0624132,8.997013,3.9098723,3
30782759216672,-1.0336994,8.987442,3.8955152,3
30782761595579,-1.0097711,8.997013,3.8955152,3
30782763974537,-0.9954142,8.997013,3.9146578,3
30782766353443,-0.98584294,9.006584,3.900301,3
30782768732402,-1.0049855,9.006584,3.885944,3
30782771111308,-0.9954142,8.992228,3.8955152,3
30782773490266,-0.9906286,8.987442,3.9098723,3
30782775869172,-1.0049855,8.992228,3.9098723,3
30782778248131,-1.038485,8.992228,3.9194436,3
30782780627037,-1.0576276,9.001799,3.9194436,3
30782783005995,-1.0624132,8.992228,3.9098723,3
30782785384902,-1.038485,8.992228,3.9194436,3
30782787763860,-1.0863415,8.987442,3.9050865,3
30782790142766,-1.0863415,8.977871,3.900301,3
30782792521724,-1.0863415,8.992228,3.8955152,3
30782794900631,-1.0911272,8.997013,3.8907297,3
30782797279589,-1.1006985,9.01137,3.8955152,3
30782799658495,-1.0959128,9.006584,3.8955152,3
30782802037454,-1.0911272,9.025727,3.9098723,3
30782804416412,-1.1006985,9.001799,3.9050865,3
30782806795318,-1.0671989,9.01137,3.8955152,3
30782809174277,-1.0624132,9.001799,3.9050865,3
30782811553183,-1.0576276,9.006584,3.9194436,3
30782813932141,-1.0480564,8.997013,3.9050865,3
30782816311047,-1.038485,9.016156,3.9098723,3
30782818690006,-1.038485,8.997013,3.9146578,3
30782821068912,-1.0097711,9.006584,3.9098723,3
30782823447870,-1.0097711,8.997013,3.9050865,3
30782825826777,-1.0049855,8.992228,3.900301,3
30782828205735,-0.9810573,8.992228,3.9146578,3
30782830584641,-1.0001999,9.01137,3.9050865,3
30782832963599,-1.0241281,9.001799,3.9050865,3
30782835342506,-1.0289137,8.987442,3.885944,3
30782837721464,-1.0480564,8.992228,3.8955152,3
30782840100370,-1.0671989,9.01137,3.9050865,3
30782842479329,-1.0767702,9.016156,3.900301,3
30782844858235,-1.0719845,9.006584,3.8811584,3
30782847237193,-1.0719845,9.01137,3.871587,3
30782849616152,-1.0863415,8.987442,3.8811584,3
30782851995058,-1.1150553,8.9826565,3.8811584,3
30782854374016,-1.0863415,8.9826565,3.885944,3
30782856752922,-1.0959128,8.987442,3.900301,3
30782859131881,-1.0863415,8.997013,3.9098723,3
30782861510787,-1.0767702,8.987442,3.9050865,3
30782863889745,-1.0911272,9.006584,3.900301,3
30782866268652,-1.0911272,8.997013,3.8907297,3
30782868647610,-1.0959128,8.987442,3.8907297,3
30782871026516,-1.0815558,9.006584,3.8907297,3
30782873405474,-1.0815558,8.992228,3.8955152,3
30782875784381,-1.0767702,9.01137,3.8907297,3
30782878163339,-1.0767702,9.01137,3.8811584,3
30782880542245,-1.0815558,9.025727,3.8668015,3
30782882921204,-1.0767702,9.006584,3.8763726,3
30782885300162,-1.0815558,9.025727,3.8763726,3
30782887679068,-1.0911272,9.044869,3.885944,3
30782890058027,-1.0719845,9.035298,3.8907297,3
30782892436933,-1.0624132,9.030513,3.871587,3
30782894815891,-1.0671989,9.025727,3.8763726,3
30782897194797,-1.0671989,9.030513,3.8668015,3
30782899573756,-1.0815558,9.016156,3.8620157,3
30782901952662,-1.0959128,9.020942,3.871587,3
30782904331620,-1.1294123,9.016156,3.8763726,3
30782906710527,-1.1294123,9.020942,3.8907297,3
30782909089485,-1.1102697,9.030513,3.8763726,3
30782911468391,-1.0911272,9.006584,3.8524444,3
30782913847349,-1.0863415,9.016156,3.842873,3
30782916226256,-1.1102697,9.025727,3.8524444,3
30782918605214,-1.1150553,9.006584,3.871587,3
30782920984120,-1.1246266,9.025727,3.8620157,3
30782923363079,-1.1150553,9.025727,3.8524444,3
30782925742037,-1.1246266,9.025727,3.8524444,3
30782928120943,-1.1150553,9.025727,3.8524444,3
30782930499902,-1.1150553,9.016156,3.8572302,3
30782932878808,-1.0959128,9.01137,3.8333018,3
30782935257766,-1.0911272,9.01137,3.8524444,3
30782937636672,-1.0815558,9.01137,3.8572302,3
30782940015631,-1.0815558,9.025727,3.8524444,3
30782942394537,-1.0863415,9.025727,3.8572302,3
30782944773443,-1.0671989,9.030513,3.842873,3
30782947152402,-1.0671989,9.016156,3.8524444,3
30782949531360,-1.0863415,9.030513,3.8285162,3
30782951910266,-1.0719845,9.035298,3.842873,3
30782954289224,-1.0815558,9.035298,3.8524444,3
30782956668131,-1.0815558,9.016156,3.8380876,3
30782959047089,-1.0767702,9.016156,3.842873,3
30782961425995,-1.0480564,9.040084,3.8476589,3
30782963804954,-1.0624132,9.040084,3.8668015,3
30782966183860,-1.0815558,9.030513,3.8620157,3
30782968562818,-1.0671989,9.035298,3.842873,3
30782970941672,-1.0576276,9.040084,3.8572302,3
30782973320683,-1.0624132,9.025727,3.8620157,3
30782975699641,-1.0576276,9.01137,3.8476589,3
30782978078547,-1.0624132,9.01137,3.8572302,3
30782980457506,-1.0767702,9.030513,3.842873,3
30782982836412,-1.0671989,9.040084,3.8620157,3
30782985215370,-1.0624132,9.035298,3.8620157,3
30782987594277,-1.038485,9.025727,3.871587,3
30782989973235,-1.0576276,9.006584,3.8524444,3
30782992352141,-1.0719845,9.001799,3.8476589,3
30782994731099,-1.0719845,9.001799,3.842873,3
30782997110006,-1.0576276,9.020942,3.8380876,3
30782999488964,-1.052842,9.040084,3.8380876,3
30783001867922,-1.0336994,9.030513,3.8524444,3
30783004246829,-1.0289137,9.040084,3.8524444,3
30783006625735,-1.0001999,9.044869,3.8476589,3
30783009004693,-1.0432707,9.030513,3.8524444,3
30783011383599,-1.0241281,9.016156,3.8237305,3
30783013762558,-1.0145568,9.025727,3.8285162,3
30783016141516,-1.0193424,9.016156,3.8572302,3
30783018520422,-1.0145568,9.020942,3.871587,3
30783020899381,-1.0289137,9.001799,3.8620157,3
30783023278287,-1.052842,9.001799,3.8620157,3
30783025657245,-1.0432707,9.035298,3.8620157,3
30783028036152,-1.0432707,9.044869,3.8572302,3
30783030415110,-1.0480564,9.035298,3.8572302,3
30783032794016,-1.052842,9.049655,3.8620157,3
30783035172974,-1.052842,9.0544405,3.8380876,3
30783037551881,-1.0624132,9.064013,3.842873,3
30783039930839,-1.052842,9.049655,3.8476589,3
30783042309797,-1.038485,9.040084,3.8668015,3
30783044688704,-1.0480564,9.040084,3.8524444,3
30783047067662,-1.0576276,9.064013,3.8476589,3
30783049446568,-1.038485,9.040084,3.842873,3
30783051825527,-1.0241281,9.0544405,3.8476589,3
30783054204433,-1.0145568,9.025727,3.8380876,3
30783056583391,-0.9954142,9.016156,3.8476589,3
30783058962297,-0.9954142,9.01137,3.842873,3
30783061341256,-0.971486,9.01137,3.8476589,3
30783063720162,-0.971486,9.020942,3.8476589,3
30783066099120,-0.9523434,9.020942,3.8380876,3
30783068478027,-0.9762716,9.01137,3.842873,3
30783070856985,-0.9667004,9.001799,3.8524444,3
30783073235891,-0.971486,9.006584,3.8476589,3
30783075614849,-0.95712906,8.992228,3.8620157,3
30783077993808,-0.971486,9.016156,3.8572302,3
30783080372714,-0.9906286,9.040084,3.8572302,3
30783082751672,-1.0001999,9.016156,3.842873,3
30783085130579,-1.0049855,9.020942,3.8380876,3
30783087509537,-1.0145568,9.001799,3.8572302,3
30783089888443,-1.0001999,9.025727,3.8620157,3
30783092267402,-0.9810573,9.035298,3.8524444,3
30783094646308,-0.9762716,9.040084,3.8763726,3
30783097025266,-0.9954142,9.020942,3.8811584,3
30783099404172,-1.0049855,9.025727,3.885944,3
30783101783131,-1.0145568,9.049655,3.885944,3
30783104162037,-0.9954142,9.035298,3.885944,3
30783106540995,-0.9906286,9.030513,3.871587,3
30783108919902,-0.971486,9.040084,3.885944,3
30783111298860,-0.9523434,9.044869,3.8763726,3
30783113677818,-0.9619147,9.035298,3.871587,3
30783116056724,-0.9762716,9.040084,3.8811584,3
30783118435683,-0.9523434,9.016156,3.8955152,3
30783120814589,-0.9523434,9.01137,3.8907297,3
30783123193547,-0.9236295,9.040084,3.8763726,3
30783125572454,-0.9284152,9.020942,3.8811584,3
30783127951412,-0.9236295,9.016156,3.885944,3
30783130330318,-0.9284152,8.997013,3.8668015,3
30783132709277,-0.8997013,8.997013,3.8572302,3
30783135088183,-0.8997013,9.016156,3.871587,3
30783137467141,-0.89013004,9.035298,3.8668015,3
30783139846047,-0.89013004,9.006584,3.8763726,3
30783142225006,-0.9092726,8.997013,3.871587,3
30783144603912,-0.90448695,8.997013,3.8811584,3
30783146982870,-0.8997013,8.987442,3.8955152,3
30783149361829,-0.9284152,8.997013,3.8811584,3
30783151740735,-0.9379865,8.987442,3.8907297,3
30783154119641,-0.9092726,8.987442,3.8907297,3
30783156498599,-0.8757731,9.006584,3.885944,3
30783158877558,-0.8853444,9.001799,3.9050865,3
30783161256412,-0.8805587,9.001799,3.900301,3
30783163635422,-0.8997013,9.020942,3.8907297,3
30783166014329,-0.91405827,9.01137,3.9098723,3
30783168393287,-0.93320084,9.01137,3.8955152,3
30783170772193,-0.91884387,9.006584,3.8907297,3
30783173151152,-0.90448695,9.006584,3.871587,3
30783175530058,-0.90448695,8.992228,3.8811584,3
30783177909016,-0.91405827,9.01137,3.9098723,3
30783180287922,-0.89491564,9.030513,3.9290147,3
30783182666881,-0.89491564,9.025727,3.9338005,3
30783185045787,-0.89013004,9.006584,3.9194436,3
30783187424745,-0.8709874,9.01137,3.9194436,3
30783189803704,-0.8805587,9.001799,3.9194436,3
30783192182610,-0.8853444,9.020942,3.9338005,3
30783194561568,-0.8662018,9.020942,3.9290147,3
30783196940474,-0.8566305,9.030513,3.9098723,3
30783199319433,-0.83748794,9.035298,3.9146578,3
30783201698339,-0.82313097,9.020942,3.9146578,3
30783204077297,-0.86141616,9.020942,3.9098723,3
30783206456204,-0.8566305,9.020942,3.9242291,3
30783208835162,-0.8566305,9.016156,3.8955152,3
30783211214068,-0.85184485,9.001799,3.9050865,3
30783213593027,-0.85184485,9.006584,3.8955152,3
30783215971933,-0.83748794,9.006584,3.9146578,3
30783218350891,-0.8662018,8.992228,3.9146578,3
30783220729849,-0.8709874,9.006584,3.9290147,3
30783223108756,-0.8805587,9.006584,3.900301,3
30783225487714,-0.89491564,8.997013,3.900301,3
30783227866620,-0.89013004,9.016156,3.9098723,3
30783230245579,-0.8805587,9.016156,3.9050865,3
30783232624485,-0.89013004,9.020942,3.9098723,3
30783235003443,-0.8709874,9.006584,3.9146578,3
30783237382349,-0.8566305,9.030513,3.900301,3
30783239761308,-0.8997013,9.020942,3.900301,3
30783242140162,-0.8709874,9.016156,3.9194436,3
30783244519172,-0.8422736,9.020942,3.9098723,3
30783246898079,-0.8422736,9.020942,3.9242291,3
30783249277037,-0.8470592,9.020942,3.9050865,3
30783251655943,-0.8470592,9.01137,3.8907297,3
30783254034902,-0.83748794,9.016156,3.885944,3
30783256413860,-0.8279166,9.001799,3.9050865,3
30783258792766,-0.8327023,9.020942,3.9098723,3
30783261171724,-0.8470592,9.006584,3.9242291,3
30783263550631,-0.8566305,9.006584,3.9242291,3
30783265929589,-0.85184485,9.025727,3.8907297,3
30783268308495,-0.8470592,9.030513,3.8955152,3
30783270687454,-0.81834537,9.040084,3.900301,3
30783273066360,-0.82313097,9.025727,3.9146578,3
30783275445318,-0.8566305,9.01137,3.938586,3
30783277824224,-0.8805587,9.001799,3.938586,3
30783280203183,-0.86141616,8.997013,3.9338005,3
30783282582089,-0.86141616,9.035298,3.9290147,3
30783284961047,-0.8662018,9.030513,3.8955152,3
30783287340006,-0.8757731,9.025727,3.900301,3
30783289718912,-0.86141616,9.044869,3.900301,3
30783292097870,-0.8662018,9.025727,3.9098723,3
30783294476777,-0.8709874,9.006584,3.9194436,3
30783296855735,-0.8566305,9.025727,3.9290147,3
30783299234641,-0.85184485,9.025727,3.9290147,3
30783301613599,-0.8566305,8.997013,3.9242291,3
30783303992506,-0.86141616,9.006584,3.9146578,3
30783306371464,-0.8566305,9.01137,3.9242291,3
30783308750370,-0.8566305,9.006584,3.9194436,3
30783311129329,-0.82313097,8.997013,3.9194436,3
30783313508287,-0.80877405,9.016156,3.900301,3
30783315887193,-0.7848458,9.01137,3.900301,3
30783318266152,-0.79441714,8.992228,3.8955152,3
30783320645058,-0.7848458,8.987442,3.9242291,3
30783323024016,-0.7704889,8.987442,3.9242291,3
30783325402922,-0.75613195,9.006584,3.9194436,3
30783327781881,-0.7896315,9.016156,3.9338005,3
30783330160787,-0.7752745,9.01137,3.9242291,3
30783332539745,-0.7752745,9.001799,3.9290147,3
30783334918652,-0.7752745,9.01137,3.9242291,3
30783337297610,-0.79441714,9.006584,3.9290147,3
30783339676516,-0.8039884,9.006584,3.938586,3
30783342055474,-0.8039884,8.997013,3.9625144,3
30783344434433,-0.82313097,9.016156,3.9481573,3
30783346813339,-0.81834537,9.020942,3.9338005,3
30783349192245,-0.8039884,9.020942,3.9290147,3
30783351571204,-0.83748794,9.01137,3.9290147,3
30783353950162,-0.82313097,8.997013,3.9338005,3
30783356329068,-0.8422736,9.020942,3.938586,3
30783358708027,-0.8709874,9.01137,3.9338005,3
30783361086933,-0.8566305,9.016156,3.9481573,3
30783363465891,-0.8327023,9.001799,3.9290147,3
30783365844797,-0.8327023,9.006584,3.9194436,3
30783368223756,-0.8135597,9.025727,3.9194436,3
30783370602662,-0.7704889,9.016156,3.9242291,3
30783372981620,-0.79441714,9.006584,3.9194436,3
30783375360527,-0.7896315,9.016156,3.9433718,3
30783377739485,-0.7704889,9.006584,3.9338005,3
30783380118443,-0.7752745,9.025727,3.9242291,3
30783382497349,-0.7609176,9.006584,3.9194436,3
30783384876308,-0.75613195,9.001799,3.938586,3
30783387255214,-0.76570326,8.997013,3.9338005,3
30783389634172,-0.7848458,9.001799,3.9290147,3
30783392013079,-0.76570326,8.992228,3.9146578,3
30783394392037,-0.74177504,8.997013,3.938586,3
30783396770891,-0.75613195,9.01137,3.938586,3
30783399149902,-0.7704889,9.020942,3.9242291,3
30783401528808,-0.79441714,9.020942,3.938586,3
30783403907766,-0.7752745,9.020942,3.9338005,3
30783406286672,-0.76570326,9.016156,3.9194436,3
30783408665631,-0.7800602,9.016156,3.9338005,3
30783411044537,-0.8039884,9.01137,3.9577286,3
30783413423495,-0.8422736,9.035298,3.9433718,3
30783415802454,-0.81834537,9.059227,3.9290147,3
30783418181360,-0.83748794,9.044869,3.9338005,3
30783420560318,-0.8422736,9.030513,3.9242291,3
30783422939224,-0.8135597,9.030513,3.9146578,3
30783425318183,-0.79441714,9.016156,3.9146578,3
30783427697037,-0.79441714,9.016156,3.9146578,3
30783430076047,-0.7896315,9.01137,3.9194436,3
30783432454954,-0.7800602,9.006584,3.9194436,3
30783434833912,-0.7609176,9.001799,3.9098723,3
30783437212818,-0.75613195,9.016156,3.8955152,3
30783439591777,-0.7513463,9.030513,3.8763726,3
30783441970683,-0.7465607,9.025727,3.9194436,3
30783444349641,-0.7465607,9.006584,3.938586,3
30783446728599,-0.7322037,9.01137,3.9242291,3
30783449107506,-0.7609176,9.040084,3.9242291,3
30783451486464,-0.7465607,9.044869,3.9050865,3
30783453865370,-0.76570326,9.025727,3.900301,3
30783456244329,-0.7752745,9.020942,3.900301,3
30783458623235,-0.7609176,8.997013,3.900301,3
30783461002193,-0.7704889,8.992228,3.9098723,3
30783463381099,-0.79920274,9.016156,3.9194436,3
30783465760058,-0.82313097,9.01137,3.9481573,3
30783468139016,-0.8279166,9.016156,3.938586,3
30783470517922,-0.82313097,9.016156,3.9146578,3
30783472896829,-0.83748794,9.020942,3.9050865,3
30783475275787,-0.81834537,9.035298,3.9050865,3
30783477654745,-0.82313097,9.040084,3.9242291,3
30783480033652,-0.80877405,9.020942,3.9290147,3
30783482412610,-0.79441714,9.016156,3.9146578,3
30783484791516,-0.7752745,9.01137,3.9194436,3
30783487170474,-0.7704889,9.016156,3.900301,3
30783489549381,-0.72263247,9.030513,3.885944,3
30783491928339,-0.70348984,9.030513,3.900301,3
30783494307245,-0.6891329,9.035298,3.9146578,3
30783496686204,-0.66999036,9.030513,3.9194436,3
30783499065110,-0.6843473,9.025727,3.9098723,3
30783501444068,-0.6939186,9.030513,3.8955152,3
30783503823027,-0.71306115,9.049655,3.8955152,3
30783506201933,-0.72741807,9.030513,3.900301,3
30783508580891,-0.71306115,9.0544405,3.900301,3
30783510959797,-0.75613195,9.049655,3.9146578,3
30783513338756,-0.7848458,9.025727,3.9098723,3
30783515717662,-0.80877405,9.035298,3.9146578,3
30783518096620,-0.8279166,9.059227,3.8955152,3
30783520475527,-0.81834537,9.059227,3.885944,3
30783522854485,-0.85184485,9.049655,3.885944,3
30783525233391,-0.8566305,9.035298,3.9098723,3
30783527612349,-0.8662018,9.044869,3.9242291,3
30783529991308,-0.86141616,9.016156,3.9146578,3
30783532370214,-0.8853444,9.030513,3.9050865,3
30783534749172,-0.8709874,9.049655,3.8955152,3
30783537128079,-0.8327023,9.035298,3.9050865,3
30783539507037,-0.8039884,9.030513,3.9050865,3
30783541885943,-0.7896315,9.040084,3.9242291,3
30783544264902,-0.7609176,9.040084,3.9098723,3
30783546643808,-0.72263247,9.025727,3.8907297,3
30783549022766,-0.6939186,9.030513,3.871587,3
30783551401672,-0.6891329,9.035298,3.871587,3
30783553780631,-0.6891329,9.044869,3.8620157,3
30783556159537,-0.6795616,9.035298,3.871587,3
30783558538495,-0.67477596,9.025727,3.8763726,3
30783560917454,-0.67477596,9.016156,3.885944,3
30783563296308,-0.66999036,9.020942,3.885944,3
30783565675318,-0.6795616,9.030513,3.8811584,3
30783568054224,-0.7082755,9.020942,3.8811584,3
30783570433183,-0.7322037,9.01137,3.8668015,3
30783572812089,-0.7752745,9.025727,3.8907297,3
30783575191047,-0.80877405,9.025727,3.8955152,3
30783577569954,-0.83748794,9.016156,3.8811584,3
30783579948912,-0.8422736,9.030513,3.8811584,3
30783582327818,-0.86141616,9.030513,3.8907297,3
30783584706777,-0.8805587,9.01137,3.8763726,3
30783587085735,-0.85184485,9.020942,3.8955152,3
30783589464641,-0.86141616,9.040084,3.9146578,3
30783591843599,-0.8422736,9.020942,3.900301,3
30783594222454,-0.82313097,9.035298,3.9050865,3
30783596601464,-0.79441714,9.035298,3.8907297,3
30783598980370,-0.7848458,9.049655,3.8763726,3
30783601359329,-0.7513463,9.020942,3.8907297,3
30783603738235,-0.7178468,9.035298,3.8668015,3
30783606117193,-0.6891329,9.040084,3.8955152,3
30783608496099,-0.67477596,9.030513,3.8907297,3
30783610875006,-0.66041905,9.035298,3.885944,3
30783613253964,-0.6364908,9.044869,3.8620157,3
30783615632922,-0.5982057,9.044869,3.8572302,3
30783618011881,-0.6269195,9.064013,3.8668015,3
30783620390787,-0.6412765,9.049655,3.8668015,3
30783622769745,-0.66041905,9.044869,3.8811584,3
30783625148652,-0.6891329,9.035298,3.8811584,3
30783627527610,-0.7178468,9.044869,3.8620157,3
30783629906516,-0.75613195,9.035298,3.8763726,3
30783632285474,-0.7848458,9.044869,3.8907297,3
30783634664381,-0.8135597,9.040084,3.885944,3
30783637043339,-0.80877405,9.049655,3.8811584,3
30783639422245,-0.8135597,9.049655,3.8763726,3
30783641801204,-0.8279166,9.0544405,3.871587,3
30783644180110,-0.81834537,9.049655,3.8811584,3
30783646559068,-0.8327023,9.0544405,3.8907297,3
30783648938027,-0.8135597,9.059227,3.871587,3
30783651316933,-0.7704889,9.0544405,3.871587,3
30783653695891,-0.71306115,9.064013,3.8620157,3
30783656074797,-0.6891329,9.064013,3.8668015,3
30783658453756,-0.66041905,9.059227,3.871587,3
30783660832662,-0.6269195,9.0544405,3.871587,3
30783663211620,-0.5886344,9.0544405,3.8668015,3
30783665590527,-0.6029913,9.059227,3.8572302,3
30783667969485,-0.5886344,9.064013,3.8476589,3
30783670348443,-0.57906306,9.064013,3.871587,3
30783672727349,-0.57906306,9.073584,3.8811584,3
30783675106308,-0.6029913,9.044869,3.8572302,3
30783677485214,-0.6221339,9.030513,3.8620157,3
30783679864172,-0.66041905,9.044869,3.8524444,3
30783682243079,-0.67477596,9.040084,3.8524444,3
30783684622037,-0.6939186,9.0544405,3.8476589,3
30783687000943,-0.72263247,9.040084,3.8620157,3
30783689379902,-0.7369894,9.044869,3.8955152,3
30783691758808,-0.76570326,9.049655,3.8763726,3
30783694137766,-0.79441714,9.059227,3.8524444,3
30783696516672,-0.7848458,9.049655,3.8620157,3
30783698895631,-0.80877405,9.068798,3.8763726,3
30783701274589,-0.7896315,9.0544405,3.8763726,3
30783703653495,-0.7800602,9.059227,3.8811584,3
30783706032454,-0.75613195,9.059227,3.885944,3
30783708411360,-0.7465607,9.059227,3.871587,3
30783710790318,-0.6891329,9.064013,3.8763726,3
30783713169224,-0.6795616,9.0544405,3.871587,3
30783715548183,-0.6412765,9.044869,3.871587,3
30783717927089,-0.6125626,9.0544405,3.8620157,3
30783720306047,-0.56470615,9.059227,3.8476589,3
30783722685006,-0.53599226,9.040084,3.8524444,3
30783725063912,-0.526421,9.044869,3.8572302,3
30783727442870,-0.5168497,9.044869,3.8811584,3
30783729821777,-0.5407779,9.040084,3.8811584,3
30783732200735,-0.5312066,9.044869,3.8763726,3
30783734579641,-0.5407779,9.040084,3.8476589,3
30783736958599,-0.56470615,9.020942,3.8572302,3
30783739337506,-0.6029913,9.025727,3.8524444,3
30783741716464,-0.6364908,9.025727,3.8668015,3
30783744095370,-0.6364908,9.040084,3.8572302,3
30783746474329,-0.66999036,9.020942,3.8668015,3
30783748853287,-0.70348984,9.025727,3.871587,3
30783751232193,-0.72263247,9.030513,3.8668015,3
30783753611152,-0.7322037,9.0544405,3.8620157,3
30783755990058,-0.7513463,9.049655,3.8668015,3
30783758369016,-0.7609176,9.040084,3.8907297,3
30783760747922,-0.75613195,9.064013,3.900301,3
30783763126881,-0.72263247,9.0544405,3.9050865,3
30783765505787,-0.70348984,9.064013,3.8763726,3
30783767884745,-0.6987042,9.078369,3.885944,3
30783770263652,-0.6843473,9.064013,3.885944,3
30783772642610,-0.6652047,9.08794,3.885944,3
30783775021516,-0.6269195,9.068798,3.8668015,3
30783777400474,-0.59342,9.068798,3.885944,3
30783779779433,-0.5694918,9.073584,3.885944,3
30783782158339,-0.5599205,9.0544405,3.885944,3
30783784537297,-0.5599205,9.064013,3.8811584,3
30783786916204,-0.5455636,9.059227,3.8620157,3
30783789295162,-0.55034924,9.073584,3.8763726,3
30783791674068,-0.5312066,9.059227,3.885944,3
30783794053027,-0.53599226,9.068798,3.871587,3
30783796431933,-0.53599226,9.064013,3.8907297,3
30783798810891,-0.526421,9.044869,3.8763726,3
30783801189797,-0.5455636,9.0544405,3.871587,3
30783803568756,-0.5694918,9.049655,3.871587,3
30783805947714,-0.5838487,9.059227,3.8763726,3
30783808326620,-0.5982057,9.025727,3.8907297,3
30783810705579,-0.5982057,9.040084,3.9146578,3
30783813084485,-0.6269195,9.044869,3.8907297,3
30783815463443,-0.6221339,9.059227,3.8811584,3
30783817842349,-0.6412765,9.064013,3.8763726,3
30783820221308,-0.6795616,9.044869,3.8668015,3
30783822600214,-0.66999036,9.025727,3.885944,3
30783824979172,-0.6843473,9.025727,3.9098723,3
30783827358079,-0.6556334,9.044869,3.8955152,3
30783829737037,-0.63170516,9.0544405,3.885944,3
30783832115995,-0.61734825,9.0544405,3.885944,3
30783834494902,-0.6125626,9.044869,3.9050865,3
30783836873860,-0.6125626,9.049655,3.900301,3
30783839252766,-0.5838487,9.064013,3.900301,3
30783841631724,-0.57906306,9.059227,3.8907297,3
30783844010631,-0.56470615,9.049655,3.9050865,3
30783846389589,-0.52163535,9.035298,3.9050865,3
30783848768495,-0.51206404,9.040084,3.9194436,3
30783851147454,-0.5072784,9.01137,3.9242291,3
30783853526412,-0.4977071,9.030513,3.9242291,3
30783855905318,-0.47856453,9.049655,3.9242291,3
30783858284277,-0.47856453,9.040084,3.9098723,3
30783860663183,-0.5024927,9.035298,3.9098723,3
30783863042141,-0.5024927,9.035298,3.900301,3
30783865421047,-0.4642076,9.044869,3.9098723,3
30783867800006,-0.47856453,9.068798,3.9290147,3
30783870178912,-0.4977071,9.044869,3.9194436,3
30783872557870,-0.4977071,9.030513,3.8955152,3
30783874936829,-0.4881358,9.030513,3.9098723,3
30783877315735,-0.4881358,9.040084,3.900301,3
30783879694641,-0.4833502,9.035298,3.9098723,3
30783882073599,-0.5072784,9.025727,3.9098723,3
30783884452558,-0.5072784,9.040084,3.9242291,3
30783886831464,-0.47377887,9.040084,3.9098723,3
30783889210422,-0.47377887,9.020942,3.938586,3
30783891589329,-0.4881358,9.020942,3.9338005,3
30783893968287,-0.4881358,9.016156,3.9338005,3
30783896347193,-0.4642076,9.044869,3.9433718,3
30783898726152,-0.44985065,9.049655,3.9338005,3
30783901105110,-0.44985065,9.040084,3.9290147,3
30783903484016,-0.41156548,9.059227,3.9338005,3
30783905862922,-0.37806597,9.0544405,3.9290147,3
30783908241881,-0.35413775,9.040084,3.9481573,3
30783910620839,-0.36370903,9.025727,3.952943,3
30783912999745,-0.3589234,9.044869,3.9338005,3
30783915378704,-0.3589234,9.035298,3.938586,3
30783917757610,-0.34456646,9.01137,3.9242291,3
30783920136568,-0.32063824,9.025727,3.938586,3
30783922515474,-0.31585258,9.025727,3.938586,3
30783924894433,-0.31106696,9.040084,3.9290147,3
30783927273391,-0.33020952,9.059227,3.938586,3
30783929652297,-0.3589234,9.035298,3.9242291,3
30783932031256,-0.3589234,9.01137,3.9481573,3
30783934410162,-0.34456646,9.020942,3.9673,3
30783936789120,-0.36370903,9.035298,3.9673,3
30783939168027,-0.3924229,9.020942,3.9625144,3
30783941546985,-0.38763726,9.01137,3.9625144,3
30783943925891,-0.41635114,9.020942,3.9673,3
30783946304849,-0.41156548,9.006584,3.9673,3
30783948683756,-0.41156548,9.025727,3.9625144,3
30783951062714,-0.40677986,9.016156,3.9720855,3
30783953441620,-0.37806597,9.020942,3.9625144,3
30783955820579,-0.37806597,9.01137,3.9625144,3
30783958199537,-0.3684947,9.035298,3.9625144,3
30783960578443,-0.3493521,9.025727,3.9625144,3
30783962957402,-0.33499518,9.016156,3.9864426,3
30783965336308,-0.29671,9.01137,3.9720855,3
30783967715266,-0.28713873,9.025727,3.9673,3
30783970094172,-0.27756742,9.001799,3.9720855,3
30783972473131,-0.27756742,9.025727,3.9720855,3
30783974852037,-0.2632105,9.030513,3.9577286,3
30783977230995,-0.27756742,9.020942,3.9673,3
30783979609902,-0.27756742,9.001799,3.9577286,3
30783981988860,-0.2727818,8.977871,3.9481573,3
30783984367818,-0.30149564,8.992228,3.9481573,3
30783986746724,-0.33020952,9.006584,3.952943,3
30783989125683,-0.3493521,9.016156,3.9673,3
30783991504589,-0.3684947,9.016156,3.9720855,3
30783993883547,-0.38285163,9.001799,3.9625144,3
30783996262506,-0.37806597,9.01137,3.952943,3
30783998641412,-0.40677986,9.020942,3.9481573,3
30784001020318,-0.43070808,9.006584,3.9577286,3
30784003399277,-0.43070808,9.006584,3.9768713,3
30784005778235,-0.42592242,9.020942,3.9720855,3
30784008157141,-0.41635114,9.01137,3.9768713,3
30784010536099,-0.39720857,9.030513,3.9481573,3
30784012915006,-0.37328035,9.030513,3.952943,3
30784015293912,-0.3397808,9.020942,3.952943,3
30784017672870,-0.32542387,9.040084,3.9625144,3
30784020051777,-0.30149564,9.030513,3.9625144,3
30784022430735,-0.27756742,9.030513,3.9481573,3
30784024809693,-0.25842485,9.025727,3.952943,3
30784027188599,-0.2536392,9.035298,3.9577286,3
30784029567506,-0.2536392,9.035298,3.9673,3
30784031946464,-0.22492532,9.035298,3.9433718,3
30784034325422,-0.23449662,9.030513,3.9481573,3
30784036704381,-0.23928227,9.020942,3.952943,3
30784039083287,-0.23928227,9.025727,3.9577286,3
30784041462245,-0.2536392,9.035298,3.9673,3
30784043841152,-0.28235307,9.035298,3.9577286,3
30784046220110,-0.27756742,9.016156,3.9577286,3
30784048599068,-0.32063824,9.006584,3.952943,3
30784050977974,-0.34456646,9.016156,3.9577286,3
30784053356933,-0.34456646,9.020942,3.9625144,3
30784055735839,-0.36370903,9.025727,3.9577286,3
30784058114797,-0.37806597,9.040084,3.9673,3
30784060493704,-0.3684947,9.035298,3.9577286,3
30784062872662,-0.37806597,9.049655,3.9433718,3
30784065251568,-0.38285163,9.0544405,3.9481573,3
30784067630527,-0.36370903,9.035298,3.938586,3
30784070009485,-0.3589234,9.035298,3.952943,3
30784072388391,-0.3397808,9.059227,3.9673,3
30784074767349,-0.32542387,9.0544405,3.9625144,3
30784077146256,-0.28235307,9.040084,3.9481573,3
30784079525214,-0.23928227,9.030513,3.9433718,3
30784081904120,-0.23928227,9.020942,3.938586,3
30784084283079,-0.23449662,9.044869,3.9433718,3
30784086661985,-0.20578274,9.035298,3.9338005,3
30784089040943,-0.2009971,9.035298,3.952943,3
30784091419849,-0.19621146,9.030513,3.938586,3
30784093798808,-0.2105684,9.01137,3.9481573,3
30784096177714,-0.20578274,9.025727,3.9481573,3
30784098556672,-0.2009971,9.01137,3.9481573,3
30784100935631,-0.19142582,9.01137,3.952943,3
30784103314537,-0.2009971,9.016156,3.9625144,3
30784105693495,-0.23928227,9.01137,3.952943,3
30784108072402,-0.24885355,9.016156,3.952943,3
30784110451360,-0.26799613,8.997013,3.9577286,3
30784112830266,-0.2727818,8.987442,3.9481573,3
30784115209224,-0.28235307,9.016156,3.9625144,3
30784117588183,-0.29192436,9.020942,3.9625144,3
30784119967089,-0.32063824,9.035298,3.9673,3
30784122346047,-0.31585258,9.001799,3.9481573,3
30784124724902,-0.31106696,9.01137,3.9625144,3
30784127103912,-0.28713873,9.016156,3.9673,3
30784129482818,-0.28235307,9.016156,3.9577286,3
30784131861777,-0.23928227,9.020942,3.952943,3
30784134240683,-0.23928227,9.030513,3.952943,3
30784136619641,-0.23928227,9.035298,3.9625144,3
30784138998547,-0.20578274,9.020942,3.9577286,3
30784141377506,-0.18664017,9.030513,3.9625144,3
30784143756464,-0.19142582,9.020942,3.9577286,3
30784146135370,-0.17706887,9.006584,3.9625144,3
30784148514329,-0.17706887,9.025727,3.952943,3
30784150893235,-0.19142582,9.030513,3.9433718,3
30784153272193,-0.2105684,9.044869,3.9673,3
30784155651099,-0.2105684,9.040084,3.952943,3
30784158030058,-0.22492532,9.040084,3.9433718,3
30784160408964,-0.22013968,9.030513,3.9433718,3
30784162787922,-0.23928227,9.030513,3.952943,3
30784165166881,-0.2632105,9.035298,3.952943,3
30784167545787,-0.26799613,9.040084,3.9481573,3
30784169924745,-0.2536392,9.030513,3.9433718,3
30784172303652,-0.2536392,9.020942,3.938586,3
30784174682610,-0.27756742,9.016156,3.9290147,3
30784177061516,-0.2727818,9.01137,3.952943,3
30784179440474,-0.25842485,9.025727,3.9481573,3
30784181819381,-0.23449662,9.030513,3.9242291,3
30784184198339,-0.22013968,9.049655,3.9338005,3
30784186577245,-0.21535404,9.025727,3.9338005,3
30784188956204,-0.20578274,9.035298,3.9242291,3
30784191335162,-0.18185452,9.030513,3.9242291,3
30784193714068,-0.16271193,9.030513,3.9290147,3
30784196093027,-0.16271193,9.030513,3.9338005,3
30784198471933,-0.16749759,9.030513,3.9433718,3
30784200850891,-0.13878371,9.044869,3.952943,3
30784203229797,-0.13878371,9.040084,3.9290147,3
30784205608756,-0.16271193,9.030513,3.9433718,3
30784207987714,-0.16271193,9.020942,3.9242291,3
30784210366620,-0.17228323,9.040084,3.9290147,3
30784212745579,-0.17228323,9.044869,3.9242291,3
30784215124485,-0.19142582,9.040084,3.9290147,3
30784217503443,-0.20578274,9.044869,3.938586,3
30784219882349,-0.22492532,9.035298,3.9338005,3
30784222261256,-0.23928227,9.049655,3.9338005,3
30784224640214,-0.23449662,9.035298,3.9290147,3
30784227019172,-0.2440679,9.049655,3.9481573,3
30784229398079,-0.23928227,9.0544405,3.938586,3
30784231777037,-0.24885355,9.0544405,3.9242291,3
30784234155995,-0.23928227,9.0544405,3.9290147,3
30784236534902,-0.23449662,9.040084,3.9146578,3
30784238913860,-0.23449662,9.040084,3.9338005,3
30784241292766,-0.22971097,9.035298,3.9290147,3
30784243671724,-0.22013968,9.030513,3.9194436,3
30784246050631,-0.20578274,9.035298,3.9194436,3
30784248429589,-0.18664017,9.049655,3.9194436,3
30784250808547,-0.19621146,9.030513,3.900301,3
30784253187454,-0.18664017,9.035298,3.8955152,3
30784255566412,-0.17228323,9.064013,3.900301,3
30784257945318,-0.15314065,9.049655,3.9242291,3
30784260324277,-0.16749759,9.049655,3.9146578,3
30784262703183,-0.15314065,9.035298,3.9050865,3
30784265082141,-0.14356937,9.049655,3.900301,3
30784267461047,-0.148355,9.044869,3.885944,3
30784269840006,-0.16271193,9.040084,3.8955152,3
30784272218912,-0.16271193,9.059227,3.900301,3
30784274597870,-0.15792629,9.0544405,3.8907297,3
30784276976829,-0.15314065,9.0544405,3.9098723,3
30784279355735,-0.15314065,9.049655,3.900301,3
30784281734693,-0.16749759,9.044869,3.9098723,3
30784284113599,-0.17706887,9.0544405,3.9050865,3
30784286492506,-0.17228323,9.068798,3.900301,3
30784288871464,-0.16749759,9.078369,3.9242291,3
30784291250422,-0.16271193,9.059227,3.9146578,3
30784293629329,-0.16749759,9.0544405,3.9098723,3
30784296008287,-0.16749759,9.049655,3.9146578,3
30784298387245,-0.16271193,9.049655,3.900301,3
30784300766152,-0.15314065,9.049655,3.8955152,3
30784303145110,-0.15792629,9.035298,3.885944,3
30784305524016,-0.16749759,9.040084,3.9050865,3
30784307902974,-0.124426775,9.073584,3.8907297,3
30784310281881,-0.12921242,9.064013,3.885944,3
30784312660839,-0.13399807,9.068798,3.8763726,3
30784315039745,-0.13399807,9.073584,3.8763726,3
30784317418704,-0.124426775,9.068798,3.8907297,3
30784319797662,-0.11485548,9.064013,3.8955152,3
30784322176568,-0.13878371,9.044869,3.8907297,3
30784324555527,-0.124426775,9.0544405,3.885944,3
30784326934433,-0.124426775,9.068798,3.8811584,3
30784329313391,-0.11485548,9.059227,3.8811584,3
30784331692297,-0.124426775,9.049655,3.8668015,3
30784334071256,-0.13399807,9.049655,3.8811584,3
30784336450162,-0.124426775,9.049655,3.871587,3
30784338829120,-0.1052842,9.044869,3.871587,3
30784341208027,-0.10049855,9.035298,3.871587,3
30784343586985,-0.1052842,9.049655,3.8811584,3
30784345965943,-0.08135597,9.040084,3.885944,3
30784348344849,-0.09571291,9.059227,3.871587,3
30784350723808,-0.08135597,9.059227,3.8668015,3
30784353102714,-0.08135597,9.068798,3.8524444,3
30784355481672,-0.08135597,9.068798,3.8811584,3
30784357860579,-0.07178468,9.073584,3.8811584,3
30784360239537,-0.0526421,9.078369,3.8763726,3
30784362618495,-0.047856454,9.068798,3.8668015,3
30784364997402,-0.033499517,9.092726,3.885944,3
30784367376360,-0.0526421,9.092726,3.8811584,3
30784369755266,-0.043070808,9.068798,3.8668015,3
30784372134224,-0.043070808,9.073584,3.8476589,3
30784374513079,-0.062213387,9.064013,3.8620157,3
30784376892089,-0.07178468,9.073584,3.8907297,3
30784379270995,-0.07178468,9.073584,3.8907297,3
30784381649954,-0.086141616,9.08794,3.885944,3
30784384028912,-0.076570325,9.08794,3.900301,3
30784386407818,-0.076570325,9.078369,3.8907297,3
30784388786777,-0.1052842,9.08794,3.871587,3
30784391165683,-0.11485548,9.073584,3.8620157,3
30784393544641,-0.1052842,9.064013,3.871587,3
30784395923547,-0.13878371,9.078369,3.871587,3
30784398302506,-0.12921242,9.078369,3.8668015,3
30784400681464,-0.11485548,9.083155,3.8620157,3
30784403060370,-0.11485548,9.068798,3.842873,3
30784405439329,-0.12921242,9.083155,3.8524444,3
30784407818235,-0.124426775,9.068798,3.8668015,3
30784410197193,-0.12921242,9.073584,3.8620157,3
30784412576099,-0.11485548,9.078369,3.8524444,3
30784414955058,-0.09092726,9.073584,3.8668015,3
30784417333964,-0.09571291,9.08794,3.8620157,3
30784419712922,-0.09571291,9.068798,3.8572302,3
30784422091829,-0.08135597,9.059227,3.8811584,3
30784424470787,-0.05742774,9.073584,3.8524444,3
30784426849745,-0.047856454,9.068798,3.8668015,3
30784429228652,-0.06699903,9.064013,3.8524444,3
30784431607610,-0.0526421,9.083155,3.8668015,3
30784433986516,-0.023928227,9.078369,3.8668015,3
30784436365422,-0.0047856453,9.102298,3.8811584,3
30784438744381,-0.014356935,9.102298,3.8763726,3
30784441123339,-0.023928227,9.111869,3.8763726,3
30784443502245,-0.02871387,9.111869,3.8620157,3
30784445881204,-0.019142581,9.102298,3.8668015,3
30784448260162,-0.023928227,9.111869,3.8668015,3
30784450639068,-0.023928227,9.116654,3.8620157,3
30784453018027,-0.062213387,9.078369,3.8620157,3
30784455396933,-0.062213387,9.08794,3.8476589,3
30784457775891,-0.076570325,9.08794,3.8524444,3
30784460154797,-0.086141616,9.08794,3.8380876,3
30784462533756,-0.10049855,9.107083,3.8333018,3
30784464912662,-0.11485548,9.102298,3.8285162,3
30784467291620,-0.12921242,9.097511,3.8476589,3
30784469670579,-0.11485548,9.08794,3.8668015,3
30784472049485,-0.12921242,9.092726,3.8668015,3
30784474428443,-0.11485548,9.097511,3.8524444,3
30784476807349,-0.1052842,9.08794,3.8572302,3
30784479186308,-0.08135597,9.078369,3.871587,3
30784481565214,-0.0526421,9.064013,3.8620157,3
30784483944172,-0.0526421,9.064013,3.8572302,3
30784486323131,-0.009571291,9.068798,3.8524444,3
30784488702037,-0.014356935,9.059227,3.8620157,3
30784491080995,0.009571291,9.040084,3.8620157,3
30784493459902,0.023928227,9.0544405,3.842873,3
30784495838860,0.02871387,9.059227,3.8572302,3
30784498217766,0.014356935,9.049655,3.8620157,3
30784500596724,0.009571291,9.0544405,3.8476589,3
30784502975631,-0.023928227,9.044869,3.8572302,3
30784505354589,-0.019142581,9.0544405,3.8476589,3
30784507733547,-0.033499517,9.083155,3.842873,3
30784510112454,-0.076570325,9.073584,3.842873,3
30784512491412,-0.10049855,9.064013,3.8572302,3
30784514870318,-0.13399807,9.064013,3.8476589,3
30784517249277,-0.15314065,9.068798,3.8476589,3
30784519628183,-0.2105684,9.068798,3.8572302,3
30784522007141,-0.22013968,9.064013,3.8476589,3
30784524386047,-0.21535404,9.08794,3.8524444,3
30784526765006,-0.22013968,9.078369,3.8476589,3
30784529143964,-0.2105684,9.059227,3.8524444,3
30784531522870,-0.2009971,9.102298,3.8668015,3
30784533901829,-0.19142582,9.111869,3.871587,3
30784536280735,-0.17706887,9.092726,3.871587,3
30784538659693,-0.148355,9.107083,3.8763726,3
30784541038599,-0.10049855,9.092726,3.8668015,3
30784543417558,-0.07178468,9.102298,3.8476589,3
30784545796464,-0.047856454,9.12144,3.8524444,3
30784548175422,-0.014356935,9.107083,3.871587,3
30784550554329,0.0,9.102298,3.8572302,3
30784552933287,0.0,9.102298,3.8668015,3
30784555312245,0.0,9.083155,3.8668015,3
30784557691152,0.0047856453,9.078369,3.8668015,3
30784560070110,-0.023928227,9.08794,3.8620157,3
30784562449016,-0.07178468,9.092726,3.871587,3
30784564827974,-0.1052842,9.08794,3.871587,3
30784567206933,-0.11964113,9.08794,3.871587,3
30784569585839,-0.17228323,9.064013,3.8811584,3
30784571964797,-0.2009971,9.068798,3.8955152,3
30784574343704,-0.20578274,9.078369,3.8907297,3
30784576722662,-0.21535404,9.064013,3.8668015,3
30784579101516,-0.2440679,9.068798,3.8668015,3
30784581480474,-0.2632105,9.092726,3.8620157,3
30784583859433,-0.2536392,9.078369,3.8668015,3
30784586238391,-0.23449662,9.068798,3.8668015,3
30784588617349,-0.22971097,9.073584,3.8763726,3
30784590996256,-0.21535404,9.049655,3.8811584,3
30784593375162,-0.19621146,9.0544405,3.8811584,3
30784595754120,-0.17706887,9.030513,3.8476589,3
30784598133079,-0.16271193,9.030513,3.8572302,3
30784600511985,-0.13399807,9.044869,3.8572302,3
30784602890943,-0.10049855,9.030513,3.8811584,3
30784605269849,-0.08135597,9.025727,3.8763726,3
30784607648808,-0.08135597,9.025727,3.8811584,3
30784610027766,-0.09092726,9.020942,3.885944,3
30784612406672,-0.076570325,9.016156,3.885944,3
30784614785631,-0.1052842,9.035298,3.885944,3
30784617164537,-0.13878371,9.044869,3.885944,3
30784619543495,-0.13399807,9.0544405,3.900301,3
30784621922402,-0.2009971,9.068798,3.900301,3
30784624301360,-0.22971097,9.0544405,3.9050865,3
30784626680318,-0.26799613,9.064013,3.8907297,3
30784629059224,-0.29192436,9.102298,3.9098723,3
30784631438183,-0.3062813,9.078369,3.8907297,3
30784633817089,-0.33499518,9.092726,3.8955152,3
30784636196047,-0.31106696,9.064013,3.885944,3
30784638574954,-0.28235307,9.083155,3.9050865,3
30784640953912,-0.28235307,9.073584,3.9050865,3
30784643332818,-0.2632105,9.092726,3.9194436,3
30784645711777,-0.23449662,9.08794,3.9194436,3
30784648090735,-0.2105684,9.097511,3.9098723,3
30784650469641,-0.148355,9.083155,3.9146578,3
30784652848599,-0.12921242,9.078369,3.9098723,3
30784655227506,-0.1052842,9.073584,3.8955152,3
30784657606464,-0.07178468,9.08794,3.8955152,3
30784659985370,-0.06699903,9.073584,3.9098723,3
30784662364329,-0.062213387,9.059227,3.9098723,3
30784664743287,-0.07178468,9.064013,3.900301,3
30784667122193,-0.07178468,9.064013,3.900301,3
30784669501152,-0.10049855,9.059227,3.885944,3
30784671880058,-0.11964113,9.035298,3.900301,3
30784674259016,-0.16271193,9.035298,3.9050865,3
30784676637922,-0.2009971,9.044869,3.9194436,3
30784679016881,-0.23449662,9.044869,3.9242291,3
30784681395787,-0.27756742,9.064013,3.9290147,3
30784683774745,-0.33499518,9.0544405,3.900301,3
30784686153704,-0.33499518,9.049655,3.8955152,3
30784688532610,-0.32063824,9.068798,3.8955152,3
30784690911568,-0.31585258,9.059227,3.9098723,3
30784693290474,-0.31106696,9.059227,3.9050865,3
30784695669433,-0.3062813,9.0544405,3.9146578,3
30784698048339,-0.28235307,9.049655,3.9050865,3
30784700427297,-0.2632105,9.040084,3.885944,3
30784702806204,-0.2105684,9.035298,3.8907297,3
30784705185162,-0.15314065,9.025727,3.8955152,3
30784707564120,-0.148355,9.0544405,3.9290147,3
30784709943027,-0.09092726,9.030513,3.9098723,3
30784712321985,-0.086141616,9.030513,3.9242291,3
30784714700891,-0.0526421,9.016156,3.9146578,3
30784717079849,-0.038285162,9.049655,3.9146578,3
30784719458756,-0.02871387,9.0544405,3.9290147,3
30784721837714,-0.019142581,9.059227,3.9338005,3
30784724216672,-0.02871387,9.040084,3.9290147,3
30784726595579,-0.047856454,9.030513,3.9481573,3
30784728974537,-0.086141616,9.044869,3.938586,3
30784731353443,-0.11964113,9.030513,3.9194436,3
30784733732402,-0.16749759,9.025727,3.9338005,3
30784736111308,-0.17706887,9.025727,3.9433718,3
30784738490266,-0.19621146,9.020942,3.938586,3
30784740869172,-0.22492532,9.040084,3.9577286,3
30784743248131,-0.24885355,9.040084,3.938586,3
30784745627089,-0.2632105,9.040084,3.938586,3
30784748005995,-0.22492532,9.0544405,3.9194436,3
30784750384954,-0.2105684,9.035298,3.9194436,3
30784752763860,-0.17706887,9.049655,3.9481573,3
30784755142818,-0.14356937,9.044869,3.9481573,3
30784757521724,-0.148355,9.040084,3.9481573,3
30784759900683,-0.11006984,9.049655,3.952943,3
30784762279641,-0.09092726,9.064013,3.9673,3
30784764658547,-0.038285162,9.0544405,3.9625144,3
30784767037506,-0.033499517,9.049655,3.9673,3
30784769416412,0.014356935,9.035298,3.9625144,3
30784771795370,0.0526421,9.044869,3.9816568,3
30784774174277,0.062213387,9.040084,3.9864426,3
30784776553235,0.062213387,9.025727,3.9816568,3
30784778932141,0.047856454,9.049655,3.9720855,3
30784781311099,0.05742774,9.020942,3.9768713,3
30784783690058,0.02871387,9.01137,3.9768713,3
30784786068964,0.009571291,9.020942,3.991228,3
30784788447922,-0.009571291,9.020942,4.0007997,3
30784790826829,-0.038285162,9.035298,4.0007997,3
30784793205787,-0.05742774,9.016156,3.9816568,3
30784795584693,-0.09571291,9.016156,4.0007997,3
30784797963652,-0.14356937,9.030513,4.0103707,3
30784800342610,-0.13878371,9.006584,4.0103707,3
30784802721516,-0.15314065,9.020942,3.9960139,3
30784805100474,-0.18664017,9.030513,4.005585,3
30784807479381,-0.23449662,9.01137,3.991228,3
30784809858339,-0.22013968,9.006584,4.0007997,3
30784812237245,-0.19142582,9.016156,3.991228,3
30784814616204,-0.17706887,9.020942,4.019942,3
30784816995162,-0.15792629,9.020942,4.0103707,3
30784819374068,-0.18664017,9.020942,3.9864426,3
30784821753027,-0.17228323,9.020942,3.9768713,3
30784824131933,-0.13878371,9.01137,3.991228,3
30784826510891,-0.13399807,9.016156,3.9768713,3
30784828889797,-0.11485548,8.992228,4.0007997,3
30784831268756,-0.09092726,8.992228,3.9864426,3
30784833647662,-0.08135597,8.997013,3.9768713,3
30784836026620,-0.09092726,8.987442,3.9816568,3
30784838405579,-0.11006984,8.997013,3.9864426,3
30784840784485,-0.11485548,9.006584,3.9960139,3
30784843163443,-0.13399807,8.997013,3.9960139,3
30784845542349,-0.12921242,9.001799,3.9816568,3
30784847921308,-0.16271193,8.987442,4.005585,3
30784850300214,-0.18664017,8.9826565,3.9960139,3
30784852679172,-0.2105684,8.992228,4.0007997,3
30784855058079,-0.23928227,8.9826565,3.9768713,3
30784857437037,-0.2727818,9.006584,3.9673,3
30784859815995,-0.28713873,9.001799,3.9673,3
30784862194902,-0.27756742,9.025727,3.9673,3
30784864573860,-0.2727818,9.01137,3.9768713,3
30784866952766,-0.29192436,9.016156,3.9768713,3
30784869331724,-0.25842485,9.01137,3.9768713,3
30784871710631,-0.2632105,9.006584,3.9625144,3
30784874089589,-0.24885355,9.020942,3.9673,3
30784876468547,-0.2105684,9.030513,3.9768713,3
30784878847454,-0.18185452,9.030513,3.9768713,3
30784881226412,-0.17228323,9.030513,3.9673,3
30784883605318,-0.16749759,9.035298,3.9673,3
30784885984277,-0.17706887,9.030513,3.952943,3
30784888363183,-0.18185452,9.020942,3.952943,3
30784890742141,-0.2105684,9.016156,3.9433718,3
30784893121047,-0.19142582,9.016156,3.9338005,3
30784895500006,-0.2009971,9.025727,3.9481573,3
30784897878964,-0.21535404,8.997013,3.9338005,3
30784900257870,-0.2632105,8.997013,3.9481573,3
30784902636829,-0.29192436,9.020942,3.9433718,3
30784905015735,-0.31106696,9.016156,3.9433718,3
30784907394693,-0.3589234,9.016156,3.9290147,3
30784909773652,-0.4019942,9.016156,3.9146578,3
30784912152558,-0.40677986,9.020942,3.9146578,3
30784914531516,-0.4354937,9.001799,3.938586,3
30784916910422,-0.44027936,8.992228,3.952943,3
30784919289381,-0.4546363,8.992228,3.9433718,3
30784921668287,-0.4642076,8.987442,3.9194436,3
30784924047245,-0.4642076,9.020942,3.9290147,3
30784926426152,-0.44985065,9.006584,3.9290147,3
30784928805110,-0.44506502,9.01137,3.9098723,3
30784931184068,-0.41156548,9.016156,3.9050865,3
30784933562974,-0.41635114,9.020942,3.9098723,3
30784935941933,-0.3684947,9.030513,3.9098723,3
30784938320839,-0.33499518,8.997013,3.8907297,3
30784940699797,-0.3062813,9.001799,3.900301,3
30784943078704,-0.26799613,9.030513,3.900301,3
30784945457662,-0.3062813,9.040084,3.9146578,3
30784947836620,-0.27756742,9.035298,3.9050865,3
30784950215527,-0.2632105,9.030513,3.8955152,3
30784952594485,-0.27756742,9.059227,3.9098723,3
30784954973391,-0.29192436,9.035298,3.9194436,3
30784957352349,-0.3062813,9.059227,3.9098723,3
30784959731256,-0.34456646,9.064013,3.900301,3
30784962110214,-0.3589234,9.049655,3.9098723,3
30784964489172,-0.3684947,9.030513,3.9098723,3
30784966868079,-0.4019942,9.030513,3.9050865,3
30784969247037,-0.4211368,9.030513,3.9050865,3
30784971625943,-0.45942193,9.044869,3.9098723,3
30784974004902,-0.44985065,9.040084,3.9338005,3
30784976383808,-0.44985065,9.064013,3.9290147,3
30784978762766,-0.46899325,9.068798,3.9146578,3
30784981141672,-0.4546363,9.073584,3.9098723,3
30784983520631,-0.44506502,9.059227,3.900301,3
30784985899537,-0.45942193,9.059227,3.9050865,3
30784988278495,-0.44985065,9.064013,3.9098723,3
30784990657454,-0.41635114,9.059227,3.9098723,3
30784993036360,-0.4019942,9.059227,3.9050865,3
30784995415318,-0.38763726,9.064013,3.9194436,3
30784997794224,-0.3589234,9.0544405,3.9290147,3
30785000173183,-0.3684947,9.044869,3.9242291,3
30785002552141,-0.36370903,9.068798,3.9290147,3
30785004931047,-0.33499518,9.049655,3.9146578,3
30785007310006,-0.3493521,9.016156,3.9146578,3
30785009688912,-0.35413775,9.016156,3.9050865,3
30785012067870,-0.37328035,9.016156,3.9194436,3
30785014446724,-0.38285163,9.030513,3.9050865,3
30785016825735,-0.4019942,9.049655,3.9098723,3
30785019204693,-0.38763726,9.035298,3.9242291,3
30785021583599,-0.4019942,9.035298,3.938586,3
30785023962558,-0.4354937,9.040084,3.9242291,3
30785026341464,-0.45942193,9.030513,3.9146578,3
30785028720422,-0.47856453,9.040084,3.9290147,3
30785031099329,-0.45942193,9.016156,3.9242291,3
30785033478287,-0.45942193,9.01137,3.9433718,3
30785035857193,-0.45942193,9.020942,3.938586,3
30785038236152,-0.4642076,9.035298,3.9146578,3
30785040615110,-0.45942193,9.020942,3.9146578,3
30785042994016,-0.4546363,9.016156,3.9290147,3
30785045372974,-0.44027936,9.020942,3.9242291,3
30785047751881,-0.42592242,9.025727,3.938586,3
30785050130839,-0.41156548,9.016156,3.9338005,3
30785052509745,-0.4211368,9.025727,3.9290147,3
30785054888704,-0.39720857,9.016156,3.9146578,3
30785057267662,-0.41156548,9.035298,3.9290147,3
30785059646568,-0.41635114,9.025727,3.9098723,3
30785062025527,-0.3924229,9.006584,3.9290147,3
30785064404433,-0.43070808,9.001799,3.9242291,3
30785066783391,-0.46899325,9.001799,3.9290147,3
30785069162297,-0.53599226,9.016156,3.9194436,3
30785071541256,-0.526421,9.016156,3.9194436,3
30785073920162,-0.55034924,9.040084,3.9338005,3
30785076299120,-0.5838487,9.001799,3.9194436,3
30785078678079,-0.63170516,8.992228,3.938586,3
30785081056985,-0.6652047,8.9826565,3.938586,3
30785083435943,-0.6939186,8.987442,3.9625144,3
30785085814849,-0.6987042,9.020942,3.9720855,3
30785088193808,-0.72741807,9.020942,3.952943,3
30785090572714,-0.7513463,9.035298,3.9433718,3
30785092951672,-0.75613195,9.030513,3.9338005,3
30785095330631,-0.7704889,9.030513,3.9242291,3
30785097709537,-0.79441714,9.025727,3.9242291,3
30785100088495,-0.80877405,9.035298,3.9290147,3
30785102467402,-0.8279166,9.025727,3.9242291,3
30785104846360,-0.8422736,8.987442,3.9338005,3
30785107225266,-0.85184485,8.997013,3.9194436,3
30785109604224,-0.85184485,8.997013,3.9194436,3
30785111983183,-0.86141616,8.992228,3.9242291,3
30785114362089,-0.8853444,9.025727,3.9098723,3
30785116741047,-0.8853444,9.001799,3.9146578,3
30785119119954,-0.9092726,8.997013,3.9242291,3
30785121498912,-0.91884387,9.01137,3.9146578,3
30785123877818,-0.94277215,9.025727,3.9050865,3
30785126256777,-0.95712906,9.016156,3.900301,3
30785128635735,-0.9523434,9.006584,3.8907297,3
30785131014641,-0.9954142,9.035298,3.9050865,3
30785133393599,-1.0145568,9.044869,3.9146578,3
30785135772506,-1.0432707,9.035298,3.9050865,3
30785138151464,-1.038485,9.016156,3.8955152,3
30785140530370,-1.0719845,9.016156,3.900301,3
30785142909329,-1.0815558,9.044869,3.900301,3
30785145288287,-1.1150553,9.040084,3.9050865,3
30785147667141,-1.119841,9.030513,3.9098723,3
30785150046152,-1.1102697,9.025727,3.9146578,3
30785152425058,-1.1294123,9.035298,3.8955152,3
30785154804016,-1.1533405,9.044869,3.8907297,3
30785157182922,-1.1294123,9.049655,3.8955152,3
30785159561881,-1.1581261,9.049655,3.9050865,3
30785161940839,-1.1437693,9.068798,3.8907297,3
30785164319745,-1.105484,9.064013,3.885944,3
30785166698704,-1.134198,9.059227,3.8955152,3
30785169077610,-1.134198,9.040084,3.900301,3
30785171456568,-1.119841,9.035298,3.871587,3
30785173835474,-1.134198,9.030513,3.8620157,3
30785176214433,-1.1629118,9.049655,3.8763726,3
30785178593339,-1.1772687,9.049655,3.885944,3
30785180972297,-1.1964114,9.040084,3.8955152,3
30785183351256,-1.2155539,9.030513,3.900301,3
30785185730162,-1.2490535,9.040084,3.8811584,3
30785188109120,-1.2346965,9.0544405,3.885944,3
30785190488027,-1.2203395,9.068798,3.900301,3
30785192866985,-1.18684,9.030513,3.8955152,3
30785195245891,-1.1676974,9.035298,3.885944,3
30785197624849,-1.1676974,9.040084,3.8668015,3
30785200003756,-1.1581261,9.025727,3.871587,3
30785202382714,-1.1581261,9.025727,3.8668015,3
30785204761672,-1.1581261,9.030513,3.8620157,3
30785207140579,-1.1629118,9.001799,3.871587,3
30785209519537,-1.119841,8.997013,3.8668015,3
30785211898391,-1.0959128,8.997013,3.8668015,3
30785214277402,-1.0911272,9.006584,3.8620157,3
30785216656360,-1.0815558,9.020942,3.8572302,3
30785219035266,-1.0863415,9.020942,3.8668015,3
30785221414224,-1.0671989,9.016156,3.8763726,3
30785223793131,-1.0815558,9.020942,3.8907297,3
30785226172089,-1.0863415,9.01137,3.8907297,3
30785228550995,-1.1150553,9.025727,3.8763726,3
30785230929954,-1.1246266,9.030513,3.8668015,3
30785233308860,-1.1246266,9.049655,3.871587,3
30785235687818,-1.134198,9.049655,3.8811584,3
30785238066777,-1.134198,9.035298,3.8955152,3
30785240445683,-1.1629118,9.049655,3.8955152,3
30785242824641,-1.1581261,9.064013,3.900301,3
30785245203547,-1.134198,9.0544405,3.8811584,3
30785247582506,-1.134198,9.0544405,3.8763726,3
30785249961464,-1.1294123,9.030513,3.8811584,3
30785252340370,-1.0911272,9.0544405,3.8907297,3
30785254719329,-1.0480564,9.068798,3.8955152,3
30785257098235,-1.0241281,9.059227,3.8907297,3
30785259477141,-1.0097711,9.0544405,3.8811584,3
30785261856099,-0.9667004,9.049655,3.900301,3
30785264235058,-0.9619147,9.020942,3.8907297,3
30785266613964,-0.95712906,9.025727,3.8763726,3
30785268992922,-0.98584294,9.035298,3.8811584,3
30785271371829,-0.9810573,9.044869,3.8811584,3
30785273750787,-0.9954142,9.020942,3.8907297,3
30785276129745,-1.0001999,9.020942,3.900301,3
30785278508652,-1.0145568,9.030513,3.900301,3
30785280887610,-1.0432707,9.035298,3.8955152,3
30785283266516,-1.0719845,9.049655,3.8811584,3
30785285645474,-1.0815558,9.059227,3.871587,3
30785288024433,-1.119841,9.064013,3.885944,3
30785290403339,-1.1102697,9.044869,3.8955152,3
30785292782297,-1.1102697,9.064013,3.9242291,3
30785295161204,-1.1102697,9.044869,3.9242291,3
30785297540162,-1.0815558,9.040084,3.9098723,3
30785299919120,-1.0911272,9.020942,3.9290147,3
30785302298027,-1.0815558,9.025727,3.8955152,3
30785304676985,-1.0671989,9.025727,3.8955152,3
30785307055891,-1.0336994,9.044869,3.9050865,3
30785309434849,-0.9954142,9.049655,3.900301,3
30785311813756,-0.9762716,9.044869,3.8907297,3
30785314192714,-0.9810573,9.049655,3.8907297,3
30785316571620,-0.9284152,9.0544405,3.8907297,3
30785318950579,-0.91884387,9.044869,3.8907297,3
30785321329537,-0.91405827,9.020942,3.8811584,3
30785323708443,-0.8997013,9.020942,3.9098723,3
30785326087402,-0.8997013,9.035298,3.9242291,3
30785328466308,-0.9236295,9.030513,3.9146578,3
30785330845266,-0.9236295,9.006584,3.9146578,3
30785333224172,-0.9284152,9.035298,3.9290147,3
30785335603131,-0.9619147,9.030513,3.9146578,3
30785337982089,-1.0049855,9.040084,3.9290147,3
30785340360995,-1.0336994,9.044869,3.9338005,3
30785342739954,-1.0480564,9.020942,3.9242291,3
30785345118860,-1.0432707,9.030513,3.9194436,3
30785347497818,-1.0767702,8.992228,3.9098723,3
30785349876777,-1.105484,8.997013,3.9098723,3
30785352255683,-1.0959128,9.01137,3.9098723,3
30785354634589,-1.0815558,9.025727,3.9290147,3
30785357013547,-1.0911272,9.025727,3.9194436,3
30785359392506,-1.1006985,9.035298,3.9290147,3
30785361771412,-1.0863415,9.035298,3.9194436,3
30785364150370,-1.0576276,9.044869,3.9194436,3
30785366529277,-1.0289137,9.035298,3.9290147,3
30785368908235,-1.0049855,9.030513,3.938586,3
30785371287193,-0.9667004,9.020942,3.9242291,3
30785373666099,-0.94755775,9.020942,3.9050865,3
30785376045058,-0.94277215,9.01137,3.9146578,3
30785378423964,-0.9284152,9.01137,3.938586,3
30785380802922,-0.9284152,9.025727,3.9194436,3
30785383181829,-0.93320084,9.01137,3.9098723,3
30785385560787,-0.91884387,9.016156,3.9098723,3
30785387939693,-0.91884387,8.992228,3.9194436,3
30785390318652,-0.9523434,8.987442,3.938586,3
30785392697610,-0.9762716,9.006584,3.938586,3
30785395076516,-0.9762716,8.997013,3.9146578,3
30785397455474,-1.0001999,8.992228,3.9146578,3
30785399834381,-1.0001999,8.992228,3.9242291,3
30785402213339,-1.0193424,8.997013,3.9242291,3
30785404592297,-1.0289137,9.016156,3.9481573,3
30785406971204,-1.0336994,9.049655,3.938586,3
30785409350162,-1.0289137,9.040084,3.9290147,3
30785411729068,-1.0097711,9.020942,3.9338005,3
30785414108027,-1.0241281,9.030513,3.9433718,3
30785416486933,-1.0241281,9.035298,3.9290147,3
30785418865839,-1.0049855,9.025727,3.9194436,3
30785421244849,-0.9667004,9.025727,3.9338005,3
30785423623756,-0.9523434,9.030513,3.9290147,3
30785426002714,-0.9523434,9.035298,3.9338005,3
30785428381620,-0.89013004,9.040084,3.9625144,3
30785430760579,-0.85184485,9.01137,3.9577286,3
30785433139485,-0.82313097,9.020942,3.952943,3
30785435518443,-0.8422736,9.020942,3.938586,3
30785437897349,-0.83748794,9.025727,3.952943,3
30785440276308,-0.8279166,9.030513,3.9625144,3
30785442655266,-0.8422736,9.020942,3.9481573,3
30785445034172,-0.85184485,9.030513,3.938586,3
30785447413131,-0.86141616,9.016156,3.9481573,3
30785449792037,-0.8757731,8.997013,3.9481573,3
30785452170995,-0.8805587,8.992228,3.9577286,3
30785454549954,-0.8757731,9.016156,3.9720855,3
30785456928860,-0.8709874,9.006584,3.9577286,3
30785459307818,-0.8805587,9.020942,3.952943,3
30785461686724,-0.8853444,9.016156,3.9577286,3
30785464065683,-0.89491564,9.020942,3.9720855,3
30785466444589,-0.8709874,9.01137,3.9673,3
30785468823547,-0.86141616,9.006584,3.9720855,3
30785471202506,-0.85184485,8.992228,3.9577286,3
30785473581412,-0.8327023,8.997013,3.9625144,3
30785475960370,-0.8135597,9.006584,3.9768713,3
30785478339277,-0.8135597,9.016156,3.9816568,3
30785480718235,-0.79441714,8.997013,3.952943,3
30785483097141,-0.7800602,8.987442,3.9673,3
30785485476047,-0.7465607,8.997013,3.9673,3
30785487855006,-0.7369894,9.01137,3.9673,3
30785490233964,-0.7082755,8.997013,3.9577286,3
30785492612922,-0.6891329,8.997013,3.952943,3
30785494991829,-0.7082755,9.001799,3.9625144,3
30785497370787,-0.6891329,9.006584,3.9720855,3
30785499749693,-0.6891329,9.016156,3.9720855,3
30785502128652,-0.6891329,9.01137,3.9768713,3
30785504507610,-0.6795616,8.992228,3.991228,3
30785506886516,-0.67477596,8.997013,3.991228,3
30785509265474,-0.6843473,8.987442,3.9816568,3
30785511644381,-0.6939186,8.997013,3.991228,3
30785514023339,-0.6939186,8.992228,3.9960139,3
30785516402245,-0.70348984,8.9826565,3.991228,3
30785518781204,-0.6987042,8.992228,3.9768713,3
30785521160110,-0.70348984,9.001799,3.9816568,3
30785523539068,-0.6939186,9.006584,3.9816568,3
30785525918027,-0.66041905,9.016156,3.991228,3
30785528296933,-0.6843473,9.01137,3.9864426,3
30785530675891,-0.6795616,9.01137,3.9960139,3
30785533054797,-0.6843473,8.997013,4.0007997,3
30785535433704,-0.66041905,8.997013,3.9768713,3
30785537812662,-0.66041905,8.987442,3.9625144,3
30785540191620,-0.6556334,9.001799,3.9816568,3
30785542570579,-0.6269195,8.9826565,3.9864426,3
30785544949485,-0.6125626,8.997013,3.9864426,3
30785547328443,-0.5982057,9.006584,3.991228,3
30785549707349,-0.57906306,9.001799,4.0103707,3
30785552086308,-0.5838487,8.977871,3.991228,3
30785554465266,-0.57906306,8.987442,4.0103707,3
30785556844172,-0.55034924,8.992228,4.0103707,3
30785559223131,-0.526421,8.997013,3.9864426,3
30785561602037,-0.526421,9.030513,3.9816568,3
30785563980995,-0.5455636,9.001799,3.9864426,3
30785566359902,-0.55034924,8.992228,4.0007997,3
30785568738860,-0.5312066,8.9826565,3.9768713,3
30785571117766,-0.5168497,9.001799,3.9960139,3
30785573496724,-0.52163535,9.006584,3.9960139,3
30785575875683,-0.5312066,9.020942,3.9816568,3
30785578254589,-0.53599226,9.030513,3.9720855,3
30785580633547,-0.5407779,9.0544405,3.9290147,3
30785583012402,-0.55034924,9.030513,3.938586,3
30785585391412,-0.5455636,9.030513,3.9433718,3
30785587770370,-0.5599205,9.030513,3.9433718,3
30785590149277,-0.5455636,9.020942,3.9481573,3
30785592528235,-0.52163535,9.020942,3.9481573,3
30785594907141,-0.5407779,9.020942,3.9290147,3
30785597286099,-0.53599226,9.016156,3.9194436,3
30785599665006,-0.5168497,9.016156,3.9098723,3
30785602043964,-0.4977071,9.01137,3.9050865,3
30785604422922,-0.5072784,9.020942,3.9098723,3
30785606801829,-0.44027936,9.020942,3.9146578,3
30785609180787,-0.44027936,9.020942,3.900301,3
30785611559693,-0.4211368,9.035298,3.8811584,3
30785613938652,-0.43070808,9.044869,3.885944,3
30785616317558,-0.44027936,9.049655,3.8572302,3
30785618696516,-0.41156548,9.040084,3.842873,3
30785621075474,-0.40677986,9.064013,3.8572302,3
30785623454381,-0.4019942,9.0544405,3.8572302,3
30785625833339,-0.4211368,9.064013,3.8572302,3
30785628212245,-0.41156548,9.035298,3.8572302,3
30785630591204,-0.44506502,9.025727,3.8333018,3
30785632970110,-0.44027936,9.0544405,3.8380876,3
30785635349068,-0.44985065,9.059227,3.8285162,3
30785637728027,-0.45942193,9.083155,3.8333018,3
30785640106933,-0.45942193,9.08794,3.818945,3
30785642485891,-0.44027936,9.107083,3.8333018,3
30785644864797,-0.44985065,9.092726,3.842873,3
30785647243756,-0.44506502,9.102298,3.8524444,3
30785649622662,-0.44506502,9.102298,3.871587,3
30785652001620,-0.44027936,9.097511,3.8620157,3
30785654380579,-0.41635114,9.092726,3.8811584,3
30785656759485,-0.37806597,9.092726,3.885944,3
30785659138443,-0.37328035,9.078369,3.885944,3
30785661517349,-0.3684947,9.059227,3.8811584,3
30785663896308,-0.33499518,9.059227,3.8763726,3
30785666275214,-0.33499518,9.049655,3.871587,3
30785668654172,-0.31106696,9.064013,3.871587,3
30785671033131,-0.29671,9.064013,3.8524444,3
30785673412037,-0.27756742,9.078369,3.8476589,3
30785675790995,-0.28235307,9.068798,3.8380876,3
30785678169902,-0.30149564,9.059227,3.8380876,3
30785680548860,-0.3062813,9.040084,3.8524444,3
30785682927766,-0.33020952,9.030513,3.8668015,3
30785685306724,-0.3589234,9.040084,3.8668015,3
30785687685683,-0.37328035,9.059227,3.8476589,3
30785690064589,-0.37806597,9.073584,3.8333018,3
30785692443547,-0.4211368,9.0544405,3.8476589,3
30785694822454,-0.44027936,9.064013,3.8763726,3
30785697201412,-0.45942193,9.044869,3.8811584,3
30785699580318,-0.4833502,9.035298,3.8907297,3
30785701959277,-0.5072784,9.030513,3.871587,3
30785704338235,-0.51206404,9.049655,3.8620157,3
30785706717141,-0.53599226,9.068798,3.8620157,3
30785709096099,-0.5168497,9.078369,3.871587,3
30785711475006,-0.5024927,9.078369,3.885944,3
30785713853964,-0.5168497,9.092726,3.900301,3
30785716232870,-0.4881358,9.064013,3.9050865,3
30785718611829,-0.45942193,9.064013,3.8907297,3
30785720990787,-0.44506502,9.068798,3.8763726,3
30785723369693,-0.44027936,9.068798,3.871587,3
30785725748652,-0.42592242,9.078369,3.8907297,3
30785728127558,-0.40677986,9.059227,3.8955152,3
30785730506516,-0.40677986,9.068798,3.9050865,3
30785732885422,-0.38763726,9.044869,3.9242291,3
30785735264381,-0.3684947,9.035298,3.9050865,3
30785737643339,-0.37806597,9.035298,3.8955152,3
30785740022245,-0.4019942,9.035298,3.871587,3
30785742401152,-0.4211368,9.044869,3.8620157,3
30785744780110,-0.44506502,9.064013,3.8763726,3
30785747159068,-0.44506502,9.040084,3.900301,3
30785749537974,-0.45942193,9.025727,3.9194436,3
30785751916933,-0.5072784,9.044869,3.9146578,3
30785754295891,-0.526421,9.030513,3.9146578,3
30785756674797,-0.52163535,9.030513,3.9098723,3
30785759053756,-0.55034924,9.044869,3.9050865,3
30785761432662,-0.5407779,9.044869,3.9146578,3
30785763811620,-0.55034924,9.040084,3.9290147,3
30785766190527,-0.55513483,9.030513,3.938586,3
30785768569485,-0.56470615,9.006584,3.938586,3
30785770948443,-0.55034924,9.01137,3.9768713,3
30785773327349,-0.55034924,9.025727,3.9673,3
30785775706308,-0.5407779,9.016156,3.938586,3
30785778085214,-0.5407779,9.040084,3.9146578,3
30785780464172,-0.5312066,9.025727,3.900301,3
30785782843079,-0.5024927,9.035298,3.9146578,3
30785785222037,-0.4977071,9.044869,3.9242291,3
30785787600995,-0.49292147,9.073584,3.900301,3
30785789979902,-0.4546363,9.078369,3.8763726,3
30785792358860,-0.44506502,9.064013,3.8620157,3
30785794737766,-0.42592242,9.073584,3.8572302,3
30785797116724,-0.4019942,9.092726,3.885944,3
30785799495683,-0.3924229,9.078369,3.9098723,3
30785801874589,-0.40677986,9.064013,3.9098723,3
30785804253547,-0.4019942,9.078369,3.9146578,3
30785806632454,-0.39720857,9.059227,3.9194436,3
30785809011412,-0.37328035,9.0544405,3.9242291,3
30785811390318,-0.4019942,9.035298,3.9098723,3
30785813769277,-0.40677986,9.030513,3.9146578,3
30785816148235,-0.4019942,9.040084,3.9338005,3
30785818527141,-0.42592242,9.035298,3.9338005,3
30785820906099,-0.3924229,9.040084,3.9433718,3
30785823285006,-0.38285163,9.035298,3.9433718,3
30785825663964,-0.38285163,9.0544405,3.9098723,3
30785828042870,-0.38763726,9.0544405,3.9146578,3
30785830421829,-0.3924229,9.078369,3.9146578,3
30785832800735,-0.3493521,9.092726,3.900301,3
30785835179693,-0.3589234,9.078369,3.900301,3
30785837558652,-0.3589234,9.064013,3.9050865,3
30785839937558,-0.3589234,9.040084,3.9242291,3
30785842316516,-0.35413775,9.0544405,3.9194436,3
30785844695422,-0.32063824,9.044869,3.9338005,3
30785847074381,-0.31106696,9.044869,3.9481573,3
30785849453339,-0.30149564,9.020942,3.9290147,3
30785851832245,-0.30149564,9.006584,3.9338005,3
30785854211204,-0.28235307,9.016156,3.9290147,3
30785856590110,-0.27756742,9.01137,3.9481573,3
30785858969068,-0.2632105,9.01137,3.9338005,3
30785861347974,-0.2632105,9.020942,3.952943,3
30785863726933,-0.22971097,9.040084,3.9481573,3
30785866105891,-0.22492532,9.044869,3.900301,3
30785868484797,-0.2536392,9.040084,3.8763726,3
30785870863756,-0.24885355,9.030513,3.9050865,3
30785873242662,-0.2440679,9.044869,3.9194436,3
30785875621620,-0.22971097,9.064013,3.9050865,3
30785878000527,-0.23928227,9.068798,3.9146578,3
30785880379485,-0.22492532,9.083155,3.9242291,3
30785882758443,-0.19621146,9.059227,3.952943,3
30785885137349,-0.2009971,9.006584,3.9481573,3
30785887516308,-0.18185452,9.049655,3.9625144,3
30785889895214,-0.16749759,9.0544405,3.9816568,3
30785892274172,-0.17228323,9.064013,3.9864426,3
30785894653079,-0.15314065,9.064013,3.9625144,3
30785897032037,-0.13399807,9.083155,3.9720855,3
30785899410995,-0.13399807,9.073584,4.0103707,3
30785901789902,-0.17706887,9.068798,4.0103707,3
30785904168860,-0.17228323,9.068798,4.0007997,3
30785906547766,-0.16271193,9.040084,4.0007997,3
30785908926724,-0.11006984,9.030513,4.0007997,3
30785911305683,-0.08135597,9.016156,3.991228,3
30785913684589,-0.0047856453,9.020942,3.9673,3
30785916063547,0.06699903,9.001799,3.9577286,3
30785918442454,0.13399807,8.958728,4.0007997,3
30785920821412,0.22971097,8.953942,4.048656,3
30785923200318,0.31106696,8.963513,4.048656,3
30785925579277,0.3397808,8.973084,3.9720855,3
30785927958235,0.33499518,9.001799,3.8907297,3
30785930337089,0.32063824,9.030513,3.8811584,3
30785932716099,0.29671,9.025727,3.900301,3
30785935095006,0.2440679,9.035298,3.9098723,3
30785937473964,0.2105684,8.987442,3.938586,3
30785939852870,0.15792629,9.01137,3.9768713,3
30785942231829,0.124426775,8.963513,3.9673,3
30785944610787,0.086141616,8.973084,3.9625144,3
30785946989693,0.124426775,8.977871,3.9242291,3
30785949368652,0.1052842,8.997013,3.9338005,3
30785951747558,0.10049855,8.992228,3.9481573,3
30785954126516,0.09571291,9.025727,4.0103707,3
30785956505422,0.1052842,9.035298,4.0295134,3
30785958884381,0.1052842,9.035298,4.019942,3
30785961263339,0.13399807,9.040084,3.9864426,3
30785963642245,0.148355,9.049655,3.9768713,3
30785966021204,0.18664017,9.025727,3.9625144,3
30785968400110,0.2105684,9.0544405,3.9864426,3
30785970779068,0.25842485,9.0544405,4.0007997,3
30785973157974,0.31106696,9.078369,4.005585,3
30785975536933,0.37806597,9.064013,4.0007997,3
30785977915891,0.41156548,9.044869,3.9864426,3
30785980294797,0.44985065,9.049655,3.9577286,3
30785982673756,0.46899325,9.059227,3.952943,3
30785985052662,0.4881358,9.016156,3.9433718,3
30785987431620,0.4642076,9.040084,3.9673,3
30785989810579,0.4546363,9.025727,3.9768713,3
30785992189485,0.41635114,9.035298,3.9673,3
30785994568443,0.3924229,9.044869,3.9481573,3
30785996947349,0.3493521,9.0544405,3.9098723,3
30785999326308,0.3062813,9.073584,3.900301,3
30786001705214,0.27756742,9.064013,3.8763726,3
30786004084172,0.23928227,9.083155,3.8668015,3
30786006463131,0.21535404,9.064013,3.871587,3
30786008842037,0.20578274,9.044869,3.8907297,3
30786011220995,0.22013968,9.044869,3.9098723,3
30786013599849,0.22971097,9.030513,3.9194436,3
30786015978860,0.24885355,9.030513,3.9338005,3
30786018357766,0.26799613,9.049655,3.9433718,3
30786020736724,0.31585258,9.030513,3.9481573,3
30786023115683,0.38763726,9.016156,3.9673,3
30786025494589,0.4211368,9.049655,3.9960139,3
30786027873547,0.46899325,9.020942,3.9816568,3
30786030252454,0.4881358,9.01137,3.9864426,3
30786032631412,0.5168497,9.016156,3.9768713,3
30786035010370,0.5599205,9.030513,3.9577286,3
30786037389277,0.60777694,9.030513,3.9625144,3
30786039768235,0.6269195,9.016156,3.9673,3
30786042147141,0.6364908,9.035298,3.9673,3
30786044526099,0.6412765,9.049655,3.9625144,3
30786046905006,0.6364908,9.049655,3.9864426,3
30786049283964,0.6221339,9.040084,3.9720855,3
30786051662922,0.5886344,9.01137,3.9577286,3
30786054041829,0.55513483,9.030513,3.952943,3
30786056420787,0.49292147,9.006584,3.9625144,3
30786058799693,0.4354937,9.006584,3.9960139,3
30786061178652,0.38763726,8.997013,3.9625144,3
30786063557558,0.3493521,8.992228,3.9720855,3
30786065936516,0.30149564,8.987442,3.952943,3
30786068315474,0.2440679,9.01137,3.9481573,3
30786070694381,0.2105684,9.025727,3.9625144,3
30786073073287,0.2105684,9.025727,3.9577286,3
30786075452245,0.19142582,9.044869,3.9290147,3
30786077831204,0.19142582,9.044869,3.9290147,3
30786080210110,0.20578274,9.049655,3.9338005,3
30786082589068,0.22013968,9.068798,3.9433718,3
30786084968027,0.23449662,9.059227,3.938586,3
30786087346933,0.28713873,9.073584,3.938586,3
30786089725891,0.31585258,9.083155,3.952943,3
30786092104797,0.33020952,9.078369,3.9625144,3
30786094483756,0.34456646,9.0544405,3.952943,3
30786096862662,0.34456646,9.040084,3.9481573,3
30786099241620,0.35413775,9.068798,3.952943,3
30786101620579,0.3589234,9.064013,3.9816568,3
30786103999485,0.34456646,9.035298,3.9816568,3
30786106378443,0.31106696,9.030513,3.991228,3
30786108757349,0.29671,9.025727,3.9768713,3
30786111136308,0.27756742,9.025727,3.9768713,3
30786113515214,0.22971097,9.030513,3.9720855,3
30786115894172,0.20578274,9.030513,3.9577286,3
30786118273131,0.17228323,9.040084,3.9481573,3
30786120652037,0.11964113,9.044869,3.9338005,3
30786123030995,0.08135597,9.035298,3.9098723,3
30786125409902,0.019142581,9.030513,3.9050865,3
30786127788860,0.014356935,9.035298,3.8955152,3
30786130167766,-0.02871387,9.049655,3.885944,3
30786132546724,-0.076570325,9.030513,3.8763726,3
30786134925683,-0.062213387,9.025727,3.8811584,3
30786137304589,-0.06699903,9.044869,3.885944,3
30786139683547,-0.07178468,9.0544405,3.885944,3
30786142062454,-0.06699903,9.040084,3.8955152,3
30786144441412,-0.05742774,9.0544405,3.900301,3
30786146820318,-0.033499517,9.059227,3.8763726,3
30786149199277,0.0,9.059227,3.8811584,3
30786151578235,0.0526421,9.0544405,3.8907297,3
30786153957141,0.076570325,9.044869,3.900301,3
30786156336099,0.08135597,9.059227,3.900301,3
30786158715006,0.07178468,9.107083,3.8907297,3
30786161093964,0.086141616,9.102298,3.871587,3
30786163472870,0.09092726,9.135797,3.8620157,3
30786165851829,0.06699903,9.140582,3.871587,3
30786168230787,0.062213387,9.135797,3.8620157,3
30786170609693,0.062213387,9.116654,3.8476589,3
30786172988652,0.019142581,9.102298,3.8524444,3
30786175367558,0.033499517,9.111869,3.8763726,3
30786177746516,0.02871387,9.092726,3.8668015,3
30786180125474,-0.0047856453,9.097511,3.8620157,3
30786182504381,-0.009571291,9.044869,3.871587,3
30786184883339,0.009571291,9.078369,3.8620157,3
30786187262245,-0.014356935,9.073584,3.8763726,3
30786189641152,-0.023928227,9.059227,3.8907297,3
30786192020110,-0.047856454,9.064013,3.8763726,3
30786194399068,-0.047856454,9.059227,3.8668015,3
30786196778027,-0.0526421,9.064013,3.842873,3
30786199156933,-0.033499517,9.068798,3.804588,3
30786201535891,-0.009571291,9.083155,3.804588,3
30786203914797,0.014356935,9.059227,3.842873,3
30786206293704,0.023928227,9.025727,3.8572302,3
30786208672714,0.047856454,9.030513,3.8524444,3
30786211051620,0.043070808,9.0544405,3.8333018,3
30786213430579,0.062213387,9.064013,3.8141594,3
30786215809485,0.09092726,9.0544405,3.8285162,3
30786218188443,0.043070808,9.068798,3.8476589,3
30786220567349,0.023928227,9.068798,3.8763726,3
30786222946308,0.047856454,9.064013,3.885944,3
30786225325266,0.033499517,9.064013,3.885944,3
30786227704172,0.014356935,9.0544405,3.8811584,3
30786230083131,0.033499517,9.049655,3.8572302,3
30786232462037,0.023928227,9.064013,3.8620157,3
30786234840995,-0.014356935,9.08794,3.871587,3
30786237219849,-0.033499517,9.08794,3.8955152,3
30786239598860,-0.019142581,9.064013,3.9050865,3
30786241977818,-0.062213387,9.083155,3.9098723,3
30786244356724,-0.076570325,9.068798,3.8955152,3
30786246735683,-0.038285162,9.068798,3.9050865,3
30786249114589,-0.062213387,9.059227,3.900301,3
30786251493547,-0.05742774,9.049655,3.9146578,3
30786253872506,-0.06699903,9.064013,3.9194436,3
30786256251412,-0.09571291,9.064013,3.9098723,3
30786258630370,-0.11485548,9.08794,3.9338005,3
30786261009277,-0.10049855,9.083155,3.938586,3
30786263388235,-0.086141616,9.064013,3.9146578,3
30786265767141,-0.076570325,9.044869,3.9290147,3
30786268146099,-0.08135597,9.040084,3.9242291,3
30786270525058,-0.043070808,9.064013,3.9338005,3
30786272903912,-0.047856454,9.08794,3.9577286,3
30786275282922,-0.033499517,9.0544405,3.9433718,3
30786277661829,-0.047856454,9.006584,3.9242291,3
30786280040787,-0.047856454,8.997013,3.9290147,3
30786282419693,-0.076570325,9.001799,3.9625144,3
30786284798652,-0.076570325,9.001799,3.9577286,3
30786287177610,-0.09571291,9.006584,3.9050865,3
30786289556516,-0.11964113,8.992228,3.900301,3
30786291935474,-0.15314065,9.030513,3.9050865,3
30786294314381,-0.13399807,9.016156,3.8955152,3
30786296693339,-0.15792629,9.025727,3.9194436,3
30786299072297,-0.15792629,9.035298,3.900301,3
30786301451204,-0.18664017,9.059227,3.8955152,3
30786303830162,-0.21535404,9.049655,3.8572302,3
30786306209068,-0.22971097,9.035298,3.8620157,3
30786308588027,-0.21535404,9.068798,3.8620157,3
30786310966933,-0.26799613,9.059227,3.871587,3
30786313345891,-0.2632105,9.044869,3.8763726,3
30786315724849,-0.28713873,9.068798,3.8907297,3
30786318103756,-0.31585258,9.064013,3.885944,3
30786320482714,-0.31585258,9.0544405,3.900301,3
30786322861620,-0.3062813,9.064013,3.8811584,3
30786325240579,-0.3062813,9.068798,3.900301,3
30786327619485,-0.31585258,9.068798,3.9146578,3
30786329998443,-0.31106696,9.068798,3.9098723,3
30786332377402,-0.2632105,9.073584,3.8955152,3
30786334756308,-0.2727818,9.059227,3.885944,3
30786337135266,-0.2536392,9.073584,3.871587,3
30786339514172,-0.22971097,9.083155,3.8811584,3
30786341893131,-0.2105684,9.068798,3.8907297,3
30786344272037,-0.20578274,9.068798,3.8811584,3
30786346650995,-0.18664017,9.059227,3.885944,3
30786349029954,-0.14356937,9.01137,3.8620157,3
30786351408860,-0.09571291,9.030513,3.8620157,3
30786353787818,-0.09092726,9.08794,3.871587,3
30786356166672,-0.1052842,9.068798,3.8955152,3
30786358545683,-0.09092726,9.059227,3.842873,3
30786360924589,-0.17228323,9.140582,3.804588,3
30786363303547,-0.24885355,9.102298,3.7950168,3
30786365682506,-0.33499518,9.083155,3.8668015,3
30786368061412,-0.44506502,9.073584,3.9146578,3
30786370440370,-0.5407779,9.08794,3.9194436,3
30786372819277,-0.60777694,9.020942,3.8620157,3
30786375198235,-0.6939186,9.035298,3.8763726,3
30786377577141,-0.7369894,9.035298,3.8572302,3
30786379956099,-0.71306115,9.006584,3.8763726,3
30786382335058,-0.6843473,9.01137,3.8955152,3
30786384713964,-0.6556334,9.078369,3.9146578,3
30786387092870,-0.60777694,9.092726,3.9242291,3
30786389471829,-0.55034924,9.097511,3.9146578,3
30786391850787,-0.4642076,9.111869,3.8763726,3
30786394229745,-0.41635114,9.150154,3.842873,3
30786396608652,-0.3684947,9.126225,3.8141594,3
30786398987610,-0.34456646,9.140582,3.8285162,3
30786401366516,-0.28235307,9.135797,3.8380876,3
30786403745474,-0.22492532,9.126225,3.8524444,3
30786406124381,-0.16271193,9.097511,3.8380876,3
30786408503339,-0.09092726,9.092726,3.8524444,3
30786410882297,-0.062213387,9.0544405,3.8524444,3
30786413261204,-0.08135597,9.035298,3.8811584,3
30786415640162,-0.09092726,9.025727,3.900301,3
30786418019068,-0.13878371,9.016156,3.9290147,3
30786420398027,-0.2009971,8.987442,3.9194436,3
30786422776985,-0.29192436,9.001799,3.8955152,3
30786425155891,-0.3684947,9.025727,3.8668015,3
30786427534849,-0.45942193,9.030513,3.8620157,3
30786429913756,-0.526421,9.030513,3.8333018,3
30786432292714,-0.59342,9.068798,3.8380876,3
30786434671620,-0.6556334,9.08794,3.8285162,3
30786437050579,-0.6987042,9.073584,3.8285162,3
30786439429537,-0.7082755,9.092726,3.804588,3
30786441808391,-0.7465607,9.111869,3.8093736,3
30786444187402,-0.7322037,9.064013,3.804588,3
30786446566308,-0.7178468,9.068798,3.8285162,3
30786448945266,-0.70348984,9.068798,3.8524444,3
30786451324172,-0.65084773,9.083155,3.8811584,3
30786453703131,-0.57906306,9.083155,3.8620157,3
30786456082089,-0.5024927,9.111869,3.885944,3
30786458460995,-0.43070808,9.097511,3.9098723,3
30786460839954,-0.37806597,9.083155,3.9098723,3
30786463218860,-0.31106696,9.078369,3.9098723,3
30786465597818,-0.28235307,9.073584,3.8955152,3
30786467976777,-0.2440679,9.097511,3.8955152,3
30786470355683,-0.22492532,9.092726,3.8955152,3
30786472734641,-0.22492532,9.111869,3.8955152,3
30786475113547,-0.29671,9.097511,3.871587,3
30786477492506,-0.3397808,9.073584,3.8524444,3
30786479871412,-0.38763726,9.073584,3.8524444,3
30786482250370,-0.44506502,9.102298,3.8763726,3
30786484629329,-0.526421,9.064013,3.871587,3
30786487008235,-0.6029913,9.059227,3.8668015,3
30786489387193,-0.6364908,9.059227,3.871587,3
30786491766099,-0.7178468,9.040084,3.8811584,3
30786494145058,-0.7800602,9.01137,3.8907297,3
30786496524016,-0.8135597,9.025727,3.9050865,3
30786498902922,-0.8422736,8.992228,3.9338005,3
30786501281881,-0.83748794,9.006584,3.9433718,3
30786503660787,-0.82313097,9.016156,3.9242291,3
30786506039745,-0.7800602,9.016156,3.900301,3
30786508418652,-0.7465607,9.040084,3.900301,3
30786510797610,-0.6939186,9.059227,3.8907297,3
30786513176568,-0.61734825,9.078369,3.8763726,3
30786515555474,-0.5455636,9.068798,3.8476589,3
30786517934381,-0.47377887,9.064013,3.871587,3
30786520313339,-0.38763726,9.078369,3.8572302,3
30786522692297,-0.32063824,9.078369,3.8524444,3
30786525071204,-0.2632105,9.059227,3.842873,3
30786527450162,-0.22971097,9.068798,3.8763726,3
30786529829120,-0.22492532,9.049655,3.8907297,3
30786532208027,-0.22971097,9.049655,3.9050865,3
30786534586985,-0.27756742,9.073584,3.9433718,3
30786536965891,-0.32542387,9.040084,3.938586,3
30786539344849,-0.37328035,9.030513,3.9338005,3
30786541723756,-0.44027936,9.035298,3.9098723,3
30786544102714,-0.5312066,9.049655,3.9146578,3
30786546481672,-0.63170516,9.035298,3.9194436,3
30786548860579,-0.7082755,9.059227,3.9146578,3
30786551239537,-0.7848458,9.078369,3.9290147,3
30786553618443,-0.8327023,9.078369,3.9290147,3
30786555997402,-0.8566305,9.078369,3.9242291,3
30786558376360,-0.8709874,9.078369,3.9194436,3
30786560755266,-0.8757731,9.064013,3.9194436,3
30786563134224,-0.85184485,9.068798,3.9146578,3
30786565513131,-0.7896315,9.083155,3.9146578,3
30786567892089,-0.7082755,9.073584,3.9194436,3
30786570270995,-0.65084773,9.073584,3.9433718,3
30786572649954,-0.56470615,9.068798,3.9338005,3
30786575028912,-0.41156548,9.020942,3.9290147,3
30786577407818,-0.32542387,9.020942,3.9577286,3
30786579786777,-0.2632105,8.997013,3.9625144,3
30786582165683,-0.18664017,8.997013,3.9433718,3
30786584544641,-0.15314065,8.992228,3.9290147,3
30786586923547,-0.11485548,8.997013,3.9242291,3
30786589302506,-0.08135597,8.997013,3.9433718,3
30786591681464,-0.09092726,8.987442,3.9194436,3
30786594060370,-0.11485548,8.977871,3.9290147,3
30786596439329,-0.16271193,9.006584,3.9338005,3
30786598818235,-0.24885355,9.001799,3.9338005,3
30786601197193,-0.29671,9.016156,3.952943,3
30786603576152,-0.37328035,9.001799,3.952943,3
30786605955058,-0.45942193,9.030513,3.9481573,3
30786608334016,-0.5072784,9.040084,3.9720855,3
30786610712922,-0.56470615,9.025727,4.024728,3
30786613091881,-0.60777694,9.01137,4.034299,3
30786615470787,-0.65084773,9.016156,4.0534415,3
30786617849745,-0.6843473,9.049655,4.019942,3
30786620228704,-0.66999036,9.064013,3.991228,3
30786622607610,-0.63170516,9.0544405,3.9673,3
30786624986568,-0.6125626,9.049655,4.0103707,3
30786627365422,-0.5599205,9.059227,4.063013,3
30786629744433,-0.4977071,9.044869,4.063013,3
30786632123339,-0.43070808,9.078369,4.0390844,3
30786634502297,-0.4019942,9.102298,4.0103707,3
30786636881256,-0.31106696,9.044869,3.9768713,3
30786639260162,-0.24885355,9.049655,4.0007997,3
30786641639120,-0.17228323,8.997013,4.0295134,3
30786644018027,-0.10049855,8.949157,4.058227,3
30786646396985,-0.009571291,8.9348,4.0677986,3
30786648775891,0.0526421,8.958728,4.048656,3
30786651154849,0.09571291,8.930014,4.0390844,3
30786653533756,0.10049855,8.944371,4.0390844,3
30786655912714,0.076570325,8.963513,4.0151563,3
30786658291672,0.02871387,8.953942,3.991228,3
30786660670579,-0.07178468,8.997013,3.9625144,3
30786663049537,-0.16749759,9.020942,3.9864426,3
30786665428495,-0.28713873,9.01137,3.991228,3
30786667807402,-0.37328035,8.992228,3.9960139,3
30786670186360,-0.4354937,8.977871,3.9768713,3
30786672565266,-0.49292147,8.977871,3.991228,3
30786674944224,-0.49292147,8.968299,4.024728,3
30786677323183,-0.4977071,8.963513,4.072584,3
30786679702089,-0.45942193,8.977871,4.1204405,3
30786682081047,-0.43070808,8.930014,4.1347976,3
30786684459954,-0.38285163,8.930014,4.1347976,3
30786686838912,-0.33020952,8.944371,4.130012,3
30786689217818,-0.27756742,8.968299,4.0869412,3
30786691596777,-0.23449662,8.977871,4.0677986,3
30786693975735,-0.23928227,8.987442,4.063013,3
30786696354641,-0.20578274,9.006584,4.0534415,3
30786698733599,-0.13878371,9.016156,4.034299,3
30786701112506,-0.09092726,9.035298,4.0295134,3
30786703491464,-0.076570325,9.030513,4.0151563,3
30786705870370,-0.0047856453,9.006584,3.991228,3
30786708249329,0.02871387,9.016156,4.0007997,3
30786710628287,0.014356935,8.9826565,4.0534415,3
30786713007193,-0.014356935,8.949157,4.091727,3
30786715386152,-0.07178468,8.973084,4.101298,3
30786717765058,-0.1052842,9.001799,4.048656,3
30786720144016,-0.13399807,9.030513,4.0007997,3
30786722522974,-0.15792629,9.035298,4.0103707,3
30786724901881,-0.2009971,9.01137,4.0151563,3
30786727280839,-0.16271193,9.016156,4.0295134,3
30786729659745,-0.12921242,9.020942,4.048656,3
30786732038704,-0.124426775,9.006584,4.034299,3
30786734417610,-0.11964113,9.01137,3.9864426,3
30786736796568,-0.11485548,9.020942,3.938586,3
30786739175527,-0.09571291,9.049655,3.9098723,3
30786741554433,-0.09571291,9.08794,3.9146578,3
30786743933391,-0.08135597,9.073584,3.9481573,3
30786746312297,-0.062213387,9.059227,3.9864426,3
30786748691256,-0.019142581,9.0544405,3.9960139,3
30786751070162,0.0047856453,9.083155,3.938586,3
30786753449120,0.05742774,9.073584,3.8955152,3
30786755828079,0.09092726,9.078369,3.8476589,3
30786758206985,0.124426775,9.078369,3.8572302,3
30786760585943,0.13878371,9.08794,3.8811584,3
30786762964849,0.14356937,9.12144,3.9146578,3
30786765343808,0.11964113,9.131011,3.9242291,3
30786767722766,0.10049855,9.135797,3.9098723,3
30786770101672,0.086141616,9.116654,3.871587,3
30786772480631,0.08135597,9.131011,3.8333018,3
30786774859537,0.08135597,9.145369,3.8380876,3
30786777238443,0.07178468,9.126225,3.885944,3
30786779617454,0.038285162,9.083155,3.9242291,3
30786781996360,0.0526421,9.073584,3.9338005,3
30786784375318,0.038285162,9.083155,3.9290147,3
30786786754224,0.019142581,9.064013,3.8763726,3
30786789133183,-0.019142581,9.073584,3.8811584,3
30786791512089,-0.019142581,9.044869,3.9098723,3
30786793891047,-0.033499517,9.044869,3.9290147,3
30786796269954,-0.06699903,9.049655,3.9433718,3
30786798648912,-0.043070808,9.0544405,3.9290147,3
30786801027870,-0.047856454,9.0544405,3.8955152,3
30786803406777,-0.033499517,9.049655,3.8620157,3
30786805785735,0.019142581,9.040084,3.8620157,3
30786808164641,0.07178468,9.020942,3.885944,3
30786810543599,0.10049855,8.997013,3.9338005,3
30786812922558,0.09571291,8.992228,3.952943,3
30786815301464,0.11964113,8.987442,3.952943,3
30786817680370,0.14356937,8.992228,3.9481573,3
30786820059329,0.13878371,9.006584,3.9098723,3
30786822438287,0.124426775,9.049655,3.885944,3
30786824817193,0.09092726,9.059227,3.9338005,3
30786827196152,0.06699903,9.020942,3.9577286,3
30786829575110,0.06699903,9.025727,3.991228,3
30786831954016,0.033499517,9.020942,3.9960139,3
30786834332974,-0.0047856453,9.025727,3.952943,3
30786836711881,-0.023928227,9.040084,3.9433718,3
30786839090839,-0.07178468,9.030513,3.9481573,3
30786841469797,-0.11964113,9.040084,3.9720855,3
30786843848704,-0.18664017,9.044869,4.019942,3
30786846227662,-0.22492532,9.020942,4.034299,3
30786848606568,-0.23449662,9.030513,4.005585,3
30786850985527,-0.27756742,9.030513,3.9673,3
30786853364433,-0.29192436,9.044869,3.9625144,3
30786855743391,-0.30149564,9.040084,3.9338005,3
30786858122349,-0.2727818,9.025727,3.952943,3
30786860501256,-0.2536392,9.020942,3.9816568,3
30786862880214,-0.22013968,9.020942,3.9960139,3
30786865259120,-0.18664017,9.0544405,3.9816568,3
30786867638027,-0.14356937,9.059227,3.9290147,3
30786870016985,-0.14356937,9.035298,3.900301,3
30786872395943,-0.124426775,9.025727,3.9098723,3
30786874774902,-0.11006984,9.01137,3.9577286,3
30786877153808,-0.09571291,9.006584,3.9577286,3
30786879532766,-0.11485548,9.020942,3.9673,3
30786881911672,-0.11006984,9.025727,3.952943,3
30786884290631,-0.16749759,9.020942,3.952943,3
30786886669589,-0.15792629,9.01137,3.9290147,3
30786889048495,-0.22492532,9.01137,3.9481573,3
30786891427454,-0.29671,9.035298,3.952943,3
30786893806360,-0.37328035,9.049655,3.9673,3
30786896185266,-0.39720857,9.049655,3.9816568,3
30786898564224,-0.41156548,9.073584,3.9768713,3
30786900943183,-0.41635114,9.068798,3.9577286,3
30786903322141,-0.43070808,9.059227,3.9338005,3
30786905701047,-0.42592242,9.083155,3.9290147,3
30786908080006,-0.3924229,9.083155,3.938586,3
30786910458912,-0.36370903,9.08794,3.9433718,3
30786912837870,-0.31106696,9.073584,3.9625144,3
30786915216829,-0.27756742,9.0544405,3.9577286,3
30786917595735,-0.21535404,9.049655,3.952943,3
30786919974693,-0.17228323,9.068798,3.9481573,3
30786922353599,-0.13399807,9.059227,3.9577286,3
30786924732558,-0.1052842,9.049655,3.9577286,3
30786927111464,-0.076570325,9.049655,3.9816568,3
30786929490422,-0.05742774,9.040084,3.9816568,3
30786931869381,-0.047856454,9.044869,3.9433718,3
30786934248287,-0.05742774,9.044869,3.9481573,3
30786936627245,-0.05742774,9.025727,3.9290147,3
30786939006152,-0.1052842,9.025727,3.9194436,3
30786941385110,-0.124426775,9.040084,3.9290147,3
30786943764068,-0.15314065,9.044869,3.9242291,3
30786946142974,-0.18664017,9.040084,3.9481573,3
30786948521933,-0.21535404,9.049655,3.9290147,3
30786950900839,-0.2632105,9.0544405,3.9242291,3
30786953279797,-0.28235307,9.059227,3.9098723,3
30786955658704,-0.3062813,9.073584,3.9194436,3
30786958037662,-0.31585258,9.059227,3.9146578,3
30786960416620,-0.31106696,9.059227,3.9338005,3
30786962795527,-0.29192436,9.059227,3.952943,3
30786965174485,-0.26799613,9.0544405,3.952943,3
30786967553391,-0.25842485,9.049655,3.9577286,3
30786969932349,-0.22013968,9.049655,3.952943,3
30786972311256,-0.18664017,9.0544405,3.9481573,3
30786974690214,-0.148355,9.0544405,3.9433718,3
30786977069172,-0.11006984,9.059227,3.9338005,3
30786979448079,-0.05742774,9.044869,3.9338005,3
30786981827037,-0.014356935,9.064013,3.9242291,3
30786984205943,-0.0047856453,9.040084,3.9098723,3
30786986584902,-0.019142581,9.030513,3.885944,3
30786988963860,-0.014356935,9.044869,3.8907297,3
30786991342766,-0.033499517,9.064013,3.8955152,3
30786993721724,-0.08135597,9.059227,3.9098723,3
30786996100631,-0.1052842,9.035298,3.9194436,3
30786998479589,-0.124426775,9.049655,3.9194436,3
30787000858495,-0.15792629,9.049655,3.938586,3
30787003237454,-0.22013968,9.064013,3.938586,3
30787005616412,-0.23928227,9.040084,3.9433718,3
30787007995318,-0.29192436,9.044869,3.952943,3
30787010374277,-0.31585258,9.016156,3.938586,3
30787012753183,-0.33020952,9.030513,3.9242291,3
30787015132141,-0.33020952,9.025727,3.9338005,3
30787017511047,-0.3493521,9.025727,3.938586,3
30787019890006,-0.33020952,9.020942,3.9338005,3
30787022268964,-0.31106696,9.030513,3.9194436,3
30787024647870,-0.2727818,9.049655,3.9146578,3
30787027026829,-0.23449662,9.078369,3.9050865,3
30787029405735,-0.2009971,9.073584,3.8955152,3
30787031784693,-0.14356937,9.0544405,3.9098723,3
30787034163652,-0.11006984,9.068798,3.900301,3
30787036542558,-0.09571291,9.064013,3.8811584,3
30787038921516,-0.07178468,9.049655,3.885944,3
30787041300422,-0.076570325,9.059227,3.885944,3
30787043679381,-0.076570325,9.0544405,3.8763726,3
30787046058287,-0.1052842,9.049655,3.8955152,3
30787048437245,-0.13399807,9.059227,3.8763726,3
30787050816204,-0.18185452,9.068798,3.871587,3
30787053195110,-0.22492532,9.059227,3.900301,3
30787055574068,-0.2727818,9.044869,3.9050865,3
30787057952974,-0.33020952,9.0544405,3.8907297,3
30787060331933,-0.36370903,9.078369,3.8907297,3
30787062710891,-0.38285163,9.073584,3.8668015,3
30787065089693,-0.40677986,9.097511,3.8811584,3
30787067468756,-0.41156548,9.078369,3.8572302,3
30787069847610,-0.42592242,9.08794,3.8668015,3
30787072226620,-0.42592242,9.064013,3.8668015,3
30787074605527,-0.4019942,9.068798,3.8476589,3
30787076984485,-0.38763726,9.068798,3.8476589,3
30787079363443,-0.36370903,9.073584,3.8333018,3
30787081742349,-0.30149564,9.083155,3.8524444,3
30787084121308,-0.28713873,9.092726,3.8476589,3
30787086500214,-0.28713873,9.097511,3.8572302,3
30787088879172,-0.24885355,9.08794,3.842873,3
30787091258079,-0.23928227,9.092726,3.8572302,3
30787093637037,-0.23449662,9.073584,3.8524444,3
30787096015995,-0.21535404,9.078369,3.871587,3
30787098394902,-0.17706887,9.068798,3.8620157,3
30787100773860,-0.16749759,9.083155,3.8668015,3
30787103152766,-0.17228323,9.068798,3.8524444,3
30787105531724,-0.19142582,9.059227,3.8380876,3
30787107910683,-0.2009971,9.0544405,3.8380876,3
30787110289589,-0.2105684,9.064013,3.842873,3
30787112668547,-0.25842485,9.068798,3.8524444,3
30787115047454,-0.26799613,9.097511,3.8380876,3
30787117426412,-0.29192436,9.092726,3.8285162,3
30787119805370,-0.3397808,9.064013,3.842873,3
30787122184277,-0.3493521,9.083155,3.8524444,3
30787124563235,-0.36370903,9.068798,3.8572302,3
30787126942141,-0.37328035,9.0544405,3.8620157,3
30787129321099,-0.37806597,9.073584,3.8668015,3
30787131700006,-0.37806597,9.083155,3.8476589,3
30787134078964,-0.36370903,9.083155,3.8333018,3
30787136457922,-0.3684947,9.08794,3.842873,3
30787138836829,-0.3397808,9.049655,3.8668015,3
30787141215787,-0.32542387,9.073584,3.8907297,3
30787143594693,-0.30149564,9.059227,3.8811584,3
30787145973652,-0.28235307,9.064013,3.8763726,3
30787148352610,-0.26799613,9.064013,3.8763726,3
30787150731516,-0.2536392,9.073584,3.871587,3
30787153110474,-0.23449662,9.064013,3.885944,3
30787155489381,-0.2009971,9.078369,3.9050865,3
30787157868339,-0.18664017,9.059227,3.9146578,3
30787160247245,-0.19621146,9.064013,3.9338005,3
30787162626204,-0.21535404,9.0544405,3.9433718,3
30787165005162,-0.2105684,9.049655,3.938586,3
30787167384068,-0.2009971,9.049655,3.9098723,3
30787169763027,-0.2105684,9.059227,3.9290147,3
30787172141933,-0.25842485,9.040084,3.9433718,3
30787174520891,-0.32542387,9.040084,3.9720855,3
30787176899745,-0.3684947,9.0544405,3.9816568,3
30787179278756,-0.3589234,9.068798,3.9816568,3
30787181657714,-0.41156548,9.035298,3.9720855,3
30787184036620,-0.40677986,9.025727,3.9673,3
30787186415579,-0.3924229,9.035298,3.9720855,3
30787188794485,-0.3924229,9.040084,3.9816568,3
30787191173443,-0.4211368,9.035298,3.9673,3
30787193552402,-0.38763726,9.020942,3.9768713,3
30787195931308,-0.37806597,9.016156,3.9864426,3
30787198310266,-0.37328035,9.020942,3.991228,3
30787200689172,-0.3589234,9.006584,3.9816568,3
30787203068131,-0.37328035,9.006584,3.9768713,3
30787205447089,-0.34456646,9.006584,3.9864426,3
30787207825995,-0.29671,9.006584,3.9720855,3
30787210204954,-0.28713873,8.997013,3.9816568,3
30787212583860,-0.27756742,9.01137,3.9816568,3
30787214962818,-0.28235307,9.016156,3.9673,3
30787217341724,-0.26799613,9.001799,3.9433718,3
30787219720683,-0.2632105,9.01137,3.9673,3
30787222099641,-0.2727818,9.025727,3.9720855,3
30787224478547,-0.28713873,9.016156,3.9768713,3
30787226857506,-0.25842485,9.025727,3.9625144,3
30787229236412,-0.27756742,9.040084,3.9577286,3
30787231615370,-0.32063824,9.040084,3.952943,3
30787233994277,-0.36370903,9.035298,3.9290147,3
30787236373235,-0.37806597,9.025727,3.9194436,3
30787238752193,-0.41156548,9.035298,3.9098723,3
30787241131099,-0.4354937,9.044869,3.9338005,3
30787243510058,-0.47856453,9.0544405,3.9338005,3
30787245888964,-0.4881358,9.064013,3.9194436,3
30787248267922,-0.47377887,9.068798,3.9098723,3
30787250646829,-0.49292147,9.059227,3.9146578,3
30787253025787,-0.47377887,9.068798,3.9146578,3
30787255404745,-0.45942193,9.064013,3.9050865,3
30787257783652,-0.44506502,9.083155,3.9194436,3
30787260162610,-0.42592242,9.08794,3.9290147,3
30787262541516,-0.37806597,9.116654,3.9050865,3
30787264920474,-0.34456646,9.116654,3.9242291,3
30787267299433,-0.3062813,9.111869,3.9146578,3
30787269678339,-0.28713873,9.12144,3.900301,3
30787272057297,-0.2536392,9.111869,3.8955152,3
30787274436204,-0.2536392,9.12144,3.9050865,3
30787276815110,-0.22971097,9.102298,3.900301,3
30787279194068,-0.22971097,9.097511,3.9050865,3
30787281573027,-0.2105684,9.078369,3.8907297,3
30787283951985,-0.22971097,9.083155,3.8907297,3
30787286330839,-0.28235307,9.078369,3.8955152,3
30787288709849,-0.29192436,9.078369,3.8811584,3
30787291088756,-0.32063824,9.049655,3.8811584,3
30787293467714,-0.37806597,9.059227,3.8811584,3
