{"type": "FeatureCollection", "name": "snu_buildings_open", "crs": {"type": "name", "properties": {"name": "urn:ogc:def:crs:OGC:1.3:CRS84"}}, "metadata": {"source": "Google Open Buildings v3, polygons_s2_level_6_gzip_no_header, S2 level-6 cell 390d", "gcs_uri": "gs://open-buildings-data/v3/polygons_s2_level_6_gzip_no_header/390d_buildings.csv.gz", "inference_date": "May 2023", "licence": "CC BY 4.0 OR ODbL 1.0 (licensee chooses)", "attribution": "Building footprints (c) Google, Open Buildings v3 - CC BY 4.0", "bbox": [77.5639, 28.5133, 77.5823, 28.5335], "fetched_utc": "2026-09-05T07:04Z", "schema": "latitude,longitude,area_in_meters,confidence,geometry(WKT),full_plus_code"}, "features": [{"type": "Feature", "properties": {"source": "Google Open Buildings v3", "area_in_meters": 8.22, "confidence": 0.676, "plus_code": "7JWVGHFF+7VG9", "lat": 28.52318463, "lon": 77.57471524}, "geometry": {"type": "Polygon", "coordinates": [[[77.5747328541719, 28.5231740590124], [77.5747323719535, 28.5231958224119], [77.5746976266633, 28.523195221889], [77.5746981088893, 28.5231734584893], [77.5747328541719, 28.5231740590124]]]}}, {"type": "Feature", "properties": {"source": "Google Open Buildings v3", "area_in_meters": 66.39, "confidence": 0.6655, "plus_code": "7JWVGHJ8+C78P", "lat": 28.53104394, "lon": 77.5657068}, "geometry": {"type": "Polygon", "coordinates": [[[77.5658037252953, 28.531003977442], [77.5656280840662, 28.5311079244655], [77.5656098619028, 28.5310839105597], [77.5657855031139, 28.530979963561], [77.5658037252953, 28.531003977442]]]}}, {"type": "Feature", "properties": {"source": "Google Open Buildings v3", "area_in_meters": 15.59, "confidence": 0.8108, "plus_code": "7JWVGHFC+G39H", "lat": 28.52378532, "lon": 77.5702473}, "geometry": {"type": "Polygon", "coordinates": [[[77.5702677968245, 28.5237678279947], [77.5702671458981, 28.5238033908761], [77.5702268050849, 28.5238028149162], [77.5702274560249, 28.5237672520342], [77.5702677968245, 28.5237678279947]]]}}, {"type": "Feature", "properties": {"source": "Google Open Buildings v3", "area_in_meters": 848.91, "confidence": 0.8572, "plus_code": "7JWVGHFC+89RC", "lat": 28.52336077, "lon": 77.57088022}, "geometry": {"type": "Polygon", "coordinates": [[[77.5706342558279, 28.5232490163443], [77.5706185558266, 28.5232305163454], [77.5707391558159, 28.5231507163369], [77.5707802558191, 28.523199016334], [77.5708020558172, 28.5231846163324], [77.5708439558205, 28.5232341163295], [77.5708221558225, 28.523248616331], [77.5709445558322, 28.5233929163224], [77.5710183558257, 28.5233444163171], [77.5710394558274, 28.5233695163157], [77.5710817558237, 28.5233418163127], [77.5711681558306, 28.5234437163066], [77.5711061558361, 28.5234848163109], [77.5711021558358, 28.5234801163112], [77.5710973558362, 28.5234832163116], [77.5710902558356, 28.5234748163121], [77.571063855838, 28.5234922163139], [77.5710744558389, 28.5235058163132], [77.5710525558409, 28.5235203163147], [77.5710483558405, 28.523515416315], [77.5710255558425, 28.5235303163166], [77.5709812558389, 28.5234775163198], [77.570901655846, 28.5235302163254], [77.570900755846, 28.5235292163255], [77.5708992558461, 28.5235302163256], [77.5707711558358, 28.5233779163346], [77.5707701558355, 28.5233752163347], [77.5707803558346, 28.523368516334], [77.570771755834, 28.5233583163346], [77.5707726558339, 28.5233577163345], [77.570761355833, 28.5233444163353], [77.5707317558356, 28.5233640163374], [77.5706654558303, 28.5232858163421], [77.5706246558293, 28.523261916345], [77.5706342558279, 28.5232490163443]]]}}, {"type": "Feature", "properties": {"source": "Google Open Buildings v3", "area_in_meters": 21.87, "confidence": 0.7233, "plus_code": "7JWVGHHJ+RF72", "lat": 28.52952585, "lon": 77.58115652}, "geometry": {"type": "Polygon", "coordinates": [[[77.5811912846013, 28.5295357720776], [77.5811650461207, 28.5295572322381], [77.5811217403271, 28.5295159358108], [77.5811479788076, 28.5294944756587], [77.5811912846013, 28.5295357720776]]]}}, {"type": "Feature", "properties": {"source": "Google Open Buildings v3", "area_in_meters": 11.26, "confidence": 0.6671, "plus_code": "7JWVGHGJ+HG7X", "lat": 28.5264224, "lon": 77.58130697}, "geometry": {"type": "Polygon", "coordinates": [[[77.5813309351122, 28.526426092239], [77.5812998828889, 28.5264429580219], [77.581283014728, 28.5264187343203], [77.5813140669476, 28.5264018685415], [77.5813309351122, 28.526426092239]]]}}, {"type": "Feature", "properties": {"source": "Google Open Buildings v3", "area_in_meters": 24.32, "confidence": 0.7419, "plus_code": "7JWVGHC9+RC76", "lat": 28.52203487, "lon": 77.5685348}, "geometry": {"type": "Polygon", "coordinates": [[[77.5685715629506, 28.5220411229154], [77.5685127044512, 28.522061573654], [77.568498034178, 28.5220286383509], [77.5685568926627, 28.5220081876195], [77.5685715629506, 28.5220411229154]]]}}, {"type": "Feature", "properties": {"source": "Google Open Buildings v3", "area_in_meters": 34.18, "confidence": 0.7472, "plus_code": "7JWVGHJH+898R", "lat": 28.53079509, "lon": 77.57844495}, "geometry": {"type": "Polygon", "coordinates": [[[77.5784892726917, 28.5308077314334], [77.5784584947486, 28.5308344451417], [77.5784006304634, 28.5307824495852], [77.5784314084085, 28.5307557358902], [77.5784892726917, 28.5308077314334]]]}}, {"type": "Feature", "properties": {"source": "Google Open Buildings v3", "area_in_meters": 63.01, "confidence": 0.8976, "plus_code": "7JWVGHJ8+98X3", "lat": 28.53097962, "lon": 77.56585509}, "geometry": {"type": "Polygon", "coordinates": [[[77.5659121136009, 28.5309866193183], [77.5658395037524, 28.531028565973], [77.5657980657505, 28.5309726229683], [77.5658706755805, 28.5309306763371], [77.5659121136009, 28.5309866193183]]]}}, {"type": "Feature", "properties": {"source": "Google Open Buildings v3", "area_in_meters": 757.24, "confidence": 0.8834, "plus_code": "7JWVGHFC+85W7", "lat": 28.52335855, "lon": 77.57044585}, "geometry": {"type": "Polygon", "coordinates": [[[77.5703706182313, 28.5232275902523], [77.5703821484862, 28.5233357623932], [77.5707215067642, 28.523307546016], [77.5707340371871, 28.5234250974792], [77.5706002535839, 28.5234362211997], [77.5705971414458, 28.5234070250349], [77.5705323745863, 28.5234124101633], [77.570535486707, 28.5234416063308], [77.5702972932284, 28.523461410986], [77.5702885835625, 28.5233797000311], [77.5702253372203, 28.5233849585901], [77.5702099868645, 28.5232409458437], [77.5703706182313, 28.5232275902523]]]}}, {"type": "Feature", "properties": {"source": "Google Open Buildings v3", "area_in_meters": 7.18, "confidence": 0.7461, "plus_code": "7JWVGHMH+2PX3", "lat": 28.53260366, "lon": 77.57935484}, "geometry": {"type": "Polygon", "coordinates": [[[77.5793720885003, 28.5325958961433], [77.5793632582096, 28.5326190387368], [77.5793375972013, 28.5326114026326], [77.5793464274971, 28.5325882600406], [77.5793720885003, 28.5325958961433]]]}}, {"type": "Feature", "properties": {"source": "Google Open Buildings v3", "area_in_meters": 131.94, "confidence": 0.6629, "plus_code": "7JWVGHJH+4VWX", "lat": 28.53037431, "lon": 77.5797143}, "geometry": {"type": "Polygon", "coordinates": [[[77.5798102562941, 28.530376615878], [77.5797867562968, 28.5303985158796], [77.5797628562956, 28.5303785158813], [77.5796831563047, 28.5304529158869], [77.5796335563023, 28.5304115158905], [77.5796832562967, 28.5303652158869], [77.5796609562956, 28.5303466158885], [77.5797145562895, 28.5302966158847], [77.5798102562941, 28.530376615878]]]}}, {"type": "Feature", "properties": {"source": "Google Open Buildings v3", "area_in_meters": 33.0, "confidence": 0.7525, "plus_code": "7JWVGHM8+2C9W", "lat": 28.53254738, "lon": 77.56611511}, "geometry": {"type": "Polygon", "coordinates": [[[77.5661541771507, 28.5325622421459], [77.5661112139657, 28.5325847857928], [77.5660760492368, 28.5325325202798], [77.5661190124099, 28.532509976645], [77.5661541771507, 28.5325622421459]]]}}, {"type": "Feature", "properties": {"source": "Google Open Buildings v3", "area_in_meters": 30.76, "confidence": 0.7981, "plus_code": "7JWVGHJH+XQRM", "lat": 28.53249324, "lon": 77.57938761}, "geometry": {"type": "Polygon", "coordinates": [[[77.5794146954318, 28.5324655525058], [77.5794071908806, 28.5325254876254], [77.5793605167694, 28.5325209298174], [77.5793680213472, 28.5324609946987], [77.5794146954318, 28.5324655525058]]]}}, {"type": "Feature", "properties": {"source": "Google Open Buildings v3", "area_in_meters": 251.66, "confidence": 0.811, "plus_code": "7JWVGHFF+6325", "lat": 28.52300428, "lon": 77.57265343}, "geometry": {"type": "Polygon", "coordinates": [[[77.5725993557373, 28.5229338161901], [77.5725975557401, 28.5229641161902], [77.5727894557355, 28.5229727161767], [77.5727864557402, 28.5230237161769], [77.5727845557433, 28.523057016177], [77.5725321557494, 28.5230456161949], [77.5725387557387, 28.5229310161944], [77.5725993557373, 28.5229338161901]]]}}, {"type": "Feature", "properties": {"source": "Google Open Buildings v3", "area_in_meters": 280.37, "confidence": 0.8797, "plus_code": "7JWVGHGC+5FFW", "lat": 28.52544929, "lon": 77.57117604}, "geometry": {"type": "Polygon", "coordinates": [[[77.5712046353116, 28.525342388073], [77.5712739579627, 28.5254912107575], [77.5712484317575, 28.5255004851853], [77.5712605558416, 28.5255265132734], [77.5711816543365, 28.5255551804919], [77.5711695302675, 28.5255291523983], [77.5711394403585, 28.5255400849241], [77.5710701178518, 28.5253912621584], [77.5712046353116, 28.525342388073]]]}}, {"type": "Feature", "properties": {"source": "Google Open Buildings v3", "area_in_meters": 13.72, "confidence": 0.7455, "plus_code": "7JWVGHJJ+HQGM", "lat": 28.5314446, "lon": 77.58194628}, "geometry": {"type": "Polygon", "coordinates": [[[77.5819717848956, 28.5314521950652], [77.5819337640292, 28.5314656401867], [77.5819207856535, 28.5314370167043], [77.581958806512, 28.5314235715871], [77.5819717848956, 28.5314521950652]]]}}, {"type": "Feature", "properties": {"source": "Google Open Buildings v3", "area_in_meters": 15.42, "confidence": 0.6743, "plus_code": "7JWVGHJH+2452", "lat": 28.5300018, "lon": 77.57785119}, "geometry": {"type": "Polygon", "coordinates": [[[77.577881015988, 28.530009492377], [77.5778604510281, 28.5300279968293], [77.5778213686589, 28.5299941210478], [77.5778419336207, 28.5299756166019], [77.577881015988, 28.530009492377]]]}}, {"type": "Feature", "properties": {"source": "Google Open Buildings v3", "area_in_meters": 55.36, "confidence": 0.6773, "plus_code": "7JWVGHHH+J35J", "lat": 28.52901715, "lon": 77.57772478}, "geometry": {"type": "Polygon", "coordinates": [[[77.5777372958282, 28.528970761005], [77.5777749726155, 28.5290347232169], [77.5777122717595, 28.5290635295896], [77.5776745949948, 28.5289995673596], [77.5777372958282, 28.528970761005]]]}}, {"type": "Feature", "properties": {"source": "Google Open Buildings v3", "area_in_meters": 129.27, "confidence": 0.8791, "plus_code": "7JWVGHMH+86M4", "lat": 28.5333276, "lon": 77.57804942}, "geometry": {"type": "Polygon", "coordinates": [[[77.5781329614352, 28.533338251006], [77.5780651796005, 28.5334008362068], [77.5779658695704, 28.5333169551166], [77.5780336514184, 28.5332543699645], [77.5781329614352, 28.533338251006]]]}}, {"type": "Feature", "properties": {"source": "Google Open Buildings v3", "area_in_meters": 206.56, "confidence": 0.8022, "plus_code": "7JWVGHFC+F4CR", "lat": 28.52369881, "lon": 77.57025457}, "geometry": {"type": "Polygon", "coordinates": [[[77.5703536558843, 28.5237280163758], [77.5702059558933, 28.5237804163862], [77.5701554558846, 28.5236696163898], [77.5703032558756, 28.5236172163793], [77.5703536558843, 28.5237280163758]]]}}, {"type": "Feature", "properties": {"source": "Google Open Buildings v3", "area_in_meters": 213.23, "confidence": 0.9239, "plus_code": "7JWVGHJ8+P83P", "lat": 28.53176937, "lon": 77.56580344}, "geometry": {"type": "Polygon", "coordinates": [[[77.5659056920315, 28.531761964507], [77.565850948353, 28.5317919493973], [77.5658705463214, 28.5318198545528], [77.5658157557627, 28.5318498650873], [77.5657961578021, 28.5318219599234], [77.565751583989, 28.5318463743896], [77.5656939480221, 28.5317643074758], [77.5658480560029, 28.531679897664], [77.5659056920315, 28.531761964507]]]}}, {"type": "Feature", "properties": {"source": "Google Open Buildings v3", "area_in_meters": 189.83, "confidence": 0.811, "plus_code": "7JWVGHGG+FF93", "lat": 28.52615173, "lon": 77.57623377}, "geometry": {"type": "Polygon", "coordinates": [[[77.5763789438163, 28.5262417659998], [77.5763395345319, 28.5262775091781], [77.5760885937779, 28.5260617019995], [77.5761280030791, 28.5260259588924], [77.5763789438163, 28.5262417659998]]]}}, {"type": "Feature", "properties": {"source": "Google Open Buildings v3", "area_in_meters": 63.44, "confidence": 0.8327, "plus_code": "7JWVGH78+GHRQ", "lat": 28.5138684, "lon": 77.56640167}, "geometry": {"type": "Polygon", "coordinates": [[[77.5664598889655, 28.513863890444], [77.5663919481694, 28.5139193013813], [77.5663434477144, 28.513872906281], [77.5664113885099, 28.5138174953681], [77.5664598889655, 28.513863890444]]]}}, {"type": "Feature", "properties": {"source": "Google Open Buildings v3", "area_in_meters": 34.55, "confidence": 0.8281, "plus_code": "7JWVGHHH+6V28", "lat": 28.52800641, "lon": 77.5796444}, "geometry": {"type": "Polygon", "coordinates": [[[77.5796554288723, 28.5279651010656], [77.5796739749251, 28.5280398736603], [77.5796333832149, 28.5280477263674], [77.5796148371884, 28.527972953765], [77.5796554288723, 28.5279651010656]]]}}, {"type": "Feature", "properties": {"source": "Google Open Buildings v3", "area_in_meters": 44.68, "confidence": 0.7721, "plus_code": "7JWVGHHF+35QC", "lat": 28.52771386, "lon": 77.57297585}, "geometry": {"type": "Polygon", "coordinates": [[[77.5729827740285, 28.5276680368708], [77.5730163124256, 28.5277431710044], [77.5729689322586, 28.5277596669481], [77.5729353938877, 28.5276845328014], [77.5729827740285, 28.5276680368708]]]}}, {"type": "Feature", "properties": {"source": "Google Open Buildings v3", "area_in_meters": 14.31, "confidence": 0.7601, "plus_code": "7JWVGHC9+4V2R", "lat": 28.5202736, "lon": 77.56962822}, "geometry": {"type": "Polygon", "coordinates": [[[77.569654458853, 28.5202809559613], [77.5696152961077, 28.5202950853188], [77.5696019626669, 28.5202662562379], [77.569641125404, 28.5202521268848], [77.569654458853, 28.5202809559613]]]}}, {"type": "Feature", "properties": {"source": "Google Open Buildings v3", "area_in_meters": 42.9, "confidence": 0.6581, "plus_code": "7JWVGHHH+VC4Q", "lat": 28.52964367, "lon": 77.57859053}, "geometry": {"type": "Polygon", "coordinates": [[[77.5786307352253, 28.5296633867248], [77.5785940790949, 28.5296749745306], [77.57859723533, 28.5296827616053], [77.5785783214587, 28.5296887406898], [77.5785507034346, 28.5296206013267], [77.5786062734092, 28.5296030344484], [77.5786307352253, 28.5296633867248]]]}}, {"type": "Feature", "properties": {"source": "Google Open Buildings v3", "area_in_meters": 13.66, "confidence": 0.6537, "plus_code": "7JWVGHJH+PH68", "lat": 28.53178191, "lon": 77.57889515}, "geometry": {"type": "Polygon", "coordinates": [[[77.5788840592215, 28.5317518319599], [77.5789232717754, 28.5318015130241], [77.5789062343038, 28.5318120007482], [77.5788670217531, 28.5317623196789], [77.5788840592215, 28.5317518319599]]]}}, {"type": "Feature", "properties": {"source": "Google Open Buildings v3", "area_in_meters": 25.09, "confidence": 0.8255, "plus_code": "7JWVGHJH+X48H", "lat": 28.53241318, "lon": 77.57784062}, "geometry": {"type": "Polygon", "coordinates": [[[77.577827280695, 28.5323789022016], [77.5778791511273, 28.5324256776911], [77.577853949078, 28.5324474735526], [77.5778020786446, 28.5324006980533], [77.577827280695, 28.5323789022016]]]}}, {"type": "Feature", "properties": {"source": "Google Open Buildings v3", "area_in_meters": 8.39, "confidence": 0.7076, "plus_code": "7JWVGH89+2RF8", "lat": 28.51505631, "lon": 77.56955017}, "geometry": {"type": "Polygon", "coordinates": [[[77.5695660331785, 28.5150505048837], [77.5695640483079, 28.5150712930556], [77.5695358604757, 28.5150691933462], [77.5695390709621, 28.5150355690042], [77.5695660331785, 28.5150505048837]]]}}, {"type": "Feature", "properties": {"source": "Google Open Buildings v3", "area_in_meters": 269.9, "confidence": 0.7326, "plus_code": "7JWVGHHH+G2FF", "lat": 28.52881442, "lon": 77.57754205}, "geometry": {"type": "Polygon", "coordinates": [[[77.5776425564395, 28.5288862509176], [77.5775272318861, 28.5289274615123], [77.577440957313, 28.5287391560479], [77.577490980591, 28.5287212805317], [77.5774935506898, 28.5287268901122], [77.577558851809, 28.5287035551174], [77.5776425564395, 28.5288862509176]]]}}, {"type": "Feature", "properties": {"source": "Google Open Buildings v3", "area_in_meters": 203.39, "confidence": 0.7197, "plus_code": "7JWVGHFF+CFRW", "lat": 28.52362116, "lon": 77.5736479}, "geometry": {"type": "Polygon", "coordinates": [[[77.5737599699434, 28.5236069761463], [77.5737242060806, 28.523695030679], [77.5735358269458, 28.5236353496628], [77.5735715909501, 28.5235472951705], [77.5737599699434, 28.5236069761463]]]}}, {"type": "Feature", "properties": {"source": "Google Open Buildings v3", "area_in_meters": 1118.36, "confidence": 0.8987, "plus_code": "7JWVGHGC+4C5C", "lat": 28.5252641, "lon": 77.57109683}, "geometry": {"type": "Polygon", "coordinates": [[[77.5714315693668, 28.5252657676698], [77.5711298563133, 28.5253008201982], [77.5711399613549, 28.5253686643805], [77.5707767614811, 28.5254108594448], [77.5707726338503, 28.5253831463556], [77.570768616356, 28.525383613086], [77.5707501355931, 28.5252595321484], [77.571066555934, 28.525222771833], [77.5710652985645, 28.5252143299364], [77.5711918532668, 28.5251996271582], [77.5711804746014, 28.5251232320657], [77.5714064290592, 28.5250969810056], [77.5714315693668, 28.5252657676698]]]}}, {"type": "Feature", "properties": {"source": "Google Open Buildings v3", "area_in_meters": 19.49, "confidence": 0.7538, "plus_code": "7JWVGHJJ+GV4X", "lat": 28.53127375, "lon": 77.58221543}, "geometry": {"type": "Polygon", "coordinates": [[[77.5822325842445, 28.5312497529955], [77.5822452420107, 28.5312843311826], [77.5821982630066, 28.531297743521], [77.5821856052533, 28.5312631653286], [77.5822325842445, 28.5312497529955]]]}}, {"type": "Feature", "properties": {"source": "Google Open Buildings v3", "area_in_meters": 45.89, "confidence": 0.7027, "plus_code": "7JWVGHHJ+4V9C", "lat": 28.52778956, "lon": 77.58221999}, "geometry": {"type": "Polygon", "coordinates": [[[77.5822787494883, 28.5277710886008], [77.5821865133202, 28.5278360378928], [77.5821612361801, 28.5278080396945], [77.5822534723427, 28.52774309042], [77.5822787494883, 28.5277710886008]]]}}, {"type": "Feature", "properties": {"source": "Google Open Buildings v3", "area_in_meters": 49.19, "confidence": 0.7299, "plus_code": "7JWVGHHJ+W56G", "lat": 28.52978533, "lon": 77.58039342}, "geometry": {"type": "Polygon", "coordinates": [[[77.5804697198, 28.5297429781767], [77.5803361411785, 28.5298467673981], [77.5803171030345, 28.5298276570741], [77.5804506816526, 28.5297238678701], [77.5804697198, 28.5297429781767]]]}}, {"type": "Feature", "properties": {"source": "Google Open Buildings v3", "area_in_meters": 38.75, "confidence": 0.7879, "plus_code": "7JWVGHGC+3M3J", "lat": 28.52514041, "lon": 77.57165853}, "geometry": {"type": "Polygon", "coordinates": [[[77.5716958384011, 28.5251180290409], [77.5716882047458, 28.5251704078808], [77.5716212127291, 28.5251627923917], [77.5716288464186, 28.5251104135534], [77.5716958384011, 28.5251180290409]]]}}, {"type": "Feature", "properties": {"source": "Google Open Buildings v3", "area_in_meters": 49.54, "confidence": 0.7689, "plus_code": "7JWVGH98+53XP", "lat": 28.51799458, "lon": 77.56523634}, "geometry": {"type": "Polygon", "coordinates": [[[77.5652921351149, 28.5179891997127], [77.5652093635792, 28.518038052897], [77.5651805468707, 28.5179999647903], [77.5652633183928, 28.5179511116245], [77.5652921351149, 28.5179891997127]]]}}, {"type": "Feature", "properties": {"source": "Google Open Buildings v3", "area_in_meters": 10.71, "confidence": 0.6992, "plus_code": "7JWVGH78+HGQ4", "lat": 28.51395395, "lon": 77.56636233}, "geometry": {"type": "Polygon", "coordinates": [[[77.5663650809586, 28.5139751246244], [77.5663401421756, 28.5139623639325], [77.5663595490261, 28.5139327738436], [77.5663844878039, 28.5139455345321], [77.5663650809586, 28.5139751246244]]]}}, {"type": "Feature", "properties": {"source": "Google Open Buildings v3", "area_in_meters": 10.72, "confidence": 0.7575, "plus_code": "7JWVGHF9+5MRQ", "lat": 28.52299053, "lon": 77.5691534}, "geometry": {"type": "Polygon", "coordinates": [[[77.5691733977023, 28.5230021465125], [77.5691450397701, 28.523010347296], [77.5691333893785, 28.5229789223213], [77.5691617473037, 28.5229707215407], [77.5691733977023, 28.5230021465125]]]}}, {"type": "Feature", "properties": {"source": "Google Open Buildings v3", "area_in_meters": 214.87, "confidence": 0.7407, "plus_code": "7JWVGHJH+6V2X", "lat": 28.53052004, "lon": 77.57965444}, "geometry": {"type": "Polygon", "coordinates": [[[77.5797618683053, 28.5305363268231], [77.5796729480177, 28.5306149032696], [77.5795470045066, 28.5305037462189], [77.5796359248076, 28.5304251698537], [77.5797618683053, 28.5305363268231]]]}}, {"type": "Feature", "properties": {"source": "Google Open Buildings v3", "area_in_meters": 18.25, "confidence": 0.8224, "plus_code": "7JWVGHFC+586V", "lat": 28.52292298, "lon": 77.57076061}, "geometry": {"type": "Polygon", "coordinates": [[[77.5707867637081, 28.5229374732801], [77.5707460551359, 28.5229470267576], [77.5707344594839, 28.5229084846502], [77.5707751680428, 28.522898931177], [77.5707867637081, 28.5229374732801]]]}}, {"type": "Feature", "properties": {"source": "Google Open Buildings v3", "area_in_meters": 1272.72, "confidence": 0.8681, "plus_code": "7JWVGHJH+P46X", "lat": 28.53179768, "lon": 77.5777772}, "geometry": {"type": "Polygon", "coordinates": [[[77.5778091903359, 28.5316476687305], [77.5778461465983, 28.5316136451021], [77.5779600920619, 28.5317101716682], [77.5779231358085, 28.5317441953271], [77.5780215035862, 28.5318275253654], [77.5778050204629, 28.5320268294506], [77.5775183156285, 28.5317839529907], [77.5777347988699, 28.5315846493542], [77.5778091903359, 28.5316476687305]]]}}, {"type": "Feature", "properties": {"source": "Google Open Buildings v3", "area_in_meters": 182.1, "confidence": 0.7698, "plus_code": "7JWVGHGG+53X5", "lat": 28.52547636, "lon": 77.57524801}, "geometry": {"type": "Polygon", "coordinates": [[[77.5753104053612, 28.52555717092], [77.5752167473579, 28.5255701911184], [77.5751856200702, 28.5253955429009], [77.5752792779261, 28.5253825227338], [77.5753104053612, 28.52555717092]]]}}, {"type": "Feature", "properties": {"source": "Google Open Buildings v3", "area_in_meters": 18.52, "confidence": 0.7364, "plus_code": "7JWVGHH9+G2HC", "lat": 28.52881153, "lon": 77.56759826}, "geometry": {"type": "Polygon", "coordinates": [[[77.567624399279, 28.5288264984851], [77.5675842695151, 28.5288361069362], [77.5675721232165, 28.5287965407638], [77.567612252967, 28.528786932317], [77.567624399279, 28.5288264984851]]]}}, {"type": "Feature", "properties": {"source": "Google Open Buildings v3", "area_in_meters": 74.26, "confidence": 0.7765, "plus_code": "7JWVGH79+F84G", "lat": 28.51363907, "lon": 77.56833297}, "geometry": {"type": "Polygon", "coordinates": [[[77.5683879199742, 28.5136682210795], [77.5683203585576, 28.513694579982], [77.5682780274371, 28.5136099304877], [77.5683455888151, 28.5135835716081], [77.5683879199742, 28.5136682210795]]]}}, {"type": "Feature", "properties": {"source": "Google Open Buildings v3", "area_in_meters": 103.67, "confidence": 0.8314, "plus_code": "7JWVGHJH+5WCH", "lat": 28.53043819, "lon": 77.57977351}, "geometry": {"type": "Polygon", "coordinates": [[[77.5798486382919, 28.5304247269392], [77.5797579427257, 28.5305044929639], [77.5796983695886, 28.5304516640267], [77.579789065161, 28.5303718980415], [77.5798486382919, 28.5304247269392]]]}}, {"type": "Feature", "properties": {"source": "Google Open Buildings v3", "area_in_meters": 15.8, "confidence": 0.7778, "plus_code": "7JWVGHHH+M8W3", "lat": 28.52922545, "lon": 77.57832156}, "geometry": {"type": "Polygon", "coordinates": [[[77.5783497682276, 28.5292343762363], [77.578301068738, 28.5292447746875], [77.5782933426865, 28.5292165533981], [77.5783420421643, 28.5292061549503], [77.5783497682276, 28.5292343762363]]]}}, {"type": "Feature", "properties": {"source": "Google Open Buildings v3", "area_in_meters": 1553.86, "confidence": 0.8654, "plus_code": "7JWVGHHG+2Q74", "lat": 28.52752727, "lon": 77.57692713}, "geometry": {"type": "Polygon", "coordinates": [[[77.5768884330733, 28.5271953162269], [77.5768831973092, 28.527232439978], [77.5770892970257, 28.527255111587], [77.5770079328536, 28.5278320231209], [77.5767660801934, 28.5278054186303], [77.576852681465, 28.527191383405], [77.5768884330733, 28.5271953162269]]]}}, {"type": "Feature", "properties": {"source": "Google Open Buildings v3", "area_in_meters": 43.31, "confidence": 0.7421, "plus_code": "7JWVGH79+8HV3", "lat": 28.51335068, "lon": 77.56891739}, "geometry": {"type": "Polygon", "coordinates": [[[77.5689232363001, 28.5132993207108], [77.56895145071, 28.5133926148182], [77.568911566011, 28.5134020254361], [77.5688833516323, 28.5133087313188], [77.5689232363001, 28.5132993207108]]]}}, {"type": "Feature", "properties": {"source": "Google Open Buildings v3", "area_in_meters": 35.22, "confidence": 0.78, "plus_code": "7JWVGH7C+9H4G", "lat": 28.51338772, "lon": 77.57145959}, "geometry": {"type": "Polygon", "coordinates": [[[77.5715026142348, 28.5133856855293], [77.5714554227871, 28.5134255968146], [77.5714165722258, 28.5133897574739], [77.5714637636741, 28.5133498462024], [77.5715026142348, 28.5133856855293]]]}}, {"type": "Feature", "properties": {"source": "Google Open Buildings v3", "area_in_meters": 12.33, "confidence": 0.6746, "plus_code": "7JWVGHJJ+JRJV", "lat": 28.53159821, "lon": 77.58201224}, "geometry": {"type": "Polygon", "coordinates": [[[77.5820281915527, 28.5315806913215], [77.5820339718172, 28.53160990933], [77.5819962684167, 28.5316157266188], [77.5819904881621, 28.5315865086082], [77.5820281915527, 28.5315806913215]]]}}, {"type": "Feature", "properties": {"source": "Google Open Buildings v3", "area_in_meters": 57.53, "confidence": 0.7038, "plus_code": "7JWVGH78+Q3WJ", "lat": 28.51449121, "lon": 77.56518771}, "geometry": {"type": "Polygon", "coordinates": [[[77.5651578513695, 28.5144233694336], [77.5652484060852, 28.5145404465001], [77.5652175695089, 28.5145590541377], [77.5651270148088, 28.514441977049], [77.5651578513695, 28.5144233694336]]]}}, {"type": "Feature", "properties": {"source": "Google Open Buildings v3", "area_in_meters": 24.22, "confidence": 0.7715, "plus_code": "7JWVGHFF+5VR4", "lat": 28.52297906, "lon": 77.57464822}, "geometry": {"type": "Polygon", "coordinates": [[[77.5746825647851, 28.5229871046452], [77.5746403426925, 28.5230096641814], [77.5746138686431, 28.5229710145584], [77.574656090727, 28.5229484550311], [77.5746825647851, 28.5229871046452]]]}}, {"type": "Feature", "properties": {"source": "Google Open Buildings v3", "area_in_meters": 64.22, "confidence": 0.8333, "plus_code": "7JWVGH7C+FHQ9", "lat": 28.51370783, "lon": 77.57149233}, "geometry": {"type": "Polygon", "coordinates": [[[77.5714705529993, 28.5136417170405], [77.5715517378084, 28.5137524044213], [77.5715141205007, 28.5137739300919], [77.5714329357128, 28.5136632426865], [77.5714705529993, 28.5136417170405]]]}}, {"type": "Feature", "properties": {"source": "Google Open Buildings v3", "area_in_meters": 170.93, "confidence": 0.8924, "plus_code": "7JWVGHMH+56PQ", "lat": 28.53296958, "lon": 77.5780868}, "geometry": {"type": "Polygon", "coordinates": [[[77.5781782206832, 28.5329965338475], [77.5780834415037, 28.5330546455619], [77.5779953683744, 28.5329426179749], [77.5780901475165, 28.5328845063221], [77.5781782206832, 28.5329965338475]]]}}, {"type": "Feature", "properties": {"source": "Google Open Buildings v3", "area_in_meters": 9.04, "confidence": 0.6911, "plus_code": "7JWVGHJ8+G86J", "lat": 28.53129471, "lon": 77.56575336}, "geometry": {"type": "Polygon", "coordinates": [[[77.5657673718662, 28.5312795360389], [77.5657738330051, 28.5313022421465], [77.5657393406059, 28.531309896975], [77.5657328794736, 28.5312871908654], [77.5657673718662, 28.5312795360389]]]}}, {"type": "Feature", "properties": {"source": "Google Open Buildings v3", "area_in_meters": 375.89, "confidence": 0.7852, "plus_code": "7JWVGHHH+X7RR", "lat": 28.52999717, "lon": 77.57812933}, "geometry": {"type": "Polygon", "coordinates": [[[77.5781004864826, 28.5298738721909], [77.5781521760683, 28.5299824751727], [77.5782455819883, 28.5299478019989], [77.5782877502152, 28.5300363996671], [77.5780871850903, 28.530110851285], [77.5779933274895, 28.5299136505181], [77.5781004864826, 28.5298738721909]]]}}, {"type": "Feature", "properties": {"source": "Google Open Buildings v3", "area_in_meters": 15.19, "confidence": 0.7892, "plus_code": "7JWVGHHJ+JR32", "lat": 28.52900351, "lon": 77.58203178}, "geometry": {"type": "Polygon", "coordinates": [[[77.5820599832376, 28.5290047300716], [77.5820337442696, 28.5290283804712], [77.5820035708261, 28.5290022709911], [77.5820298097948, 28.5289786205976], [77.5820599832376, 28.5290047300716]]]}}, {"type": "Feature", "properties": {"source": "Google Open Buildings v3", "area_in_meters": 184.79, "confidence": 0.8982, "plus_code": "7JWVGH78+W738", "lat": 28.51475644, "lon": 77.56567851}, "geometry": {"type": "Polygon", "coordinates": [[[77.5657824824203, 28.5147360292502], [77.5656431484589, 28.5148451791615], [77.565574542869, 28.5147768545693], [77.5657138768225, 28.5146677047287], [77.5657824824203, 28.5147360292502]]]}}, {"type": "Feature", "properties": {"source": "Google Open Buildings v3", "area_in_meters": 129.39, "confidence": 0.7292, "plus_code": "7JWVGHGG+JHQG", "lat": 28.52658863, "lon": 77.57648597}, "geometry": {"type": "Polygon", "coordinates": [[[77.5765820320773, 28.526513253376], [77.5764334622673, 28.5266918165553], [77.5763899458389, 28.5266634024647], [77.5765391050865, 28.5264852241771], [77.5765820320773, 28.526513253376]]]}}, {"type": "Feature", "properties": {"source": "Google Open Buildings v3", "area_in_meters": 19.9, "confidence": 0.7343, "plus_code": "7JWVGHJJ+RVHJ", "lat": 28.53206708, "lon": 77.58221942}, "geometry": {"type": "Polygon", "coordinates": [[[77.5822495559777, 28.5320771888957], [77.5822062051089, 28.5320930440761], [77.5821892885223, 28.5320569713447], [77.5822326393795, 28.5320411161702], [77.5822495559777, 28.5320771888957]]]}}, {"type": "Feature", "properties": {"source": "Google Open Buildings v3", "area_in_meters": 51.16, "confidence": 0.7084, "plus_code": "7JWVGHHH+99J8", "lat": 28.5284555, "lon": 77.57839408}, "geometry": {"type": "Polygon", "coordinates": [[[77.5784089483637, 28.5284127743423], [77.5784417442693, 28.5284799313994], [77.578390879505, 28.5284993051805], [77.5783745970503, 28.5284659631412], [77.5783581791365, 28.5284722165223], [77.5783416657141, 28.5284384014883], [77.5784089483637, 28.5284127743423]]]}}, {"type": "Feature", "properties": {"source": "Google Open Buildings v3", "area_in_meters": 66.08, "confidence": 0.7338, "plus_code": "7JWVGHHG+VX6M", "lat": 28.52966647, "lon": 77.57738394}, "geometry": {"type": "Polygon", "coordinates": [[[77.5774354424211, 28.5296920751655], [77.5773639678755, 28.5297155950906], [77.5773324384889, 28.5296408658036], [77.5774039129939, 28.5296173458977], [77.5774354424211, 28.5296920751655]]]}}, {"type": "Feature", "properties": {"source": "Google Open Buildings v3", "area_in_meters": 21.26, "confidence": 0.7908, "plus_code": "7JWVGHMC+3Q47", "lat": 28.53263271, "lon": 77.57195302}, "geometry": {"type": "Polygon", "coordinates": [[[77.5719843381232, 28.5326429126572], [77.5719383010693, 28.5326591687926], [77.5719217029054, 28.5326225094013], [77.571967739947, 28.5326062532723], [77.5719843381232, 28.5326429126572]]]}}, {"type": "Feature", "properties": {"source": "Google Open Buildings v3", "area_in_meters": 239.41, "confidence": 0.8339, "plus_code": "7JWVGHJH+2V86", "lat": 28.53003357, "lon": 77.57969264}, "geometry": {"type": "Polygon", "coordinates": [[[77.5796484386099, 28.5299708771351], [77.5796781695596, 28.5299431263135], [77.5798098445552, 28.5300531515999], [77.5797240178305, 28.5301332621794], [77.5795717120566, 28.5300059980767], [77.5796278078587, 28.5299536384087], [77.5796484386099, 28.5299708771351]]]}}, {"type": "Feature", "properties": {"source": "Google Open Buildings v3", "area_in_meters": 50.26, "confidence": 0.6727, "plus_code": "7JWVGHHJ+GRXR", "lat": 28.52887178, "lon": 77.58209477}, "geometry": {"type": "Polygon", "coordinates": [[[77.5821636530029, 28.528832238374], [77.5820486511331, 28.528931835899], [77.5820258786702, 28.5289113274574], [77.5821408805423, 28.5288117299514], [77.5821636530029, 28.528832238374]]]}}, {"type": "Feature", "properties": {"source": "Google Open Buildings v3", "area_in_meters": 105.33, "confidence": 0.8046, "plus_code": "7JWVGH7C+8GXW", "lat": 28.51337018, "lon": 77.57136023}, "geometry": {"type": "Polygon", "coordinates": [[[77.5713807461158, 28.5132887470755], [77.5713505653112, 28.5133133947057], [77.5714345701588, 28.5133936465881], [77.5713772761251, 28.5134404366515], [77.5712857495111, 28.5133529989938], [77.5713732243487, 28.5132815613405], [77.5713807461158, 28.5132887470755]]]}}, {"type": "Feature", "properties": {"source": "Google Open Buildings v3", "area_in_meters": 59.15, "confidence": 0.722, "plus_code": "7JWVGHHH+CC33", "lat": 28.52850211, "lon": 77.57854074}, "geometry": {"type": "Polygon", "coordinates": [[[77.5785278485418, 28.5284498199468], [77.578597460671, 28.5285209654955], [77.5785536425665, 28.5285544050112], [77.5784840304407, 28.5284832594397], [77.5785278485418, 28.5284498199468]]]}}, {"type": "Feature", "properties": {"source": "Google Open Buildings v3", "area_in_meters": 117.02, "confidence": 0.8333, "plus_code": "7JWVGHGG+JP8F", "lat": 28.52653927, "lon": 77.57682102}, "geometry": {"type": "Polygon", "coordinates": [[[77.5767230745228, 28.5264788534897], [77.5769388019625, 28.5265569340087], [77.5769189625999, 28.5265996880232], [77.5767032350828, 28.5265216074765], [77.5767230745228, 28.5264788534897]]]}}, {"type": "Feature", "properties": {"source": "Google Open Buildings v3", "area_in_meters": 13.64, "confidence": 0.7256, "plus_code": "7JWVGHJJ+VW2J", "lat": 28.53214007, "lon": 77.58225202}, "geometry": {"type": "Polygon", "coordinates": [[[77.5822700622936, 28.5321220829097], [77.5822765828498, 28.5321503993582], [77.5822339865119, 28.5321580492736], [77.5822274659664, 28.5321297328225], [77.5822700622936, 28.5321220829097]]]}}, {"type": "Feature", "properties": {"source": "Google Open Buildings v3", "area_in_meters": 72.35, "confidence": 0.6547, "plus_code": "7JWVGHHH+J9MX", "lat": 28.5290967, "lon": 77.57843405}, "geometry": {"type": "Polygon", "coordinates": [[[77.5784928708369, 28.5291133351495], [77.5784065510231, 28.5291455330196], [77.5783752355085, 28.5290800531887], [77.5784615552798, 28.529047855342], [77.5784928708369, 28.5291133351495]]]}}, {"type": "Feature", "properties": {"source": "Google Open Buildings v3", "area_in_meters": 23.07, "confidence": 0.6597, "plus_code": "7JWVGHJH+G953", "lat": 28.53125382, "lon": 77.57848381}, "geometry": {"type": "Polygon", "coordinates": [[[77.5784830748287, 28.5312261429321], [77.5785143693854, 28.5312627095819], [77.5785130941951, 28.5312810226692], [77.5784908738027, 28.5312798159343], [77.5784503062934, 28.5312518746353], [77.5784654321353, 28.5312251847961], [77.5784830748287, 28.5312261429321]]]}}, {"type": "Feature", "properties": {"source": "Google Open Buildings v3", "area_in_meters": 72.25, "confidence": 0.7325, "plus_code": "7JWVGHM9+9688", "lat": 28.53340632, "lon": 77.56808445}, "geometry": {"type": "Polygon", "coordinates": [[[77.5681395052812, 28.5334321146052], [77.568069606667, 28.5334597763975], [77.5680293962499, 28.5333805343884], [77.5680992948255, 28.5333528726192], [77.5681395052812, 28.5334321146052]]]}}, {"type": "Feature", "properties": {"source": "Google Open Buildings v3", "area_in_meters": 17.09, "confidence": 0.7501, "plus_code": "7JWVGHHH+6RHX", "lat": 28.52807487, "lon": 77.5796246}, "geometry": {"type": "Polygon", "coordinates": [[[77.579638471712, 28.5280512008034], [77.5796479396442, 28.528091766299], [77.5796107392655, 28.5280985383176], [77.5796012713464, 28.5280579728184], [77.579638471712, 28.5280512008034]]]}}, {"type": "Feature", "properties": {"source": "Google Open Buildings v3", "area_in_meters": 157.78, "confidence": 0.8602, "plus_code": "7JWVGHF9+5Q7V", "lat": 28.52292215, "lon": 77.56941663}, "geometry": {"type": "Polygon", "coordinates": [[[77.5694032639929, 28.5228023775552], [77.5694886631069, 28.5230243086884], [77.5694299952893, 28.5230419183307], [77.5693445962774, 28.5228199871542], [77.5694032639929, 28.5228023775552]]]}}, {"type": "Feature", "properties": {"source": "Google Open Buildings v3", "area_in_meters": 8.18, "confidence": 0.6844, "plus_code": "7JWVGHGG+MXXH", "lat": 28.52673796, "lon": 77.57749965}, "geometry": {"type": "Polygon", "coordinates": [[[77.5775152106207, 28.5267259768916], [77.5775132526167, 28.5267516644048], [77.5774840712313, 28.5267499294746], [77.5774860292425, 28.5267242419614], [77.5775152106207, 28.5267259768916]]]}}, {"type": "Feature", "properties": {"source": "Google Open Buildings v3", "area_in_meters": 119.76, "confidence": 0.7926, "plus_code": "7JWVGH78+XPVX", "lat": 28.51499993, "lon": 77.56680842}, "geometry": {"type": "Polygon", "coordinates": [[[77.5668900995082, 28.5150002189864], [77.5667664647276, 28.5150687005971], [77.5667360588618, 28.5150258747582], [77.5667562718656, 28.5150146787412], [77.566738305323, 28.5149893733378], [77.5668417270617, 28.5149320877875], [77.5668900995082, 28.5150002189864]]]}}, {"type": "Feature", "properties": {"source": "Google Open Buildings v3", "area_in_meters": 29.71, "confidence": 0.6987, "plus_code": "7JWVGHHC+QP6X", "lat": 28.52942339, "lon": 77.57177958}, "geometry": {"type": "Polygon", "coordinates": [[[77.5718300398057, 28.5294236511349], [77.5718194592399, 28.529450696743], [77.5717291148678, 28.5294231306533], [77.5717396954541, 28.5293960850506], [77.5718300398057, 28.5294236511349]]]}}, {"type": "Feature", "properties": {"source": "Google Open Buildings v3", "area_in_meters": 15.31, "confidence": 0.7368, "plus_code": "7JWVGHHH+G762", "lat": 28.52877843, "lon": 77.57812749}, "geometry": {"type": "Polygon", "coordinates": [[[77.5781376080776, 28.5287539925728], [77.5781489224684, 28.5287962775655], [77.5781173552946, 28.5288028654697], [77.5781060409153, 28.5287605804733], [77.5781376080776, 28.5287539925728]]]}}, {"type": "Feature", "properties": {"source": "Google Open Buildings v3", "area_in_meters": 87.69, "confidence": 0.7571, "plus_code": "7JWVGHFF+H85C", "lat": 28.52388916, "lon": 77.57335052}, "geometry": {"type": "Polygon", "coordinates": [[[77.5734071209899, 28.5238457469988], [77.573357570573, 28.5239550648384], [77.5732939307602, 28.5239325642947], [77.573343481236, 28.5238232464744], [77.5734071209899, 28.5238457469988]]]}}, {"type": "Feature", "properties": {"source": "Google Open Buildings v3", "area_in_meters": 42.91, "confidence": 0.7381, "plus_code": "7JWVGHJJ+58RW", "lat": 28.53049503, "lon": 77.58077293}, "geometry": {"type": "Polygon", "coordinates": [[[77.5808231433929, 28.5305210883046], [77.5807912255084, 28.5305438634052], [77.5807227156241, 28.5304689810014], [77.5807546335034, 28.5304462059175], [77.5808231433929, 28.5305210883046]]]}}, {"type": "Feature", "properties": {"source": "Google Open Buildings v3", "area_in_meters": 266.45, "confidence": 0.86, "plus_code": "7JWVGHHH+6M9G", "lat": 28.52803574, "lon": 77.57923822}, "geometry": {"type": "Polygon", "coordinates": [[[77.5793587562915, 28.5280605578703], [77.5791611501105, 28.5281233977786], [77.5791242763426, 28.5280329586277], [77.579165688415, 28.5280197893825], [77.5791533331558, 28.5279894860074], [77.5792800930029, 28.5279491756521], [77.5792924482918, 28.5279794790138], [77.5793218823852, 28.5279701187822], [77.5793587562915, 28.5280605578703]]]}}, {"type": "Feature", "properties": {"source": "Google Open Buildings v3", "area_in_meters": 29.45, "confidence": 0.8524, "plus_code": "7JWVGHJ8+R46C", "lat": 28.53203604, "lon": 77.56525254}, "geometry": {"type": "Polygon", "coordinates": [[[77.5652922384558, 28.5320392035254], [77.5652388182204, 28.5320690891059], [77.5652128377536, 28.5320328705638], [77.5652662579797, 28.5320029849939], [77.5652922384558, 28.5320392035254]]]}}, {"type": "Feature", "properties": {"source": "Google Open Buildings v3", "area_in_meters": 45.35, "confidence": 0.6518, "plus_code": "7JWVGHM9+9728", "lat": 28.53338381, "lon": 77.56814133}, "geometry": {"type": "Polygon", "coordinates": [[[77.5681431709047, 28.5333355090064], [77.5681833813845, 28.533414750978], [77.5681395052808, 28.5334321146044], [77.5680992948252, 28.5333528726183], [77.5681431709047, 28.5333355090064]]]}}, {"type": "Feature", "properties": {"source": "Google Open Buildings v3", "area_in_meters": 47.44, "confidence": 0.7282, "plus_code": "7JWVGHC9+W9VC", "lat": 28.52236451, "lon": 77.56840781}, "geometry": {"type": "Polygon", "coordinates": [[[77.5684137974047, 28.5223151189211], [77.5684477819051, 28.5223994457901], [77.5684018239723, 28.5224138933825], [77.568367839502, 28.5223295665001], [77.5684137974047, 28.5223151189211]]]}}, {"type": "Feature", "properties": {"source": "Google Open Buildings v3", "area_in_meters": 213.12, "confidence": 0.8797, "plus_code": "7JWVGHFF+GC4R", "lat": 28.52377262, "lon": 77.57356755}, "geometry": {"type": "Polygon", "coordinates": [[[77.5736560416724, 28.5236740493432], [77.5735545848142, 28.5238978842721], [77.5734790454763, 28.5238711766279], [77.5735805024781, 28.5236473417462], [77.5736560416724, 28.5236740493432]]]}}, {"type": "Feature", "properties": {"source": "Google Open Buildings v3", "area_in_meters": 407.49, "confidence": 0.7028, "plus_code": "7JWVGHGG+HH9J", "lat": 28.52641979, "lon": 77.57646941}, "geometry": {"type": "Polygon", "coordinates": [[[77.576584686878, 28.5265095417799], [77.5764148355555, 28.5263934741483], [77.5762391841536, 28.5265951304903], [77.5762090965976, 28.5265745701389], [77.576462197963, 28.5262856769031], [77.5766614979319, 28.526421868221], [77.576584686878, 28.5265095417799]]]}}, {"type": "Feature", "properties": {"source": "Google Open Buildings v3", "area_in_meters": 10.46, "confidence": 0.7147, "plus_code": "7JWVGHMF+5CWR", "lat": 28.53299685, "lon": 77.57356315}, "geometry": {"type": "Polygon", "coordinates": [[[77.5735863632308, 28.533000154371], [77.5735556136061, 28.5330165227597], [77.5735399426407, 28.5329935633093], [77.5735706922613, 28.5329771949245], [77.5735863632308, 28.533000154371]]]}}, {"type": "Feature", "properties": {"source": "Google Open Buildings v3", "area_in_meters": 16.09, "confidence": 0.7937, "plus_code": "7JWVGHGG+33F5", "lat": 28.52517916, "lon": 77.57518719}, "geometry": {"type": "Polygon", "coordinates": [[[77.5752015638628, 28.5251561960216], [77.575207399096, 28.525198382623], [77.5751728019711, 28.5252021152968], [77.5751669667513, 28.5251599286933], [77.5752015638628, 28.5251561960216]]]}}, {"type": "Feature", "properties": {"source": "Google Open Buildings v3", "area_in_meters": 197.86, "confidence": 0.8412, "plus_code": "7JWVGHJ8+R69G", "lat": 28.53203635, "lon": 77.56560948}, "geometry": {"type": "Polygon", "coordinates": [[[77.5657063841482, 28.5320797169628], [77.5656137094353, 28.5321322186256], [77.5655125624524, 28.5319929730989], [77.5656052371029, 28.5319404715063], [77.5657063841482, 28.5320797169628]]]}}, {"type": "Feature", "properties": {"source": "Google Open Buildings v3", "area_in_meters": 198.75, "confidence": 0.7311, "plus_code": "7JWVGH79+JXP7", "lat": 28.51408056, "lon": 77.56995249}, "geometry": {"type": "Polygon", "coordinates": [[[77.5699893300366, 28.513995673424], [77.5699596809833, 28.514008496653], [77.5700399565326, 28.5141533024521], [77.5699580869695, 28.5141887110462], [77.5698633952518, 28.5140179002291], [77.5699749137721, 28.5139696684725], [77.5699893300366, 28.513995673424]]]}}, {"type": "Feature", "properties": {"source": "Google Open Buildings v3", "area_in_meters": 7.94, "confidence": 0.6634, "plus_code": "7JWVGHFC+GXRJ", "lat": 28.52386963, "lon": 77.57237619}, "geometry": {"type": "Polygon", "coordinates": [[[77.5723905026031, 28.5238557550682], [77.5723963095998, 28.5238756600357], [77.572361872451, 28.5238834965834], [77.5723560654602, 28.5238635916142], [77.5723905026031, 28.5238557550682]]]}}, {"type": "Feature", "properties": {"source": "Google Open Buildings v3", "area_in_meters": 48.43, "confidence": 0.6805, "plus_code": "7JWVGH87+9MQV", "lat": 28.51597317, "lon": 77.56423312}, "geometry": {"type": "Polygon", "coordinates": [[[77.5642854905699, 28.5159973394599], [77.5642495447957, 28.5160233058533], [77.5641807399333, 28.5159489989802], [77.5642166857016, 28.5159230326058], [77.5642854905699, 28.5159973394599]]]}}, {"type": "Feature", "properties": {"source": "Google Open Buildings v3", "area_in_meters": 35.99, "confidence": 0.7078, "plus_code": "7JWVGHCC+W5QF", "lat": 28.52233652, "lon": 77.57048089}, "geometry": {"type": "Polygon", "coordinates": [[[77.570528185701, 28.5223307156875], [77.5704593620364, 28.5223741651878], [77.5704335797893, 28.5223423089508], [77.5705024034451, 28.5222988594644], [77.570528185701, 28.5223307156875]]]}}, {"type": "Feature", "properties": {"source": "Google Open Buildings v3", "area_in_meters": 1116.86, "confidence": 0.9332, "plus_code": "7JWVGHJH+78GG", "lat": 28.53068834, "lon": 77.5783318}, "geometry": {"type": "Polygon", "coordinates": [[[77.5782518299977, 28.530911600561], [77.578077639532, 28.5307550762429], [77.5784117649626, 28.530465072763], [77.5785859553781, 28.5306215966605], [77.5782518299977, 28.530911600561]]]}}, {"type": "Feature", "properties": {"source": "Google Open Buildings v3", "area_in_meters": 19.47, "confidence": 0.822, "plus_code": "7JWVGHHJ+MR25", "lat": 28.52912739, "lon": 77.58202365}, "geometry": {"type": "Polygon", "coordinates": [[[77.582056567461, 28.5291197891312], [77.5820153778705, 28.5291565371897], [77.5819907448174, 28.52913500266], [77.5820319344087, 28.5290982546094], [77.582056567461, 28.5291197891312]]]}}, {"type": "Feature", "properties": {"source": "Google Open Buildings v3", "area_in_meters": 328.3, "confidence": 0.9525, "plus_code": "7JWVGHJJ+QGW3", "lat": 28.53197662, "lon": 77.58132788}, "geometry": {"type": "Polygon", "coordinates": [[[77.5814742731813, 28.5319872064225], [77.5812292062802, 28.5320727100484], [77.5811814844482, 28.5319660360381], [77.5814265511549, 28.5318805325108], [77.5814742731813, 28.5319872064225]]]}}, {"type": "Feature", "properties": {"source": "Google Open Buildings v3", "area_in_meters": 170.75, "confidence": 0.823, "plus_code": "7JWVGHFF+GF6M", "lat": 28.52379344, "lon": 77.57363738}, "geometry": {"type": "Polygon", "coordinates": [[[77.5736272766723, 28.5238975546722], [77.5736073074204, 28.5238904943731], [77.573597138344, 28.5239129294486], [77.5735545848143, 28.5238978842726], [77.5736560416726, 28.5236740493436], [77.5737185643394, 28.5236961547809], [77.5736272766723, 28.5238975546722]]]}}, {"type": "Feature", "properties": {"source": "Google Open Buildings v3", "area_in_meters": 689.76, "confidence": 0.7834, "plus_code": "7JWVGHJH+395W", "lat": 28.53014668, "lon": 77.57848607}, "geometry": {"type": "Polygon", "coordinates": [[[77.5784560283189, 28.5299768659732], [77.578494744405, 28.5300617531324], [77.5785680009555, 28.5300356944236], [77.5786619555407, 28.5302416940824], [77.5784664755677, 28.5303112298556], [77.5784063245619, 28.5301793456673], [77.5783644387407, 28.5301942451602], [77.5783093361257, 28.5300734293747], [77.5783792654517, 28.5300485543355], [77.5783618488048, 28.5300103672797], [77.5784560283189, 28.5299768659732]]]}}, {"type": "Feature", "properties": {"source": "Google Open Buildings v3", "area_in_meters": 109.47, "confidence": 0.7189, "plus_code": "7JWVGHHF+CHWQ", "lat": 28.52861867, "lon": 77.57396243}, "geometry": {"type": "Polygon", "coordinates": [[[77.5739520011111, 28.5285280134132], [77.5740262411211, 28.5286902804537], [77.5739728545886, 28.5287093310027], [77.5738986146423, 28.5285470639291], [77.5739520011111, 28.5285280134132]]]}}, {"type": "Feature", "properties": {"source": "Google Open Buildings v3", "area_in_meters": 38.05, "confidence": 0.8435, "plus_code": "7JWVGHJJ+WJ39", "lat": 28.53225811, "lon": 77.5815549}, "geometry": {"type": "Polygon", "coordinates": [[[77.5815743521877, 28.5322227358737], [77.5815949644021, 28.5322752901848], [77.5815354502196, 28.5322934945019], [77.5815148380296, 28.5322409401802], [77.5815743521877, 28.5322227358737]]]}}, {"type": "Feature", "properties": {"source": "Google Open Buildings v3", "area_in_meters": 141.3, "confidence": 0.8969, "plus_code": "7JWVGH78+P3HG", "lat": 28.51431462, "lon": 77.56524088}, "geometry": {"type": "Polygon", "coordinates": [[[77.5653272538199, 28.5143211471699], [77.5652163708949, 28.5143880571255], [77.5651545170367, 28.5143080869004], [77.5652653999263, 28.5142411769956], [77.5653272538199, 28.5143211471699]]]}}, {"type": "Feature", "properties": {"source": "Google Open Buildings v3", "area_in_meters": 83.6, "confidence": 0.7154, "plus_code": "7JWVGHFG+H3J4", "lat": 28.52395438, "lon": 77.57514175}, "geometry": {"type": "Polygon", "coordinates": [[[77.5752001557631, 28.5239261160275], [77.5751622557718, 28.5240103160302], [77.5750833557715, 28.5239827160358], [77.5751104557653, 28.5239224160338], [77.5751212557627, 28.5238984160331], [77.5752001557631, 28.5239261160275]]]}}, {"type": "Feature", "properties": {"source": "Google Open Buildings v3", "area_in_meters": 19.39, "confidence": 0.8111, "plus_code": "7JWVGHJ8+XHCC", "lat": 28.53243678, "lon": 77.56638003}, "geometry": {"type": "Polygon", "coordinates": [[[77.5663938964773, 28.5324102349521], [77.5664023763585, 28.5324583574267], [77.5663661660999, 28.5324633337601], [77.5663576862346, 28.5324152112822], [77.5663938964773, 28.5324102349521]]]}}, {"type": "Feature", "properties": {"source": "Google Open Buildings v3", "area_in_meters": 691.73, "confidence": 0.7593, "plus_code": "7JWVGHHG+HXCH", "lat": 28.52893732, "lon": 77.57740578}, "geometry": {"type": "Polygon", "coordinates": [[[77.5775665562191, 28.5290226160006], [77.5773352562332, 28.5291052160169], [77.5772475562182, 28.5289136160231], [77.5773636562111, 28.5288721160149], [77.577322156204, 28.5287816160179], [77.5774372561969, 28.5287405160097], [77.5775665562191, 28.5290226160006]]]}}, {"type": "Feature", "properties": {"source": "Google Open Buildings v3", "area_in_meters": 37.12, "confidence": 0.7833, "plus_code": "7JWVGHHJ+HVVH", "lat": 28.52898932, "lon": 77.58218215}, "geometry": {"type": "Polygon", "coordinates": [[[77.5822290079221, 28.5289748841526], [77.582165990179, 28.5290307555055], [77.5821352936786, 28.5290037515252], [77.582198311424, 28.5289478801864], [77.5822290079221, 28.5289748841526]]]}}, {"type": "Feature", "properties": {"source": "Google Open Buildings v3", "area_in_meters": 119.9, "confidence": 0.7629, "plus_code": "7JWVGHHH+X77P", "lat": 28.52991724, "lon": 77.57817488}, "geometry": {"type": "Polygon", "coordinates": [[[77.578172982141, 28.5298469611214], [77.5782086939167, 28.5299219936722], [77.5782535881755, 28.5299053284734], [77.5782695660528, 28.5299388988674], [77.5781521760673, 28.5299824751702], [77.5781004864816, 28.5298738721885], [77.578172982141, 28.5298469611214]]]}}, {"type": "Feature", "properties": {"source": "Google Open Buildings v3", "area_in_meters": 61.12, "confidence": 0.665, "plus_code": "7JWVGH87+CPQP", "lat": 28.51609313, "lon": 77.56436442}, "geometry": {"type": "Polygon", "coordinates": [[[77.5643548727568, 28.5160468980382], [77.5643710709622, 28.5160668952054], [77.5643846868262, 28.516058290887], [77.5644217748613, 28.5161040771264], [77.56436107547, 28.5161424350857], [77.564307789243, 28.5160766516562], [77.5643548727568, 28.5160468980382]]]}}, {"type": "Feature", "properties": {"source": "Google Open Buildings v3", "area_in_meters": 193.55, "confidence": 0.9221, "plus_code": "7JWVGH89+2XQ9", "lat": 28.51508293, "lon": 77.56999259}, "geometry": {"type": "Polygon", "coordinates": [[[77.570092770104, 28.5151020777608], [77.5699698454717, 28.5151599232744], [77.5699477533446, 28.5151232974169], [77.5699164534899, 28.5151380263814], [77.5698902088092, 28.5150945160718], [77.5699215086554, 28.5150797871138], [77.5699084367238, 28.5150581155243], [77.5700313612813, 28.5150002700709], [77.570092770104, 28.5151020777608]]]}}, {"type": "Feature", "properties": {"source": "Google Open Buildings v3", "area_in_meters": 42.94, "confidence": 0.7803, "plus_code": "7JWVGH9C+HWJX", "lat": 28.51897402, "lon": 77.57227796}, "geometry": {"type": "Polygon", "coordinates": [[[77.5723247948, 28.518988128603], [77.5722824013502, 28.5190175504079], [77.5722311210952, 28.5189599098373], [77.5722735145391, 28.5189304880487], [77.5723247948, 28.518988128603]]]}}, {"type": "Feature", "properties": {"source": "Google Open Buildings v3", "area_in_meters": 154.62, "confidence": 0.9227, "plus_code": "7JWVGHC9+9XCQ", "lat": 28.52094194, "lon": 77.56990428}, "geometry": {"type": "Polygon", "coordinates": [[[77.5699838366823, 28.5209799718046], [77.5698757983298, 28.5210177768553], [77.5698247214514, 28.5209039131987], [77.569932759712, 28.5208661081933], [77.5699838366823, 28.5209799718046]]]}}, {"type": "Feature", "properties": {"source": "Google Open Buildings v3", "area_in_meters": 87.01, "confidence": 0.7907, "plus_code": "7JWVGH9G+7572", "lat": 28.51815388, "lon": 77.5754095}, "geometry": {"type": "Polygon", "coordinates": [[[77.5754743774835, 28.5181869073629], [77.5754174569378, 28.5182196457909], [77.5753446104361, 28.518120841571], [77.5754015309561, 28.5180881031752], [77.5754743774835, 28.5181869073629]]]}}, {"type": "Feature", "properties": {"source": "Google Open Buildings v3", "area_in_meters": 47.68, "confidence": 0.8539, "plus_code": "7JWVGHHJ+VCGP", "lat": 28.52969135, "lon": 77.58107823}, "geometry": {"type": "Polygon", "coordinates": [[[77.5811285061008, 28.5297089911097], [77.5810878262134, 28.5297383681349], [77.5810279581439, 28.529673709487], [77.581068638026, 28.52964433248], [77.5811285061008, 28.5297089911097]]]}}, {"type": "Feature", "properties": {"source": "Google Open Buildings v3", "area_in_meters": 215.28, "confidence": 0.7539, "plus_code": "7JWVGHC9+V92F", "lat": 28.52213785, "lon": 77.56838326}, "geometry": {"type": "Polygon", "coordinates": [[[77.5684787542622, 28.5221147799899], [77.5684097922211, 28.5221387411935], [77.5684413631092, 28.5222096190315], [77.5683524702228, 28.5222405052478], [77.5682902560998, 28.5221008318261], [77.5684481108992, 28.5220459844702], [77.5684787542622, 28.5221147799899]]]}}, {"type": "Feature", "properties": {"source": "Google Open Buildings v3", "area_in_meters": 14.38, "confidence": 0.6675, "plus_code": "7JWVGHCF+8R27", "lat": 28.52075572, "lon": 77.57451207}, "geometry": {"type": "Polygon", "coordinates": [[[77.5745121779838, 28.5207826546564], [77.5744875644115, 28.5207717540461], [77.5745119593797, 28.5207287848081], [77.5745365729438, 28.5207396854146], [77.5745121779838, 28.5207826546564]]]}}, {"type": "Feature", "properties": {"source": "Google Open Buildings v3", "area_in_meters": 159.78, "confidence": 0.7064, "plus_code": "7JWVGHHH+FC59", "lat": 28.5286303, "lon": 77.57861824}, "geometry": {"type": "Polygon", "coordinates": [[[77.5786107796516, 28.5285217835036], [77.5786920703951, 28.52870597216], [77.5786083058994, 28.5287348062359], [77.5785899036575, 28.5286931104112], [77.5786085673756, 28.5286866858451], [77.57854567897, 28.5285441929671], [77.5786107796516, 28.5285217835036]]]}}, {"type": "Feature", "properties": {"source": "Google Open Buildings v3", "area_in_meters": 17.1, "confidence": 0.6868, "plus_code": "7JWVGHHG+GQWR", "lat": 28.52887193, "lon": 77.5769385}, "geometry": {"type": "Polygon", "coordinates": [[[77.5769615592966, 28.528890256378], [77.576927954721, 28.5288976934227], [77.5769154447238, 28.5288536053023], [77.576949049287, 28.5288461682615], [77.5769615592966, 28.528890256378]]]}}, {"type": "Feature", "properties": {"source": "Google Open Buildings v3", "area_in_meters": 36.89, "confidence": 0.8221, "plus_code": "7JWVGHJ8+X922", "lat": 28.53237543, "lon": 77.56587786}, "geometry": {"type": "Polygon", "coordinates": [[[77.5659211373041, 28.5323825882324], [77.5658642942101, 28.5324124148528], [77.5658345835003, 28.5323682553881], [77.5658914265813, 28.532338428781], [77.5659211373041, 28.5323825882324]]]}}, {"type": "Feature", "properties": {"source": "Google Open Buildings v3", "area_in_meters": 261.54, "confidence": 0.8493, "plus_code": "7JWVGHHF+5M52", "lat": 28.52787847, "lon": 77.57422245}, "geometry": {"type": "Polygon", "coordinates": [[[77.574340880724, 28.5278923869032], [77.5741820924432, 28.5279463778341], [77.5741905860043, 28.5279658611147], [77.5741188299084, 28.5279902594291], [77.574098424563, 28.5279434517614], [77.5741701806336, 28.5279190534595], [77.5741337469882, 28.5278354785986], [77.5742925351366, 28.5277814877326], [77.574340880724, 28.5278923869032]]]}}, {"type": "Feature", "properties": {"source": "Google Open Buildings v3", "area_in_meters": 24.35, "confidence": 0.7607, "plus_code": "7JWVGHHF+2F9H", "lat": 28.52753667, "lon": 77.5737474}, "geometry": {"type": "Polygon", "coordinates": [[[77.5737836399363, 28.527546727248], [77.5737201220703, 28.5275600233306], [77.5737111560898, 28.5275266155459], [77.5737746739375, 28.5275133194688], [77.5737836399363, 28.527546727248]]]}}, {"type": "Feature", "properties": {"source": "Google Open Buildings v3", "area_in_meters": 17.68, "confidence": 0.659, "plus_code": "7JWVGHJJ+MJWQ", "lat": 28.53174456, "lon": 77.58159295}, "geometry": {"type": "Polygon", "coordinates": [[[77.5816212198991, 28.5317546260701], [77.5815779591625, 28.5317680088593], [77.5815646682308, 28.5317345011222], [77.581607928956, 28.5317211183381], [77.5816212198991, 28.5317546260701]]]}}, {"type": "Feature", "properties": {"source": "Google Open Buildings v3", "area_in_meters": 21.78, "confidence": 0.6638, "plus_code": "7JWVGHGG+9P38", "lat": 28.52588097, "lon": 77.57679788}, "geometry": {"type": "Polygon", "coordinates": [[[77.5768303799567, 28.5258680780303], [77.5767962979929, 28.5259124360075], [77.5767653369931, 28.5258938083609], [77.5767995102123, 28.5258495052909], [77.5768303799567, 28.5258680780303]]]}}, {"type": "Feature", "properties": {"source": "Google Open Buildings v3", "area_in_meters": 106.7, "confidence": 0.857, "plus_code": "7JWVGHJ8+G33J", "lat": 28.53126898, "lon": 77.56516192}, "geometry": {"type": "Polygon", "coordinates": [[[77.5652345680883, 28.531284284664], [77.5651502310201, 28.5313341233307], [77.5650892741851, 28.5312536742811], [77.5651736112241, 28.531203835654], [77.5652345680883, 28.531284284664]]]}}, {"type": "Feature", "properties": {"source": "Google Open Buildings v3", "area_in_meters": 31.98, "confidence": 0.6553, "plus_code": "7JWVGHMG+2HWV", "lat": 28.532623, "lon": 77.57645272}, "geometry": {"type": "Polygon", "coordinates": [[[77.5764933730295, 28.5326269794086], [77.5764447559345, 28.5326584377552], [77.576412065031, 28.5326190360473], [77.5764606821198, 28.5325875777132], [77.5764933730295, 28.5326269794086]]]}}, {"type": "Feature", "properties": {"source": "Google Open Buildings v3", "area_in_meters": 523.88, "confidence": 0.8809, "plus_code": "7JWVGH78+X63J", "lat": 28.51489474, "lon": 77.56553787}, "geometry": {"type": "Polygon", "coordinates": [[[77.5653745215054, 28.5146897291996], [77.5656390708156, 28.5149535710842], [77.5657036294176, 28.5149030699814], [77.5657707735807, 28.514970034252], [77.5656375940173, 28.5150742142237], [77.5653059005662, 28.5147434078685], [77.5653745215054, 28.5146897291996]]]}}, {"type": "Feature", "properties": {"source": "Google Open Buildings v3", "area_in_meters": 83.32, "confidence": 0.8448, "plus_code": "7JWVGHFC+V3QP", "lat": 28.5247161, "lon": 77.5702378}, "geometry": {"type": "Polygon", "coordinates": [[[77.5702434151468, 28.5246503085344], [77.5702922279574, 28.5247612932109], [77.5702321803398, 28.5247818932037], [77.5701833675776, 28.5246709085027], [77.5702434151468, 28.5246503085344]]]}}, {"type": "Feature", "properties": {"source": "Google Open Buildings v3", "area_in_meters": 86.8, "confidence": 0.756, "plus_code": "7JWVGH78+JR83", "lat": 28.51402964, "lon": 77.56707293}, "geometry": {"type": "Polygon", "coordinates": [[[77.5671383130347, 28.5140440270277], [77.5670510173605, 28.5140859232611], [77.5670075484861, 28.5140152612336], [77.5670948441249, 28.5139733650311], [77.5671383130347, 28.5140440270277]]]}}, {"type": "Feature", "properties": {"source": "Google Open Buildings v3", "area_in_meters": 78.99, "confidence": 0.7936, "plus_code": "7JWVGHHJ+VC9X", "lat": 28.52967479, "lon": 77.58112036}, "geometry": {"type": "Polygon", "coordinates": [[[77.5811881222086, 28.5297111857582], [77.58114461933, 28.5297414749479], [77.58105260162, 28.529638398033], [77.5810961044871, 28.5296081088742], [77.5811881222086, 28.5297111857582]]]}}, {"type": "Feature", "properties": {"source": "Google Open Buildings v3", "area_in_meters": 82.51, "confidence": 0.84, "plus_code": "7JWVGHJG+QC6G", "lat": 28.53191282, "lon": 77.57601959}, "geometry": {"type": "Polygon", "coordinates": [[[77.5760870168815, 28.5319177111538], [77.5759912991968, 28.531967093859], [77.575952160991, 28.5319079296156], [77.576047878645, 28.5318585469401], [77.5760870168815, 28.5319177111538]]]}}, {"type": "Feature", "properties": {"source": "Google Open Buildings v3", "area_in_meters": 17.87, "confidence": 0.748, "plus_code": "7JWVGHJH+HRFF", "lat": 28.531435, "lon": 77.57953909}, "geometry": {"type": "Polygon", "coordinates": [[[77.5795700232678, 28.5314366159576], [77.5795448414094, 28.5314618924535], [77.5795081563729, 28.5314333885257], [77.5795333382353, 28.5314081120357], [77.5795700232678, 28.5314366159576]]]}}, {"type": "Feature", "properties": {"source": "Google Open Buildings v3", "area_in_meters": 89.62, "confidence": 0.7386, "plus_code": "7JWVGHGG+QVMR", "lat": 28.5269719, "lon": 77.57716022}, "geometry": {"type": "Polygon", "coordinates": [[[77.5771195560167, 28.5269248159751], [77.5772341560144, 28.526934615967], [77.5772320560163, 28.5269545159671], [77.577198856017, 28.5269517159695], [77.5771909560238, 28.52702401597], [77.5771095560255, 28.5270171159758], [77.5771195560167, 28.5269248159751]]]}}, {"type": "Feature", "properties": {"source": "Google Open Buildings v3", "area_in_meters": 2977.55, "confidence": 0.8518, "plus_code": "7JWVGHGF+2Q3J", "lat": 28.52501773, "lon": 77.57440829}, "geometry": {"type": "Polygon", "coordinates": [[[77.5740682558994, 28.5249200161408], [77.5740709558942, 28.5248644161406], [77.5741311558928, 28.5248667161363], [77.5741322558905, 28.5248426161362], [77.5742213558883, 28.5248460161299], [77.5742224558862, 28.5248231161299], [77.5746166558764, 28.524838016102], [77.5746144558808, 28.5248849161021], [77.5748153558758, 28.5248924160879], [77.5748119558823, 28.5249629160882], [77.5749224558796, 28.5249670160804], [77.5749179558882, 28.5250595160807], [77.5747776558917, 28.5250543160906], [77.5747745558952, 28.5250925160908], [77.5747784558975, 28.5251184160905], [77.5747723558977, 28.525119116091], [77.5747706558997, 28.5251406160911], [77.5747025559013, 28.5251363160959], [77.5747002559056, 28.5251829160961], [77.57452545591, 28.5251763161084], [77.5745239559129, 28.5252081161085], [77.5740551559246, 28.5251905161417], [77.5740577559196, 28.5251370161415], [77.5740098559215, 28.5251426161449], [77.5740077559203, 28.525129016145], [77.5739860559208, 28.5251276161466], [77.5739933559118, 28.5250316161461], [77.5739803559041, 28.524944416147], [77.5739976559035, 28.5249424161457], [77.5739981559025, 28.5249323161457], [77.5740018559025, 28.5249324161455], [77.5740031559009, 28.5249159161454], [77.5740682558994, 28.5249200161408]]]}}, {"type": "Feature", "properties": {"source": "Google Open Buildings v3", "area_in_meters": 5.99, "confidence": 0.6617, "plus_code": "7JWVGH87+7H58", "lat": 28.51563376, "lon": 77.56398755}, "geometry": {"type": "Polygon", "coordinates": [[[77.5639987132262, 28.5156458731977], [77.563974254857, 28.5156440501001], [77.5639763921921, 28.5156216801056], [77.5640008505562, 28.5156235032031], [77.5639987132262, 28.5156458731977]]]}}, {"type": "Feature", "properties": {"source": "Google Open Buildings v3", "area_in_meters": 106.38, "confidence": 0.8518, "plus_code": "7JWVGHHG+8J95", "lat": 28.52827539, "lon": 77.57662251}, "geometry": {"type": "Polygon", "coordinates": [[[77.5766727228502, 28.5283413761239], [77.5766119398037, 28.5283481627691], [77.5766017197533, 28.5282767703556], [77.576566291902, 28.5282807259883], [77.5765584071223, 28.528225646452], [77.5766546179322, 28.5282149041904], [77.5766727228502, 28.5283413761239]]]}}, {"type": "Feature", "properties": {"source": "Google Open Buildings v3", "area_in_meters": 49.7, "confidence": 0.7504, "plus_code": "7JWVGH78+P4VJ", "lat": 28.51436867, "lon": 77.56528269}, "geometry": {"type": "Polygon", "coordinates": [[[77.5652381255157, 28.5144161834168], [77.5652163708955, 28.514388057127], [77.5653272538205, 28.5143211471714], [77.5653490084524, 28.5143492734421], [77.5652381255157, 28.5144161834168]]]}}, {"type": "Feature", "properties": {"source": "Google Open Buildings v3", "area_in_meters": 10.25, "confidence": 0.7248, "plus_code": "7JWVGHJH+HRP2", "lat": 28.53145345, "lon": 77.57956411}, "geometry": {"type": "Polygon", "coordinates": [[[77.579582658536, 28.531441134454], [77.5795803522091, 28.531468096168], [77.5795455470955, 28.5314657741705], [77.5795478534313, 28.5314388124565], [77.579582658536, 28.531441134454]]]}}, {"type": "Feature", "properties": {"source": "Google Open Buildings v3", "area_in_meters": 43.88, "confidence": 0.8494, "plus_code": "7JWVGHF9+9MH4", "lat": 28.52342847, "lon": 77.56923839}, "geometry": {"type": "Polygon", "coordinates": [[[77.5693021602616, 28.5234270066319], [77.569186580343, 28.5234613396583], [77.5691746247417, 28.523429945147], [77.5692902046316, 28.5233956121325], [77.5693021602616, 28.5234270066319]]]}}, {"type": "Feature", "properties": {"source": "Google Open Buildings v3", "area_in_meters": 9.88, "confidence": 0.659, "plus_code": "7JWVGHGH+95RX", "lat": 28.52599998, "lon": 77.57789935}, "geometry": {"type": "Polygon", "coordinates": [[[77.5779111942541, 28.5259802456387], [77.5779103223901, 28.5260201135325], [77.5778875090287, 28.5260197243918], [77.5778883809013, 28.5259798564978], [77.5779111942541, 28.5259802456387]]]}}, {"type": "Feature", "properties": {"source": "Google Open Buildings v3", "area_in_meters": 84.48, "confidence": 0.8028, "plus_code": "7JWVGHCC+W2W6", "lat": 28.52235709, "lon": 77.5700637}, "geometry": {"type": "Polygon", "coordinates": [[[77.5701189416792, 28.5223945260797], [77.5700483526288, 28.5224170748839], [77.5700084593064, 28.5223196578832], [77.5700790483028, 28.5222971091031], [77.5701189416792, 28.5223945260797]]]}}, {"type": "Feature", "properties": {"source": "Google Open Buildings v3", "area_in_meters": 217.79, "confidence": 0.9118, "plus_code": "7JWVGHJ8+P6XC", "lat": 28.53186032, "lon": 77.56559596}, "geometry": {"type": "Polygon", "coordinates": [[[77.5657368152762, 28.5318249764585], [77.5654976427436, 28.5319561469543], [77.5654551008155, 28.5318956499006], [77.5656942732763, 28.5317644794847], [77.5657368152762, 28.5318249764585]]]}}, {"type": "Feature", "properties": {"source": "Google Open Buildings v3", "area_in_meters": 207.13, "confidence": 0.7736, "plus_code": "7JWVGHM9+6W3R", "lat": 28.53302278, "lon": 77.56978464}, "geometry": {"type": "Polygon", "coordinates": [[[77.5698824003363, 28.5330365692148], [77.5698196418143, 28.5330614192025], [77.5698335570377, 28.5330888266199], [77.5697860218121, 28.5331076487368], [77.5697721065977, 28.5330802413139], [77.5697332150707, 28.5330956408407], [77.56968361835, 28.5329979548739], [77.5698328035146, 28.5329388833088], [77.5698824003363, 28.5330365692148]]]}}, {"type": "Feature", "properties": {"source": "Google Open Buildings v3", "area_in_meters": 148.6, "confidence": 0.9323, "plus_code": "7JWVGHCF+X9RG", "lat": 28.52248798, "lon": 77.5733917}, "geometry": {"type": "Polygon", "coordinates": [[[77.5734840934542, 28.5224840940742], [77.5734349668778, 28.522560189857], [77.5732993100225, 28.5224918746555], [77.5733484366727, 28.5224157789169], [77.5734840934542, 28.5224840940742]]]}}, {"type": "Feature", "properties": {"source": "Google Open Buildings v3", "area_in_meters": 1771.8, "confidence": 0.9054, "plus_code": "7JWVGHFC+26F5", "lat": 28.52255141, "lon": 77.57055965}, "geometry": {"type": "Polygon", "coordinates": [[[77.5706456557408, 28.5224027163205], [77.5707912557278, 28.5223054163103], [77.5708459557321, 28.5223692163064], [77.5708281557337, 28.5223811163076], [77.5708861557383, 28.5224489163035], [77.5708077557453, 28.5225013163091], [77.5707855557435, 28.5224754163107], [77.5706480557558, 28.5225673163204], [77.5707849557666, 28.5227270163107], [77.5707202557724, 28.5227703163153], [77.5707441557742, 28.5227981163136], [77.5706472557829, 28.5228628163204], [77.5705688557768, 28.522771416326], [77.5706228557719, 28.5227352163222], [77.5705946557697, 28.5227023163242], [77.5705215557762, 28.5227511163293], [77.5704896557737, 28.5227139163316], [77.5704805557746, 28.5227200163322], [77.5705124557771, 28.52275721633], [77.5702587557998, 28.5229268163479], [77.5701813557937, 28.5228364163534], [77.5702701557857, 28.5227770163471], [77.5702935557876, 28.5228043163454], [77.5703516557824, 28.5227654163413], [77.5703282557805, 28.522738116343], [77.570434955771, 28.5226668163354], [77.5704583557728, 28.5226941163338], [77.57048965577, 28.5226732163316], [77.5705118557718, 28.52269911633], [77.5705916557646, 28.5226457163244], [77.5706235557671, 28.5226829163221], [77.5706374557659, 28.5226736163211], [77.5705407557583, 28.522560816328], [77.5705869557541, 28.5225299163247], [77.5704595557441, 28.5223813163337], [77.5704780557425, 28.5223689163324], [77.5704551557407, 28.522342216334], [77.570429055743, 28.5223596163359], [77.5703255557349, 28.5222390163432], [77.5703767557303, 28.5222047163396], [77.5703615557291, 28.5221869163406], [77.5704246557235, 28.5221448163362], [77.5706456557408, 28.5224027163205]], [[77.5706013557528, 28.5225203163237], [77.5706206557544, 28.5225427163223], [77.5706322557533, 28.5225349163215], [77.5706130557518, 28.5225125163229], [77.5706013557528, 28.5225203163237]]]}}, {"type": "Feature", "properties": {"source": "Google Open Buildings v3", "area_in_meters": 13.54, "confidence": 0.669, "plus_code": "7JWVGHF9+JQ8Q", "lat": 28.52404202, "lon": 77.56946234}, "geometry": {"type": "Polygon", "coordinates": [[[77.569469089865, 28.5240186116931], [77.5694850719751, 28.5240554294914], [77.5694555673856, 28.5240654196425], [77.5694395852838, 28.5240286018404], [77.569469089865, 28.5240186116931]]]}}, {"type": "Feature", "properties": {"source": "Google Open Buildings v3", "area_in_meters": 382.71, "confidence": 0.9306, "plus_code": "7JWVGHGF+R3Q8", "lat": 28.52708015, "lon": 77.57273704}, "geometry": {"type": "Polygon", "coordinates": [[[77.5729060043909, 28.5270808224068], [77.5726156129671, 28.5271839216384], [77.5725680733396, 28.5270794817442], [77.5728584645399, 28.5269763826188], [77.5729060043909, 28.5270808224068]]]}}, {"type": "Feature", "properties": {"source": "Google Open Buildings v3", "area_in_meters": 335.16, "confidence": 0.8508, "plus_code": "7JWVGHHG+QXP5", "lat": 28.52945037, "lon": 77.57746842}, "geometry": {"type": "Polygon", "coordinates": [[[77.5776305156295, 28.5294513622839], [77.5773465904599, 28.5295447930863], [77.5773063319511, 28.529449374239], [77.577590256914, 28.5293559435341], [77.5776305156295, 28.5294513622839]]]}}, {"type": "Feature", "properties": {"source": "Google Open Buildings v3", "area_in_meters": 365.58, "confidence": 0.839, "plus_code": "7JWVGHFC+WM64", "lat": 28.52477582, "lon": 77.57164546}, "geometry": {"type": "Polygon", "coordinates": [[[77.5717756559551, 28.5248176163032], [77.5715830559667, 28.5248850163168], [77.5715152559548, 28.5247340163216], [77.5717078559431, 28.524666616308], [77.5717756559551, 28.5248176163032]]]}}, {"type": "Feature", "properties": {"source": "Google Open Buildings v3", "area_in_meters": 124.11, "confidence": 0.9241, "plus_code": "7JWVGH79+F9RP", "lat": 28.51374226, "lon": 77.5683962}, "geometry": {"type": "Polygon", "coordinates": [[[77.5684651895954, 28.5137928485377], [77.568391130254, 28.5138213295466], [77.5683272159039, 28.5136916667845], [77.5684012751779, 28.5136631858153], [77.5684651895954, 28.5137928485377]]]}}, {"type": "Feature", "properties": {"source": "Google Open Buildings v3", "area_in_meters": 41.07, "confidence": 0.8289, "plus_code": "7JWVGHJJ+GFGP", "lat": 28.53131807, "lon": 77.58120352}, "geometry": {"type": "Polygon", "coordinates": [[[77.5812576263153, 28.5313082546954], [77.5811727547621, 28.5313585884188], [77.5811494097326, 28.5313278880588], [77.581234281275, 28.5312775543504], [77.5812576263153, 28.5313082546954]]]}}, {"type": "Feature", "properties": {"source": "Google Open Buildings v3", "area_in_meters": 71.61, "confidence": 0.8535, "plus_code": "7JWVGHC8+5845", "lat": 28.52037812, "lon": 77.56584291}, "geometry": {"type": "Polygon", "coordinates": [[[77.5659077980123, 28.5203804329162], [77.5658103450486, 28.5204277437608], [77.5657780172895, 28.5203757983612], [77.565875470224, 28.5203284875426], [77.5659077980123, 28.5203804329162]]]}}, {"type": "Feature", "properties": {"source": "Google Open Buildings v3", "area_in_meters": 12.09, "confidence": 0.6813, "plus_code": "7JWVGHJH+X5J3", "lat": 28.53245248, "lon": 77.57788901}, "geometry": {"type": "Polygon", "coordinates": [[[77.5779116365843, 28.5324424959007], [77.5779040424995, 28.53247043983], [77.5778663789031, 28.5324624571949], [77.5778739729974, 28.532434513267], [77.5779116365843, 28.5324424959007]]]}}, {"type": "Feature", "properties": {"source": "Google Open Buildings v3", "area_in_meters": 309.97, "confidence": 0.8305, "plus_code": "7JWVGHMF+9WF7", "lat": 28.5334348, "lon": 77.57479207}, "geometry": {"type": "Polygon", "coordinates": [[[77.5749309277056, 28.533511751921], [77.5748506503079, 28.533570012355], [77.5746532105472, 28.5333578429363], [77.5747334879128, 28.5332995826216], [77.5749309277056, 28.533511751921]]]}}, {"type": "Feature", "properties": {"source": "Google Open Buildings v3", "area_in_meters": 941.93, "confidence": 0.718, "plus_code": "7JWVGHGF+X44C", "lat": 28.52738871, "lon": 77.57281465}, "geometry": {"type": "Polygon", "coordinates": [[[77.5730460561887, 28.527439016287], [77.5727913562031, 28.527517316305], [77.5727848562018, 28.5275010163055], [77.5726881562073, 28.5275308163123], [77.5726669562029, 28.5274768163138], [77.5726225562054, 28.527490516317], [77.5725685561944, 28.5273534163208], [77.5729643561721, 28.5272318162928], [77.5730460561887, 28.527439016287]]]}}, {"type": "Feature", "properties": {"source": "Google Open Buildings v3", "area_in_meters": 151.19, "confidence": 0.9024, "plus_code": "7JWVGHJ8+HMGJ", "lat": 28.53144479, "lon": 77.56669168}, "geometry": {"type": "Polygon", "coordinates": [[[77.5666948767509, 28.5313650913357], [77.5667845621347, 28.5315004285594], [77.5667403403286, 28.531523283787], [77.5667104544414, 28.5314781853452], [77.5666618915399, 28.5315032841557], [77.5666020920996, 28.5314130453198], [77.5666948767509, 28.5313650913357]]]}}, {"type": "Feature", "properties": {"source": "Google Open Buildings v3", "area_in_meters": 55.11, "confidence": 0.7187, "plus_code": "7JWVGHJH+9875", "lat": 28.53090168, "lon": 77.57830614}, "geometry": {"type": "Polygon", "coordinates": [[[77.5782869872096, 28.5309488336766], [77.5782498398009, 28.5309078410859], [77.5783252802093, 28.5308545227665], [77.5783624276249, 28.5308955153363], [77.5782869872096, 28.5309488336766]]]}}, {"type": "Feature", "properties": {"source": "Google Open Buildings v3", "area_in_meters": 44.44, "confidence": 0.8175, "plus_code": "7JWVGHJ8+P2G8", "lat": 28.53180975, "lon": 77.56508459}, "geometry": {"type": "Polygon", "coordinates": [[[77.5650494206667, 28.5318503704186], [77.56502738314, 28.5318176545163], [77.5651197536937, 28.5317691279754], [77.5651417912358, 28.531801843862], [77.5650494206667, 28.5318503704186]]]}}, {"type": "Feature", "properties": {"source": "Google Open Buildings v3", "area_in_meters": 139.0, "confidence": 0.7736, "plus_code": "7JWVGHJH+PW2R", "lat": 28.53177465, "lon": 77.5797564}, "geometry": {"type": "Polygon", "coordinates": [[[77.5797044495795, 28.5318511688559], [77.579647845531, 28.5317879496731], [77.5797235470603, 28.5317350874919], [77.5797548482589, 28.5317700467496], [77.5798641092378, 28.5316937499115], [77.5798894121072, 28.5317220097837], [77.5797044495795, 28.5318511688559]]]}}, {"type": "Feature", "properties": {"source": "Google Open Buildings v3", "area_in_meters": 218.79, "confidence": 0.8377, "plus_code": "7JWVGHHH+WXMP", "lat": 28.52984266, "lon": 77.57992775}, "geometry": {"type": "Polygon", "coordinates": [[[77.5799851197172, 28.5298328835497], [77.580011928747, 28.5298067223059], [77.5800544125371, 28.5298406773159], [77.5799699345094, 28.5299231140817], [77.5799274507078, 28.5298891590447], [77.5799027088925, 28.5299133029739], [77.5798276683723, 28.5298533269888], [77.5798524101924, 28.5298291830724], [77.5798251270139, 28.5298073770217], [77.5798827960391, 28.5297511015684], [77.5799851197172, 28.5298328835497]]]}}, {"type": "Feature", "properties": {"source": "Google Open Buildings v3", "area_in_meters": 84.52, "confidence": 0.7243, "plus_code": "7JWVGHHH+H2HX", "lat": 28.52894525, "lon": 77.5776176}, "geometry": {"type": "Polygon", "coordinates": [[[77.5776794160668, 28.5289667014151], [77.5775900664444, 28.5289986300307], [77.5775557844411, 28.5289238053746], [77.5776451340141, 28.5288918767844], [77.5776794160668, 28.5289667014151]]]}}, {"type": "Feature", "properties": {"source": "Google Open Buildings v3", "area_in_meters": 125.27, "confidence": 0.8961, "plus_code": "7JWVGHC9+VGWQ", "lat": 28.52224342, "lon": 77.56884037}, "geometry": {"type": "Polygon", "coordinates": [[[77.5689104844556, 28.5222905642347], [77.5688334679766, 28.522321008499], [77.5687702583511, 28.5221962750163], [77.5688472747633, 28.5221658307921], [77.5689104844556, 28.5222905642347]]]}}, {"type": "Feature", "properties": {"source": "Google Open Buildings v3", "area_in_meters": 61.32, "confidence": 0.7681, "plus_code": "7JWVGHC9+V98G", "lat": 28.5221622, "lon": 77.56846006}, "geometry": {"type": "Polygon", "coordinates": [[[77.5685103251868, 28.5221856578098], [77.5684413631094, 28.522209619032], [77.5684097922213, 28.522138741194], [77.5684787542624, 28.5221147799904], [77.5685103251868, 28.5221856578098]]]}}, {"type": "Feature", "properties": {"source": "Google Open Buildings v3", "area_in_meters": 94.5, "confidence": 0.7984, "plus_code": "7JWVGHJJ+58F5", "lat": 28.53042839, "lon": 77.58080501}, "geometry": {"type": "Polygon", "coordinates": [[[77.5808751957313, 28.5304322237181], [77.5807945131815, 28.5304897950501], [77.5807348316348, 28.5304245621345], [77.5808155141729, 28.5303669908382], [77.5808751957313, 28.5304322237181]]]}}, {"type": "Feature", "properties": {"source": "Google Open Buildings v3", "area_in_meters": 1739.64, "confidence": 0.8355, "plus_code": "7JWVGHFF+CWP2", "lat": 28.52357882, "lon": 77.5748131}, "geometry": {"type": "Polygon", "coordinates": [[[77.5746580557291, 28.5234329160557], [77.5746570557293, 28.5234345160557], [77.5747463557308, 28.5234782160494], [77.5747439557312, 28.5234820160496], [77.5747768557318, 28.5234981160473], [77.574821555724, 28.5234269160441], [77.5751500557294, 28.5235877160209], [77.5751088557366, 28.5236535160238], [77.5751612557375, 28.5236792160201], [77.5750640557544, 28.523834116027], [77.5745378557457, 28.5235765160642], [77.5746005557348, 28.5234765160597], [77.5745703557343, 28.5234617160619], [77.5745410557394, 28.5235084160639], [77.5743634557364, 28.5234215160765], [77.5744271557253, 28.523319916072], [77.5746580557291, 28.5234329160557]]]}}, {"type": "Feature", "properties": {"source": "Google Open Buildings v3", "area_in_meters": 1389.61, "confidence": 0.8717, "plus_code": "7JWVGHFF+8749", "lat": 28.52325639, "lon": 77.57321128}, "geometry": {"type": "Polygon", "coordinates": [[[77.5730178499932, 28.5230511680485], [77.5730314555492, 28.523010033511], [77.5730376404069, 28.5230116292214], [77.5730240348526, 28.5230527637592], [77.5731581528369, 28.5230873664856], [77.5731321344358, 28.5231660298065], [77.5732598460037, 28.5231989795086], [77.573253082373, 28.5232194285425], [77.5734062417323, 28.5232589436087], [77.5734130053349, 28.5232384945676], [77.5735647741393, 28.5232776506672], [77.573503023518, 28.5234643477266], [77.5731502421195, 28.5233733304272], [77.5731682173779, 28.5233189845854], [77.572924445996, 28.5232560911306], [77.5729506889077, 28.5231767495913], [77.5728769139108, 28.5231577154039], [77.5729204658552, 28.5230260426283], [77.5730178499932, 28.5230511680485]]]}}, {"type": "Feature", "properties": {"source": "Google Open Buildings v3", "area_in_meters": 2588.47, "confidence": 0.8179, "plus_code": "7JWVGHGG+JRQM", "lat": 28.52659121, "lon": 77.57710286}, "geometry": {"type": "Polygon", "coordinates": [[[77.577114203617, 28.5263584822949], [77.5771851114653, 28.526364946596], [77.5772014496618, 28.526225160024], [77.5772780481085, 28.5262321430714], [77.5772748135302, 28.5262598177139], [77.5773188139505, 28.5262638289626], [77.5772431033794, 28.5269115986346], [77.5770266153165, 28.5268918626883], [77.5770239026759, 28.5269150711722], [77.5771197911322, 28.5269238128021], [77.5771158296087, 28.5269577065894], [77.5770199411207, 28.5269489649587], [77.5770130036221, 28.5270083199189], [77.5769126040927, 28.5269991669705], [77.5769195416462, 28.5269398120113], [77.576899286724, 28.5269379654561], [77.5769594067032, 28.5264236017694], [77.5769719696375, 28.5264247470829], [77.5770025807213, 28.52616284876], [77.5771356513795, 28.5261749802386], [77.577114203617, 28.5263584822949]]]}}, {"type": "Feature", "properties": {"source": "Google Open Buildings v3", "area_in_meters": 127.64, "confidence": 0.8586, "plus_code": "7JWVGHJ8+G8QH", "lat": 28.53133583, "lon": 77.5658698}, "geometry": {"type": "Polygon", "coordinates": [[[77.5659587244546, 28.5313306185395], [77.5658261664225, 28.5314044536001], [77.565780876466, 28.5313410387017], [77.5659134344576, 28.5312672036881], [77.5659587244546, 28.5313306185395]]]}}, {"type": "Feature", "properties": {"source": "Google Open Buildings v3", "area_in_meters": 47.13, "confidence": 0.7649, "plus_code": "7JWVGH78+XM6Q", "lat": 28.51491598, "lon": 77.56665414}, "geometry": {"type": "Polygon", "coordinates": [[[77.566703313052, 28.5149216258472], [77.5666452454674, 28.5149590648517], [77.5666049695764, 28.5149103302898], [77.5666630371514, 28.5148728913031], [77.566703313052, 28.5149216258472]]]}}, {"type": "Feature", "properties": {"source": "Google Open Buildings v3", "area_in_meters": 154.3, "confidence": 0.6677, "plus_code": "7JWVGHJ8+JGX6", "lat": 28.53160735, "lon": 77.56635117}, "geometry": {"type": "Polygon", "coordinates": [[[77.5664379278996, 28.5316749511047], [77.5663745348457, 28.531707420918], [77.5662644184313, 28.5315397500688], [77.5663278114333, 28.5315072803073], [77.5664379278996, 28.5316749511047]]]}}, {"type": "Feature", "properties": {"source": "Google Open Buildings v3", "area_in_meters": 64.53, "confidence": 0.8555, "plus_code": "7JWVGHGF+X6W4", "lat": 28.52747674, "lon": 77.57308518}, "geometry": {"type": "Polygon", "coordinates": [[[77.573135033724, 28.5275038736934], [77.5730646980219, 28.5275251845761], [77.5730353431558, 28.5274496175036], [77.573105678816, 28.5274283066387], [77.573135033724, 28.5275038736934]]]}}, {"type": "Feature", "properties": {"source": "Google Open Buildings v3", "area_in_meters": 35.42, "confidence": 0.6895, "plus_code": "7JWVGHJH+V6XH", "lat": 28.53223716, "lon": 77.57811966}, "geometry": {"type": "Polygon", "coordinates": [[[77.5781607379049, 28.5322483475831], [77.5781087074279, 28.5322738680248], [77.5780785849702, 28.5322259721311], [77.5781306154331, 28.5322004517018], [77.5781607379049, 28.5322483475831]]]}}, {"type": "Feature", "properties": {"source": "Google Open Buildings v3", "area_in_meters": 29.17, "confidence": 0.6762, "plus_code": "7JWVGHM8+4CJ2", "lat": 28.53282954, "lon": 77.56600596}, "geometry": {"type": "Polygon", "coordinates": [[[77.5660452640703, 28.5328450476022], [77.5660140348213, 28.532866882694], [77.5659666453929, 28.5328140234114], [77.5659978746377, 28.5327921883312], [77.5660452640703, 28.5328450476022]]]}}, {"type": "Feature", "properties": {"source": "Google Open Buildings v3", "area_in_meters": 102.97, "confidence": 0.6548, "plus_code": "7JWVGHFF+388H", "lat": 28.52266246, "lon": 77.57333761}, "geometry": {"type": "Polygon", "coordinates": [[[77.5732138556858, 28.5226139161348], [77.5734720556843, 28.5226769161165], [77.5734613556877, 28.5227110161173], [77.5732031556892, 28.5226480161355], [77.5732138556858, 28.5226139161348]]]}}, {"type": "Feature", "properties": {"source": "Google Open Buildings v3", "area_in_meters": 27.9, "confidence": 0.6694, "plus_code": "7JWVGHHH+F8GR", "lat": 28.52869692, "lon": 77.57831254}, "geometry": {"type": "Polygon", "coordinates": [[[77.5783101436039, 28.5286542367714], [77.5783444260233, 28.5287290612133], [77.5783149306796, 28.5287396014144], [77.5782806482764, 28.5286647769641], [77.5783101436039, 28.5286542367714]]]}}, {"type": "Feature", "properties": {"source": "Google Open Buildings v3", "area_in_meters": 35.34, "confidence": 0.827, "plus_code": "7JWVGHMF+923Q", "lat": 28.53339265, "lon": 77.57255729}, "geometry": {"type": "Polygon", "coordinates": [[[77.5726027201323, 28.5333892064657], [77.5725397061231, 28.5334298071364], [77.5725118658995, 28.5333961090497], [77.5725748799017, 28.5333555083921], [77.5726027201323, 28.5333892064657]]]}}, {"type": "Feature", "properties": {"source": "Google Open Buildings v3", "area_in_meters": 369.09, "confidence": 0.7201, "plus_code": "7JWVGHHH+Q5RW", "lat": 28.52949877, "lon": 77.57789602}, "geometry": {"type": "Polygon", "coordinates": [[[77.5779288438823, 28.5293773371307], [77.5780184072401, 28.5295855255657], [77.5779464320795, 28.5296096755651], [77.5779332326682, 28.5295789937816], [77.5778503817575, 28.5296067928854], [77.5777740180359, 28.5294292861255], [77.5779288438823, 28.5293773371307]]]}}, {"type": "Feature", "properties": {"source": "Google Open Buildings v3", "area_in_meters": 42.65, "confidence": 0.8467, "plus_code": "7JWVGHJH+PRQ5", "lat": 28.53182809, "lon": 77.57962468}, "geometry": {"type": "Polygon", "coordinates": [[[77.5796760646142, 28.5318207600896], [77.5796021079063, 28.5318695166566], [77.5795732916636, 28.5318354269339], [77.5796472483639, 28.5317866703827], [77.5796760646142, 28.5318207600896]]]}}, {"type": "Feature", "properties": {"source": "Google Open Buildings v3", "area_in_meters": 275.1, "confidence": 0.9168, "plus_code": "7JWVGHMH+76X8", "lat": 28.53323216, "lon": 77.57811718}, "geometry": {"type": "Polygon", "coordinates": [[[77.5782379009122, 28.5332413567228], [77.578132961434, 28.5333382510031], [77.5779964589613, 28.5332229557339], [77.5781013984678, 28.5331260615572], [77.5782379009122, 28.5332413567228]]]}}, {"type": "Feature", "properties": {"source": "Google Open Buildings v3", "area_in_meters": 24.51, "confidence": 0.6857, "plus_code": "7JWVGHHF+PM7X", "lat": 28.52929772, "lon": 77.5741858}, "geometry": {"type": "Polygon", "coordinates": [[[77.5741950296745, 28.5292650677031], [77.5742139171734, 28.5293204454081], [77.5741765700698, 28.5293303802002], [77.5741576825883, 28.529275002489], [77.5741950296745, 28.5292650677031]]]}}, {"type": "Feature", "properties": {"source": "Google Open Buildings v3", "area_in_meters": 192.12, "confidence": 0.884, "plus_code": "7JWVGHMH+5H87", "lat": 28.53290924, "lon": 77.57894877}, "geometry": {"type": "Polygon", "coordinates": [[[77.5790717744043, 28.5328672428878], [77.5788755761635, 28.5330061281777], [77.5788257622727, 28.5329512471462], [77.5790219604894, 28.5328123619297], [77.5790717744043, 28.5328672428878]]]}}, {"type": "Feature", "properties": {"source": "Google Open Buildings v3", "area_in_meters": 404.96, "confidence": 0.9157, "plus_code": "7JWVGHMG+5JXC", "lat": 28.53298852, "lon": 77.5765962}, "geometry": {"type": "Polygon", "coordinates": [[[77.576760533002, 28.5330755799639], [77.5766740180254, 28.5331431743371], [77.5764318616926, 28.5329014563405], [77.5765183766515, 28.5328338621224], [77.576760533002, 28.5330755799639]]]}}, {"type": "Feature", "properties": {"source": "Google Open Buildings v3", "area_in_meters": 12.15, "confidence": 0.7582, "plus_code": "7JWVGHF9+3G6H", "lat": 28.522664, "lon": 77.56877455}, "geometry": {"type": "Polygon", "coordinates": [[[77.5687848512588, 28.5226434745201], [77.5687953006853, 28.5226769556389], [77.5687642637984, 28.5226845115742], [77.5687538143807, 28.5226510304525], [77.5687848512588, 28.5226434745201]]]}}, {"type": "Feature", "properties": {"source": "Google Open Buildings v3", "area_in_meters": 44.36, "confidence": 0.7969, "plus_code": "7JWVGHJH+J5V8", "lat": 28.53160637, "lon": 77.57792283}, "geometry": {"type": "Polygon", "coordinates": [[[77.5779089477534, 28.5316555415737], [77.577873850175, 28.5316327744589], [77.5779367076536, 28.5315572009879], [77.5779718052172, 28.5315799680869], [77.5779089477534, 28.5316555415737]]]}}, {"type": "Feature", "properties": {"source": "Google Open Buildings v3", "area_in_meters": 38.22, "confidence": 0.8063, "plus_code": "7JWVGH78+HG9C", "lat": 28.51391279, "lon": 77.56634723}, "geometry": {"type": "Polygon", "coordinates": [[[77.56639194817, 28.5139193013827], [77.5663510232225, 28.513952678778], [77.5663025227677, 28.5139062836632], [77.566343447715, 28.5138729062825], [77.56639194817, 28.5139193013827]]]}}, {"type": "Feature", "properties": {"source": "Google Open Buildings v3", "area_in_meters": 36.29, "confidence": 0.792, "plus_code": "7JWVGHGG+9P57", "lat": 28.52588104, "lon": 77.57685242}, "geometry": {"type": "Polygon", "coordinates": [[[77.5768920299981, 28.5258601784382], [77.576855322432, 28.5259216917603], [77.5768128221791, 28.5259019098115], [77.5768495297638, 28.5258403964989], [77.5768920299981, 28.5258601784382]]]}}, {"type": "Feature", "properties": {"source": "Google Open Buildings v3", "area_in_meters": 14.37, "confidence": 0.703, "plus_code": "7JWVGHGJ+GGP2", "lat": 28.52632532, "lon": 77.58131689}, "geometry": {"type": "Polygon", "coordinates": [[[77.5813433011795, 28.5263323470564], [77.5813044063434, 28.5263470366999], [77.5812904841979, 28.5263182842864], [77.5813293790263, 28.5263035946471], [77.5813433011795, 28.5263323470564]]]}}, {"type": "Feature", "properties": {"source": "Google Open Buildings v3", "area_in_meters": 13.43, "confidence": 0.6508, "plus_code": "7JWVGHJJ+JQ5V", "lat": 28.53152475, "lon": 77.58197997}, "geometry": {"type": "Polygon", "coordinates": [[[77.581992962505, 28.5315043767739], [77.5820034189038, 28.5315355920691], [77.5819669887687, 28.5315451094899], [77.581956532379, 28.5315138941914], [77.581992962505, 28.5315043767739]]]}}, {"type": "Feature", "properties": {"source": "Google Open Buildings v3", "area_in_meters": 608.37, "confidence": 0.9236, "plus_code": "7JWVGHJG+JFFM", "lat": 28.53156732, "lon": 77.57616788}, "geometry": {"type": "Polygon", "coordinates": [[[77.5760370564825, 28.5313602200581], [77.5763884905477, 28.5317025133377], [77.5762986957786, 28.5317744152867], [77.575947261727, 28.5314321217745], [77.5760370564825, 28.5313602200581]]]}}, {"type": "Feature", "properties": {"source": "Google Open Buildings v3", "area_in_meters": 44.14, "confidence": 0.7417, "plus_code": "7JWVGHJJ+36HC", "lat": 28.53018535, "lon": 77.58059644}, "geometry": {"type": "Polygon", "coordinates": [[[77.5806445884491, 28.5302014580274], [77.5805945506289, 28.5302406721753], [77.5805763172507, 28.5302225263063], [77.5806000738203, 28.5302039085254], [77.5805478741694, 28.5301519593589], [77.580574155419, 28.530131363009], [77.5806445884491, 28.5302014580274]]]}}, {"type": "Feature", "properties": {"source": "Google Open Buildings v3", "area_in_meters": 313.58, "confidence": 0.8394, "plus_code": "7JWVGHFF+38WX", "lat": 28.5227495, "lon": 77.57333704}, "geometry": {"type": "Polygon", "coordinates": [[[77.5734613700167, 28.5227109802573], [77.5734219327627, 28.5228372242135], [77.5733006615972, 28.5228075247165], [77.573293629131, 28.5228299238729], [77.5732363705933, 28.5228159011242], [77.5732583035914, 28.5227460422798], [77.5732198882858, 28.5227366342652], [77.5732444173643, 28.5226581138728], [77.5734613700167, 28.5227109802573]]]}}, {"type": "Feature", "properties": {"source": "Google Open Buildings v3", "area_in_meters": 534.73, "confidence": 0.8335, "plus_code": "7JWVGHGG+98M8", "lat": 28.52595585, "lon": 77.57579786}, "geometry": {"type": "Polygon", "coordinates": [[[77.5756706374729, 28.5261236090161], [77.5755889525814, 28.5260378681241], [77.5759250820472, 28.5257880918567], [77.5760067669847, 28.5258738325441], [77.5756706374729, 28.5261236090161]]]}}, {"type": "Feature", "properties": {"source": "Google Open Buildings v3", "area_in_meters": 72.89, "confidence": 0.8176, "plus_code": "7JWVGHMC+74MW", "lat": 28.53322049, "lon": 77.57029802}, "geometry": {"type": "Polygon", "coordinates": [[[77.570278528429, 28.5331476588421], [77.5703582084631, 28.5332731789261], [77.5703175310265, 28.5332933170838], [77.5702378510222, 28.5331677969735], [77.570278528429, 28.5331476588421]]]}}, {"type": "Feature", "properties": {"source": "Google Open Buildings v3", "area_in_meters": 47.91, "confidence": 0.7109, "plus_code": "7JWVGHJJ+GJ36", "lat": 28.5312597, "lon": 77.58153524}, "geometry": {"type": "Polygon", "coordinates": [[[77.5814868010101, 28.5313055150848], [77.581467462168, 28.5312782770009], [77.5815836986642, 28.5312139130187], [77.5816030375218, 28.531241151085], [77.5814868010101, 28.5313055150848]]]}}, {"type": "Feature", "properties": {"source": "Google Open Buildings v3", "area_in_meters": 91.63, "confidence": 0.7879, "plus_code": "7JWVGHF9+MRHP", "lat": 28.52419028, "lon": 77.56961583}, "geometry": {"type": "Polygon", "coordinates": [[[77.569684004971, 28.5242080361006], [77.569574562412, 28.5242413968341], [77.5695476515864, 28.5241725342502], [77.569657094086, 28.5241391735414], [77.569684004971, 28.5242080361006]]]}}, {"type": "Feature", "properties": {"source": "Google Open Buildings v3", "area_in_meters": 26.47, "confidence": 0.7065, "plus_code": "7JWVGHFF+5G65", "lat": 28.52290095, "lon": 77.5737776}, "geometry": {"type": "Polygon", "coordinates": [[[77.573812332635, 28.5229132322727], [77.5737579828992, 28.5229290837219], [77.5737428670932, 28.5228886563164], [77.5737972168114, 28.5228728048739], [77.573812332635, 28.5229132322727]]]}}, {"type": "Feature", "properties": {"source": "Google Open Buildings v3", "area_in_meters": 944.91, "confidence": 0.7881, "plus_code": "7JWVGHHH+C27G", "lat": 28.52853593, "lon": 77.57755232}, "geometry": {"type": "Polygon", "coordinates": [[[77.5777496084098, 28.5285173385225], [77.5776222732691, 28.5285628412719], [77.577666180232, 28.5286586738007], [77.5774409573097, 28.5287391560397], [77.5773632038582, 28.5285694483442], [77.5773891787743, 28.5285601663732], [77.5773818898391, 28.5285442572359], [77.5774712391626, 28.5285123287761], [77.577428902984, 28.5284199240981], [77.5776661362585, 28.5283351498284], [77.5777496084098, 28.5285173385225]]]}}, {"type": "Feature", "properties": {"source": "Google Open Buildings v3", "area_in_meters": 19.12, "confidence": 0.6845, "plus_code": "7JWVGHJJ+VPMF", "lat": 28.53221309, "lon": 77.5817941}, "geometry": {"type": "Polygon", "coordinates": [[[77.581808154645, 28.5321879285655], [77.5818200335266, 28.5322292863795], [77.5817800369697, 28.5322382457725], [77.581768158102, 28.5321968879542], [77.581808154645, 28.5321879285655]]]}}, {"type": "Feature", "properties": {"source": "Google Open Buildings v3", "area_in_meters": 17.37, "confidence": 0.6851, "plus_code": "7JWVGHHJ+VHP3", "lat": 28.52970447, "lon": 77.58144975}, "geometry": {"type": "Polygon", "coordinates": [[[77.5814798238493, 28.5297071694493], [77.5814426768847, 28.5297304222438], [77.5814196772873, 28.5297017654442], [77.5814568242478, 28.5296785126564], [77.5814798238493, 28.5297071694493]]]}}, {"type": "Feature", "properties": {"source": "Google Open Buildings v3", "area_in_meters": 106.05, "confidence": 0.7963, "plus_code": "7JWVGHJ8+FJ4M", "lat": 28.53114206, "lon": 77.56657737}, "geometry": {"type": "Polygon", "coordinates": [[[77.5666496763888, 28.5311688838575], [77.5665817975394, 28.5312112143848], [77.5665050568261, 28.5311152402771], [77.5665729356515, 28.5310729097906], [77.5666496763888, 28.5311688838575]]]}}, {"type": "Feature", "properties": {"source": "Google Open Buildings v3", "area_in_meters": 50.21, "confidence": 0.8713, "plus_code": "7JWVGHJ8+MMF7", "lat": 28.53168218, "lon": 77.56666421}, "geometry": {"type": "Polygon", "coordinates": [[[77.5666446804748, 28.5316261913335], [77.5667176007117, 28.5317169632825], [77.5666837274969, 28.5317381857338], [77.5666108072718, 28.5316474137663], [77.5666446804748, 28.5316261913335]]]}}, {"type": "Feature", "properties": {"source": "Google Open Buildings v3", "area_in_meters": 82.46, "confidence": 0.8424, "plus_code": "7JWVGHJJ+GHVX", "lat": 28.5313728, "lon": 77.58143}, "geometry": {"type": "Polygon", "coordinates": [[[77.5815112479247, 28.5313539531002], [77.5813785678919, 28.5314314483622], [77.5813487605982, 28.53139164694], [77.5814814406083, 28.5313141517083], [77.5815112479247, 28.5313539531002]]]}}, {"type": "Feature", "properties": {"source": "Google Open Buildings v3", "area_in_meters": 103.91, "confidence": 0.7816, "plus_code": "7JWVGHHF+3W2P", "lat": 28.52764479, "lon": 77.57477011}, "geometry": {"type": "Polygon", "coordinates": [[[77.5747617555719, 28.5277107248853], [77.5746961152339, 28.5276562420482], [77.5747784583091, 28.5275788645928], [77.574844098635, 28.5276333473909], [77.5747617555719, 28.5277107248853]]]}}, {"type": "Feature", "properties": {"source": "Google Open Buildings v3", "area_in_meters": 169.94, "confidence": 0.8331, "plus_code": "7JWVGHJH+383G", "lat": 28.53013931, "lon": 77.57830332}, "geometry": {"type": "Polygon", "coordinates": [[[77.5783306563064, 28.5300672159795], [77.5783066563079, 28.5300761159812], [77.5783809563201, 28.5302323159759], [77.578317956324, 28.5302557159804], [77.5782247563087, 28.530059815987], [77.5783117563033, 28.5300275159808], [77.5783306563064, 28.5300672159795]]]}}, {"type": "Feature", "properties": {"source": "Google Open Buildings v3", "area_in_meters": 17.04, "confidence": 0.7708, "plus_code": "7JWVGHGC+39H6", "lat": 28.525182, "lon": 77.57097342}, "geometry": {"type": "Polygon", "coordinates": [[[77.570999742155, 28.5251944282633], [77.5709571420531, 28.5252041142334], [77.5709470777094, 28.5251695879302], [77.5709896777991, 28.5251599019639], [77.570999742155, 28.5251944282633]]]}}, {"type": "Feature", "properties": {"source": "Google Open Buildings v3", "area_in_meters": 32.16, "confidence": 0.7566, "plus_code": "7JWVGHCG+QHMW", "lat": 28.52197209, "lon": 77.57642217}, "geometry": {"type": "Polygon", "coordinates": [[[77.5764639311154, 28.5219514296321], [77.5764677531706, 28.5219849779072], [77.5763804060717, 28.5219927403281], [77.576376584044, 28.521959192049], [77.5764639311154, 28.5219514296321]]]}}, {"type": "Feature", "properties": {"source": "Google Open Buildings v3", "area_in_meters": 202.92, "confidence": 0.8865, "plus_code": "7JWVGHFF+F9XX", "lat": 28.52374654, "lon": 77.57349381}, "geometry": {"type": "Polygon", "coordinates": [[[77.5735805024779, 28.5236473417456], [77.573479045476, 28.5238711766273], [77.5734071209881, 28.5238457469942], [77.5735085781265, 28.5236219121577], [77.5735805024779, 28.5236473417456]]]}}, {"type": "Feature", "properties": {"source": "Google Open Buildings v3", "area_in_meters": 26.9, "confidence": 0.6937, "plus_code": "7JWVGHH9+G37M", "lat": 28.52879093, "lon": 77.56766593}, "geometry": {"type": "Polygon", "coordinates": [[[77.5677008397367, 28.5288029486661], [77.5676503329656, 28.5288210201945], [77.5676310156377, 28.5287789117913], [77.5676815223931, 28.5287608402712], [77.5677008397367, 28.5288029486661]]]}}, {"type": "Feature", "properties": {"source": "Google Open Buildings v3", "area_in_meters": 253.12, "confidence": 0.8451, "plus_code": "7JWVGHJH+3R48", "lat": 28.53013194, "lon": 77.5795803}, "geometry": {"type": "Polygon", "coordinates": [[[77.5795381925737, 28.5300704344039], [77.5795708740562, 28.5300415033009], [77.5797013922627, 28.5301564941481], [77.5796122510633, 28.5302354059502], [77.5794541423074, 28.5300961067812], [77.5795106020409, 28.5300461261782], [77.5795381925737, 28.5300704344039]]]}}, {"type": "Feature", "properties": {"source": "Google Open Buildings v3", "area_in_meters": 21.96, "confidence": 0.7716, "plus_code": "7JWVGHJH+39RH", "lat": 28.53023547, "lon": 77.57840455}, "geometry": {"type": "Polygon", "coordinates": [[[77.5784151163658, 28.5302059027447], [77.5784316977234, 28.530255142822], [77.5783939744831, 28.5302650503402], [77.5783773931409, 28.5302158102575], [77.5784151163658, 28.5302059027447]]]}}, {"type": "Feature", "properties": {"source": "Google Open Buildings v3", "area_in_meters": 991.71, "confidence": 0.8698, "plus_code": "7JWVGHFC+XHW8", "lat": 28.52498242, "lon": 77.57145544}, "geometry": {"type": "Polygon", "coordinates": [[[77.5715430285637, 28.5248883764667], [77.5714814928538, 28.524928520964], [77.5716283701691, 28.525104132948], [77.5715828504389, 28.5251338289816], [77.5715889542186, 28.5251411268741], [77.5715550411554, 28.5251632509642], [77.5716357980999, 28.5252598066971], [77.5715436319427, 28.5253199336964], [77.5713940263055, 28.5251410597832], [77.5714696941141, 28.5250916959783], [77.5713684658693, 28.524970663456], [77.5714188772013, 28.5249377763307], [77.5712661575901, 28.5247551780582], [77.5712322445684, 28.5247773020658], [77.5712087912611, 28.5247492601765], [77.5713497596108, 28.5246572958538], [77.5715430285637, 28.5248883764667]]]}}, {"type": "Feature", "properties": {"source": "Google Open Buildings v3", "area_in_meters": 35.2, "confidence": 0.6578, "plus_code": "7JWVGHC9+WFCR", "lat": 28.522324, "lon": 77.56862787}, "geometry": {"type": "Polygon", "coordinates": [[[77.5686776212585, 28.5223271919191], [77.5685915955147, 28.5223542356154], [77.5685781220665, 28.5223208036295], [77.5686641477879, 28.5222937599428], [77.5686776212585, 28.5223271919191]]]}}, {"type": "Feature", "properties": {"source": "Google Open Buildings v3", "area_in_meters": 110.97, "confidence": 0.8747, "plus_code": "7JWVGHJJ+84R2", "lat": 28.53085383, "lon": 77.58025019}, "geometry": {"type": "Polygon", "coordinates": [[[77.5803575778558, 28.5308132404701], [77.5801724162152, 28.5309308002569], [77.5801428066193, 28.5308944276218], [77.5803279682356, 28.5307768678771], [77.5803575778558, 28.5308132404701]]]}}, {"type": "Feature", "properties": {"source": "Google Open Buildings v3", "area_in_meters": 274.44, "confidence": 0.8912, "plus_code": "7JWVGHFF+M5PJ", "lat": 28.52421694, "lon": 77.57293877}, "geometry": {"type": "Polygon", "coordinates": [[[77.5730421446896, 28.5242670562817], [77.5729128207634, 28.5242825522788], [77.5729162767613, 28.5243050500108], [77.5728638480515, 28.5243113321473], [77.572840423688, 28.5241588443229], [77.5730221760983, 28.5241370662318], [77.5730421446896, 28.5242670562817]]]}}, {"type": "Feature", "properties": {"source": "Google Open Buildings v3", "area_in_meters": 313.14, "confidence": 0.7562, "plus_code": "7JWVGHJH+2F5Q", "lat": 28.53001986, "lon": 77.57874597}, "geometry": {"type": "Polygon", "coordinates": [[[77.5787025247226, 28.5298324807724], [77.5788605320485, 28.5301821827672], [77.5787894222334, 28.5302072418479], [77.5786314150914, 28.5298575397606], [77.5787025247226, 28.5298324807724]]]}}, {"type": "Feature", "properties": {"source": "Google Open Buildings v3", "area_in_meters": 34.21, "confidence": 0.6583, "plus_code": "7JWVGHCC+X2G6", "lat": 28.52243231, "lon": 77.57006291}, "geometry": {"type": "Polygon", "coordinates": [[[77.5701096988323, 28.5224372441535], [77.5700305131285, 28.5224625390358], [77.5700161124843, 28.5224273735891], [77.5700952981662, 28.5224020787168], [77.5701096988323, 28.5224372441535]]]}}, {"type": "Feature", "properties": {"source": "Google Open Buildings v3", "area_in_meters": 209.72, "confidence": 0.8859, "plus_code": "7JWVGHF9+2WM7", "lat": 28.52258338, "lon": 77.56979117}, "geometry": {"type": "Polygon", "coordinates": [[[77.5698006090193, 28.522499544894], [77.5697878646112, 28.5225177879504], [77.5698946743903, 28.5225759917809], [77.5698268280357, 28.5226731108689], [77.5696887355891, 28.522597860139], [77.5697693264452, 28.5224824980592], [77.5698006090193, 28.522499544894]]]}}, {"type": "Feature", "properties": {"source": "Google Open Buildings v3", "area_in_meters": 301.75, "confidence": 0.907, "plus_code": "7JWVGHM8+374R", "lat": 28.53264692, "lon": 77.56568959}, "geometry": {"type": "Polygon", "coordinates": [[[77.5658143189482, 28.5326218951083], [77.5657680555795, 28.5326483751421], [77.5657854893777, 28.5326721296186], [77.5656404037108, 28.5327551729752], [77.5655602495564, 28.5326459583758], [77.5657282197577, 28.5325498165254], [77.565735678165, 28.532559979022], [77.5657590569106, 28.5325465975951], [77.5658143189482, 28.5326218951083]]]}}, {"type": "Feature", "properties": {"source": "Google Open Buildings v3", "area_in_meters": 56.22, "confidence": 0.8433, "plus_code": "7JWVGHMH+4C5M", "lat": 28.53276807, "lon": 77.57860605}, "geometry": {"type": "Polygon", "coordinates": [[[77.5786594992758, 28.5327775438248], [77.5786044337225, 28.5328161927338], [77.5785525961579, 28.5327585929046], [77.5786076617034, 28.5327199440173], [77.5786594992758, 28.5327775438248]]]}}, {"type": "Feature", "properties": {"source": "Google Open Buildings v3", "area_in_meters": 18.41, "confidence": 0.7319, "plus_code": "7JWVGHFC+6F7R", "lat": 28.52304734, "lon": 77.57116151}, "geometry": {"type": "Polygon", "coordinates": [[[77.5711733763218, 28.5230214592992], [77.571186288837, 28.5230646815519], [77.5711496396849, 28.5230732220207], [77.5711367271832, 28.5230299997639], [77.5711733763218, 28.5230214592992]]]}}, {"type": "Feature", "properties": {"source": "Google Open Buildings v3", "area_in_meters": 951.36, "confidence": 0.8079, "plus_code": "7JWVGHHH+86RQ", "lat": 28.52836813, "lon": 77.57802495}, "geometry": {"type": "Polygon", "coordinates": [[[77.5777863561386, 28.5282922159667], [77.5780290561238, 28.5282054159495], [77.5780428561262, 28.5282355159485], [77.5780224561274, 28.52824281595], [77.5780396561304, 28.5282802159487], [77.5780599561291, 28.5282729159473], [77.5780713561311, 28.5282979159465], [77.5781773561246, 28.528260015939], [77.5782623561392, 28.528445615933], [77.5780297561534, 28.5285287159494], [77.5779858561459, 28.5284329159525], [77.577869856153, 28.5284744159607], [77.5777863561386, 28.5282922159667]]]}}, {"type": "Feature", "properties": {"source": "Google Open Buildings v3", "area_in_meters": 53.23, "confidence": 0.7976, "plus_code": "7JWVGHJ8+R9G6", "lat": 28.5320578, "lon": 77.56593815}, "geometry": {"type": "Polygon", "coordinates": [[[77.5659895790434, 28.5320688605472], [77.5659185312392, 28.5321012136979], [77.5658867195445, 28.5320467307352], [77.5659577673246, 28.5320143776026], [77.5659895790434, 28.5320688605472]]]}}, {"type": "Feature", "properties": {"source": "Google Open Buildings v3", "area_in_meters": 13.18, "confidence": 0.6539, "plus_code": "7JWVGHHJ+FFH8", "lat": 28.52868301, "lon": 77.58123906}, "geometry": {"type": "Polygon", "coordinates": [[[77.5812666481652, 28.5286835823982], [77.5812504332903, 28.5287052278853], [77.5812114407089, 28.5286824456679], [77.5812276555893, 28.5286608001851], [77.5812666481652, 28.5286835823982]]]}}, {"type": "Feature", "properties": {"source": "Google Open Buildings v3", "area_in_meters": 23.96, "confidence": 0.817, "plus_code": "7JWVGHM9+3844", "lat": 28.53262826, "lon": 77.5683333}, "geometry": {"type": "Polygon", "coordinates": [[[77.5683675213785, 28.5326360689485], [77.568323265192, 28.5326581922711], [77.5682990683572, 28.532620442253], [77.5683433245342, 28.5325983189388], [77.5683675213785, 28.5326360689485]]]}}, {"type": "Feature", "properties": {"source": "Google Open Buildings v3", "area_in_meters": 134.58, "confidence": 0.8193, "plus_code": "7JWVGHFC+644V", "lat": 28.52302461, "lon": 77.57032191}, "geometry": {"type": "Polygon", "coordinates": [[[77.5704117005871, 28.5230373640898], [77.5702620884664, 28.5230851040008], [77.57023212731, 28.5230118621544], [77.5703817393455, 28.5229641222817], [77.5704117005871, 28.5230373640898]]]}}, {"type": "Feature", "properties": {"source": "Google Open Buildings v3", "area_in_meters": 13.31, "confidence": 0.751, "plus_code": "7JWVGHMG+8HMH", "lat": 28.53333902, "lon": 77.57643639}, "geometry": {"type": "Polygon", "coordinates": [[[77.5764615003436, 28.5333314648308], [77.5764490433629, 28.5333596145767], [77.5764112842425, 28.5333465832323], [77.576423741232, 28.5333184334891], [77.5764615003436, 28.5333314648308]]]}}, {"type": "Feature", "properties": {"source": "Google Open Buildings v3", "area_in_meters": 105.9, "confidence": 0.8937, "plus_code": "7JWVGHHF+24F2", "lat": 28.52755226, "lon": 77.57278889}, "geometry": {"type": "Polygon", "coordinates": [[[77.5728673562069, 28.5275607163045], [77.5727435562149, 28.5276095163133], [77.5727104562098, 28.5275438163156], [77.5728341562018, 28.5274950163069], [77.5728673562069, 28.5275607163045]]]}}, {"type": "Feature", "properties": {"source": "Google Open Buildings v3", "area_in_meters": 141.47, "confidence": 0.7126, "plus_code": "7JWVGHJH+3F3J", "lat": 28.53014207, "lon": 77.57865691}, "geometry": {"type": "Polygon", "coordinates": [[[77.5787281549443, 28.5302092579386], [77.5786576046649, 28.5302341197539], [77.5785856563657, 28.5300748833518], [77.5786562065621, 28.5300500215788], [77.5787281549443, 28.5302092579386]]]}}, {"type": "Feature", "properties": {"source": "Google Open Buildings v3", "area_in_meters": 12.98, "confidence": 0.6888, "plus_code": "7JWVGHGH+C59G", "lat": 28.52603538, "lon": 77.57798925}, "geometry": {"type": "Polygon", "coordinates": [[[77.5780047619304, 28.5260167869493], [77.57801236467, 28.5260461845025], [77.5779737436123, 28.5260539751311], [77.5779661408826, 28.5260245775753], [77.5780047619304, 28.5260167869493]]]}}, {"type": "Feature", "properties": {"source": "Google Open Buildings v3", "area_in_meters": 134.62, "confidence": 0.7833, "plus_code": "7JWVGHJJ+XJ33", "lat": 28.53237856, "lon": 77.58154623}, "geometry": {"type": "Polygon", "coordinates": [[[77.5816440736438, 28.5323726440371], [77.5814841802828, 28.5324456284131], [77.581448381003, 28.5323844621028], [77.5816082743031, 28.5323114777727], [77.5816440736438, 28.5323726440371]]]}}, {"type": "Feature", "properties": {"source": "Google Open Buildings v3", "area_in_meters": 41.3, "confidence": 0.8573, "plus_code": "7JWVGHC9+WFQW", "lat": 28.52234996, "lon": 77.5687393}, "geometry": {"type": "Polygon", "coordinates": [[[77.5687812187743, 28.5223675652073], [77.5687211114122, 28.5223876709006], [77.5686973919598, 28.5223323570408], [77.5687574992967, 28.5223122513596], [77.5687812187743, 28.5223675652073]]]}}, {"type": "Feature", "properties": {"source": "Google Open Buildings v3", "area_in_meters": 68.05, "confidence": 0.7712, "plus_code": "7JWVGHM8+5PWV", "lat": 28.53299914, "lon": 77.56682573}, "geometry": {"type": "Polygon", "coordinates": [[[77.5668839086355, 28.5330113917785], [77.56681951365, 28.5330516693425], [77.5667675567815, 28.5329868859374], [77.5668319517518, 28.5329466083994], [77.5668839086355, 28.5330113917785]]]}}, {"type": "Feature", "properties": {"source": "Google Open Buildings v3", "area_in_meters": 155.05, "confidence": 0.8896, "plus_code": "7JWVGH9G+53Q9", "lat": 28.51795686, "lon": 77.57524672}, "geometry": {"type": "Polygon", "coordinates": [[[77.5753354941119, 28.517969321454], [77.5752313161454, 28.5180350785083], [77.5751579463851, 28.5179443992571], [77.5752621243174, 28.5178786422612], [77.5753354941119, 28.517969321454]]]}}, {"type": "Feature", "properties": {"source": "Google Open Buildings v3", "area_in_meters": 19.47, "confidence": 0.676, "plus_code": "7JWVGHHH+VMRV", "lat": 28.52974832, "lon": 77.57913855}, "geometry": {"type": "Polygon", "coordinates": [[[77.5791651683254, 28.5297690442579], [77.5791353916312, 28.5297795376732], [77.5791119249919, 28.5297276015589], [77.5791417016747, 28.5297171081493], [77.5791651683254, 28.5297690442579]]]}}, {"type": "Feature", "properties": {"source": "Google Open Buildings v3", "area_in_meters": 28.79, "confidence": 0.755, "plus_code": "7JWVGHJJ+75VC", "lat": 28.53073503, "lon": 77.58040654}, "geometry": {"type": "Polygon", "coordinates": [[[77.580445491068, 28.5307395963126], [77.5804107098969, 28.5307695390183], [77.5803675781366, 28.5307304638328], [77.5804023593083, 28.5307005211379], [77.580445491068, 28.5307395963126]]]}}, {"type": "Feature", "properties": {"source": "Google Open Buildings v3", "area_in_meters": 537.77, "confidence": 0.8256, "plus_code": "7JWVGHGG+C9PC", "lat": 28.52608739, "lon": 77.57593948}, "geometry": {"type": "Polygon", "coordinates": [[[77.5761427559518, 28.5260138160214], [77.5758229559827, 28.526251416044], [77.5757365559768, 28.5261606160501], [77.576055555946, 28.5259236160276], [77.5761427559518, 28.5260138160214]]]}}, {"type": "Feature", "properties": {"source": "Google Open Buildings v3", "area_in_meters": 28.28, "confidence": 0.8109, "plus_code": "7JWVGHCG+89MQ", "lat": 28.52084349, "lon": 77.57593158}, "geometry": {"type": "Polygon", "coordinates": [[[77.575974026923, 28.5208360321916], [77.5759644201327, 28.5208683825311], [77.5758891442316, 28.5208509448445], [77.5758987510442, 28.5208185945088], [77.575974026923, 28.5208360321916]]]}}, {"type": "Feature", "properties": {"source": "Google Open Buildings v3", "area_in_meters": 42.95, "confidence": 0.7547, "plus_code": "7JWVGHGH+C33R", "lat": 28.52602035, "lon": 77.57766038}, "geometry": {"type": "Polygon", "coordinates": [[[77.5777255693542, 28.5260056786975], [77.577725252823, 28.5260360761052], [77.5775951987046, 28.5260350197283], [77.5775955152731, 28.5260046223185], [77.5777255693542, 28.5260056786975]]]}}, {"type": "Feature", "properties": {"source": "Google Open Buildings v3", "area_in_meters": 10.13, "confidence": 0.695, "plus_code": "7JWVGHFF+7V8C", "lat": 28.52316204, "lon": 77.57468767}, "geometry": {"type": "Polygon", "coordinates": [[[77.5747096625704, 28.5231559611047], [77.5746969563003, 28.5231806561359], [77.5746656718221, 28.5231681001403], [77.5746783780985, 28.5231434051117], [77.5747096625704, 28.5231559611047]]]}}, {"type": "Feature", "properties": {"source": "Google Open Buildings v3", "area_in_meters": 64.74, "confidence": 0.6513, "plus_code": "7JWVGH78+Q52H", "lat": 28.51438705, "lon": 77.56540463}, "geometry": {"type": "Polygon", "coordinates": [[[77.5654668423165, 28.5144182003154], [77.5654281319395, 28.514446703908], [77.5653424222448, 28.5143558916197], [77.5653811326155, 28.5143273880516], [77.5654668423165, 28.5144182003154]]]}}, {"type": "Feature", "properties": {"source": "Google Open Buildings v3", "area_in_meters": 26.0, "confidence": 0.7417, "plus_code": "7JWVGHHF+GP4X", "lat": 28.52877351, "lon": 77.57433708}, "geometry": {"type": "Polygon", "coordinates": [[[77.5743462312483, 28.5287397964247], [77.5743662976112, 28.5287966522765], [77.574327926694, 28.5288072146711], [77.5743078603487, 28.5287503588125], [77.5743462312483, 28.5287397964247]]]}}, {"type": "Feature", "properties": {"source": "Google Open Buildings v3", "area_in_meters": 4395.84, "confidence": 0.9411, "plus_code": "7JWVGHCC+G892", "lat": 28.52127954, "lon": 77.57084725}, "geometry": {"type": "Polygon", "coordinates": [[[77.570572055603, 28.5210415162876], [77.5708095555885, 28.5209574162708], [77.5708101555886, 28.5209587162707], [77.5710541555738, 28.5208724162535], [77.5710654555758, 28.5208972162527], [77.5709540555825, 28.5209366162606], [77.5709573555831, 28.5209439162603], [77.5710072555801, 28.5209262162568], [77.5710100555806, 28.5209324162566], [77.5710722555768, 28.5209105162522], [77.5712419556065, 28.5212869162402], [77.5711305556132, 28.5213261162481], [77.5712019556256, 28.521483516243], [77.5706253556606, 28.5216875162838], [77.5705035556395, 28.5214189162924], [77.570576655635, 28.5213928162872], [77.5704538556137, 28.5211221162959], [77.5705871556056, 28.5210749162865], [77.570572055603, 28.5210415162876]]]}}, {"type": "Feature", "properties": {"source": "Google Open Buildings v3", "area_in_meters": 89.54, "confidence": 0.8359, "plus_code": "7JWVGH79+WX3G", "lat": 28.51476399, "lon": 77.56992696}, "geometry": {"type": "Polygon", "coordinates": [[[77.5699892596608, 28.5147900851003], [77.5699099677521, 28.5148230156982], [77.5698646527679, 28.5147378911231], [77.5699439446313, 28.5147049605544], [77.5699892596608, 28.5147900851003]]]}}, {"type": "Feature", "properties": {"source": "Google Open Buildings v3", "area_in_meters": 41.83, "confidence": 0.7134, "plus_code": "7JWVGH79+CJRG", "lat": 28.51361233, "lon": 77.56901709}, "geometry": {"type": "Polygon", "coordinates": [[[77.5690538877248, 28.5136417785438], [77.5690048115218, 28.5136548224975], [77.5689803019171, 28.5135828790174], [77.5690293780915, 28.5135698350743], [77.5690538877248, 28.5136417785438]]]}}, {"type": "Feature", "properties": {"source": "Google Open Buildings v3", "area_in_meters": 100.58, "confidence": 0.8882, "plus_code": "7JWVGHJ8+C2RW", "lat": 28.53112067, "lon": 77.56502011}, "geometry": {"type": "Polygon", "coordinates": [[[77.5650937893859, 28.5311221216568], [77.564999195525, 28.5311830867458], [77.564946416238, 28.5311192173348], [77.5650410100781, 28.5310582522837], [77.5650937893859, 28.5311221216568]]]}}, {"type": "Feature", "properties": {"source": "Google Open Buildings v3", "area_in_meters": 414.67, "confidence": 0.8542, "plus_code": "7JWVGHFC+C372", "lat": 28.52352898, "lon": 77.57016287}, "geometry": {"type": "Polygon", "coordinates": [[[77.5702391642521, 28.5235459078107], [77.5702198508393, 28.5235230022243], [77.5701567844645, 28.5235644809716], [77.5701966919452, 28.5236118110099], [77.5701135301565, 28.523666506436], [77.5700848343714, 28.5236324733797], [77.5700622040541, 28.5236473572952], [77.5700105747779, 28.5235861251452], [77.5700192294787, 28.5235804329687], [77.5700016579364, 28.5235595931581], [77.5702587662993, 28.523390493093], [77.5703360689133, 28.5234821735008], [77.5702391642521, 28.5235459078107]]]}}, {"type": "Feature", "properties": {"source": "Google Open Buildings v3", "area_in_meters": 221.91, "confidence": 0.8381, "plus_code": "7JWVGH78+X3PW", "lat": 28.51497206, "lon": 77.56520773}, "geometry": {"type": "Polygon", "coordinates": [[[77.5653647064282, 28.5148275637514], [77.5650915733546, 28.5151440331908], [77.5650507538657, 28.5151165484129], [77.565323887004, 28.5148000790513], [77.5653647064282, 28.5148275637514]]]}}, {"type": "Feature", "properties": {"source": "Google Open Buildings v3", "area_in_meters": 1170.9, "confidence": 0.8785, "plus_code": "7JWVGHFF+V5X6", "lat": 28.52473147, "lon": 77.57297017}, "geometry": {"type": "Polygon", "coordinates": [[[77.5727834559062, 28.524617016227], [77.572778955903, 28.5245811162274], [77.5728466559005, 28.5245744162226], [77.5728567559076, 28.5246550162219], [77.5730114559018, 28.5246398162109], [77.5730119559022, 28.5246437162109], [77.5730316559014, 28.5246416162095], [77.5730359559043, 28.5246745162092], [77.573260655896, 28.5246534161933], [77.5732815559114, 28.5248273161918], [77.5729989559219, 28.5248555162118], [77.572991455917, 28.5247986162123], [77.5727629559256, 28.5248221162285], [77.5727602559237, 28.5248010162287], [77.5726942559262, 28.5248075162334], [77.5726711559105, 28.524628716235], [77.5727834559062, 28.524617016227]]]}}, {"type": "Feature", "properties": {"source": "Google Open Buildings v3", "area_in_meters": 6.89, "confidence": 0.6703, "plus_code": "7JWVGHHC+QM9W", "lat": 28.52942333, "lon": 77.57173458}, "geometry": {"type": "Polygon", "coordinates": [[[77.5717468637435, 28.5294102754941], [77.5717460308257, 28.5294369689388], [77.5717222828143, 28.5294363909923], [77.5717231157381, 28.5294096975474], [77.5717468637435, 28.5294102754941]]]}}, {"type": "Feature", "properties": {"source": "Google Open Buildings v3", "area_in_meters": 100.74, "confidence": 0.7233, "plus_code": "7JWVGHJH+2J6G", "lat": 28.53003941, "lon": 77.57902311}, "geometry": {"type": "Polygon", "coordinates": [[[77.5790839699129, 28.5300838685396], [77.5790136220372, 28.5301086592657], [77.5789622404209, 28.5299949420422], [77.579032588238, 28.5299701513463], [77.5790839699129, 28.5300838685396]]]}}, {"type": "Feature", "properties": {"source": "Google Open Buildings v3", "area_in_meters": 124.2, "confidence": 0.7919, "plus_code": "7JWVGHHH+Q6RJ", "lat": 28.52949156, "lon": 77.57800158}, "geometry": {"type": "Polygon", "coordinates": [[[77.5780743149315, 28.5296057929974], [77.5780330787344, 28.5296196291008], [77.5779288438821, 28.5293773371302], [77.5779700800034, 28.5293635010625], [77.5780743149315, 28.5296057929974]]]}}, {"type": "Feature", "properties": {"source": "Google Open Buildings v3", "area_in_meters": 26.51, "confidence": 0.7037, "plus_code": "7JWVGHFF+M43J", "lat": 28.52414326, "lon": 77.57278589}, "geometry": {"type": "Polygon", "coordinates": [[[77.5728218367745, 28.524152132622], [77.5727733743259, 28.5241741006627], [77.5727499790173, 28.5241345438424], [77.5727982606057, 28.5241122700319], [77.5728218367745, 28.524152132622]]]}}, {"type": "Feature", "properties": {"source": "Google Open Buildings v3", "area_in_meters": 109.11, "confidence": 0.7738, "plus_code": "7JWVGHMC+8XV6", "lat": 28.53335898, "lon": 77.5724132}, "geometry": {"type": "Polygon", "coordinates": [[[77.5723281475036, 28.5334424105696], [77.5723003395516, 28.5334106357789], [77.5724982507616, 28.533275557418], [77.572526058731, 28.5333073321667], [77.5723281475036, 28.5334424105696]]]}}, {"type": "Feature", "properties": {"source": "Google Open Buildings v3", "area_in_meters": 56.64, "confidence": 0.863, "plus_code": "7JWVGHJJ+4CFF", "lat": 28.5303148, "lon": 77.58104436}, "geometry": {"type": "Polygon", "coordinates": [[[77.5810985128516, 28.5303190037081], [77.581042103096, 28.5303627691633], [77.5809902050287, 28.5303105982771], [77.5810466147814, 28.5302668328438], [77.5810985128516, 28.5303190037081]]]}}, {"type": "Feature", "properties": {"source": "Google Open Buildings v3", "area_in_meters": 325.1, "confidence": 0.7598, "plus_code": "7JWVGHFF+8RX6", "lat": 28.52335857, "lon": 77.57459406}, "geometry": {"type": "Polygon", "coordinates": [[[77.5747886562474, 28.5234108207773], [77.5747473615201, 28.5234766256011], [77.5743994613478, 28.5233063295009], [77.5744407562424, 28.5232405247721], [77.5747886562474, 28.5234108207773]]]}}, {"type": "Feature", "properties": {"source": "Google Open Buildings v3", "area_in_meters": 18.4, "confidence": 0.7618, "plus_code": "7JWVGHJ8+Q8X5", "lat": 28.53197631, "lon": 77.56586733}, "geometry": {"type": "Polygon", "coordinates": [[[77.565897678607, 28.531982093703], [77.5658578372244, 28.5320024178938], [77.5658369823159, 28.5319705341133], [77.5658768236915, 28.5319502099292], [77.565897678607, 28.531982093703]]]}}, {"type": "Feature", "properties": {"source": "Google Open Buildings v3", "area_in_meters": 17.95, "confidence": 0.6848, "plus_code": "7JWVGHJ9+Q3V4", "lat": 28.53197894, "lon": 77.56767208}, "geometry": {"type": "Polygon", "coordinates": [[[77.5676698632117, 28.5319541676645], [77.5676990472277, 28.5319815263143], [77.5676984874115, 28.5319981684299], [77.5676510431015, 28.531996923732], [77.5676524966981, 28.5319537120529], [77.5676698632117, 28.5319541676645]]]}}, {"type": "Feature", "properties": {"source": "Google Open Buildings v3", "area_in_meters": 340.97, "confidence": 0.8777, "plus_code": "7JWVGH78+W8R5", "lat": 28.51485364, "lon": 77.56577611}, "geometry": {"type": "Polygon", "coordinates": [[[77.5659090753058, 28.5148621031467], [77.5657697413311, 28.5149712531892], [77.5656431484599, 28.5148451791641], [77.5657824824213, 28.5147360292528], [77.5659090753058, 28.5148621031467]]]}}, {"type": "Feature", "properties": {"source": "Google Open Buildings v3", "area_in_meters": 32.64, "confidence": 0.8727, "plus_code": "7JWVGH79+MC3H", "lat": 28.51413973, "lon": 77.56855931}, "geometry": {"type": "Polygon", "coordinates": [[[77.5685975825852, 28.5141534466357], [77.5685406674406, 28.5141722898966], [77.5685210267879, 28.5141260074082], [77.5685779419125, 28.5141071641568], [77.5685975825852, 28.5141534466357]]]}}, {"type": "Feature", "properties": {"source": "Google Open Buildings v3", "area_in_meters": 235.54, "confidence": 0.8464, "plus_code": "7JWVGHM8+4CHQ", "lat": 28.53281872, "lon": 77.56612085}, "geometry": {"type": "Polygon", "coordinates": [[[77.5662174788273, 28.5328347352792], [77.5661812846731, 28.5328558551327], [77.5662034913354, 28.5328855351218], [77.5661513508301, 28.5329159598938], [77.5661291441749, 28.5328862798958], [77.5661004028067, 28.5329030508998], [77.5660138334744, 28.5327873476087], [77.566130909434, 28.5327190320651], [77.5662174788273, 28.5328347352792]]]}}, {"type": "Feature", "properties": {"source": "Google Open Buildings v3", "area_in_meters": 132.56, "confidence": 0.8129, "plus_code": "7JWVGH87+3QFR", "lat": 28.51519807, "lon": 77.56440932}, "geometry": {"type": "Polygon", "coordinates": [[[77.5645028687409, 28.5152664676825], [77.564455709485, 28.5152971985823], [77.5643157723563, 28.515129663848], [77.5643629315857, 28.5150989329986], [77.5645028687409, 28.5152664676825]]]}}, {"type": "Feature", "properties": {"source": "Google Open Buildings v3", "area_in_meters": 24.45, "confidence": 0.7888, "plus_code": "7JWVGH78+P4H6", "lat": 28.51430653, "lon": 77.56534886}, "geometry": {"type": "Polygon", "coordinates": [[[77.5653847367944, 28.5143076310318], [77.565352967195, 28.5143380259917], [77.5653129877049, 28.5143054246962], [77.5653447573075, 28.5142750297453], [77.5653847367944, 28.5143076310318]]]}}, {"type": "Feature", "properties": {"source": "Google Open Buildings v3", "area_in_meters": 13.06, "confidence": 0.7686, "plus_code": "7JWVGHJH+GW5V", "lat": 28.53127481, "lon": 77.57985367}, "geometry": {"type": "Polygon", "coordinates": [[[77.579880217575, 28.5312787551212], [77.5798403960965, 28.5312954802923], [77.5798271322231, 28.5312708503488], [77.579866953695, 28.5312541251822], [77.579880217575, 28.5312787551212]]]}}, {"type": "Feature", "properties": {"source": "Google Open Buildings v3", "area_in_meters": 42.6, "confidence": 0.8757, "plus_code": "7JWVGH78+GC97", "lat": 28.51378161, "lon": 77.56610286}, "geometry": {"type": "Polygon", "coordinates": [[[77.5661536645194, 28.5137739662152], [77.5660821843152, 28.5138233069729], [77.5660520532029, 28.5137892514917], [77.5661235334003, 28.5137399107504], [77.5661536645194, 28.5137739662152]]]}}, {"type": "Feature", "properties": {"source": "Google Open Buildings v3", "area_in_meters": 9.88, "confidence": 0.7488, "plus_code": "7JWVGHGH+J8VR", "lat": 28.52662447, "lon": 77.5782844}, "geometry": {"type": "Polygon", "coordinates": [[[77.5782942845716, 28.5266054254641], [77.5783001508086, 28.526640130185], [77.5782745118236, 28.526643510494], [77.5782686455945, 28.5266088057716], [77.5782942845716, 28.5266054254641]]]}}, {"type": "Feature", "properties": {"source": "Google Open Buildings v3", "area_in_meters": 86.12, "confidence": 0.8112, "plus_code": "7JWVGH78+JRQW", "lat": 28.51409881, "lon": 77.56711565}, "geometry": {"type": "Polygon", "coordinates": [[[77.567178521829, 28.5141192288594], [77.5670937997952, 28.5141547416982], [77.5670527734503, 28.5140783821724], [77.5671374954409, 28.5140428693615], [77.567178521829, 28.5141192288594]]]}}, {"type": "Feature", "properties": {"source": "Google Open Buildings v3", "area_in_meters": 50.45, "confidence": 0.8582, "plus_code": "7JWVGHF9+7J3V", "lat": 28.52314922, "lon": 77.56904008}, "geometry": {"type": "Polygon", "coordinates": [[[77.5690849624753, 28.5232049395445], [77.5690527488963, 28.5232166819232], [77.5689951829167, 28.5230934955311], [77.5690273964672, 28.5230817531676], [77.5690849624753, 28.5232049395445]]]}}, {"type": "Feature", "properties": {"source": "Google Open Buildings v3", "area_in_meters": 17.66, "confidence": 0.6814, "plus_code": "7JWVGHC9+9X45", "lat": 28.52087723, "lon": 77.56996749}, "geometry": {"type": "Polygon", "coordinates": [[[77.569983494221, 28.5208536996924], [77.569988028158, 28.5208978351095], [77.5699514931036, 28.5209007628325], [77.5699469591814, 28.520856627413], [77.569983494221, 28.5208536996924]]]}}, {"type": "Feature", "properties": {"source": "Google Open Buildings v3", "area_in_meters": 22.81, "confidence": 0.7444, "plus_code": "7JWVGHJJ+4994", "lat": 28.53027997, "lon": 77.58098978}, "geometry": {"type": "Polygon", "coordinates": [[[77.5810241226301, 28.5302842833558], [77.5809902050284, 28.5303105982762], [77.5809554399305, 28.5302756503822], [77.5809893575312, 28.5302493354705], [77.5810241226301, 28.5302842833558]]]}}, {"type": "Feature", "properties": {"source": "Google Open Buildings v3", "area_in_meters": 14.71, "confidence": 0.6572, "plus_code": "7JWVGHJJ+QMW6", "lat": 28.53198431, "lon": 77.58169004}, "geometry": {"type": "Polygon", "coordinates": [[[77.5817056820066, 28.5319637627107], [77.581709259244, 28.5320023512025], [77.5816743910724, 28.5320048721197], [77.5816708138477, 28.5319662836262], [77.5817056820066, 28.5319637627107]]]}}, {"type": "Feature", "properties": {"source": "Google Open Buildings v3", "area_in_meters": 11.59, "confidence": 0.7419, "plus_code": "7JWVGHH8+HX2J", "lat": 28.52889448, "lon": 77.56737908}, "geometry": {"type": "Polygon", "coordinates": [[[77.5673998201852, 28.5289064194562], [77.5673622860255, 28.5289105267426], [77.5673583588843, 28.528882535983], [77.5673958930348, 28.5288784286984], [77.5673998201852, 28.5289064194562]]]}}, {"type": "Feature", "properties": {"source": "Google Open Buildings v3", "area_in_meters": 76.77, "confidence": 0.6953, "plus_code": "7JWVGHHG+RWQC", "lat": 28.52958569, "lon": 77.57734986}, "geometry": {"type": "Polygon", "coordinates": [[[77.577403912993, 28.5296173458954], [77.577332438488, 28.5296408658013], [77.5772958059182, 28.5295540410613], [77.5773672803759, 28.5295305211776], [77.577403912993, 28.5296173458954]]]}}, {"type": "Feature", "properties": {"source": "Google Open Buildings v3", "area_in_meters": 366.54, "confidence": 0.8036, "plus_code": "7JWVGHHH+W7P5", "lat": 28.52982573, "lon": 77.57821122}, "geometry": {"type": "Polygon", "coordinates": [[[77.5782523522954, 28.5297140963941], [77.5783458666607, 28.5299105752655], [77.5782695660517, 28.5299388988646], [77.5782535881743, 28.5299053284707], [77.5782086939156, 28.5299219936694], [77.5781729821399, 28.5298469611186], [77.5781004864805, 28.5298738721857], [77.578058661975, 28.5297859961452], [77.5782523522954, 28.5297140963941]]]}}, {"type": "Feature", "properties": {"source": "Google Open Buildings v3", "area_in_meters": 647.29, "confidence": 0.8381, "plus_code": "7JWVGHFC+45CH", "lat": 28.52281462, "lon": 77.57040497}, "geometry": {"type": "Polygon", "coordinates": [[[77.5706875557684, 28.5226807163257], [77.5703525557978, 28.5228989163494], [77.5703828558003, 28.5229352163473], [77.5702542558116, 28.5230190163564], [77.5702043558076, 28.5229594163599], [77.5702383558046, 28.5229372163575], [77.5701850558002, 28.5228734163613], [77.5703722557838, 28.522751516348], [77.5703918557854, 28.5227750163466], [77.57045245578, 28.5227354163424], [77.5704328557784, 28.5227120163438], [77.5705410557689, 28.5226415163361], [77.5705740557716, 28.5226810163338], [77.5706477557651, 28.5226330163286], [77.5706875557684, 28.5226807163257]]]}}, {"type": "Feature", "properties": {"source": "Google Open Buildings v3", "area_in_meters": 13.11, "confidence": 0.7732, "plus_code": "7JWVGHJ8+PG9H", "lat": 28.53178827, "lon": 77.56637095}, "geometry": {"type": "Polygon", "coordinates": [[[77.5663821674519, 28.5317674130185], [77.5663940029484, 28.5317991869679], [77.5663597266154, 28.5318091444897], [77.5663478911276, 28.5317773705366], [77.5663821674519, 28.5317674130185]]]}}, {"type": "Feature", "properties": {"source": "Google Open Buildings v3", "area_in_meters": 66.19, "confidence": 0.7312, "plus_code": "7JWVGHHH+Q8JC", "lat": 28.52946353, "lon": 77.57825235}, "geometry": {"type": "Polygon", "coordinates": [[[77.5783057073588, 28.5294852196714], [77.5782267603395, 28.5295102208795], [77.5781989947863, 28.529441838745], [77.578277941764, 28.5294168375557], [77.5783057073588, 28.5294852196714]]]}}, {"type": "Feature", "properties": {"source": "Google Open Buildings v3", "area_in_meters": 452.32, "confidence": 0.7769, "plus_code": "7JWVGHHH+WHFV", "lat": 28.52982266, "lon": 77.57891774}, "geometry": {"type": "Polygon", "coordinates": [[[77.5790559998417, 28.5299375556637], [77.5790230990496, 28.5299491499767], [77.5790068326706, 28.5299131493802], [77.5789364848831, 28.529937940061], [77.5789527512433, 28.529973940667], [77.578883406613, 28.5299983777904], [77.5788470908942, 28.5299180039178], [77.5789164354832, 28.5298935668152], [77.5788785986235, 28.5298098263188], [77.5788372644191, 28.529824392535], [77.5787839116867, 28.5297063119592], [77.5788760827517, 28.5296738307716], [77.5788858955329, 28.5296955484588], [77.578938307027, 28.5296770785516], [77.5790559998417, 28.5299375556637]]]}}, {"type": "Feature", "properties": {"source": "Google Open Buildings v3", "area_in_meters": 16.04, "confidence": 0.7855, "plus_code": "7JWVGHF9+MR45", "lat": 28.52412853, "lon": 77.56958615}, "geometry": {"type": "Polygon", "coordinates": [[[77.5695906351693, 28.52410100034], [77.5696100135975, 28.5241466694867], [77.5695816639859, 28.5241560526272], [77.5695622855675, 28.5241103834762], [77.5695906351693, 28.52410100034]]]}}, {"type": "Feature", "properties": {"source": "Google Open Buildings v3", "area_in_meters": 22.53, "confidence": 0.7985, "plus_code": "7JWVGHHJ+5R9G", "lat": 28.52791257, "lon": 77.58211568}, "geometry": {"type": "Polygon", "coordinates": [[[77.5821499994423, 28.5279141045088], [77.5821103281386, 28.5279425523416], [77.5820813554567, 28.5279110393105], [77.5821210267583, 28.527882591486], [77.5821499994423, 28.5279141045088]]]}}, {"type": "Feature", "properties": {"source": "Google Open Buildings v3", "area_in_meters": 10.34, "confidence": 0.7626, "plus_code": "7JWVGHFG+85PM", "lat": 28.52334115, "lon": 77.57544899}, "geometry": {"type": "Polygon", "coordinates": [[[77.575469414516, 28.5233313362923], [77.5754587837878, 28.5233597752433], [77.5754285963881, 28.5233509731203], [77.575439227124, 28.523322534171], [77.575469414516, 28.5233313362923]]]}}, {"type": "Feature", "properties": {"source": "Google Open Buildings v3", "area_in_meters": 70.92, "confidence": 0.829, "plus_code": "7JWVGHJ8+V7R7", "lat": 28.5322342, "lon": 77.56563523}, "geometry": {"type": "Polygon", "coordinates": [[[77.5656967066726, 28.532239842037], [77.5656134968213, 28.5322852950949], [77.5655737508125, 28.5322285480134], [77.5656569606403, 28.5321830949813], [77.5656967066726, 28.532239842037]]]}}, {"type": "Feature", "properties": {"source": "Google Open Buildings v3", "area_in_meters": 187.0, "confidence": 0.9256, "plus_code": "7JWVGHCC+P2F4", "lat": 28.52180308, "lon": 77.570054}, "geometry": {"type": "Polygon", "coordinates": [[[77.5701826590102, 28.5217959866941], [77.5699544876568, 28.5218754674341], [77.5699253337608, 28.5218101811745], [77.5701535050041, 28.5217307004903], [77.5701826590102, 28.5217959866941]]]}}, {"type": "Feature", "properties": {"source": "Google Open Buildings v3", "area_in_meters": 483.6, "confidence": 0.9109, "plus_code": "7JWVGHJ8+RGGV", "lat": 28.53207094, "lon": 77.56632169}, "geometry": {"type": "Polygon", "coordinates": [[[77.5664761528651, 28.5321091114344], [77.5662905872352, 28.532206892562], [77.5661906296494, 28.5320589482515], [77.5661649230884, 28.5320724939095], [77.5661477265928, 28.5320470418162], [77.5663589986109, 28.5319357152045], [77.5664761528651, 28.5321091114344]]]}}, {"type": "Feature", "properties": {"source": "Google Open Buildings v3", "area_in_meters": 981.94, "confidence": 0.9535, "plus_code": "7JWVGHJH+J924", "lat": 28.53150188, "lon": 77.57839431}, "geometry": {"type": "Polygon", "coordinates": [[[77.5786515855257, 28.53138954583], [77.5782717626798, 28.5317310738111], [77.5781370398871, 28.5316142205362], [77.5785168628038, 28.5312726929198], [77.5786515855257, 28.53138954583]]]}}, {"type": "Feature", "properties": {"source": "Google Open Buildings v3", "area_in_meters": 15.64, "confidence": 0.7461, "plus_code": "7JWVGHHJ+VHV3", "lat": 28.52972656, "lon": 77.58141445}, "geometry": {"type": "Polygon", "coordinates": [[[77.581442676885, 28.5297304222445], [77.581409226391, 28.5297513611515], [77.5813862267972, 28.5297227043461], [77.5814196772876, 28.529701765445], [77.581442676885, 28.5297304222445]]]}}, {"type": "Feature", "properties": {"source": "Google Open Buildings v3", "area_in_meters": 15.84, "confidence": 0.6646, "plus_code": "7JWVGHJJ+MC6P", "lat": 28.53166715, "lon": 77.5810195}, "geometry": {"type": "Polygon", "coordinates": [[[77.581027053676, 28.5317007437742], [77.5809922944782, 28.5316427516398], [77.581011935479, 28.5316335702786], [77.5810466946833, 28.5316915624069], [77.581027053676, 28.5317007437742]]]}}, {"type": "Feature", "properties": {"source": "Google Open Buildings v3", "area_in_meters": 27.4, "confidence": 0.6939, "plus_code": "7JWVGHHH+428W", "lat": 28.52779897, "lon": 77.57757856}, "geometry": {"type": "Polygon", "coordinates": [[[77.5775764934971, 28.5277567806938], [77.5776100303371, 28.5278307600993], [77.5775806407872, 28.5278411516216], [77.5775471039624, 28.5277671722081], [77.5775764934971, 28.5277567806938]]]}}, {"type": "Feature", "properties": {"source": "Google Open Buildings v3", "area_in_meters": 7.18, "confidence": 0.6788, "plus_code": "7JWVGHJJ+9RQJ", "lat": 28.53096706, "lon": 77.58209738}, "geometry": {"type": "Polygon", "coordinates": [[[77.5821054089579, 28.5309515178102], [77.5821151518718, 28.5309738298045], [77.5820893509011, 28.5309826166916], [77.5820796079913, 28.5309603046953], [77.5821054089579, 28.5309515178102]]]}}, {"type": "Feature", "properties": {"source": "Google Open Buildings v3", "area_in_meters": 27.34, "confidence": 0.8307, "plus_code": "7JWVGHMC+3WH2", "lat": 28.53267641, "lon": 77.57234544}, "geometry": {"type": "Polygon", "coordinates": [[[77.5723833057716, 28.5326734676213], [77.5723423881092, 28.532709869459], [77.5723075638933, 28.5326793411053], [77.5723484815574, 28.532642939278], [77.5723833057716, 28.5326734676213]]]}}, {"type": "Feature", "properties": {"source": "Google Open Buildings v3", "area_in_meters": 10.04, "confidence": 0.66, "plus_code": "7JWVGHC9+XHFJ", "lat": 28.52244092, "lon": 77.56891283}, "geometry": {"type": "Polygon", "coordinates": [[[77.5689329236597, 28.5224510578629], [77.5688972641778, 28.5224560546189], [77.5688927221544, 28.522430770007], [77.5689283816282, 28.5224257732527], [77.5689329236597, 28.5224510578629]]]}}, {"type": "Feature", "properties": {"source": "Google Open Buildings v3", "area_in_meters": 255.13, "confidence": 0.8791, "plus_code": "7JWVGHGC+6C86", "lat": 28.52553027, "lon": 77.57106641}, "geometry": {"type": "Polygon", "coordinates": [[[77.5711664907908, 28.5255905565934], [77.5710642454594, 28.5256253142705], [77.5710550752578, 28.5256042733161], [77.5710256656333, 28.5256142709198], [77.5709650737994, 28.5254752431019], [77.5710967286016, 28.5254304878964], [77.5711664907908, 28.5255905565934]]]}}, {"type": "Feature", "properties": {"source": "Google Open Buildings v3", "area_in_meters": 26.84, "confidence": 0.7971, "plus_code": "7JWVGHHJ+F72C", "lat": 28.52863664, "lon": 77.5806325}, "geometry": {"type": "Polygon", "coordinates": [[[77.5806698753273, 28.528640923276], [77.5806210684301, 28.5286683645532], [77.5805951054155, 28.5286323481613], [77.5806439123047, 28.5286049068942], [77.5806698753273, 28.528640923276]]]}}, {"type": "Feature", "properties": {"source": "Google Open Buildings v3", "area_in_meters": 85.75, "confidence": 0.8421, "plus_code": "7JWVGHF9+6R4F", "lat": 28.52301366, "lon": 77.56957366}, "geometry": {"type": "Polygon", "coordinates": [[[77.5696163057099, 28.5229679720664], [77.5696295795517, 28.5230463124128], [77.5695310291136, 28.5230593375846], [77.5695177553416, 28.5229809972237], [77.5696163057099, 28.5229679720664]]]}}, {"type": "Feature", "properties": {"source": "Google Open Buildings v3", "area_in_meters": 20.35, "confidence": 0.7887, "plus_code": "7JWVGHF9+PVPH", "lat": 28.52433894, "lon": 77.56971532}, "geometry": {"type": "Polygon", "coordinates": [[[77.5697469211143, 28.5243477266719], [77.5696974979602, 28.5243636161682], [77.5696837053833, 28.5243301527871], [77.5697331285249, 28.5243142632966], [77.5697469211143, 28.5243477266719]]]}}, {"type": "Feature", "properties": {"source": "Google Open Buildings v3", "area_in_meters": 90.82, "confidence": 0.6997, "plus_code": "7JWVGHGG+HFVX", "lat": 28.52649797, "lon": 77.57618632}, "geometry": {"type": "Polygon", "coordinates": [[[77.5762619940117, 28.5264501244104], [77.576152472448, 28.5265746053908], [77.5761106702706, 28.5265460351157], [77.576219913702, 28.5264213640569], [77.5762619940117, 28.5264501244104]]]}}, {"type": "Feature", "properties": {"source": "Google Open Buildings v3", "area_in_meters": 19.77, "confidence": 0.7035, "plus_code": "7JWVGHGH+V5RR", "lat": 28.52724632, "lon": 77.5778812}, "geometry": {"type": "Polygon", "coordinates": [[[77.577924779103, 28.5272438024368], [77.5778460461773, 28.5272692155057], [77.5778376076314, 28.527248824113], [77.5779163405449, 28.5272234110498], [77.577924779103, 28.5272438024368]]]}}, {"type": "Feature", "properties": {"source": "Google Open Buildings v3", "area_in_meters": 372.36, "confidence": 0.8263, "plus_code": "7JWVGHGF+W654", "lat": 28.52725323, "lon": 77.57311425}, "geometry": {"type": "Polygon", "coordinates": [[[77.5732408668797, 28.5273004144039], [77.5730405954457, 28.5273619772332], [77.5729865938567, 28.5272249561002], [77.5730605257606, 28.5272022297096], [77.5730507547729, 28.5271774372552], [77.5731770940635, 28.52713860092], [77.5732408668797, 28.5273004144039]]]}}, {"type": "Feature", "properties": {"source": "Google Open Buildings v3", "area_in_meters": 10.46, "confidence": 0.7358, "plus_code": "7JWVGHGG+3387", "lat": 28.52515732, "lon": 77.57520277}, "geometry": {"type": "Polygon", "coordinates": [[[77.5752167488782, 28.5251398790422], [77.5752160961849, 28.5251751520359], [77.5751888134066, 28.5251747582547], [77.5751894661089, 28.5251394852604], [77.5752167488782, 28.5251398790422]]]}}, {"type": "Feature", "properties": {"source": "Google Open Buildings v3", "area_in_meters": 9.64, "confidence": 0.7101, "plus_code": "7JWVGHMG+4VW8", "lat": 28.53285808, "lon": 77.57720332}, "geometry": {"type": "Polygon", "coordinates": [[[77.577223394538, 28.5328492713697], [77.5772121323632, 28.5328762916063], [77.5771832191288, 28.5328668930139], [77.5771944813105, 28.5328398727792], [77.577223394538, 28.5328492713697]]]}}, {"type": "Feature", "properties": {"source": "Google Open Buildings v3", "area_in_meters": 236.49, "confidence": 0.7442, "plus_code": "7JWVGHHH+FC6F", "lat": 28.52866421, "lon": 77.57851555}, "geometry": {"type": "Polygon", "coordinates": [[[77.578511162295, 28.5286075314194], [77.5785653939818, 28.5285888633932], [77.5786085673762, 28.5286866858464], [77.5785543356488, 28.5287053538925], [77.5785760158057, 28.5287544768552], [77.5785050708238, 28.5287788980238], [77.5784205024216, 28.5285872821029], [77.5784914473019, 28.5285628609852], [77.578511162295, 28.5286075314194]]]}}, {"type": "Feature", "properties": {"source": "Google Open Buildings v3", "area_in_meters": 65.35, "confidence": 0.8864, "plus_code": "7JWVGHJC+WXM3", "lat": 28.53232628, "lon": 77.57241696}, "geometry": {"type": "Polygon", "coordinates": [[[77.5724497851577, 28.5323637168275], [77.5724193896447, 28.5323375026611], [77.5723855168568, 28.5323681336654], [77.5723505128775, 28.5323379449611], [77.5724183212751, 28.5322766261383], [77.5724837207622, 28.5323330289837], [77.5724497851577, 28.5323637168275]]]}}, {"type": "Feature", "properties": {"source": "Google Open Buildings v3", "area_in_meters": 17.28, "confidence": 0.7729, "plus_code": "7JWVGHH8+HXP2", "lat": 28.52895034, "lon": 77.5674428}, "geometry": {"type": "Polygon", "coordinates": [[[77.5674696482255, 28.5289626587872], [77.5674242338805, 28.5289714351067], [77.5674159517886, 28.5289380089465], [77.5674613661202, 28.5289292326303], [77.5674696482255, 28.5289626587872]]]}}, {"type": "Feature", "properties": {"source": "Google Open Buildings v3", "area_in_meters": 91.55, "confidence": 0.7814, "plus_code": "7JWVGHHG+QW5V", "lat": 28.52939939, "lon": 77.57735796}, "geometry": {"type": "Polygon", "coordinates": [[[77.5774340399403, 28.5294073496786], [77.5773063319506, 28.5294493742378], [77.5772818846666, 28.529391430321], [77.5774095925996, 28.5293494057884], [77.5774340399403, 28.5294073496786]]]}}, {"type": "Feature", "properties": {"source": "Google Open Buildings v3", "area_in_meters": 19.64, "confidence": 0.7718, "plus_code": "7JWVGHHH+VF6W", "lat": 28.52967351, "lon": 77.57864233}, "geometry": {"type": "Polygon", "coordinates": [[[77.5786725700904, 28.5296852344894], [77.5786194544111, 28.5296945501402], [77.5786120907798, 28.5296618038979], [77.5786652064438, 28.5296524882508], [77.5786725700904, 28.5296852344894]]]}}, {"type": "Feature", "properties": {"source": "Google Open Buildings v3", "area_in_meters": 151.85, "confidence": 0.6881, "plus_code": "7JWVGHGG+FHWG", "lat": 28.52623721, "lon": 77.57645566}, "geometry": {"type": "Polygon", "coordinates": [[[77.5765454280464, 28.5261997782148], [77.576436083037, 28.5263232246159], [77.5763659380202, 28.5262747621335], [77.5764750855842, 28.5261511793446], [77.5765454280464, 28.5261997782148]]]}}, {"type": "Feature", "properties": {"source": "Google Open Buildings v3", "area_in_meters": 42.07, "confidence": 0.7812, "plus_code": "7JWVGHGG+FVMV", "lat": 28.52622258, "lon": 77.57716592}, "geometry": {"type": "Polygon", "coordinates": [[[77.5772045307859, 28.5261987984234], [77.5771982150589, 28.526252834655], [77.5771273072862, 28.5262463703558], [77.5771336230496, 28.5261923341252], [77.5772045307859, 28.5261987984234]]]}}, {"type": "Feature", "properties": {"source": "Google Open Buildings v3", "area_in_meters": 52.62, "confidence": 0.8023, "plus_code": "7JWVGHF9+6JF2", "lat": 28.52305356, "lon": 77.5690389}, "geometry": {"type": "Polygon", "coordinates": [[[77.5690988107145, 28.5230553973714], [77.5689985941632, 28.5230927438315], [77.5689789921327, 28.5230517134049], [77.5690792086545, 28.5230143669639], [77.5690988107145, 28.5230553973714]]]}}, {"type": "Feature", "properties": {"source": "Google Open Buildings v3", "area_in_meters": 206.38, "confidence": 0.9062, "plus_code": "7JWVGHGF+Q92M", "lat": 28.52689255, "lon": 77.57338597}, "geometry": {"type": "Polygon", "coordinates": [[[77.5734764184383, 28.5269644195177], [77.5733865037931, 28.5269963270465], [77.5733220729191, 28.5268547104365], [77.5732790955116, 28.5268699615646], [77.5732666901887, 28.5268426950619], [77.5733995821209, 28.5267955364671], [77.5734764184383, 28.5269644195177]]]}}, {"type": "Feature", "properties": {"source": "Google Open Buildings v3", "area_in_meters": 6.94, "confidence": 0.6527, "plus_code": "7JWVGHJJ+JCCJ", "lat": 28.53156747, "lon": 77.58100453}, "geometry": {"type": "Polygon", "coordinates": [[[77.5810200813291, 28.5315576607731], [77.5810176723974, 28.5315797280555], [77.5809889716818, 28.5315772845545], [77.5809913806195, 28.5315552172722], [77.5810200813291, 28.5315576607731]]]}}, {"type": "Feature", "properties": {"source": "Google Open Buildings v3", "area_in_meters": 42.37, "confidence": 0.6919, "plus_code": "7JWVGHF9+6JH5", "lat": 28.52305192, "lon": 77.56911906}, "geometry": {"type": "Polygon", "coordinates": [[[77.5691164173117, 28.5230005008525], [77.5691589223683, 28.5230894709773], [77.5691217136897, 28.5231033371012], [77.5690792086544, 28.5230143669636], [77.5691164173117, 28.5230005008525]]]}}, {"type": "Feature", "properties": {"source": "Google Open Buildings v3", "area_in_meters": 37.75, "confidence": 0.7792, "plus_code": "7JWVGHHF+44QQ", "lat": 28.52784427, "lon": 77.57286764}, "geometry": {"type": "Polygon", "coordinates": [[[77.5729035898733, 28.52786918676], [77.5728532734848, 28.5278826450535], [77.5728316752634, 28.5278193157727], [77.572882014741, 28.5278059252658], [77.5729035898733, 28.52786918676]]]}}, {"type": "Feature", "properties": {"source": "Google Open Buildings v3", "area_in_meters": 134.18, "confidence": 0.674, "plus_code": "7JWVGHGG+JHR4", "lat": 28.52660282, "lon": 77.5763912}, "geometry": {"type": "Polygon", "coordinates": [[[77.5763707554808, 28.5266863262693], [77.5763072159823, 28.5266444316056], [77.5764113306041, 28.5265192985626], [77.5764752611251, 28.5265614891171], [77.5763707554808, 28.5266863262693]]]}}, {"type": "Feature", "properties": {"source": "Google Open Buildings v3", "area_in_meters": 992.15, "confidence": 0.8417, "plus_code": "7JWVGHFF+356H", "lat": 28.52266451, "lon": 77.5729004}, "geometry": {"type": "Polygon", "coordinates": [[[77.5731626556803, 28.5225329161396], [77.5730356556959, 28.5226632161486], [77.5730051556946, 28.5226400161508], [77.5728258557165, 28.5228239161634], [77.5728563557178, 28.5228470161613], [77.5727527557304, 28.5229532161686], [77.5726517557263, 28.5228764161758], [77.5727488557144, 28.5227769161689], [77.5727050557126, 28.522743516172], [77.5729724556799, 28.5224693161531], [77.5729396556785, 28.5224443161554], [77.572985055673, 28.5223978161522], [77.5731626556803, 28.5225329161396]]]}}, {"type": "Feature", "properties": {"source": "Google Open Buildings v3", "area_in_meters": 18.45, "confidence": 0.7517, "plus_code": "7JWVGHJJ+QVV9", "lat": 28.53198425, "lon": 77.58218593}, "geometry": {"type": "Polygon", "coordinates": [[[77.5822158112989, 28.5319924523273], [77.5821712052147, 28.5320086335642], [77.5821560477684, 28.5319760462332], [77.5822006538421, 28.5319598650019], [77.5822158112989, 28.5319924523273]]]}}, {"type": "Feature", "properties": {"source": "Google Open Buildings v3", "area_in_meters": 1120.45, "confidence": 0.8621, "plus_code": "7JWVGH9F+C7X3", "lat": 28.51860494, "lon": 77.57322715}, "geometry": {"type": "Polygon", "coordinates": [[[77.5735797552546, 28.5185381159899], [77.5734896552606, 28.5185763159963], [77.573463755257, 28.5185286159981], [77.5734607552572, 28.5185299159983], [77.573487955261, 28.5185799159964], [77.5733441552706, 28.5186408160066], [77.5733129552663, 28.5185832160088], [77.5732916552677, 28.5185922160103], [77.5733228552721, 28.5186498160081], [77.5731821552815, 28.518709316018], [77.5731550552777, 28.5186592160199], [77.573135655279, 28.5186674160213], [77.5731627552828, 28.5187175160194], [77.5730217552922, 28.5187772160293], [77.5729945552884, 28.5187271160313], [77.5729833552892, 28.5187319160321], [77.573010455293, 28.5187819160301], [77.5729390552978, 28.5188121160352], [77.5728680552878, 28.5186812160402], [77.5731111552715, 28.518578316023], [77.573107155271, 28.5185710160233], [77.5735060552442, 28.5184022159951], [77.5735797552546, 28.5185381159899]]]}}, {"type": "Feature", "properties": {"source": "Google Open Buildings v3", "area_in_meters": 7.3, "confidence": 0.7037, "plus_code": "7JWVGHF9+3JVH", "lat": 28.52273911, "lon": 77.56905484}, "geometry": {"type": "Polygon", "coordinates": [[[77.5690674229536, 28.5227257014545], [77.5690669991029, 28.5227528201997], [77.569042229863, 28.5227525182211], [77.5690426537202, 28.5227253994756], [77.5690674229536, 28.5227257014545]]]}}, {"type": "Feature", "properties": {"source": "Google Open Buildings v3", "area_in_meters": 25.05, "confidence": 0.8104, "plus_code": "7JWVGH89+9VQH", "lat": 28.5159633, "lon": 77.5697468}, "geometry": {"type": "Polygon", "coordinates": [[[77.5697808743639, 28.5159739402363], [77.5697363093476, 28.5159938397235], [77.5697127269659, 28.5159526381726], [77.5697572919705, 28.5159327386937], [77.5697808743639, 28.5159739402363]]]}}, {"type": "Feature", "properties": {"source": "Google Open Buildings v3", "area_in_meters": 30.68, "confidence": 0.6604, "plus_code": "7JWVGHGG+MHJ3", "lat": 28.52670127, "lon": 77.57638529}, "geometry": {"type": "Polygon", "coordinates": [[[77.5764240193563, 28.5266906223618], [77.5763878556737, 28.526737015816], [77.5763465540708, 28.5267119046347], [77.5763827177646, 28.5266655111909], [77.5764240193563, 28.5266906223618]]]}}, {"type": "Feature", "properties": {"source": "Google Open Buildings v3", "area_in_meters": 82.47, "confidence": 0.8689, "plus_code": "7JWVGHJH+W623", "lat": 28.53225133, "lon": 77.57800864}, "geometry": {"type": "Polygon", "coordinates": [[[77.5780743342001, 28.5322568299652], [77.5780130213992, 28.5323094732871], [77.5779429451072, 28.5322458205394], [77.5780042579111, 28.5321931772487], [77.5780743342001, 28.5322568299652]]]}}, {"type": "Feature", "properties": {"source": "Google Open Buildings v3", "area_in_meters": 12.93, "confidence": 0.6884, "plus_code": "7JWVGHJJ+QM65", "lat": 28.53190446, "lon": 77.58165586}, "geometry": {"type": "Polygon", "coordinates": [[[77.5816716906862, 28.5318862536706], [77.5816755523513, 28.5319194384359], [77.58164004754, 28.5319226607161], [77.5816361858858, 28.5318894759489], [77.5816716906862, 28.5318862536706]]]}}, {"type": "Feature", "properties": {"source": "Google Open Buildings v3", "area_in_meters": 9.46, "confidence": 0.7008, "plus_code": "7JWVGHGH+H6QX", "lat": 28.52647054, "lon": 77.57812464}, "geometry": {"type": "Polygon", "coordinates": [[[77.5781381599205, 28.5264549662417], [77.5781415939632, 28.5264832099332], [77.5781110970455, 28.5264861021162], [77.5781076630108, 28.5264578584233], [77.5781381599205, 28.5264549662417]]]}}, {"type": "Feature", "properties": {"source": "Google Open Buildings v3", "area_in_meters": 34.82, "confidence": 0.8125, "plus_code": "7JWVGH7C+9G2P", "lat": 28.51339207, "lon": 77.57127006}, "geometry": {"type": "Polygon", "coordinates": [[[77.5713153884541, 28.5133813138398], [77.5712543711671, 28.5134311444594], [77.5712247322247, 28.5134028296011], [77.5712857495115, 28.5133529989947], [77.5713153884541, 28.5133813138398]]]}}, {"type": "Feature", "properties": {"source": "Google Open Buildings v3", "area_in_meters": 15.25, "confidence": 0.6929, "plus_code": "7JWVGHJJ+47W8", "lat": 28.53035535, "lon": 77.58070554}, "geometry": {"type": "Polygon", "coordinates": [[[77.5807326089658, 28.5303624139724], [77.5806955507916, 28.5303786745824], [77.5806784626169, 28.53034830095], [77.5807155207839, 28.530332040345], [77.5807326089658, 28.5303624139724]]]}}, {"type": "Feature", "properties": {"source": "Google Open Buildings v3", "area_in_meters": 328.75, "confidence": 0.8644, "plus_code": "7JWVGHFF+336X", "lat": 28.5226729, "lon": 77.57265075}, "geometry": {"type": "Polygon", "coordinates": [[[77.57277808288, 28.5226382428446], [77.5726776832453, 28.522785674552], [77.5725375194952, 28.5227112193381], [77.572558306773, 28.5226806943878], [77.5725246951978, 28.5226628398263], [77.5725562623481, 28.5226164852243], [77.5725898739125, 28.5226343397788], [77.5726379192712, 28.5225637877246], [77.57277808288, 28.5226382428446]]]}}, {"type": "Feature", "properties": {"source": "Google Open Buildings v3", "area_in_meters": 49.26, "confidence": 0.6961, "plus_code": "7JWVGHJ8+V5VG", "lat": 28.53223757, "lon": 77.5654258}, "geometry": {"type": "Polygon", "coordinates": [[[77.5654843158381, 28.5322204133561], [77.5653957730133, 28.532285120233], [77.5653672895224, 28.5322547229743], [77.565455832342, 28.5321900161165], [77.5654843158381, 28.5322204133561]]]}}, {"type": "Feature", "properties": {"source": "Google Open Buildings v3", "area_in_meters": 226.23, "confidence": 0.7566, "plus_code": "7JWVGHFC+V568", "lat": 28.5246589, "lon": 77.57039556}, "geometry": {"type": "Polygon", "coordinates": [[[77.570536905759, 28.5246488788169], [77.570287708148, 28.5247402181905], [77.5702542086966, 28.5246689286538], [77.570503406179, 28.5245775893501], [77.570536905759, 28.5246488788169]]]}}, {"type": "Feature", "properties": {"source": "Google Open Buildings v3", "area_in_meters": 85.58, "confidence": 0.778, "plus_code": "7JWVGHMG+6JPC", "lat": 28.53308617, "lon": 77.57656552}, "geometry": {"type": "Polygon", "coordinates": [[[77.5766592731528, 28.5331531300346], [77.5766314867447, 28.5331753022446], [77.5764717784079, 28.5330192096356], [77.5764995648163, 28.5329970374572], [77.5766592731528, 28.5331531300346]]]}}, {"type": "Feature", "properties": {"source": "Google Open Buildings v3", "area_in_meters": 45.36, "confidence": 0.7557, "plus_code": "7JWVGHGH+G3HF", "lat": 28.52631064, "lon": 77.57773026}, "geometry": {"type": "Polygon", "coordinates": [[[77.57778351873, 28.5263141328439], [77.5776971771893, 28.5263476556119], [77.5776770053214, 28.526307131472], [77.5777633468375, 28.5262736087185], [77.57778351873, 28.5263141328439]]]}}, {"type": "Feature", "properties": {"source": "Google Open Buildings v3", "area_in_meters": 125.66, "confidence": 0.8145, "plus_code": "7JWVGHJH+H6PR", "lat": 28.53147239, "lon": 77.57806747}, "geometry": {"type": "Polygon", "coordinates": [[[77.5781484600533, 28.5314698622372], [77.5780643984732, 28.5315439077042], [77.5779864892184, 28.5314749261725], [77.5780705508063, 28.5314008807532], [77.5781484600533, 28.5314698622372]]]}}, {"type": "Feature", "properties": {"source": "Google Open Buildings v3", "area_in_meters": 43.13, "confidence": 0.8098, "plus_code": "7JWVGH78+Q5Q4", "lat": 28.51445296, "lon": 77.56548889}, "geometry": {"type": "Polygon", "coordinates": [[[77.5655365476964, 28.5144550054304], [77.5654789830538, 28.5144941792628], [77.5654412373749, 28.5144509066341], [77.5654988020106, 28.5144117328183], [77.5655365476964, 28.5144550054304]]]}}, {"type": "Feature", "properties": {"source": "Google Open Buildings v3", "area_in_meters": 19.39, "confidence": 0.7869, "plus_code": "7JWVGHCC+J3HV", "lat": 28.52157137, "lon": 77.57022907}, "geometry": {"type": "Polygon", "coordinates": [[[77.5702583800648, 28.5215841999222], [77.5702250220742, 28.521600042136], [77.5701997536822, 28.5215585382642], [77.5702331116638, 28.5215426960561], [77.5702583800648, 28.5215841999222]]]}}, {"type": "Feature", "properties": {"source": "Google Open Buildings v3", "area_in_meters": 146.52, "confidence": 0.8448, "plus_code": "7JWVGHHH+6HX7", "lat": 28.52810824, "lon": 77.5789784}, "geometry": {"type": "Polygon", "coordinates": [[[77.5790584076745, 28.5281392800708], [77.5789425313923, 28.5281786096705], [77.5788983985368, 28.5280771928272], [77.5790142747304, 28.5280378632706], [77.5790584076745, 28.5281392800708]]]}}, {"type": "Feature", "properties": {"source": "Google Open Buildings v3", "area_in_meters": 10.68, "confidence": 0.6612, "plus_code": "7JWVGHJC+4JQQ", "lat": 28.53034313, "lon": 77.57162178}, "geometry": {"type": "Polygon", "coordinates": [[[77.5716387521443, 28.5303286248219], [77.5716370290813, 28.5303590664974], [77.5716047984413, 28.5303576436562], [77.5716065215132, 28.5303272019806], [77.5716387521443, 28.5303286248219]]]}}, {"type": "Feature", "properties": {"source": "Google Open Buildings v3", "area_in_meters": 70.83, "confidence": 0.8016, "plus_code": "7JWVGHMH+6GRX", "lat": 28.53312284, "lon": 77.57877864}, "geometry": {"type": "Polygon", "coordinates": [[[77.5788434566952, 28.5331627324768], [77.5788041900311, 28.5331888633468], [77.5787138090808, 28.5330829433476], [77.5787530757335, 28.5330568125057], [77.5788434566952, 28.5331627324768]]]}}, {"type": "Feature", "properties": {"source": "Google Open Buildings v3", "area_in_meters": 19.95, "confidence": 0.7574, "plus_code": "7JWVGHMG+395G", "lat": 28.53263882, "lon": 77.5759861}, "geometry": {"type": "Polygon", "coordinates": [[[77.5759682557052, 28.5326679932197], [77.5759496836305, 28.532646906534], [77.5760039437243, 28.5326096358444], [77.5760225158023, 28.5326307225224], [77.5759682557052, 28.5326679932197]]]}}, {"type": "Feature", "properties": {"source": "Google Open Buildings v3", "area_in_meters": 353.81, "confidence": 0.8819, "plus_code": "7JWVGHJG+XWJV", "lat": 28.53247064, "lon": 77.57725997}, "geometry": {"type": "Polygon", "coordinates": [[[77.577458789171, 28.5325860127204], [77.5774053713852, 28.5326369266338], [77.5770611532718, 28.5323552699516], [77.5771145711036, 28.5323043561706], [77.577458789171, 28.5325860127204]]]}}, {"type": "Feature", "properties": {"source": "Google Open Buildings v3", "area_in_meters": 35.77, "confidence": 0.7076, "plus_code": "7JWVGH78+FG47", "lat": 28.51363249, "lon": 77.56632389}, "geometry": {"type": "Polygon", "coordinates": [[[77.5663693554941, 28.5136303647512], [77.566306173384, 28.5136695395731], [77.5662784305007, 28.5136346310233], [77.5663416126024, 28.5135954562148], [77.5663693554941, 28.5136303647512]]]}}, {"type": "Feature", "properties": {"source": "Google Open Buildings v3", "area_in_meters": 7.72, "confidence": 0.678, "plus_code": "7JWVGHF9+2C5X", "lat": 28.52252104, "lon": 77.56861735}, "geometry": {"type": "Polygon", "coordinates": [[[77.5686289222214, 28.5225065193649], [77.5686327616412, 28.5225324164104], [77.5686057667912, 28.5225355382809], [77.5686019273779, 28.5225096412343], [77.5686289222214, 28.5225065193649]]]}}, {"type": "Feature", "properties": {"source": "Google Open Buildings v3", "area_in_meters": 65.53, "confidence": 0.7752, "plus_code": "7JWVGH78+HGMC", "lat": 28.51396138, "lon": 77.56628256}, "geometry": {"type": "Polygon", "coordinates": [[[77.5663420946166, 28.5139585831714], [77.5662690196079, 28.5140126721976], [77.5662230140383, 28.5139641812653], [77.5662960890411, 28.5139100922641], [77.5663420946166, 28.5139585831714]]]}}, {"type": "Feature", "properties": {"source": "Google Open Buildings v3", "area_in_meters": 88.4, "confidence": 0.8421, "plus_code": "7JWVGHJ8+F3QG", "lat": 28.53121257, "lon": 77.56523888}, "geometry": {"type": "Polygon", "coordinates": [[[77.5653033891867, 28.5311654558183], [77.5652439955137, 28.5312005543689], [77.5652849012313, 28.5312545404384], [77.5652345680876, 28.5312842846622], [77.5651736112234, 28.5312038356522], [77.5652833380161, 28.5311389929104], [77.5653033891867, 28.5311654558183]]]}}, {"type": "Feature", "properties": {"source": "Google Open Buildings v3", "area_in_meters": 26.24, "confidence": 0.6658, "plus_code": "7JWVGHMG+57V3", "lat": 28.53297548, "lon": 77.57567016}, "geometry": {"type": "Polygon", "coordinates": [[[77.5757057495034, 28.5329849027681], [77.5756546232102, 28.5330052929494], [77.5756345542708, 28.532966048361], [77.5756856805501, 28.5329456581884], [77.5757057495034, 28.5329849027681]]]}}, {"type": "Feature", "properties": {"source": "Google Open Buildings v3", "area_in_meters": 19.85, "confidence": 0.8054, "plus_code": "7JWVGHFC+664F", "lat": 28.52301254, "lon": 77.57057326}, "geometry": {"type": "Polygon", "coordinates": [[[77.5706036787708, 28.5230222343737], [77.5705579206223, 28.5230376865588], [77.5705428355771, 28.5230028415762], [77.5705885937135, 28.5229873893971], [77.5706036787708, 28.5230222343737]]]}}, {"type": "Feature", "properties": {"source": "Google Open Buildings v3", "area_in_meters": 27.44, "confidence": 0.8, "plus_code": "7JWVGH78+FQJ8", "lat": 28.51370871, "lon": 77.56689402}, "geometry": {"type": "Polygon", "coordinates": [[[77.5669346254369, 28.5137090739728], [77.5668734502682, 28.5137396369849], [77.5668534230537, 28.5137083623625], [77.5669145982115, 28.5136777993601], [77.5669346254369, 28.5137090739728]]]}}, {"type": "Feature", "properties": {"source": "Google Open Buildings v3", "area_in_meters": 37.88, "confidence": 0.8439, "plus_code": "7JWVGHHJ+VGMQ", "lat": 28.52971735, "lon": 77.58130792}, "geometry": {"type": "Polygon", "coordinates": [[[77.5813541706935, 28.5297406216173], [77.5813227388506, 28.5297625063222], [77.581261659621, 28.5296940865043], [77.5812930914585, 28.5296722018142], [77.5813541706935, 28.5297406216173]]]}}, {"type": "Feature", "properties": {"source": "Google Open Buildings v3", "area_in_meters": 16.05, "confidence": 0.7185, "plus_code": "7JWVGHFF+6MH5", "lat": 28.52305398, "lon": 77.57424499}, "geometry": {"type": "Polygon", "coordinates": [[[77.5742743931443, 28.5230655659048], [77.5742517744613, 28.5230817825883], [77.574215578611, 28.5230424023196], [77.5742381972922, 28.5230261856422], [77.5742743931443, 28.5230655659048]]]}}, {"type": "Feature", "properties": {"source": "Google Open Buildings v3", "area_in_meters": 30.52, "confidence": 0.7482, "plus_code": "7JWVGHJ7+MX4R", "lat": 28.53164884, "lon": 77.56494291}, "geometry": {"type": "Polygon", "coordinates": [[[77.5649859351988, 28.5316480944502], [77.5649216138467, 28.5316818751561], [77.5648998819505, 28.5316496030557], [77.5649642032915, 28.5316158223606], [77.5649859351988, 28.5316480944502]]]}}, {"type": "Feature", "properties": {"source": "Google Open Buildings v3", "area_in_meters": 39.11, "confidence": 0.7816, "plus_code": "7JWVGHGG+CMHH", "lat": 28.52606451, "lon": 77.57674906}, "geometry": {"type": "Polygon", "coordinates": [[[77.5767954665973, 28.5260660025767], [77.5767625951036, 28.5261037410688], [77.5767026678763, 28.5260630266055], [77.576735539381, 28.5260252881272], [77.5767954665973, 28.5260660025767]]]}}, {"type": "Feature", "properties": {"source": "Google Open Buildings v3", "area_in_meters": 284.8, "confidence": 0.761, "plus_code": "7JWVGHHF+8XCH", "lat": 28.52831334, "lon": 77.57490188}, "geometry": {"type": "Polygon", "coordinates": [[[77.5750150360068, 28.5283485646687], [77.5748335847783, 28.5284093158838], [77.5747867898715, 28.5283003036902], [77.5748311499309, 28.5282854516474], [77.5748240431072, 28.5282688957688], [77.5749276572931, 28.5282342049804], [77.5749164638596, 28.5282081290831], [77.5749499406696, 28.5281969207815], [77.5750150360068, 28.5283485646687]]]}}, {"type": "Feature", "properties": {"source": "Google Open Buildings v3", "area_in_meters": 51.39, "confidence": 0.7461, "plus_code": "7JWVGH87+MQ8R", "lat": 28.51667316, "lon": 77.56444132}, "geometry": {"type": "Polygon", "coordinates": [[[77.564497358915, 28.5166688714079], [77.5644155862803, 28.5167173397459], [77.5643852853091, 28.5166774579888], [77.5644670579299, 28.5166289896698], [77.564497358915, 28.5166688714079]]]}}, {"type": "Feature", "properties": {"source": "Google Open Buildings v3", "area_in_meters": 563.9, "confidence": 0.7709, "plus_code": "7JWVGHGG+9R93", "lat": 28.52590164, "lon": 77.57710192}, "geometry": {"type": "Polygon", "coordinates": [[[77.576906655904, 28.5257653159588], [77.5771795559062, 28.5258731159395], [77.5772010559017, 28.525830715938], [77.5772696559022, 28.5258578159332], [77.5772481559067, 28.5259001159347], [77.5773077559072, 28.5259237159305], [77.5772693559152, 28.5259996159332], [77.577237655915, 28.5259871159354], [77.5772180559191, 28.5260259159368], [77.5769022559166, 28.5259012159591], [77.5769441559078, 28.5258184159562], [77.5768901559075, 28.52579791596], [77.576906655904, 28.5257653159588]]]}}, {"type": "Feature", "properties": {"source": "Google Open Buildings v3", "area_in_meters": 264.29, "confidence": 0.922, "plus_code": "7JWVGH7C+CM9R", "lat": 28.51354646, "lon": 77.57172561}, "geometry": {"type": "Polygon", "coordinates": [[[77.5718430164731, 28.5135434326226], [77.5717218221541, 28.5136501511327], [77.5716082003418, 28.5135494815477], [77.571729394677, 28.5134427631368], [77.5718430164731, 28.5135434326226]]]}}, {"type": "Feature", "properties": {"source": "Google Open Buildings v3", "area_in_meters": 35.82, "confidence": 0.6931, "plus_code": "7JWVGH7C+CJ8W", "lat": 28.51354828, "lon": 77.57158128}, "geometry": {"type": "Polygon", "coordinates": [[[77.5716278038848, 28.5135334808835], [77.571563998614, 28.5135891946768], [77.5715347506013, 28.5135630619951], [77.5715985558739, 28.5135073482155], [77.5716278038848, 28.5135334808835]]]}}, {"type": "Feature", "properties": {"source": "Google Open Buildings v3", "area_in_meters": 204.75, "confidence": 0.8336, "plus_code": "7JWVGHHH+XWGJ", "lat": 28.52994077, "lon": 77.57981371}, "geometry": {"type": "Polygon", "coordinates": [[[77.5799191372946, 28.5299554165402], [77.5798350191415, 28.5300331199775], [77.5797082875869, 28.5299261179929], [77.57979240576, 28.5298484146336], [77.5799191372946, 28.5299554165402]]]}}, {"type": "Feature", "properties": {"source": "Google Open Buildings v3", "area_in_meters": 13.18, "confidence": 0.6962, "plus_code": "7JWVGH78+HJX5", "lat": 28.51397815, "lon": 77.56662072}, "geometry": {"type": "Polygon", "coordinates": [[[77.56663969463, 28.5139614445639], [77.5666333597743, 28.5139990243525], [77.5666017891423, 28.5139948723647], [77.5666081240096, 28.5139572925768], [77.56663969463, 28.5139614445639]]]}}, {"type": "Feature", "properties": {"source": "Google Open Buildings v3", "area_in_meters": 20.57, "confidence": 0.7306, "plus_code": "7JWVGHHH+H54G", "lat": 28.52888941, "lon": 77.57795844}, "geometry": {"type": "Polygon", "coordinates": [[[77.5779704668421, 28.5288608995783], [77.5779824148257, 28.5289112669527], [77.5779463927763, 28.5289179316339], [77.5779344448087, 28.5288675642551], [77.5779704668421, 28.5288608995783]]]}}, {"type": "Feature", "properties": {"source": "Google Open Buildings v3", "area_in_meters": 50.22, "confidence": 0.6621, "plus_code": "7JWVGHJ7+MXHJ", "lat": 28.53169153, "lon": 77.56497165}, "geometry": {"type": "Polygon", "coordinates": [[[77.5650216915348, 28.5317011928962], [77.5649573701646, 28.5317349736204], [77.5649216138472, 28.5316818751573], [77.5649859351993, 28.5316480944514], [77.5650216915348, 28.5317011928962]]]}}, {"type": "Feature", "properties": {"source": "Google Open Buildings v3", "area_in_meters": 186.56, "confidence": 0.8072, "plus_code": "7JWVGHHJ+PR43", "lat": 28.52925188, "lon": 77.58207244}, "geometry": {"type": "Polygon", "coordinates": [[[77.5821762706292, 28.5292451674871], [77.5820972988217, 28.5293165785859], [77.5820724049924, 28.5292951071543], [77.5820334644304, 28.529330319514], [77.5819770255077, 28.5292816397356], [77.5820159660723, 28.5292464273915], [77.5819937285281, 28.5292272470193], [77.5820431897598, 28.5291825212337], [77.5820654273016, 28.5292017015974], [77.5820949378885, 28.5291750163388], [77.5821762706292, 28.5292451674871]]]}}, {"type": "Feature", "properties": {"source": "Google Open Buildings v3", "area_in_meters": 16.4, "confidence": 0.7729, "plus_code": "7JWVGHJJ+MR7W", "lat": 28.53167478, "lon": 77.58204737}, "geometry": {"type": "Polygon", "coordinates": [[[77.5820738221418, 28.5316859183529], [77.5820323182799, 28.5316969845846], [77.5820209228212, 28.5316636524166], [77.5820624266718, 28.5316525861891], [77.5820738221418, 28.5316859183529]]]}}, {"type": "Feature", "properties": {"source": "Google Open Buildings v3", "area_in_meters": 217.61, "confidence": 0.8549, "plus_code": "7JWVGHJH+3QXF", "lat": 28.53023629, "lon": 77.57947787}, "geometry": {"type": "Polygon", "coordinates": [[[77.5795862379335, 28.5302501138315], [77.5794981834796, 28.5303313089256], [77.5793694999948, 28.5302224661857], [77.5794575544707, 28.5301412711733], [77.5795862379335, 28.5302501138315]]]}}, {"type": "Feature", "properties": {"source": "Google Open Buildings v3", "area_in_meters": 234.41, "confidence": 0.9411, "plus_code": "7JWVGHJ8+9HQM", "lat": 28.53096775, "lon": 77.56647937}, "geometry": {"type": "Polygon", "coordinates": [[[77.566596888302, 28.5309551346629], [77.5664342297325, 28.5310644004481], [77.5663618463556, 28.5309803614829], [77.5665245048843, 28.5308710957858], [77.566596888302, 28.5309551346629]]]}}, {"type": "Feature", "properties": {"source": "Google Open Buildings v3", "area_in_meters": 219.06, "confidence": 0.7443, "plus_code": "7JWVGHM8+4MPV", "lat": 28.5328486, "lon": 77.56670194}, "geometry": {"type": "Polygon", "coordinates": [[[77.5666700803514, 28.532744775438], [77.5666631684017, 28.5327490986975], [77.5668250397954, 28.5329509316631], [77.5667675567799, 28.5329868859333], [77.5666252628813, 28.5328094635497], [77.5666585846222, 28.5327886216137], [77.5666390071681, 28.5327642109665], [77.5666056854297, 28.5327850528969], [77.5665727948949, 28.5327440424471], [77.5666371898074, 28.5327037650053], [77.5666700803514, 28.532744775438]]]}}, {"type": "Feature", "properties": {"source": "Google Open Buildings v3", "area_in_meters": 27.49, "confidence": 0.7677, "plus_code": "7JWVGHFC+JXH2", "lat": 28.5240509, "lon": 77.57247227}, "geometry": {"type": "Polygon", "coordinates": [[[77.5725003209553, 28.5240284392023], [77.5724968776978, 28.5240763076886], [77.5724442225202, 28.5240733532924], [77.5724476658021, 28.5240254848067], [77.5725003209553, 28.5240284392023]]]}}, {"type": "Feature", "properties": {"source": "Google Open Buildings v3", "area_in_meters": 12.45, "confidence": 0.7191, "plus_code": "7JWVGHHJ+HRHJ", "lat": 28.52894162, "lon": 77.5820942}, "geometry": {"type": "Polygon", "coordinates": [[[77.5821188792243, 28.5289475266664], [77.5820846406766, 28.528962550798], [77.5820695410976, 28.5289357124096], [77.5821037796395, 28.5289206882825], [77.5821188792243, 28.5289475266664]]]}}, {"type": "Feature", "properties": {"source": "Google Open Buildings v3", "area_in_meters": 205.92, "confidence": 0.832, "plus_code": "7JWVGH78+QFV2", "lat": 28.51447551, "lon": 77.56615745}, "geometry": {"type": "Polygon", "coordinates": [[[77.5661068915237, 28.5143742091836], [77.5662849114957, 28.514532485593], [77.5662675382613, 28.5145477303176], [77.5662491116068, 28.51453134733], [77.5662012625592, 28.5145733340348], [77.5660416692301, 28.5144314405347], [77.5661068915237, 28.5143742091836]]]}}, {"type": "Feature", "properties": {"source": "Google Open Buildings v3", "area_in_meters": 21.17, "confidence": 0.6982, "plus_code": "7JWVGHF9+5J97", "lat": 28.5229074, "lon": 77.56910325}, "geometry": {"type": "Polygon", "coordinates": [[[77.5691327947726, 28.5229215717726], [77.5690811441993, 28.5229297670171], [77.5690737096381, 28.5228932172305], [77.5691253601946, 28.522885021989], [77.5691327947726, 28.5229215717726]]]}}, {"type": "Feature", "properties": {"source": "Google Open Buildings v3", "area_in_meters": 247.38, "confidence": 0.8638, "plus_code": "7JWVGHFF+F9MC", "lat": 28.52371295, "lon": 77.57340895}, "geometry": {"type": "Polygon", "coordinates": [[[77.5735022574283, 28.5236193874206], [77.5733996187696, 28.5238460752615], [77.5733421106958, 28.5238257647553], [77.5733536289425, 28.5238003256234], [77.5733208538241, 28.5237887502034], [77.5734119744029, 28.5235875015489], [77.5735022574283, 28.5236193874206]]]}}, {"type": "Feature", "properties": {"source": "Google Open Buildings v3", "area_in_meters": 755.92, "confidence": 0.8791, "plus_code": "7JWVGHF9+8W67", "lat": 28.5232806, "lon": 77.56976447}, "geometry": {"type": "Polygon", "coordinates": [[[77.5699619274539, 28.5233242685281], [77.5696562492363, 28.5234328678644], [77.569567011094, 28.5232369374135], [77.5698726888702, 28.5231283383057], [77.5699619274539, 28.5233242685281]]]}}, {"type": "Feature", "properties": {"source": "Google Open Buildings v3", "area_in_meters": 109.74, "confidence": 0.8685, "plus_code": "7JWVGHJ8+FMMP", "lat": 28.53121922, "lon": 77.56667442}, "geometry": {"type": "Polygon", "coordinates": [[[77.5666576247674, 28.5311633236936], [77.566692983315, 28.5312070646182], [77.5667414384199, 28.5311765158917], [77.5667686603569, 28.5312101912261], [77.5666548409421, 28.53128194912], [77.5665922604821, 28.5312045328198], [77.5666576247674, 28.5311633236936]]]}}, {"type": "Feature", "properties": {"source": "Google Open Buildings v3", "area_in_meters": 26.24, "confidence": 0.8477, "plus_code": "7JWVGHMJ+43Q4", "lat": 28.53282976, "lon": 77.58023631}, "geometry": {"type": "Polygon", "coordinates": [[[77.5802736749636, 28.5328352825825], [77.5802189891196, 28.5328595199741], [77.5801989366328, 28.5328242349339], [77.5802536224646, 28.5327999975512], [77.5802736749636, 28.5328352825825]]]}}, {"type": "Feature", "properties": {"source": "Google Open Buildings v3", "area_in_meters": 161.45, "confidence": 0.6948, "plus_code": "7JWVGHJG+P9G7", "lat": 28.53180829, "lon": 77.57594945}, "geometry": {"type": "Polygon", "coordinates": [[[77.5760368655625, 28.531836285281], [77.575938691455, 28.5318898576695], [77.5758620341483, 28.531780297802], [77.5759602082007, 28.5317267254702], [77.5760368655625, 28.531836285281]]]}}, {"type": "Feature", "properties": {"source": "Google Open Buildings v3", "area_in_meters": 47.9, "confidence": 0.8427, "plus_code": "7JWVGHHJ+F8VM", "lat": 28.52874348, "lon": 77.58079116}, "geometry": {"type": "Polygon", "coordinates": [[[77.5807544375906, 28.5287913138347], [77.5807297469075, 28.5287634394727], [77.5808278822953, 28.5286956408101], [77.5808525729858, 28.5287235151537], [77.5807544375906, 28.5287913138347]]]}}, {"type": "Feature", "properties": {"source": "Google Open Buildings v3", "area_in_meters": 125.83, "confidence": 0.8994, "plus_code": "7JWVGHJJ+9VGW", "lat": 28.53094977, "lon": 77.58220608}, "geometry": {"type": "Polygon", "coordinates": [[[77.5822839542258, 28.5309698205393], [77.5821898201586, 28.5310199587028], [77.5821282003373, 28.5309297293238], [77.5822223343606, 28.5308795912057], [77.5822839542258, 28.5309698205393]]]}}, {"type": "Feature", "properties": {"source": "Google Open Buildings v3", "area_in_meters": 104.48, "confidence": 0.7503, "plus_code": "7JWVGHHH+8J3F", "lat": 28.52826256, "lon": 77.57904556}, "geometry": {"type": "Polygon", "coordinates": [[[77.579119231363, 28.5282790515557], [77.579003354959, 28.5283183812152], [77.5789718850509, 28.5282460639447], [77.579087761392, 28.5282067343164], [77.579119231363, 28.5282790515557]]]}}, {"type": "Feature", "properties": {"source": "Google Open Buildings v3", "area_in_meters": 156.69, "confidence": 0.7779, "plus_code": "7JWVGHJH+2FW4", "lat": 28.5301007, "lon": 77.5787102}, "geometry": {"type": "Polygon", "coordinates": [[[77.5787894222344, 28.5302072418504], [77.5787357845326, 28.5302261437312], [77.5786309688466, 28.5299941652609], [77.5786846064566, 28.5299752634275], [77.5787894222344, 28.5302072418504]]]}}, {"type": "Feature", "properties": {"source": "Google Open Buildings v3", "area_in_meters": 115.25, "confidence": 0.8427, "plus_code": "7JWVGHHH+C84V", "lat": 28.52852119, "lon": 77.5783209}, "geometry": {"type": "Polygon", "coordinates": [[[77.5783440455905, 28.5284555602185], [77.578386669254, 28.528568153755], [77.5783206978482, 28.528587632536], [77.5783090626372, 28.5285568972511], [77.5782832268678, 28.5285645255341], [77.5782522384909, 28.5284826672513], [77.5783440455905, 28.5284555602185]]]}}, {"type": "Feature", "properties": {"source": "Google Open Buildings v3", "area_in_meters": 193.06, "confidence": 0.7744, "plus_code": "7JWVGHFF+X6J8", "lat": 28.52495837, "lon": 77.57302327}, "geometry": {"type": "Polygon", "coordinates": [[[77.573090828149, 28.524975590235], [77.5730608442679, 28.5249733488427], [77.5730541607092, 28.5250430877978], [77.5729475960063, 28.5250351216948], [77.5729509404093, 28.5250002729587], [77.5729190450128, 28.524997888643], [77.5729243372328, 28.5249427437686], [77.5729673628129, 28.5249459601118], [77.5729642732215, 28.5249781978864], [77.5730094946032, 28.5249815783588], [77.5730211261978, 28.5248602100448], [77.5731013113154, 28.5248662041607], [77.573090828149, 28.524975590235]]]}}, {"type": "Feature", "properties": {"source": "Google Open Buildings v3", "area_in_meters": 378.0, "confidence": 0.9188, "plus_code": "7JWVGHCC+X424", "lat": 28.5223787, "lon": 77.57027241}, "geometry": {"type": "Polygon", "coordinates": [[[77.5703064817429, 28.5224336152932], [77.5703028044535, 28.5224056051868], [77.5702320102151, 28.5224128550463], [77.5702356874864, 28.5224408651558], [77.570115158424, 28.5224532081488], [77.5701006524065, 28.5223427134272], [77.5704293215866, 28.5223090552408], [77.5704438279379, 28.5224195499059], [77.5703064817429, 28.5224336152932]]]}}, {"type": "Feature", "properties": {"source": "Google Open Buildings v3", "area_in_meters": 64.63, "confidence": 0.8292, "plus_code": "7JWVGHMC+9XP5", "lat": 28.53345007, "lon": 77.57246817}, "geometry": {"type": "Polygon", "coordinates": [[[77.5725397061239, 28.5334298071383], [77.5724244869601, 28.5335040440562], [77.5723966467496, 28.5334703459453], [77.5725118659003, 28.5333961090516], [77.5725397061239, 28.5334298071383]]]}}, {"type": "Feature", "properties": {"source": "Google Open Buildings v3", "area_in_meters": 1070.76, "confidence": 0.8977, "plus_code": "7JWVGHJH+Q67V", "lat": 28.53192492, "lon": 77.57804591}, "geometry": {"type": "Polygon", "coordinates": [[[77.5782846239172, 28.5317214441138], [77.5780985272248, 28.5318927740522], [77.5781951637493, 28.5319746371268], [77.5779786806978, 28.5321739414839], [77.5778050204641, 28.5320268294536], [77.578000062026, 28.5318472654795], [77.5779815972957, 28.5318316235143], [77.5781891355869, 28.5316405535987], [77.5782846239172, 28.5317214441138]]]}}, {"type": "Feature", "properties": {"source": "Google Open Buildings v3", "area_in_meters": 13.17, "confidence": 0.7038, "plus_code": "7JWVGHGH+C5F2", "lat": 28.5260516, "lon": 77.57791085}, "geometry": {"type": "Polygon", "coordinates": [[[77.5779243996847, 28.5260271681633], [77.5779215336297, 28.5260771092141], [77.5778973176664, 28.52607602524], [77.5779001837329, 28.5260260841891], [77.5779243996847, 28.5260271681633]]]}}, {"type": "Feature", "properties": {"source": "Google Open Buildings v3", "area_in_meters": 629.06, "confidence": 0.8897, "plus_code": "7JWVGHGF+X96W", "lat": 28.52742453, "lon": 77.5733935}, "geometry": {"type": "Polygon", "coordinates": [[[77.5734282592942, 28.5271791151392], [77.5733767105463, 28.5271919552821], [77.5734003470776, 28.5272659689766], [77.5733646462758, 28.527274861585], [77.573384174415, 28.5273360105338], [77.5734198752349, 28.5273271179188], [77.5735017029727, 28.5275833459753], [77.5735532518861, 28.5275705057745], [77.5735673779389, 28.5276147386181], [77.5733989601828, 28.5276566893331], [77.573259842146, 28.5272210656439], [77.5733410097668, 28.5272008478829], [77.5733313729637, 28.5271706718405], [77.5734186224694, 28.5271489391046], [77.5734282592942, 28.5271791151392]]]}}, {"type": "Feature", "properties": {"source": "Google Open Buildings v3", "area_in_meters": 112.84, "confidence": 0.8033, "plus_code": "7JWVGHJJ+CG8X", "lat": 28.5310465, "lon": 77.58134164}, "geometry": {"type": "Polygon", "coordinates": [[[77.5814325773154, 28.5310016071863], [77.581292775706, 28.5311277495881], [77.5812507171142, 28.531091395432], [77.5813905187334, 28.5309652530724], [77.5814325773154, 28.5310016071863]]]}}, {"type": "Feature", "properties": {"source": "Google Open Buildings v3", "area_in_meters": 32.64, "confidence": 0.7081, "plus_code": "7JWVGHJH+7FFW", "lat": 28.53069702, "lon": 77.57867549}, "geometry": {"type": "Polygon", "coordinates": [[[77.5786661790218, 28.5307338522443], [77.5786332515932, 28.5307027509662], [77.5786848011774, 28.5306601856711], [77.578717728606, 28.5306912869373], [77.5786661790218, 28.5307338522443]]]}}, {"type": "Feature", "properties": {"source": "Google Open Buildings v3", "area_in_meters": 60.67, "confidence": 0.852, "plus_code": "7JWVGHJ8+H55G", "lat": 28.53138691, "lon": 77.5654902}, "geometry": {"type": "Polygon", "coordinates": [[[77.5655457647853, 28.5314248241284], [77.5655053036892, 28.5314474741673], [77.5654346260054, 28.5313490058869], [77.5654750870823, 28.5313263558704], [77.5655457647853, 28.5314248241284]]]}}, {"type": "Feature", "properties": {"source": "Google Open Buildings v3", "area_in_meters": 40.76, "confidence": 0.7881, "plus_code": "7JWVGHFF+5PRH", "lat": 28.52298983, "lon": 77.57427424}, "geometry": {"type": "Polygon", "coordinates": [[[77.5743213885877, 28.5230358508288], [77.574294387905, 28.5230492864408], [77.5742270975956, 28.5229438028152], [77.5742540982638, 28.5229303672174], [77.5743213885877, 28.5230358508288]]]}}, {"type": "Feature", "properties": {"source": "Google Open Buildings v3", "area_in_meters": 103.23, "confidence": 0.8341, "plus_code": "7JWVGHF9+2JV3", "lat": 28.52260259, "lon": 77.56904077}, "geometry": {"type": "Polygon", "coordinates": [[[77.5691223794987, 28.5225962590503], [77.569074744751, 28.5225996499862], [77.5690789181257, 28.5226453809891], [77.5689849323354, 28.5226520714326], [77.5689774451948, 28.5225700280125], [77.5691190656451, 28.5225599466435], [77.5691223794987, 28.5225962590503]]]}}, {"type": "Feature", "properties": {"source": "Google Open Buildings v3", "area_in_meters": 908.82, "confidence": 0.8445, "plus_code": "7JWVGHHH+H856", "lat": 28.52888348, "lon": 77.57834907}, "geometry": {"type": "Polygon", "coordinates": [[[77.578440956156, 28.5286211159346], [77.5784749561622, 28.5286996159322], [77.5784142561658, 28.5287201159365], [77.5784945561805, 28.5289058159308], [77.5784302561843, 28.5289275159354], [77.5784734561922, 28.5290272159323], [77.578258256205, 28.5290998159476], [77.5781752561898, 28.5289079159534], [77.5782845561833, 28.5288710159457], [77.5782440561759, 28.5287776159486], [77.5783499561696, 28.5287418159411], [77.5783159561634, 28.5286633159435], [77.578440956156, 28.5286211159346]]]}}, {"type": "Feature", "properties": {"source": "Google Open Buildings v3", "area_in_meters": 9.46, "confidence": 0.7306, "plus_code": "7JWVGHJH+JVM6", "lat": 28.5315848, "lon": 77.5796639}, "geometry": {"type": "Polygon", "coordinates": [[[77.5796861817475, 28.5315884534919], [77.579653723435, 28.5316026715247], [77.5796416275677, 28.5315811354246], [77.5796740858755, 28.5315669173952], [77.5796861817475, 28.5315884534919]]]}}, {"type": "Feature", "properties": {"source": "Google Open Buildings v3", "area_in_meters": 95.68, "confidence": 0.7525, "plus_code": "7JWVGHGG+JGP2", "lat": 28.52657815, "lon": 77.57631333}, "geometry": {"type": "Polygon", "coordinates": [[[77.5763827563241, 28.5265537358044], [77.5763064915373, 28.5266439539433], [77.5762439414945, 28.5266027116106], [77.5763200034761, 28.5265122946212], [77.5763827563241, 28.5265537358044]]]}}, {"type": "Feature", "properties": {"source": "Google Open Buildings v3", "area_in_meters": 283.83, "confidence": 0.8772, "plus_code": "7JWVGHMC+5266", "lat": 28.53290667, "lon": 77.57000702}, "geometry": {"type": "Polygon", "coordinates": [[[77.5699841726331, 28.532814345374], [77.570013531035, 28.5328001515454], [77.5701197162458, 28.5329714404453], [77.570009991312, 28.5330244888576], [77.569893706302, 28.5328369074905], [77.5699740727147, 28.5327980530067], [77.5699841726331, 28.532814345374]]]}}, {"type": "Feature", "properties": {"source": "Google Open Buildings v3", "area_in_meters": 285.43, "confidence": 0.8793, "plus_code": "7JWVGHHJ+XH2R", "lat": 28.52989689, "lon": 77.58137577}, "geometry": {"type": "Polygon", "coordinates": [[[77.5814978546065, 28.529923478198], [77.5813887747085, 28.5300073392222], [77.5812536945925, 28.5298703034417], [77.5813627744746, 28.5297864425269], [77.5814978546065, 28.529923478198]]]}}, {"type": "Feature", "properties": {"source": "Google Open Buildings v3", "area_in_meters": 109.99, "confidence": 0.8039, "plus_code": "7JWVGHGG+HHJW", "lat": 28.52647011, "lon": 77.57639786}, "geometry": {"type": "Polygon", "coordinates": [[[77.576476050891, 28.5264325077221], [77.5763746525469, 28.5265460163783], [77.5763196741914, 28.5265077092195], [77.5764210725645, 28.5263942006025], [77.576476050891, 28.5264325077221]]]}}, {"type": "Feature", "properties": {"source": "Google Open Buildings v3", "area_in_meters": 36.41, "confidence": 0.6548, "plus_code": "7JWVGHJJ+XH6W", "lat": 28.53242393, "lon": 77.58139695}, "geometry": {"type": "Polygon", "coordinates": [[[77.5813462678457, 28.5324620470623], [77.5813326683847, 28.5324392095378], [77.5814476292927, 28.5323858195652], [77.5814612287697, 28.5324086570773], [77.5813462678457, 28.5324620470623]]]}}, {"type": "Feature", "properties": {"source": "Google Open Buildings v3", "area_in_meters": 21.73, "confidence": 0.7696, "plus_code": "7JWVGHJ8+F998", "lat": 28.53115871, "lon": 77.56598454}, "geometry": {"type": "Polygon", "coordinates": [[[77.5660171624847, 28.5311660045347], [77.5659758758394, 28.5311874303657], [77.5659519165685, 28.5311514228873], [77.5659932032058, 28.5311299970641], [77.5660171624847, 28.5311660045347]]]}}, {"type": "Feature", "properties": {"source": "Google Open Buildings v3", "area_in_meters": 22.84, "confidence": 0.7652, "plus_code": "7JWVGHFC+QHVC", "lat": 28.52448552, "lon": 77.57140975}, "geometry": {"type": "Polygon", "coordinates": [[[77.5714353471467, 28.5244667871813], [77.5714336414601, 28.5245168794019], [77.5713782204179, 28.5244898249281], [77.5713790557981, 28.5244652920588], [77.5714353471467, 28.5244667871813]]]}}, {"type": "Feature", "properties": {"source": "Google Open Buildings v3", "area_in_meters": 33.98, "confidence": 0.6816, "plus_code": "7JWVGHJ7+GVM4", "lat": 28.53132654, "lon": 77.56467562}, "geometry": {"type": "Polygon", "coordinates": [[[77.5647224492235, 28.5313163215188], [77.5646540890658, 28.531364657479], [77.5646288116036, 28.5313367762447], [77.5646971717568, 28.5312884402974], [77.5647224492235, 28.5313163215188]]]}}, {"type": "Feature", "properties": {"source": "Google Open Buildings v3", "area_in_meters": 945.62, "confidence": 0.8163, "plus_code": "7JWVGHHH+M33X", "lat": 28.52914537, "lon": 77.57768737}, "geometry": {"type": "Polygon", "coordinates": [[[77.5775702562211, 28.5290213160057], [77.5776595562156, 28.5289894159994], [77.5776873562204, 28.5290500159974], [77.5777133562188, 28.5290407159956], [77.5777275562212, 28.5290718159946], [77.5778374562145, 28.5290325159868], [77.5779233562292, 28.5292199159807], [77.577682256244, 28.5293060159978], [77.5776397562367, 28.5292133160008], [77.577536856243, 28.529250116008], [77.5774514562283, 28.5290637160141], [77.5775702562211, 28.5290213160057]]]}}, {"type": "Feature", "properties": {"source": "Google Open Buildings v3", "area_in_meters": 23.97, "confidence": 0.8231, "plus_code": "7JWVGHM9+8J2C", "lat": 28.53326427, "lon": 77.56900378}, "geometry": {"type": "Polygon", "coordinates": [[[77.5690370735552, 28.53327487781], [77.5689942235314, 28.5332943673409], [77.5689704905944, 28.5332536732972], [77.5690133406071, 28.5332341837744], [77.5690370735552, 28.53327487781]]]}}, {"type": "Feature", "properties": {"source": "Google Open Buildings v3", "area_in_meters": 32.84, "confidence": 0.7552, "plus_code": "7JWVGHHJ+5R52", "lat": 28.52787619, "lon": 77.58209818}, "geometry": {"type": "Polygon", "coordinates": [[[77.5821417988791, 28.5278720400844], [77.5820823983641, 28.5279123356484], [77.5820545604925, 28.5278803287541], [77.5821139610022, 28.5278400332025], [77.5821417988791, 28.5278720400844]]]}}, {"type": "Feature", "properties": {"source": "Google Open Buildings v3", "area_in_meters": 17.33, "confidence": 0.7863, "plus_code": "7JWVGHH8+JX5M", "lat": 28.52901811, "lon": 77.56747863}, "geometry": {"type": "Polygon", "coordinates": [[[77.5675073231412, 28.5290269672905], [77.5674627393486, 28.5290410060707], [77.5674499188992, 28.5290092507885], [77.5674945026809, 28.5289952120131], [77.5675073231412, 28.5290269672905]]]}}, {"type": "Feature", "properties": {"source": "Google Open Buildings v3", "area_in_meters": 210.15, "confidence": 0.8798, "plus_code": "7JWVGHC9+XXV7", "lat": 28.52248146, "lon": 77.56991935}, "geometry": {"type": "Polygon", "coordinates": [[[77.5700325354657, 28.5224838405456], [77.5699336480896, 28.5225447382476], [77.5699158262135, 28.5225221640287], [77.5698543851182, 28.5225600011555], [77.5698012858646, 28.5224927424447], [77.5699616142822, 28.5223940076957], [77.5700325354657, 28.5224838405456]]]}}, {"type": "Feature", "properties": {"source": "Google Open Buildings v3", "area_in_meters": 357.75, "confidence": 0.9318, "plus_code": "7JWVGHF9+FPH3", "lat": 28.52367778, "lon": 77.56935608}, "geometry": {"type": "Polygon", "coordinates": [[[77.5694701792177, 28.5237634007051], [77.5693388005078, 28.5238091276468], [77.5692419895716, 28.523592163828], [77.5693733680693, 28.5235464369934], [77.5694701792177, 28.5237634007051]]]}}, {"type": "Feature", "properties": {"source": "Google Open Buildings v3", "area_in_meters": 16.19, "confidence": 0.8034, "plus_code": "7JWVGHHJ+74FG", "lat": 28.52818645, "lon": 77.58030167}, "geometry": {"type": "Polygon", "coordinates": [[[77.5803289616958, 28.5281953305293], [77.5802937830449, 28.5282111864521], [77.5802743652858, 28.5281775849496], [77.5803095439292, 28.5281617290323], [77.5803289616958, 28.5281953305293]]]}}, {"type": "Feature", "properties": {"source": "Google Open Buildings v3", "area_in_meters": 97.32, "confidence": 0.8112, "plus_code": "7JWVGHGG+F7FC", "lat": 28.52618583, "lon": 77.57566372}, "geometry": {"type": "Polygon", "coordinates": [[[77.5757347982134, 28.5261900884656], [77.575656319517, 28.5262484054188], [77.5755926424077, 28.5261815665644], [77.5756711210964, 28.526123249648], [77.5757347982134, 28.5261900884656]]]}}, {"type": "Feature", "properties": {"source": "Google Open Buildings v3", "area_in_meters": 33.57, "confidence": 0.7272, "plus_code": "7JWVGH87+7R7J", "lat": 28.51566716, "lon": 77.56453575}, "geometry": {"type": "Polygon", "coordinates": [[[77.5645153104067, 28.515706252942], [77.5644893357933, 28.5156803482884], [77.564556185656, 28.5156280547674], [77.5645821602703, 28.5156539594084], [77.5645153104067, 28.515706252942]]]}}, {"type": "Feature", "properties": {"source": "Google Open Buildings v3", "area_in_meters": 31.2, "confidence": 0.7752, "plus_code": "7JWVGH87+8Q67", "lat": 28.51578133, "lon": 77.56438967}, "geometry": {"type": "Polygon", "coordinates": [[[77.5644344968329, 28.5157677714804], [77.5643698627379, 28.5158193513834], [77.5643448437039, 28.5157948930489], [77.5644094777982, 28.5157433131578], [77.5644344968329, 28.5157677714804]]]}}, {"type": "Feature", "properties": {"source": "Google Open Buildings v3", "area_in_meters": 175.77, "confidence": 0.8217, "plus_code": "7JWVGHF9+3XM5", "lat": 28.52270055, "lon": 77.56993666}, "geometry": {"type": "Polygon", "coordinates": [[[77.570029342264, 28.522724557341], [77.5698924136689, 28.522776374648], [77.5698439820187, 28.5226765433594], [77.5699809105172, 28.5226247261031], [77.570029342264, 28.522724557341]]]}}, {"type": "Feature", "properties": {"source": "Google Open Buildings v3", "area_in_meters": 36.46, "confidence": 0.722, "plus_code": "7JWVGHFF+6P5X", "lat": 28.52302239, "lon": 77.57436794}, "geometry": {"type": "Polygon", "coordinates": [[[77.574410796789, 28.5230309392584], [77.5743509090514, 28.5230581616004], [77.5743250877849, 28.5230138512713], [77.5743849755064, 28.5229866289417], [77.574410796789, 28.5230309392584]]]}}, {"type": "Feature", "properties": {"source": "Google Open Buildings v3", "area_in_meters": 627.06, "confidence": 0.8878, "plus_code": "7JWVGH9F+C3WG", "lat": 28.51861381, "lon": 77.57270531}, "geometry": {"type": "Polygon", "coordinates": [[[77.5726921937958, 28.5184914928934], [77.572672046098, 28.5185135164031], [77.5726931822497, 28.5185286004235], [77.572713329945, 28.5185065769109], [77.5728263220975, 28.5185872147197], [77.5728024991124, 28.5186132557349], [77.5728216780186, 28.5186269429031], [77.5728455010014, 28.5186009018848], [77.572903628419, 28.5186423849014], [77.5727773661937, 28.51878040266], [77.5727192387413, 28.5187389195919], [77.5727553991038, 28.5186993926226], [77.5727362201912, 28.5186857054451], [77.5727000598251, 28.5187252324094], [77.5725870676064, 28.5186445945022], [77.5726232279921, 28.5186050675654], [77.5726020918327, 28.5185899835336], [77.5725659314429, 28.5186295104648], [77.5725058169881, 28.5185866091315], [77.5726320793806, 28.5184485916157], [77.5726921937958, 28.5184914928934]]]}}, {"type": "Feature", "properties": {"source": "Google Open Buildings v3", "area_in_meters": 72.84, "confidence": 0.7609, "plus_code": "7JWVGHHH+C7HP", "lat": 28.5285668, "lon": 77.57823659}, "geometry": {"type": "Polygon", "coordinates": [[[77.5782887746596, 28.5285978679464], [77.5782177108245, 28.5286198085695], [77.5781844262524, 28.5285357248896], [77.5782554900399, 28.5285137842871], [77.5782887746596, 28.5285978679464]]]}}, {"type": "Feature", "properties": {"source": "Google Open Buildings v3", "area_in_meters": 93.81, "confidence": 0.8236, "plus_code": "7JWVGHGG+99H7", "lat": 28.52593071, "lon": 77.57598295}, "geometry": {"type": "Polygon", "coordinates": [[[77.5760557547662, 28.5259226151486], [77.5759602256647, 28.5259924813032], [77.5759100273652, 28.525938944961], [77.5760058580232, 28.5258688582888], [77.5760557547662, 28.5259226151486]]]}}, {"type": "Feature", "properties": {"source": "Google Open Buildings v3", "area_in_meters": 68.12, "confidence": 0.8786, "plus_code": "7JWVGHJ8+MV4R", "lat": 28.53164844, "lon": 77.56719462}, "geometry": {"type": "Polygon", "coordinates": [[[77.5672579602342, 28.5316485144155], [77.5671650390612, 28.531697902222], [77.5671312772253, 28.5316483612787], [77.5672241983744, 28.5315989734968], [77.5672579602342, 28.5316485144155]]]}}, {"type": "Feature", "properties": {"source": "Google Open Buildings v3", "area_in_meters": 20.33, "confidence": 0.7878, "plus_code": "7JWVGH97+2P8C", "lat": 28.51753603, "lon": 77.5643144}, "geometry": {"type": "Polygon", "coordinates": [[[77.56431721264, 28.5175057306206], [77.5643438223642, 28.5175518170844], [77.5643116034003, 28.5175663294737], [77.5642849936857, 28.517520243003], [77.56431721264, 28.5175057306206]]]}}, {"type": "Feature", "properties": {"source": "Google Open Buildings v3", "area_in_meters": 19.01, "confidence": 0.7262, "plus_code": "7JWVGHMG+46P4", "lat": 28.53282793, "lon": 77.5755783}, "geometry": {"type": "Polygon", "coordinates": [[[77.5756000382123, 28.5328074219202], [77.5755966563592, 28.5328508644018], [77.5755565683062, 28.5328484305771], [77.5755599501773, 28.5328049880957], [77.5756000382123, 28.5328074219202]]]}}, {"type": "Feature", "properties": {"source": "Google Open Buildings v3", "area_in_meters": 46.37, "confidence": 0.8768, "plus_code": "7JWVGHM8+785G", "lat": 28.533137, "lon": 77.56586508}, "geometry": {"type": "Polygon", "coordinates": [[[77.5659123721934, 28.5331489679328], [77.5658540798912, 28.5331793510764], [77.5658177843941, 28.5331250432986], [77.5658760766792, 28.5330946601714], [77.5659123721934, 28.5331489679328]]]}}, {"type": "Feature", "properties": {"source": "Google Open Buildings v3", "area_in_meters": 2539.72, "confidence": 0.9013, "plus_code": "7JWVGHHH+2G3R", "lat": 28.52752204, "lon": 77.57878196}, "geometry": {"type": "Polygon", "coordinates": [[[77.5792183560238, 28.5275993158385], [77.5792127560302, 28.5276665158389], [77.5788572560381, 28.527643715864], [77.5788536560423, 28.5276885158643], [77.5783142560544, 28.5276538159024], [77.5783179560502, 28.5276090159022], [77.5783755560489, 28.5276127158981], [77.5783928560293, 28.5274033158969], [77.5784591560278, 28.5274076158922], [77.5784646560215, 28.5273409158918], [77.5785666560192, 28.5273475158846], [77.5785631560232, 28.5273893158848], [77.5787752560184, 28.5274029158698], [77.5787768560165, 28.5273832158697], [77.5789615560124, 28.5273951158566], [77.5789634560103, 28.5273730158565], [77.5790339560087, 28.5273775158515], [77.5790384560037, 28.5273232158512], [77.5791780560005, 28.5273321158413], [77.5791563560252, 28.5275953158429], [77.5792183560238, 28.5275993158385]]]}}, {"type": "Feature", "properties": {"source": "Google Open Buildings v3", "area_in_meters": 69.14, "confidence": 0.897, "plus_code": "7JWVGH7C+8MGP", "lat": 28.51331509, "lon": 77.57170937}, "geometry": {"type": "Polygon", "coordinates": [[[77.571770883876, 28.5133177461568], [77.5717257871003, 28.5133675216443], [77.571647851605, 28.5133124331284], [77.5716929483982, 28.5132626576655], [77.571770883876, 28.5133177461568]]]}}, {"type": "Feature", "properties": {"source": "Google Open Buildings v3", "area_in_meters": 697.19, "confidence": 0.7365, "plus_code": "7JWVGHHH+R3PH", "lat": 28.52958594, "lon": 77.57771115}, "geometry": {"type": "Polygon", "coordinates": [[[77.5777287562582, 28.5294190160074], [77.5778018562719, 28.5295921160022], [77.5778210562708, 28.5295857160008], [77.5778134562694, 28.5295677160014], [77.5778402562678, 28.5295589159995], [77.5778990562789, 28.5296982159953], [77.5777216562893, 28.5297565160079], [77.5776629562782, 28.529617216012], [77.5775877562826, 28.5296419160173], [77.5775223562702, 28.529486916022], [77.5777287562582, 28.5294190160074]]]}}, {"type": "Feature", "properties": {"source": "Google Open Buildings v3", "area_in_meters": 36.07, "confidence": 0.6968, "plus_code": "7JWVGHHH+RCGM", "lat": 28.52956868, "lon": 77.57857168}, "geometry": {"type": "Polygon", "coordinates": [[[77.5786062734084, 28.5296030344463], [77.578569617295, 28.5296146222445], [77.5785370737177, 28.529534330426], [77.5785737298078, 28.5295227426377], [77.5786062734084, 28.5296030344463]]]}}, {"type": "Feature", "properties": {"source": "Google Open Buildings v3", "area_in_meters": 37.24, "confidence": 0.7878, "plus_code": "7JWVGHGH+M735", "lat": 28.52662832, "lon": 77.57818363}, "geometry": {"type": "Polygon", "coordinates": [[[77.5782423033398, 28.5266218582372], [77.5781388957108, 28.5266624805855], [77.5781249576127, 28.5266348063099], [77.578228365221, 28.5265941839728], [77.5782423033398, 28.5266218582372]]]}}, {"type": "Feature", "properties": {"source": "Google Open Buildings v3", "area_in_meters": 168.95, "confidence": 0.7553, "plus_code": "7JWVGHHG+GQHM", "lat": 28.52881867, "lon": 77.5769794}, "geometry": {"type": "Polygon", "coordinates": [[[77.5769778845102, 28.528891447401], [77.5769521628784, 28.5288385857467], [77.5769028942067, 28.5288572837156], [77.5768748585757, 28.5287996663344], [77.5770172631271, 28.5287456222854], [77.5770710204828, 28.5288561012673], [77.5769778845102, 28.528891447401]]]}}, {"type": "Feature", "properties": {"source": "Google Open Buildings v3", "area_in_meters": 108.18, "confidence": 0.7999, "plus_code": "7JWVGH87+9R7V", "lat": 28.51592421, "lon": 77.56454097}, "geometry": {"type": "Polygon", "coordinates": [[[77.5646476003601, 28.5160290997052], [77.5646186770519, 28.5160473408693], [77.564434346545, 28.5158193240662], [77.5644632698285, 28.5158010829424], [77.5646476003601, 28.5160290997052]]]}}, {"type": "Feature", "properties": {"source": "Google Open Buildings v3", "area_in_meters": 38.26, "confidence": 0.6591, "plus_code": "7JWVGH79+MVXX", "lat": 28.51424787, "lon": 77.56974642}, "geometry": {"type": "Polygon", "coordinates": [[[77.5697566985749, 28.5142078404489], [77.5697843129671, 28.5142716170986], [77.5697361476255, 28.5142878874173], [77.5697085332563, 28.5142241107562], [77.5697566985749, 28.5142078404489]]]}}, {"type": "Feature", "properties": {"source": "Google Open Buildings v3", "area_in_meters": 40.24, "confidence": 0.7682, "plus_code": "7JWVGHJH+2J9R", "lat": 28.53004564, "lon": 77.57909946}, "geometry": {"type": "Polygon", "coordinates": [[[77.5791404860339, 28.5300639521163], [77.5790839699129, 28.5300838685396], [77.5790584246747, 28.5300273322175], [77.5791149407717, 28.5300074158064], [77.5791404860339, 28.5300639521163]]]}}, {"type": "Feature", "properties": {"source": "Google Open Buildings v3", "area_in_meters": 51.52, "confidence": 0.6763, "plus_code": "7JWVGHHF+466H", "lat": 28.52778699, "lon": 77.57302384}, "geometry": {"type": "Polygon", "coordinates": [[[77.5730679787857, 28.5278145944444], [77.5730126631468, 28.5278337184985], [77.5729797113646, 28.5277593785446], [77.5730350269729, 28.527740254506], [77.5730679787857, 28.5278145944444]]]}}, {"type": "Feature", "properties": {"source": "Google Open Buildings v3", "area_in_meters": 39.95, "confidence": 0.8111, "plus_code": "7JWVGHHF+654C", "lat": 28.52801376, "lon": 77.57294309}, "geometry": {"type": "Polygon", "coordinates": [[[77.5729824825232, 28.528036199972], [77.5729316268968, 28.5280539058817], [77.5729036912333, 28.5279913233331], [77.5729545468362, 28.5279736174361], [77.5729824825232, 28.528036199972]]]}}, {"type": "Feature", "properties": {"source": "Google Open Buildings v3", "area_in_meters": 157.3, "confidence": 0.8397, "plus_code": "7JWVGHHG+GPV9", "lat": 28.52885808, "lon": 77.5768071}, "geometry": {"type": "Polygon", "coordinates": [[[77.5768866095765, 28.5288977863814], [77.5767805859427, 28.5289321408338], [77.5767626656662, 28.5288890057348], [77.5767429636613, 28.5288953896914], [77.5767321179864, 28.5288692835192], [77.5767518199873, 28.5288628995643], [77.5767325920432, 28.5288166167635], [77.5768386155827, 28.5287822623547], [77.5768866095765, 28.5288977863814]]]}}, {"type": "Feature", "properties": {"source": "Google Open Buildings v3", "area_in_meters": 281.34, "confidence": 0.933, "plus_code": "7JWVGHF9+5JCJ", "lat": 28.52294406, "lon": 77.56900338}, "geometry": {"type": "Polygon", "coordinates": [[[77.5691088351762, 28.5230027180757], [77.5689754781678, 28.5230513289336], [77.5688979368257, 28.5228853962329], [77.5690312936741, 28.5228367854612], [77.5691088351762, 28.5230027180757]]]}}, {"type": "Feature", "properties": {"source": "Google Open Buildings v3", "area_in_meters": 43.0, "confidence": 0.8715, "plus_code": "7JWVGHFG+942V", "lat": 28.52339588, "lon": 77.57526054}, "geometry": {"type": "Polygon", "coordinates": [[[77.5753136922294, 28.5233944354741], [77.5752942582383, 28.523432196079], [77.5752073883225, 28.5233973218603], [77.5752268223402, 28.5233595612662], [77.5753136922294, 28.5233944354741]]]}}, {"type": "Feature", "properties": {"source": "Google Open Buildings v3", "area_in_meters": 1019.91, "confidence": 0.9429, "plus_code": "7JWVGHC9+7VJV", "lat": 28.52072404, "lon": 77.56963649}, "geometry": {"type": "Polygon", "coordinates": [[[77.5699539464238, 28.5206939338216], [77.5693833657308, 28.5208959036858], [77.5693190373977, 28.5207541385979], [77.5698896174938, 28.5205521690416], [77.5699539464238, 28.5206939338216]]]}}, {"type": "Feature", "properties": {"source": "Google Open Buildings v3", "area_in_meters": 145.93, "confidence": 0.7682, "plus_code": "7JWVGHHJ+PVMM", "lat": 28.52934366, "lon": 77.58216576}, "geometry": {"type": "Polygon", "coordinates": [[[77.5822646814952, 28.5293214234952], [77.582146769143, 28.5294280470375], [77.5821135697004, 28.5293994119015], [77.5821351620686, 28.5293798867938], [77.5820799506309, 28.5293322658575], [77.5821467600461, 28.5292718527658], [77.5822019714766, 28.5293194736763], [77.5822314820584, 28.5292927883879], [77.5822646814952, 28.5293214234952]]]}}, {"type": "Feature", "properties": {"source": "Google Open Buildings v3", "area_in_meters": 18.8, "confidence": 0.7901, "plus_code": "7JWVGHH9+G2JQ", "lat": 28.52884299, "lon": 77.5675245}, "geometry": {"type": "Polygon", "coordinates": [[[77.5675533744049, 28.5288537062017], [77.5675138849327, 28.5288690077535], [77.5674956283794, 28.5288322599707], [77.5675351178415, 28.5288169584247], [77.5675533744049, 28.5288537062017]]]}}, {"type": "Feature", "properties": {"source": "Google Open Buildings v3", "area_in_meters": 394.11, "confidence": 0.9204, "plus_code": "7JWVGHHJ+76J3", "lat": 28.5282026, "lon": 77.58050981}, "geometry": {"type": "Polygon", "coordinates": [[[77.5806720431872, 28.5283188786605], [77.5805910156475, 28.5283726180359], [77.5803475735162, 28.5280863268235], [77.5804286009845, 28.5280325875977], [77.5806720431872, 28.5283188786605]]]}}, {"type": "Feature", "properties": {"source": "Google Open Buildings v3", "area_in_meters": 41.92, "confidence": 0.7799, "plus_code": "7JWVGHJJ+3F66", "lat": 28.53015875, "lon": 77.5811266}, "geometry": {"type": "Polygon", "coordinates": [[[77.5811082987884, 28.5301092934681], [77.5811760748428, 28.5301870122993], [77.5811449086162, 28.530208210044], [77.5810771325687, 28.5301304911969], [77.5811082987884, 28.5301092934681]]]}}, {"type": "Feature", "properties": {"source": "Google Open Buildings v3", "area_in_meters": 65.03, "confidence": 0.8696, "plus_code": "7JWVGHMF+8274", "lat": 28.53327651, "lon": 77.5725519}, "geometry": {"type": "Polygon", "coordinates": [[[77.5726098780641, 28.5332811757139], [77.5725464736475, 28.533327706644], [77.5724939146159, 28.5332718525835], [77.5725573190263, 28.533225321679], [77.5726098780641, 28.5332811757139]]]}}, {"type": "Feature", "properties": {"source": "Google Open Buildings v3", "area_in_meters": 81.24, "confidence": 0.793, "plus_code": "7JWVGHHJ+HV77", "lat": 28.52890975, "lon": 77.58216723}, "geometry": {"type": "Polygon", "coordinates": [[[77.5822338647982, 28.5288885437578], [77.582122469554, 28.5289889497458], [77.5820995214177, 28.5289690924424], [77.5821553469407, 28.5289187742098], [77.5821251735027, 28.5288926647562], [77.5821807432306, 28.5288425770314], [77.5822338647982, 28.5288885437578]]]}}, {"type": "Feature", "properties": {"source": "Google Open Buildings v3", "area_in_meters": 66.41, "confidence": 0.8775, "plus_code": "7JWVGHJH+MX6P", "lat": 28.53166963, "lon": 77.57989086}, "geometry": {"type": "Polygon", "coordinates": [[[77.5799489129866, 28.531680460283], [77.5798894121058, 28.5317220097802], [77.5798328080284, 28.5316587906762], [77.5798923089, 28.531617241204], [77.5799489129866, 28.531680460283]]]}}, {"type": "Feature", "properties": {"source": "Google Open Buildings v3", "area_in_meters": 33.21, "confidence": 0.8324, "plus_code": "7JWVGHM8+248M", "lat": 28.53254354, "lon": 77.56532272}, "geometry": {"type": "Polygon", "coordinates": [[[77.5653652361991, 28.5325474842984], [77.5653048662587, 28.5325778462704], [77.5652802049371, 28.5325396040726], [77.5653405748641, 28.5325092421124], [77.5653652361991, 28.5325474842984]]]}}, {"type": "Feature", "properties": {"source": "Google Open Buildings v3", "area_in_meters": 21.73, "confidence": 0.6873, "plus_code": "7JWVGHFF+HFC3", "lat": 28.52392514, "lon": 77.57363988}, "geometry": {"type": "Polygon", "coordinates": [[[77.5736638194882, 28.5239037607716], [77.5736584767361, 28.5239503245124], [77.5736159473412, 28.5239465181134], [77.5736212901115, 28.5238999543728], [77.5736638194882, 28.5239037607716]]]}}, {"type": "Feature", "properties": {"source": "Google Open Buildings v3", "area_in_meters": 462.0, "confidence": 0.8487, "plus_code": "7JWVGHHJ+R58C", "lat": 28.52953757, "lon": 77.58044162}, "geometry": {"type": "Polygon", "coordinates": [[[77.5805979647604, 28.529540071811], [77.5804117018055, 28.5296731155953], [77.5802852858548, 28.5295350787899], [77.5804715487532, 28.5294020351794], [77.5805979647604, 28.529540071811]]]}}, {"type": "Feature", "properties": {"source": "Google Open Buildings v3", "area_in_meters": 30.27, "confidence": 0.7093, "plus_code": "7JWVGHFF+FGJ3", "lat": 28.52370215, "lon": 77.57376073}, "geometry": {"type": "Polygon", "coordinates": [[[77.5737981581793, 28.5236886060351], [77.5737656345517, 28.5237376059427], [77.5737233105193, 28.5237156930341], [77.5737558341609, 28.5236666931354], [77.5737981581793, 28.5236886060351]]]}}, {"type": "Feature", "properties": {"source": "Google Open Buildings v3", "area_in_meters": 392.56, "confidence": 0.8622, "plus_code": "7JWVGHHJ+764X", "lat": 28.52814897, "lon": 77.58059067}, "geometry": {"type": "Polygon", "coordinates": [[[77.58075275105, 28.5282653512015], [77.5806720431864, 28.5283188786587], [77.5804286009838, 28.5280325875959], [77.580509308776, 28.5279790602876], [77.58075275105, 28.5282653512015]]]}}, {"type": "Feature", "properties": {"source": "Google Open Buildings v3", "area_in_meters": 38.39, "confidence": 0.7432, "plus_code": "7JWVGHHJ+JVF6", "lat": 28.52905883, "lon": 77.58215692}, "geometry": {"type": "Polygon", "coordinates": [[[77.5822123720871, 28.5290296926407], [77.5821241507259, 28.5291079093697], [77.5821014710689, 28.5290879578818], [77.5821896924325, 28.5290097411674], [77.5822123720871, 28.5290296926407]]]}}, {"type": "Feature", "properties": {"source": "Google Open Buildings v3", "area_in_meters": 73.92, "confidence": 0.8542, "plus_code": "7JWVGHJ8+R3MC", "lat": 28.53208849, "lon": 77.56515879}, "geometry": {"type": "Polygon", "coordinates": [[[77.5652388182211, 28.5320690891077], [77.565104739728, 28.5321440982299], [77.5650787592848, 28.5321078796612], [77.5652128377543, 28.5320328705656], [77.5652388182211, 28.5320690891077]]]}}, {"type": "Feature", "properties": {"source": "Google Open Buildings v3", "area_in_meters": 121.39, "confidence": 0.8289, "plus_code": "7JWVGHGG+FJXR", "lat": 28.52624553, "lon": 77.57659849}, "geometry": {"type": "Polygon", "coordinates": [[[77.5766819224356, 28.5262020473717], [77.5765700161568, 28.5263273196184], [77.5765150394313, 28.5262890107732], [77.5766269457422, 28.5261637385695], [77.5766819224356, 28.5262020473717]]]}}, {"type": "Feature", "properties": {"source": "Google Open Buildings v3", "area_in_meters": 21.22, "confidence": 0.7411, "plus_code": "7JWVGHH9+F664", "lat": 28.52865174, "lon": 77.56801648}, "geometry": {"type": "Polygon", "coordinates": [[[77.568044445784, 28.5286676506075], [77.567997736413, 28.5286760092369], [77.5679885175301, 28.5286358287123], [77.5680352268848, 28.5286274700873], [77.568044445784, 28.5286676506075]]]}}, {"type": "Feature", "properties": {"source": "Google Open Buildings v3", "area_in_meters": 33.88, "confidence": 0.6712, "plus_code": "7JWVGHF9+7MWM", "lat": 28.52324274, "lon": 77.56920063}, "geometry": {"type": "Polygon", "coordinates": [[[77.5692000043765, 28.5231979340734], [77.5692358921605, 28.5232749417027], [77.569201262822, 28.5232875300853], [77.5691653750602, 28.5232105224447], [77.5692000043765, 28.5231979340734]]]}}, {"type": "Feature", "properties": {"source": "Google Open Buildings v3", "area_in_meters": 25.74, "confidence": 0.7996, "plus_code": "7JWVGHHH+H559", "lat": 28.52888084, "lon": 77.57799665}, "geometry": {"type": "Polygon", "coordinates": [[[77.5780259472644, 28.5289035486929], [77.5779877150667, 28.5289143611493], [77.577967330897, 28.5288581446013], [77.5780055630774, 28.5288473321517], [77.5780259472644, 28.5289035486929]]]}}, {"type": "Feature", "properties": {"source": "Google Open Buildings v3", "area_in_meters": 282.12, "confidence": 0.9094, "plus_code": "7JWVGHFF+5F67", "lat": 28.52290626, "lon": 77.5736391}, "geometry": {"type": "Polygon", "coordinates": [[[77.573764492821, 28.5229157942146], [77.5737089206089, 28.5229690246874], [77.5736937052625, 28.522956634017], [77.5736293389215, 28.5230182879455], [77.573584156191, 28.5229814931877], [77.5736046714638, 28.5229618424526], [77.5735202955717, 28.5228931304642], [77.573619718889, 28.5227978969041], [77.573764492821, 28.5229157942146]]]}}, {"type": "Feature", "properties": {"source": "Google Open Buildings v3", "area_in_meters": 81.72, "confidence": 0.8712, "plus_code": "7JWVGHJ8+C299", "lat": 28.53103449, "lon": 77.56512224}, "geometry": {"type": "Polygon", "coordinates": [[[77.5652034562715, 28.531010707637], [77.5650718256427, 28.5310955428711], [77.565041010077, 28.5310582522809], [77.565172640689, 28.5309734170776], [77.5652034562715, 28.531010707637]]]}}, {"type": "Feature", "properties": {"source": "Google Open Buildings v3", "area_in_meters": 17.12, "confidence": 0.6835, "plus_code": "7JWVGHC9+PWXM", "lat": 28.52186855, "lon": 77.56985806}, "geometry": {"type": "Polygon", "coordinates": [[[77.5698865120756, 28.5218603261023], [77.5698697703498, 28.5218928690212], [77.5698296220611, 28.5218767575459], [77.5698463637974, 28.5218442146315], [77.5698865120756, 28.5218603261023]]]}}, {"type": "Feature", "properties": {"source": "Google Open Buildings v3", "area_in_meters": 7.3, "confidence": 0.7116, "plus_code": "7JWVGHJ9+W89Q", "lat": 28.53229187, "lon": 77.56837017}, "geometry": {"type": "Polygon", "coordinates": [[[77.5683876684087, 28.5322841354086], [77.5683767773941, 28.5323081417733], [77.568352670736, 28.532299612409], [77.5683635617556, 28.5322756060461], [77.5683876684087, 28.5322841354086]]]}}, {"type": "Feature", "properties": {"source": "Google Open Buildings v3", "area_in_meters": 29.59, "confidence": 0.701, "plus_code": "7JWVGHJJ+XGW7", "lat": 28.53248218, "lon": 77.58132355}, "geometry": {"type": "Polygon", "coordinates": [[[77.5813350655383, 28.5324458149621], [77.5813520706962, 28.5325103273454], [77.5813120104436, 28.5325185627891], [77.5812950053086, 28.5324540503992], [77.5813350655383, 28.5324458149621]]]}}, {"type": "Feature", "properties": {"source": "Google Open Buildings v3", "area_in_meters": 21.58, "confidence": 0.742, "plus_code": "7JWVGHHF+XVQ4", "lat": 28.52995012, "lon": 77.57474056}, "geometry": {"type": "Polygon", "coordinates": [[[77.5747721004304, 28.5299395943556], [77.5747477763992, 28.5299792064103], [77.574709025644, 28.5299606477939], [77.5747333496866, 28.5299210357455], [77.5747721004304, 28.5299395943556]]]}}, {"type": "Feature", "properties": {"source": "Google Open Buildings v3", "area_in_meters": 82.27, "confidence": 0.895, "plus_code": "7JWVGHJJ+3FRQ", "lat": 28.53024425, "lon": 77.58115305}, "geometry": {"type": "Polygon", "coordinates": [[[77.5812214275432, 28.5302395078983], [77.5811297637715, 28.5303012407526], [77.581084654851, 28.5302490012871], [77.5811763186088, 28.5301872684642], [77.5812214275432, 28.5302395078983]]]}}, {"type": "Feature", "properties": {"source": "Google Open Buildings v3", "area_in_meters": 94.54, "confidence": 0.7824, "plus_code": "7JWVGHHJ+VFQG", "lat": 28.52971239, "lon": 77.58123603}, "geometry": {"type": "Polygon", "coordinates": [[[77.5811991623468, 28.52963060524], [77.5813139793036, 28.5297672459776], [77.5812729057731, 28.529794164242], [77.5811580888334, 28.5296575234693], [77.5811991623468, 28.52963060524]]]}}, {"type": "Feature", "properties": {"source": "Google Open Buildings v3", "area_in_meters": 8.6, "confidence": 0.7064, "plus_code": "7JWVGH7C+QPJ8", "lat": 28.5144551, "lon": 77.57176819}, "geometry": {"type": "Polygon", "coordinates": [[[77.5717837277153, 28.5144424059571], [77.5717824837548, 28.5144688791194], [77.5717526445435, 28.514467785225], [77.5717538885114, 28.5144413120624], [77.5717837277153, 28.5144424059571]]]}}, {"type": "Feature", "properties": {"source": "Google Open Buildings v3", "area_in_meters": 22.94, "confidence": 0.7917, "plus_code": "7JWVGHM8+33V4", "lat": 28.53272545, "lon": 77.5651793}, "geometry": {"type": "Polygon", "coordinates": [[[77.5652140662083, 28.5327259890296], [77.565173549666, 28.5327557365696], [77.565144530655, 28.5327249119274], [77.5651850471952, 28.5326951643963], [77.5652140662083, 28.5327259890296]]]}}, {"type": "Feature", "properties": {"source": "Google Open Buildings v3", "area_in_meters": 60.74, "confidence": 0.7484, "plus_code": "7JWVGHFF+Q288", "lat": 28.52440517, "lon": 77.57258414}, "geometry": {"type": "Polygon", "coordinates": [[[77.572641783159, 28.5243833859195], [77.5726381827051, 28.5244332445849], [77.5725265012991, 28.5244269538147], [77.5725301018059, 28.5243770951492], [77.572641783159, 28.5243833859195]]]}}, {"type": "Feature", "properties": {"source": "Google Open Buildings v3", "area_in_meters": 110.61, "confidence": 0.8939, "plus_code": "7JWVGHGF+M3J3", "lat": 28.52670067, "lon": 77.57263856}, "geometry": {"type": "Polygon", "coordinates": [[[77.5727208528372, 28.5267046459566], [77.5726782568567, 28.5267644550514], [77.57255626883, 28.5266966904091], [77.5725988648585, 28.5266368813494], [77.5727208528372, 28.5267046459566]]]}}, {"type": "Feature", "properties": {"source": "Google Open Buildings v3", "area_in_meters": 11.3, "confidence": 0.6691, "plus_code": "7JWVGHF9+PR52", "lat": 28.52425068, "lon": 77.56959644}, "geometry": {"type": "Polygon", "coordinates": [[[77.5696071813385, 28.5242314538112], [77.5696183202467, 28.5242599573068], [77.5695857013139, 28.5242699003348], [77.5695745624127, 28.5242413968359], [77.5696071813385, 28.5242314538112]]]}}, {"type": "Feature", "properties": {"source": "Google Open Buildings v3", "area_in_meters": 144.92, "confidence": 0.9265, "plus_code": "7JWVGHF9+2H5G", "lat": 28.52251429, "lon": 77.56898459}, "geometry": {"type": "Polygon", "coordinates": [[[77.5690612874398, 28.5225538090591], [77.5689637720113, 28.5225905336067], [77.5689078892284, 28.5224747853675], [77.569005404576, 28.5224380608651], [77.5690612874398, 28.5225538090591]]]}}, {"type": "Feature", "properties": {"source": "Google Open Buildings v3", "area_in_meters": 76.02, "confidence": 0.8837, "plus_code": "7JWVGHJJ+939Q", "lat": 28.53091792, "lon": 77.58024377}, "geometry": {"type": "Polygon", "coordinates": [[[77.5803151247456, 28.5309050494274], [77.5802072227185, 28.5309735567676], [77.5801724162159, 28.5309308002588], [77.5802803182262, 28.5308622929475], [77.5803151247456, 28.5309050494274]]]}}, {"type": "Feature", "properties": {"source": "Google Open Buildings v3", "area_in_meters": 22.67, "confidence": 0.6958, "plus_code": "7JWVGHFF+5MP2", "lat": 28.5229538, "lon": 77.57419188}, "geometry": {"type": "Polygon", "coordinates": [[[77.5741964446319, 28.5229209689155], [77.5742207226087, 28.5229748863102], [77.5741873113137, 28.5229866215545], [77.5741630333504, 28.522932704153], [77.5741964446319, 28.5229209689155]]]}}, {"type": "Feature", "properties": {"source": "Google Open Buildings v3", "area_in_meters": 728.91, "confidence": 0.8776, "plus_code": "7JWVGHFC+F9J2", "lat": 28.5237034, "lon": 77.57087681}, "geometry": {"type": "Polygon", "coordinates": [[[77.5709978558448, 28.5235025163287], [77.5710410558741, 28.5238362163256], [77.5709466558776, 28.5238451163323], [77.5709435558756, 28.5238217163325], [77.5708854558777, 28.5238271163366], [77.5708793558735, 28.5237796163371], [77.5709025558727, 28.5237772163354], [77.5708941558669, 28.523712016336], [77.5708090558701, 28.523720616342], [77.5708203558778, 28.5238080163412], [77.5706277558849, 28.5238261163549], [77.5706222558812, 28.5237834163552], [77.57065255588, 28.5237804163531], [77.5706424558731, 28.5237021163538], [77.5707416558694, 28.5236921163468], [77.5707391558677, 28.523672816347], [77.5707567558671, 28.5236710163457], [77.5707592558688, 28.5236903163456], [77.5709244558626, 28.5236736163339], [77.5709190558589, 28.5236322163342], [77.5708842558602, 28.5236357163367], [77.5708686558497, 28.5235155163378], [77.5709978558448, 28.5235025163287]]]}}, {"type": "Feature", "properties": {"source": "Google Open Buildings v3", "area_in_meters": 28.52, "confidence": 0.8006, "plus_code": "7JWVGHF9+5JQ4", "lat": 28.52295278, "lon": 77.56911079}, "geometry": {"type": "Polygon", "coordinates": [[[77.5691161749612, 28.5229152963133], [77.5691421083866, 28.5229785088261], [77.5691053958726, 28.5229902574272], [77.5690794624653, 28.5229270449066], [77.5691161749612, 28.5229152963133]]]}}, {"type": "Feature", "properties": {"source": "Google Open Buildings v3", "area_in_meters": 6822.58, "confidence": 0.8423, "plus_code": "7JWVGHHF+7P9R", "lat": 28.52817256, "lon": 77.57434896}, "geometry": {"type": "Polygon", "coordinates": [[[77.5740625562058, 28.5278570162341], [77.5740852562101, 28.5279103162325], [77.5740820562103, 28.5279114162327], [77.5742047562314, 28.528179616224], [77.5746091562067, 28.5280353161954], [77.5745357561941, 28.5278748162006], [77.5745828561912, 28.5278579161973], [77.5745622561876, 28.5278128161988], [77.5746121561846, 28.5277950161952], [77.5746327561881, 28.5278401161938], [77.5746812561852, 28.5278228161903], [77.5746444561789, 28.5277424161929], [77.5748035561691, 28.5276856161817], [77.5748288561735, 28.5277409161799], [77.5748754561706, 28.5277242161766], [77.5749806561888, 28.5279543161692], [77.5750038561873, 28.5279460161675], [77.5750244561909, 28.5279911161661], [77.5750012561923, 28.5279993161677], [77.5750192561954, 28.5280386161664], [77.5750077561961, 28.5280427161672], [77.575042056202, 28.5281177161648], [77.5750069562041, 28.5281303161673], [77.5750895562183, 28.5283108161615], [77.575012356223, 28.5283384161669], [77.5749591562139, 28.5282221161707], [77.574662256232, 28.5283281161917], [77.5746492562298, 28.5282997161926], [77.5745703562346, 28.5283278161982], [77.5745833562368, 28.5283562161973], [77.5741552562629, 28.5285090162275], [77.5741563562631, 28.5285114162274], [77.5741598562629, 28.5285102162272], [77.5742084562721, 28.5286253162238], [77.5740262562832, 28.5286903162367], [77.5739519562704, 28.5285280162419], [77.5738986562737, 28.5285470162457], [77.5737844562542, 28.5282992162537], [77.5737601562549, 28.5282996162555], [77.5737587562496, 28.5282414162556], [77.5736491562308, 28.5280017162633], [77.5740567562059, 28.5278562162345], [77.5740578562061, 28.5278586162344], [77.5740625562058, 28.5278570162341]]]}}, {"type": "Feature", "properties": {"source": "Google Open Buildings v3", "area_in_meters": 30.06, "confidence": 0.7976, "plus_code": "7JWVGHJJ+39MV", "lat": 28.53022274, "lon": 77.5809205}, "geometry": {"type": "Polygon", "coordinates": [[[77.5809619865072, 28.5302393949268], [77.5809335133312, 28.5302613151572], [77.5808790019397, 28.5302060904976], [77.5809074751139, 28.5301841702782], [77.5809619865072, 28.5302393949268]]]}}, {"type": "Feature", "properties": {"source": "Google Open Buildings v3", "area_in_meters": 128.85, "confidence": 0.7702, "plus_code": "7JWVGHHG+HMC2", "lat": 28.52892517, "lon": 77.57663203}, "geometry": {"type": "Polygon", "coordinates": [[[77.5766307767976, 28.5288361528627], [77.5767037727529, 28.5290123195644], [77.5766527010721, 28.5290288247571], [77.576598074287, 28.5288969896973], [77.5765650693895, 28.5289076561039], [77.5765467002962, 28.5288633244255], [77.5766307767976, 28.5288361528627]]]}}, {"type": "Feature", "properties": {"source": "Google Open Buildings v3", "area_in_meters": 162.99, "confidence": 0.8411, "plus_code": "7JWVGHJJ+2H53", "lat": 28.53000453, "lon": 77.58148188}, "geometry": {"type": "Polygon", "coordinates": [[[77.581574988393, 28.5300017284105], [77.5814659084856, 28.530085589497], [77.5813887747096, 28.5300073392251], [77.5814978546076, 28.5299234782009], [77.581574988393, 28.5300017284105]]]}}, {"type": "Feature", "properties": {"source": "Google Open Buildings v3", "area_in_meters": 12.9, "confidence": 0.7885, "plus_code": "7JWVGHFC+7GPJ", "lat": 28.52321874, "lon": 77.57131559}, "geometry": {"type": "Polygon", "coordinates": [[[77.5713276331971, 28.5231984235311], [77.5713393184024, 28.5232280373425], [77.5713035608574, 28.5232390431704], [77.5712918756603, 28.5232094293555], [77.5713276331971, 28.5231984235311]]]}}, {"type": "Feature", "properties": {"source": "Google Open Buildings v3", "area_in_meters": 216.51, "confidence": 0.9217, "plus_code": "7JWVGHC9+WX5F", "lat": 28.52226399, "lon": 77.56997893}, "geometry": {"type": "Polygon", "coordinates": [[[77.5700790483018, 28.5222971091006], [77.5699259621261, 28.5223460105247], [77.5698788166505, 28.5222308837327], [77.5700319026897, 28.522181982371], [77.5700790483018, 28.5222971091006]]]}}, {"type": "Feature", "properties": {"source": "Google Open Buildings v3", "area_in_meters": 55.59, "confidence": 0.7139, "plus_code": "7JWVGH7C+P224", "lat": 28.51425039, "lon": 77.57001677}, "geometry": {"type": "Polygon", "coordinates": [[[77.5700075403818, 28.5141896032739], [77.5700654762109, 28.514294111089], [77.5700259857653, 28.5143111907099], [77.5699680499622, 28.5142066828751], [77.5700075403818, 28.5141896032739]]]}}, {"type": "Feature", "properties": {"source": "Google Open Buildings v3", "area_in_meters": 22.3, "confidence": 0.7241, "plus_code": "7JWVGHMG+3H6H", "lat": 28.53266033, "lon": 77.57640447}, "geometry": {"type": "Polygon", "coordinates": [[[77.5764350672445, 28.5326739403387], [77.5763934403944, 28.5326889805336], [77.5763738709061, 28.5326467395231], [77.5764154977433, 28.532631699335], [77.5764350672445, 28.5326739403387]]]}}, {"type": "Feature", "properties": {"source": "Google Open Buildings v3", "area_in_meters": 130.53, "confidence": 0.7669, "plus_code": "7JWVGHCG+3C24", "lat": 28.52012666, "lon": 77.57601873}, "geometry": {"type": "Polygon", "coordinates": [[[77.5761092377812, 28.5201360288889], [77.5759581275461, 28.5201867606481], [77.5759282287596, 28.5201172890733], [77.5760793389153, 28.520066557352], [77.5761092377812, 28.5201360288889]]]}}, {"type": "Feature", "properties": {"source": "Google Open Buildings v3", "area_in_meters": 39.05, "confidence": 0.7229, "plus_code": "7JWVGHJ7+GV95", "lat": 28.53127908, "lon": 77.56474511}, "geometry": {"type": "Polygon", "coordinates": [[[77.564796314581, 28.53126569397], [77.5647200485371, 28.5313207274719], [77.5646938956624, 28.5312924611213], [77.5647701617016, 28.5312374276339], [77.564796314581, 28.53126569397]]]}}, {"type": "Feature", "properties": {"source": "Google Open Buildings v3", "area_in_meters": 6.59, "confidence": 0.6699, "plus_code": "7JWVGHGJ+GMWP", "lat": 28.52636906, "lon": 77.58170719}, "geometry": {"type": "Polygon", "coordinates": [[[77.5817195006481, 28.5263564352453], [77.5817177061976, 28.5263828830135], [77.5816948580424, 28.5263816738609], [77.5816966524986, 28.5263552260925], [77.5817195006481, 28.5263564352453]]]}}, {"type": "Feature", "properties": {"source": "Google Open Buildings v3", "area_in_meters": 10.72, "confidence": 0.7294, "plus_code": "7JWVGHJJ+47X8", "lat": 28.53035845, "lon": 77.58073664}, "geometry": {"type": "Polygon", "coordinates": [[[77.5807593112716, 28.5303524720141], [77.5807418833624, 28.53037881788], [77.5807139674935, 28.530364415384], [77.5807313954078, 28.5303380695214], [77.5807593112716, 28.5303524720141]]]}}, {"type": "Feature", "properties": {"source": "Google Open Buildings v3", "area_in_meters": 12.81, "confidence": 0.7164, "plus_code": "7JWVGHGG+MJ3R", "lat": 28.52664928, "lon": 77.57653785}, "geometry": {"type": "Polygon", "coordinates": [[[77.5765611779536, 28.5266393805667], [77.5765511359365, 28.5266688998727], [77.5765145056775, 28.5266591804694], [77.5765245477042, 28.5266296611658], [77.5765611779536, 28.5266393805667]]]}}, {"type": "Feature", "properties": {"source": "Google Open Buildings v3", "area_in_meters": 132.53, "confidence": 0.7278, "plus_code": "7JWVGHJH+PCP8", "lat": 28.53183329, "lon": 77.5785839}, "geometry": {"type": "Polygon", "coordinates": [[[77.5786680099593, 28.5318506376547], [77.5785974930159, 28.5319086210164], [77.5784997826909, 28.5318159439509], [77.5785702996344, 28.5317579606401], [77.5786680099593, 28.5318506376547]]]}}, {"type": "Feature", "properties": {"source": "Google Open Buildings v3", "area_in_meters": 76.25, "confidence": 0.7439, "plus_code": "7JWVGHGG+F7XJ", "lat": 28.52624485, "lon": 77.57572013}, "geometry": {"type": "Polygon", "coordinates": [[[77.5757783223818, 28.5262217030638], [77.5757549725358, 28.5262388831063], [77.5757692419927, 28.5262535738006], [77.5757047101911, 28.5263024645336], [77.575655897904, 28.5262517800031], [77.5757449130167, 28.5261862857004], [77.5757783223818, 28.5262217030638]]]}}, {"type": "Feature", "properties": {"source": "Google Open Buildings v3", "area_in_meters": 332.7, "confidence": 0.844, "plus_code": "7JWVGHFC+QV59", "lat": 28.52438087, "lon": 77.57224992}, "geometry": {"type": "Polygon", "coordinates": [[[77.5723500134558, 28.5243043166459], [77.5723294892635, 28.5244748236083], [77.5721727392254, 28.5244601059889], [77.5721777621236, 28.5244183782595], [77.5721389416252, 28.5244147332849], [77.5721499681631, 28.5243231305429], [77.5721887886251, 28.524326775516], [77.5721932636678, 28.5242895990353], [77.5723500134558, 28.5243043166459]]]}}, {"type": "Feature", "properties": {"source": "Google Open Buildings v3", "area_in_meters": 16.68, "confidence": 0.6952, "plus_code": "7JWVGHHH+R98X", "lat": 28.52954927, "lon": 77.57846208}, "geometry": {"type": "Polygon", "coordinates": [[[77.5784646120128, 28.529518309866], [77.5784849783447, 28.5295728146538], [77.5784595699971, 28.529580219481], [77.5784392036762, 28.5295257146885], [77.5784646120128, 28.529518309866]]]}}, {"type": "Feature", "properties": {"source": "Google Open Buildings v3", "area_in_meters": 268.64, "confidence": 0.7916, "plus_code": "7JWVGHGG+MF9F", "lat": 28.52666245, "lon": 77.57623135}, "geometry": {"type": "Polygon", "coordinates": [[[77.5763645531377, 28.5266932740744], [77.5762954128666, 28.5267700984793], [77.5760981452679, 28.5266316230679], [77.5761672856087, 28.526554798759], [77.5763645531377, 28.5266932740744]]]}}, {"type": "Feature", "properties": {"source": "Google Open Buildings v3", "area_in_meters": 24.51, "confidence": 0.7559, "plus_code": "7JWVGHMG+9WGW", "lat": 28.53344712, "lon": 77.5773334}, "geometry": {"type": "Polygon", "coordinates": [[[77.5773711228241, 28.5334479824439], [77.5773158994064, 28.5334766375686], [77.5772956900579, 28.5334462636054], [77.5773509134665, 28.5334176084895], [77.5773711228241, 28.5334479824439]]]}}, {"type": "Feature", "properties": {"source": "Google Open Buildings v3", "area_in_meters": 100.96, "confidence": 0.7058, "plus_code": "7JWVGHHH+GCJM", "lat": 28.52884349, "lon": 77.57851402}, "geometry": {"type": "Polygon", "coordinates": [[[77.5785784173947, 28.5288751101754], [77.5784951704484, 28.5289063996416], [77.5784496191846, 28.5288118766808], [77.5785328660757, 28.5287805872459], [77.5785784173947, 28.5288751101754]]]}}, {"type": "Feature", "properties": {"source": "Google Open Buildings v3", "area_in_meters": 10.87, "confidence": 0.697, "plus_code": "7JWVGHHH+6QWP", "lat": 28.52811561, "lon": 77.57945456}, "geometry": {"type": "Polygon", "coordinates": [[[77.5794637908644, 28.5280944053337], [77.5794703631252, 28.5281335431491], [77.5794453390991, 28.5281368206854], [77.5794387668472, 28.528097682868], [77.5794637908644, 28.5280944053337]]]}}, {"type": "Feature", "properties": {"source": "Google Open Buildings v3", "area_in_meters": 46.18, "confidence": 0.8186, "plus_code": "7JWVGHJJ+GF7V", "lat": 28.53129905, "lon": 77.58116683}, "geometry": {"type": "Polygon", "coordinates": [[[77.5811410766496, 28.5313407525622], [77.5811132552459, 28.5313032718553], [77.5811925883577, 28.5312573444645], [77.5812204097746, 28.5312948251544], [77.5811410766496, 28.5313407525622]]]}}, {"type": "Feature", "properties": {"source": "Google Open Buildings v3", "area_in_meters": 16.63, "confidence": 0.723, "plus_code": "7JWVGHGG+33H2", "lat": 28.52517536, "lon": 77.57522236}, "geometry": {"type": "Polygon", "coordinates": [[[77.5752373189666, 28.5251523384048], [77.5752431542136, 28.5251945250039], [77.5752073990959, 28.5251983826228], [77.5752015638627, 28.5251561960214], [77.5752373189666, 28.5251523384048]]]}}, {"type": "Feature", "properties": {"source": "Google Open Buildings v3", "area_in_meters": 36.94, "confidence": 0.779, "plus_code": "7JWVGHJH+PVR9", "lat": 28.53185991, "lon": 77.57965157}, "geometry": {"type": "Polygon", "coordinates": [[[77.5797010239927, 28.5318502870823], [77.5796270672782, 28.5318990436631], [77.5796021079066, 28.5318695166575], [77.5796760646146, 28.5318207600905], [77.5797010239927, 28.5318502870823]]]}}, {"type": "Feature", "properties": {"source": "Google Open Buildings v3", "area_in_meters": 61.38, "confidence": 0.8794, "plus_code": "7JWVGH87+CP82", "lat": 28.51602669, "lon": 77.56431321}, "geometry": {"type": "Polygon", "coordinates": [[[77.564368488619, 28.5160382937196], [77.5643077892423, 28.5160766516544], [77.5642579251402, 28.5160150928407], [77.5643186245036, 28.515976734929], [77.564368488619, 28.5160382937196]]]}}, {"type": "Feature", "properties": {"source": "Google Open Buildings v3", "area_in_meters": 193.61, "confidence": 0.8399, "plus_code": "7JWVGHGG+78F4", "lat": 28.52567938, "lon": 77.57580311}, "geometry": {"type": "Polygon", "coordinates": [[[77.5757536185434, 28.5255388316745], [77.5759070275651, 28.5257944490268], [77.5758525978455, 28.525819928437], [77.5756991889073, 28.5255643110184], [77.5757536185434, 28.5255388316745]]]}}, {"type": "Feature", "properties": {"source": "Google Open Buildings v3", "area_in_meters": 118.65, "confidence": 0.9044, "plus_code": "7JWVGH79+RGFG", "lat": 28.51456204, "lon": 77.56879849}, "geometry": {"type": "Polygon", "coordinates": [[[77.56885958302, 28.5146175558286], [77.5687842004558, 28.5146384283581], [77.5687373850853, 28.5145065207054], [77.568812767569, 28.5144856482069], [77.56885958302, 28.5146175558286]]]}}, {"type": "Feature", "properties": {"source": "Google Open Buildings v3", "area_in_meters": 40.87, "confidence": 0.67, "plus_code": "7JWVGHFF+V88Q", "lat": 28.52466569, "lon": 77.57334042}, "geometry": {"type": "Polygon", "coordinates": [[[77.5733251358276, 28.5246293450775], [77.5733381521118, 28.524654182289], [77.5733717552361, 28.5246404461291], [77.5733904672917, 28.5246761517643], [77.5733255106788, 28.5247027044795], [77.5732937823609, 28.5246421616192], [77.5733251358276, 28.5246293450775]]]}}, {"type": "Feature", "properties": {"source": "Google Open Buildings v3", "area_in_meters": 45.7, "confidence": 0.8335, "plus_code": "7JWVGHF9+8PJ2", "lat": 28.52332727, "lon": 77.56925062}, "geometry": {"type": "Polygon", "coordinates": [[[77.5692462948256, 28.5232723554425], [77.5692921481392, 28.5233683334255], [77.5692549393928, 28.5233821995881], [77.5692090861027, 28.5232862215923], [77.5692462948256, 28.5232723554425]]]}}, {"type": "Feature", "properties": {"source": "Google Open Buildings v3", "area_in_meters": 448.71, "confidence": 0.772, "plus_code": "7JWVGHGG+GM9Q", "lat": 28.52629238, "lon": 77.57674432}, "geometry": {"type": "Polygon", "coordinates": [[[77.576905055949, 28.5262010159714], [77.5767569559688, 28.5263716159819], [77.5766847559784, 28.526454815987], [77.5766059559758, 28.5264015159925], [77.5766141559747, 28.526392015992], [77.5765883559738, 28.5263745159938], [77.5768042559454, 28.5261310159785], [77.576905055949, 28.5262010159714]]]}}, {"type": "Feature", "properties": {"source": "Google Open Buildings v3", "area_in_meters": 178.24, "confidence": 0.9078, "plus_code": "7JWVGHJJ+VH62", "lat": 28.53215211, "lon": 77.58137805}, "geometry": {"type": "Polygon", "coordinates": [[[77.5814676552984, 28.5321836919148], [77.5813367039109, 28.5322290969824], [77.5812884380027, 28.5321205330205], [77.5814193892842, 28.5320751280061], [77.5814676552984, 28.5321836919148]]]}}, {"type": "Feature", "properties": {"source": "Google Open Buildings v3", "area_in_meters": 16.52, "confidence": 0.6778, "plus_code": "7JWVGHJG+XQW6", "lat": 28.53248309, "lon": 77.57693996}, "geometry": {"type": "Polygon", "coordinates": [[[77.5769694408596, 28.5324817428092], [77.5769460915678, 28.5325085940427], [77.5769104668767, 28.5324844340557], [77.5769338161732, 28.532457582828], [77.5769694408596, 28.5324817428092]]]}}, {"type": "Feature", "properties": {"source": "Google Open Buildings v3", "area_in_meters": 34.2, "confidence": 0.6987, "plus_code": "7JWVGHFC+Q2HP", "lat": 28.52444451, "lon": 77.57011064}, "geometry": {"type": "Polygon", "coordinates": [[[77.5701241956506, 28.5244090086443], [77.5701485939724, 28.5244612397864], [77.5700970818267, 28.5244800088593], [77.5700726835247, 28.5244277777074], [77.5701241956506, 28.5244090086443]]]}}, {"type": "Feature", "properties": {"source": "Google Open Buildings v3", "area_in_meters": 7.64, "confidence": 0.7093, "plus_code": "7JWVGHM8+25MG", "lat": 28.53258767, "lon": 77.56542397}, "geometry": {"type": "Polygon", "coordinates": [[[77.5654409889651, 28.5325784451287], [77.565433687391, 28.5326030542218], [77.565406954669, 28.5325968683719], [77.5654142562491, 28.5325722592798], [77.5654409889651, 28.5325784451287]]]}}, {"type": "Feature", "properties": {"source": "Google Open Buildings v3", "area_in_meters": 19.37, "confidence": 0.7, "plus_code": "7JWVGHFF+7W26", "lat": 28.52313496, "lon": 77.5747536}, "geometry": {"type": "Polygon", "coordinates": [[[77.5747399446673, 28.523166661484], [77.5747190781765, 28.523149825368], [77.5747672468934, 28.5231032574922], [77.5747881133811, 28.5231200936014], [77.5747399446673, 28.523166661484]]]}}, {"type": "Feature", "properties": {"source": "Google Open Buildings v3", "area_in_meters": 18.07, "confidence": 0.793, "plus_code": "7JWVGHHH+Q9G3", "lat": 28.52942714, "lon": 77.57844761}, "geometry": {"type": "Polygon", "coordinates": [[[77.5784782769059, 28.5294352247219], [77.5784271718712, 28.5294488887697], [77.5784169480333, 28.5294190651709], [77.5784680530554, 28.5294054011278], [77.5784782769059, 28.5294352247219]]]}}, {"type": "Feature", "properties": {"source": "Google Open Buildings v3", "area_in_meters": 6.82, "confidence": 0.6574, "plus_code": "7JWVGHMG+49HX", "lat": 28.53282032, "lon": 77.57599895}, "geometry": {"type": "Polygon", "coordinates": [[[77.5760141811224, 28.532824476933], [77.5759774179547, 28.5328385019462], [77.5759955606428, 28.5328064914426], [77.5760137350574, 28.5328061465229], [77.5760141811224, 28.532824476933]]]}}, {"type": "Feature", "properties": {"source": "Google Open Buildings v3", "area_in_meters": 13.64, "confidence": 0.7244, "plus_code": "7JWVGH78+RFHJ", "lat": 28.51456707, "lon": 77.56622476}, "geometry": {"type": "Polygon", "coordinates": [[[77.5662261709335, 28.5145878899807], [77.5662043154126, 28.5145856067689], [77.5662091940414, 28.5145491735519], [77.5662553262949, 28.5145539929123], [77.5662261709335, 28.5145878899807]]]}}, {"type": "Feature", "properties": {"source": "Google Open Buildings v3", "area_in_meters": 1376.11, "confidence": 0.8592, "plus_code": "7JWVGHFC+Q4FW", "lat": 28.52444547, "lon": 77.57029962}, "geometry": {"type": "Polygon", "coordinates": [[[77.5705343966648, 28.5245662302403], [77.5702542086941, 28.5246689286477], [77.5702420669848, 28.5246430900821], [77.5702040182557, 28.5246570361733], [77.5701175147951, 28.5244729490514], [77.570155353023, 28.5244590801239], [77.5700717936265, 28.5242812576382], [77.5701122245489, 28.5242664383986], [77.5701271522922, 28.5242982061087], [77.5703671190558, 28.5242102501987], [77.5705343966648, 28.5245662302403]]]}}, {"type": "Feature", "properties": {"source": "Google Open Buildings v3", "area_in_meters": 175.36, "confidence": 0.8457, "plus_code": "7JWVGHFF+4C6W", "lat": 28.5227959, "lon": 77.57352192}, "geometry": {"type": "Polygon", "coordinates": [[[77.5734939889053, 28.5227319226975], [77.5735131525023, 28.5227135666675], [77.5736183348215, 28.5227992226436], [77.5735339599707, 28.5228800419007], [77.5734251996941, 28.5227914721376], [77.5734904109695, 28.5227290089754], [77.5734939889053, 28.5227319226975]]]}}, {"type": "Feature", "properties": {"source": "Google Open Buildings v3", "area_in_meters": 12.18, "confidence": 0.7525, "plus_code": "7JWVGHJH+PG5M", "lat": 28.53176852, "lon": 77.57885793}, "geometry": {"type": "Polygon", "coordinates": [[[77.5788673901028, 28.5317476902471], [77.5788794070387, 28.5317805329642], [77.578848497084, 28.5317893534975], [77.5788364801561, 28.5317565107773], [77.5788673901028, 28.5317476902471]]]}}, {"type": "Feature", "properties": {"source": "Google Open Buildings v3", "area_in_meters": 35.88, "confidence": 0.6745, "plus_code": "7JWVGHHJ+HVX9", "lat": 28.52898343, "lon": 77.58224256}, "geometry": {"type": "Polygon", "coordinates": [[[77.5822959657129, 28.5289564447306], [77.5822112104467, 28.529030191793], [77.5821891490698, 28.5290104166371], [77.582273904337, 28.5289366695891], [77.5822959657129, 28.5289564447306]]]}}, {"type": "Feature", "properties": {"source": "Google Open Buildings v3", "area_in_meters": 15.92, "confidence": 0.7173, "plus_code": "7JWVGHJH+8CFJ", "lat": 28.53081568, "lon": 77.57853426}, "geometry": {"type": "Polygon", "coordinates": [[[77.5785636191288, 28.530822616697], [77.5785401189549, 28.5308420210978], [77.5785048871819, 28.5308087432418], [77.5785283873559, 28.530789338847], [77.5785636191288, 28.530822616697]]]}}, {"type": "Feature", "properties": {"source": "Google Open Buildings v3", "area_in_meters": 67.04, "confidence": 0.8506, "plus_code": "7JWVGHJ7+HV4X", "lat": 28.53139605, "lon": 77.56471618}, "geometry": {"type": "Polygon", "coordinates": [[[77.5646950722815, 28.5313356791624], [77.5647782650994, 28.5314274412963], [77.5647372818761, 28.5314564196406], [77.5646540890666, 28.5313646574809], [77.5646950722815, 28.5313356791624]]]}}, {"type": "Feature", "properties": {"source": "Google Open Buildings v3", "area_in_meters": 20.31, "confidence": 0.7834, "plus_code": "7JWVGHJ8+H77H", "lat": 28.53141412, "lon": 77.5656842}, "geometry": {"type": "Polygon", "coordinates": [[[77.5657149597618, 28.5314238122413], [77.5656694842813, 28.531439867821], [77.5656534360801, 28.5314044172858], [77.5656989115488, 28.5313883617122], [77.5657149597618, 28.5314238122413]]]}}, {"type": "Feature", "properties": {"source": "Google Open Buildings v3", "area_in_meters": 12.44, "confidence": 0.6654, "plus_code": "7JWVGHF9+JR2V", "lat": 28.52402464, "lon": 77.56950913}, "geometry": {"type": "Polygon", "coordinates": [[[77.5695185915181, 28.5240024211431], [77.5695274937216, 28.5240419886364], [77.5694996508748, 28.524046874922], [77.5694907486809, 28.5240073074261], [77.5695185915181, 28.5240024211431]]]}}, {"type": "Feature", "properties": {"source": "Google Open Buildings v3", "area_in_meters": 17.74, "confidence": 0.668, "plus_code": "7JWVGHJJ+MJ7Q", "lat": 28.53166653, "lon": 77.581562}, "geometry": {"type": "Polygon", "coordinates": [[[77.5815902900789, 28.5316766490117], [77.5815470293687, 28.5316900317894], [77.5815336957871, 28.5316564164691], [77.5815769564859, 28.5316430336965], [77.5815902900789, 28.5316766490117]]]}}, {"type": "Feature", "properties": {"source": "Google Open Buildings v3", "area_in_meters": 28.24, "confidence": 0.6709, "plus_code": "7JWVGHJ8+FF9V", "lat": 28.53117082, "lon": 77.56622676}, "geometry": {"type": "Polygon", "coordinates": [[[77.5662629920368, 28.5311848761222], [77.5662241958167, 28.5312057039959], [77.5661905166118, 28.5311567764537], [77.5662293128227, 28.5311359485905], [77.5662629920368, 28.5311848761222]]]}}, {"type": "Feature", "properties": {"source": "Google Open Buildings v3", "area_in_meters": 134.81, "confidence": 0.808, "plus_code": "7JWVGHFC+H39P", "lat": 28.52391554, "lon": 77.57023651}, "geometry": {"type": "Polygon", "coordinates": [[[77.5702978149445, 28.5238580767454], [77.5702644753463, 28.5239905330308], [77.5701751983009, 28.5239730049003], [77.5702085380092, 28.5238405486298], [77.5702978149445, 28.5238580767454]]]}}, {"type": "Feature", "properties": {"source": "Google Open Buildings v3", "area_in_meters": 64.72, "confidence": 0.7585, "plus_code": "7JWVGHF9+8J5F", "lat": 28.52326326, "lon": 77.56910919}, "geometry": {"type": "Polygon", "coordinates": [[[77.5691094558675, 28.523202916454], [77.5691583558755, 28.5233051164505], [77.5691088558786, 28.523323616454], [77.5690600558706, 28.5232213164575], [77.5691094558675, 28.523202916454]]]}}, {"type": "Feature", "properties": {"source": "Google Open Buildings v3", "area_in_meters": 688.19, "confidence": 0.7961, "plus_code": "7JWVGHHF+9QV7", "lat": 28.52848356, "lon": 77.57441608}, "geometry": {"type": "Polygon", "coordinates": [[[77.5746769304577, 28.5284580850762], [77.5742084088015, 28.5286252751913], [77.5741552276638, 28.5285090371949], [77.5746237489194, 28.5283418472882], [77.5746769304577, 28.5284580850762]]]}}, {"type": "Feature", "properties": {"source": "Google Open Buildings v3", "area_in_meters": 85.12, "confidence": 0.9042, "plus_code": "7JWVGHGH+P86P", "lat": 28.52679109, "lon": 77.5782711}, "geometry": {"type": "Polygon", "coordinates": [[[77.5783250292695, 28.5268363650566], [77.5782622934213, 28.52685634023], [77.5782171723186, 28.5267458080602], [77.5782799081139, 28.5267258329107], [77.5783250292695, 28.5268363650566]]]}}, {"type": "Feature", "properties": {"source": "Google Open Buildings v3", "area_in_meters": 20.55, "confidence": 0.7401, "plus_code": "7JWVGHF9+PVXV", "lat": 28.52437257, "lon": 77.56972918}, "geometry": {"type": "Polygon", "coordinates": [[[77.569760852025, 28.5243815256148], [77.5697114288582, 28.5243974151168], [77.5696974979606, 28.5243636161692], [77.5697469211146, 28.5243477266729], [77.569760852025, 28.5243815256148]]]}}, {"type": "Feature", "properties": {"source": "Google Open Buildings v3", "area_in_meters": 253.85, "confidence": 0.9223, "plus_code": "7JWVGHJ8+X9H8", "lat": 28.53243449, "lon": 77.56599196}, "geometry": {"type": "Polygon", "coordinates": [[[77.5660372250892, 28.5323884155549], [77.5660551825022, 28.5323789929406], [77.5661078641667, 28.5324572941038], [77.5659655937342, 28.5325319461713], [77.5658797247716, 28.5324043181581], [77.5660040376999, 28.5323390887962], [77.5660372250892, 28.5323884155549]]]}}, {"type": "Feature", "properties": {"source": "Google Open Buildings v3", "area_in_meters": 617.2, "confidence": 0.8451, "plus_code": "7JWVGHFC+X728", "lat": 28.52488341, "lon": 77.5706428}, "geometry": {"type": "Polygon", "coordinates": [[[77.5708187559899, 28.5248767163767], [77.5707108559993, 28.5249458163843], [77.5707278560007, 28.5249664163831], [77.5706053560113, 28.5250450163918], [77.5704646559997, 28.5248738164017], [77.5706949559796, 28.5247261163854], [77.5708187559899, 28.5248767163767]]]}}, {"type": "Feature", "properties": {"source": "Google Open Buildings v3", "area_in_meters": 132.15, "confidence": 0.8161, "plus_code": "7JWVGHJ8+HRV5", "lat": 28.5314787, "lon": 77.56705489}, "geometry": {"type": "Polygon", "coordinates": [[[77.5671362865011, 28.5314946786384], [77.5670258285829, 28.5315477180232], [77.5669734934055, 28.5314627145102], [77.5670839512681, 28.5314096751714], [77.5671362865011, 28.5314946786384]]]}}, {"type": "Feature", "properties": {"source": "Google Open Buildings v3", "area_in_meters": 35.66, "confidence": 0.729, "plus_code": "7JWVGHMC+82QG", "lat": 28.53333989, "lon": 77.57011638}, "geometry": {"type": "Polygon", "coordinates": [[[77.5701555865092, 28.5333594696332], [77.5701117435242, 28.5333794514318], [77.5700771868545, 28.5333203188982], [77.5701210298233, 28.5333003371119], [77.5701555865092, 28.5333594696332]]]}}, {"type": "Feature", "properties": {"source": "Google Open Buildings v3", "area_in_meters": 19.05, "confidence": 0.6801, "plus_code": "7JWVGHJ8+W494", "lat": 28.53227705, "lon": 77.56536143}, "geometry": {"type": "Polygon", "coordinates": [[[77.5653904523272, 28.5322879040999], [77.565349436302, 28.5323027856006], [77.5653324178961, 28.5322662039212], [77.5653734339103, 28.5322513224263], [77.5653904523272, 28.5322879040999]]]}}, {"type": "Feature", "properties": {"source": "Google Open Buildings v3", "area_in_meters": 21.07, "confidence": 0.807, "plus_code": "7JWVGHH9+G426", "lat": 28.52875777, "lon": 77.56775313}, "geometry": {"type": "Polygon", "coordinates": [[[77.5677706283572, 28.5287329050506], [77.5677820490325, 28.5287720959927], [77.5677356385742, 28.5287826444432], [77.5677242179143, 28.5287434534963], [77.5677706283572, 28.5287329050506]]]}}, {"type": "Feature", "properties": {"source": "Google Open Buildings v3", "area_in_meters": 595.43, "confidence": 0.8525, "plus_code": "7JWVGHFC+VCRM", "lat": 28.52474127, "lon": 77.57100864}, "geometry": {"type": "Polygon", "coordinates": [[[77.5712162559691, 28.5247949163434], [77.5710728559744, 28.5248082163535], [77.5710717559736, 28.5247990163536], [77.5708047559834, 28.5248238163725], [77.5707917559738, 28.5247148163734], [77.5708305559723, 28.5247112163707], [77.5708278559704, 28.5246893163709], [77.5711995559567, 28.5246547163446], [77.5712162559691, 28.5247949163434]]]}}, {"type": "Feature", "properties": {"source": "Google Open Buildings v3", "area_in_meters": 12.51, "confidence": 0.6805, "plus_code": "7JWVGHJ7+XX84", "lat": 28.53240026, "lon": 77.56496019}, "geometry": {"type": "Polygon", "coordinates": [[[77.5649835526373, 28.5324097366113], [77.5649457726215, 28.5324190661118], [77.5649368183093, 28.5323907865343], [77.5649745983171, 28.5323814570364], [77.5649835526373, 28.5324097366113]]]}}, {"type": "Feature", "properties": {"source": "Google Open Buildings v3", "area_in_meters": 137.0, "confidence": 0.8129, "plus_code": "7JWVGHM9+54VQ", "lat": 28.53299467, "lon": 77.56780876}, "geometry": {"type": "Polygon", "coordinates": [[[77.5678908569167, 28.5330130168299], [77.5677959569245, 28.5330686168366], [77.567726656918, 28.5329763168415], [77.5677674569147, 28.5329524168387], [77.5678215569102, 28.5329207168348], [77.5678908569167, 28.5330130168299]]]}}, {"type": "Feature", "properties": {"source": "Google Open Buildings v3", "area_in_meters": 53.4, "confidence": 0.6691, "plus_code": "7JWVGHMC+83GJ", "lat": 28.53331739, "lon": 77.57019098}, "geometry": {"type": "Polygon", "coordinates": [[[77.5702503154187, 28.5333162960857], [77.5701555865088, 28.5333594696323], [77.5701316365685, 28.5333184871127], [77.5702263654546, 28.5332753135849], [77.5702503154187, 28.5333162960857]]]}}, {"type": "Feature", "properties": {"source": "Google Open Buildings v3", "area_in_meters": 250.69, "confidence": 0.9305, "plus_code": "7JWVGHHG+9G72", "lat": 28.52840495, "lon": 77.57628339}, "geometry": {"type": "Polygon", "coordinates": [[[77.5762948582293, 28.528256284454], [77.5763504643736, 28.5285416774545], [77.5762719291532, 28.528553612205], [77.576216323207, 28.5282682191595], [77.5762948582293, 28.528256284454]]]}}, {"type": "Feature", "properties": {"source": "Google Open Buildings v3", "area_in_meters": 98.05, "confidence": 0.9309, "plus_code": "7JWVGH87+7MJ4", "lat": 28.51570018, "lon": 77.56414621}, "geometry": {"type": "Polygon", "coordinates": [[[77.5642171187161, 28.51570967904], [77.5641274038085, 28.5157613046172], [77.5640753120678, 28.5156906818723], [77.5641650269468, 28.5156390563312], [77.5642171187161, 28.51570967904]]]}}, {"type": "Feature", "properties": {"source": "Google Open Buildings v3", "area_in_meters": 11.28, "confidence": 0.7489, "plus_code": "7JWVGHF9+9P86", "lat": 28.52340533, "lon": 77.56931729}, "geometry": {"type": "Polygon", "coordinates": [[[77.5693289004185, 28.5233861893248], [77.5693356775054, 28.5234197394959], [77.5693056906935, 28.5234244643666], [77.5692989136154, 28.5233909141934], [77.5693289004185, 28.5233861893248]]]}}, {"type": "Feature", "properties": {"source": "Google Open Buildings v3", "area_in_meters": 167.56, "confidence": 0.8567, "plus_code": "7JWVGHJ8+4PJ7", "lat": 28.53033428, "lon": 77.56676392}, "geometry": {"type": "Polygon", "coordinates": [[[77.566866538963, 28.5303225542116], [77.5667153815091, 28.5304149847451], [77.5666613005726, 28.5303460064171], [77.5668124579849, 28.5302535759465], [77.566866538963, 28.5303225542116]]]}}, {"type": "Feature", "properties": {"source": "Google Open Buildings v3", "area_in_meters": 5.51, "confidence": 0.7105, "plus_code": "7JWVGHHC+QM8W", "lat": 28.52942303, "lon": 77.57171044}, "geometry": {"type": "Polygon", "coordinates": [[[77.5717196781104, 28.5294057883243], [77.5717152224738, 28.5294416189901], [77.5717012316814, 28.5294402620557], [77.5717056873226, 28.52940443139], [77.5717196781104, 28.5294057883243]]]}}, {"type": "Feature", "properties": {"source": "Google Open Buildings v3", "area_in_meters": 153.98, "confidence": 0.8519, "plus_code": "7JWVGHHJ+9V73", "lat": 28.52840253, "lon": 77.58216941}, "geometry": {"type": "Polygon", "coordinates": [[[77.5822583449417, 28.5284139421059], [77.5821666921887, 28.5284818684162], [77.5820804599905, 28.5283911182848], [77.5821721127296, 28.5283231920331], [77.5822583449417, 28.5284139421059]]]}}, {"type": "Feature", "properties": {"source": "Google Open Buildings v3", "area_in_meters": 147.19, "confidence": 0.8273, "plus_code": "7JWVGH78+W625", "lat": 28.51475026, "lon": 77.56552691}, "geometry": {"type": "Polygon", "coordinates": [[[77.565437181836, 28.5146308209698], [77.5656521132792, 28.5148414525219], [77.5656166234335, 28.5148697055242], [77.5654016919948, 28.5146590739162], [77.565437181836, 28.5146308209698]]]}}, {"type": "Feature", "properties": {"source": "Google Open Buildings v3", "area_in_meters": 5.89, "confidence": 0.7284, "plus_code": "7JWVGHC9+WH8F", "lat": 28.52228778, "lon": 77.56894719}, "geometry": {"type": "Polygon", "coordinates": [[[77.5689609379749, 28.5222781220105], [77.5689593109105, 28.5222990087313], [77.568933485185, 28.522297439422], [77.5689351122545, 28.5222765527013], [77.5689609379749, 28.5222781220105]]]}}, {"type": "Feature", "properties": {"source": "Google Open Buildings v3", "area_in_meters": 70.18, "confidence": 0.7992, "plus_code": "7JWVGHFF+8PHG", "lat": 28.52331281, "lon": 77.57436371}, "geometry": {"type": "Polygon", "coordinates": [[[77.5743589562319, 28.5233742644572], [77.5743082535362, 28.523350164544], [77.5743684597114, 28.5232513618458], [77.5744191623692, 28.5232754617389], [77.5743589562319, 28.5233742644572]]]}}, {"type": "Feature", "properties": {"source": "Google Open Buildings v3", "area_in_meters": 270.1, "confidence": 0.9409, "plus_code": "7JWVGHJH+C3JH", "lat": 28.53108529, "lon": 77.57765258}, "geometry": {"type": "Polygon", "coordinates": [[[77.5777720393261, 28.5310712951049], [77.577638654621, 28.5311909931821], [77.5775331275053, 28.5310992801629], [77.5776665122315, 28.5309795821878], [77.5777720393261, 28.5310712951049]]]}}, {"type": "Feature", "properties": {"source": "Google Open Buildings v3", "area_in_meters": 155.75, "confidence": 0.7911, "plus_code": "7JWVGHHH+W88P", "lat": 28.52979365, "lon": 77.57832923}, "geometry": {"type": "Polygon", "coordinates": [[[77.5784061189928, 28.5298731997026], [77.5783397956167, 28.5298978196915], [77.5782523522949, 28.5297140963929], [77.5783186755831, 28.5296894764523], [77.5784061189928, 28.5298731997026]]]}}, {"type": "Feature", "properties": {"source": "Google Open Buildings v3", "area_in_meters": 400.25, "confidence": 0.9401, "plus_code": "7JWVGHMH+4MHJ", "lat": 28.53281764, "lon": 77.57921981}, "geometry": {"type": "Polygon", "coordinates": [[[77.5792095524935, 28.5329877556595], [77.5791033258274, 28.5329534328583], [77.5792300679232, 28.5326475153471], [77.5793362943071, 28.5326818380667], [77.5792095524935, 28.5329877556595]]]}}, {"type": "Feature", "properties": {"source": "Google Open Buildings v3", "area_in_meters": 15.88, "confidence": 0.7403, "plus_code": "7JWVGHHH+G4VQ", "lat": 28.52886554, "lon": 77.57780741}, "geometry": {"type": "Polygon", "coordinates": [[[77.5778167460807, 28.5288400377512], [77.577829249663, 28.5288841509138], [77.5777980659296, 28.5288910447397], [77.577785562359, 28.5288469315735], [77.5778167460807, 28.5288400377512]]]}}, {"type": "Feature", "properties": {"source": "Google Open Buildings v3", "area_in_meters": 70.88, "confidence": 0.6933, "plus_code": "7JWVGHHG+HMGG", "lat": 28.52893933, "lon": 77.57670733}, "geometry": {"type": "Polygon", "coordinates": [[[77.5766911885053, 28.5288859368146], [77.5767015727704, 28.5288815150068], [77.5767640388127, 28.5289959306124], [77.5767234338457, 28.5290132209423], [77.5766492617008, 28.5288773637875], [77.5766794823668, 28.5288644952892], [77.5766911885053, 28.5288859368146]]]}}, {"type": "Feature", "properties": {"source": "Google Open Buildings v3", "area_in_meters": 337.72, "confidence": 0.8997, "plus_code": "7JWVGHJ8+V2JW", "lat": 28.5322236, "lon": 77.56501837}, "geometry": {"type": "Polygon", "coordinates": [[[77.5651466715311, 28.5322025540531], [77.5650797802951, 28.5322399757359], [77.5651069786407, 28.5322778920893], [77.5650351046991, 28.5323181012442], [77.5650079063667, 28.5322801848755], [77.5649643555345, 28.5323045489143], [77.5650076054746, 28.5323648423564], [77.5649934042582, 28.5323727870694], [77.5648822421673, 28.5322178191317], [77.5650787592865, 28.5321078796655], [77.5651466715311, 28.5322025540531]]]}}, {"type": "Feature", "properties": {"source": "Google Open Buildings v3", "area_in_meters": 1387.58, "confidence": 0.9318, "plus_code": "7JWVGHM9+47F4", "lat": 28.53280227, "lon": 77.56817463}, "geometry": {"type": "Polygon", "coordinates": [[[77.5679323242261, 28.5323737849198], [77.5685287998852, 28.5331649870208], [77.5684169340227, 28.5332307583908], [77.5678204587389, 28.5324395557804], [77.5679323242261, 28.5323737849198]]]}}, {"type": "Feature", "properties": {"source": "Google Open Buildings v3", "area_in_meters": 86.86, "confidence": 0.8074, "plus_code": "7JWVGHGG+FM47", "lat": 28.52613466, "lon": 77.57669563}, "geometry": {"type": "Polygon", "coordinates": [[[77.576684721581, 28.5261974249411], [77.5766281300855, 28.5261565502778], [77.576706527529, 28.5260718884382], [77.5767631190039, 28.5261127630704], [77.576684721581, 28.5261974249411]]]}}, {"type": "Feature", "properties": {"source": "Google Open Buildings v3", "area_in_meters": 291.12, "confidence": 0.8605, "plus_code": "7JWVGHF9+9WG7", "lat": 28.52343335, "lon": 77.56982082}, "geometry": {"type": "Polygon", "coordinates": [[[77.5699661276181, 28.523433416024], [77.569749264246, 28.5235104618459], [77.5697591154096, 28.5235320908495], [77.5697315118151, 28.5235418976453], [77.5696797999644, 28.5234283600325], [77.5699242667617, 28.5233415075047], [77.5699661276181, 28.523433416024]]]}}, {"type": "Feature", "properties": {"source": "Google Open Buildings v3", "area_in_meters": 16.91, "confidence": 0.681, "plus_code": "7JWVGHC9+VC79", "lat": 28.52215528, "lon": 77.56855472}, "geometry": {"type": "Polygon", "coordinates": [[[77.5685849866985, 28.5221625631595], [77.5685339047773, 28.5221760061284], [77.5685244637008, 28.5221480217378], [77.5685755456102, 28.5221345787731], [77.5685849866985, 28.5221625631595]]]}}, {"type": "Feature", "properties": {"source": "Google Open Buildings v3", "area_in_meters": 127.91, "confidence": 0.8636, "plus_code": "7JWVGHHC+PPG6", "lat": 28.52930857, "lon": 77.57181553}, "geometry": {"type": "Polygon", "coordinates": [[[77.571867874025, 28.5292321115371], [77.5718322008416, 28.529396693477], [77.5717631836474, 28.529385025919], [77.5717988569374, 28.5292204439903], [77.571867874025, 28.5292321115371]]]}}, {"type": "Feature", "properties": {"source": "Google Open Buildings v3", "area_in_meters": 58.34, "confidence": 0.8275, "plus_code": "7JWVGHJ8+P2C6", "lat": 28.53180754, "lon": 77.56500677}, "geometry": {"type": "Polygon", "coordinates": [[[77.5650140616058, 28.5317485025064], [77.5650463173247, 28.5318555693922], [77.5649994735684, 28.5318665757763], [77.5649672178918, 28.5317595088768], [77.5650140616058, 28.5317485025064]]]}}, {"type": "Feature", "properties": {"source": "Google Open Buildings v3", "area_in_meters": 148.31, "confidence": 0.7489, "plus_code": "7JWVGHGG+CJW7", "lat": 28.52610664, "lon": 77.57657112}, "geometry": {"type": "Polygon", "coordinates": [[[77.5766596141356, 28.52607086603], [77.5765532022669, 28.5261910013928], [77.5764826312657, 28.5261426356959], [77.5765889876522, 28.5260222128619], [77.5766596141356, 28.52607086603]]]}}, {"type": "Feature", "properties": {"source": "Google Open Buildings v3", "area_in_meters": 119.32, "confidence": 0.8991, "plus_code": "7JWVGHF9+2H6W", "lat": 28.52254792, "lon": 77.5688961}, "geometry": {"type": "Polygon", "coordinates": [[[77.5689643033825, 28.5225904772023], [77.5688839973364, 28.5226208982602], [77.56882789618, 28.5225053762109], [77.5689082021597, 28.5224749551907], [77.5689643033825, 28.5225904772023]]]}}, {"type": "Feature", "properties": {"source": "Google Open Buildings v3", "area_in_meters": 20.16, "confidence": 0.7038, "plus_code": "7JWVGH9G+75X6", "lat": 28.51823229, "lon": 77.57547652}, "geometry": {"type": "Polygon", "coordinates": [[[77.5754970917929, 28.5182110936984], [77.5754954271032, 28.5182600328235], [77.5754766694766, 28.5182595350744], [77.5754520063153, 28.5182344342787], [77.5754528402107, 28.5182099194406], [77.5754970917929, 28.5182110936984]]]}}, {"type": "Feature", "properties": {"source": "Google Open Buildings v3", "area_in_meters": 7.46, "confidence": 0.6604, "plus_code": "7JWVGH79+XQJH", "lat": 28.51496066, "lon": 77.56940567}, "geometry": {"type": "Polygon", "coordinates": [[[77.5694203796112, 28.5149490213493], [77.5694175728006, 28.5149745864329], [77.5693909468385, 28.5149723058093], [77.569393753656, 28.5149467407259], [77.5694203796112, 28.5149490213493]]]}}, {"type": "Feature", "properties": {"source": "Google Open Buildings v3", "area_in_meters": 48.07, "confidence": 0.8269, "plus_code": "7JWVGHF9+7M3V", "lat": 28.52314687, "lon": 77.56916443}, "geometry": {"type": "Polygon", "coordinates": [[[77.5691589223694, 28.5230894709799], [77.569207148898, 28.5231904168761], [77.569169940195, 28.5232042830145], [77.5691217136907, 28.5231033371039], [77.5691589223694, 28.5230894709799]]]}}, {"type": "Feature", "properties": {"source": "Google Open Buildings v3", "area_in_meters": 12.03, "confidence": 0.6696, "plus_code": "7JWVGHMC+9WR2", "lat": 28.53347673, "lon": 77.57225095}, "geometry": {"type": "Polygon", "coordinates": [[[77.5722757645665, 28.5334797060926], [77.5722473139032, 28.5334986092277], [77.572226138263, 28.5334737537028], [77.5722545889241, 28.5334548505723], [77.5722757645665, 28.5334797060926]]]}}, {"type": "Feature", "properties": {"source": "Google Open Buildings v3", "area_in_meters": 6.29, "confidence": 0.6597, "plus_code": "7JWVGHJJ+Q39V", "lat": 28.53192169, "lon": 77.58023158}, "geometry": {"type": "Polygon", "coordinates": [[[77.5802476629237, 28.5319137553793], [77.5802443538422, 28.5319333991138], [77.5802155088283, 28.5319296094981], [77.5802188179151, 28.5319099657637], [77.5802476629237, 28.5319137553793]]]}}, {"type": "Feature", "properties": {"source": "Google Open Buildings v3", "area_in_meters": 214.38, "confidence": 0.8052, "plus_code": "7JWVGHHF+9V57", "lat": 28.52838131, "lon": 77.57473104}, "geometry": {"type": "Polygon", "coordinates": [[[77.5748335847793, 28.5284093158863], [77.5746753013124, 28.5284623101139], [77.5746285065364, 28.5283532978577], [77.5747867898725, 28.5283003036927], [77.5748335847793, 28.5284093158863]]]}}, {"type": "Feature", "properties": {"source": "Google Open Buildings v3", "area_in_meters": 72.68, "confidence": 0.6549, "plus_code": "7JWVGHFF+7349", "lat": 28.5231313, "lon": 77.5727158}, "geometry": {"type": "Polygon", "coordinates": [[[77.572764917462, 28.5230977182233], [77.57276243243, 28.5231675270282], [77.572666690071, 28.5231648684767], [77.572669175167, 28.5230950596698], [77.572764917462, 28.5230977182233]]]}}, {"type": "Feature", "properties": {"source": "Google Open Buildings v3", "area_in_meters": 82.42, "confidence": 0.7523, "plus_code": "7JWVGHGG+CWCP", "lat": 28.52606639, "lon": 77.57726604}, "geometry": {"type": "Polygon", "coordinates": [[[77.5772876819512, 28.5260215821271], [77.5772848406691, 28.526045891812], [77.5773214660704, 28.5260492307353], [77.5773143333326, 28.526110257772], [77.5772159278922, 28.5261012867045], [77.5772259019834, 28.5260159499847], [77.5772876819512, 28.5260215821271]]]}}, {"type": "Feature", "properties": {"source": "Google Open Buildings v3", "area_in_meters": 1712.74, "confidence": 0.7699, "plus_code": "7JWVGHHH+QH69", "lat": 28.52940944, "lon": 77.57890017}, "geometry": {"type": "Polygon", "coordinates": [[[77.5789491013036, 28.5292908450304], [77.5790528503978, 28.529254283465], [77.5791118385896, 28.5293848362863], [77.5790739131546, 28.5293982013682], [77.5791024580064, 28.529461376819], [77.579140383459, 28.5294480117284], [77.5791920980031, 28.5295624660141], [77.5789284942327, 28.5296553608568], [77.5788767799118, 28.5295409064565], [77.5787549697593, 28.5295838325187], [77.5787006773887, 28.5294636717522], [77.578744330162, 28.5294482884783], [77.5787110900001, 28.5293747207101], [77.5786678936283, 28.529389943144], [77.5786087930466, 28.5292591401798], [77.5788900004495, 28.5291600422054], [77.5789491013036, 28.5292908450304]]]}}, {"type": "Feature", "properties": {"source": "Google Open Buildings v3", "area_in_meters": 52.73, "confidence": 0.6566, "plus_code": "7JWVGHGG+8WWH", "lat": 28.52586495, "lon": 77.57733937}, "geometry": {"type": "Polygon", "coordinates": [[[77.5773757134713, 28.5258225525492], [77.5773664378997, 28.5259037615757], [77.577289234994, 28.5258968835713], [77.5772926597811, 28.5258668992463], [77.5773212528362, 28.525869446607], [77.5773271036664, 28.525818221906], [77.5773757134713, 28.5258225525492]]]}}, {"type": "Feature", "properties": {"source": "Google Open Buildings v3", "area_in_meters": 87.28, "confidence": 0.7822, "plus_code": "7JWVGHGG+GVC9", "lat": 28.52630566, "lon": 77.57715621}, "geometry": {"type": "Polygon", "coordinates": [[[77.5771982150599, 28.5262528346574], [77.5771851114619, 28.5263649465875], [77.5771142036136, 28.5263584822864], [77.5771273072872, 28.5262463703583], [77.5771982150599, 28.5262528346574]]]}}, {"type": "Feature", "properties": {"source": "Google Open Buildings v3", "area_in_meters": 26.78, "confidence": 0.7835, "plus_code": "7JWVGHHH+6R5W", "lat": 28.5280228, "lon": 77.57961246}, "geometry": {"type": "Polygon", "coordinates": [[[77.5796384717114, 28.5280512008019], [77.5796012713458, 28.5280579728169], [77.5795864355744, 28.5279944085651], [77.5796236359192, 28.5279876365553], [77.5796384717114, 28.5280512008019]]]}}, {"type": "Feature", "properties": {"source": "Google Open Buildings v3", "area_in_meters": 95.09, "confidence": 0.8041, "plus_code": "7JWVGHJH+GR94", "lat": 28.53127785, "lon": 77.57961529}, "geometry": {"type": "Polygon", "coordinates": [[[77.5796855373353, 28.5312849806256], [77.5795980715713, 28.5313384051225], [77.5795450539556, 28.5312707089392], [77.5796325196958, 28.5312172844777], [77.5796855373353, 28.5312849806256]]]}}, {"type": "Feature", "properties": {"source": "Google Open Buildings v3", "area_in_meters": 22.8, "confidence": 0.6808, "plus_code": "7JWVGH7C+M4J5", "lat": 28.51420483, "lon": 77.57027426}, "geometry": {"type": "Polygon", "coordinates": [[[77.5703044051169, 28.5142270958417], [77.5702741243093, 28.5142395406467], [77.5702441165759, 28.5141825765951], [77.570274397372, 28.5141701317974], [77.5703044051169, 28.5142270958417]]]}}, {"type": "Feature", "properties": {"source": "Google Open Buildings v3", "area_in_meters": 70.0, "confidence": 0.891, "plus_code": "7JWVGHC9+5W24", "lat": 28.52037852, "lon": 77.56976943}, "geometry": {"type": "Polygon", "coordinates": [[[77.569820301245, 28.5204113536842], [77.5697553625522, 28.5204327712925], [77.5697185475913, 28.5203456961771], [77.569783486241, 28.5203242785889], [77.569820301245, 28.5204113536842]]]}}, {"type": "Feature", "properties": {"source": "Google Open Buildings v3", "area_in_meters": 49.61, "confidence": 0.7291, "plus_code": "7JWVGHJH+QR6M", "lat": 28.53191702, "lon": 77.57950853}, "geometry": {"type": "Polygon", "coordinates": [[[77.5795610111932, 28.5319142174666], [77.5794929455589, 28.5319613688499], [77.5794560524719, 28.531919833356], [77.5795241180988, 28.5318726819913], [77.5795610111932, 28.5319142174666]]]}}, {"type": "Feature", "properties": {"source": "Google Open Buildings v3", "area_in_meters": 24.06, "confidence": 0.8212, "plus_code": "7JWVGHJJ+396C", "lat": 28.53016284, "lon": 77.58088224}, "geometry": {"type": "Polygon", "coordinates": [[[77.5809158609033, 28.5301726795066], [77.5808701053826, 28.5301922243023], [77.5808486198493, 28.5301529946886], [77.5808943753583, 28.5301334499009], [77.5809158609033, 28.5301726795066]]]}}, {"type": "Feature", "properties": {"source": "Google Open Buildings v3", "area_in_meters": 117.41, "confidence": 0.8416, "plus_code": "7JWVGHCC+9F69", "lat": 28.52090956, "lon": 77.57115197}, "geometry": {"type": "Polygon", "coordinates": [[[77.5712551583311, 28.520909624643], [77.5710952125901, 28.5209661939391], [77.5710529894292, 28.5208730668638], [77.5710827975859, 28.5208625243951], [77.571102241634, 28.5209054100311], [77.5712323791459, 28.5208593832392], [77.5712551583311, 28.520909624643]]]}}, {"type": "Feature", "properties": {"source": "Google Open Buildings v3", "area_in_meters": 230.18, "confidence": 0.9001, "plus_code": "7JWVGHMH+4HMG", "lat": 28.5328378, "lon": 77.57892509}, "geometry": {"type": "Polygon", "coordinates": [[[77.5788257009068, 28.532951179537], [77.5787781627378, 28.5328988056425], [77.5790244891622, 28.5327244355284], [77.5790720273609, 28.5327768093356], [77.5788257009068, 28.532951179537]]]}}, {"type": "Feature", "properties": {"source": "Google Open Buildings v3", "area_in_meters": 44.18, "confidence": 0.8248, "plus_code": "7JWVGHGG+HMV4", "lat": 28.52647511, "lon": 77.57667578}, "geometry": {"type": "Polygon", "coordinates": [[[77.5767257911297, 28.526476665572], [77.576693824922, 28.5265163332236], [77.5766257647599, 28.526473553906], [77.5766577309827, 28.5264338862694], [77.5767257911297, 28.526476665572]]]}}, {"type": "Feature", "properties": {"source": "Google Open Buildings v3", "area_in_meters": 12.59, "confidence": 0.6504, "plus_code": "7JWVGHFG+84MX", "lat": 28.52334934, "lon": 77.57530824}, "geometry": {"type": "Polygon", "coordinates": [[[77.5753345160138, 28.5233419287029], [77.5753287657823, 28.5233655967545], [77.575281957051, 28.5233567259675], [77.5752877072926, 28.5233330579172], [77.5753345160138, 28.5233419287029]]]}}, {"type": "Feature", "properties": {"source": "Google Open Buildings v3", "area_in_meters": 185.02, "confidence": 0.8069, "plus_code": "7JWVGHJH+959G", "lat": 28.5309135, "lon": 77.57799119}, "geometry": {"type": "Polygon", "coordinates": [[[77.5780906980334, 28.5308939682824], [77.577974637007, 28.5310023293077], [77.5778916762182, 28.5309330289314], [77.5780077372654, 28.5308246679756], [77.5780906980334, 28.5308939682824]]]}}, {"type": "Feature", "properties": {"source": "Google Open Buildings v3", "area_in_meters": 8.64, "confidence": 0.7479, "plus_code": "7JWVGHC9+WH89", "lat": 28.52228429, "lon": 77.56896459}, "geometry": {"type": "Polygon", "coordinates": [[[77.5689804706238, 28.5222781799449], [77.5689784166772, 28.5222996876941], [77.5689502269704, 28.5222975877573], [77.5689535231996, 28.5222630716329], [77.5689804706238, 28.5222781799449]]]}}, {"type": "Feature", "properties": {"source": "Google Open Buildings v3", "area_in_meters": 51.85, "confidence": 0.7139, "plus_code": "7JWVGHHH+VJP2", "lat": 28.52970024, "lon": 77.57906743}, "geometry": {"type": "Polygon", "coordinates": [[[77.5791119249915, 28.5297276015577], [77.579056481211, 28.5297471401221], [77.5790229285202, 28.5296728814777], [77.57907837227, 28.5296533429289], [77.5791119249915, 28.5297276015577]]]}}, {"type": "Feature", "properties": {"source": "Google Open Buildings v3", "area_in_meters": 16.05, "confidence": 0.6839, "plus_code": "7JWVGHJJ+2CMX", "lat": 28.53009716, "lon": 77.58105887}, "geometry": {"type": "Polygon", "coordinates": [[[77.5810872378493, 28.5301031944834], [77.5810574657294, 28.5301229042995], [77.5810304940639, 28.5300911289058], [77.581060266181, 28.5300714190958], [77.5810872378493, 28.5301031944834]]]}}, {"type": "Feature", "properties": {"source": "Google Open Buildings v3", "area_in_meters": 120.1, "confidence": 0.7424, "plus_code": "7JWVGHJ8+8537", "lat": 28.53075652, "lon": 77.56541549}, "geometry": {"type": "Polygon", "coordinates": [[[77.5655158218616, 28.5307292660179], [77.5653504601906, 28.5308292799919], [77.5653151662236, 28.530783768037], [77.5654805278647, 28.5306837541091], [77.5655158218616, 28.5307292660179]]]}}, {"type": "Feature", "properties": {"source": "Google Open Buildings v3", "area_in_meters": 47.24, "confidence": 0.8739, "plus_code": "7JWVGHJJ+FF8G", "lat": 28.53116497, "lon": 77.58120851}, "geometry": {"type": "Polygon", "coordinates": [[[77.5812606781602, 28.5311566937455], [77.5811916249292, 28.5312093345912], [77.5811563512646, 28.5311732469163], [77.5812254044926, 28.5311206060887], [77.5812606781602, 28.5311566937455]]]}}, {"type": "Feature", "properties": {"source": "Google Open Buildings v3", "area_in_meters": 10.56, "confidence": 0.7331, "plus_code": "7JWVGHGH+95JQ", "lat": 28.52596754, "lon": 77.57790145}, "geometry": {"type": "Polygon", "coordinates": [[[77.5779166328284, 28.5259512134386], [77.5779151255324, 28.5259848798191], [77.5778862858479, 28.5259838726922], [77.5778877931529, 28.5259502063117], [77.5779166328284, 28.5259512134386]]]}}, {"type": "Feature", "properties": {"source": "Google Open Buildings v3", "area_in_meters": 50.77, "confidence": 0.7042, "plus_code": "7JWVGHM8+2932", "lat": 28.53250432, "lon": 77.56590746}, "geometry": {"type": "Polygon", "coordinates": [[[77.5659562674626, 28.5325307377241], [77.5659120996641, 28.5325547107256], [77.5658586481662, 28.5324779075357], [77.5659028159477, 28.5324539345535], [77.5659562674626, 28.5325307377241]]]}}, {"type": "Feature", "properties": {"source": "Google Open Buildings v3", "area_in_meters": 82.61, "confidence": 0.8256, "plus_code": "7JWVGH7C+P5FM", "lat": 28.51431607, "lon": 77.57042034}, "geometry": {"type": "Polygon", "coordinates": [[[77.5705095728579, 28.5142968740783], [77.5703546961856, 28.5143728037348], [77.5703311103627, 28.5143352707281], [77.5704859870006, 28.5142593410994], [77.5705095728579, 28.5142968740783]]]}}, {"type": "Feature", "properties": {"source": "Google Open Buildings v3", "area_in_meters": 51.37, "confidence": 0.7702, "plus_code": "7JWVGHC9+7X8F", "lat": 28.52066154, "lon": 77.56995292}, "geometry": {"type": "Polygon", "coordinates": [[[77.5699508312456, 28.5206042838725], [77.5699957747028, 28.5207045528358], [77.5699550018846, 28.5207188090759], [77.5699100584577, 28.5206185400971], [77.5699508312456, 28.5206042838725]]]}}, {"type": "Feature", "properties": {"source": "Google Open Buildings v3", "area_in_meters": 70.9, "confidence": 0.7875, "plus_code": "7JWVGHHH+6JQF", "lat": 28.52808602, "lon": 77.57910721}, "geometry": {"type": "Polygon", "coordinates": [[[77.5791586601038, 28.5281172906217], [77.5790901455953, 28.5281390785484], [77.5790557618795, 28.528054746536], [77.5791242763433, 28.5280329586295], [77.5791586601038, 28.5281172906217]]]}}, {"type": "Feature", "properties": {"source": "Google Open Buildings v3", "area_in_meters": 21.8, "confidence": 0.6549, "plus_code": "7JWVGHFC+VHFV", "lat": 28.52469605, "lon": 77.57141584}, "geometry": {"type": "Polygon", "coordinates": [[[77.5714342052223, 28.5247280057173], [77.5714041647335, 28.5247303630133], [77.5713974960042, 28.5246640746163], [77.5714275364755, 28.5246617173236], [77.5714342052223, 28.5247280057173]]]}}, {"type": "Feature", "properties": {"source": "Google Open Buildings v3", "area_in_meters": 37.49, "confidence": 0.7646, "plus_code": "7JWVGHJH+7C8F", "lat": 28.53066413, "lon": 77.57857779}, "geometry": {"type": "Polygon", "coordinates": [[[77.5786224670848, 28.5306594108064], [77.5785711944651, 28.5307034392229], [77.5785331042342, 28.5306688439025], [77.5785843768556, 28.5306248155003], [77.5786224670848, 28.5306594108064]]]}}, {"type": "Feature", "properties": {"source": "Google Open Buildings v3", "area_in_meters": 13.59, "confidence": 0.679, "plus_code": "7JWVGHHJ+9GJP", "lat": 28.52846701, "lon": 77.58127307}, "geometry": {"type": "Polygon", "coordinates": [[[77.5812989542277, 28.5284727978298], [77.5812635713174, 28.5284890598865], [77.5812471721565, 28.5284612301369], [77.5812825550608, 28.528444968085], [77.5812989542277, 28.5284727978298]]]}}, {"type": "Feature", "properties": {"source": "Google Open Buildings v3", "area_in_meters": 775.67, "confidence": 0.7299, "plus_code": "7JWVGHFF+FQ64", "lat": 28.52365194, "lon": 77.57439255}, "geometry": {"type": "Polygon", "coordinates": [[[77.5743566060673, 28.5234347719569], [77.574393999255, 28.5234216419334], [77.5744215021187, 28.5234827383692], [77.5744514955732, 28.5234722066328], [77.5744657763108, 28.5235039306262], [77.5745136382837, 28.5234871246169], [77.574542975102, 28.523552294854], [77.574429761624, 28.5235920480328], [77.5744492962267, 28.5236354431989], [77.5744095857967, 28.5236493868809], [77.5744451865084, 28.5237284720782], [77.5744695853886, 28.5237199048015], [77.5745358125516, 28.5238670246784], [77.5744029149711, 28.5239136894944], [77.5743366879487, 28.5237665695449], [77.5743971462948, 28.5237453406149], [77.5743615456112, 28.5236662554032], [77.57427493955, 28.5236966656443], [77.5742260683252, 28.5235881001409], [77.5742839052544, 28.5235677917047], [77.5742541214101, 28.5235016280129], [77.574368605738, 28.5234614287404], [77.5743566060673, 28.5234347719569]]]}}, {"type": "Feature", "properties": {"source": "Google Open Buildings v3", "area_in_meters": 122.94, "confidence": 0.9274, "plus_code": "7JWVGHJ8+7647", "lat": 28.53063235, "lon": 77.56557521}, "geometry": {"type": "Polygon", "coordinates": [[[77.5656529780126, 28.5306631499693], [77.5655810846218, 28.530707445203], [77.5654974351016, 28.5306015571102], [77.5655693284655, 28.5305572619207], [77.5656529780126, 28.5306631499693]]]}}, {"type": "Feature", "properties": {"source": "Google Open Buildings v3", "area_in_meters": 25.18, "confidence": 0.659, "plus_code": "7JWVGHFF+W84Q", "lat": 28.5247672, "lon": 77.57333594}, "geometry": {"type": "Polygon", "coordinates": [[[77.5733724285611, 28.5247726137194], [77.5733196460647, 28.5247965372585], [77.5732994487522, 28.5247617789576], [77.5733522312373, 28.524737855427], [77.5733724285611, 28.5247726137194]]]}}, {"type": "Feature", "properties": {"source": "Google Open Buildings v3", "area_in_meters": 62.21, "confidence": 0.7889, "plus_code": "7JWVGHM9+96C8", "lat": 28.53343206, "lon": 77.56801941}, "geometry": {"type": "Polygon", "coordinates": [[[77.5680696066674, 28.5334597763984], [77.5680094164332, 28.533483596141], [77.5679692060492, 28.5334043541121], [77.5680293962502, 28.5333805343893], [77.5680696066674, 28.5334597763984]]]}}, {"type": "Feature", "properties": {"source": "Google Open Buildings v3", "area_in_meters": 92.76, "confidence": 0.663, "plus_code": "7JWVGHHH+X9CM", "lat": 28.52994229, "lon": 77.57838444}, "geometry": {"type": "Polygon", "coordinates": [[[77.5784494329248, 28.5299642042929], [77.5783566922998, 28.5299986306628], [77.5783194494714, 28.5299203816176], [77.5784121900442, 28.5298859552763], [77.5784494329248, 28.5299642042929]]]}}, {"type": "Feature", "properties": {"source": "Google Open Buildings v3", "area_in_meters": 143.01, "confidence": 0.8562, "plus_code": "7JWVGHH9+H58J", "lat": 28.5289195, "lon": 77.56794123}, "geometry": {"type": "Polygon", "coordinates": [[[77.5680205739711, 28.5289496478366], [77.5679036695307, 28.5289881859752], [77.5678618936155, 28.5288893460188], [77.5679787979679, 28.5288508079218], [77.5680205739711, 28.5289496478366]]]}}, {"type": "Feature", "properties": {"source": "Google Open Buildings v3", "area_in_meters": 61.5, "confidence": 0.8342, "plus_code": "7JWVGHHF+26JC", "lat": 28.52758638, "lon": 77.57300721}, "geometry": {"type": "Polygon", "coordinates": [[[77.5730671845402, 28.5275948292566], [77.5729692345346, 28.5276282311997], [77.5729472417694, 28.5275779286669], [77.5730451917374, 28.5275445267425], [77.5730671845402, 28.5275948292566]]]}}, {"type": "Feature", "properties": {"source": "Google Open Buildings v3", "area_in_meters": 153.26, "confidence": 0.9302, "plus_code": "7JWVGHMG+5F26", "lat": 28.53288297, "lon": 77.57613076}, "geometry": {"type": "Polygon", "coordinates": [[[77.5762190429017, 28.5328956206582], [77.576121040457, 28.5329614917696], [77.5760424741022, 28.532870330253], [77.5761404765206, 28.5328044591997], [77.5762190429017, 28.5328956206582]]]}}, {"type": "Feature", "properties": {"source": "Google Open Buildings v3", "area_in_meters": 80.79, "confidence": 0.8794, "plus_code": "7JWVGH87+4QGM", "lat": 28.51531884, "lon": 77.56445191}, "geometry": {"type": "Polygon", "coordinates": [[[77.5645205289646, 28.5153639860064], [77.5644786621988, 28.5153906224033], [77.5643832996547, 28.5152736856796], [77.5644251664046, 28.5152470493148], [77.5645205289646, 28.5153639860064]]]}}, {"type": "Feature", "properties": {"source": "Google Open Buildings v3", "area_in_meters": 18.89, "confidence": 0.7075, "plus_code": "7JWVGH79+XXPH", "lat": 28.51496089, "lon": 77.56996212}, "geometry": {"type": "Polygon", "coordinates": [[[77.5699450797986, 28.5149867375165], [77.5699282533458, 28.514961245454], [77.5699791613507, 28.5149350301038], [77.5699959878104, 28.5149605221595], [77.5699450797986, 28.5149867375165]]]}}, {"type": "Feature", "properties": {"source": "Google Open Buildings v3", "area_in_meters": 27.54, "confidence": 0.662, "plus_code": "7JWVGHJH+99C3", "lat": 28.53092676, "lon": 77.57838815}, "geometry": {"type": "Polygon", "coordinates": [[[77.5784299439533, 28.5309135130035], [77.5783704396598, 28.5309627236105], [77.5783463649774, 28.5309400197735], [77.5784058692711, 28.5308908091769], [77.5784299439533, 28.5309135130035]]]}}, {"type": "Feature", "properties": {"source": "Google Open Buildings v3", "area_in_meters": 284.32, "confidence": 0.8777, "plus_code": "7JWVGHFC+R8VF", "lat": 28.52461241, "lon": 77.57078954}, "geometry": {"type": "Polygon", "coordinates": [[[77.5708037308418, 28.5245325488526], [77.5708295749357, 28.5245238546662], [77.5708940966062, 28.5246734573399], [77.5707571218344, 28.5247195368416], [77.5706926003187, 28.5245699340926], [77.5707217196957, 28.5245601381011], [77.5707092880849, 28.524531313519], [77.5707912992134, 28.524503724279], [77.5708037308418, 28.5245325488526]]]}}, {"type": "Feature", "properties": {"source": "Google Open Buildings v3", "area_in_meters": 70.01, "confidence": 0.877, "plus_code": "7JWVGHMG+4FH3", "lat": 28.53280086, "lon": 77.57623245}, "geometry": {"type": "Polygon", "coordinates": [[[77.5762929686611, 28.5328199702725], [77.5762417262344, 28.5328570292182], [77.5761719156007, 28.5327817471076], [77.5762231580208, 28.5327446881879], [77.5762929686611, 28.5328199702725]]]}}, {"type": "Feature", "properties": {"source": "Google Open Buildings v3", "area_in_meters": 9.04, "confidence": 0.6553, "plus_code": "7JWVGHCC+M36X", "lat": 28.52167415, "lon": 77.57015129}, "geometry": {"type": "Polygon", "coordinates": [[[77.5701702502764, 28.5216647207244], [77.5701598832419, 28.5216918181826], [77.5701323078486, 28.5216835886748], [77.57014267489, 28.5216564912183], [77.5701702502764, 28.5216647207244]]]}}, {"type": "Feature", "properties": {"source": "Google Open Buildings v3", "area_in_meters": 162.36, "confidence": 0.9224, "plus_code": "7JWVGHJ8+QX4V", "lat": 28.53189844, "lon": 77.56744962}, "geometry": {"type": "Polygon", "coordinates": [[[77.5675597639866, 28.531875025197], [77.567384286721, 28.5319801852807], [77.5673394725983, 28.5319218641127], [77.5675149498213, 28.5318167040895], [77.5675597639866, 28.531875025197]]]}}, {"type": "Feature", "properties": {"source": "Google Open Buildings v3", "area_in_meters": 45.06, "confidence": 0.7427, "plus_code": "7JWVGHGJ+FPCX", "lat": 28.5261974, "lon": 77.58178113}, "geometry": {"type": "Polygon", "coordinates": [[[77.5818328247914, 28.5262223361719], [77.5818000663609, 28.5262466594681], [77.5817294420055, 28.5261724697554], [77.581762200432, 28.5261481464762], [77.5818328247914, 28.5262223361719]]]}}, {"type": "Feature", "properties": {"source": "Google Open Buildings v3", "area_in_meters": 162.87, "confidence": 0.8846, "plus_code": "7JWVGHHJ+QCMQ", "lat": 28.52946681, "lon": 77.58105667}, "geometry": {"type": "Polygon", "coordinates": [[[77.5811495486458, 28.5294707427366], [77.581034581699, 28.5295465814872], [77.5809637824236, 28.5294628724904], [77.5810787493402, 28.5293870338017], [77.5811495486458, 28.5294707427366]]]}}, {"type": "Feature", "properties": {"source": "Google Open Buildings v3", "area_in_meters": 422.55, "confidence": 0.8356, "plus_code": "7JWVGH79+QG85", "lat": 28.51440046, "lon": 77.56883828}, "geometry": {"type": "Polygon", "coordinates": [[[77.5690293295038, 28.5144256845465], [77.5687742046126, 28.5144963258241], [77.5687678768652, 28.5144784966605], [77.5687310573412, 28.5144886915348], [77.5686852235972, 28.5143595492981], [77.5689151234991, 28.5142958926714], [77.5689542387132, 28.5144061039871], [77.5690162829401, 28.5143889245732], [77.5690293295038, 28.5144256845465]]]}}, {"type": "Feature", "properties": {"source": "Google Open Buildings v3", "area_in_meters": 99.12, "confidence": 0.8927, "plus_code": "7JWVGHMH+6G9R", "lat": 28.53304642, "lon": 77.57884782}, "geometry": {"type": "Polygon", "coordinates": [[[77.5789273852057, 28.5330789804436], [77.5788819891794, 28.5331177433607], [77.5787682484053, 28.5330138592376], [77.5788136444357, 28.5329750963578], [77.5789273852057, 28.5330789804436]]]}}, {"type": "Feature", "properties": {"source": "Google Open Buildings v3", "area_in_meters": 417.72, "confidence": 0.7446, "plus_code": "7JWVGHF9+6VR9", "lat": 28.52310946, "lon": 77.56965043}, "geometry": {"type": "Polygon", "coordinates": [[[77.5698165545564, 28.5231578557104], [77.5695216546035, 28.5231860827835], [77.5695139747631, 28.5231234963952], [77.5694910779062, 28.5231256879956], [77.5694829350945, 28.5230593284282], [77.5697288777954, 28.5230357875289], [77.569731508768, 28.5230572281617], [77.5698033625285, 28.5230503504484], [77.5698165545564, 28.5231578557104]]]}}, {"type": "Feature", "properties": {"source": "Google Open Buildings v3", "area_in_meters": 346.5, "confidence": 0.6895, "plus_code": "7JWVGHFF+3C93", "lat": 28.52265055, "lon": 77.57360568}, "geometry": {"type": "Polygon", "coordinates": [[[77.5736726556654, 28.5225370161013], [77.5737197556662, 28.522560816098], [77.5736614556761, 28.5226507161021], [77.5736927556767, 28.5226666160999], [77.5736206556889, 28.522777716105], [77.5734815556864, 28.5227073161148], [77.5735875556684, 28.5225439161073], [77.5736140556689, 28.5225573161054], [77.5736357556652, 28.5225238161039], [77.5736699556658, 28.5225411161015], [77.5736726556654, 28.5225370161013]]]}}, {"type": "Feature", "properties": {"source": "Google Open Buildings v3", "area_in_meters": 36.84, "confidence": 0.7768, "plus_code": "7JWVGHJ8+55XP", "lat": 28.53049281, "lon": 77.56549009}, "geometry": {"type": "Polygon", "coordinates": [[[77.5655318548144, 28.5305094320972], [77.5654897089993, 28.5305332618383], [77.565448332519, 28.5304761874279], [77.5654904783227, 28.5304523577004], [77.5655318548144, 28.5305094320972]]]}}, {"type": "Feature", "properties": {"source": "Google Open Buildings v3", "area_in_meters": 170.62, "confidence": 0.6902, "plus_code": "7JWVGHFF+H9GF", "lat": 28.52393776, "lon": 77.57345073}, "geometry": {"type": "Polygon", "coordinates": [[[77.573538341623, 28.5239050838787], [77.5734710334548, 28.5240198191173], [77.5733631165395, 28.5239704371899], [77.5734304248023, 28.5238557019988], [77.573538341623, 28.5239050838787]]]}}, {"type": "Feature", "properties": {"source": "Google Open Buildings v3", "area_in_meters": 17.34, "confidence": 0.7094, "plus_code": "7JWVGHGJ+GFXG", "lat": 28.52636271, "lon": 77.58123472}, "geometry": {"type": "Polygon", "coordinates": [[[77.581269453116, 28.5263625411335], [77.5812118495863, 28.5263858078998], [77.5811999839163, 28.5263628943413], [77.5812575874368, 28.5263396275801], [77.581269453116, 28.5263625411335]]]}}, {"type": "Feature", "properties": {"source": "Google Open Buildings v3", "area_in_meters": 290.43, "confidence": 0.905, "plus_code": "7JWVGHFF+96GQ", "lat": 28.52344216, "lon": 77.57308821}, "geometry": {"type": "Polygon", "coordinates": [[[77.5731042694449, 28.5235517506124], [77.5729723533647, 28.5234839060907], [77.5730721397083, 28.5233325621836], [77.5732040556468, 28.5234004066196], [77.5731042694449, 28.5235517506124]]]}}, {"type": "Feature", "properties": {"source": "Google Open Buildings v3", "area_in_meters": 19.41, "confidence": 0.7367, "plus_code": "7JWVGHGH+J265", "lat": 28.52652551, "lon": 77.57752713}, "geometry": {"type": "Polygon", "coordinates": [[[77.5775447574957, 28.5264989438991], [77.5775423954279, 28.5265531938564], [77.5775095148118, 28.526552077199], [77.5775118768969, 28.5264978272412], [77.5775447574957, 28.5264989438991]]]}}, {"type": "Feature", "properties": {"source": "Google Open Buildings v3", "area_in_meters": 27.82, "confidence": 0.7603, "plus_code": "7JWVGHFC+GWJ4", "lat": 28.52382598, "lon": 77.57226593}, "geometry": {"type": "Polygon", "coordinates": [[[77.572294417937, 28.5238496014205], [77.5722494668367, 28.5238572694471], [77.5722374540727, 28.5238023396216], [77.572282405151, 28.523794671601], [77.572294417937, 28.5238496014205]]]}}, {"type": "Feature", "properties": {"source": "Google Open Buildings v3", "area_in_meters": 29.59, "confidence": 0.6709, "plus_code": "7JWVGHMH+86RV", "lat": 28.53337394, "lon": 77.57800956}, "geometry": {"type": "Polygon", "coordinates": [[[77.5779975855714, 28.5333385578368], [77.5780505451207, 28.5333812817919], [77.5780215371761, 28.5334093244047], [77.5779685776233, 28.5333666004368], [77.5779975855714, 28.5333385578368]]]}}, {"type": "Feature", "properties": {"source": "Google Open Buildings v3", "area_in_meters": 49.03, "confidence": 0.6831, "plus_code": "7JWVGHHH+6386", "lat": 28.52803389, "lon": 77.57768845}, "geometry": {"type": "Polygon", "coordinates": [[[77.5776767657396, 28.5279680583847], [77.5777323312933, 28.5280881095547], [77.5777001199601, 28.5280997379812], [77.577644554431, 28.5279796867974], [77.5776767657396, 28.5279680583847]]]}}, {"type": "Feature", "properties": {"source": "Google Open Buildings v3", "area_in_meters": 8.2, "confidence": 0.6718, "plus_code": "7JWVGH7C+89F4", "lat": 28.51330445, "lon": 77.57092329}, "geometry": {"type": "Polygon", "coordinates": [[[77.5709342195368, 28.5132885574554], [77.5709377192574, 28.5133180078305], [77.5709123604839, 28.5133203589031], [77.5709088607702, 28.513290908527], [77.5709342195368, 28.5132885574554]]]}}, {"type": "Feature", "properties": {"source": "Google Open Buildings v3", "area_in_meters": 153.97, "confidence": 0.8488, "plus_code": "7JWVGHHJ+MQ5J", "lat": 28.52914355, "lon": 77.58196991}, "geometry": {"type": "Polygon", "coordinates": [[[77.5819889561087, 28.5292108156817], [77.5819516561067, 28.5291778156843], [77.581930356109, 28.5291965156858], [77.5819068561078, 28.5291758156875], [77.5818942561092, 28.5291869156884], [77.5818674561078, 28.5291632156903], [77.5819767560958, 28.5290667156825], [77.5820644561005, 28.5291442156763], [77.5819889561087, 28.5292108156817]]]}}, {"type": "Feature", "properties": {"source": "Google Open Buildings v3", "area_in_meters": 10.34, "confidence": 0.7507, "plus_code": "7JWVGHJ8+C6X7", "lat": 28.53110724, "lon": 77.56560612}, "geometry": {"type": "Polygon", "coordinates": [[[77.5656265216383, 28.5310974156651], [77.5656158873732, 28.5311258538894], [77.5655856984371, 28.5311170494754], [77.5655963327098, 28.5310886112532], [77.5656265216383, 28.5310974156651]]]}}, {"type": "Feature", "properties": {"source": "Google Open Buildings v3", "area_in_meters": 30.14, "confidence": 0.6685, "plus_code": "7JWVGHJH+PRVQ", "lat": 28.5318697, "lon": 77.57956156}, "geometry": {"type": "Polygon", "coordinates": [[[77.5796021079069, 28.531869516658], [77.5795498384362, 28.5319039756863], [77.5795210221996, 28.5318698859518], [77.5795732916641, 28.5318354269353], [77.5796021079069, 28.531869516658]]]}}, {"type": "Feature", "properties": {"source": "Google Open Buildings v3", "area_in_meters": 44.11, "confidence": 0.8287, "plus_code": "7JWVGHGJ+GP4X", "lat": 28.52627389, "lon": 77.58183966}, "geometry": {"type": "Polygon", "coordinates": [[[77.581890867164, 28.5262978994467], [77.5818584247642, 28.5263223346322], [77.5817884628224, 28.5262498831829], [77.5818209052189, 28.5262254480145], [77.581890867164, 28.5262978994467]]]}}, {"type": "Feature", "properties": {"source": "Google Open Buildings v3", "area_in_meters": 12.49, "confidence": 0.7883, "plus_code": "7JWVGHF9+5MJ8", "lat": 28.52295651, "lon": 77.56914079}, "geometry": {"type": "Polygon", "coordinates": [[[77.5691617473033, 28.5229707215397], [77.5691333893781, 28.5229789223203], [77.569119814956, 28.5229423075684], [77.5691481728731, 28.5229341067911], [77.5691617473033, 28.5229707215397]]]}}, {"type": "Feature", "properties": {"source": "Google Open Buildings v3", "area_in_meters": 20.84, "confidence": 0.8053, "plus_code": "7JWVGHHH+74X8", "lat": 28.52823236, "lon": 77.57786284}, "geometry": {"type": "Polygon", "coordinates": [[[77.5778730636224, 28.5282031407167], [77.5778884759475, 28.528252907343], [77.577852606833, 28.5282615714103], [77.5778371945211, 28.5282118047793], [77.5778730636224, 28.5282031407167]]]}}, {"type": "Feature", "properties": {"source": "Google Open Buildings v3", "area_in_meters": 132.03, "confidence": 0.7833, "plus_code": "7JWVGH7C+965F", "lat": 28.51338965, "lon": 77.57060215}, "geometry": {"type": "Polygon", "coordinates": [[[77.5705438863312, 28.5132526147925], [77.5706974218212, 28.5135094239331], [77.5706604204518, 28.5135266827553], [77.5705068850197, 28.5132698735694], [77.5705438863312, 28.5132526147925]]]}}, {"type": "Feature", "properties": {"source": "Google Open Buildings v3", "area_in_meters": 24.75, "confidence": 0.7689, "plus_code": "7JWVGHHJ+4VJH", "lat": 28.52783783, "lon": 77.58215123}, "geometry": {"type": "Polygon", "coordinates": [[[77.5821886772116, 28.5278340800778], [77.582139376943, 28.5278694327724], [77.5821137663096, 28.5278415765697], [77.5821630665758, 28.5278062238841], [77.5821886772116, 28.5278340800778]]]}}, {"type": "Feature", "properties": {"source": "Google Open Buildings v3", "area_in_meters": 358.23, "confidence": 0.6837, "plus_code": "7JWVGHGH+WF9X", "lat": 28.52729781, "lon": 77.57874369}, "geometry": {"type": "Polygon", "coordinates": [[[77.5786540560097, 28.5272984158719], [77.5786598560031, 28.5272285158715], [77.5787144560019, 28.5272320158676], [77.5787168559992, 28.5272035158675], [77.5787368559987, 28.527204815866], [77.5787344560014, 28.5272333158662], [77.5788443559989, 28.5272403158584], [77.5788466559963, 28.5272119158583], [77.5788779559956, 28.5272139158561], [77.5788653560099, 28.527366715857], [77.5785666560166, 28.5273475158781], [77.5785711560115, 28.5272931158778], [77.5786540560097, 28.5272984158719]]]}}, {"type": "Feature", "properties": {"source": "Google Open Buildings v3", "area_in_meters": 19.43, "confidence": 0.7978, "plus_code": "7JWVGHHH+3VM2", "lat": 28.52770295, "lon": 77.5796574}, "geometry": {"type": "Polygon", "coordinates": [[[77.5796750139227, 28.5276763788056], [77.5796726812194, 28.5277306290905], [77.5796397674428, 28.5277295252347], [77.579642100163, 28.5276752749492], [77.5796750139227, 28.5276763788056]]]}}, {"type": "Feature", "properties": {"source": "Google Open Buildings v3", "area_in_meters": 55.18, "confidence": 0.8208, "plus_code": "7JWVGHHF+55C5", "lat": 28.52792616, "lon": 77.57290398}, "geometry": {"type": "Polygon", "coordinates": [[[77.5729487026214, 28.5279605250035], [77.5728978470238, 28.5279782308987], [77.5728592578846, 28.5278917818536], [77.5729101134493, 28.5278740759748], [77.5729487026214, 28.5279605250035]]]}}, {"type": "Feature", "properties": {"source": "Google Open Buildings v3", "area_in_meters": 563.33, "confidence": 0.8863, "plus_code": "7JWVGH9F+9568", "lat": 28.51840608, "lon": 77.57289239}, "geometry": {"type": "Polygon", "coordinates": [[[77.5728752190028, 28.5182869961353], [77.5728654373252, 28.5182978971793], [77.5730189747141, 28.5184053734842], [77.5730287563839, 28.5183944724294], [77.5730868924103, 28.5184351675891], [77.572970196328, 28.5185652179219], [77.572912060268, 28.5185245227154], [77.5729513777714, 28.5184807059412], [77.5729328845356, 28.5184677606776], [77.5728935670282, 28.5185115774466], [77.5727803645113, 28.5184323355489], [77.572819682042, 28.5183885188108], [77.5727978403291, 28.5183732295627], [77.5727585227939, 28.5184170462949], [77.5726988488875, 28.5183752743763], [77.5728155451328, 28.5182452242661], [77.5728752190028, 28.5182869961353]]]}}, {"type": "Feature", "properties": {"source": "Google Open Buildings v3", "area_in_meters": 36.15, "confidence": 0.7106, "plus_code": "7JWVGHFF+7PHF", "lat": 28.52318935, "lon": 77.57435894}, "geometry": {"type": "Polygon", "coordinates": [[[77.5744122018087, 28.5232136051066], [77.5743898836349, 28.5232346760142], [77.574305671783, 28.5231650995691], [77.5743279899611, 28.5231440286752], [77.5744122018087, 28.5232136051066]]]}}, {"type": "Feature", "properties": {"source": "Google Open Buildings v3", "area_in_meters": 51.72, "confidence": 0.6738, "plus_code": "7JWVGHJJ+FVHP", "lat": 28.53119354, "lon": 77.58223521}, "geometry": {"type": "Polygon", "coordinates": [[[77.5822929093172, 28.5312105267327], [77.5821816938, 28.5312190600242], [77.5821775134232, 28.5311765674218], [77.582288728897, 28.5311680341365], [77.5822929093172, 28.5312105267327]]]}}, {"type": "Feature", "properties": {"source": "Google Open Buildings v3", "area_in_meters": 160.59, "confidence": 0.7879, "plus_code": "7JWVGHCC+FHCC", "lat": 28.52118838, "lon": 77.57138146}, "geometry": {"type": "Polygon", "coordinates": [[[77.5714176811268, 28.5213104271166], [77.5713588532173, 28.5213111377226], [77.5713559370376, 28.5211228125959], [77.5713167438736, 28.5211232860072], [77.5713161593582, 28.5210855371236], [77.5714141802946, 28.5210843531171], [77.5714176811268, 28.5213104271166]]]}}, {"type": "Feature", "properties": {"source": "Google Open Buildings v3", "area_in_meters": 90.08, "confidence": 0.7422, "plus_code": "7JWVGHJH+2HG6", "lat": 28.53005638, "lon": 77.57894039}, "geometry": {"type": "Polygon", "coordinates": [[[77.5789973745037, 28.5301143849218], [77.5789442773381, 28.5301330964253], [77.5788834066158, 28.5299983777972], [77.5789365037285, 28.5299796663209], [77.5789973745037, 28.5301143849218]]]}}, {"type": "Feature", "properties": {"source": "Google Open Buildings v3", "area_in_meters": 8.88, "confidence": 0.7199, "plus_code": "7JWVGHHJ+C43V", "lat": 28.52852205, "lon": 77.58029496}, "geometry": {"type": "Polygon", "coordinates": [[[77.5803067441688, 28.5285050588891], [77.580307560939, 28.5285385729781], [77.5802831887059, 28.5285390362489], [77.5802823719435, 28.5285055221595], [77.5803067441688, 28.5285050588891]]]}}, {"type": "Feature", "properties": {"source": "Google Open Buildings v3", "area_in_meters": 410.53, "confidence": 0.9419, "plus_code": "7JWVGHMH+7J84", "lat": 28.53315497, "lon": 77.57908186}, "geometry": {"type": "Polygon", "coordinates": [[[77.5790749059214, 28.5333271534813], [77.5789665020936, 28.5332939171151], [77.5790888181148, 28.5329827854599], [77.5791972216465, 28.5330160217463], [77.5790749059214, 28.5333271534813]]]}}, {"type": "Feature", "properties": {"source": "Google Open Buildings v3", "area_in_meters": 35.66, "confidence": 0.6535, "plus_code": "7JWVGHHH+XJW6", "lat": 28.52998208, "lon": 77.57906377}, "geometry": {"type": "Polygon", "coordinates": [[[77.579056935688, 28.529939626868], [77.5790767348757, 28.5299834461727], [77.5791003501556, 28.5299751240876], [77.5791114642334, 28.5299997215894], [77.5790549481397, 28.5300196379988], [77.5790240348953, 28.5299512211813], [77.579056935688, 28.529939626868]]]}}, {"type": "Feature", "properties": {"source": "Google Open Buildings v3", "area_in_meters": 15.7, "confidence": 0.6729, "plus_code": "7JWVGHJH+59JC", "lat": 28.53046239, "lon": 77.57837679}, "geometry": {"type": "Polygon", "coordinates": [[[77.5784050595775, 28.530468058605], [77.5783769245339, 28.5304879948006], [77.5783485247805, 28.5304567359642], [77.578376659822, 28.5304367997744], [77.5784050595775, 28.530468058605]]]}}, {"type": "Feature", "properties": {"source": "Google Open Buildings v3", "area_in_meters": 128.23, "confidence": 0.7982, "plus_code": "7JWVGHJH+MWCW", "lat": 28.53169905, "lon": 77.57977157}, "geometry": {"type": "Polygon", "coordinates": [[[77.579855373802, 28.531700904361], [77.5797436767513, 28.5317688663953], [77.5796877673064, 28.5316972020043], [77.5797994643253, 28.5316292400183], [77.579855373802, 28.531700904361]]]}}, {"type": "Feature", "properties": {"source": "Google Open Buildings v3", "area_in_meters": 30.3, "confidence": 0.6819, "plus_code": "7JWVGHFC+RG59", "lat": 28.52450758, "lon": 77.57136791}, "geometry": {"type": "Polygon", "coordinates": [[[77.5713875679237, 28.5245412585294], [77.5713452774021, 28.5245397627893], [77.5713482636057, 28.5244739050976], [77.5713905541, 28.5244754008383], [77.5713875679237, 28.5245412585294]]]}}, {"type": "Feature", "properties": {"source": "Google Open Buildings v3", "area_in_meters": 447.0, "confidence": 0.8988, "plus_code": "7JWVGHFC+527C", "lat": 28.52291176, "lon": 77.57003401}, "geometry": {"type": "Polygon", "coordinates": [[[77.5698623420221, 28.5228928047988], [77.5698855240947, 28.5228912814485], [77.5698828194123, 28.5228591755954], [77.570199877076, 28.522838340571], [77.5702097776753, 28.5229558610449], [77.5700213796431, 28.5229682414753], [77.5700223114044, 28.5229793017308], [77.5698704693203, 28.522989279725], [77.5698623420221, 28.5228928047988]]]}}, {"type": "Feature", "properties": {"source": "Google Open Buildings v3", "area_in_meters": 17.32, "confidence": 0.6635, "plus_code": "7JWVGHH8+HX3C", "lat": 28.52888631, "lon": 77.56740637}, "geometry": {"type": "Polygon", "coordinates": [[[77.5674147974903, 28.528860254849], [77.5674322650944, 28.5289008459201], [77.5673979473728, 28.5289123641859], [77.5673804797794, 28.5288717731099], [77.5674147974903, 28.528860254849]]]}}, {"type": "Feature", "properties": {"source": "Google Open Buildings v3", "area_in_meters": 36.28, "confidence": 0.7985, "plus_code": "7JWVGHHG+GQ2F", "lat": 28.52876171, "lon": 77.57688558}, "geometry": {"type": "Polygon", "coordinates": [[[77.5769241272266, 28.5287809683758], [77.5768748585751, 28.5287996663329], [77.5768470160042, 28.5287424456446], [77.5768962846353, 28.5287237476986], [77.5769241272266, 28.5287809683758]]]}}, {"type": "Feature", "properties": {"source": "Google Open Buildings v3", "area_in_meters": 80.32, "confidence": 0.8425, "plus_code": "7JWVGH7C+J953", "lat": 28.51400257, "lon": 77.5709831}, "geometry": {"type": "Polygon", "coordinates": [[[77.5710463190347, 28.5140155073777], [77.5709615217392, 28.5140566312678], [77.5709198793025, 28.5139896406294], [77.5710046765648, 28.5139485167674], [77.5710463190347, 28.5140155073777]]]}}, {"type": "Feature", "properties": {"source": "Google Open Buildings v3", "area_in_meters": 58.24, "confidence": 0.8055, "plus_code": "7JWVGHFC+G3JM", "lat": 28.52384181, "lon": 77.57013318}, "geometry": {"type": "Polygon", "coordinates": [[[77.5701920748254, 28.5238265884742], [77.5701819325079, 28.5238747232436], [77.5700742854337, 28.5238570307306], [77.5700844278001, 28.5238088959653], [77.5701920748254, 28.5238265884742]]]}}, {"type": "Feature", "properties": {"source": "Google Open Buildings v3", "area_in_meters": 94.94, "confidence": 0.8434, "plus_code": "7JWVGHCC+M4FJ", "lat": 28.52169437, "lon": 77.57028278}, "geometry": {"type": "Polygon", "coordinates": [[[77.5703452617424, 28.5217311538799], [77.5702762107455, 28.5217604329032], [77.5702203034131, 28.5216575819507], [77.5702893543616, 28.52162830296], [77.5703452617424, 28.5217311538799]]]}}, {"type": "Feature", "properties": {"source": "Google Open Buildings v3", "area_in_meters": 140.27, "confidence": 0.8546, "plus_code": "7JWVGH87+4RVW", "lat": 28.51537047, "lon": 77.56455333}, "geometry": {"type": "Polygon", "coordinates": [[[77.5646509456172, 28.515443746572], [77.5646037863334, 28.5154744775251], [77.5644557094869, 28.515297198587], [77.5645028687428, 28.5152664676872], [77.5646509456172, 28.515443746572]]]}}, {"type": "Feature", "properties": {"source": "Google Open Buildings v3", "area_in_meters": 835.49, "confidence": 0.8224, "plus_code": "7JWVGHGF+R729", "lat": 28.52700964, "lon": 77.57314982}, "geometry": {"type": "Polygon", "coordinates": [[[77.5733920763272, 28.5270182661149], [77.5729798524562, 28.5271623353982], [77.5729075715084, 28.5270010224976], [77.5733197948843, 28.5268569534628], [77.5733920763272, 28.5270182661149]]]}}, {"type": "Feature", "properties": {"source": "Google Open Buildings v3", "area_in_meters": 34.92, "confidence": 0.7483, "plus_code": "7JWVGHHH+R99X", "lat": 28.52954557, "lon": 77.57849659}, "geometry": {"type": "Polygon", "coordinates": [[[77.578531339707, 28.5295728269538], [77.5784893159141, 28.5295861115686], [77.5784618367161, 28.5295183144776], [77.5785038604866, 28.5295050298723], [77.578531339707, 28.5295728269538]]]}}, {"type": "Feature", "properties": {"source": "Google Open Buildings v3", "area_in_meters": 718.97, "confidence": 0.8644, "plus_code": "7JWVGH7F+VP47", "lat": 28.51463233, "lon": 77.57432769}, "geometry": {"type": "Polygon", "coordinates": [[[77.5743174548191, 28.514533415818], [77.5744007548147, 28.5145115158121], [77.574410354817, 28.5145400158114], [77.5743878548182, 28.514546015813], [77.5744023548218, 28.514588915812], [77.5744486548193, 28.5145766158087], [77.5744744548255, 28.5146526158069], [77.5744505548268, 28.5146589158086], [77.5744904548365, 28.5147768158058], [77.5743641548431, 28.5148101158147], [77.574339254837, 28.5147364158164], [77.574244654842, 28.5147614158231], [77.5742343548395, 28.5147312158239], [77.5742695548377, 28.5147219158214], [77.5742474548323, 28.5146566158229], [77.5741815548358, 28.5146740158276], [77.5741653548319, 28.5146263158287], [77.5742313548284, 28.5146088158241], [77.5742149548245, 28.5145605158252], [77.5741797548263, 28.5145698158277], [77.5741610548218, 28.514514315829], [77.5741962548199, 28.5145050158265], [77.5741857548174, 28.5144742158273], [77.574288254812, 28.51444711582], [77.5743174548191, 28.514533415818]]]}}, {"type": "Feature", "properties": {"source": "Google Open Buildings v3", "area_in_meters": 114.71, "confidence": 0.817, "plus_code": "7JWVGH79+GPXW", "lat": 28.51387439, "lon": 77.56936094}, "geometry": {"type": "Polygon", "coordinates": [[[77.5694261810066, 28.5139153678005], [77.5693412063202, 28.513942918103], [77.5692957027765, 28.5138334217111], [77.5693806773915, 28.5138058714414], [77.5694261810066, 28.5139153678005]]]}}, {"type": "Feature", "properties": {"source": "Google Open Buildings v3", "area_in_meters": 194.4, "confidence": 0.8005, "plus_code": "7JWVGHGH+G3X9", "lat": 28.52635765, "lon": 77.57774706}, "geometry": {"type": "Polygon", "coordinates": [[[77.5778832206761, 28.5263475664327], [77.577665914462, 28.5264319372706], [77.5776207423021, 28.5263411889309], [77.5776820999923, 28.5263173663811], [77.5776971771899, 28.5263476556132], [77.5778531256075, 28.5262871073851], [77.5778832206761, 28.5263475664327]]]}}, {"type": "Feature", "properties": {"source": "Google Open Buildings v3", "area_in_meters": 113.87, "confidence": 0.8831, "plus_code": "7JWVGH78+Q324", "lat": 28.51437503, "lon": 77.56514077}, "geometry": {"type": "Polygon", "coordinates": [[[77.5652163708957, 28.5143880571276], [77.5651270148075, 28.5144419770457], [77.5650651609813, 28.5143620067776], [77.5651545170375, 28.5143080869024], [77.5652163708957, 28.5143880571276]]]}}, {"type": "Feature", "properties": {"source": "Google Open Buildings v3", "area_in_meters": 58.95, "confidence": 0.7814, "plus_code": "7JWVGHJJ+XHM3", "lat": 28.53245384, "lon": 77.58141476}, "geometry": {"type": "Polygon", "coordinates": [[[77.5814832490495, 28.5324456355631], [77.5813682881, 28.5324990255682], [77.581346267846, 28.5324620470632], [77.58146122877, 28.5324086570782], [77.5814832490495, 28.5324456355631]]]}}, {"type": "Feature", "properties": {"source": "Google Open Buildings v3", "area_in_meters": 40.38, "confidence": 0.6573, "plus_code": "7JWVGHC9+WCJ6", "lat": 28.52233194, "lon": 77.56850159}, "geometry": {"type": "Polygon", "coordinates": [[[77.5685781220668, 28.5223208036301], [77.568434308494, 28.5223660137869], [77.5684250648302, 28.5223430771759], [77.5685688783776, 28.5222978670309], [77.5685781220668, 28.5223208036301]]]}}, {"type": "Feature", "properties": {"source": "Google Open Buildings v3", "area_in_meters": 107.44, "confidence": 0.7486, "plus_code": "7JWVGH79+Q55P", "lat": 28.5143926, "lon": 77.56798532}, "geometry": {"type": "Polygon", "coordinates": [[[77.5680540317839, 28.514421087747], [77.5679701829662, 28.5144582923596], [77.5679166220061, 28.5143641173927], [77.5680004707735, 28.5143269128163], [77.5680540317839, 28.514421087747]]]}}, {"type": "Feature", "properties": {"source": "Google Open Buildings v3", "area_in_meters": 37.94, "confidence": 0.8127, "plus_code": "7JWVGHJ8+XG59", "lat": 28.53238151, "lon": 77.56637496}, "geometry": {"type": "Polygon", "coordinates": [[[77.5664234950783, 28.5323841242533], [77.5663458833053, 28.5324159310994], [77.5663264269445, 28.5323789051859], [77.5664040386973, 28.5323470983506], [77.5664234950783, 28.5323841242533]]]}}, {"type": "Feature", "properties": {"source": "Google Open Buildings v3", "area_in_meters": 152.52, "confidence": 0.8592, "plus_code": "7JWVGH79+CCGG", "lat": 28.51356448, "lon": 77.56858056}, "geometry": {"type": "Polygon", "coordinates": [[[77.5686577173779, 28.5136075306459], [77.5685571505275, 28.5136423949772], [77.5685034013967, 28.5135214357571], [77.5686039681565, 28.5134865714714], [77.5686577173779, 28.5136075306459]]]}}, {"type": "Feature", "properties": {"source": "Google Open Buildings v3", "area_in_meters": 46.99, "confidence": 0.732, "plus_code": "7JWVGHFC+CPQC", "lat": 28.5235888, "lon": 77.57185114}, "geometry": {"type": "Polygon", "coordinates": [[[77.5718940415237, 28.5236109057201], [77.5718315231749, 28.5236291034258], [77.5718082357478, 28.5235666979343], [77.5718707540655, 28.5235485002413], [77.5718940415237, 28.5236109057201]]]}}, {"type": "Feature", "properties": {"source": "Google Open Buildings v3", "area_in_meters": 38.15, "confidence": 0.7391, "plus_code": "7JWVGHHJ+JR9X", "lat": 28.52904526, "lon": 77.58211833}, "geometry": {"type": "Polygon", "coordinates": [[[77.5821662801857, 28.5290303152325], [77.582100689079, 28.5290873870741], [77.5820703757491, 28.5290602150798], [77.5821359668582, 28.5290031432523], [77.5821662801857, 28.5290303152325]]]}}, {"type": "Feature", "properties": {"source": "Google Open Buildings v3", "area_in_meters": 355.18, "confidence": 0.7597, "plus_code": "7JWVGHHH+WJFH", "lat": 28.52981028, "lon": 77.57906061}, "geometry": {"type": "Polygon", "coordinates": [[[77.5790031282885, 28.529629059648], [77.579063944599, 28.5297636580378], [77.5790129257195, 28.5297816372282], [77.5790289289371, 28.5298170554472], [77.579135391632, 28.5297795376753], [77.5791955671075, 28.5299127171143], [77.5790654890325, 28.5299585570238], [77.5789284942372, 28.5296553608682], [77.5790031282885, 28.529629059648]]]}}, {"type": "Feature", "properties": {"source": "Google Open Buildings v3", "area_in_meters": 55.59, "confidence": 0.7837, "plus_code": "7JWVGHJJ+GJF6", "lat": 28.53130957, "lon": 77.58153863}, "geometry": {"type": "Polygon", "coordinates": [[[77.5815971442122, 28.5313056016478], [77.5815107694807, 28.5313551779434], [77.5814801131176, 28.5313135217756], [77.5815664878328, 28.5312639455002], [77.5815971442122, 28.5313056016478]]]}}, {"type": "Feature", "properties": {"source": "Google Open Buildings v3", "area_in_meters": 73.68, "confidence": 0.8769, "plus_code": "7JWVGHJ8+Q5J4", "lat": 28.53195051, "lon": 77.56539067}, "geometry": {"type": "Polygon", "coordinates": [[[77.5654676101672, 28.5319352643194], [77.5653408347168, 28.532004469397], [77.5653137371865, 28.5319657554255], [77.5654405126131, 28.5318965503742], [77.5654676101672, 28.5319352643194]]]}}, {"type": "Feature", "properties": {"source": "Google Open Buildings v3", "area_in_meters": 493.74, "confidence": 0.7054, "plus_code": "7JWVGHGH+M34W", "lat": 28.52664998, "lon": 77.57770897}, "geometry": {"type": "Polygon", "coordinates": [[[77.5778380012087, 28.5267616735237], [77.5776886796698, 28.5268085391458], [77.5775799339185, 28.5265382890395], [77.5777292551445, 28.5264914235569], [77.5778380012087, 28.5267616735237]]]}}, {"type": "Feature", "properties": {"source": "Google Open Buildings v3", "area_in_meters": 256.76, "confidence": 0.8012, "plus_code": "7JWVGHJ8+W2XP", "lat": 28.53236912, "lon": 77.56511246}, "geometry": {"type": "Polygon", "coordinates": [[[77.5652254125648, 28.5323912171609], [77.5650897781351, 28.5324693045978], [77.5649995006688, 28.53234701047], [77.5651351350232, 28.5322689231308], [77.5652254125648, 28.5323912171609]]]}}, {"type": "Feature", "properties": {"source": "Google Open Buildings v3", "area_in_meters": 20.29, "confidence": 0.7823, "plus_code": "7JWVGHGH+H78J", "lat": 28.52641824, "lon": 77.5781919}, "geometry": {"type": "Polygon", "coordinates": [[[77.5781953603684, 28.5263879245105], [77.5782207809466, 28.5264349085032], [77.5781884203714, 28.5264485649637], [77.5781629998043, 28.5264015809643], [77.5781953603684, 28.5263879245105]]]}}, {"type": "Feature", "properties": {"source": "Google Open Buildings v3", "area_in_meters": 18.78, "confidence": 0.6729, "plus_code": "7JWVGHJG+XQ5C", "lat": 28.53238815, "lon": 77.57697157}, "geometry": {"type": "Polygon", "coordinates": [[[77.5770029652688, 28.5323810341607], [77.576956113696, 28.5324145220453], [77.5769382058167, 28.5324131679794], [77.5769394987938, 28.5323998317992], [77.5769790135164, 28.5323634023098], [77.5770044879637, 28.5323653284987], [77.5770029652688, 28.5323810341607]]]}}, {"type": "Feature", "properties": {"source": "Google Open Buildings v3", "area_in_meters": 33.6, "confidence": 0.8058, "plus_code": "7JWVGH7C+FV2H", "lat": 28.51363695, "lon": 77.57215525}, "geometry": {"type": "Polygon", "coordinates": [[[77.5721988608121, 28.5136440977938], [77.5721679414457, 28.5136744925792], [77.5721116374882, 28.5136298074025], [77.5721425568593, 28.5135994126294], [77.5721988608121, 28.5136440977938]]]}}, {"type": "Feature", "properties": {"source": "Google Open Buildings v3", "area_in_meters": 24.5, "confidence": 0.7318, "plus_code": "7JWVGH79+F82Q", "lat": 28.51364165, "lon": 77.56827555}, "geometry": {"type": "Polygon", "coordinates": [[[77.5682817039321, 28.5136087691768], [77.5683062004583, 28.5136610879091], [77.5682693944791, 28.5136745328349], [77.5682448979668, 28.5136222140946], [77.5682817039321, 28.5136087691768]]]}}, {"type": "Feature", "properties": {"source": "Google Open Buildings v3", "area_in_meters": 25.8, "confidence": 0.7749, "plus_code": "7JWVGHHJ+C7V9", "lat": 28.52860972, "lon": 77.58068035}, "geometry": {"type": "Polygon", "coordinates": [[[77.5807167945093, 28.5286145433212], [77.5806698753269, 28.5286409232751], [77.5806439123043, 28.5286049068933], [77.5806908314786, 28.5285785269491], [77.5807167945093, 28.5286145433212]]]}}, {"type": "Feature", "properties": {"source": "Google Open Buildings v3", "area_in_meters": 759.05, "confidence": 0.8971, "plus_code": "7JWVGHGG+CRC9", "lat": 28.5260551, "lon": 77.57702929}, "geometry": {"type": "Polygon", "coordinates": [[[77.5769936957061, 28.5259257633546], [77.5769886318486, 28.5259690881016], [77.5771770367588, 28.5259862642032], [77.5771741188608, 28.526011229178], [77.5772259019835, 28.526015949985], [77.5772065590979, 28.5261814445199], [77.5771356513733, 28.526174980223], [77.5771366928776, 28.5261660693443], [77.5768989995546, 28.5261443997677], [77.5769056063712, 28.5260878743886], [77.57683356495, 28.5260813065655], [77.5768452600499, 28.525981248299], [77.576864603531, 28.5259830117975], [77.5768725854078, 28.5259147220827], [77.5769936957061, 28.5259257633546]]]}}, {"type": "Feature", "properties": {"source": "Google Open Buildings v3", "area_in_meters": 20.26, "confidence": 0.7584, "plus_code": "7JWVGHMH+5FH8", "lat": 28.53293304, "lon": 77.57874066}, "geometry": {"type": "Polygon", "coordinates": [[[77.5787735326129, 28.5329336470874], [77.5787330026168, 28.5329612693492], [77.5787077942631, 28.5329324227778], [77.5787483242559, 28.5329048005238], [77.5787735326129, 28.5329336470874]]]}}, {"type": "Feature", "properties": {"source": "Google Open Buildings v3", "area_in_meters": 183.28, "confidence": 0.7644, "plus_code": "7JWVGHHH+7P46", "lat": 28.52813307, "lon": 77.57931856}, "geometry": {"type": "Polygon", "coordinates": [[[77.5793319422952, 28.5282068549164], [77.5793004722087, 28.5281345377345], [77.5791980049724, 28.5281693163838], [77.5791794384145, 28.5281266509216], [77.5793717324884, 28.5280613838591], [77.579421769244, 28.528176366449], [77.5793319422952, 28.5282068549164]]]}}, {"type": "Feature", "properties": {"source": "Google Open Buildings v3", "area_in_meters": 13.16, "confidence": 0.6582, "plus_code": "7JWVGHF9+PV3F", "lat": 28.52426108, "lon": 77.56967181}, "geometry": {"type": "Polygon", "coordinates": [[[77.569686879222, 28.5242420775415], [77.5696915671586, 28.5242763769677], [77.5696567531751, 28.5242800884941], [77.5696520652494, 28.524245789066], [77.569686879222, 28.5242420775415]]]}}, {"type": "Feature", "properties": {"source": "Google Open Buildings v3", "area_in_meters": 223.32, "confidence": 0.7062, "plus_code": "7JWVGHJG+JVJ4", "lat": 28.53157713, "lon": 77.57714538}, "geometry": {"type": "Polygon", "coordinates": [[[77.5772534128301, 28.5315781827844], [77.5771522635468, 28.5316723460684], [77.5770373508804, 28.5315760756066], [77.5771385001883, 28.5314819124067], [77.5772534128301, 28.5315781827844]]]}}, {"type": "Feature", "properties": {"source": "Google Open Buildings v3", "area_in_meters": 65.25, "confidence": 0.7776, "plus_code": "7JWVGH87+5RF7", "lat": 28.51543369, "lon": 77.56454558}, "geometry": {"type": "Polygon", "coordinates": [[[77.5645279952406, 28.5153731413853], [77.5646050224203, 28.5154675943584], [77.5645631556386, 28.5154942307815], [77.5644861284728, 28.5153997777837], [77.5645279952406, 28.5153731413853]]]}}, {"type": "Feature", "properties": {"source": "Google Open Buildings v3", "area_in_meters": 219.82, "confidence": 0.8627, "plus_code": "7JWVGHHH+7MPJ", "lat": 28.52821689, "lon": 77.57918919}, "geometry": {"type": "Polygon", "coordinates": [[[77.5793037559212, 28.5282387193709], [77.5791720841859, 28.528280591668], [77.5791641362623, 28.5282610980977], [77.5790994669467, 28.5282816632175], [77.5790675993208, 28.5282035025089], [77.5792639402338, 28.5281410651545], [77.5793037559212, 28.5282387193709]]]}}, {"type": "Feature", "properties": {"source": "Google Open Buildings v3", "area_in_meters": 133.81, "confidence": 0.8866, "plus_code": "7JWVGHM8+2CCX", "lat": 28.53257138, "lon": 77.56602662}, "geometry": {"type": "Polygon", "coordinates": [[[77.5661064849952, 28.5325947325696], [77.5660141416932, 28.5326448539259], [77.5659467559312, 28.5325480291819], [77.5660390991916, 28.5324979078722], [77.5661064849952, 28.5325947325696]]]}}, {"type": "Feature", "properties": {"source": "Google Open Buildings v3", "area_in_meters": 62.67, "confidence": 0.728, "plus_code": "7JWVGHHH+98F6", "lat": 28.52843168, "lon": 77.57828643}, "geometry": {"type": "Polygon", "coordinates": [[[77.5783354882782, 28.5284587697201], [77.578267179777, 28.528479859696], [77.578237388129, 28.5284045998454], [77.5783056965897, 28.5283835098876], [77.5783354882782, 28.5284587697201]]]}}, {"type": "Feature", "properties": {"source": "Google Open Buildings v3", "area_in_meters": 58.78, "confidence": 0.8295, "plus_code": "7JWVGHF9+4HPR", "lat": 28.5228462, "lon": 77.56893979}, "geometry": {"type": "Polygon", "coordinates": [[[77.568998806402, 28.5228530991425], [77.5689033599865, 28.5228877955068], [77.5688807686215, 28.5228393186103], [77.568976215005, 28.5228046222634], [77.568998806402, 28.5228530991425]]]}}, {"type": "Feature", "properties": {"source": "Google Open Buildings v3", "area_in_meters": 15.13, "confidence": 0.651, "plus_code": "7JWVGHJG+JWVR", "lat": 28.53162441, "lon": 77.57728589}, "geometry": {"type": "Polygon", "coordinates": [[[77.5773137361665, 28.5316206204399], [77.5772932712618, 28.5316484207518], [77.5772580568128, 28.5316282034014], [77.5772785217239, 28.5316004030947], [77.5773137361665, 28.5316206204399]]]}}, {"type": "Feature", "properties": {"source": "Google Open Buildings v3", "area_in_meters": 28.89, "confidence": 0.7015, "plus_code": "7JWVGHHF+2CQJ", "lat": 28.52759332, "lon": 77.57360052}, "geometry": {"type": "Polygon", "coordinates": [[[77.5736391296509, 28.5275755532172], [77.5736399577029, 28.5276096196854], [77.5735619204765, 28.5276110991434], [77.5735610924497, 28.5275770326731], [77.5736391296509, 28.5275755532172]]]}}, {"type": "Feature", "properties": {"source": "Google Open Buildings v3", "area_in_meters": 65.39, "confidence": 0.8358, "plus_code": "7JWVGHMG+3GGW", "lat": 28.53269956, "lon": 77.57632916}, "geometry": {"type": "Polygon", "coordinates": [[[77.5763868609691, 28.5327143228507], [77.5763323399869, 28.5327525365672], [77.5762714583107, 28.532684793409], [77.576325979282, 28.5326465797186], [77.5763868609691, 28.5327143228507]]]}}, {"type": "Feature", "properties": {"source": "Google Open Buildings v3", "area_in_meters": 34.8, "confidence": 0.7675, "plus_code": "7JWVGHHF+444X", "lat": 28.52777437, "lon": 77.57283623}, "geometry": {"type": "Polygon", "coordinates": [[[77.5728738244575, 28.5277927797488], [77.5728229689235, 28.5278104856119], [77.5727986314362, 28.5277559635422], [77.5728494869495, 28.5277382576897], [77.5728738244575, 28.5277927797488]]]}}, {"type": "Feature", "properties": {"source": "Google Open Buildings v3", "area_in_meters": 30.58, "confidence": 0.6954, "plus_code": "7JWVGHHJ+JR48", "lat": 28.52900848, "lon": 77.58208213}, "geometry": {"type": "Polygon", "coordinates": [[[77.5820632649644, 28.5290495436265], [77.5820380948023, 28.5290297215383], [77.5821010018762, 28.5289674196718], [77.5821261720334, 28.5289872417487], [77.5820632649644, 28.5290495436265]]]}}, {"type": "Feature", "properties": {"source": "Google Open Buildings v3", "area_in_meters": 124.01, "confidence": 0.7645, "plus_code": "7JWVGHGG+C6WH", "lat": 28.52611207, "lon": 77.57559206}, "geometry": {"type": "Polygon", "coordinates": [[[77.5755989559704, 28.5260413160615], [77.5756722559753, 28.5261169160563], [77.5755851559838, 28.5261828160625], [77.5755118559789, 28.5261072160677], [77.5755989559704, 28.5260413160615]]]}}, {"type": "Feature", "properties": {"source": "Google Open Buildings v3", "area_in_meters": 415.79, "confidence": 0.9236, "plus_code": "7JWVGHHH+V22F", "lat": 28.52963748, "lon": 77.57750856}, "geometry": {"type": "Polygon", "coordinates": [[[77.5776336754888, 28.5297146149865], [77.5774730151641, 28.5297685210933], [77.5773834526655, 28.5295603322444], [77.57754411273, 28.5295064262619], [77.5776336754888, 28.5297146149865]]]}}, {"type": "Feature", "properties": {"source": "Google Open Buildings v3", "area_in_meters": 13.66, "confidence": 0.762, "plus_code": "7JWVGHM8+29C3", "lat": 28.53255178, "lon": 77.56588389}, "geometry": {"type": "Polygon", "coordinates": [[[77.5659075622063, 28.5325408914347], [77.5658968480364, 28.5325723751103], [77.5658602164279, 28.5325626529062], [77.5658709306082, 28.5325311692328], [77.5659075622063, 28.5325408914347]]]}}, {"type": "Feature", "properties": {"source": "Google Open Buildings v3", "area_in_meters": 68.59, "confidence": 0.7357, "plus_code": "7JWVGHGJ+GHJX", "lat": 28.52634723, "lon": 77.5814026}, "geometry": {"type": "Polygon", "coordinates": [[[77.5814935717906, 28.526298079528], [77.5813337419309, 28.5264191557087], [77.5813116362464, 28.5263963947471], [77.5814714661048, 28.5262753185962], [77.5814935717906, 28.526298079528]]]}}, {"type": "Feature", "properties": {"source": "Google Open Buildings v3", "area_in_meters": 20.59, "confidence": 0.6643, "plus_code": "7JWVGH7C+8HQ4", "lat": 28.51332765, "lon": 77.57148737}, "geometry": {"type": "Polygon", "coordinates": [[[77.5715209654559, 28.513321065562], [77.5715083769517, 28.5133517328217], [77.5714537652877, 28.5133342432041], [77.5714663538064, 28.5133035759486], [77.5715209654559, 28.513321065562]]]}}, {"type": "Feature", "properties": {"source": "Google Open Buildings v3", "area_in_meters": 1195.58, "confidence": 0.8523, "plus_code": "7JWVGHFC+QXP9", "lat": 28.52445998, "lon": 77.57246397}, "geometry": {"type": "Polygon", "coordinates": [[[77.5725451558694, 28.5241704162373], [77.5726048558671, 28.524163516233], [77.5726150558731, 28.5242329162323], [77.5725241558767, 28.5242433162388], [77.572544755889, 28.5243842162373], [77.5725061558905, 28.52438861624], [77.5725465559146, 28.5246643162372], [77.5725852559131, 28.5246599162344], [77.5725969559201, 28.5247397162336], [77.5724980559239, 28.5247511162406], [77.5725023559265, 28.5247804162403], [77.5723955559306, 28.5247926162478], [77.5723315558924, 28.5243559162524], [77.5724232558889, 28.5243454162459], [77.5723971558733, 28.5241675162477], [77.5724502558712, 28.524161416244], [77.5724468558692, 28.5241384162442], [77.5724691558684, 28.5241359162426], [77.572463455865, 28.524097516243], [77.5725332558623, 28.5240895162381], [77.5725451558694, 28.5241704162373]]]}}, {"type": "Feature", "properties": {"source": "Google Open Buildings v3", "area_in_meters": 54.93, "confidence": 0.8072, "plus_code": "7JWVGHF9+GPXQ", "lat": 28.52386846, "lon": 77.56936855}, "geometry": {"type": "Polygon", "coordinates": [[[77.569416639083, 28.5238905265933], [77.5693548848098, 28.5239147710164], [77.5693204709615, 28.5238463961605], [77.5693822252052, 28.5238221517548], [77.569416639083, 28.5238905265933]]]}}, {"type": "Feature", "properties": {"source": "Google Open Buildings v3", "area_in_meters": 32.47, "confidence": 0.8076, "plus_code": "7JWVGHJ8+H836", "lat": 28.53138214, "lon": 77.56578666}, "geometry": {"type": "Polygon", "coordinates": [[[77.5658261664232, 28.5314044536016], [77.565792440692, 28.5314232388581], [77.5657471507458, 28.5313598239478], [77.5657808764666, 28.5313410387032], [77.5658261664232, 28.5314044536016]]]}}, {"type": "Feature", "properties": {"source": "Google Open Buildings v3", "area_in_meters": 1139.7, "confidence": 0.8177, "plus_code": "7JWVGHFF+M79M", "lat": 28.52416787, "lon": 77.57322732}, "geometry": {"type": "Polygon", "coordinates": [[[77.5731428229377, 28.5239114663418], [77.5731922613366, 28.5239164474454], [77.5731883835316, 28.5239464689796], [77.5732454129672, 28.5239522148846], [77.5732203743981, 28.5241460612186], [77.573429690014, 28.5241671502224], [77.5734262627614, 28.5241936840724], [77.5734824311385, 28.5241993431011], [77.5734723097542, 28.5242777033075], [77.5734353475933, 28.5242739793325], [77.5734203533456, 28.5243900650281], [77.5733654083634, 28.5243845292492], [77.5733677548314, 28.5243663629474], [77.5732623296111, 28.5243557411527], [77.5732695245682, 28.5243000383654], [77.5731443428818, 28.5242874259543], [77.5731489219824, 28.5242519752236], [77.5730287992108, 28.5242398723975], [77.5730682611105, 28.5239343661653], [77.5731389451184, 28.523941487875], [77.5731428229377, 28.5239114663418]]]}}, {"type": "Feature", "properties": {"source": "Google Open Buildings v3", "area_in_meters": 44.78, "confidence": 0.8084, "plus_code": "7JWVGHHJ+RFRH", "lat": 28.5296117, "lon": 77.58115143}, "geometry": {"type": "Polygon", "coordinates": [[[77.5811991623457, 28.5296306052373], [77.5811580888323, 28.5296575234666], [77.5811037046814, 28.5295928020792], [77.5811447781866, 28.5295658838665], [77.5811991623457, 28.5296306052373]]]}}, {"type": "Feature", "properties": {"source": "Google Open Buildings v3", "area_in_meters": 59.55, "confidence": 0.8806, "plus_code": "7JWVGH7C+8PRV", "lat": 28.5133707, "lon": 77.57175994}, "geometry": {"type": "Polygon", "coordinates": [[[77.5717490119338, 28.5134236535196], [77.5717038520432, 28.5133917324061], [77.5717708838766, 28.5133177461583], [77.5718160437517, 28.5133496672508], [77.5717490119338, 28.5134236535196]]]}}, {"type": "Feature", "properties": {"source": "Google Open Buildings v3", "area_in_meters": 54.16, "confidence": 0.788, "plus_code": "7JWVGHGH+C42H", "lat": 28.5260147, "lon": 77.5777788}, "geometry": {"type": "Polygon", "coordinates": [[[77.5777949486076, 28.5259870263088], [77.5777947485401, 28.5260062405619], [77.5778458317133, 28.5260066554305], [77.5778455152168, 28.5260370528363], [77.5777252528229, 28.5260360761048], [77.5777257694341, 28.5259864644436], [77.5777949486076, 28.5259870263088]]]}}, {"type": "Feature", "properties": {"source": "Google Open Buildings v3", "area_in_meters": 23.78, "confidence": 0.7309, "plus_code": "7JWVGHJJ+GVQX", "lat": 28.53134929, "lon": 77.58224854}, "geometry": {"type": "Polygon", "coordinates": [[[77.5822644147421, 28.5313215336622], [77.582279712331, 28.5313637439102], [77.5822326649901, 28.5313770418811], [77.5822173674173, 28.5313348316269], [77.5822644147421, 28.5313215336622]]]}}, {"type": "Feature", "properties": {"source": "Google Open Buildings v3", "area_in_meters": 17.39, "confidence": 0.7747, "plus_code": "7JWVGHFC+57R2", "lat": 28.52297807, "lon": 77.57062729}, "geometry": {"type": "Polygon", "coordinates": [[[77.5706445534225, 28.5229562089041], [77.5706502662892, 28.522995342164], [77.5706100271128, 28.5229999243401], [77.5706043142605, 28.5229607910775], [77.5706445534225, 28.5229562089041]]]}}, {"type": "Feature", "properties": {"source": "Google Open Buildings v3", "area_in_meters": 74.92, "confidence": 0.8502, "plus_code": "7JWVGHM8+439Q", "lat": 28.53279177, "lon": 77.56524256}, "geometry": {"type": "Polygon", "coordinates": [[[77.5653090007673, 28.5328268379032], [77.5652670680572, 28.5328566083917], [77.5651761179539, 28.5327566995683], [77.5652180506549, 28.532726929108], [77.5653090007673, 28.5328268379032]]]}}, {"type": "Feature", "properties": {"source": "Google Open Buildings v3", "area_in_meters": 34.72, "confidence": 0.6942, "plus_code": "7JWVGHHJ+4VHX", "lat": 28.52782043, "lon": 77.58224881}, "geometry": {"type": "Polygon", "coordinates": [[[77.5822919513084, 28.5278241133762], [77.5822331528069, 28.5278561304567], [77.5822056583995, 28.5278167478984], [77.5822644568898, 28.5277847308307], [77.5822919513084, 28.5278241133762]]]}}]}