{"type": "FeatureCollection", "name": "snu_buildings_ms", "crs": {"type": "name", "properties": {"name": "urn:ogc:def:crs:OGC:1.3:CRS84"}}, "metadata": {"source": "Microsoft Global ML Building Footprints, RegionName=India, quadkey=123121312, release 2026-02-03 (uploaded 2026-02-23)", "url": "https://minedbuildings.z5.web.core.windows.net/global-buildings/2026-02-03/global-buildings.geojsonl/RegionName=India/quadkey=123121312/part-00106-4feead82-d499-422b-94cb-c036c212127a.c000.csv.gz", "licence": "Community Data License Agreement - Permissive, Version 2.0 (CDLA-Permissive-2.0)", "attribution": "Building footprints (c) Microsoft / Bing Maps - CDLA Permissive 2.0", "bbox": [77.5639, 28.5133, 77.5823, 28.5335], "fetched_utc": "2026-09-05T07:01Z", "note": "height = -1.0 on every footprint in this tile, i.e. no height estimate available", "release_note": "Downloaded from the 2026-02-03 release index; the 2026-08-13 release index was also downloaded and clipped on 2026-09-05 and yields an identical 302 footprints with 0 heights, so this file is current. India footprints last refreshed in the 2024-03-26 release (110M India edits)."}, "features": [{"type": "Feature", "properties": {"height": -1.0, "confidence": 0.9840999841690063, "source": "Microsoft Global ML Building Footprints (2026-02-03 release)"}, "geometry": {"type": "Polygon", "coordinates": [[[77.57014697894684, 28.52158526687832], [77.57018460773917, 28.521571373777718], [77.5702061306098, 28.5216163766827], [77.57016850580482, 28.52163027061895], [77.57014697894684, 28.52158526687832]]]}}, {"type": "Feature", "properties": {"height": -1.0, "confidence": 0.9833999872207642, "source": "Microsoft Global ML Building Footprints (2026-02-03 release)"}, "geometry": {"type": "Polygon", "coordinates": [[[77.5776758502721, 28.526032751531325], [77.57779720902626, 28.52602707248196], [77.57779891847792, 28.526055271558185], [77.57767756196368, 28.52606095050122], [77.5776758502721, 28.526032751531325]]]}}, {"type": "Feature", "properties": {"height": -1.0, "confidence": 0.9221000075340271, "source": "Microsoft Global ML Building Footprints (2026-02-03 release)"}, "geometry": {"type": "Polygon", "coordinates": [[[77.57898561994286, 28.532752844467417], [77.57902829972001, 28.53280700375999], [77.57876902116526, 28.532964707623478], [77.5787263413881, 28.532910548411948], [77.57898561994286, 28.532752844467417]]]}}, {"type": "Feature", "properties": {"height": -1.0, "confidence": 0.9769999980926514, "source": "Microsoft Global ML Building Footprints (2026-02-03 release)"}, "geometry": {"type": "Polygon", "coordinates": [[[77.57467690852036, 28.529953598844706], [77.574725280736, 28.529963432217862], [77.57471526638733, 28.530001456965003], [77.57466689417174, 28.529991623595393], [77.57467690852036, 28.529953598844706]]]}}, {"type": "Feature", "properties": {"height": -1.0, "confidence": 0.984499990940094, "source": "Microsoft Global ML Building Footprints (2026-02-03 release)"}, "geometry": {"type": "Polygon", "coordinates": [[[77.56559020066828, 28.53069528173036], [77.56550322876556, 28.530740936358967], [77.56542813315261, 28.53063050212117], [77.56551510773534, 28.530584851385925], [77.56559020066828, 28.53069528173036]]]}}, {"type": "Feature", "properties": {"height": -1.0, "confidence": 0.9563999772071838, "source": "Microsoft Global ML Building Footprints (2026-02-03 release)"}, "geometry": {"type": "Polygon", "coordinates": [[[77.56541521105001, 28.530517661515404], [77.5654516053894, 28.53050412686514], [77.56547278787305, 28.53054809209347], [77.56543639353366, 28.530561626738077], [77.56541521105001, 28.530517661515404]]]}}, {"type": "Feature", "properties": {"height": -1.0, "confidence": 0.9843000173568726, "source": "Microsoft Global ML Building Footprints (2026-02-03 release)"}, "geometry": {"type": "Polygon", "coordinates": [[[77.56941040522182, 28.52379123383873], [77.56927389131756, 28.52383604482123], [77.56918156078913, 28.523618905238607], [77.5693180746934, 28.5235740941638], [77.56941040522182, 28.52379123383873]]]}}, {"type": "Feature", "properties": {"height": -1.0, "confidence": 0.9527000188827515, "source": "Microsoft Global ML Building Footprints (2026-02-03 release)"}, "geometry": {"type": "Polygon", "coordinates": [[[77.57342940726271, 28.527601704480617], [77.57354231306442, 28.527582854993646], [77.57355264318781, 28.52763061803143], [77.57330930197055, 28.52767124353055], [77.57320865183513, 28.527205870204007], [77.57344422381958, 28.527166527109102], [77.57349125871914, 28.527384001447416], [77.5733861037383, 28.52740155697743], [77.57342940726271, 28.527601704480617]]]}}, {"type": "Feature", "properties": {"height": -1.0, "confidence": 0.9757000207901001, "source": "Microsoft Global ML Building Footprints (2026-02-03 release)"}, "geometry": {"type": "Polygon", "coordinates": [[[77.57429346138493, 28.527851162732986], [77.57426732892026, 28.52786120434068], [77.57422990421412, 28.5277860362095], [77.57425604170524, 28.52777599266318], [77.57429346138493, 28.527851162732986]]]}}, {"type": "Feature", "properties": {"height": -1.0, "confidence": 0.9911999702453613, "source": "Microsoft Global ML Building Footprints (2026-02-03 release)"}, "geometry": {"type": "Polygon", "coordinates": [[[77.57426661976756, 28.523050689098433], [77.57432404594141, 28.52301692222558], [77.57435672781669, 28.52305982524897], [77.57429930350064, 28.523093594546935], [77.57426661976756, 28.523050689098433]]]}}, {"type": "Feature", "properties": {"height": -1.0, "confidence": 0.9326000213623047, "source": "Microsoft Global ML Building Footprints (2026-02-03 release)"}, "geometry": {"type": "Polygon", "coordinates": [[[77.565201877687, 28.531220912081174], [77.56523742317638, 28.531289085657775], [77.56508444575533, 28.53135064141913], [77.56503630968545, 28.53125832009888], [77.56524361770433, 28.531174889711643], [77.56525621218773, 28.531199048690937], [77.565201877687, 28.531220912081174]]]}}, {"type": "Feature", "properties": {"height": -1.0, "confidence": 0.9814000129699707, "source": "Microsoft Global ML Building Footprints (2026-02-03 release)"}, "geometry": {"type": "Polygon", "coordinates": [[[77.56510735497514, 28.53182990081031], [77.56496277631973, 28.531898202406587], [77.56490683669472, 28.53180680634381], [77.56505142099822, 28.531738502020048], [77.56510735497514, 28.53182990081031]]]}}, {"type": "Feature", "properties": {"height": -1.0, "confidence": 0.9907000064849854, "source": "Microsoft Global ML Building Footprints (2026-02-03 release)"}, "geometry": {"type": "Polygon", "coordinates": [[[77.56889577417789, 28.513414938112994], [77.56885685203146, 28.5134258916559], [77.56883386641836, 28.513362840945163], [77.56887278777334, 28.513351885224807], [77.56889577417789, 28.513414938112994]]]}}, {"type": "Feature", "properties": {"height": -1.0, "confidence": 0.9708999991416931, "source": "Microsoft Global ML Building Footprints (2026-02-03 release)"}, "geometry": {"type": "Polygon", "coordinates": [[[77.57342621917084, 28.52267943148545], [77.57350026243104, 28.52255564300029], [77.57361172481492, 28.522564416492003], [77.57367609507193, 28.52259414009427], [77.57367066064182, 28.522647439313097], [77.57357421271034, 28.52280868465509], [77.57380431875433, 28.52291493811005], [77.57380102218443, 28.52294726975861], [77.57375811628847, 28.523018991752032], [77.57372362765553, 28.523016277074554], [77.57369586369127, 28.523062693795133], [77.57357298145921, 28.523053013906882], [77.5735766342276, 28.52301718881872], [77.5735064364326, 28.522984774422824], [77.57353736380897, 28.522933068964896], [77.57329179915672, 28.5228196773796], [77.57308346061474, 28.522803278554733], [77.57309604311166, 28.522679873436665], [77.57311248798345, 28.522652380254634], [77.57314322724478, 28.522654799819016], [77.57316437775494, 28.522619439556394], [77.57321797015865, 28.522644186366094], [77.57324496968789, 28.52264631156695], [77.57329418111959, 28.522669038441137], [77.57342621917084, 28.52267943148545]]]}}, {"type": "Feature", "properties": {"height": -1.0, "confidence": 0.9980999827384949, "source": "Microsoft Global ML Building Footprints (2026-02-03 release)"}, "geometry": {"type": "Polygon", "coordinates": [[[77.5728140002564, 28.527583665173957], [77.57269007728867, 28.527630125406752], [77.57265773418167, 28.52756353343902], [77.57278166476783, 28.52751707794129], [77.5728140002564, 28.527583665173957]]]}}, {"type": "Feature", "properties": {"height": -1.0, "confidence": 0.9943000078201294, "source": "Microsoft Global ML Building Footprints (2026-02-03 release)"}, "geometry": {"type": "Polygon", "coordinates": [[[77.56443354694113, 28.51570886491067], [77.56451216441039, 28.515656126542304], [77.56453545081935, 28.515682928272376], [77.56445683469877, 28.515735665722616], [77.56443354694113, 28.51570886491067]]]}}, {"type": "Feature", "properties": {"height": -1.0, "confidence": 0.9523000121116638, "source": "Microsoft Global ML Building Footprints (2026-02-03 release)"}, "geometry": {"type": "Polygon", "coordinates": [[[77.56934541141037, 28.52283603580232], [77.5694287852183, 28.523058114887576], [77.56936105443117, 28.523077748842127], [77.56927767921304, 28.52285566604194], [77.56934541141037, 28.52283603580232]]]}}, {"type": "Feature", "properties": {"height": -1.0, "confidence": 0.800599992275238, "source": "Microsoft Global ML Building Footprints (2026-02-03 release)"}, "geometry": {"type": "Polygon", "coordinates": [[[77.57669630618953, 28.525556209760467], [77.57571709386718, 28.526273719361285], [77.5756907077632, 28.526245921806854], [77.57562743071492, 28.526292287376485], [77.5755073739418, 28.52616580846685], [77.57563058786958, 28.52607552467282], [77.57562982811959, 28.52604217686317], [77.57567467691587, 28.526009311561246], [77.57567337722827, 28.525952264154846], [77.57572008536636, 28.525918039165724], [77.57570599649053, 28.525881230824396], [77.57576045901186, 28.525841323849207], [77.57565506885825, 28.525565982934253], [77.57525647032216, 28.525573017533674], [77.57525199142654, 28.5255613135795], [77.57515921134944, 28.525562950993248], [77.57515484907586, 28.525372143212486], [77.57516274582191, 28.525372003847835], [77.57519446255723, 28.525348763554284], [77.57523744576454, 28.525348007613907], [77.57523583010538, 28.52527733786234], [77.575699656987, 28.525269180590357], [77.5757337346327, 28.5253050814552], [77.57573118603514, 28.525193214656937], [77.57626251168669, 28.525183870284025], [77.57629694434429, 28.52527382899295], [77.57640603424508, 28.525193893768368], [77.57637770746885, 28.525164051424873], [77.57634123881435, 28.52517482690316], [77.57634065014432, 28.525149078140963], [77.57651115971046, 28.52509869726054], [77.57651730819606, 28.525367635345127], [77.57669630618953, 28.525556209760467]]]}}, {"type": "Feature", "properties": {"height": -1.0, "confidence": 0.91839998960495, "source": "Microsoft Global ML Building Footprints (2026-02-03 release)"}, "geometry": {"type": "Polygon", "coordinates": [[[77.57437874224405, 28.527927611888224], [77.5743558575173, 28.528001310394814], [77.5743895688418, 28.528082009293115], [77.57444646674614, 28.5280636620669], [77.57458011465948, 28.52763325874293], [77.57475756545158, 28.527576048842697], [77.57492500890704, 28.52797687961951], [77.57498553214894, 28.527957367073654], [77.57500911261708, 28.528013825305045], [77.57499543865052, 28.528057861235304], [77.57496081869614, 28.52806902261414], [77.57506492861665, 28.52831824283615], [77.57391137057961, 28.528690145244752], [77.5739443387211, 28.528769064580402], [77.5738994256008, 28.5287835443499], [77.57357928759525, 28.528017193670387], [77.57423551129604, 28.527805628634553], [77.57427746184507, 28.527906070097593], [77.57407180703109, 28.527972385372586], [77.5741198835977, 28.528087494061744], [77.57409815186548, 28.52815747933292], [77.57410637885086, 28.528177177001332], [77.57433094953531, 28.528104776078642], [77.5743199854733, 28.528078525076182], [77.57428074626165, 28.52809117810125], [77.57426828654619, 28.52806135177451], [77.57433969795613, 28.528038328927806], [77.5743115866897, 28.528031589154914], [77.57432316450429, 28.52799430370861], [77.57423641748687, 28.52797350580245], [77.57437874224405, 28.527927611888224]]]}}, {"type": "Feature", "properties": {"height": -1.0, "confidence": 0.9330999851226807, "source": "Microsoft Global ML Building Footprints (2026-02-03 release)"}, "geometry": {"type": "Polygon", "coordinates": [[[77.57497626116947, 28.528687964782883], [77.57498017506792, 28.528730101696794], [77.57494441972216, 28.528732665285077], [77.57494050915821, 28.528690528133133], [77.57497626116947, 28.528687964782883]]]}}, {"type": "Feature", "properties": {"height": -1.0, "confidence": 0.9969000220298767, "source": "Microsoft Global ML Building Footprints (2026-02-03 release)"}, "geometry": {"type": "Polygon", "coordinates": [[[77.58062011707442, 28.528666865861787], [77.58057660749375, 28.528693336582357], [77.58055149995647, 28.528661481108927], [77.58059500953713, 28.5286350103804], [77.58062011707442, 28.528666865861787]]]}}, {"type": "Feature", "properties": {"height": -1.0, "confidence": 0.9710000157356262, "source": "Microsoft Global ML Building Footprints (2026-02-03 release)"}, "geometry": {"type": "Polygon", "coordinates": [[[77.56426471880187, 28.51610971082755], [77.56431893131214, 28.516076561267674], [77.56437049074331, 28.516141663263816], [77.56431627823302, 28.516174812803214], [77.56426471880187, 28.51610971082755]]]}}, {"type": "Feature", "properties": {"height": -1.0, "confidence": 0.9664000272750854, "source": "Microsoft Global ML Building Footprints (2026-02-03 release)"}, "geometry": {"type": "Polygon", "coordinates": [[[77.57497496617009, 28.51834381215904], [77.57546321398299, 28.51849751314724], [77.57536101651522, 28.518748151933934], [77.57487275100947, 28.51859444574137], [77.57497496617009, 28.51834381215904]]]}}, {"type": "Feature", "properties": {"height": -1.0, "confidence": 0.9787999987602234, "source": "Microsoft Global ML Building Footprints (2026-02-03 release)"}, "geometry": {"type": "Polygon", "coordinates": [[[77.57951629945455, 28.530257291067556], [77.57941758633683, 28.53034032039257], [77.57931977850876, 28.530250564193793], [77.57941849535733, 28.530167531659963], [77.57951629945455, 28.530257291067556]]]}}, {"type": "Feature", "properties": {"height": -1.0, "confidence": 0.988099992275238, "source": "Microsoft Global ML Building Footprints (2026-02-03 release)"}, "geometry": {"type": "Polygon", "coordinates": [[[77.56626970622767, 28.51390499119772], [77.56634622524871, 28.513966557977767], [77.56631073078537, 28.514000619625456], [77.56623421057277, 28.51393905661253], [77.56626970622767, 28.51390499119772]]]}}, {"type": "Feature", "properties": {"height": -1.0, "confidence": 0.9710000157356262, "source": "Microsoft Global ML Building Footprints (2026-02-03 release)"}, "geometry": {"type": "Polygon", "coordinates": [[[77.5694986630177, 28.524198199595403], [77.56961478800883, 28.524168350617686], [77.56964008685537, 28.5242443298171], [77.56952396186423, 28.524274178773318], [77.5694986630177, 28.524198199595403]]]}}, {"type": "Feature", "properties": {"height": -1.0, "confidence": 0.9627000093460083, "source": "Microsoft Global ML Building Footprints (2026-02-03 release)"}, "geometry": {"type": "Polygon", "coordinates": [[[77.56786014363452, 28.514387725687975], [77.56796211884456, 28.51435218582681], [77.56800164569027, 28.51443975467304], [77.56789967048024, 28.514475294504706], [77.56786014363452, 28.514387725687975]]]}}, {"type": "Feature", "properties": {"height": -1.0, "confidence": 0.9682000279426575, "source": "Microsoft Global ML Building Footprints (2026-02-03 release)"}, "geometry": {"type": "Polygon", "coordinates": [[[77.5728443141581, 28.518656430103782], [77.57345425480806, 28.51842522312596], [77.57351473992725, 28.51854841434276], [77.57326262810527, 28.51864398098818], [77.5732481411406, 28.518661256251498], [77.5731035313931, 28.518716072627157], [77.57310802678732, 28.518725228463495], [77.57293757253777, 28.518789831039683], [77.57292773301681, 28.518801565466838], [77.57287163399621, 28.518822830571303], [77.57281114887702, 28.51869963967509], [77.57279278619933, 28.518706600307553], [77.57277077144491, 28.5187328547075], [77.57266612239096, 28.518772516955934], [77.57262905499346, 28.518697008995325], [77.5726137792657, 28.51870279853656], [77.57253184799625, 28.51864975841906], [77.57250422062324, 28.518593489283894], [77.57245899269297, 28.518610630805007], [77.57243566480635, 28.518563118490434], [77.57253257332532, 28.51844754689958], [77.57263368156617, 28.51851300179829], [77.57263368156617, 28.51851300179829], [77.57274770962628, 28.51858682061006], [77.57275279855281, 28.51859718531523], [77.5728443141581, 28.518656430103782]]]}}, {"type": "Feature", "properties": {"height": -1.0, "confidence": 0.9890999794006348, "source": "Microsoft Global ML Building Footprints (2026-02-03 release)"}, "geometry": {"type": "Polygon", "coordinates": [[[77.58115231660283, 28.532076008533657], [77.58111335589125, 28.53197302619001], [77.58137179531631, 28.53189754340397], [77.58141076144176, 28.53200054013162], [77.58115231660283, 28.532076008533657]]]}}, {"type": "Feature", "properties": {"height": -1.0, "confidence": 0.9478999972343445, "source": "Microsoft Global ML Building Footprints (2026-02-03 release)"}, "geometry": {"type": "Polygon", "coordinates": [[[77.5813360275008, 28.530990654022773], [77.58137755161654, 28.531028972473116], [77.58123473470845, 28.53114842995587], [77.58119320899154, 28.531110112888207], [77.5813360275008, 28.530990654022773]]]}}, {"type": "Feature", "properties": {"height": -1.0, "confidence": 0.9574000239372253, "source": "Microsoft Global ML Building Footprints (2026-02-03 release)"}, "geometry": {"type": "Polygon", "coordinates": [[[77.56749053462504, 28.528892438820684], [77.56745221633243, 28.5288999645593], [77.56744193733245, 28.52885956589808], [77.56748025562503, 28.528852040156586], [77.56749053462504, 28.528892438820684]]]}}, {"type": "Feature", "properties": {"height": -1.0, "confidence": 0.9395999908447266, "source": "Microsoft Global ML Building Footprints (2026-02-03 release)"}, "geometry": {"type": "Polygon", "coordinates": [[[77.5680109500365, 28.53349808524606], [77.56795521820534, 28.533506816805662], [77.56793899292414, 28.533426884024344], [77.567994730927, 28.53341815149119], [77.5680109500365, 28.53349808524606]]]}}, {"type": "Feature", "properties": {"height": -1.0, "confidence": 0.9717000126838684, "source": "Microsoft Global ML Building Footprints (2026-02-03 release)"}, "geometry": {"type": "Polygon", "coordinates": [[[77.56625645094788, 28.531979732486654], [77.56626702519172, 28.532000482155617], [77.56634075625861, 28.53197147600548], [77.56642621772667, 28.53213917556895], [77.56621395608457, 28.53222266709586], [77.56613192722457, 28.53206170341263], [77.56609841222844, 28.532074886299398], [77.5660844073011, 28.532047404673825], [77.56625645094788, 28.531979732486654]]]}}, {"type": "Feature", "properties": {"height": -1.0, "confidence": 0.9951000213623047, "source": "Microsoft Global ML Building Footprints (2026-02-03 release)"}, "geometry": {"type": "Polygon", "coordinates": [[[77.56431976293575, 28.51605382404164], [77.5642532668844, 28.51610988934386], [77.56419833053418, 28.51605957894577], [77.56426482449915, 28.51600351537588], [77.56431976293575, 28.51605382404164]]]}}, {"type": "Feature", "properties": {"height": -1.0, "confidence": 0.9876999855041504, "source": "Microsoft Global ML Building Footprints (2026-02-03 release)"}, "geometry": {"type": "Polygon", "coordinates": [[[77.56499369904947, 28.531092717035335], [77.56503991953387, 28.531156349196635], [77.56494271356668, 28.531210848525816], [77.56489649308227, 28.53114721639745], [77.56499369904947, 28.531092717035335]]]}}, {"type": "Feature", "properties": {"height": -1.0, "confidence": 0.9908000230789185, "source": "Microsoft Global ML Building Footprints (2026-02-03 release)"}, "geometry": {"type": "Polygon", "coordinates": [[[77.56596306272931, 28.532820584374775], [77.56599699440346, 28.53288137097094], [77.56596023710753, 28.53289720776562], [77.5659263054334, 28.532836421178594], [77.56596306272931, 28.532820584374775]]]}}, {"type": "Feature", "properties": {"height": -1.0, "confidence": 0.9896000027656555, "source": "Microsoft Global ML Building Footprints (2026-02-03 release)"}, "geometry": {"type": "Polygon", "coordinates": [[[77.56971103190881, 28.515961056096998], [77.5697344628856, 28.515999534502043], [77.56968521845975, 28.516022683857543], [77.56966178986576, 28.515984204340782], [77.56971103190881, 28.515961056096998]]]}}, {"type": "Feature", "properties": {"height": -1.0, "confidence": 0.9940999746322632, "source": "Microsoft Global ML Building Footprints (2026-02-03 release)"}, "geometry": {"type": "Polygon", "coordinates": [[[77.57055380505643, 28.522985168475294], [77.57059916203708, 28.522975052118554], [77.57061195519442, 28.523019331897224], [77.57056659821377, 28.523029448249694], [77.57055380505643, 28.522985168475294]]]}}, {"type": "Feature", "properties": {"height": -1.0, "confidence": 0.9298999905586243, "source": "Microsoft Global ML Building Footprints (2026-02-03 release)"}, "geometry": {"type": "Polygon", "coordinates": [[[77.57056148970659, 28.521249767999755], [77.5704927886003, 28.52102056914766], [77.57094190853347, 28.520916640020992], [77.57095759812749, 28.520924792868918], [77.57111311648265, 28.520888804939823], [77.57112830999654, 28.520939493253763], [77.57098283257059, 28.52097315763264], [77.57109315069323, 28.52134119802023], [77.57117843056363, 28.521321463799367], [77.57114804353581, 28.5212200875144], [77.57121666040804, 28.521204209183004], [77.57114622968, 28.521167615398888], [77.57120344930031, 28.5211543779682], [77.57119317169003, 28.521120090071562], [77.57131607503261, 28.521091649515952], [77.57142148100988, 28.521443301766908], [77.57047335316669, 28.521662644885275], [77.5704042958483, 28.52143225854862], [77.57043941108905, 28.52142413270041], [77.57037654117606, 28.52121438809082], [77.5704271456181, 28.5212406838075], [77.57046087998772, 28.521190565259026], [77.5703678094012, 28.521212102320078], [77.5703579005878, 28.521179044812285], [77.57047578746744, 28.52115176511107], [77.57050881684548, 28.521261956791953], [77.57056148970659, 28.521249767999755]]]}}, {"type": "Feature", "properties": {"height": -1.0, "confidence": 0.972100019454956, "source": "Microsoft Global ML Building Footprints (2026-02-03 release)"}, "geometry": {"type": "Polygon", "coordinates": [[[77.57069550756827, 28.526140265795632], [77.5707023167969, 28.526053484891655], [77.57075403444215, 28.52605662059834], [77.5707472183334, 28.5261434010826], [77.57069550756827, 28.526140265795632]]]}}, {"type": "Feature", "properties": {"height": -1.0, "confidence": 0.9783999919891357, "source": "Microsoft Global ML Building Footprints (2026-02-03 release)"}, "geometry": {"type": "Polygon", "coordinates": [[[77.57527655224492, 28.523412223634963], [77.575252625281, 28.52345642865471], [77.57516611477179, 28.523420280270926], [77.57519004460742, 28.52337607643598], [77.57527655224492, 28.523412223634963]]]}}, {"type": "Feature", "properties": {"height": -1.0, "confidence": 0.9850000143051147, "source": "Microsoft Global ML Building Footprints (2026-02-03 release)"}, "geometry": {"type": "Polygon", "coordinates": [[[77.57636905866185, 28.531756843630163], [77.5762789572817, 28.531825021667437], [77.5759288334158, 28.531467847767388], [77.57601891846014, 28.531399681860087], [77.57636905866185, 28.531756843630163]]]}}, {"type": "Feature", "properties": {"height": -1.0, "confidence": 0.9495000243186951, "source": "Microsoft Global ML Building Footprints (2026-02-03 release)"}, "geometry": {"type": "Polygon", "coordinates": [[[77.5658894379968, 28.532573735959126], [77.56557189978363, 28.532754341167923], [77.56545983590942, 28.5326022492209], [77.56567342497905, 28.532480779830905], [77.56570523743996, 28.532523955450472], [77.56572224895879, 28.532514280895242], [77.56577363831876, 28.532584026095876], [77.56583601388775, 28.53254855274254], [77.5658061377654, 28.5325080051163], [77.56583070917476, 28.53249402969162], [77.5658894379968, 28.532573735959126]]]}}, {"type": "Feature", "properties": {"height": -1.0, "confidence": 0.9721999764442444, "source": "Microsoft Global ML Building Footprints (2026-02-03 release)"}, "geometry": {"type": "Polygon", "coordinates": [[[77.57286526584045, 28.52481248983476], [77.57260459241593, 28.524734986874734], [77.57260155237631, 28.52471025360863], [77.57264989740185, 28.524584730474935], [77.57265305137813, 28.52458443121388], [77.5729798960413, 28.524681608218906], [77.57332093026513, 28.524649228672537], [77.57333972873987, 28.524802169988263], [77.57334523601158, 28.52478787387234], [77.57336109289251, 28.524792588411287], [77.57334154750691, 28.524843336012587], [77.57324791134022, 28.524815496288348], [77.57304069375796, 28.52483515782103], [77.57306073614855, 28.52499821913711], [77.57296177733177, 28.52500760868174], [77.5729548097248, 28.525025699328914], [77.57293784182951, 28.5250273103428], [77.5728547450381, 28.525002604208744], [77.57283957592742, 28.524879191057536], [77.57286526584045, 28.52481248983476]]]}}, {"type": "Feature", "properties": {"height": -1.0, "confidence": 0.9799000024795532, "source": "Microsoft Global ML Building Footprints (2026-02-03 release)"}, "geometry": {"type": "Polygon", "coordinates": [[[77.57800312925298, 28.533031921386787], [77.57795039443582, 28.53296075058543], [77.57802472846747, 28.532918243429926], [77.57807745930205, 28.53298941653736], [77.57800312925298, 28.533031921386787]]]}}, {"type": "Feature", "properties": {"height": -1.0, "confidence": 0.9775000214576721, "source": "Microsoft Global ML Building Footprints (2026-02-03 release)"}, "geometry": {"type": "Polygon", "coordinates": [[[77.58110901946243, 28.529471321273505], [77.58098144738678, 28.52956325009354], [77.58090779701469, 28.529484358131576], [77.58103537284767, 28.52939242653524], [77.58110901946243, 28.529471321273505]]]}}, {"type": "Feature", "properties": {"height": -1.0, "confidence": 0.9742000102996826, "source": "Microsoft Global ML Building Footprints (2026-02-03 release)"}, "geometry": {"type": "Polygon", "coordinates": [[[77.56736061777825, 28.528892390210437], [77.567377669095, 28.528931414245875], [77.56733926999846, 28.52894436295128], [77.56732222139125, 28.528905338006922], [77.56736061777825, 28.528892390210437]]]}}, {"type": "Feature", "properties": {"height": -1.0, "confidence": 0.9690999984741211, "source": "Microsoft Global ML Building Footprints (2026-02-03 release)"}, "geometry": {"type": "Polygon", "coordinates": [[[77.57230247592031, 28.532351717882136], [77.57237940674226, 28.532296249665123], [77.5724399123204, 28.532361020923233], [77.57240465236033, 28.53238644384402], [77.5723804356578, 28.53236051986034], [77.57233876336568, 28.53239056359874], [77.57230247592031, 28.532351717882136]]]}}, {"type": "Feature", "properties": {"height": -1.0, "confidence": 0.9552000164985657, "source": "Microsoft Global ML Building Footprints (2026-02-03 release)"}, "geometry": {"type": "Polygon", "coordinates": [[[77.57960200309753, 28.52775828228137], [77.57960200309753, 28.527711151253683], [77.57964491844177, 28.527711151253683], [77.57964491844177, 28.52775828228137], [77.57960200309753, 28.52775828228137]]]}}, {"type": "Feature", "properties": {"height": -1.0, "confidence": 0.9776999950408936, "source": "Microsoft Global ML Building Footprints (2026-02-03 release)"}, "geometry": {"type": "Polygon", "coordinates": [[[77.56563092027369, 28.51467677621183], [77.56565088671168, 28.514696608051523], [77.56552299198823, 28.51479602628843], [77.56548039692059, 28.514753718399113], [77.56550898515289, 28.514731495498303], [77.56553161378254, 28.514753971571373], [77.56563092027369, 28.51467677621183]]]}}, {"type": "Feature", "properties": {"height": -1.0, "confidence": 0.9779000282287598, "source": "Microsoft Global ML Building Footprints (2026-02-03 release)"}, "geometry": {"type": "Polygon", "coordinates": [[[77.57007467277462, 28.5329992718181], [77.56995045842342, 28.533055149260278], [77.56984324323965, 28.532871217201617], [77.56996746567303, 28.53281532838797], [77.57007467277462, 28.5329992718181]]]}}, {"type": "Feature", "properties": {"height": -1.0, "confidence": 0.9296000003814697, "source": "Microsoft Global ML Building Footprints (2026-02-03 release)"}, "geometry": {"type": "Polygon", "coordinates": [[[77.57780240368041, 28.53023847912526], [77.57773993668539, 28.530311859633336], [77.57768741276858, 28.530277350509095], [77.5777498777777, 28.53020396544241], [77.57780240368041, 28.53023847912526]]]}}, {"type": "Feature", "properties": {"height": -1.0, "confidence": 0.973800003528595, "source": "Microsoft Global ML Building Footprints (2026-02-03 release)"}, "geometry": {"type": "Polygon", "coordinates": [[[77.56515377729373, 28.532707931159628], [77.56513750527964, 28.532718626912413], [77.56518433841956, 28.532773620323383], [77.56522733021671, 28.532745364053746], [77.56529938119506, 28.532829969260817], [77.56521511727259, 28.532885351497683], [77.56505249077172, 28.53269438880968], [77.56511003614906, 28.5326565636611], [77.56515377729373, 28.532707931159628]]]}}, {"type": "Feature", "properties": {"height": -1.0, "confidence": 0.9623000025749207, "source": "Microsoft Global ML Building Footprints (2026-02-03 release)"}, "geometry": {"type": "Polygon", "coordinates": [[[77.56539717892142, 28.53228932395094], [77.56529555123831, 28.53233063566202], [77.56527408759189, 28.532289875215838], [77.565375715275, 28.532248563488793], [77.56539717892142, 28.53228932395094]]]}}, {"type": "Feature", "properties": {"height": -1.0, "confidence": 0.9794999957084656, "source": "Microsoft Global ML Building Footprints (2026-02-03 release)"}, "geometry": {"type": "Polygon", "coordinates": [[[77.57224095811023, 28.51894864098611], [77.57228298540939, 28.519010445188314], [77.57222763965312, 28.519039497953045], [77.57218561405952, 28.518977696276025], [77.57224095811023, 28.51894864098611]]]}}, {"type": "Feature", "properties": {"height": -1.0, "confidence": 0.9790999889373779, "source": "Microsoft Global ML Building Footprints (2026-02-03 release)"}, "geometry": {"type": "Polygon", "coordinates": [[[77.58104189256471, 28.529606550624933], [77.58112539763648, 28.529550972243705], [77.58131001355824, 28.529765078413412], [77.58122650848651, 28.529820656681714], [77.58104189256471, 28.529606550624933]]]}}, {"type": "Feature", "properties": {"height": -1.0, "confidence": 0.9829999804496765, "source": "Microsoft Global ML Building Footprints (2026-02-03 release)"}, "geometry": {"type": "Polygon", "coordinates": [[[77.56622330614194, 28.513669269524236], [77.56627743640769, 28.513630563487652], [77.56630426402825, 28.513659532137687], [77.56625013051958, 28.51369823715332], [77.56622330614194, 28.513669269524236]]]}}, {"type": "Feature", "properties": {"height": -1.0, "confidence": 0.9632999897003174, "source": "Microsoft Global ML Building Footprints (2026-02-03 release)"}, "geometry": {"type": "Polygon", "coordinates": [[[77.56884203922284, 28.522863117145583], [77.5689721959922, 28.522826387408593], [77.56902842169814, 28.52298020021695], [77.56910136359602, 28.52295961631986], [77.56912713371125, 28.523030113795784], [77.56909552555553, 28.52303903347905], [77.56916307843382, 28.523223832856196], [77.56910826667864, 28.523239297094214], [77.56905205093422, 28.523085478395856], [77.56898640055093, 28.523104000599133], [77.56903519760633, 28.523237520114428], [77.56898413723735, 28.523251929098443], [77.56884203922284, 28.522863117145583]]]}}, {"type": "Feature", "properties": {"height": -1.0, "confidence": 0.9951000213623047, "source": "Microsoft Global ML Building Footprints (2026-02-03 release)"}, "geometry": {"type": "Polygon", "coordinates": [[[77.58029669664238, 28.528104371653548], [77.58045535830576, 28.528000496709588], [77.58070209924686, 28.528291412976508], [77.58054343758346, 28.528395287633764], [77.58029669664238, 28.528104371653548]]]}}, {"type": "Feature", "properties": {"height": -1.0, "confidence": 0.957099974155426, "source": "Microsoft Global ML Building Footprints (2026-02-03 release)"}, "geometry": {"type": "Polygon", "coordinates": [[[77.56948887783432, 28.523253071612103], [77.5694541125814, 28.523096418580067], [77.56965168871389, 28.523062569441116], [77.5696582364241, 28.523092084195802], [77.56973456284969, 28.523079007800376], [77.56975346731284, 28.523164191790663], [77.56971847787437, 28.52317018409476], [77.56972980060924, 28.52322122290895], [77.5695709961272, 28.523248429570955], [77.5695992114049, 28.523375568098118], [77.56953202831414, 28.5233870780069], [77.56950179765944, 28.52325085816539], [77.56948887783432, 28.523253071612103]]]}}, {"type": "Feature", "properties": {"height": -1.0, "confidence": 0.9513000249862671, "source": "Microsoft Global ML Building Footprints (2026-02-03 release)"}, "geometry": {"type": "Polygon", "coordinates": [[[77.58118485854257, 28.53113921201161], [77.58121950946342, 28.531180258260143], [77.58113991234329, 28.53123212379242], [77.58110526142244, 28.53119107756408], [77.58118485854257, 28.53113921201161]]]}}, {"type": "Feature", "properties": {"height": -1.0, "confidence": 0.9429000020027161, "source": "Microsoft Global ML Building Footprints (2026-02-03 release)"}, "geometry": {"type": "Polygon", "coordinates": [[[77.57074274087411, 28.522964485447815], [77.57069302603438, 28.52297140380677], [77.57068556639112, 28.522930022047163], [77.57073528123084, 28.522923103685507], [77.57074274087411, 28.522964485447815]]]}}, {"type": "Feature", "properties": {"height": -1.0, "confidence": 0.9901000261306763, "source": "Microsoft Global ML Building Footprints (2026-02-03 release)"}, "geometry": {"type": "Polygon", "coordinates": [[[77.58152481112997, 28.532238672364564], [77.58155136340251, 28.53229499251401], [77.58149292221778, 28.53231625502741], [77.5814663737751, 28.532259933495894], [77.58152481112997, 28.532238672364564]]]}}, {"type": "Feature", "properties": {"height": -1.0, "confidence": 0.9805999994277954, "source": "Microsoft Global ML Building Footprints (2026-02-03 release)"}, "geometry": {"type": "Polygon", "coordinates": [[[77.56899990641053, 28.513671653092295], [77.56894543573583, 28.513685468132834], [77.56892185261758, 28.51361367278112], [77.56897632329226, 28.513599857731165], [77.56899990641053, 28.513671653092295]]]}}, {"type": "Feature", "properties": {"height": -1.0, "confidence": 0.9708999991416931, "source": "Microsoft Global ML Building Footprints (2026-02-03 release)"}, "geometry": {"type": "Polygon", "coordinates": [[[77.57023107770176, 28.521655516109966], [77.57028066327992, 28.521762713476704], [77.57020930229736, 28.521788196447275], [77.57015971671916, 28.521680999106458], [77.57023107770176, 28.521655516109966]]]}}, {"type": "Feature", "properties": {"height": -1.0, "confidence": 0.9283999800682068, "source": "Microsoft Global ML Building Footprints (2026-02-03 release)"}, "geometry": {"type": "Polygon", "coordinates": [[[77.57624533768343, 28.52662392967013], [77.57640664329305, 28.52662468351241], [77.57627847441331, 28.526790281499068], [77.57604855251635, 28.526652927860823], [77.57607052954991, 28.526624529941593], [77.57623105177741, 28.526625270252026], [77.57614538931269, 28.526574096070902], [77.57621454272449, 28.526484747664867], [77.57628039218018, 28.52648505540474], [77.57636761644862, 28.52637234716962], [77.5764039260256, 28.526372516858473], [77.57640364234634, 28.52641937394553], [77.57624533768343, 28.52662392967013]]]}}, {"type": "Feature", "properties": {"height": -1.0, "confidence": 0.9706000089645386, "source": "Microsoft Global ML Building Footprints (2026-02-03 release)"}, "geometry": {"type": "Polygon", "coordinates": [[[77.5786029087408, 28.529256235731232], [77.57871401256043, 28.529219829026616], [77.57873725637626, 28.529181577705543], [77.57875964994315, 28.52917423973605], [77.57898148024184, 28.529278288819064], [77.57902939449984, 28.529262588191422], [77.57916288366468, 28.529577036374747], [77.57902160408321, 28.529623330969635], [77.57906814964724, 28.52973297381743], [77.57912701613952, 28.529713684425452], [77.5791401894124, 28.529744715405073], [77.57903471951354, 28.52977927580433], [77.57913449512048, 28.529826075108552], [77.5791751269722, 28.529921787422857], [77.57902288856428, 28.52997167284984], [77.57908536254492, 28.53000097594125], [77.57911774928141, 28.530077265957935], [77.57896778091173, 28.53012640746727], [77.57895347702505, 28.530149946532397], [77.5788586984818, 28.530181003467042], [77.57880777840464, 28.530061056509226], [77.57887008478266, 28.52995853588215], [77.57884621321969, 28.529902314652965], [77.57890401051928, 28.52988337564485], [77.57887461499215, 28.529814131579315], [77.57882516827175, 28.529830337322565], [77.57877376659228, 28.529709255502354], [77.57890091821562, 28.529667590401843], [77.57884998156061, 28.529547603808837], [77.5787416672148, 28.529583096343288], [77.5786029087408, 28.529256235731232]]]}}, {"type": "Feature", "properties": {"height": -1.0, "confidence": 0.9776999950408936, "source": "Microsoft Global ML Building Footprints (2026-02-03 release)"}, "geometry": {"type": "Polygon", "coordinates": [[[77.566308495027, 28.530990733558546], [77.56647889367167, 28.530895040765927], [77.56654515241073, 28.530986110115904], [77.56637474320358, 28.531081798279175], [77.566308495027, 28.530990733558546]]]}}, {"type": "Feature", "properties": {"height": -1.0, "confidence": 0.953499972820282, "source": "Microsoft Global ML Building Footprints (2026-02-03 release)"}, "geometry": {"type": "Polygon", "coordinates": [[[77.57228387823804, 28.52445766958666], [77.5720827827853, 28.524460971303775], [77.572082172147, 28.524432260716864], [77.57206238903593, 28.524384883776072], [77.57206157974298, 28.524346832948048], [77.57211788639611, 28.524345905005013], [77.57211751472482, 28.52432842999263], [77.57235346672269, 28.524324555973017], [77.57234820164571, 28.52407700550136], [77.57235210968588, 28.524075745752555], [77.57256217652345, 28.524072283807023], [77.57261103248901, 28.52418928523705], [77.57249849984385, 28.524225552942028], [77.57246670714513, 28.524226074936564], [77.57246987990794, 28.524375249999558], [77.57246140134492, 28.524354941505848], [77.57246429708877, 28.524491091699694], [77.57241900996097, 28.52450568707024], [77.57242047121775, 28.52457439141145], [77.5724575402883, 28.524663164893553], [77.57250393137491, 28.524662400362978], [77.57253245069708, 28.524730711780066], [77.57232913672587, 28.524796236697], [77.57228903625209, 28.524700185366257], [77.57228387823804, 28.52445766958666]]]}}, {"type": "Feature", "properties": {"height": -1.0, "confidence": 0.9947999715805054, "source": "Microsoft Global ML Building Footprints (2026-02-03 release)"}, "geometry": {"type": "Polygon", "coordinates": [[[77.57968183361722, 28.530543318160007], [77.5795852868802, 28.530620761273696], [77.5794917970552, 28.5305307981981], [77.57958834379221, 28.530453355018317], [77.57968183361722, 28.530543318160007]]]}}, {"type": "Feature", "properties": {"height": -1.0, "confidence": 0.9629999995231628, "source": "Microsoft Global ML Building Footprints (2026-02-03 release)"}, "geometry": {"type": "Polygon", "coordinates": [[[77.56772093945894, 28.528765621022693], [77.56771402579338, 28.528814350958278], [77.56766912587867, 28.528809433758532], [77.56767603954422, 28.528760703820673], [77.56772093945894, 28.528765621022693]]]}}, {"type": "Feature", "properties": {"height": -1.0, "confidence": 0.914900004863739, "source": "Microsoft Global ML Building Footprints (2026-02-03 release)"}, "geometry": {"type": "Polygon", "coordinates": [[[77.57062821389432, 28.513474132797548], [77.57057459674976, 28.513497719294925], [77.57046615367321, 28.513307380034462], [77.57051977081777, 28.513283793494516], [77.57062821389432, 28.513474132797548]]]}}, {"type": "Feature", "properties": {"height": -1.0, "confidence": 0.9695000052452087, "source": "Microsoft Global ML Building Footprints (2026-02-03 release)"}, "geometry": {"type": "Polygon", "coordinates": [[[77.57744552186215, 28.531790162958885], [77.57757744663098, 28.531692219855984], [77.57760677284891, 28.53168709505873], [77.57763975061151, 28.53161535116002], [77.57772090336128, 28.531601169593515], [77.5777172120421, 28.531603910319724], [77.57773999762105, 28.53161199444017], [77.57772621875996, 28.53155113483433], [77.57779857793385, 28.531497414091305], [77.57788878602109, 28.531529413599017], [77.57778259115727, 28.53160825452921], [77.57783784892536, 28.531627859491245], [77.57782387953243, 28.531658250236674], [77.57787279418915, 28.531675604711452], [77.5778056799139, 28.5317254314647], [77.57783862984068, 28.53175968792653], [77.57786208641073, 28.531755588861024], [77.57791455976032, 28.531774202683806], [77.5780369850216, 28.531683312159707], [77.57808016174664, 28.531698628210215], [77.57810784044533, 28.53169379131952], [77.57819145013002, 28.531780716311424], [77.57804123021288, 28.5318922419304], [77.57814304872355, 28.53199809755926], [77.57788798782255, 28.532187458305934], [77.57774556698067, 28.532039390694173], [77.57774002696382, 28.53201492119596], [77.57782500864299, 28.532000070574433], [77.57785791305747, 28.531928486459016], [77.57784153416586, 28.531922676398807], [77.57768487304227, 28.532038983911], [77.57744552186215, 28.531790162958885]]]}}, {"type": "Feature", "properties": {"height": -1.0, "confidence": 0.9386000037193298, "source": "Microsoft Global ML Building Footprints (2026-02-03 release)"}, "geometry": {"type": "Polygon", "coordinates": [[[77.58156967301814, 28.52659301023857], [77.58147881156573, 28.52664635159386], [77.5814304897013, 28.526582813071187], [77.58139711202492, 28.526602407859784], [77.58131161949554, 28.52648999347752], [77.58143585862433, 28.526417057223718], [77.58156967301814, 28.52659301023857]]]}}, {"type": "Feature", "properties": {"height": -1.0, "confidence": 0.9882000088691711, "source": "Microsoft Global ML Building Footprints (2026-02-03 release)"}, "geometry": {"type": "Polygon", "coordinates": [[[77.58211809180895, 28.52834151453652], [77.582207804038, 28.528424891449873], [77.58211290448011, 28.528503710815926], [77.58202319225106, 28.52842033396491], [77.58211809180895, 28.52834151453652]]]}}, {"type": "Feature", "properties": {"height": -1.0, "confidence": 0.9912999868392944, "source": "Microsoft Global ML Building Footprints (2026-02-03 release)"}, "geometry": {"type": "Polygon", "coordinates": [[[77.56530406707786, 28.51460850140203], [77.56521816096705, 28.514656540857253], [77.56516591945365, 28.51458441046141], [77.56525182556452, 28.51453637097334], [77.56530406707786, 28.51460850140203]]]}}, {"type": "Feature", "properties": {"height": -1.0, "confidence": 0.9539999961853027, "source": "Microsoft Global ML Building Footprints (2026-02-03 release)"}, "geometry": {"type": "Polygon", "coordinates": [[[77.56891856266802, 28.52259837605321], [77.56903856623423, 28.522590347134155], [77.56904587664182, 28.522674697982673], [77.56892587307561, 28.52268272689529], [77.56891856266802, 28.52259837605321]]]}}, {"type": "Feature", "properties": {"height": -1.0, "confidence": 0.9847999811172485, "source": "Microsoft Global ML Building Footprints (2026-02-03 release)"}, "geometry": {"type": "Polygon", "coordinates": [[[77.5796089115071, 28.530431439793873], [77.5797110267482, 28.530348004057913], [77.57980331990204, 28.53043519164474], [77.57970120466098, 28.53051862731167], [77.5796089115071, 28.530431439793873]]]}}, {"type": "Feature", "properties": {"height": -1.0, "confidence": 0.951200008392334, "source": "Microsoft Global ML Building Footprints (2026-02-03 release)"}, "geometry": {"type": "Polygon", "coordinates": [[[77.57903274545471, 28.52831758887819], [77.57893426183237, 28.52833916583762], [77.5789160052333, 28.52827482609149], [77.57901448885563, 28.528253249118904], [77.57903274545471, 28.52831758887819]]]}}, {"type": "Feature", "properties": {"height": -1.0, "confidence": 0.9740999937057495, "source": "Microsoft Global ML Building Footprints (2026-02-03 release)"}, "geometry": {"type": "Polygon", "coordinates": [[[77.56625941628181, 28.514735457969415], [77.56623233573829, 28.514757066791823], [77.5662016317945, 28.51472735953292], [77.56622871363483, 28.514705749669652], [77.56625941628181, 28.514735457969415]]]}}, {"type": "Feature", "properties": {"height": -1.0, "confidence": 0.9793999791145325, "source": "Microsoft Global ML Building Footprints (2026-02-03 release)"}, "geometry": {"type": "Polygon", "coordinates": [[[77.56934051431968, 28.523856287152626], [77.56937589454922, 28.52391533429877], [77.56931499041437, 28.523943505712353], [77.56927961018482, 28.523884458581996], [77.56934051431968, 28.523856287152626]]]}}, {"type": "Feature", "properties": {"height": -1.0, "confidence": 0.9735999703407288, "source": "Microsoft Global ML Building Footprints (2026-02-03 release)"}, "geometry": {"type": "Polygon", "coordinates": [[[77.57274961114847, 28.523105427024845], [77.57252602810124, 28.523111545325243], [77.57252321693944, 28.52303224028737], [77.57254070839761, 28.522976705568688], [77.57255877091258, 28.522970453238017], [77.57262153790897, 28.52277117014367], [77.5724571048361, 28.52273118863075], [77.57247109418994, 28.522686772836494], [77.57245533904586, 28.522651635589106], [77.57246942169296, 28.52260692355771], [77.57252423271723, 28.522620250746073], [77.57252905895264, 28.5226049275741], [77.57266289802455, 28.522637470268123], [77.57283834462936, 28.52257673930111], [77.57286550475938, 28.522490506529564], [77.57298684694959, 28.522448496327456], [77.5730183265446, 28.52244763488995], [77.57308724809747, 28.522601344495513], [77.57290756446461, 28.522663542097852], [77.57287724160388, 28.52275981630227], [77.57282305288105, 28.522778577070667], [77.57275280159261, 28.52300162249869], [77.57275358308105, 28.5230236689021], [77.57276637592979, 28.523052199515178], [77.57274961114847, 28.523105427024845]]]}}, {"type": "Feature", "properties": {"height": -1.0, "confidence": 0.941100001335144, "source": "Microsoft Global ML Building Footprints (2026-02-03 release)"}, "geometry": {"type": "Polygon", "coordinates": [[[77.56524916760941, 28.514815768857538], [77.56529411659311, 28.514841731206154], [77.56504861086788, 28.515169875965313], [77.56500366332823, 28.515143911767346], [77.56524916760941, 28.514815768857538]]]}}, {"type": "Feature", "properties": {"height": -1.0, "confidence": 0.9882000088691711, "source": "Microsoft Global ML Building Footprints (2026-02-03 release)"}, "geometry": {"type": "Polygon", "coordinates": [[[77.57054702455076, 28.523012722984298], [77.57055806235871, 28.52304912077912], [77.5705029653299, 28.52306201939735], [77.57049192848129, 28.52302562477046], [77.57054702455076, 28.523012722984298]]]}}, {"type": "Feature", "properties": {"height": -1.0, "confidence": 0.9939000010490417, "source": "Microsoft Global ML Building Footprints (2026-02-03 release)"}, "geometry": {"type": "Polygon", "coordinates": [[[77.56402664789408, 28.51571126508933], [77.56412222240195, 28.515661792814363], [77.5641710533105, 28.515734619610164], [77.56407548172814, 28.515784096214098], [77.56402664789408, 28.51571126508933]]]}}, {"type": "Feature", "properties": {"height": -1.0, "confidence": 0.8853999972343445, "source": "Microsoft Global ML Building Footprints (2026-02-03 release)"}, "geometry": {"type": "Polygon", "coordinates": [[[77.56539237971927, 28.5319395954104], [77.56541074006219, 28.531981469047807], [77.56527994539509, 28.532025734379793], [77.56526158812275, 28.53198386776301], [77.56539237971927, 28.5319395954104]]]}}, {"type": "Feature", "properties": {"height": -1.0, "confidence": 0.9711999893188477, "source": "Microsoft Global ML Building Footprints (2026-02-03 release)"}, "geometry": {"type": "Polygon", "coordinates": [[[77.57703108408725, 28.5323915175221], [77.57709137458849, 28.53233610620815], [77.57742710386255, 28.532618033963452], [77.57736681566807, 28.532673447066266], [77.57703108408725, 28.5323915175221]]]}}, {"type": "Feature", "properties": {"height": -1.0, "confidence": 0.9887999892234802, "source": "Microsoft Global ML Building Footprints (2026-02-03 release)"}, "geometry": {"type": "Polygon", "coordinates": [[[77.57897217170118, 28.532836867192927], [77.57902196856021, 28.532886994007434], [77.57883012658235, 28.533034078399098], [77.57878033637499, 28.532983958350314], [77.57897217170118, 28.532836867192927]]]}}, {"type": "Feature", "properties": {"height": -1.0, "confidence": 0.9932000041007996, "source": "Microsoft Global ML Building Footprints (2026-02-03 release)"}, "geometry": {"type": "Polygon", "coordinates": [[[77.56559646709974, 28.531439936583062], [77.56564561472818, 28.53142059552775], [77.56566162535745, 28.531451998366684], [77.56561247772896, 28.53147133941622], [77.56559646709974, 28.531439936583062]]]}}, {"type": "Feature", "properties": {"height": -1.0, "confidence": 0.9397000074386597, "source": "Microsoft Global ML Building Footprints (2026-02-03 release)"}, "geometry": {"type": "Polygon", "coordinates": [[[77.5656410144175, 28.531770468963195], [77.56579345947723, 28.53170727167285], [77.56593691043642, 28.53197435915022], [77.56578448689632, 28.532037556731616], [77.5656410144175, 28.531770468963195]]]}}, {"type": "Feature", "properties": {"height": -1.0, "confidence": 0.9470000267028809, "source": "Microsoft Global ML Building Footprints (2026-02-03 release)"}, "geometry": {"type": "Polygon", "coordinates": [[[77.56589063143495, 28.531368655195372], [77.5657271997191, 28.531446838434043], [77.5656877684035, 28.53138322535394], [77.56585120011934, 28.531305042068077], [77.56589063143495, 28.531368655195372]]]}}, {"type": "Feature", "properties": {"height": -1.0, "confidence": 0.9390000104904175, "source": "Microsoft Global ML Building Footprints (2026-02-03 release)"}, "geometry": {"type": "Polygon", "coordinates": [[[77.56630226958784, 28.532439480733167], [77.56633864200047, 28.53242906990488], [77.56635873327001, 28.532483248030616], [77.5663223601076, 28.53249365683164], [77.56630226958784, 28.532439480733167]]]}}, {"type": "Feature", "properties": {"height": -1.0, "confidence": 0.9951000213623047, "source": "Microsoft Global ML Building Footprints (2026-02-03 release)"}, "geometry": {"type": "Polygon", "coordinates": [[[77.56955540329669, 28.513717910973867], [77.5695733751746, 28.51375617368388], [77.56948628608139, 28.513787757548172], [77.56946831420352, 28.513749494849584], [77.56955540329669, 28.513717910973867]]]}}, {"type": "Feature", "properties": {"height": -1.0, "confidence": 0.9731000065803528, "source": "Microsoft Global ML Building Footprints (2026-02-03 release)"}, "geometry": {"type": "Polygon", "coordinates": [[[77.57297921591176, 28.524128989192654], [77.57296784087268, 28.524003507176673], [77.57299138022611, 28.52394574610763], [77.57305698422222, 28.523941159208043], [77.57318304367362, 28.52398082528334], [77.57318482381834, 28.524000462693323], [77.57316288159049, 28.524054294172764], [77.57317201261459, 28.524155021641647], [77.57338788664146, 28.52422293549799], [77.57340014228663, 28.524222077856507], [77.57343590965026, 28.524233330246332], [77.57342331186473, 28.524264236679883], [77.57342163941563, 28.52424578734444], [77.57336136254477, 28.524393694767284], [77.57318044231657, 28.524336777452966], [77.57317758359176, 28.524305241940645], [77.57303247293191, 28.52425959024317], [77.57284589095411, 28.524272647113747], [77.57283442014003, 28.52430078871251], [77.5726910672332, 28.524310811625263], [77.57267786337043, 28.524165027350378], [77.57268413594045, 28.52414963869844], [77.57297921591176, 28.524128989192654]]]}}, {"type": "Feature", "properties": {"height": -1.0, "confidence": 0.9785000085830688, "source": "Microsoft Global ML Building Footprints (2026-02-03 release)"}, "geometry": {"type": "Polygon", "coordinates": [[[77.57430008042931, 28.52294146464127], [77.57432674633404, 28.522915358527875], [77.57437052125577, 28.52294987668963], [77.57434385419928, 28.522975981886255], [77.57430008042931, 28.52294146464127]]]}}, {"type": "Feature", "properties": {"height": -1.0, "confidence": 0.9954000115394592, "source": "Microsoft Global ML Building Footprints (2026-02-03 release)"}, "geometry": {"type": "Polygon", "coordinates": [[[77.56796767330705, 28.528986571474398], [77.56784529699952, 28.52902347394363], [77.56780576512335, 28.528922281612523], [77.56792814143087, 28.528885379107862], [77.56796767330705, 28.528986571474398]]]}}, {"type": "Feature", "properties": {"height": -1.0, "confidence": 0.9164000153541565, "source": "Microsoft Global ML Building Footprints (2026-02-03 release)"}, "geometry": {"type": "Polygon", "coordinates": [[[77.57928863203567, 28.527983060578833], [77.57936461419148, 28.528200579119], [77.579273917007, 28.528225040068868], [77.5792471964926, 28.528148545765895], [77.57922121784864, 28.528155550589616], [77.57925772636166, 28.528260041690643], [77.57911701017099, 28.528297992698064], [77.57911059903661, 28.52827963920479], [77.57903705933528, 28.528299468260265], [77.57900284779036, 28.528201529026703], [77.57911414223287, 28.528171513007237], [77.57910170994491, 28.528135930508356], [77.57902473443546, 28.528156686014476], [77.57899202772964, 28.528063054639972], [77.57928863203567, 28.527983060578833]]]}}, {"type": "Feature", "properties": {"height": -1.0, "confidence": 0.972599983215332, "source": "Microsoft Global ML Building Footprints (2026-02-03 release)"}, "geometry": {"type": "Polygon", "coordinates": [[[77.57288973906782, 28.527151521371948], [77.57282814539562, 28.526982699345965], [77.57312731680071, 28.526898443181402], [77.57311172346596, 28.526855703350925], [77.57337927512907, 28.52678035222182], [77.5734471061352, 28.526966270490995], [77.57337170521197, 28.526987505777207], [77.57338106121279, 28.527013149645477], [77.57288973906782, 28.527151521371948]]]}}, {"type": "Feature", "properties": {"height": -1.0, "confidence": 0.9833999872207642, "source": "Microsoft Global ML Building Footprints (2026-02-03 release)"}, "geometry": {"type": "Polygon", "coordinates": [[[77.56635522875885, 28.53236926889059], [77.56637318811748, 28.53240464838511], [77.56629264721465, 28.53243620466555], [77.56627468785598, 28.532400825181632], [77.56635522875885, 28.53236926889059]]]}}, {"type": "Feature", "properties": {"height": -1.0, "confidence": 0.9815000295639038, "source": "Microsoft Global ML Building Footprints (2026-02-03 release)"}, "geometry": {"type": "Polygon", "coordinates": [[[77.566612890623, 28.530381512179034], [77.56677476569084, 28.530280164171877], [77.56682800709645, 28.530345803108084], [77.56666613202862, 28.530447151052087], [77.566612890623, 28.530381512179034]]]}}, {"type": "Feature", "properties": {"height": -1.0, "confidence": 0.9645000100135803, "source": "Microsoft Global ML Building Footprints (2026-02-03 release)"}, "geometry": {"type": "Polygon", "coordinates": [[[77.568798274197, 28.52218562067585], [77.56886401872613, 28.52230950984336], [77.56878143595624, 28.5223433470415], [77.56871568332126, 28.522219461235004], [77.568798274197, 28.52218562067585]]]}}, {"type": "Feature", "properties": {"height": -1.0, "confidence": 0.965499997138977, "source": "Microsoft Global ML Building Footprints (2026-02-03 release)"}, "geometry": {"type": "Polygon", "coordinates": [[[77.56471987653165, 28.53145531724092], [77.56468164353812, 28.531485152623397], [77.56457059620212, 28.531375314574397], [77.56471602531538, 28.531261818848634], [77.56474399086242, 28.53128947989609], [77.56463678975496, 28.531373141727975], [77.56471987653165, 28.53145531724092]]]}}, {"type": "Feature", "properties": {"height": -1.0, "confidence": 0.992900013923645, "source": "Microsoft Global ML Building Footprints (2026-02-03 release)"}, "geometry": {"type": "Polygon", "coordinates": [[[77.56623864603533, 28.514560865636376], [77.56617444953682, 28.51462161594511], [77.56596209615209, 28.514448355612792], [77.56602629005205, 28.514387603084096], [77.56623864603533, 28.514560865636376]]]}}, {"type": "Feature", "properties": {"height": -1.0, "confidence": 0.9889000058174133, "source": "Microsoft Global ML Building Footprints (2026-02-03 release)"}, "geometry": {"type": "Polygon", "coordinates": [[[77.56893851766472, 28.522466098393984], [77.56899544796151, 28.52258676272524], [77.56881811835807, 28.52265135147912], [77.56876117985924, 28.52253069020921], [77.56893851766472, 28.522466098393984]]]}}, {"type": "Feature", "properties": {"height": -1.0, "confidence": 0.9714000225067139, "source": "Microsoft Global ML Building Footprints (2026-02-03 release)"}, "geometry": {"type": "Polygon", "coordinates": [[[77.58015702390357, 28.53285153747258], [77.58022434029891, 28.532835254000602], [77.58023395084435, 28.532865919379752], [77.58016663444904, 28.53288220284699], [77.58015702390357, 28.53285153747258]]]}}, {"type": "Feature", "properties": {"height": -1.0, "confidence": 0.732200026512146, "source": "Microsoft Global ML Building Footprints (2026-02-03 release)"}, "geometry": {"type": "Polygon", "coordinates": [[[77.57438563218751, 28.524935429492082], [77.57438531006379, 28.524929217812897], [77.57474130483169, 28.524914966691284], [77.57474272569159, 28.524942365872022], [77.57477325727926, 28.524941145514426], [77.57477228312746, 28.524922331539216], [77.574835433176, 28.524919807410527], [77.57484767104113, 28.525155796282043], [77.574558592583, 28.525167368595085], [77.57456212929357, 28.525235568647], [77.57429446405455, 28.52524628374364], [77.57429161503512, 28.52519134477248], [77.57386870261169, 28.52520824867962], [77.5738639463306, 28.525116531042556], [77.57378364650337, 28.525119740647675], [77.57377535350048, 28.524959822530363], [77.57438563218751, 28.524935429492082]]]}}, {"type": "Feature", "properties": {"height": -1.0, "confidence": 0.996399998664856, "source": "Microsoft Global ML Building Footprints (2026-02-03 release)"}, "geometry": {"type": "Polygon", "coordinates": [[[77.56985097696995, 28.52184167276188], [77.5700796432198, 28.521758117843085], [77.57011103025525, 28.521824419562456], [77.5698823640054, 28.521907974428714], [77.56985097696995, 28.52184167276188]]]}}, {"type": "Feature", "properties": {"height": -1.0, "confidence": 0.9717000126838684, "source": "Microsoft Global ML Building Footprints (2026-02-03 release)"}, "geometry": {"type": "Polygon", "coordinates": [[[77.57703781830875, 28.5272726818758], [77.57699663751933, 28.527640097359686], [77.57703219934542, 28.52764317410388], [77.5770120709551, 28.527822887093336], [77.57675600968679, 28.527800733176214], [77.57677641384748, 28.527618687454172], [77.57692517498924, 28.527631557998276], [77.5769544732712, 28.527370158494854], [77.57685719044552, 28.5273617417406], [77.57686660112152, 28.52727771975374], [77.57682675411512, 28.52727427225163], [77.57682895475003, 28.527254624161024], [77.57703781830875, 28.5272726818758]]]}}, {"type": "Feature", "properties": {"height": -1.0, "confidence": 0.9986000061035156, "source": "Microsoft Global ML Building Footprints (2026-02-03 release)"}, "geometry": {"type": "Polygon", "coordinates": [[[77.56512255230686, 28.51803315636846], [77.5652176406118, 28.51797963299257], [77.56524200632445, 28.518013053382276], [77.56514691801951, 28.51806657674119], [77.56512255230686, 28.51803315636846]]]}}, {"type": "Feature", "properties": {"height": -1.0, "confidence": 0.9948999881744385, "source": "Microsoft Global ML Building Footprints (2026-02-03 release)"}, "geometry": {"type": "Polygon", "coordinates": [[[77.56922974603022, 28.523419578631575], [77.56924579472548, 28.52345798337611], [77.56913234284434, 28.52349458247447], [77.56911629157999, 28.523456171595335], [77.56922974603022, 28.523419578631575]]]}}, {"type": "Feature", "properties": {"height": -1.0, "confidence": 0.9685999751091003, "source": "Microsoft Global ML Building Footprints (2026-02-03 release)"}, "geometry": {"type": "Polygon", "coordinates": [[[77.58118459443139, 28.53236849647554], [77.58128806424403, 28.532324711795418], [77.58133735602401, 28.53241460634689], [77.58155723904177, 28.532321559830294], [77.58159709197024, 28.53239424053961], [77.58127372862727, 28.532531076053118], [77.58118459443139, 28.53236849647554]]]}}, {"type": "Feature", "properties": {"height": -1.0, "confidence": 0.9768000245094299, "source": "Microsoft Global ML Building Footprints (2026-02-03 release)"}, "geometry": {"type": "Polygon", "coordinates": [[[77.57274106435644, 28.527434496981158], [77.5726112157038, 28.527469621099264], [77.57258707810433, 28.527400740473077], [77.57271692675695, 28.527365616332034], [77.57274106435644, 28.527434496981158]]]}}, {"type": "Feature", "properties": {"height": -1.0, "confidence": 0.9923999905586243, "source": "Microsoft Global ML Building Footprints (2026-02-03 release)"}, "geometry": {"type": "Polygon", "coordinates": [[[77.57620882901338, 28.528325771354915], [77.57628091415236, 28.528315421290202], [77.5763308446684, 28.52858396686141], [77.57625878036563, 28.5285943139081], [77.57620882901338, 28.528325771354915]]]}}, {"type": "Feature", "properties": {"height": -1.0, "confidence": 0.967199981212616, "source": "Microsoft Global ML Building Footprints (2026-02-03 release)"}, "geometry": {"type": "Polygon", "coordinates": [[[77.57943748578867, 28.530146941703713], [77.5795421709403, 28.530073378881134], [77.57962788261442, 28.530167519630815], [77.57952320103674, 28.53024108631309], [77.57943748578867, 28.530146941703713]]]}}, {"type": "Feature", "properties": {"height": -1.0, "confidence": 0.9711999893188477, "source": "Microsoft Global ML Building Footprints (2026-02-03 release)"}, "geometry": {"type": "Polygon", "coordinates": [[[77.56612452119052, 28.53288123135632], [77.56614676937534, 28.532921144612352], [77.56609484801068, 28.53294348287585], [77.56607850665817, 28.53291416648802], [77.5660364170477, 28.53293227739995], [77.56596481568207, 28.532803842825253], [77.56608912353607, 28.532750361455818], [77.56615480865321, 28.53286820069549], [77.56612452119052, 28.53288123135632]]]}}, {"type": "Feature", "properties": {"height": -1.0, "confidence": 0.9958999752998352, "source": "Microsoft Global ML Building Footprints (2026-02-03 release)"}, "geometry": {"type": "Polygon", "coordinates": [[[77.57519929966774, 28.525178068497006], [77.57520589280259, 28.525216368903422], [77.5751272260569, 28.52522682258241], [77.575120632108, 28.525188517450495], [77.57519929966774, 28.525178068497006]]]}}, {"type": "Feature", "properties": {"height": -1.0, "confidence": 0.9925000071525574, "source": "Microsoft Global ML Building Footprints (2026-02-03 release)"}, "geometry": {"type": "Polygon", "coordinates": [[[77.57642026209152, 28.522014040114136], [77.57633578553256, 28.522015447917276], [77.57633492099636, 28.521975398770095], [77.5764193943663, 28.52197399101958], [77.57642026209152, 28.522014040114136]]]}}, {"type": "Feature", "properties": {"height": -1.0, "confidence": 0.9940000176429749, "source": "Microsoft Global ML Building Footprints (2026-02-03 release)"}, "geometry": {"type": "Polygon", "coordinates": [[[77.5810464715979, 28.530351541129242], [77.58099024933773, 28.53039668376821], [77.58093682400641, 28.530345320967747], [77.58099304403709, 28.53030018009695], [77.5810464715979, 28.530351541129242]]]}}, {"type": "Feature", "properties": {"height": -1.0, "confidence": 0.9693999886512756, "source": "Microsoft Global ML Building Footprints (2026-02-03 release)"}, "geometry": {"type": "Polygon", "coordinates": [[[77.56539011868307, 28.5319219131268], [77.56562324800824, 28.531795551536163], [77.56566879399674, 28.5318604100042], [77.56543566467157, 28.53198677151706], [77.56539011868307, 28.5319219131268]]]}}, {"type": "Feature", "properties": {"height": -1.0, "confidence": 0.9811000227928162, "source": "Microsoft Global ML Building Footprints (2026-02-03 release)"}, "geometry": {"type": "Polygon", "coordinates": [[[77.57783082096873, 28.52904190933095], [77.57789496371005, 28.529242904911932], [77.57766478694693, 28.52929961852871], [77.57763689234453, 28.529212230829998], [77.57750758725274, 28.529244090529126], [77.5774504033178, 28.52906494557441], [77.57731115168049, 28.529099256067177], [77.57724868824207, 28.52890357128063], [77.5773159566153, 28.52888700099699], [77.57736038306578, 28.528920946402557], [77.5773133350029, 28.528773517729817], [77.57742026231298, 28.528747171613034], [77.57735890838649, 28.528554914074036], [77.57742922413279, 28.528537588746914], [77.5774672602243, 28.528566651497798], [77.57742033158085, 28.528419596540928], [77.5776118060664, 28.528372418447773], [77.57763596390225, 28.528448119172026], [77.57769626511592, 28.52849419437134], [77.57771334196953, 28.52854770615265], [77.57761241895558, 28.528572572901467], [77.57764689650668, 28.52868058418597], [77.57754887522978, 28.528704729908632], [77.57761341036593, 28.528906955730804], [77.57749759406538, 28.52893549198705], [77.57751283216056, 28.528983229746473], [77.57754816124243, 28.529010224002008], [77.57760879584733, 28.52899528410773], [77.57770907615546, 28.529071906289055], [77.57783082096873, 28.52904190933095]]]}}, {"type": "Feature", "properties": {"height": -1.0, "confidence": 0.9898999929428101, "source": "Microsoft Global ML Building Footprints (2026-02-03 release)"}, "geometry": {"type": "Polygon", "coordinates": [[[77.56611220675845, 28.513805580354465], [77.56603199224797, 28.513856396585396], [77.56600272722085, 28.513820728276364], [77.56608294360075, 28.513769910843976], [77.56611220675845, 28.513805580354465]]]}}, {"type": "Feature", "properties": {"height": -1.0, "confidence": 0.9975000023841858, "source": "Microsoft Global ML Building Footprints (2026-02-03 release)"}, "geometry": {"type": "Polygon", "coordinates": [[[77.56934239730761, 28.52253143494366], [77.56929581665135, 28.52254585453909], [77.56927607150055, 28.522496604028063], [77.56932264968859, 28.522482188054262], [77.56934239730761, 28.52253143494366]]]}}, {"type": "Feature", "properties": {"height": -1.0, "confidence": 0.9799000024795532, "source": "Microsoft Global ML Building Footprints (2026-02-03 release)"}, "geometry": {"type": "Polygon", "coordinates": [[[77.57855398920199, 28.529615627426246], [77.57851136929699, 28.529627745549938], [77.578484286021, 28.52955423705223], [77.57852691035275, 28.529542115040435], [77.57855398920199, 28.529615627426246]]]}}, {"type": "Feature", "properties": {"height": -1.0, "confidence": 0.9781000018119812, "source": "Microsoft Global ML Building Footprints (2026-02-03 release)"}, "geometry": {"type": "Polygon", "coordinates": [[[77.58018840015772, 28.530915497412025], [77.58021988997407, 28.53094962684932], [77.58016245073743, 28.530990533294762], [77.58009751121816, 28.53092014418465], [77.58027395363686, 28.530794498073355], [77.58030739894008, 28.530830750086665], [77.58018840015772, 28.530915497412025]]]}}, {"type": "Feature", "properties": {"height": -1.0, "confidence": 0.9592999815940857, "source": "Microsoft Global ML Building Footprints (2026-02-03 release)"}, "geometry": {"type": "Polygon", "coordinates": [[[77.56704811996765, 28.514011892763257], [77.5671178073044, 28.51414068931946], [77.56703029907777, 28.514177247053752], [77.56696061174102, 28.514048450542198], [77.56704811996765, 28.514011892763257]]]}}, {"type": "Feature", "properties": {"height": -1.0, "confidence": 0.9854000210762024, "source": "Microsoft Global ML Building Footprints (2026-02-03 release)"}, "geometry": {"type": "Polygon", "coordinates": [[[77.5802114212926, 28.52954266935989], [77.58037802256223, 28.529427686897066], [77.58040996066626, 28.529463406791045], [77.58042986524269, 28.529449670557597], [77.58051910231725, 28.52954947414038], [77.58033259047146, 28.529678198040564], [77.5802114212926, 28.52954266935989]]]}}, {"type": "Feature", "properties": {"height": -1.0, "confidence": 0.9599999785423279, "source": "Microsoft Global ML Building Footprints (2026-02-03 release)"}, "geometry": {"type": "Polygon", "coordinates": [[[77.56529210486984, 28.532899410696587], [77.5652487241203, 28.53291534309305], [77.56523249804657, 28.532881243013634], [77.56527587879611, 28.532865310611967], [77.56529210486984, 28.532899410696587]]]}}, {"type": "Feature", "properties": {"height": -1.0, "confidence": 0.9384999871253967, "source": "Microsoft Global ML Building Footprints (2026-02-03 release)"}, "geometry": {"type": "Polygon", "coordinates": [[[77.56763598193592, 28.528842666585277], [77.56752959157184, 28.528865347699174], [77.56751853087148, 28.52882528822635], [77.56762492123556, 28.52880260710384], [77.56763598193592, 28.528842666585277]]]}}, {"type": "Feature", "properties": {"height": -1.0, "confidence": 0.9377999901771545, "source": "Microsoft Global ML Building Footprints (2026-02-03 release)"}, "geometry": {"type": "Polygon", "coordinates": [[[77.56435904894636, 28.51527636455485], [77.56426362306156, 28.515146804041244], [77.56432144552518, 28.515113918182493], [77.56458741730634, 28.515474990939687], [77.56450424191493, 28.51552229070311], [77.5644328096105, 28.515425317200396], [77.56442411876105, 28.51543026000676], [77.5643250226499, 28.515295716589662], [77.56435904894636, 28.51527636455485]]]}}, {"type": "Feature", "properties": {"height": -1.0, "confidence": 0.9721999764442444, "source": "Microsoft Global ML Building Footprints (2026-02-03 release)"}, "geometry": {"type": "Polygon", "coordinates": [[[77.56585310330307, 28.531016555277823], [77.56576988219626, 28.531059007602273], [77.5657279527147, 28.530995563257015], [77.56581117004173, 28.53095311283512], [77.56585310330307, 28.531016555277823]]]}}, {"type": "Feature", "properties": {"height": -1.0, "confidence": 0.9765999913215637, "source": "Microsoft Global ML Building Footprints (2026-02-03 release)"}, "geometry": {"type": "Polygon", "coordinates": [[[77.57804498266475, 28.5296287961646], [77.57786576608638, 28.52968200091172], [77.5778836620709, 28.52972853122244], [77.5777103337253, 28.529779987857914], [77.57767210139468, 28.52968058221773], [77.57743377491946, 28.52975133511722], [77.57742238656567, 28.52972172492828], [77.57734775908352, 28.529743879873067], [77.57728186932228, 28.529572563652593], [77.57731182627995, 28.529563670202585], [77.57725650113588, 28.529419852003542], [77.57743117820229, 28.52936799479096], [77.57739457277935, 28.529272818807854], [77.57745475623265, 28.52925495183741], [77.57751088454785, 28.529400888334422], [77.57757588267745, 28.529381592029658], [77.57761330155421, 28.529478882933212], [77.57771440975583, 28.529448866479804], [77.57779168787093, 28.52964979311882], [77.57784705664797, 28.529633355564933], [77.5777653510367, 28.529420917188276], [77.57794454514413, 28.529367707961747], [77.57804498266475, 28.5296287961646]]]}}, {"type": "Feature", "properties": {"height": -1.0, "confidence": 0.9555000066757202, "source": "Microsoft Global ML Building Footprints (2026-02-03 release)"}, "geometry": {"type": "Polygon", "coordinates": [[[77.57807853553304, 28.532241937970902], [77.57810500128538, 28.5322771192275], [77.57806864577901, 28.5322982285493], [77.57804217924661, 28.532263049988188], [77.57807853553304, 28.532241937970902]]]}}, {"type": "Feature", "properties": {"height": -1.0, "confidence": 0.9646000266075134, "source": "Microsoft Global ML Building Footprints (2026-02-03 release)"}, "geometry": {"type": "Polygon", "coordinates": [[[77.56515457745411, 28.531038385885516], [77.56501923290602, 28.531121308608697], [77.56499028816845, 28.531084843479597], [77.56512563271654, 28.53100192072774], [77.56515457745411, 28.531038385885516]]]}}, {"type": "Feature", "properties": {"height": -1.0, "confidence": 0.9876000285148621, "source": "Microsoft Global ML Building Footprints (2026-02-03 release)"}, "geometry": {"type": "Polygon", "coordinates": [[[77.57793866956543, 28.5332361946855], [77.57803989360077, 28.533143224497103], [77.57817513236725, 28.533256873264143], [77.57807391692778, 28.53334984225981], [77.57793866956543, 28.5332361946855]]]}}, {"type": "Feature", "properties": {"height": -1.0, "confidence": 0.9377999901771545, "source": "Microsoft Global ML Building Footprints (2026-02-03 release)"}, "geometry": {"type": "Polygon", "coordinates": [[[77.58174328143889, 28.526258613484053], [77.58178096985608, 28.526238244641974], [77.5818426685311, 28.526326379459732], [77.58180498403033, 28.52634674385085], [77.58174328143889, 28.526258613484053]]]}}, {"type": "Feature", "properties": {"height": -1.0, "confidence": 0.9869999885559082, "source": "Microsoft Global ML Building Footprints (2026-02-03 release)"}, "geometry": {"type": "Polygon", "coordinates": [[[77.56797476951719, 28.528654643061152], [77.56799150566313, 28.528693912395482], [77.56794817689536, 28.528708163804644], [77.5679314434931, 28.528668893573197], [77.56797476951719, 28.528654643061152]]]}}, {"type": "Feature", "properties": {"height": -1.0, "confidence": 0.9682999849319458, "source": "Microsoft Global ML Building Footprints (2026-02-03 release)"}, "geometry": {"type": "Polygon", "coordinates": [[[77.57604646722717, 28.531943432772785], [77.57594167979045, 28.531998412978595], [77.57581581545473, 28.531813234551365], [77.57592060611975, 28.531758258998586], [77.57604646722717, 28.531943432772785]]]}}, {"type": "Feature", "properties": {"height": -1.0, "confidence": 0.8984000086784363, "source": "Microsoft Global ML Building Footprints (2026-02-03 release)"}, "geometry": {"type": "Polygon", "coordinates": [[[77.56505745449951, 28.532127715987777], [77.565156394626, 28.53208220387861], [77.5651696210994, 28.532104397194033], [77.56507068097291, 28.532149909293572], [77.56505745449951, 28.532127715987777]]]}}, {"type": "Feature", "properties": {"height": -1.0, "confidence": 0.9211999773979187, "source": "Microsoft Global ML Building Footprints (2026-02-03 release)"}, "geometry": {"type": "Polygon", "coordinates": [[[77.57026944154762, 28.524691427705314], [77.57044983529552, 28.524610016547726], [77.57047926810814, 28.524660362363967], [77.57029887436029, 28.524741773482653], [77.57026944154762, 28.524691427705314]]]}}, {"type": "Feature", "properties": {"height": -1.0, "confidence": 0.9882000088691711, "source": "Microsoft Global ML Building Footprints (2026-02-03 release)"}, "geometry": {"type": "Polygon", "coordinates": [[[77.57767049332868, 28.526060054043427], [77.57754287843672, 28.52605648351483], [77.5775442466848, 28.526018816367753], [77.57767185857924, 28.52602238681377], [77.57767049332868, 28.526060054043427]]]}}, {"type": "Feature", "properties": {"height": -1.0, "confidence": 0.9988999962806702, "source": "Microsoft Global ML Building Footprints (2026-02-03 release)"}, "geometry": {"type": "Polygon", "coordinates": [[[77.57165626794689, 28.5134200876671], [77.5717247841443, 28.513347391211383], [77.57177092275182, 28.51338096739994], [77.57170240655444, 28.51345366383252], [77.57165626794689, 28.5134200876671]]]}}, {"type": "Feature", "properties": {"height": -1.0, "confidence": 0.9864000082015991, "source": "Microsoft Global ML Building Footprints (2026-02-03 release)"}, "geometry": {"type": "Polygon", "coordinates": [[[77.5742067958001, 28.514444634703914], [77.57425298708641, 28.514504426755558], [77.57435360378638, 28.5145548141327], [77.5744308066427, 28.514654748813854], [77.57440754785263, 28.514690608974092], [77.57445627988096, 28.514753689726852], [77.57443311156018, 28.514789405982903], [77.574415502878, 28.51478058674992], [77.57433388603715, 28.514829269247898], [77.57430938737768, 28.514816999203752], [77.57425709374954, 28.51474930820806], [77.5742106805961, 28.514776989703172], [77.57417207593394, 28.514757654720334], [77.57419965109766, 28.514715144866194], [77.57418854737809, 28.51470077026832], [77.57410357423852, 28.51465821701874], [77.57410297314027, 28.514657438931863], [77.57414092422566, 28.514598933503734], [77.5740800990351, 28.514520198740293], [77.5742067958001, 28.514444634703914]]]}}, {"type": "Feature", "properties": {"height": -1.0, "confidence": 0.9926999807357788, "source": "Microsoft Global ML Building Footprints (2026-02-03 release)"}, "geometry": {"type": "Polygon", "coordinates": [[[77.57829040590572, 28.52686300819112], [77.57822051260193, 28.526885761046486], [77.57817029875962, 28.526766714453487], [77.57824019880803, 28.526743955078544], [77.57829040590572, 28.52686300819112]]]}}, {"type": "Feature", "properties": {"height": -1.0, "confidence": 0.9319999814033508, "source": "Microsoft Global ML Building Footprints (2026-02-03 release)"}, "geometry": {"type": "Polygon", "coordinates": [[[77.57422932141239, 28.523101162685975], [77.57419498065151, 28.523113660003183], [77.57417316725027, 28.523067395285125], [77.5742075080111, 28.523054897962446], [77.57422932141239, 28.523101162685975]]]}}, {"type": "Feature", "properties": {"height": -1.0, "confidence": 0.9909999966621399, "source": "Microsoft Global ML Building Footprints (2026-02-03 release)"}, "geometry": {"type": "Polygon", "coordinates": [[[77.57802352114818, 28.53142621974829], [77.57810187513209, 28.531491521686704], [77.57802078338332, 28.53156662330364], [77.57794242981058, 28.531501326572275], [77.57802352114818, 28.53142621974829]]]}}, {"type": "Feature", "properties": {"height": -1.0, "confidence": 0.9829999804496765, "source": "Microsoft Global ML Building Footprints (2026-02-03 release)"}, "geometry": {"type": "Polygon", "coordinates": [[[77.56599740643571, 28.53120388730165], [77.56595297869083, 28.531222930849964], [77.56593033402656, 28.531182159982095], [77.56597476316945, 28.53116311309524], [77.56599740643571, 28.53120388730165]]]}}, {"type": "Feature", "properties": {"height": -1.0, "confidence": 0.9678000211715698, "source": "Microsoft Global ML Building Footprints (2026-02-03 release)"}, "geometry": {"type": "Polygon", "coordinates": [[[77.56735389361002, 28.52895974742333], [77.56739570267091, 28.52894869015916], [77.5674119897113, 28.528996226239506], [77.56737018065041, 28.52900728349865], [77.56735389361002, 28.52895974742333]]]}}, {"type": "Feature", "properties": {"height": -1.0, "confidence": 0.9869999885559082, "source": "Microsoft Global ML Building Footprints (2026-02-03 release)"}, "geometry": {"type": "Polygon", "coordinates": [[[77.5683037084347, 28.522330003834853], [77.56821858505295, 28.52212382404695], [77.56829443475607, 28.522099648789144], [77.5683890162913, 28.52232873747004], [77.56859049206514, 28.522264522054094], [77.5686236033682, 28.522344721833143], [77.56852879336651, 28.522374945986584], [77.56851503636094, 28.52234162478978], [77.56837756185847, 28.52238544981069], [77.56834874419589, 28.52231564980429], [77.5683037084347, 28.522330003834853]]]}}, {"type": "Feature", "properties": {"height": -1.0, "confidence": 0.9854999780654907, "source": "Microsoft Global ML Building Footprints (2026-02-03 release)"}, "geometry": {"type": "Polygon", "coordinates": [[[77.57060644271814, 28.525266382906217], [77.57063681995432, 28.52525807601682], [77.57068195277036, 28.525264586953696], [77.57071016078037, 28.525256873255785], [77.570809159599, 28.525271154993526], [77.57097117228857, 28.525226861331674], [77.57103925378414, 28.525167044440316], [77.57104478133779, 28.525157474672547], [77.57114842595635, 28.525066411692286], [77.57130902958654, 28.525138022234692], [77.5713022028696, 28.525174552283246], [77.57133662913735, 28.525204799451608], [77.5713172204379, 28.525238401412416], [77.5712713424698, 28.525231782976995], [77.5712437427182, 28.525256032306345], [77.57117754704242, 28.525274129953154], [77.57109104751872, 28.525350128973365], [77.57114841583792, 28.52551207497328], [77.57111256057641, 28.52557415040615], [77.57096261932536, 28.525552519688006], [77.57090235452976, 28.52538235897031], [77.5706908141324, 28.525440193232747], [77.57067158818245, 28.52545708525024], [77.57061713728118, 28.525409244404223], [77.57058262091513, 28.525393854162573], [77.57060644271814, 28.525266382906217]]]}}, {"type": "Feature", "properties": {"height": -1.0, "confidence": 0.9889000058174133, "source": "Microsoft Global ML Building Footprints (2026-02-03 release)"}, "geometry": {"type": "Polygon", "coordinates": [[[77.57795635747576, 28.532217598586826], [77.57802989028212, 28.532278181169758], [77.57796832899298, 28.532335858430848], [77.5778947937418, 28.532275273866865], [77.57795635747576, 28.532217598586826]]]}}, {"type": "Feature", "properties": {"height": -1.0, "confidence": 0.9175000190734863, "source": "Microsoft Global ML Building Footprints (2026-02-03 release)"}, "geometry": {"type": "Polygon", "coordinates": [[[77.56562822598919, 28.51454834230308], [77.56565254587376, 28.514608070663826], [77.56557306628801, 28.51463306250554], [77.56554874042129, 28.514573331151695], [77.56562822598919, 28.51454834230308]]]}}, {"type": "Feature", "properties": {"height": -1.0, "confidence": 0.9915000200271606, "source": "Microsoft Global ML Building Footprints (2026-02-03 release)"}, "geometry": {"type": "Polygon", "coordinates": [[[77.5721445518301, 28.51367492999637], [77.57211244912193, 28.513702011421948], [77.57206018951493, 28.51365417919085], [77.57209229222315, 28.513627097753], [77.5721445518301, 28.51367492999637]]]}}, {"type": "Feature", "properties": {"height": -1.0, "confidence": 0.9837999939918518, "source": "Microsoft Global ML Building Footprints (2026-02-03 release)"}, "geometry": {"type": "Polygon", "coordinates": [[[77.5653403751565, 28.514695786228714], [77.56538065133284, 28.514662156862308], [77.56553011589709, 28.514800358037775], [77.56565051260321, 28.514699823160903], [77.56572071296709, 28.51476473812812], [77.56556003009221, 28.51489890318379], [77.5653403751565, 28.514695786228714]]]}}, {"type": "Feature", "properties": {"height": -1.0, "confidence": 0.9628000259399414, "source": "Microsoft Global ML Building Footprints (2026-02-03 release)"}, "geometry": {"type": "Polygon", "coordinates": [[[77.56552941901178, 28.53225258249155], [77.56561611809393, 28.53221432722374], [77.56564990750829, 28.5322734419817], [77.56556320975315, 28.532311691311577], [77.56552941901178, 28.53225258249155]]]}}, {"type": "Feature", "properties": {"height": -1.0, "confidence": 0.9437999725341797, "source": "Microsoft Global ML Building Footprints (2026-02-03 release)"}, "geometry": {"type": "Polygon", "coordinates": [[[77.56839025455552, 28.51411399675046], [77.56852080687743, 28.51407765815103], [77.56855556108802, 28.514174042990355], [77.5684250017891, 28.5142103834986], [77.56839025455552, 28.51411399675046]]]}}, {"type": "Feature", "properties": {"height": -1.0, "confidence": 0.925000011920929, "source": "Microsoft Global ML Building Footprints (2026-02-03 release)"}, "geometry": {"type": "Polygon", "coordinates": [[[77.57902760495553, 28.533343080713834], [77.5789198889419, 28.533313819267512], [77.57915121322499, 28.532656719482944], [77.57925892711056, 28.532685987156746], [77.57902760495553, 28.533343080713834]]]}}, {"type": "Feature", "properties": {"height": -1.0, "confidence": 0.9994999766349792, "source": "Microsoft Global ML Building Footprints (2026-02-03 release)"}, "geometry": {"type": "Polygon", "coordinates": [[[77.5732501139615, 28.522516281132873], [77.57329626164434, 28.522441701872367], [77.57343704041878, 28.52250895011185], [77.5733908927359, 28.52258352932477], [77.5732501139615, 28.522516281132873]]]}}, {"type": "Feature", "properties": {"height": -1.0, "confidence": 0.95169997215271, "source": "Microsoft Global ML Building Footprints (2026-02-03 release)"}, "geometry": {"type": "Polygon", "coordinates": [[[77.57031133907707, 28.523742197792394], [77.57010083831045, 28.52380808492869], [77.57006053139544, 28.523708693580346], [77.57027103453032, 28.523642792696066], [77.57031133907707, 28.523742197792394]]]}}, {"type": "Feature", "properties": {"height": -1.0, "confidence": 0.9901999831199646, "source": "Microsoft Global ML Building Footprints (2026-02-03 release)"}, "geometry": {"type": "Polygon", "coordinates": [[[77.57618615666603, 28.532763078639675], [77.57624381774734, 28.532840822832426], [77.57618545061197, 28.53287423539652], [77.57612778953066, 28.53279649122841], [77.57618615666603, 28.532763078639675]]]}}, {"type": "Feature", "properties": {"height": -1.0, "confidence": 0.960099995136261, "source": "Microsoft Global ML Building Footprints (2026-02-03 release)"}, "geometry": {"type": "Polygon", "coordinates": [[[77.58000454028291, 28.529870079330514], [77.57991908851497, 28.529940068233905], [77.57988029199186, 28.529903505782343], [77.57984950355059, 28.529928722920246], [77.57974114520077, 28.52982659660296], [77.57985738696834, 28.52973138916878], [77.58000454028291, 28.529870079330514]]]}}, {"type": "Feature", "properties": {"height": -1.0, "confidence": 0.9631999731063843, "source": "Microsoft Global ML Building Footprints (2026-02-03 release)"}, "geometry": {"type": "Polygon", "coordinates": [[[77.56995255279323, 28.514996676667707], [77.56990403027285, 28.51501052870919], [77.56989220698375, 28.514978551438766], [77.56994072950411, 28.514964699393104], [77.56995255279323, 28.514996676667707]]]}}, {"type": "Feature", "properties": {"height": -1.0, "confidence": 0.9592999815940857, "source": "Microsoft Global ML Building Footprints (2026-02-03 release)"}, "geometry": {"type": "Polygon", "coordinates": [[[77.5809609847212, 28.530312501283667], [77.58093554113745, 28.530336100478046], [77.58089737012186, 28.530304334510504], [77.58092281370563, 28.530280735309013], [77.5809609847212, 28.530312501283667]]]}}, {"type": "Feature", "properties": {"height": -1.0, "confidence": 0.9614999890327454, "source": "Microsoft Global ML Building Footprints (2026-02-03 release)"}, "geometry": {"type": "Polygon", "coordinates": [[[77.57272448553437, 28.527666535044652], [77.57282154184911, 28.527642752117423], [77.57283167610606, 28.527674676289045], [77.573032296499, 28.527625528089864], [77.57307393298397, 28.527756721084586], [77.57305997242747, 28.527760141153173], [77.57309772627735, 28.527879070300997], [77.57310768077119, 28.527876631031567], [77.5731208684899, 28.52791817389393], [77.5728272109222, 28.52799013228983], [77.57272448553437, 28.527666535044652]]]}}, {"type": "Feature", "properties": {"height": -1.0, "confidence": 0.9674999713897705, "source": "Microsoft Global ML Building Footprints (2026-02-03 release)"}, "geometry": {"type": "Polygon", "coordinates": [[[77.57287486116563, 28.52075359263403], [77.57283592054318, 28.52077645448447], [77.57279379378957, 28.520721058844053], [77.57283273441202, 28.52069819698159], [77.57287486116563, 28.52075359263403]]]}}, {"type": "Feature", "properties": {"height": -1.0, "confidence": 0.7226999998092651, "source": "Microsoft Global ML Building Footprints (2026-02-03 release)"}, "geometry": {"type": "Polygon", "coordinates": [[[77.57720356548661, 28.526618800855786], [77.57718840662437, 28.52675892948797], [77.57724157054771, 28.526763368983865], [77.57722060078827, 28.526957213276496], [77.57716743686497, 28.526952773788764], [77.57715985743384, 28.527022837906152], [77.57685150667855, 28.52699708889073], [77.57685908610968, 28.52692702475624], [77.57682718775567, 28.52692436106286], [77.57686043133668, 28.526617057397985], [77.57694549305323, 28.526624165784646], [77.57695368425642, 28.52654844616935], [77.57713975798809, 28.526563984435207], [77.57716224363372, 28.526356126512923], [77.57725262230339, 28.526363673684664], [77.57725792790518, 28.52631462850067], [77.57730577543616, 28.526318624063833], [77.57727874213185, 28.5265685207061], [77.57730532409352, 28.52657074045807], [77.57731088234297, 28.52651935988952], [77.5773480970893, 28.526522467543735], [77.57733647529494, 28.52662989960993], [77.57720356548661, 28.526618800855786]]]}}, {"type": "Feature", "properties": {"height": -1.0, "confidence": 0.9929999709129333, "source": "Microsoft Global ML Building Footprints (2026-02-03 release)"}, "geometry": {"type": "Polygon", "coordinates": [[[77.57778497680599, 28.53240220442744], [77.57787001407713, 28.532479516325488], [77.57783949875102, 28.532505421059298], [77.5777544625471, 28.532428110150576], [77.57778497680599, 28.53240220442744]]]}}, {"type": "Feature", "properties": {"height": -1.0, "confidence": 0.9527000188827515, "source": "Microsoft Global ML Building Footprints (2026-02-03 release)"}, "geometry": {"type": "Polygon", "coordinates": [[[77.57984229967406, 28.5317440909799], [77.57972147607764, 28.531810182041838], [77.57967515142964, 28.531744815361087], [77.57979596747926, 28.53167872095745], [77.57984229967406, 28.5317440909799]]]}}, {"type": "Feature", "properties": {"height": -1.0, "confidence": 0.9763000011444092, "source": "Microsoft Global ML Building Footprints (2026-02-03 release)"}, "geometry": {"type": "Polygon", "coordinates": [[[77.56992004841815, 28.520994850446193], [77.56981034832778, 28.521023541264128], [77.56977255416578, 28.520912006346748], [77.56988226031794, 28.520883307166663], [77.56992004841815, 28.520994850446193]]]}}, {"type": "Feature", "properties": {"height": -1.0, "confidence": 0.9740999937057495, "source": "Microsoft Global ML Building Footprints (2026-02-03 release)"}, "geometry": {"type": "Polygon", "coordinates": [[[77.57048758277215, 28.524590839548154], [77.57012504661408, 28.52469276511777], [77.5700351626381, 28.524445911308796], [77.57006090196774, 28.524438676369826], [77.57002041612506, 28.524327511770238], [77.57022583673829, 28.52426977104242], [77.57027290464306, 28.524399036769054], [77.57040429358628, 28.52436209720932], [77.57048758277215, 28.524590839548154]]]}}, {"type": "Feature", "properties": {"height": -1.0, "confidence": 0.9973000288009644, "source": "Microsoft Global ML Building Footprints (2026-02-03 release)"}, "geometry": {"type": "Polygon", "coordinates": [[[77.57288106923569, 28.52759205542572], [77.57299040372007, 28.52755638256629], [77.57301438739192, 28.52761311389319], [77.57290505143335, 28.527648793937608], [77.57288106923569, 28.52759205542572]]]}}, {"type": "Feature", "properties": {"height": -1.0, "confidence": 0.9954000115394592, "source": "Microsoft Global ML Building Footprints (2026-02-03 release)"}, "geometry": {"type": "Polygon", "coordinates": [[[77.57602453399417, 28.526074871280684], [77.57605923823354, 28.52604126351391], [77.5763084144133, 28.526239887396393], [77.57627370870553, 28.52627349392936], [77.57602453399417, 28.526074871280684]]]}}, {"type": "Feature", "properties": {"height": -1.0, "confidence": 0.9912999868392944, "source": "Microsoft Global ML Building Footprints (2026-02-03 release)"}, "geometry": {"type": "Polygon", "coordinates": [[[77.57588584685377, 28.520134016272024], [77.57603947265122, 28.52008444620762], [77.57606898265965, 28.52015505282042], [77.5759153568622, 28.520204622851622], [77.57588584685377, 28.520134016272024]]]}}, {"type": "Feature", "properties": {"height": -1.0, "confidence": 0.9908000230789185, "source": "Microsoft Global ML Building Footprints (2026-02-03 release)"}, "geometry": {"type": "Polygon", "coordinates": [[[77.56524344005699, 28.532065670749233], [77.56519018722061, 28.5320956384692], [77.56516338616107, 28.532058878613718], [77.56521663899741, 28.532028910883277], [77.56524344005699, 28.532065670749233]]]}}, {"type": "Feature", "properties": {"height": -1.0, "confidence": 0.9909999966621399, "source": "Microsoft Global ML Building Footprints (2026-02-03 release)"}, "geometry": {"type": "Polygon", "coordinates": [[[77.57044040256449, 28.51433786942347], [77.57030658322947, 28.514400399083257], [77.57028434517771, 28.514363653242654], [77.57041816451272, 28.514301123561097], [77.57044040256449, 28.51433786942347]]]}}, {"type": "Feature", "properties": {"height": -1.0, "confidence": 0.933899998664856, "source": "Microsoft Global ML Building Footprints (2026-02-03 release)"}, "geometry": {"type": "Polygon", "coordinates": [[[77.5767630594582, 28.52569921380148], [77.57688510654779, 28.525735402736252], [77.57683751954146, 28.52575664136119], [77.57704096867532, 28.525816967278104], [77.57703284217749, 28.525838123582872], [77.57731202224778, 28.52592090485888], [77.57727474185015, 28.5259375457901], [77.57730451879489, 28.525989040945753], [77.57721249764151, 28.526105843965297], [77.5771370794274, 28.52608348132582], [77.57715720866372, 28.526031077530583], [77.5771054138366, 28.52605419408905], [77.57706035767005, 28.526171491777077], [77.57672212449599, 28.526071200558306], [77.57664374128957, 28.52617069277796], [77.5767512635137, 28.52612270456246], [77.57684813866769, 28.526181619859607], [77.5767564212234, 28.526154424271162], [77.57678567737567, 28.52620501868345], [77.57673308424465, 28.52627177534921], [77.57671707576255, 28.52624409094502], [77.57662319496205, 28.52621625390566], [77.57660648003774, 28.52618734779425], [77.57653292406705, 28.52628071267783], [77.57646538524436, 28.526456540519817], [77.57637176597511, 28.526294617117507], [77.57621960724346, 28.52648775250759], [77.57617192245014, 28.52640528855388], [77.576259059893, 28.5262946847758], [77.57598382028465, 28.526127295991472], [77.57602181071213, 28.526110338153195], [77.57630397212853, 28.52628193650495], [77.5767630594582, 28.52569921380148]]]}}, {"type": "Feature", "properties": {"height": -1.0, "confidence": 0.9771999716758728, "source": "Microsoft Global ML Building Footprints (2026-02-03 release)"}, "geometry": {"type": "Polygon", "coordinates": [[[77.5809777712302, 28.529695564408], [77.58106003495395, 28.529638186965087], [77.58112534272398, 28.52971046139394], [77.58104307900022, 28.529767838797497], [77.5809777712302, 28.529695564408]]]}}, {"type": "Feature", "properties": {"height": -1.0, "confidence": 0.9739000201225281, "source": "Microsoft Global ML Building Footprints (2026-02-03 release)"}, "geometry": {"type": "Polygon", "coordinates": [[[77.57116879308214, 28.525876258150262], [77.57126310670805, 28.525850270324234], [77.57127732133337, 28.52589009239975], [77.57118300293476, 28.525916075731224], [77.57116879308214, 28.525876258150262]]]}}, {"type": "Feature", "properties": {"height": -1.0, "confidence": 0.9968000054359436, "source": "Microsoft Global ML Building Footprints (2026-02-03 release)"}, "geometry": {"type": "Polygon", "coordinates": [[[77.56582237138741, 28.533123953482253], [77.56586528701231, 28.533172332678568], [77.56581430397648, 28.5332072391773], [77.56577139074946, 28.533158858355222], [77.56582237138741, 28.533123953482253]]]}}, {"type": "Feature", "properties": {"height": -1.0, "confidence": 0.9957000017166138, "source": "Microsoft Global ML Building Footprints (2026-02-03 release)"}, "geometry": {"type": "Polygon", "coordinates": [[[77.5690934897177, 28.523334894397202], [77.56905526852569, 28.52334837373641], [77.56901029755642, 28.52324993345703], [77.56904851107046, 28.523236454463103], [77.5690934897177, 28.523334894397202]]]}}, {"type": "Feature", "properties": {"height": -1.0, "confidence": 0.991100013256073, "source": "Microsoft Global ML Building Footprints (2026-02-03 release)"}, "geometry": {"type": "Polygon", "coordinates": [[[77.5765370717009, 28.528270158043696], [77.57663987605468, 28.528251294598547], [77.57666778749429, 28.52836871316817], [77.57659582444664, 28.52838191756542], [77.57657650114228, 28.528300627810566], [77.57654565983614, 28.528306286841826], [77.5765370717009, 28.528270158043696]]]}}, {"type": "Feature", "properties": {"height": -1.0, "confidence": 0.9409000277519226, "source": "Microsoft Global ML Building Footprints (2026-02-03 release)"}, "geometry": {"type": "Polygon", "coordinates": [[[77.56924982723471, 28.520738163297608], [77.56986942143214, 28.520571961765285], [77.56993159191478, 28.52075089188599], [77.56945676638014, 28.520878260109214], [77.56944963960729, 28.520857753600374], [77.5693048868117, 28.520896591280305], [77.56924982723471, 28.520738163297608]]]}}, {"type": "Feature", "properties": {"height": -1.0, "confidence": 0.9968000054359436, "source": "Microsoft Global ML Building Footprints (2026-02-03 release)"}, "geometry": {"type": "Polygon", "coordinates": [[[77.57672417304124, 28.533104619960277], [77.57663754120885, 28.533174529155815], [77.57637963977317, 28.53292785629658], [77.57646626094743, 28.53285795553822], [77.57672417304124, 28.533104619960277]]]}}, {"type": "Feature", "properties": {"height": -1.0, "confidence": 0.9921000003814697, "source": "Microsoft Global ML Building Footprints (2026-02-03 release)"}, "geometry": {"type": "Polygon", "coordinates": [[[77.56863618002359, 28.52236633391692], [77.56869874920983, 28.522343128741568], [77.56872469130222, 28.522397137666033], [77.56866212576759, 28.522420341475204], [77.56863618002359, 28.52236633391692]]]}}, {"type": "Feature", "properties": {"height": -1.0, "confidence": 0.9879000186920166, "source": "Microsoft Global ML Building Footprints (2026-02-03 release)"}, "geometry": {"type": "Polygon", "coordinates": [[[77.56737757965183, 28.52901368380882], [77.56742323904925, 28.528996908299902], [77.56745092533171, 28.52905507536525], [77.56740526593434, 28.52907185086491], [77.56737757965183, 28.52901368380882]]]}}, {"type": "Feature", "properties": {"height": -1.0, "confidence": 0.9545999765396118, "source": "Microsoft Global ML Building Footprints (2026-02-03 release)"}, "geometry": {"type": "Polygon", "coordinates": [[[77.5710691338572, 28.51322268652362], [77.57117653117838, 28.513147483134432], [77.57130987250429, 28.51329451420184], [77.57141650221139, 28.513219848374113], [77.57146543962523, 28.513273810027634], [77.57142771040049, 28.51330023165525], [77.57145982230954, 28.513335640362115], [77.5714213309992, 28.513362593292207], [77.57146185848089, 28.513407277611144], [77.5714011636411, 28.51344977817891], [77.57137428118232, 28.513420138444545], [77.57129718496175, 28.51347412854244], [77.5710691338572, 28.51322268652362]]]}}, {"type": "Feature", "properties": {"height": -1.0, "confidence": 0.98089998960495, "source": "Microsoft Global ML Building Footprints (2026-02-03 release)"}, "geometry": {"type": "Polygon", "coordinates": [[[77.56972842150321, 28.51422111815338], [77.56976275406589, 28.514279931078512], [77.56969175405733, 28.514311932652035], [77.56965741980437, 28.514253124873157], [77.56972842150321, 28.51422111815338]]]}}, {"type": "Feature", "properties": {"height": -1.0, "confidence": 0.9440000057220459, "source": "Microsoft Global ML Building Footprints (2026-02-03 release)"}, "geometry": {"type": "Polygon", "coordinates": [[[77.57017976632429, 28.53319006073606], [77.57023444090323, 28.53316834330836], [77.5702978822373, 28.533291598624224], [77.5702431995058, 28.53331331926482], [77.57017976632429, 28.53319006073606]]]}}, {"type": "Feature", "properties": {"height": -1.0, "confidence": 0.9330000281333923, "source": "Microsoft Global ML Building Footprints (2026-02-03 release)"}, "geometry": {"type": "Polygon", "coordinates": [[[77.5763163529991, 28.532673360601052], [77.57641284658219, 28.532620430273], [77.57643935557378, 28.53265773081965], [77.5763428619907, 28.53271066112896], [77.5763163529991, 28.532673360601052]]]}}, {"type": "Feature", "properties": {"height": -1.0, "confidence": 0.9754999876022339, "source": "Microsoft Global ML Building Footprints (2026-02-03 release)"}, "geometry": {"type": "Polygon", "coordinates": [[[77.57745968516228, 28.526577991167144], [77.57745821798679, 28.52652382055119], [77.57750110904357, 28.52652292381743], [77.5775025762191, 28.52657709443387], [77.57745968516228, 28.526577991167144]]]}}, {"type": "Feature", "properties": {"height": -1.0, "confidence": 0.9740999937057495, "source": "Microsoft Global ML Building Footprints (2026-02-03 release)"}, "geometry": {"type": "Polygon", "coordinates": [[[77.56661181330762, 28.51491457414412], [77.56664595680017, 28.514951429393804], [77.56659433430893, 28.514988354474248], [77.56656019081638, 28.51495149923749], [77.56661181330762, 28.51491457414412]]]}}, {"type": "Feature", "properties": {"height": -1.0, "confidence": 0.989799976348877, "source": "Microsoft Global ML Building Footprints (2026-02-03 release)"}, "geometry": {"type": "Polygon", "coordinates": [[[77.56554554327083, 28.514426333128185], [77.5654283349581, 28.514516240815205], [77.56525558795484, 28.51434236060988], [77.56537279626757, 28.514252452774613], [77.56554554327083, 28.514426333128185]]]}}, {"type": "Feature", "properties": {"height": -1.0, "confidence": 0.9817000031471252, "source": "Microsoft Global ML Building Footprints (2026-02-03 release)"}, "geometry": {"type": "Polygon", "coordinates": [[[77.57835835924324, 28.528739216298106], [77.57832856602055, 28.528720244072545], [77.57830437214005, 28.52865136024809], [77.57817947019606, 28.52868521501214], [77.5781179143048, 28.52850995545606], [77.57801260689928, 28.528538505620467], [77.5779808667909, 28.52844813632047], [77.57786086532882, 28.5284806702472], [77.57779545321405, 28.528294431029323], [77.57800237989431, 28.528238343186096], [77.57800964045147, 28.52823986516183], [77.57803463187224, 28.528311019987264], [77.57815953135321, 28.528277158090418], [77.57822150013622, 28.52845359360459], [77.5782780269425, 28.528438268463837], [77.57833695023871, 28.528475790720833], [77.57852475542175, 28.528515158806293], [77.57857991218643, 28.52867219902211], [77.57842597370427, 28.528713933617247], [77.57850148994673, 28.528762022106626], [77.5785520516189, 28.528905979023826], [77.578428559147, 28.52893945926226], [77.57843921316487, 28.52896979974917], [77.5784821456012, 28.52899713891665], [77.57849224080263, 28.529025881471412], [77.57824489085016, 28.529092940819382], [77.57817838776596, 28.52890359652651], [77.57824527604343, 28.528885462335467], [77.57827911615362, 28.52889255593829], [77.57823686900733, 28.528772271763152], [77.57835823384694, 28.52873936829836], [77.57835835924324, 28.528739216298106]]]}}, {"type": "Feature", "properties": {"height": -1.0, "confidence": 0.9562000036239624, "source": "Microsoft Global ML Building Footprints (2026-02-03 release)"}, "geometry": {"type": "Polygon", "coordinates": [[[77.56824004766551, 28.532647818759266], [77.56828418254719, 28.53262531066877], [77.5683115723787, 28.532666759135545], [77.56826743883829, 28.53268926924688], [77.56824004766551, 28.532647818759266]]]}}, {"type": "Feature", "properties": {"height": -1.0, "confidence": 0.9836000204086304, "source": "Microsoft Global ML Building Footprints (2026-02-03 release)"}, "geometry": {"type": "Polygon", "coordinates": [[[77.56989639223166, 28.514729370763888], [77.56994158268176, 28.51481152486209], [77.569850261322, 28.514850304349125], [77.56980507087187, 28.51476815028112], [77.56989639223166, 28.514729370763888]]]}}, {"type": "Feature", "properties": {"height": -1.0, "confidence": 0.9506000280380249, "source": "Microsoft Global ML Building Footprints (2026-02-03 release)"}, "geometry": {"type": "Polygon", "coordinates": [[[77.57464547542187, 28.529949064603443], [77.57464694545274, 28.5300527345452], [77.57450481043459, 28.530054290239967], [77.5745038749604, 28.529988318471617], [77.57453873826672, 28.52998793688588], [77.57453820371005, 28.529950238713845], [77.57464547542187, 28.529949064603443]]]}}, {"type": "Feature", "properties": {"height": -1.0, "confidence": 0.9725000262260437, "source": "Microsoft Global ML Building Footprints (2026-02-03 release)"}, "geometry": {"type": "Polygon", "coordinates": [[[77.58188418956306, 28.528992011326288], [77.58206093683104, 28.528840051078028], [77.58212127239399, 28.528894220617488], [77.5822528052446, 28.528781133837008], [77.58242710798204, 28.528937623629112], [77.58241066637572, 28.52895175946233], [77.58252865592107, 28.529057690867802], [77.58241904521223, 28.529151929612674], [77.58221390429817, 28.528967753515325], [77.58221116403044, 28.528970109487], [77.58216959953153, 28.528932792723005], [77.58215178779132, 28.528948106542927], [77.58217189964566, 28.52896616304067], [77.5820102238501, 28.529105165280527], [77.58188418956306, 28.528992011326288]]]}}, {"type": "Feature", "properties": {"height": -1.0, "confidence": 0.9776999950408936, "source": "Microsoft Global ML Building Footprints (2026-02-03 release)"}, "geometry": {"type": "Polygon", "coordinates": [[[77.56888214756216, 28.533301562261542], [77.56895799360845, 28.53325187607605], [77.56899269806796, 28.533292764983955], [77.56891685202172, 28.533342451150162], [77.56888214756216, 28.533301562261542]]]}}, {"type": "Feature", "properties": {"height": -1.0, "confidence": 0.9402999877929688, "source": "Microsoft Global ML Building Footprints (2026-02-03 release)"}, "geometry": {"type": "Polygon", "coordinates": [[[77.58231973713738, 28.527966641578715], [77.58226623722493, 28.527990301571094], [77.58220376035061, 28.527881251858773], [77.58225726026312, 28.527857591841894], [77.58231973713738, 28.527966641578715]]]}}, {"type": "Feature", "properties": {"height": -1.0, "confidence": 0.9900000095367432, "source": "Microsoft Global ML Building Footprints (2026-02-03 release)"}, "geometry": {"type": "Polygon", "coordinates": [[[77.56956566485529, 28.524174798202473], [77.56952990903822, 28.52418591504029], [77.56951094193901, 28.524138821178425], [77.56954669854314, 28.524127706289725], [77.56956566485529, 28.524174798202473]]]}}, {"type": "Feature", "properties": {"height": -1.0, "confidence": 0.8791000247001648, "source": "Microsoft Global ML Building Footprints (2026-02-03 release)"}, "geometry": {"type": "Polygon", "coordinates": [[[77.56774794236105, 28.532450914082446], [77.56787163069862, 28.532388207524527], [77.5684080755859, 28.533204920263366], [77.56828443605647, 28.533267601591113], [77.56774794236105, 28.532450914082446]]]}}, {"type": "Feature", "properties": {"height": -1.0, "confidence": 0.9805999994277954, "source": "Microsoft Global ML Building Footprints (2026-02-03 release)"}, "geometry": {"type": "Polygon", "coordinates": [[[77.5689753567015, 28.52251733328623], [77.56901649568539, 28.52250982227998], [77.56903092135889, 28.52257081851627], [77.56898978237498, 28.52257832951817], [77.5689753567015, 28.52251733328623]]]}}, {"type": "Feature", "properties": {"height": -1.0, "confidence": 0.9871000051498413, "source": "Microsoft Global ML Building Footprints (2026-02-03 release)"}, "geometry": {"type": "Polygon", "coordinates": [[[77.57627807016144, 28.526714741077726], [77.57630420355389, 28.526735877799183], [77.57626143479551, 28.526776696726813], [77.57623530140306, 28.526755560013548], [77.57627807016144, 28.526714741077726]]]}}, {"type": "Feature", "properties": {"height": -1.0, "confidence": 0.9882000088691711, "source": "Microsoft Global ML Building Footprints (2026-02-03 release)"}, "geometry": {"type": "Polygon", "coordinates": [[[77.57804800006927, 28.530764510929266], [77.57838388616781, 28.53046771080102], [77.57857542577935, 28.530635012784096], [77.57834206929408, 28.530841214097165], [77.57839872185525, 28.530890697634597], [77.57829618355676, 28.530981303610552], [77.57804800006927, 28.530764510929266]]]}}, {"type": "Feature", "properties": {"height": -1.0, "confidence": 0.9768999814987183, "source": "Microsoft Global ML Building Footprints (2026-02-03 release)"}, "geometry": {"type": "Polygon", "coordinates": [[[77.57136197369816, 28.525201096700272], [77.57135432950457, 28.52508039011245], [77.5713689657336, 28.525057382761773], [77.57135668626199, 28.524863481909044], [77.57120723890847, 28.524694919403203], [77.57118153107412, 28.524696176179567], [77.57111679952024, 28.52462316501512], [77.57119815394252, 28.52449527969931], [77.57127785973493, 28.52453442190634], [77.57129853162242, 28.52450192666131], [77.57133753127968, 28.524500020085398], [77.57135754535172, 28.524522594126587], [77.57130818180678, 28.524556382442142], [77.57134647567314, 28.524575187922593], [77.57134843331116, 28.524606100410253], [77.57144808180458, 28.524718494627905], [77.57165525222192, 28.524708366710016], [77.5716692714678, 28.52472417768471], [77.57170526230159, 28.524722418204867], [77.57173347475953, 28.524754236347526], [77.57170650437295, 28.524796632436512], [77.57170955175266, 28.52484475260981], [77.57158951212602, 28.52485062096664], [77.57155838655046, 28.524871923794024], [77.57157475807097, 28.52513044066299], [77.57164427999946, 28.52512703769026], [77.57164618261936, 28.52515708124512], [77.5716295002432, 28.52518330500181], [77.57158520741363, 28.525185470330932], [77.57158211283661, 28.525190334831144], [77.57136197369816, 28.525201096700272]]]}}, {"type": "Feature", "properties": {"height": -1.0, "confidence": 0.9613999724388123, "source": "Microsoft Global ML Building Footprints (2026-02-03 release)"}, "geometry": {"type": "Polygon", "coordinates": [[[77.56584423795573, 28.532070478563796], [77.56588150406617, 28.532059410893623], [77.56589987798692, 28.532107162999218], [77.56586261608172, 28.532118231706626], [77.56584423795573, 28.532070478563796]]]}}, {"type": "Feature", "properties": {"height": -1.0, "confidence": 0.9617999792098999, "source": "Microsoft Global ML Building Footprints (2026-02-03 release)"}, "geometry": {"type": "Polygon", "coordinates": [[[77.57173082318612, 28.526256923818508], [77.57137609349365, 28.526371093284233], [77.57135828034035, 28.526328369616287], [77.57171300201433, 28.526214180872444], [77.57173082318612, 28.526256923818508]]]}}, {"type": "Feature", "properties": {"height": -1.0, "confidence": 0.9990000128746033, "source": "Microsoft Global ML Building Footprints (2026-02-03 release)"}, "geometry": {"type": "Polygon", "coordinates": [[[77.57298486693684, 28.52745694547542], [77.5728133953711, 28.5275136933616], [77.57274119769633, 28.52734529552324], [77.57291266530329, 28.52728853831274], [77.57298486693684, 28.52745694547542]]]}}, {"type": "Feature", "properties": {"height": -1.0, "confidence": 0.9487000107765198, "source": "Microsoft Global ML Building Footprints (2026-02-03 release)"}, "geometry": {"type": "Polygon", "coordinates": [[[77.57653229252979, 28.528888534885866], [77.57664270145656, 28.528868045376186], [77.57664920971473, 28.528895115893114], [77.57670826565231, 28.528884156389104], [77.57674134929802, 28.52902176475706], [77.5766232374229, 28.529043683735317], [77.5765972043902, 28.528935401778455], [77.57654585140102, 28.528944931777367], [77.57653229252979, 28.528888534885866]]]}}, {"type": "Feature", "properties": {"height": -1.0, "confidence": 0.9253000020980835, "source": "Microsoft Global ML Building Footprints (2026-02-03 release)"}, "geometry": {"type": "Polygon", "coordinates": [[[77.56977049861848, 28.53296178346846], [77.56983159370283, 28.533072415703145], [77.5696948108328, 28.533130717374533], [77.56963371574845, 28.53302008520106], [77.56977049861848, 28.53296178346846]]]}}, {"type": "Feature", "properties": {"height": -1.0, "confidence": 0.9567999839782715, "source": "Microsoft Global ML Building Footprints (2026-02-03 release)"}, "geometry": {"type": "Polygon", "coordinates": [[[77.5700441332882, 28.515140615016882], [77.56990242015023, 28.515189568000885], [77.5698878073568, 28.51515690648769], [77.56984599036525, 28.515171351630634], [77.56981311158005, 28.51509786319898], [77.56999664170958, 28.515034465012683], [77.5700441332882, 28.515140615016882]]]}}, {"type": "Feature", "properties": {"height": -1.0, "confidence": 0.9779999852180481, "source": "Microsoft Global ML Building Footprints (2026-02-03 release)"}, "geometry": {"type": "Polygon", "coordinates": [[[77.56458046873118, 28.51608098197007], [77.5643860862049, 28.515853119939557], [77.56441938668308, 28.51583118879833], [77.56461375758813, 28.516059058529784], [77.56458046873118, 28.51608098197007]]]}}, {"type": "Feature", "properties": {"height": -1.0, "confidence": 0.9517999887466431, "source": "Microsoft Global ML Building Footprints (2026-02-03 release)"}, "geometry": {"type": "Polygon", "coordinates": [[[77.58032620553084, 28.53075815624326], [77.58039017176027, 28.530723343074122], [77.58041840420417, 28.5307633835724], [77.58035443597046, 28.530798193885765], [77.58032620553084, 28.53075815624326]]]}}, {"type": "Feature", "properties": {"height": -1.0, "confidence": 0.9796000123023987, "source": "Microsoft Global ML Building Footprints (2026-02-03 release)"}, "geometry": {"type": "Polygon", "coordinates": [[[77.58128811503437, 28.52841581953672], [77.58132148624092, 28.52845533598692], [77.58125574971254, 28.528498187227186], [77.58122237850598, 28.528458670793057], [77.58128811503437, 28.52841581953672]]]}}, {"type": "Feature", "properties": {"height": -1.0, "confidence": 0.984499990940094, "source": "Microsoft Global ML Building Footprints (2026-02-03 release)"}, "geometry": {"type": "Polygon", "coordinates": [[[77.56855462664726, 28.513507100209054], [77.56860864346511, 28.513638428059004], [77.56850426129273, 28.513671578049987], [77.56845024447487, 28.51354025024132], [77.56855462664726, 28.513507100209054]]]}}, {"type": "Feature", "properties": {"height": -1.0, "confidence": 0.9696999788284302, "source": "Microsoft Global ML Building Footprints (2026-02-03 release)"}, "geometry": {"type": "Polygon", "coordinates": [[[77.56521035214014, 28.51426732565468], [77.56528651638325, 28.51438472644263], [77.56515898176183, 28.514448609677522], [77.56508281751867, 28.51433120896067], [77.56521035214014, 28.51426732565468]]]}}, {"type": "Feature", "properties": {"height": -1.0, "confidence": 0.9980000257492065, "source": "Microsoft Global ML Building Footprints (2026-02-03 release)"}, "geometry": {"type": "Polygon", "coordinates": [[[77.56494670505425, 28.531673873215496], [77.56487619276184, 28.5317115246211], [77.56485357423544, 28.531678829427698], [77.56492408652784, 28.531641178010425], [77.56494670505425, 28.531673873215496]]]}}, {"type": "Feature", "properties": {"height": -1.0, "confidence": 0.9868000149726868, "source": "Microsoft Global ML Building Footprints (2026-02-03 release)"}, "geometry": {"type": "Polygon", "coordinates": [[[77.57460275753505, 28.5229672175574], [77.57464066756668, 28.52300334836999], [77.5745978395912, 28.523038036314887], [77.5745599326092, 28.523001905677667], [77.57460275753505, 28.5229672175574]]]}}, {"type": "Feature", "properties": {"height": -1.0, "confidence": 0.9819999933242798, "source": "Microsoft Global ML Building Footprints (2026-02-03 release)"}, "geometry": {"type": "Polygon", "coordinates": [[[77.5690769028318, 28.522904362766404], [77.56909128999406, 28.52294260407583], [77.56903325801608, 28.522959458653773], [77.56901887085381, 28.522921217350465], [77.5690769028318, 28.522904362766404]]]}}, {"type": "Feature", "properties": {"height": -1.0, "confidence": 0.967199981212616, "source": "Microsoft Global ML Building Footprints (2026-02-03 release)"}, "geometry": {"type": "Polygon", "coordinates": [[[77.5787177805812, 28.53304045449672], [77.578760628391, 28.533000637222017], [77.5788810149398, 28.533100628004128], [77.57883816712997, 28.53314044524106], [77.5787177805812, 28.53304045449672]]]}}, {"type": "Feature", "properties": {"height": -1.0, "confidence": 0.9789999723434448, "source": "Microsoft Global ML Building Footprints (2026-02-03 release)"}, "geometry": {"type": "Polygon", "coordinates": [[[77.57958918065303, 28.531235454830465], [77.579647954118, 28.53130051413536], [77.5795541542939, 28.53136591945991], [77.57949538082896, 28.531300860195387], [77.57958918065303, 28.531235454830465]]]}}, {"type": "Feature", "properties": {"height": -1.0, "confidence": 0.9728999733924866, "source": "Microsoft Global ML Building Footprints (2026-02-03 release)"}, "geometry": {"type": "Polygon", "coordinates": [[[77.56934299282447, 28.51383672279544], [77.56937430032555, 28.513950258926585], [77.56928309396916, 28.513969672089523], [77.56925178646813, 28.51385613597929], [77.56934299282447, 28.51383672279544]]]}}, {"type": "Feature", "properties": {"height": -1.0, "confidence": 0.9473000168800354, "source": "Microsoft Global ML Building Footprints (2026-02-03 release)"}, "geometry": {"type": "Polygon", "coordinates": [[[77.5668114922046, 28.533047019861286], [77.56674137150351, 28.533082875017634], [77.56656826371048, 28.53282160826], [77.56655315614472, 28.532829334230968], [77.56648319248886, 28.532723727165255], [77.56656841233807, 28.532680145898553], [77.5668114922046, 28.533047019861286]]]}}, {"type": "Feature", "properties": {"height": -1.0, "confidence": 0.9865000247955322, "source": "Microsoft Global ML Building Footprints (2026-02-03 release)"}, "geometry": {"type": "Polygon", "coordinates": [[[77.57936781170713, 28.532520614659063], [77.57936031449836, 28.532549759890983], [77.57931438072178, 28.532540639924754], [77.57932187793055, 28.532511494690326], [77.57936781170713, 28.532520614659063]]]}}, {"type": "Feature", "properties": {"height": -1.0, "confidence": 0.9704999923706055, "source": "Microsoft Global ML Building Footprints (2026-02-03 release)"}, "geometry": {"type": "Polygon", "coordinates": [[[77.56671267066383, 28.513828123747686], [77.56667434961263, 28.51385802106332], [77.56664904774998, 28.513832980693714], [77.56668736768597, 28.513803084241054], [77.56671267066383, 28.513828123747686]]]}}, {"type": "Feature", "properties": {"height": -1.0, "confidence": 0.9527999758720398, "source": "Microsoft Global ML Building Footprints (2026-02-03 release)"}, "geometry": {"type": "Polygon", "coordinates": [[[77.56645613553054, 28.531136614132798], [77.56652394185653, 28.531096050453826], [77.56662680329902, 28.53122878093292], [77.56667169011908, 28.53120193114166], [77.56670288657506, 28.5312421823038], [77.5665901890304, 28.53130959415894], [77.56645613553054, 28.531136614132798]]]}}, {"type": "Feature", "properties": {"height": -1.0, "confidence": 0.9807000160217285, "source": "Microsoft Global ML Building Footprints (2026-02-03 release)"}, "geometry": {"type": "Polygon", "coordinates": [[[77.57003331493604, 28.533340717016166], [77.57007360739848, 28.53332495764112], [77.57010450574376, 28.533385921736354], [77.57006421328131, 28.533401681102305], [77.57003331493604, 28.533340717016166]]]}}, {"type": "Feature", "properties": {"height": -1.0, "confidence": 0.9733999967575073, "source": "Microsoft Global ML Building Footprints (2026-02-03 release)"}, "geometry": {"type": "Polygon", "coordinates": [[[77.57496102555966, 28.526992433463242], [77.57483044480178, 28.52703494227321], [77.57473575139754, 28.52681040167449], [77.57479706919153, 28.526790436680166], [77.57479007857218, 28.526773860235735], [77.57485932167003, 28.52675131476468], [77.57496102555966, 28.526992433463242]]]}}, {"type": "Feature", "properties": {"height": -1.0, "confidence": 0.9702000021934509, "source": "Microsoft Global ML Building Footprints (2026-02-03 release)"}, "geometry": {"type": "Polygon", "coordinates": [[[77.5769908711914, 28.52890951948961], [77.57690764724798, 28.528935680053138], [77.57683923142774, 28.528767677133786], [77.57689254083594, 28.528750916582958], [77.57691672326764, 28.52881028775272], [77.57702134533113, 28.52877740087699], [77.57707580248376, 28.528911100537123], [77.57700108013712, 28.528934588713874], [77.5769908711914, 28.52890951948961]]]}}, {"type": "Feature", "properties": {"height": -1.0, "confidence": 0.9921000003814697, "source": "Microsoft Global ML Building Footprints (2026-02-03 release)"}, "geometry": {"type": "Polygon", "coordinates": [[[77.56919432014135, 28.52329995874149], [77.569246103286, 28.523399312729445], [77.56919954123947, 28.52341804712382], [77.56914775809481, 28.523318693153506], [77.56919432014135, 28.52329995874149]]]}}, {"type": "Feature", "properties": {"height": -1.0, "confidence": 0.9721999764442444, "source": "Microsoft Global ML Building Footprints (2026-02-03 release)"}, "geometry": {"type": "Polygon", "coordinates": [[[77.57272967906789, 28.51825666636784], [77.57303300718823, 28.518466221625225], [77.57293135443058, 28.518579821651123], [77.5726280263102, 28.518370266619513], [77.57272967906789, 28.51825666636784]]]}}, {"type": "Feature", "properties": {"height": -1.0, "confidence": 0.9915000200271606, "source": "Microsoft Global ML Building Footprints (2026-02-03 release)"}, "geometry": {"type": "Polygon", "coordinates": [[[77.57806635215432, 28.53161743696497], [77.57842807000313, 28.531300493127425], [77.57838515481109, 28.531262689165388], [77.57841339300742, 28.531237946288947], [77.57859444147392, 28.53139743169919], [77.57820448542878, 28.53173911800978], [77.57806635215432, 28.53161743696497]]]}}, {"type": "Feature", "properties": {"height": -1.0, "confidence": 0.972000002861023, "source": "Microsoft Global ML Building Footprints (2026-02-03 release)"}, "geometry": {"type": "Polygon", "coordinates": [[[77.58120654619152, 28.5313329784735], [77.58112979598842, 28.53138628295045], [77.58107107600078, 28.531321023930772], [77.58114782300461, 28.53126772164275], [77.58120654619152, 28.5313329784735]]]}}, {"type": "Feature", "properties": {"height": -1.0, "confidence": 0.9972000122070312, "source": "Microsoft Global ML Building Footprints (2026-02-03 release)"}, "geometry": {"type": "Polygon", "coordinates": [[[77.57535960755419, 28.518103229896084], [77.57543886107753, 28.518198388535154], [77.57537597778736, 28.51823882311058], [77.57529672426402, 28.51814366450801], [77.57535960755419, 28.518103229896084]]]}}, {"type": "Feature", "properties": {"height": -1.0, "confidence": 0.9803000092506409, "source": "Microsoft Global ML Building Footprints (2026-02-03 release)"}, "geometry": {"type": "Polygon", "coordinates": [[[77.56513678915223, 28.51442958188445], [77.5650608680661, 28.51447058561974], [77.5650029541235, 28.514387800783602], [77.56507887283905, 28.51434679362749], [77.56513678915223, 28.51442958188445]]]}}, {"type": "Feature", "properties": {"height": -1.0, "confidence": 0.9840999841690063, "source": "Microsoft Global ML Building Footprints (2026-02-03 release)"}, "geometry": {"type": "Polygon", "coordinates": [[[77.57226060684738, 28.5334387108201], [77.57251413198819, 28.5332450208292], [77.57256725685956, 28.533298691177627], [77.57249242112523, 28.533355864737068], [77.57246585868954, 28.533329029580827], [77.57228716928307, 28.53346554594841], [77.57226060684738, 28.5334387108201]]]}}, {"type": "Feature", "properties": {"height": -1.0, "confidence": 0.9666000008583069, "source": "Microsoft Global ML Building Footprints (2026-02-03 release)"}, "geometry": {"type": "Polygon", "coordinates": [[[77.57249180970096, 28.524409215104285], [77.57260433121962, 28.524412591722488], [77.5726025011624, 28.52445966930751], [77.57248997964373, 28.524456292690815], [77.57249180970096, 28.524409215104285]]]}}, {"type": "Feature", "properties": {"height": -1.0, "confidence": 0.97079998254776, "source": "Microsoft Global ML Building Footprints (2026-02-03 release)"}, "geometry": {"type": "Polygon", "coordinates": [[[77.56972168218799, 28.520353648027545], [77.569752974148, 28.52044429009819], [77.56968287484045, 28.520462973049632], [77.5696515762688, 28.52037233275719], [77.56972168218799, 28.520353648027545]]]}}, {"type": "Feature", "properties": {"height": -1.0, "confidence": 0.9966999888420105, "source": "Microsoft Global ML Building Footprints (2026-02-03 release)"}, "geometry": {"type": "Polygon", "coordinates": [[[77.5710399711961, 28.526128831361284], [77.57109449211995, 28.526134668250315], [77.57108966141628, 28.526169499887494], [77.57103513775833, 28.526163662707688], [77.5710399711961, 28.526128831361284]]]}}, {"type": "Feature", "properties": {"height": -1.0, "confidence": 0.9214000105857849, "source": "Microsoft Global ML Building Footprints (2026-02-03 release)"}, "geometry": {"type": "Polygon", "coordinates": [[[77.5672327640301, 28.531659364371343], [77.56709499296278, 28.531730286829387], [77.56704649881681, 28.53165757592957], [77.56704950605067, 28.53165602766566], [77.56701961108736, 28.53161120923916], [77.56713241398339, 28.531553139955342], [77.56716166269352, 28.531596994783364], [77.56718362619701, 28.531585688293447], [77.5672327640301, 28.531659364371343]]]}}, {"type": "Feature", "properties": {"height": -1.0, "confidence": 0.995199978351593, "source": "Microsoft Global ML Building Footprints (2026-02-03 release)"}, "geometry": {"type": "Polygon", "coordinates": [[[77.56639396992232, 28.513898855692396], [77.56633137726686, 28.513950610884194], [77.56628376213514, 28.513906148085994], [77.56634635697702, 28.51385439491405], [77.56639396992232, 28.513898855692396]]]}}, {"type": "Feature", "properties": {"height": -1.0, "confidence": 0.9617000222206116, "source": "Microsoft Global ML Building Footprints (2026-02-03 release)"}, "geometry": {"type": "Polygon", "coordinates": [[[77.5741071025603, 28.52930193688909], [77.57415156262006, 28.529281758258676], [77.57418109626919, 28.529331980065102], [77.57413663620943, 28.529352158685903], [77.5741071025603, 28.52930193688909]]]}}, {"type": "Feature", "properties": {"height": -1.0, "confidence": 0.9797000288963318, "source": "Microsoft Global ML Building Footprints (2026-02-03 release)"}, "geometry": {"type": "Polygon", "coordinates": [[[77.57796424012517, 28.528923980852895], [77.5779243132821, 28.528933577921023], [77.57790618482649, 28.52887536142596], [77.57794611238083, 28.528865766636727], [77.57796424012517, 28.528923980852895]]]}}, {"type": "Feature", "properties": {"height": -1.0, "confidence": 0.9690999984741211, "source": "Microsoft Global ML Building Footprints (2026-02-03 release)"}, "geometry": {"type": "Polygon", "coordinates": [[[77.58151859136255, 28.53002975399685], [77.58140062086146, 28.530108764402577], [77.58121121121725, 28.52989047087415], [77.58132919669812, 28.529811457527003], [77.58151859136255, 28.53002975399685]]]}}, {"type": "Feature", "properties": {"height": -1.0, "confidence": 0.9854000210762024, "source": "Microsoft Global ML Building Footprints (2026-02-03 release)"}, "geometry": {"type": "Polygon", "coordinates": [[[77.56585913922108, 28.520409178510512], [77.5657574727255, 28.520455280952007], [77.56572577221137, 28.520401311375473], [77.5658274387069, 28.520355208910424], [77.56585913922108, 28.520409178510512]]]}}, {"type": "Feature", "properties": {"height": -1.0, "confidence": 0.9890999794006348, "source": "Microsoft Global ML Building Footprints (2026-02-03 release)"}, "geometry": {"type": "Polygon", "coordinates": [[[77.5785273769027, 28.530684203850022], [77.57858040688167, 28.530641376691996], [77.5786178250392, 28.530677139291093], [77.57856479351607, 28.530719967681684], [77.5785273769027, 28.530684203850022]]]}}, {"type": "Feature", "properties": {"height": -1.0, "confidence": 0.9865000247955322, "source": "Microsoft Global ML Building Footprints (2026-02-03 release)"}, "geometry": {"type": "Polygon", "coordinates": [[[77.58063994071291, 28.528593184843935], [77.58068260902995, 28.52864239662454], [77.58063437405066, 28.528674675602403], [77.58059170821451, 28.528625462176592], [77.58063994071291, 28.528593184843935]]]}}, {"type": "Feature", "properties": {"height": -1.0, "confidence": 0.9873999953269958, "source": "Microsoft Global ML Building Footprints (2026-02-03 release)"}, "geometry": {"type": "Polygon", "coordinates": [[[77.57114947948993, 28.526422899564672], [77.5712438904756, 28.526398028733198], [77.57125389365869, 28.526427347879938], [77.57115948299811, 28.526452212813325], [77.57114947948993, 28.526422899564672]]]}}, {"type": "Feature", "properties": {"height": -1.0, "confidence": 0.9781000018119812, "source": "Microsoft Global ML Building Footprints (2026-02-03 release)"}, "geometry": {"type": "Polygon", "coordinates": [[[77.57798464928742, 28.53084970141216], [77.57806578581604, 28.530930759557926], [77.57795157272832, 28.53101900207117], [77.57787043255854, 28.530937946806468], [77.57798464928742, 28.53084970141216]]]}}, {"type": "Feature", "properties": {"height": -1.0, "confidence": 0.9787999987602234, "source": "Microsoft Global ML Building Footprints (2026-02-03 release)"}, "geometry": {"type": "Polygon", "coordinates": [[[77.56826494111274, 28.513722051453428], [77.56834981159525, 28.513691360906037], [77.56841161774578, 28.513823351063365], [77.56832674517301, 28.513854037108608], [77.56826494111274, 28.513722051453428]]]}}, {"type": "Feature", "properties": {"height": -1.0, "confidence": 0.9855999946594238, "source": "Microsoft Global ML Building Footprints (2026-02-03 release)"}, "geometry": {"type": "Polygon", "coordinates": [[[77.57091324165356, 28.526557933627217], [77.5709539754284, 28.526551741771314], [77.57096434256782, 28.52660436716107], [77.57092360472268, 28.52661055963261], [77.57091324165356, 28.526557933627217]]]}}, {"type": "Feature", "properties": {"height": -1.0, "confidence": 0.9884999990463257, "source": "Microsoft Global ML Building Footprints (2026-02-03 release)"}, "geometry": {"type": "Polygon", "coordinates": [[[77.56709053468651, 28.531518432157554], [77.5669743210657, 28.531571425816665], [77.56692825915886, 28.531493458555154], [77.56704447277963, 28.531440464856857], [77.56709053468651, 28.531518432157554]]]}}, {"type": "Feature", "properties": {"height": -1.0, "confidence": 0.9976000189781189, "source": "Microsoft Global ML Building Footprints (2026-02-03 release)"}, "geometry": {"type": "Polygon", "coordinates": [[[77.56617257363438, 28.513997241698583], [77.56623930342391, 28.51394450749006], [77.56628464368809, 28.51398880988115], [77.56621791389853, 28.514041544067524], [77.56617257363438, 28.513997241698583]]]}}, {"type": "Feature", "properties": {"height": -1.0, "confidence": 0.9587000012397766, "source": "Microsoft Global ML Building Footprints (2026-02-03 release)"}, "geometry": {"type": "Polygon", "coordinates": [[[77.57193537160512, 28.532634986768123], [77.5719432843682, 28.532673801209526], [77.57189010326216, 28.532682169179942], [77.57188218750312, 28.532643355213033], [77.57193537160512, 28.532634986768123]]]}}, {"type": "Feature", "properties": {"height": -1.0, "confidence": 0.9725000262260437, "source": "Microsoft Global ML Building Footprints (2026-02-03 release)"}, "geometry": {"type": "Polygon", "coordinates": [[[77.565028894537, 28.532134258895773], [77.565089063303, 28.532226501315996], [77.56502243245993, 28.532260047831663], [77.5650508995259, 28.532303689553224], [77.56498735247573, 28.532335687361204], [77.56496420921394, 28.532300211695954], [77.56494901522714, 28.53230786231613], [77.56497608548442, 28.53234936262762], [77.56492156934006, 28.532376809745593], [77.56482900200774, 28.53223489849887], [77.565028894537, 28.532134258895773]]]}}, {"type": "Feature", "properties": {"height": -1.0, "confidence": 0.9692000150680542, "source": "Microsoft Global ML Building Footprints (2026-02-03 release)"}, "geometry": {"type": "Polygon", "coordinates": [[[77.5760300355282, 28.53312206269853], [77.57601081847078, 28.53315150538335], [77.5759533896508, 28.533122577914853], [77.57597260667734, 28.533093131675173], [77.5760300355282, 28.53312206269853]]]}}, {"type": "Feature", "properties": {"height": -1.0, "confidence": 0.9914000034332275, "source": "Microsoft Global ML Building Footprints (2026-02-03 release)"}, "geometry": {"type": "Polygon", "coordinates": [[[77.58003973485002, 28.52816993522407], [77.58010326467138, 28.52814611333683], [77.58013183565009, 28.52820492881324], [77.58006830422345, 28.528228747382514], [77.58003973485002, 28.52816993522407]]]}}, {"type": "Feature", "properties": {"height": -1.0, "confidence": 0.947700023651123, "source": "Microsoft Global ML Building Footprints (2026-02-03 release)"}, "geometry": {"type": "Polygon", "coordinates": [[[77.58140388551497, 28.532207629341663], [77.58125527821538, 28.532232876668274], [77.58123127052158, 28.532123845709485], [77.58137988619391, 28.532098596934276], [77.58140388551497, 28.532207629341663]]]}}, {"type": "Feature", "properties": {"height": -1.0, "confidence": 0.963699996471405, "source": "Microsoft Global ML Building Footprints (2026-02-03 release)"}, "geometry": {"type": "Polygon", "coordinates": [[[77.57001641328552, 28.522680283192493], [77.56996482820858, 28.522706101558647], [77.56993021789013, 28.522652724116952], [77.5699818061773, 28.522626904131002], [77.57001641328552, 28.522680283192493]]]}}, {"type": "Feature", "properties": {"height": -1.0, "confidence": 0.9839000105857849, "source": "Microsoft Global ML Building Footprints (2026-02-03 release)"}, "geometry": {"type": "Polygon", "coordinates": [[[77.57584823657172, 28.520833619926222], [77.57593402762419, 28.520852538723652], [77.57592414501845, 28.520887136262353], [77.57583835254823, 28.520868222434324], [77.57584823657172, 28.520833619926222]]]}}, {"type": "Feature", "properties": {"height": -1.0, "confidence": 0.9491999745368958, "source": "Microsoft Global ML Building Footprints (2026-02-03 release)"}, "geometry": {"type": "Polygon", "coordinates": [[[77.57855473842699, 28.531468141576653], [77.57859857711719, 28.531502693739384], [77.57847858041126, 28.53162019841446], [77.57841765086197, 28.53157217586906], [77.57850964833654, 28.531482088922182], [77.5785267404058, 28.531495560308734], [77.57855473842699, 28.531468141576653]]]}}, {"type": "Feature", "properties": {"height": -1.0, "confidence": 0.987500011920929, "source": "Microsoft Global ML Building Footprints (2026-02-03 release)"}, "geometry": {"type": "Polygon", "coordinates": [[[77.57156457286429, 28.51357376137819], [77.57151511266224, 28.513614947002182], [77.57148489349247, 28.513586926377045], [77.57166229185614, 28.513439195327877], [77.57169251840098, 28.513467220760937], [77.57171371488974, 28.51344957037324], [77.57182276162885, 28.513550676230523], [77.57167362057216, 28.51367487548184], [77.57156457286429, 28.51357376137819]]]}}, {"type": "Feature", "properties": {"height": -1.0, "confidence": 0.9578999876976013, "source": "Microsoft Global ML Building Footprints (2026-02-03 release)"}, "geometry": {"type": "Polygon", "coordinates": [[[77.57963766395261, 28.528071755569506], [77.57954899162569, 28.528084896211595], [77.57953447489803, 28.52800928152837], [77.57962314722494, 28.52799614087685], [77.57963766395261, 28.528071755569506]]]}}, {"type": "Feature", "properties": {"height": -1.0, "confidence": 0.9825000166893005, "source": "Microsoft Global ML Building Footprints (2026-02-03 release)"}, "geometry": {"type": "Polygon", "coordinates": [[[77.57085778730689, 28.514026807533988], [77.5709434589702, 28.513977660744104], [77.57098520687083, 28.514033844638163], [77.57089953206977, 28.514082993201882], [77.57085778730689, 28.514026807533988]]]}}, {"type": "Feature", "properties": {"height": -1.0, "confidence": 0.9915000200271606, "source": "Microsoft Global ML Building Footprints (2026-02-03 release)"}, "geometry": {"type": "Polygon", "coordinates": [[[77.57700673033604, 28.531605674321348], [77.57711906215549, 28.531514023137305], [77.5772134475272, 28.531603313888574], [77.57710111962786, 28.531694968703484], [77.57700673033604, 28.531605674321348]]]}}, {"type": "Feature", "properties": {"height": -1.0, "confidence": 0.9614999890327454, "source": "Microsoft Global ML Building Footprints (2026-02-03 release)"}, "geometry": {"type": "Polygon", "coordinates": [[[77.56559204031409, 28.514871535009085], [77.56573618341673, 28.514758449099787], [77.56585877677533, 28.514879099100376], [77.5655811796617, 28.515096884550736], [77.56524404792555, 28.51476509740214], [77.56532016326314, 28.51470538189362], [77.56558800310096, 28.514968975870637], [77.56564533944939, 28.514923993315804], [77.56559204031409, 28.514871535009085]]]}}, {"type": "Feature", "properties": {"height": -1.0, "confidence": 0.996999979019165, "source": "Microsoft Global ML Building Footprints (2026-02-03 release)"}, "geometry": {"type": "Polygon", "coordinates": [[[77.57172125336818, 28.513341459303433], [77.57167544152279, 28.513391687697435], [77.57159944002093, 28.51333816504429], [77.57164525430225, 28.513287938340262], [77.57172125336818, 28.513341459303433]]]}}, {"type": "Feature", "properties": {"height": -1.0, "confidence": 0.9883999824523926, "source": "Microsoft Global ML Building Footprints (2026-02-03 release)"}, "geometry": {"type": "Polygon", "coordinates": [[[77.5668382320604, 28.51502991778849], [77.566722385705, 28.515086606528527], [77.56667450036451, 28.515011051875547], [77.56679034212658, 28.51495436534261], [77.5668382320604, 28.51502991778849]]]}}, {"type": "Feature", "properties": {"height": -1.0, "confidence": 0.9941999912261963, "source": "Microsoft Global ML Building Footprints (2026-02-03 release)"}, "geometry": {"type": "Polygon", "coordinates": [[[77.57622279405774, 28.532705164132977], [77.57628363602333, 28.53266269926091], [77.57634372876595, 28.532729153577492], [77.57628288680041, 28.532771618422757], [77.57622279405774, 28.532705164132977]]]}}, {"type": "Feature", "properties": {"height": -1.0, "confidence": 0.9368000030517578, "source": "Microsoft Global ML Building Footprints (2026-02-03 release)"}, "geometry": {"type": "Polygon", "coordinates": [[[77.5705233726761, 28.52268240348355], [77.57042204019561, 28.52237015175968], [77.56967209971063, 28.522558032556148], [77.5697256266792, 28.522616889484183], [77.56961431134357, 28.522695041607044], [77.56951489901668, 28.522585730331116], [77.56975801064587, 28.522415046589806], [77.56970110243792, 28.522239686039384], [77.5698611268243, 28.522199595419558], [77.56992338216227, 28.52239138593589], [77.5702899646902, 28.52229954678839], [77.57022787677523, 28.522231276247368], [77.57035883599362, 28.522139332162936], [77.5705729480605, 28.52237476522295], [77.57080189087644, 28.52231740866251], [77.57084574263754, 28.52245253617817], [77.57062249427811, 28.522508466047135], [77.5707336069116, 28.522850854397895], [77.570478064828, 28.52281224432309], [77.57050055220466, 28.522697347004872], [77.57026116969841, 28.522865412156726], [77.57029984393135, 28.522871253099808], [77.57023253228824, 28.522918511061604], [77.57027633260319, 28.523053479278445], [77.57006797131316, 28.523105692042392], [77.57001742059954, 28.52294992291187], [77.56967245697304, 28.523036345390658], [77.56970907673255, 28.522849240210654], [77.56980677829907, 28.52286400202147], [77.56983004270403, 28.52288958515515], [77.57013127908056, 28.522814098879387], [77.57035509283556, 28.522656977897626], [77.5705233726761, 28.52268240348355]]]}}, {"type": "Feature", "properties": {"height": -1.0, "confidence": 0.9912999868392944, "source": "Microsoft Global ML Building Footprints (2026-02-03 release)"}, "geometry": {"type": "Polygon", "coordinates": [[[77.57256451631744, 28.527208894920264], [77.57251717361821, 28.527102635774824], [77.57281487871055, 28.527000248318792], [77.57286222140975, 28.527106507567453], [77.57256451631744, 28.527208894920264]]]}}, {"type": "Feature", "properties": {"height": -1.0, "confidence": 0.9649999737739563, "source": "Microsoft Global ML Building Footprints (2026-02-03 release)"}, "geometry": {"type": "Polygon", "coordinates": [[[77.58102501099421, 28.530269656439835], [77.58108131573611, 28.530240141504933], [77.5810258461647, 28.530158463333798], [77.581067384903, 28.530136688712965], [77.5811659691679, 28.53028185265596], [77.58106811894481, 28.53033313968176], [77.58102501099421, 28.530269656439835]]]}}, {"type": "Feature", "properties": {"height": -1.0, "confidence": 0.9508000016212463, "source": "Microsoft Global ML Building Footprints (2026-02-03 release)"}, "geometry": {"type": "Polygon", "coordinates": [[[77.56395145318218, 28.5165841529071], [77.563829396361, 28.516413529197287], [77.56390822268663, 28.516369992492088], [77.56392030752045, 28.516386885947988], [77.56418947058361, 28.51623822391612], [77.56429944257096, 28.51639195445717], [77.56395145318218, 28.5165841529071]]]}}, {"type": "Feature", "properties": {"height": -1.0, "confidence": 0.9690999984741211, "source": "Microsoft Global ML Building Footprints (2026-02-03 release)"}, "geometry": {"type": "Polygon", "coordinates": [[[77.56944173552586, 28.52395897943441], [77.56943810754115, 28.524041338505448], [77.56946221138038, 28.52404215669395], [77.56946169309686, 28.524053922270177], [77.56938822186639, 28.524051428339284], [77.56939236064798, 28.52395730343629], [77.56944173552586, 28.52395897943441]]]}}, {"type": "Feature", "properties": {"height": -1.0, "confidence": 0.9783999919891357, "source": "Microsoft Global ML Building Footprints (2026-02-03 release)"}, "geometry": {"type": "Polygon", "coordinates": [[[77.57609790051451, 28.532826117108726], [77.57617184011572, 28.532915662320995], [77.5760734301065, 28.532978387491838], [77.5759994905053, 28.532888842332888], [77.57609790051451, 28.532826117108726]]]}}, {"type": "Feature", "properties": {"height": -1.0, "confidence": 0.9907000064849854, "source": "Microsoft Global ML Building Footprints (2026-02-03 release)"}, "geometry": {"type": "Polygon", "coordinates": [[[77.57060889456092, 28.524746680272386], [77.57054752453601, 28.524596531203763], [77.57057362367043, 28.524546964114762], [77.57059029024683, 28.524541706487902], [77.57071752213257, 28.524539961763473], [77.57077595075764, 28.524682914428958], [77.57099097295132, 28.52467996584442], [77.5710501024527, 28.5246401002021], [77.57108715685077, 28.524655161652497], [77.57108782806209, 28.52469294694268], [77.57109330386423, 28.524699217217687], [77.57109561560122, 28.52482935444037], [77.57101655739037, 28.524830438558666], [77.57098348395338, 28.52481699323274], [77.57092181511207, 28.524836450983628], [77.57086715663269, 28.52483720051049], [77.57074036893319, 28.524877204549917], [77.57060315483942, 28.524969715296407], [77.57058661425, 28.525001128815198], [77.57053920575635, 28.525016087115844], [77.57052610650794, 28.525016266744366], [77.57038984886717, 28.52496088246702], [77.57038911946832, 28.524919821660184], [77.57041039595649, 28.52487941990737], [77.57048413497229, 28.52482970902502], [77.57048715987678, 28.524828754793297], [77.57060889456092, 28.524746680272386]]]}}, {"type": "Feature", "properties": {"height": -1.0, "confidence": 0.9347000122070312, "source": "Microsoft Global ML Building Footprints (2026-02-03 release)"}, "geometry": {"type": "Polygon", "coordinates": [[[77.5750033618345, 28.52385969859877], [77.57446970126237, 28.523604286483746], [77.57454800942114, 28.523477977861802], [77.57450411339775, 28.52347955966767], [77.57447570582829, 28.523525380209506], [77.57445420885722, 28.52347466278423], [77.57446246986933, 28.523651334930022], [77.57439793690224, 28.52367245058352], [77.5743855671077, 28.52369240265022], [77.57446041177671, 28.523868981889358], [77.57446159616754, 28.52389435472665], [77.57434044692246, 28.52393399554085], [77.57428596758254, 28.523805463844518], [77.57432071976599, 28.523749409780244], [77.57431840749265, 28.52369987459219], [77.57424807032885, 28.52370241353212], [77.57413005870882, 28.523645939917955], [77.57429005949388, 28.523387863573937], [77.5742580943957, 28.523372566862868], [77.57432467834262, 28.523265155002292], [77.57438645163418, 28.523244942256582], [77.57444446546468, 28.52324284813931], [77.57446938652825, 28.523301644092633], [77.57472716340627, 28.5234250017321], [77.57468636287203, 28.523490820232176], [77.57469665484278, 28.523515101896834], [77.57474968419781, 28.523429567142408], [77.57496066628445, 28.523530544266393], [77.57493519254929, 28.523571632604188], [77.57494826217767, 28.52360246752272], [77.57498815847946, 28.52353811604791], [77.57515363949106, 28.52361730587137], [77.5750033618345, 28.52385969859877]]]}}, {"type": "Feature", "properties": {"height": -1.0, "confidence": 0.9702000021934509, "source": "Microsoft Global ML Building Footprints (2026-02-03 release)"}, "geometry": {"type": "Polygon", "coordinates": [[[77.57514444925414, 28.517980697201295], [77.5752697026165, 28.517929004434954], [77.57532234075359, 28.51802747562828], [77.57519708739122, 28.518079168346347], [77.57514444925414, 28.517980697201295]]]}}, {"type": "Feature", "properties": {"height": -1.0, "confidence": 0.9649999737739563, "source": "Microsoft Global ML Building Footprints (2026-02-03 release)"}, "geometry": {"type": "Polygon", "coordinates": [[[77.5681309269807, 28.533446662496196], [77.5680897537801, 28.53346169037922], [77.56805269175202, 28.53338331717768], [77.56809386495262, 28.533368289283473], [77.5681309269807, 28.533446662496196]]]}}, {"type": "Feature", "properties": {"height": -1.0, "confidence": 0.9850999712944031, "source": "Microsoft Global ML Building Footprints (2026-02-03 release)"}, "geometry": {"type": "Polygon", "coordinates": [[[77.57965634570775, 28.529952555692425], [77.57975264821704, 28.529872560352935], [77.57985307318789, 28.529965878315664], [77.57975677067857, 28.530045873584356], [77.57965634570775, 28.529952555692425]]]}}, {"type": "Feature", "properties": {"height": -1.0, "confidence": 0.9958999752998352, "source": "Microsoft Global ML Building Footprints (2026-02-03 release)"}, "geometry": {"type": "Polygon", "coordinates": [[[77.57121319732398, 28.513385461663326], [77.57124612314237, 28.51341514796909], [77.57119247250697, 28.51346109004632], [77.57115954856543, 28.513431405445658], [77.57121319732398, 28.513385461663326]]]}}, {"type": "Feature", "properties": {"height": -1.0, "confidence": 0.9851999878883362, "source": "Microsoft Global ML Building Footprints (2026-02-03 release)"}, "geometry": {"type": "Polygon", "coordinates": [[[77.57869283024797, 28.530244283807534], [77.57845028701311, 28.530313484352945], [77.57843457819914, 28.530293022418398], [77.57840982504413, 28.530226055869974], [77.57829093509025, 28.530259976636543], [77.57821808595916, 28.530062892289052], [77.5780579517627, 28.53010859046026], [77.57798266403908, 28.52990490850221], [77.57807155273673, 28.529879547378776], [77.57809930421936, 28.52991569595168], [77.57804596043434, 28.529771380479133], [77.57811875020198, 28.529750612567888], [77.57811638636854, 28.529744217482666], [77.57824301296654, 28.52970808917918], [77.57828341959143, 28.52976072219004], [77.57830372696134, 28.529815661471623], [77.57834982714752, 28.52980250846717], [77.57838232236892, 28.529890420547225], [77.57835349544327, 28.529907504532453], [77.57824863325091, 28.529937423097053], [77.57831345948132, 28.530021855730332], [77.57830608557548, 28.530026225342283], [77.57836886850438, 28.530107996618767], [77.57833660869963, 28.530020721611713], [77.57845064600231, 28.529988185292574], [77.57848373967047, 28.530077716243056], [77.57861718757788, 28.530039641846656], [77.57869283024797, 28.530244283807534]]]}}, {"type": "Feature", "properties": {"height": -1.0, "confidence": 0.9664999842643738, "source": "Microsoft Global ML Building Footprints (2026-02-03 release)"}, "geometry": {"type": "Polygon", "coordinates": [[[77.57171345729179, 28.529419585364636], [77.57174546432634, 28.52916720725061], [77.57182229395643, 28.529174733029507], [77.57179028751366, 28.529427106459174], [77.57171345729179, 28.529419585364636]]]}}, {"type": "Feature", "properties": {"height": -1.0, "confidence": 0.9843999743461609, "source": "Microsoft Global ML Building Footprints (2026-02-03 release)"}, "geometry": {"type": "Polygon", "coordinates": [[[77.5735093885806, 28.523292079158892], [77.57348597280712, 28.52343252634148], [77.57347232482802, 28.52343776503124], [77.57344971357023, 28.523479101276862], [77.57341713375514, 28.52347490805115], [77.57336618146327, 28.52343535711276], [77.57316587887229, 28.523409576904825], [77.57309314728234, 28.523542539449217], [77.57293808330667, 28.523522591292952], [77.5729098351292, 28.523465770216248], [77.5729959955834, 28.523308257876785], [77.57285284008766, 28.523197135396238], [77.5728100162462, 28.52311100896192], [77.57281315297124, 28.52309219492271], [77.57293897962617, 28.523043896995112], [77.57298712683195, 28.523081273628193], [77.57298449578593, 28.52308016259375], [77.57315586277633, 28.523213183991984], [77.57316811615132, 28.52323782771255], [77.57321628707193, 28.523258169229308], [77.57328050726869, 28.523266434786613], [77.57326756572222, 28.523260969857937], [77.5735093885806, 28.523292079158892]]]}}, {"type": "Feature", "properties": {"height": -1.0, "confidence": 0.9718999862670898, "source": "Microsoft Global ML Building Footprints (2026-02-03 release)"}, "geometry": {"type": "Polygon", "coordinates": [[[77.56404060634651, 28.515428770892825], [77.56395662229392, 28.515460225017293], [77.56392469553049, 28.515394407115032], [77.56400867958308, 28.51536295297096], [77.56404060634651, 28.515428770892825]]]}}, {"type": "Feature", "properties": {"height": -1.0, "confidence": 0.9679999947547913, "source": "Microsoft Global ML Building Footprints (2026-02-03 release)"}, "geometry": {"type": "Polygon", "coordinates": [[[77.56538794523648, 28.53137237937809], [77.56543703225998, 28.531350526775142], [77.56549975629378, 28.531459278468596], [77.56545066927033, 28.531481131048977], [77.56538794523648, 28.53137237937809]]]}}, {"type": "Feature", "properties": {"height": -1.0, "confidence": 0.9491999745368958, "source": "Microsoft Global ML Building Footprints (2026-02-03 release)"}, "geometry": {"type": "Polygon", "coordinates": [[[77.56665078465768, 28.53151131929853], [77.56659048444054, 28.53153507145545], [77.56653986246269, 28.53143586035712], [77.56665711204141, 28.531389683100954], [77.566729765885, 28.531532050989433], [77.56667281014292, 28.53155448575886], [77.56665078465768, 28.53151131929853]]]}}, {"type": "Feature", "properties": {"height": -1.0, "confidence": 0.9122999906539917, "source": "Microsoft Global ML Building Footprints (2026-02-03 release)"}, "geometry": {"type": "Polygon", "coordinates": [[[77.58199149635143, 28.527891946847248], [77.58212412585162, 28.52783094344411], [77.58214616829508, 28.527867935920263], [77.58221353566026, 28.527836950062067], [77.58223447598154, 28.527872092912716], [77.58203447911619, 28.52796408212197], [77.58199149635143, 28.527891946847248]]]}}, {"type": "Feature", "properties": {"height": -1.0, "confidence": 0.9664999842643738, "source": "Microsoft Global ML Building Footprints (2026-02-03 release)"}, "geometry": {"type": "Polygon", "coordinates": [[[77.56997179723318, 28.51418003078794], [77.56999930871504, 28.514168574721914], [77.57001695434947, 28.514201293420044], [77.56996876737438, 28.51422135896859], [77.57001859034217, 28.514313741102633], [77.56996164209885, 28.514337454907086], [77.56981424915249, 28.51406415758759], [77.56989188252848, 28.514031830206868], [77.56997179723318, 28.51418003078794]]]}}, {"type": "Feature", "properties": {"height": -1.0, "confidence": 0.9682999849319458, "source": "Microsoft Global ML Building Footprints (2026-02-03 release)"}, "geometry": {"type": "Polygon", "coordinates": [[[77.57672741851253, 28.528888486509956], [77.57673979728773, 28.528885345892746], [77.57672692849046, 28.528846193364316], [77.57683338595743, 28.52881918404232], [77.57686984754973, 28.528930116196847], [77.57675101130756, 28.528960266105507], [77.57672741851253, 28.528888486509956]]]}}, {"type": "Feature", "properties": {"height": -1.0, "confidence": 0.993399977684021, "source": "Microsoft Global ML Building Footprints (2026-02-03 release)"}, "geometry": {"type": "Polygon", "coordinates": [[[77.57226200052203, 28.53270374421819], [77.57230747278798, 28.53266071713027], [77.57234348411595, 28.532690091707515], [77.57229801185, 28.53273311878344], [77.57226200052203, 28.53270374421819]]]}}, {"type": "Feature", "properties": {"height": -1.0, "confidence": 0.9670000076293945, "source": "Microsoft Global ML Building Footprints (2026-02-03 release)"}, "geometry": {"type": "Polygon", "coordinates": [[[77.56423615471796, 28.517546783437226], [77.5642773646507, 28.517531785493468], [77.56430166109261, 28.517583327981527], [77.56426045217957, 28.517598328081036], [77.56423615471796, 28.517546783437226]]]}}, {"type": "Feature", "properties": {"height": -1.0, "confidence": 0.9814000129699707, "source": "Microsoft Global ML Building Footprints (2026-02-03 release)"}, "geometry": {"type": "Polygon", "coordinates": [[[77.56820179833633, 28.513656255430313], [77.56823452709727, 28.51364890066251], [77.56824868787554, 28.513697569515237], [77.56821595911464, 28.513704924279644], [77.56820179833633, 28.513656255430313]]]}}, {"type": "Feature", "properties": {"height": -1.0, "confidence": 0.9696999788284302, "source": "Microsoft Global ML Building Footprints (2026-02-03 release)"}, "geometry": {"type": "Polygon", "coordinates": [[[77.5686442532795, 28.51437304612773], [77.56887569835249, 28.51432553424251], [77.5689027428928, 28.514427223235828], [77.56897904228302, 28.51441155553796], [77.56899300995023, 28.514464074721992], [77.56877428163949, 28.514508976005658], [77.56881172648772, 28.51464977047069], [77.56872270915193, 28.51466804421908], [77.5686442532795, 28.51437304612773]]]}}, {"type": "Feature", "properties": {"height": -1.0, "confidence": 0.9796000123023987, "source": "Microsoft Global ML Building Footprints (2026-02-03 release)"}, "geometry": {"type": "Polygon", "coordinates": [[[77.57324879545791, 28.52398423442672], [77.57330861956474, 28.523824817425], [77.57326507381202, 28.52381220240637], [77.57333742850693, 28.523619394025438], [77.5734111539857, 28.523623061743336], [77.5734325184943, 28.523566130247062], [77.57345814145206, 28.523573553126], [77.57355635621985, 28.523578439146725], [77.57368403541803, 28.523615427342925], [77.57369398113153, 28.52361592212538], [77.57369367390024, 28.523620695513806], [77.5736562245045, 28.52372048945893], [77.57368525500634, 28.52372889947882], [77.57361396322307, 28.523918875253386], [77.57361066943598, 28.52396998672102], [77.57356759664177, 28.523967843929427], [77.57355176120561, 28.52401005052203], [77.57355207582123, 28.52400516846521], [77.57352942364224, 28.524065531054177], [77.57324879545791, 28.52398423442672]]]}}, {"type": "Feature", "properties": {"height": -1.0, "confidence": 0.9708999991416931, "source": "Microsoft Global ML Building Footprints (2026-02-03 release)"}, "geometry": {"type": "Polygon", "coordinates": [[[77.58176988322263, 28.52924139950658], [77.58192779459537, 28.529093269781086], [77.58215497922316, 28.529280211761446], [77.58231556705987, 28.529129571416327], [77.58242415845426, 28.529218927342043], [77.58227561470537, 28.529358269550634], [77.58221846133988, 28.529311240187646], [77.5820859763746, 28.529435518273708], [77.58204596901878, 28.52940259774595], [77.58207407189016, 28.529376235731718], [77.58199200473693, 28.529308705751212], [77.58196523903207, 28.52933381157098], [77.58198729621695, 28.529351961600597], [77.58194848748977, 28.529388366293574], [77.58176988322263, 28.52924139950658]]]}}, {"type": "Feature", "properties": {"height": -1.0, "confidence": 0.9897000193595886, "source": "Microsoft Global ML Building Footprints (2026-02-03 release)"}, "geometry": {"type": "Polygon", "coordinates": [[[77.57079045745867, 28.526157913429458], [77.57081702248193, 28.52605977270433], [77.57090587579695, 28.526078333171327], [77.57087931077369, 28.52617647387919], [77.57079045745867, 28.526157913429458]]]}}, {"type": "Feature", "properties": {"height": -1.0, "confidence": 0.9930999875068665, "source": "Microsoft Global ML Building Footprints (2026-02-03 release)"}, "geometry": {"type": "Polygon", "coordinates": [[[77.57813843173088, 28.527598979692534], [77.57825199070322, 28.527297342663402], [77.5782970581356, 28.527310436872092], [77.57829831327352, 28.52734410376258], [77.5783106717964, 28.52734374810924], [77.57839183418118, 28.527367334578436], [77.57842872617424, 28.527366272901588], [77.5785025101604, 28.52738771514194], [77.57856495872112, 28.527385917999204], [77.57860185781838, 28.527396638913494], [77.5788255827081, 28.527390200565932], [77.57894187204879, 28.527352794763175], [77.57898541555927, 28.527365448871805], [77.57899986373113, 28.52732707138594], [77.57904016687435, 28.527314107410533], [77.57904036362501, 28.527319384904928], [77.57911950079314, 28.527509333407437], [77.57914813473924, 28.52751765289893], [77.57917520812988, 28.52758262313248], [77.57917664822162, 28.52762133370257], [77.57913750596582, 28.52763392422834], [77.57912114509992, 28.5276773913152], [77.57905353416194, 28.527679332857822], [77.57904285821478, 28.52765370804248], [77.57897422875442, 28.527675779215514], [77.57845426142939, 28.52769074277701], [77.57813843173088, 28.527598979692534]]]}}, {"type": "Feature", "properties": {"height": -1.0, "confidence": 1.0, "source": "Microsoft Global ML Building Footprints (2026-02-03 release)"}, "geometry": {"type": "Polygon", "coordinates": [[[77.56916616775233, 28.523254161951783], [77.56918748127501, 28.523298010693807], [77.56915799124974, 28.523309076382773], [77.56913667772707, 28.523265227645332], [77.56916616775233, 28.523254161951783]]]}}, {"type": "Feature", "properties": {"height": -1.0, "confidence": 0.9205999970436096, "source": "Microsoft Global ML Building Footprints (2026-02-03 release)"}, "geometry": {"type": "Polygon", "coordinates": [[[77.57083286979052, 28.523672380752522], [77.57070826552541, 28.523316788612526], [77.5706112970654, 28.52337885699609], [77.57060516260437, 28.52340639025185], [77.56997762229433, 28.52357610797241], [77.57001516789164, 28.523621389679086], [77.5699250255403, 28.523679088584352], [77.56985130353829, 28.523590185051212], [77.56991143432087, 28.523573919050712], [77.56988181185412, 28.523538192987232], [77.57005718229176, 28.52342592976835], [77.57000709207472, 28.52328298352858], [77.57017236367412, 28.523238285873255], [77.57022399882807, 28.523385674580616], [77.57056186437688, 28.523294278234715], [77.57060960213916, 28.523079940141166], [77.57085861621903, 28.523380263554678], [77.57110910111614, 28.52331252004322], [77.5711573772653, 28.523450289305032], [77.57090612461856, 28.523518240365107], [77.57101989190224, 28.523842979481195], [77.57078655015447, 28.523802859697327], [77.57080768048783, 28.523707986985656], [77.57049028452309, 28.523911147561655], [77.57060390283536, 28.52404816278173], [77.5705412984628, 28.5240882348387], [77.5706159434754, 28.5240680472736], [77.5706361715419, 28.524125786355313], [77.57036788354489, 28.524079658185002], [77.57032188382358, 28.52394835627546], [77.56997536434986, 28.52404209302059], [77.57000803557231, 28.52389545581635], [77.57083286979052, 28.523672380752522]]]}}, {"type": "Feature", "properties": {"height": -1.0, "confidence": 0.9987000226974487, "source": "Microsoft Global ML Building Footprints (2026-02-03 release)"}, "geometry": {"type": "Polygon", "coordinates": [[[77.57296391400945, 28.527257926402378], [77.57305787320104, 28.527226836658343], [77.57311573273428, 28.527361791597727], [77.57302177571195, 28.52739288636173], [77.57296391400945, 28.527257926402378]]]}}, {"type": "Feature", "properties": {"height": -1.0, "confidence": 0.9811000227928162, "source": "Microsoft Global ML Building Footprints (2026-02-03 release)"}, "geometry": {"type": "Polygon", "coordinates": [[[77.56589088459873, 28.532551879502797], [77.56578195066166, 28.532401828802577], [77.56591832252377, 28.53232541357317], [77.56602726062995, 28.532475453660524], [77.56589088459873, 28.532551879502797]]]}}, {"type": "Feature", "properties": {"height": -1.0, "confidence": 0.9853000044822693, "source": "Microsoft Global ML Building Footprints (2026-02-03 release)"}, "geometry": {"type": "Polygon", "coordinates": [[[77.57954637634278, 28.53005178372429], [77.57964500612918, 28.529971929407253], [77.57974124423583, 28.5300636795112], [77.57964261444941, 28.53014353375874], [77.57954637634278, 28.53005178372429]]]}}]}