{"type": "FeatureCollection", "name": "snu_osm_full", "crs": {"type": "name", "properties": {"name": "urn:ogc:def:crs:OGC:1.3:CRS84"}}, "metadata": {"source": "OpenStreetMap via Overpass API", "licence": "ODbL 1.0 - (c) OpenStreetMap contributors", "overpass_generator": "Overpass API 0.7.62.11 87bfad18", "osm_base_timestamp": "2026-09-05T06:50:40Z", "bbox": [77.5639, 28.5133, 77.5823, 28.5335], "height_rule": "height -> building:height -> building:levels x 3.2 m -> default by building type"}, "features": [{"type": "Feature", "id": "node/309912328", "properties": {"power": "tower", "@id": "node/309912328", "@class": "manmade"}, "geometry": {"type": "Point", "coordinates": [77.5641134, 28.5192234]}}, {"type": "Feature", "id": "node/309912329", "properties": {"power": "tower", "@id": "node/309912329", "@class": "manmade"}, "geometry": {"type": "Point", "coordinates": [77.5660862, 28.5221384]}}, {"type": "Feature", "id": "node/309912330", "properties": {"power": "tower", "@id": "node/309912330", "@class": "manmade"}, "geometry": {"type": "Point", "coordinates": [77.5681417, 28.5250377]}}, {"type": "Feature", "id": "node/309912331", "properties": {"power": "tower", "@id": "node/309912331", "@class": "manmade"}, "geometry": {"type": "Point", "coordinates": [77.5721586, 28.5309197]}}, {"type": "Feature", "id": "node/784737471", "properties": {"power": "tower", "@id": "node/784737471", "@class": "manmade"}, "geometry": {"type": "Point", "coordinates": [77.5701427, 28.5279919]}}, {"type": "Feature", "id": "node/3729705214", "properties": {"amenity": "bank", "atm": "yes", "brand": "HDFC Bank", "brand:wikidata": "Q631047", "brand:wikipedia": "en:HDFC Bank", "drive_through": "no", "name": "HDFC Bank", "short_name": "HDFC", "website": "https://www.hdfcbank.com", "wheelchair": "no", "@id": "node/3729705214", "@class": "poi"}, "geometry": {"type": "Point", "coordinates": [77.5716056, 28.5247127]}}, {"type": "Feature", "id": "node/3729705215", "properties": {"name": "Mini Mart", "shop": "convenience", "@id": "node/3729705215", "@class": "poi"}, "geometry": {"type": "Point", "coordinates": [77.5716328, 28.5247751]}}, {"type": "Feature", "id": "node/3730403378", "properties": {"amenity": "parking_entrance", "@id": "node/3730403378", "@class": "poi"}, "geometry": {"type": "Point", "coordinates": [77.5737149, 28.5246437]}}, {"type": "Feature", "id": "node/3730561646", "properties": {"entrance": "yes", "@id": "node/3730561646", "@class": "other"}, "geometry": {"type": "Point", "coordinates": [77.5727673, 28.5227812]}}, {"type": "Feature", "id": "node/3730568092", "properties": {"highway": "crossing", "@id": "node/3730568092", "@class": "crossing_node"}, "geometry": {"type": "Point", "coordinates": [77.5765429, 28.5249006]}}, {"type": "Feature", "id": "node/3731811447", "properties": {"name": "Belleza", "operator": "Shiv Nadar University", "shop": "hairdresser", "@id": "node/3731811447", "@class": "poi"}, "geometry": {"type": "Point", "coordinates": [77.5715586, 28.5248012]}}, {"type": "Feature", "id": "node/3802004725", "properties": {"amenity": "atm", "check_date": "2021-02-27", "drive_through": "no", "name": "PNB ATM", "@id": "node/3802004725", "@class": "poi"}, "geometry": {"type": "Point", "coordinates": [77.5757933, 28.5261929]}}, {"type": "Feature", "id": "node/5287352294", "properties": {"entrance": "yes", "@id": "node/5287352294", "@class": "other"}, "geometry": {"type": "Point", "coordinates": [77.5732952, 28.5236966]}}, {"type": "Feature", "id": "node/5287352826", "properties": {"entrance": "yes", "@id": "node/5287352826", "@class": "other"}, "geometry": {"type": "Point", "coordinates": [77.573648, 28.523818]}}, {"type": "Feature", "id": "node/5288000532", "properties": {"entrance": "yes", "@id": "node/5288000532", "@class": "other"}, "geometry": {"type": "Point", "coordinates": [77.5731563, 28.5232145]}}, {"type": "Feature", "id": "node/5293598522", "properties": {"denotation": "single", "name": "The Lonely Tree", "natural": "tree", "@id": "node/5293598522", "@class": "tree"}, "geometry": {"type": "Point", "coordinates": [77.5751325, 28.5268704]}}, {"type": "Feature", "id": "node/6642467475", "properties": {"highway": "crossing", "@id": "node/6642467475", "@class": "crossing_node"}, "geometry": {"type": "Point", "coordinates": [77.5725974, 28.5251801]}}, {"type": "Feature", "id": "node/6642467481", "properties": {"crossing": "unmarked", "highway": "crossing", "@id": "node/6642467481", "@class": "crossing_node"}, "geometry": {"type": "Point", "coordinates": [77.5715983, 28.5255286]}}, {"type": "Feature", "id": "node/6642475189", "properties": {"crossing": "unmarked", "highway": "crossing", "@id": "node/6642475189", "@class": "crossing_node"}, "geometry": {"type": "Point", "coordinates": [77.5718725, 28.5262153]}}, {"type": "Feature", "id": "node/6642475190", "properties": {"crossing": "unmarked", "highway": "crossing", "@id": "node/6642475190", "@class": "crossing_node"}, "geometry": {"type": "Point", "coordinates": [77.5716532, 28.5256413]}}, {"type": "Feature", "id": "node/6642475191", "properties": {"crossing": "unmarked", "highway": "crossing", "@id": "node/6642475191", "@class": "crossing_node"}, "geometry": {"type": "Point", "coordinates": [77.571696, 28.5255658]}}, {"type": "Feature", "id": "node/6642475193", "properties": {"crossing": "unmarked", "highway": "crossing", "@id": "node/6642475193", "@class": "crossing_node"}, "geometry": {"type": "Point", "coordinates": [77.5715964, 28.5256012]}}, {"type": "Feature", "id": "node/6642475196", "properties": {"crossing": "unmarked", "highway": "crossing", "@id": "node/6642475196", "@class": "crossing_node"}, "geometry": {"type": "Point", "coordinates": [77.5742194, 28.5263928]}}, {"type": "Feature", "id": "node/6642475201", "properties": {"highway": "crossing", "@id": "node/6642475201", "@class": "crossing_node"}, "geometry": {"type": "Point", "coordinates": [77.5740016, 28.5233985]}}, {"type": "Feature", "id": "node/6642475204", "properties": {"highway": "crossing", "@id": "node/6642475204", "@class": "crossing_node"}, "geometry": {"type": "Point", "coordinates": [77.5735936, 28.5245187]}}, {"type": "Feature", "id": "node/6828059412", "properties": {"amenity": "parking_entrance", "@id": "node/6828059412", "@class": "poi"}, "geometry": {"type": "Point", "coordinates": [77.5746796, 28.5243994]}}, {"type": "Feature", "id": "node/6828208987", "properties": {"amenity": "theatre", "name": "Stage", "theatre:type": "open_air", "@id": "node/6828208987", "@class": "poi"}, "geometry": {"type": "Point", "coordinates": [77.5721022, 28.5257611]}}, {"type": "Feature", "id": "node/6828208988", "properties": {"crossing": "unmarked", "highway": "crossing", "@id": "node/6828208988", "@class": "crossing_node"}, "geometry": {"type": "Point", "coordinates": [77.5735405, 28.5249139]}}, {"type": "Feature", "id": "node/7447541310", "properties": {"crossing": "unmarked", "highway": "crossing", "@id": "node/7447541310", "@class": "crossing_node"}, "geometry": {"type": "Point", "coordinates": [77.5727682, 28.52819]}}, {"type": "Feature", "id": "node/7447541311", "properties": {"highway": "crossing", "@id": "node/7447541311", "@class": "crossing_node"}, "geometry": {"type": "Point", "coordinates": [77.576824, 28.5255446]}}, {"type": "Feature", "id": "node/7447541312", "properties": {"highway": "crossing", "@id": "node/7447541312", "@class": "crossing_node"}, "geometry": {"type": "Point", "coordinates": [77.5765372, 28.5249855]}}, {"type": "Feature", "id": "node/7447541315", "properties": {"crossing": "unmarked", "highway": "crossing", "@id": "node/7447541315", "@class": "crossing_node"}, "geometry": {"type": "Point", "coordinates": [77.571807, 28.5285261]}}, {"type": "Feature", "id": "node/7447541325", "properties": {"crossing": "unmarked", "highway": "crossing", "@id": "node/7447541325", "@class": "crossing_node"}, "geometry": {"type": "Point", "coordinates": [77.5729451, 28.5298486]}}, {"type": "Feature", "id": "node/7447541326", "properties": {"crossing": "unmarked", "highway": "crossing", "@id": "node/7447541326", "@class": "crossing_node"}, "geometry": {"type": "Point", "coordinates": [77.5734515, 28.5296645]}}, {"type": "Feature", "id": "node/7447541329", "properties": {"crossing": "unmarked", "highway": "crossing", "@id": "node/7447541329", "@class": "crossing_node"}, "geometry": {"type": "Point", "coordinates": [77.5743128, 28.5293215]}}, {"type": "Feature", "id": "node/7447541332", "properties": {"crossing": "unmarked", "highway": "crossing", "@id": "node/7447541332", "@class": "crossing_node"}, "geometry": {"type": "Point", "coordinates": [77.5734732, 28.5296137]}}, {"type": "Feature", "id": "node/7447541333", "properties": {"crossing": "unmarked", "highway": "crossing", "@id": "node/7447541333", "@class": "crossing_node"}, "geometry": {"type": "Point", "coordinates": [77.5735546, 28.5296272]}}, {"type": "Feature", "id": "node/7447541334", "properties": {"crossing": "unmarked", "highway": "crossing", "@id": "node/7447541334", "@class": "crossing_node"}, "geometry": {"type": "Point", "coordinates": [77.5735253, 28.5297302]}}, {"type": "Feature", "id": "node/8390529281", "properties": {"crossing": "unmarked", "crossing:markings": "no", "highway": "crossing", "@id": "node/8390529281", "@class": "crossing_node"}, "geometry": {"type": "Point", "coordinates": [77.569198, 28.5229199]}}, {"type": "Feature", "id": "node/8390582627", "properties": {"crossing": "unmarked", "highway": "crossing", "@id": "node/8390582627", "@class": "crossing_node"}, "geometry": {"type": "Point", "coordinates": [77.5698033, 28.5242347]}}, {"type": "Feature", "id": "node/8390582630", "properties": {"crossing": "unmarked", "highway": "crossing", "@id": "node/8390582630", "@class": "crossing_node"}, "geometry": {"type": "Point", "coordinates": [77.5715274, 28.5215306]}}, {"type": "Feature", "id": "node/8390582653", "properties": {"crossing": "unmarked", "crossing:markings": "no", "highway": "crossing", "@id": "node/8390582653", "@class": "crossing_node"}, "geometry": {"type": "Point", "coordinates": [77.5762984, 28.5229605]}}, {"type": "Feature", "id": "node/8390582662", "properties": {"crossing": "unmarked", "crossing:markings": "no", "highway": "crossing", "@id": "node/8390582662", "@class": "crossing_node"}, "geometry": {"type": "Point", "coordinates": [77.5746976, 28.5244397]}}, {"type": "Feature", "id": "node/8390582664", "properties": {"entrance": "yes", "@id": "node/8390582664", "@class": "other"}, "geometry": {"type": "Point", "coordinates": [77.5729781, 28.5246801]}}, {"type": "Feature", "id": "node/8390582665", "properties": {"crossing": "unmarked", "highway": "crossing", "@id": "node/8390582665", "@class": "crossing_node"}, "geometry": {"type": "Point", "coordinates": [77.5702428, 28.5252269]}}, {"type": "Feature", "id": "node/10801539736", "properties": {"access": "private", "barrier": "gate", "name": "SNU Gate No. 1", "@id": "node/10801539736", "@class": "barrier"}, "geometry": {"type": "Point", "coordinates": [77.5763023, 28.5334583]}}, {"type": "Feature", "id": "node/10801539738", "properties": {"access": "private", "barrier": "gate", "name": "SNU Gate No. 2", "@id": "node/10801539738", "@class": "barrier"}, "geometry": {"type": "Point", "coordinates": [77.5809242, 28.5304298]}}, {"type": "Feature", "id": "node/11907748600", "properties": {"crossing": "unmarked", "crossing:markings": "no", "highway": "crossing", "@id": "node/11907748600", "@class": "crossing_node"}, "geometry": {"type": "Point", "coordinates": [77.5695805, 28.5237523]}}, {"type": "Feature", "id": "node/12439047106", "properties": {"crossing": "unmarked", "highway": "crossing", "@id": "node/12439047106", "@class": "crossing_node"}, "geometry": {"type": "Point", "coordinates": [77.5747133, 28.5274921]}}, {"type": "Feature", "id": "node/13256274129", "properties": {"man_made": "mast", "tower:type": "lighting", "@id": "node/13256274129", "@class": "manmade"}, "geometry": {"type": "Point", "coordinates": [77.5735842, 28.5255074]}}, {"type": "Feature", "id": "node/13256274130", "properties": {"man_made": "mast", "tower:type": "lighting", "@id": "node/13256274130", "@class": "manmade"}, "geometry": {"type": "Point", "coordinates": [77.5723625, 28.5254708]}}, {"type": "Feature", "id": "node/13256274131", "properties": {"man_made": "mast", "tower:type": "lighting", "@id": "node/13256274131", "@class": "manmade"}, "geometry": {"type": "Point", "coordinates": [77.5723772, 28.5264971]}}, {"type": "Feature", "id": "node/13256274132", "properties": {"man_made": "mast", "tower:type": "lighting", "@id": "node/13256274132", "@class": "manmade"}, "geometry": {"type": "Point", "coordinates": [77.5735426, 28.5264771]}}, {"type": "Feature", "id": "node/13256274181", "properties": {"entrance": "yes", "@id": "node/13256274181", "@class": "other"}, "geometry": {"type": "Point", "coordinates": [77.5724436, 28.5244057]}}, {"type": "Feature", "id": "node/13256274183", "properties": {"entrance": "yes", "@id": "node/13256274183", "@class": "other"}, "geometry": {"type": "Point", "coordinates": [77.5730494, 28.5242353]}}, {"type": "Feature", "id": "node/13256274190", "properties": {"entrance": "yes", "@id": "node/13256274190", "@class": "other"}, "geometry": {"type": "Point", "coordinates": [77.5734098, 28.52282]}}, {"type": "Feature", "id": "node/13520059446", "properties": {"barrier": "gate", "gate:type": "double", "@id": "node/13520059446", "@class": "barrier"}, "geometry": {"type": "Point", "coordinates": [77.5748749, 28.5199851]}}, {"type": "Feature", "id": "node/13775296456", "properties": {"barrier": "gate", "@id": "node/13775296456", "@class": "barrier"}, "geometry": {"type": "Point", "coordinates": [77.58158, 28.5308917]}}, {"type": "Feature", "id": "way/328511064", "properties": {"alt_name": "Ghaziabad - Bulandshahr Road", "highway": "trunk", "motorroad": "no", "name": "Grand Trunk Road", "oneway": "yes", "ref": "NH34;NH334C", "ref:old": "NH91", "source": "Yahoo hires", "@id": "way/328511064", "@class": "road"}, "geometry": {"type": "LineString", "coordinates": [[77.5796562, 28.5324555], [77.5794313, 28.5328475], [77.5789027, 28.5343233], [77.5785475, 28.5354679], [77.57835, 28.536312], [77.5781457, 28.5371631], [77.5780496, 28.5378009], [77.5779723, 28.5385715], [77.5778207, 28.5403876], [77.5777145, 28.5413058]]}}, {"type": "Feature", "id": "way/328511068", "properties": {"alt_name": "Ghaziabad - Bulandshahr Road", "highway": "trunk", "motorroad": "no", "name": "Grand Trunk Road", "oneway": "yes", "ref": "NH34;NH334C", "ref:old": "NH91", "source": "Yahoo hires", "@id": "way/328511068", "@class": "road"}, "geometry": {"type": "LineString", "coordinates": [[77.5778466, 28.5414217], [77.5779609, 28.5404013], [77.5781308, 28.5382039], [77.5781686, 28.5379258], [77.5782689, 28.5371895], [77.5785326, 28.5359753], [77.5787306, 28.5352549], [77.5789931, 28.5344148], [77.5795923, 28.5328946], [77.579788, 28.532496]]}}, {"type": "Feature", "id": "way/328511083", "properties": {"alt_name": "Ghaziabad - Bulandshahr Road", "bridge": "yes", "highway": "trunk", "layer": "1", "motorroad": "no", "name": "Grand Trunk Road", "oneway": "yes", "ref": "NH34;NH334C", "ref:old": "NH91", "source": "Yahoo hires", "@id": "way/328511083", "@class": "road"}, "geometry": {"type": "LineString", "coordinates": [[77.5798164, 28.5321608], [77.5796562, 28.5324555]]}}, {"type": "Feature", "id": "way/328511106", "properties": {"alt_name": "Ghaziabad - Bulandshahr Road", "highway": "trunk", "motorroad": "no", "name": "Grand Trunk Road", "oneway": "yes", "ref": "NH34;NH334C", "ref:old": "NH91", "source": "Yahoo hires", "@id": "way/328511106", "@class": "road"}, "geometry": {"type": "LineString", "coordinates": [[77.5903893, 28.5244078], [77.5903485, 28.5244347], [77.5894382, 28.5250167], [77.5890776, 28.5252472], [77.5887835, 28.5254352], [77.5881698, 28.5258276], [77.5863075, 28.5271016], [77.58614, 28.5272098], [77.5848497, 28.5280766], [77.5844966, 28.5283138], [77.5844206, 28.5283647], [77.5834492, 28.5290152], [77.5824376, 28.5297006], [77.5817653, 28.5301685], [77.5809632, 28.5308197], [77.5802527, 28.5315057], [77.5798164, 28.5321608]]}}, {"type": "Feature", "id": "way/328511112", "properties": {"highway": "secondary", "@id": "way/328511112", "@class": "road"}, "geometry": {"type": "LineString", "coordinates": [[77.5791741, 28.5320188], [77.5790461, 28.531904], [77.5788342, 28.5320412], [77.5787652, 28.5320942], [77.578682, 28.5321579], [77.5784326, 28.5323275], [77.5779229, 28.5326551], [77.577585, 28.5329002], [77.5773731, 28.5330345], [77.5772095, 28.5331405], [77.5768742, 28.533362], [77.5764462, 28.5336516], [77.5741436, 28.5351605], [77.5738649, 28.5353431], [77.5727666, 28.5360628], [77.5723643, 28.5363349], [77.5723291, 28.5363536]]}}, {"type": "Feature", "id": "way/328511126", "properties": {"highway": "secondary_link", "oneway": "yes", "@id": "way/328511126", "@class": "road"}, "geometry": {"type": "LineString", "coordinates": [[77.5811783, 28.5305004], [77.5810464, 28.5305567], [77.5794319, 28.5316352], [77.5790461, 28.531904]]}}, {"type": "Feature", "id": "way/369149867", "properties": {"access": "private", "highway": "service", "name": "2011 Street", "oneway": "no", "surface": "asphalt", "@id": "way/369149867", "@class": "road"}, "geometry": {"type": "LineString", "coordinates": [[77.5736042, 28.5248899], [77.5747202, 28.5244916], [77.5750492, 28.5243923]]}}, {"type": "Feature", "id": "way/369149868", "properties": {"building": "university", "building:levels": "4", "name": "Block D", "@id": "way/369149868", "@class": "building", "render_height": 12.8, "render_min_height": 0.0, "height_source": "levels"}, "geometry": {"type": "Polygon", "coordinates": [[[77.5752009, 28.5255454], [77.5752679, 28.5255377], [77.5752752, 28.5255723], [77.5756694, 28.5255134], [77.5757327, 28.5255039], [77.5761659, 28.5254392], [77.576158, 28.5253315], [77.5763188, 28.5253022], [77.5763572, 28.525388], [77.5765198, 28.5253264], [77.5764848, 28.5251997], [77.5764625, 28.5250987], [77.5752242, 28.5252816], [77.5752315, 28.5253149], [77.5751673, 28.5253187], [77.5752009, 28.5255454]]]}}, {"type": "Feature", "id": "way/369149869", "properties": {"building": "university", "building:levels": "4", "name": "Block C", "@id": "way/369149869", "@class": "building", "render_height": 12.8, "render_min_height": 0.0, "height_source": "levels"}, "geometry": {"type": "Polygon", "coordinates": [[[77.5756592, 28.5262622], [77.5754872, 28.5260867], [77.5755324, 28.5260445], [77.575509, 28.5260202], [77.5758022, 28.5258038], [77.5758492, 28.5257691], [77.5761976, 28.5255121], [77.5762885, 28.5255886], [77.5764207, 28.525506], [77.5763572, 28.525388], [77.5765198, 28.5253264], [77.5765563, 28.5253943], [77.5766816, 28.5255531], [77.5761022, 28.5259863], [77.5760263, 28.526043], [77.5757349, 28.5262609], [77.5757131, 28.5262314], [77.5756592, 28.5262622]]]}}, {"type": "Feature", "id": "way/369149870", "properties": {"addr:postcode": "201314", "amenity": "library", "building": "yes", "building:levels": "3", "height": "12", "internet_access": "wlan", "name": "Central Library", "operator": "Shiv Nadar University", "@id": "way/369149870", "@class": "building", "render_height": 12.0, "render_min_height": 0.0, "height_source": "height"}, "geometry": {"type": "Polygon", "coordinates": [[[77.5737182, 28.5250066], [77.5738201, 28.5250797], [77.5739328, 28.5251339], [77.5740481, 28.5251692], [77.5741661, 28.5251928], [77.5742922, 28.5251975], [77.5743968, 28.5251904], [77.5745175, 28.5251645], [77.5746221, 28.5251244], [77.5747106, 28.5250773], [77.5747911, 28.5250278], [77.5748313, 28.5249925], [77.5747696, 28.5249359], [77.5746919, 28.5248911], [77.5746033, 28.524844], [77.5745014, 28.5248134], [77.5743915, 28.5247898], [77.5742734, 28.5247851], [77.5741313, 28.5247898], [77.5740374, 28.5248086], [77.5739167, 28.5248511], [77.5738336, 28.5248958], [77.5737638, 28.5249524], [77.5737182, 28.5250066]]]}}, {"type": "Feature", "id": "way/369149871", "properties": {"amenity": "student_accommodation", "building": "dormitory", "building:levels": "6", "internet_access": "wlan", "name": "Hostel 1B", "wheelchair": "yes", "@id": "way/369149871", "@class": "building", "render_height": 19.2, "render_min_height": 0.0, "height_source": "levels"}, "geometry": {"type": "Polygon", "coordinates": [[[77.5727503, 28.5242989], [77.5728549, 28.5242565], [77.5729837, 28.5242329], [77.5730494, 28.5242353], [77.5731151, 28.5242377], [77.5732277, 28.5242824], [77.5733163, 28.5243484], [77.5734235, 28.5242612], [77.5733699, 28.5241882], [77.5732948, 28.5241599], [77.57315, 28.5241128], [77.573166, 28.5239478], [77.5731017, 28.5238983], [77.5730212, 28.5239266], [77.5729944, 28.5240963], [77.5729059, 28.524101], [77.5727825, 28.5241151], [77.5726832, 28.5241717], [77.5727503, 28.5242989]]]}}, {"type": "Feature", "id": "way/369149872", "properties": {"amenity": "food_court", "building": "yes", "internet_access": "wlan", "name": "Dining Hall 1", "@id": "way/369149872", "@class": "building", "render_height": 6.4, "render_min_height": 0.0, "height_source": "default"}, "geometry": {"type": "Polygon", "coordinates": [[[77.5734863, 28.5240624], [77.5735735, 28.5238832], [77.5736177, 28.5238868], [77.573648, 28.523818], [77.5736928, 28.5237159], [77.5736486, 28.5236747], [77.5736942, 28.5235733], [77.5734166, 28.5235286], [77.5733763, 28.5235969], [77.5733441, 28.5235922], [77.5732952, 28.5236966], [77.5732623, 28.5237666], [77.5732932, 28.5237854], [77.5732342, 28.5239174], [77.5734863, 28.5240624]]]}}, {"type": "Feature", "id": "way/369149873", "properties": {"amenity": "student_accommodation", "building": "dormitory", "building:levels": "6", "internet_access": "wlan", "name": "Hostel 1A", "@id": "way/369149873", "@class": "building", "render_height": 19.2, "render_min_height": 0.0, "height_source": "levels"}, "geometry": {"type": "Polygon", "coordinates": [[[77.5727225, 28.5245572], [77.5728306, 28.5246367], [77.5729332, 28.5246725], [77.5729781, 28.5246801], [77.5730342, 28.5246896], [77.573184, 28.5246682], [77.5732925, 28.5246267], [77.5733595, 28.524741], [77.5732723, 28.524794], [77.5730631, 28.5248164], [77.5730336, 28.5249766], [77.5730149, 28.524979], [77.5729988, 28.5250002], [77.5729478, 28.5250143], [77.5729129, 28.5249884], [77.5729143, 28.5249672], [77.5728915, 28.5249672], [77.5729049, 28.5248034], [77.5727171, 28.5247233], [77.5726849, 28.5247139], [77.5726447, 28.5246773], [77.5726246, 28.5246526], [77.5727225, 28.5245572]]]}}, {"type": "Feature", "id": "way/369149874", "properties": {"amenity": "student_accommodation", "building": "dormitory", "building:levels": "6", "name": "Hostel 1C", "@id": "way/369149874", "@class": "building", "render_height": 19.2, "render_min_height": 0.0, "height_source": "levels"}, "geometry": {"type": "Polygon", "coordinates": [[[77.5726093, 28.5241158], [77.5724845, 28.5240121], [77.572392, 28.5241146], [77.5724121, 28.5241358], [77.572329, 28.5243114], [77.5721399, 28.5242867], [77.5721278, 28.5243244], [77.5720822, 28.5243255], [77.5720849, 28.5243833], [77.5721305, 28.5243809], [77.5721278, 28.5244233], [77.5722995, 28.5244398], [77.5723357, 28.5246413], [77.5723236, 28.5246437], [77.572329, 28.5247073], [77.5723719, 28.5247768], [77.5725248, 28.5247038], [77.5724711, 28.5246166], [77.5724416, 28.524441], [77.5724436, 28.5244057], [77.5724456, 28.5243703], [77.5724979, 28.5242584], [77.5725288, 28.5241865], [77.5726093, 28.5241158]]]}}, {"type": "Feature", "id": "way/369151489", "properties": {"access": "private", "highway": "service", "oneway": "no", "@id": "way/369151489", "@class": "road"}, "geometry": {"type": "LineString", "coordinates": [[77.5736042, 28.5248899], [77.5736474, 28.5246703], [77.573653, 28.524636], [77.5736611, 28.5245963]]}}, {"type": "Feature", "id": "way/369151490", "properties": {"access": "private", "highway": "service", "name": "Circular Road", "oneway": "no", "@id": "way/369151490", "@class": "road"}, "geometry": {"type": "LineString", "coordinates": [[77.57726, 28.5271558], [77.5771217, 28.5271413], [77.5769297, 28.5271112], [77.5767527, 28.5270758], [77.5766963, 28.5270674], [77.5765289, 28.5269974], [77.5763705, 28.5269373], [77.5762544, 28.5268845], [77.5760861, 28.5267889], [77.5759365, 28.5267044], [77.5758066, 28.5266194], [77.5757145, 28.5265537], [77.5756256, 28.5264903], [77.5756057, 28.5264637], [77.5755902, 28.526443], [77.5755282, 28.5263673], [77.5754837, 28.526313], [77.5754387, 28.5262505], [77.5753569, 28.5261369], [77.575325, 28.5260926], [77.5752698, 28.5260106], [77.5752035, 28.5258862], [77.5751105, 28.5257116], [77.5750881, 28.5256453], [77.5750826, 28.525629], [77.5750428, 28.5254943], [77.5750029, 28.5253594], [77.5749982, 28.5253436], [77.5749749, 28.5252009], [77.5749609, 28.5250946], [77.5749558, 28.5249544], [77.5749686, 28.5247715], [77.5749884, 28.5246627], [77.5750492, 28.5243923], [77.5751387, 28.5241703], [77.5752594, 28.5239441], [77.5753402, 28.5238055], [77.5754349, 28.5236801], [77.5755481, 28.5235523], [77.5756747, 28.5234268], [77.5758151, 28.5233087], [77.5760306, 28.5231593], [77.5762145, 28.5230585], [77.5763174, 28.5230026], [77.5764601, 28.5229453], [77.5765753, 28.5229024], [77.5769023, 28.5228073]]}}, {"type": "Feature", "id": "way/369155623", "properties": {"access": "private", "highway": "service", "oneway": "yes", "@id": "way/369155623", "@class": "road"}, "geometry": {"type": "LineString", "coordinates": [[77.5763023, 28.5334583], [77.5763281, 28.5334074], [77.5760806, 28.533152], [77.5758891, 28.532951], [77.5758519, 28.5329141], [77.575817, 28.5328744], [77.5756578, 28.5326614], [77.5754538, 28.5323901], [77.5752483, 28.5321239], [77.5750175, 28.5318513], [77.5746912, 28.5314964], [77.5744831, 28.5312887], [77.5742416, 28.5310606], [77.5739494, 28.5308186], [77.5737457, 28.5306356], [77.57343, 28.5303434], [77.5732133, 28.5301487], [77.5730411, 28.5300004], [77.5728893, 28.5298689], [77.5727753, 28.5297501], [77.5725062, 28.529481], [77.5722816, 28.5292245], [77.57212, 28.5290162], [77.5719214, 28.528753], [77.5718239, 28.5286335], [77.5717398, 28.5285992]]}}, {"type": "Feature", "id": "way/369155624", "properties": {"access": "private", "highway": "service", "oneway": "yes", "@id": "way/369155624", "@class": "road"}, "geometry": {"type": "LineString", "coordinates": [[77.5717398, 28.5285992], [77.5717503, 28.5286739], [77.5719002, 28.5288807], [77.5720254, 28.5290497], [77.5723112, 28.5293885], [77.5725137, 28.5296141], [77.5728226, 28.5299119], [77.5728498, 28.5299382], [77.5729884, 28.5300639], [77.5736132, 28.5306165], [77.5740477, 28.5309788], [77.5742681, 28.5311894], [77.5745142, 28.5314284], [77.5746786, 28.5316034], [77.574888, 28.5318378], [77.5750927, 28.5320579], [77.5752855, 28.5323083], [77.5754202, 28.5324752], [77.5755612, 28.5326783], [77.5756819, 28.5328436], [77.575744, 28.5329303], [77.5758019, 28.5330158], [77.5760206, 28.5332386], [77.576238, 28.5334636], [77.5763023, 28.5334583]]}}, {"type": "Feature", "id": "way/369155626", "properties": {"addr:postcode": "201314", "amenity": "post_office", "building": "yes", "name": "Shiv Nadar University Post Office", "@id": "way/369155626", "@class": "building", "render_height": 6.4, "render_min_height": 0.0, "height_source": "default"}, "geometry": {"type": "Polygon", "coordinates": [[[77.576025, 28.5329326], [77.5759509, 28.5328437], [77.576055, 28.5327768], [77.576129, 28.5328657], [77.576025, 28.5329326]]]}}, {"type": "Feature", "id": "way/369155627", "properties": {"access": "private", "highway": "service", "@id": "way/369155627", "@class": "road"}, "geometry": {"type": "LineString", "coordinates": [[77.5763174, 28.5230026], [77.5762984, 28.5229605], [77.575808, 28.5218718], [77.5754893, 28.5211697], [77.5752934, 28.5207388], [77.575223, 28.520554], [77.5751384, 28.520459], [77.5750013, 28.5203755], [77.5748506, 28.5203408], [77.5747409, 28.5203433], [77.5745739, 28.5203775], [77.5742811, 28.5204765], [77.5731068, 28.520885], [77.5715696, 28.521442], [77.5714956, 28.5214675], [77.5704542, 28.5218126]]}}, {"type": "Feature", "id": "way/369155631", "properties": {"access": "private", "highway": "service", "@id": "way/369155631", "@class": "road"}, "geometry": {"type": "LineString", "coordinates": [[77.5762003, 28.5198066], [77.5761296, 28.5198646], [77.5749116, 28.5202979], [77.5748506, 28.5203408]]}}, {"type": "Feature", "id": "way/369155632", "properties": {"access": "private", "highway": "service", "@id": "way/369155632", "@class": "road"}, "geometry": {"type": "LineString", "coordinates": [[77.5709117, 28.5200247], [77.5712291, 28.520722], [77.5715696, 28.521442]]}}, {"type": "Feature", "id": "way/369162950", "properties": {"name": "Lake SNU", "natural": "water", "water": "pond", "@id": "way/369162950", "@class": "water"}, "geometry": {"type": "Polygon", "coordinates": [[[77.5775808, 28.5256802], [77.5775009, 28.5257221], [77.5774417, 28.5257305], [77.5773455, 28.5256415], [77.5772666, 28.5255746], [77.5772418, 28.5254507], [77.5772922, 28.5253729], [77.5774781, 28.5252028], [77.5774667, 28.5249395], [77.5774306, 28.5247788], [77.5774773, 28.5246429], [77.577678, 28.524618], [77.5778251, 28.5245816], [77.5779444, 28.5245369], [77.5780407, 28.5246192], [77.578377, 28.5251223], [77.5782284, 28.525231], [77.5780747, 28.5253766], [77.5780314, 28.5253138], [77.5779503, 28.5253432], [77.5778778, 28.5254943], [77.5776811, 28.5256987], [77.5775808, 28.5256802]]]}}, {"type": "Feature", "id": "way/369216634", "properties": {"building": "university", "building:levels": "4", "name": "Block B", "@id": "way/369216634", "@class": "building", "render_height": 12.8, "render_min_height": 0.0, "height_source": "levels"}, "geometry": {"type": "Polygon", "coordinates": [[[77.5760195, 28.5266048], [77.5762476, 28.5267345], [77.576301, 28.5266772], [77.5763247, 28.5266945], [77.5765376, 28.5264463], [77.576588, 28.5263909], [77.576645, 28.5263252], [77.5766362, 28.5262919], [77.5767123, 28.5262454], [77.5767567, 28.5262127], [77.5767915, 28.5261768], [77.5768215, 28.5261368], [77.5768423, 28.5261017], [77.5769038, 28.5261171], [77.577056, 28.5257811], [77.5768182, 28.5256494], [77.5763206, 28.5261913], [77.5762666, 28.5262514], [77.576038, 28.5265174], [77.5760736, 28.5265434], [77.5760195, 28.5266048]]]}}, {"type": "Feature", "id": "way/369216635", "properties": {"building": "university", "building:levels": "4", "name": "Block A", "@id": "way/369216635", "@class": "building", "render_height": 12.8, "render_min_height": 0.0, "height_source": "levels"}, "geometry": {"type": "Polygon", "coordinates": [[[77.5769038, 28.5261171], [77.576956, 28.5261286], [77.5769407, 28.5261478], [77.5769232, 28.526183], [77.576913, 28.5262464], [77.5769137, 28.5263104], [77.5769306, 28.5263816], [77.5769029, 28.5263969], [77.5768902, 28.5265163], [77.5768813, 28.5265929], [77.5768345, 28.5268941], [77.5768931, 28.5268999], [77.5768769, 28.5269599], [77.5771146, 28.5269828], [77.5771244, 28.5269228], [77.5771472, 28.5269228], [77.5773328, 28.5258412], [77.577056, 28.5257811], [77.5769038, 28.5261171]]]}}, {"type": "Feature", "id": "way/369216636", "properties": {"amenity": "student_accommodation", "building": "dormitory", "building:levels": "6", "internet_access": "wlan", "name": "Hostel 2A", "@id": "way/369216636", "@class": "building", "render_height": 19.2, "render_min_height": 0.0, "height_source": "levels"}, "geometry": {"type": "Polygon", "coordinates": [[[77.5729242, 28.5234367], [77.572946, 28.5234488], [77.57294, 28.5234627], [77.5729539, 28.5235062], [77.5730172, 28.5235096], [77.573027, 28.523494], [77.5730527, 28.5235062], [77.5731496, 28.5233568], [77.5732905, 28.5233984], [77.573348, 28.5234099], [77.5734047, 28.5234124], [77.5734719, 28.5233933], [77.57346, 28.5232699], [77.5733857, 28.523277], [77.5732105, 28.5232453], [77.5731563, 28.5232145], [77.5731085, 28.5231873], [77.5730545, 28.523143], [77.5729944, 28.5230798], [77.5729548, 28.5230133], [77.57283, 28.5230587], [77.5728408, 28.5230892], [77.5728276, 28.5230945], [77.5728456, 28.5231293], [77.5728732, 28.5231652], [77.572944, 28.52322], [77.5730196, 28.5232907], [77.5729242, 28.5234367]]]}}, {"type": "Feature", "id": "way/369217546", "properties": {"access": "private", "highway": "service", "@id": "way/369217546", "@class": "road"}, "geometry": {"type": "LineString", "coordinates": [[77.5731068, 28.520885], [77.5723844, 28.5192561]]}}, {"type": "Feature", "id": "way/369217547", "properties": {"access": "private", "highway": "service", "@id": "way/369217547", "@class": "road"}, "geometry": {"type": "LineString", "coordinates": [[77.5734899, 28.5296505], [77.5734515, 28.5296645], [77.5729451, 28.5298486], [77.5728893, 28.5298689], [77.5728226, 28.5299119]]}}, {"type": "Feature", "id": "way/369217548", "properties": {"amenity": "student_accommodation", "building": "dormitory", "building:levels": "6", "internet_access": "wlan", "name": "Hostel 2B", "@id": "way/369217548", "@class": "building", "render_height": 19.2, "render_min_height": 0.0, "height_source": "levels"}, "geometry": {"type": "Polygon", "coordinates": [[[77.5731047, 28.5227767], [77.5732451, 28.5227697], [77.5733578, 28.522794], [77.5734098, 28.52282], [77.5734448, 28.5228375], [77.5735279, 28.5229035], [77.5735911, 28.5229747], [77.5736109, 28.5230216], [77.5737453, 28.5229764], [77.5737295, 28.5229504], [77.5737453, 28.5229434], [77.5737216, 28.5228948], [77.5736823, 28.5228485], [77.5736287, 28.5228062], [77.5735575, 28.5227419], [77.5736485, 28.5225977], [77.5736287, 28.5225786], [77.573605, 28.52253], [77.5735293, 28.5225346], [77.573501, 28.5225296], [77.5734099, 28.5226717], [77.5732234, 28.5226276], [77.5730973, 28.5226327], [77.5731047, 28.5227767]]]}}, {"type": "Feature", "id": "way/369217550", "properties": {"access": "private", "highway": "service", "@id": "way/369217550", "@class": "road"}, "geometry": {"type": "LineString", "coordinates": [[77.5754485, 28.5289552], [77.5751678, 28.5283307], [77.5747688, 28.5274722], [77.5747508, 28.5274329], [77.5742668, 28.5263763], [77.5739155, 28.5255554], [77.5736042, 28.5248899]]}}, {"type": "Feature", "id": "way/369217551", "properties": {"access": "private", "highway": "service", "@id": "way/369217551", "@class": "road"}, "geometry": {"type": "LineString", "coordinates": [[77.5739494, 28.5308186], [77.5739468, 28.5307329], [77.5739239, 28.5306293], [77.5735253, 28.5297302], [77.5734899, 28.5296505]]}}, {"type": "Feature", "id": "way/369218528", "properties": {"access": "private", "highway": "service", "@id": "way/369218528", "@class": "road"}, "geometry": {"type": "LineString", "coordinates": [[77.5722999, 28.527061], [77.5742194, 28.5263928], [77.5742668, 28.5263763]]}}, {"type": "Feature", "id": "way/369218529", "properties": {"access": "private", "highway": "service", "@id": "way/369218529", "@class": "road"}, "geometry": {"type": "LineString", "coordinates": [[77.5765341, 28.5285741], [77.5764441, 28.5283271], [77.576273, 28.5279486], [77.5758893, 28.5270843], [77.575674, 28.5265993], [77.5756588, 28.5265652], [77.5756256, 28.5264903]]}}, {"type": "Feature", "id": "way/369218530", "properties": {"access": "private", "highway": "service", "@id": "way/369218530", "@class": "road"}, "geometry": {"type": "LineString", "coordinates": [[77.5732068, 28.5290277], [77.5740558, 28.5287185], [77.5741664, 28.5286845], [77.5748064, 28.5284584], [77.5750936, 28.5283569], [77.5751678, 28.5283307], [77.5753764, 28.5282586], [77.5760641, 28.5280208], [77.576273, 28.5279486]]}}, {"type": "Feature", "id": "way/369218531", "properties": {"access": "private", "highway": "service", "@id": "way/369218531", "@class": "road"}, "geometry": {"type": "LineString", "coordinates": [[77.5743248, 28.5293498], [77.5743128, 28.5293215], [77.5743006, 28.529293], [77.5742538, 28.5291833], [77.5741566, 28.5289551], [77.5740558, 28.5287185]]}}, {"type": "Feature", "id": "way/369218661", "properties": {"access": "private", "highway": "service", "@id": "way/369218661", "@class": "road"}, "geometry": {"type": "LineString", "coordinates": [[77.57726, 28.5271558], [77.5774079, 28.5274736], [77.5775584, 28.52781], [77.5777239, 28.528162]]}}, {"type": "Feature", "id": "way/369218662", "properties": {"access": "private", "highway": "service", "@id": "way/369218662", "@class": "road"}, "geometry": {"type": "LineString", "coordinates": [[77.5707773, 28.5265908], [77.5718725, 28.5262153], [77.5719087, 28.5262029]]}}, {"type": "Feature", "id": "way/369231604", "properties": {"access": "private", "highway": "service", "@id": "way/369231604", "@class": "road"}, "geometry": {"type": "LineString", "coordinates": [[77.5732068, 28.5290277], [77.5728082, 28.528176], [77.5722999, 28.527061], [77.5719087, 28.5262029], [77.5716532, 28.5256413], [77.5716296, 28.5255895]]}}, {"type": "Feature", "id": "way/369231606", "properties": {"access": "private", "highway": "service", "@id": "way/369231606", "@class": "road"}, "geometry": {"type": "LineString", "coordinates": [[77.5734899, 28.5296505], [77.5734732, 28.5296137], [77.5732068, 28.5290277]]}}, {"type": "Feature", "id": "way/369231608", "properties": {"access": "private", "highway": "service", "@id": "way/369231608", "@class": "road"}, "geometry": {"type": "LineString", "coordinates": [[77.5734899, 28.5296505], [77.5735546, 28.5296272], [77.5743248, 28.5293498], [77.5753837, 28.5289771], [77.5754485, 28.5289552], [77.5765341, 28.5285741], [77.5767379, 28.5285364], [77.5769002, 28.5284546], [77.5769727, 28.5284561], [77.5773941, 28.5282976], [77.5777239, 28.528162], [77.5782633, 28.5279667], [77.5784096, 28.5279232], [77.5784854, 28.5279052], [77.5785524, 28.5279168], [77.5785903, 28.527959], [77.5786168, 28.5280166], [77.578618, 28.5280192], [77.5786621, 28.5281153], [77.578949, 28.5287419], [77.5790138, 28.5288663], [77.5791434, 28.528995], [77.5793187, 28.5291363], [77.5794439, 28.5292465], [77.5796227, 28.5293767], [77.5798939, 28.5295518], [77.580213, 28.529765], [77.5803642, 28.529821], [77.5809242, 28.5304298], [77.5810464, 28.5305567]]}}, {"type": "Feature", "id": "way/369231611", "properties": {"building": "university", "name": "Research Annexe", "@id": "way/369231611", "@class": "building", "render_height": 12.8, "render_min_height": 0.0, "height_source": "default"}, "geometry": {"type": "Polygon", "coordinates": [[[77.5780918, 28.5275407], [77.5781902, 28.5275766], [77.5782815, 28.5275934], [77.5783991, 28.5276103], [77.5785071, 28.5276251], [77.5786272, 28.5276335], [77.578752, 28.5276272], [77.5788552, 28.5276209], [77.5789368, 28.5276103], [77.5790353, 28.5275892], [77.5791145, 28.5275724], [77.5790137, 28.5272496], [77.5789248, 28.5272771], [77.5788456, 28.5272876], [77.5787472, 28.5272918], [77.5786488, 28.527296], [77.5785455, 28.5272918], [77.5784351, 28.5272813], [77.5783415, 28.5272496], [77.5782695, 28.5272349], [77.5782118, 28.5272159], [77.5780918, 28.5275407]]]}}, {"type": "Feature", "id": "way/369231618", "properties": {"access": "private", "amenity": "parking", "fee": "no", "name": "Parking 1", "operator": "Shiv Nadar University", "park_ride": "no", "parking": "surface", "@id": "way/369231618", "@class": "parking"}, "geometry": {"type": "Polygon", "coordinates": [[[77.5736948, 28.5247779], [77.5746796, 28.5243994], [77.5749769, 28.5242937], [77.5749985, 28.5242157], [77.5750369, 28.5241292], [77.5751041, 28.5240069], [77.5751044, 28.5239714], [77.5750737, 28.5239423], [77.5750137, 28.5239233], [77.5749071, 28.5239035], [77.5737822, 28.5242904], [77.5737502, 28.5244414], [77.5737149, 28.5246437], [77.5736948, 28.5247779]]]}}, {"type": "Feature", "id": "way/369233065", "properties": {"landuse": "grass", "@id": "way/369233065", "@class": "landuse"}, "geometry": {"type": "Polygon", "coordinates": [[[77.5735291, 28.5295682], [77.5742593, 28.5293263], [77.5740143, 28.5288065], [77.5733066, 28.5290742], [77.5735291, 28.5295682]]]}}, {"type": "Feature", "id": "way/369233067", "properties": {"access": "private", "highway": "service", "@id": "way/369233067", "@class": "road"}, "geometry": {"type": "LineString", "coordinates": [[77.5766963, 28.5270674], [77.5764441, 28.5283271]]}}, {"type": "Feature", "id": "way/369233068", "properties": {"building": "yes", "@id": "way/369233068", "@class": "building", "render_height": 6.4, "render_min_height": 0.0, "height_source": "default"}, "geometry": {"type": "Polygon", "coordinates": [[[77.5767197, 28.5278071], [77.5768047, 28.527788], [77.576862, 28.527788], [77.5769174, 28.5277984], [77.5769609, 28.5278158], [77.5769767, 28.5278279], [77.5770657, 28.5272529], [77.5770044, 28.5272616], [77.5769646, 28.527261], [77.5769046, 28.5272505], [77.5768541, 28.5272338], [77.5768126, 28.5272112], [77.5767197, 28.5278071]]]}}, {"type": "Feature", "id": "way/369233069", "properties": {"access": "private", "foot": "private", "highway": "service", "@id": "way/369233069", "@class": "road"}, "geometry": {"type": "LineString", "coordinates": [[77.5717142, 28.5285586], [77.571807, 28.5285261], [77.5727682, 28.52819], [77.5728082, 28.528176], [77.5747133, 28.5274921], [77.5747688, 28.5274722]]}}, {"type": "Feature", "id": "way/369248213", "properties": {"addr:full": "NH - 91, Tehsil Dadri Gautam Buddha Nagar Uttar Pradesh - 201314", "addr:postcode": "201314", "alt_name": "Shiv Nadar Institution of Eminence", "amenity": "university", "barrier": "fence", "name": "Shiv Nadar University", "name:etymology:wikidata": "Q3522726", "operator": "Shiv Nadar University", "phone": "+91-120-7170100", "website": "https://www.snu.edu.in/home", "wikidata": "Q7499204", "wikipedia": "en:Shiv Nadar University", "@id": "way/369248213", "@class": "campus"}, "geometry": {"type": "Polygon", "coordinates": [[[77.5760586, 28.53358], [77.5758769, 28.5332986], [77.5751107, 28.5338032], [77.5746353, 28.5333055], [77.5741545, 28.5336477], [77.5740236, 28.5334937], [77.5744961, 28.5331157], [77.5739968, 28.5327149], [77.574088, 28.5326221], [77.5733534, 28.5319641], [77.5738047, 28.5313736], [77.573363, 28.5309053], [77.5733877, 28.5308778], [77.5731199, 28.5306495], [77.572832, 28.5308138], [77.5722097, 28.5301216], [77.5720292, 28.5302305], [77.5715037, 28.5295137], [77.5716028, 28.5292183], [77.5716364, 28.5290862], [77.5716771, 28.5289027], [77.5716824, 28.5287799], [77.5716523, 28.5286897], [77.5715939, 28.5285825], [77.5712719, 28.5281751], [77.5711905, 28.5280507], [77.5711356, 28.5279139], [77.5710754, 28.5277227], [77.5709923, 28.5275004], [77.5709073, 28.5273154], [77.5707852, 28.5271039], [77.5706571, 28.5268379], [77.5705179, 28.526589], [77.5704122, 28.5263443], [77.570321, 28.5260828], [77.570177, 28.5258381], [77.569779, 28.5251111], [77.5696875, 28.5249545], [77.5698751, 28.524855], [77.5694329, 28.5243028], [77.5690832, 28.5237086], [77.5688995, 28.5233014], [77.5687591, 28.5229422], [77.5686269, 28.5227785], [77.5682577, 28.5224168], [77.5679531, 28.5220718], [77.5687713, 28.521817], [77.5687516, 28.5217572], [77.5686674, 28.5216588], [77.5683945, 28.5213796], [77.5687646, 28.5210209], [77.5688966, 28.5208838], [77.5690074, 28.5207531], [77.5692169, 28.5205233], [77.5693976, 28.5203466], [77.5696424, 28.5201903], [77.5700649, 28.5206669], [77.5704936, 28.5202774], [77.5710824, 28.5197678], [77.571266, 28.5196346], [77.5713913, 28.5195526], [77.5714234, 28.5195219], [77.5715079, 28.5194374], [77.5717003, 28.5192837], [77.5718082, 28.5192069], [77.5724144, 28.5191736], [77.572942, 28.51913], [77.5730499, 28.5190967], [77.5731432, 28.5190558], [77.5735454, 28.51892], [77.5737728, 28.5188329], [77.5738923, 28.5187382], [77.5741546, 28.5185261], [77.5743754, 28.51837], [77.5746635, 28.5182012], [77.574942, 28.5180283], [77.5752637, 28.5178089], [77.5757637, 28.5187527], [77.5758935, 28.519], [77.5763204, 28.5197976], [77.5771252, 28.5214017], [77.5773234, 28.5218441], [77.5775295, 28.5224195], [77.5780347, 28.523789], [77.5782029, 28.524208], [77.5780527, 28.524346], [77.5780151, 28.5243937], [77.5781438, 28.5245784], [77.5784857, 28.5250291], [77.5787555, 28.5253015], [77.5789325, 28.5254321], [77.5787549, 28.5255866], [77.5789861, 28.5262064], [77.5791782, 28.5266555], [77.5794651, 28.5270475], [77.5799801, 28.526885], [77.5811404, 28.5263626], [77.5813122, 28.5265638], [77.5809737, 28.5269151], [77.5805855, 28.5272132], [77.5810446, 28.527727], [77.5807607, 28.5279485], [77.5810242, 28.5282836], [77.5807636, 28.5284788], [77.580523, 28.5286375], [77.5801251, 28.5289155], [77.5807482, 28.5295815], [77.5810077, 28.5293676], [77.5815529, 28.5299746], [77.5801266, 28.5309237], [77.5799034, 28.5306882], [77.579718, 28.5308419], [77.5790554, 28.5302345], [77.5785993, 28.5306183], [77.5780441, 28.5301729], [77.5779333, 28.5302804], [77.5772258, 28.5297467], [77.5766544, 28.5292363], [77.5761407, 28.5288018], [77.5758382, 28.5290127], [77.5758094, 28.5289747], [77.5754685, 28.5292532], [77.5760255, 28.5298606], [77.5761887, 28.530042], [77.5766689, 28.5303626], [77.5772978, 28.5308223], [77.5771634, 28.5309995], [77.5777876, 28.5314593], [77.5774554, 28.531772], [77.5770837, 28.5314732], [77.5765376, 28.5318782], [77.5761353, 28.5321829], [77.5766134, 28.5325543], [77.5760586, 28.5330154], [77.576388, 28.5333655], [77.5760586, 28.53358]]]}}, {"type": "Feature", "id": "way/369249655", "properties": {"amenity": "student_accommodation", "building": "dormitory", "building:levels": "6", "internet_access": "wlan", "name": "Hostel 2C", "@id": "way/369249655", "@class": "building", "render_height": 19.2, "render_min_height": 0.0, "height_source": "levels"}, "geometry": {"type": "Polygon", "coordinates": [[[77.5729938, 28.522422], [77.5730611, 28.5225619], [77.5729637, 28.5226039], [77.5728894, 28.522663], [77.5728204, 28.5227236], [77.5727673, 28.5227812], [77.5727355, 28.5228807], [77.5727142, 28.522946], [77.5727266, 28.5230641], [77.5725458, 28.523081], [77.572563, 28.5229621], [77.572585, 28.5229584], [77.5726381, 28.5227563], [77.5726187, 28.5227345], [77.5725992, 28.5227438], [77.5724913, 28.5226863], [77.5724966, 28.5226521], [77.5724718, 28.522621], [77.5724918, 28.5225917], [77.5725302, 28.5226023], [77.5725567, 28.5225713], [77.5726718, 28.5226272], [77.57267, 28.5226443], [77.5726877, 28.5226552], [77.5728735, 28.5225122], [77.5728558, 28.5224951], [77.5729195, 28.5224469], [77.5729938, 28.522422]]]}}, {"type": "Feature", "id": "way/369250382", "properties": {"access": "private", "highway": "service", "@id": "way/369250382", "@class": "road"}, "geometry": {"type": "LineString", "coordinates": [[77.57726, 28.5271558], [77.5772645, 28.5271148], [77.5774374, 28.525923], [77.5774198, 28.5258768], [77.5773817, 28.5258352], [77.5773288, 28.5257932], [77.5772624, 28.5257521], [77.5771835, 28.5257182], [77.577082, 28.5256833], [77.5769857, 28.5256459], [77.5768995, 28.5256005], [77.576831, 28.5255506], [77.576824, 28.5255446], [77.5767758, 28.5255036], [77.5766723, 28.5254011], [77.5766038, 28.5252846], [77.5765484, 28.5251104], [77.5765372, 28.5249855], [77.5765429, 28.5249006], [77.5765605, 28.5248162], [77.5765886, 28.5247031], [77.5766466, 28.5245968], [77.5767185, 28.524501], [77.5767909, 28.5244222], [77.5768954, 28.5243393], [77.5770433, 28.5242557], [77.5771409, 28.5242172], [77.5772476, 28.5241763], [77.5774554, 28.5241132], [77.5775104, 28.5240816], [77.57753, 28.5240425], [77.5775311, 28.5239927], [77.5770086, 28.5228475], [77.5769653, 28.5228144], [77.5769023, 28.5228073]]}}, {"type": "Feature", "id": "way/369376659", "properties": {"amenity": "student_accommodation", "building": "dormitory", "building:levels": "6", "internet_access": "wlan", "name": "Hostel 3C", "@id": "way/369376659", "@class": "building", "render_height": 19.2, "render_min_height": 0.0, "height_source": "levels"}, "geometry": {"type": "Polygon", "coordinates": [[[77.5713786, 28.5251614], [77.5715467, 28.5251944], [77.5715664, 28.5251441], [77.5715585, 28.5250642], [77.5715388, 28.525059], [77.571517, 28.5248696], [77.5716848, 28.5248028], [77.5716775, 28.5247695], [77.5717088, 28.5247509], [77.5717088, 28.524717], [77.5716862, 28.5247016], [77.5716585, 28.5247048], [77.5716308, 28.5246786], [77.5714516, 28.5247387], [77.5713139, 28.5245766], [77.5713247, 28.5245618], [77.5712203, 28.5244795], [77.5711266, 28.5246093], [77.5712167, 28.5246514], [77.5713547, 28.5248139], [77.5713823, 28.5248908], [77.571403, 28.5250487], [77.5713786, 28.5251614]]]}}, {"type": "Feature", "id": "way/369376660", "properties": {"amenity": "student_accommodation", "building": "dormitory", "building:levels": "6", "internet_access": "wlan", "name": "Hostel 3A", "@id": "way/369376660", "@class": "building", "render_height": 19.2, "render_min_height": 0.0, "height_source": "levels"}, "geometry": {"type": "Polygon", "coordinates": [[[77.5709153, 28.5253791], [77.5707221, 28.5254023], [77.5706381, 28.5253928], [77.5706381, 28.5253748], [77.5706032, 28.5253706], [77.5706369, 28.5252451], [77.5707113, 28.5252525], [77.5707713, 28.5252588], [77.5708313, 28.525262], [77.5709045, 28.5252493], [77.5709789, 28.5252272], [77.5710174, 28.5252029], [77.5711074, 28.5251344], [77.5711722, 28.5250574], [77.5712994, 28.5251291], [77.571285, 28.5251492], [77.571303, 28.5251587], [77.5712538, 28.5252145], [77.5710762, 28.5253474], [77.5711338, 28.5254761], [77.5711194, 28.5255141], [77.5710882, 28.5255457], [77.5710426, 28.5255436], [77.5710054, 28.5255309], [77.5709153, 28.5253791]]]}}, {"type": "Feature", "id": "way/369386752", "properties": {"amenity": "student_accommodation", "building": "dormitory", "building:levels": "6", "internet_access": "wlan", "name": "Hostel 3B", "@id": "way/369386752", "@class": "building", "render_height": 19.2, "render_min_height": 0.0, "height_source": "levels"}, "geometry": {"type": "Polygon", "coordinates": [[[77.5705183, 28.5250038], [77.5705816, 28.5249499], [77.5706547, 28.5248874], [77.5707101, 28.5248492], [77.5707971, 28.5248249], [77.5708861, 28.5248075], [77.5709711, 28.5248005], [77.5710582, 28.5248084], [77.5711073, 28.5246949], [77.5710759, 28.5246946], [77.5710759, 28.5246755], [77.5710106, 28.5246668], [77.5709572, 28.5246685], [77.5708801, 28.5246789], [77.5707753, 28.5246911], [77.5707061, 28.52454], [77.5706824, 28.5245469], [77.5706691, 28.524528], [77.5706254, 28.5245187], [77.5705926, 28.5245498], [77.5706006, 28.5245754], [77.5705736, 28.524582], [77.5706416, 28.5247387], [77.5704762, 28.5248469], [77.5704187, 28.524908], [77.5704239, 28.5249186], [77.5704013, 28.5249378], [77.5705183, 28.5250038]]]}}, {"type": "Feature", "id": "way/369386753", "properties": {"access": "private", "highway": "service", "@id": "way/369386753", "@class": "road"}, "geometry": {"type": "LineString", "coordinates": [[77.5694505, 28.5221669], [77.5693614, 28.5222611], [77.5692761, 28.5223367], [77.569202, 28.522426], [77.5691513, 28.522519], [77.5691216, 28.5226052], [77.569106, 28.522696], [77.5691066, 28.5227727], [77.5691203, 28.5228637], [77.5691401, 28.5229232], [77.5692487, 28.5231438], [77.569531, 28.5238012], [77.5697334, 28.5242556], [77.5698938, 28.5246271], [77.5701054, 28.525117], [77.5701689, 28.5252512], [77.570515, 28.5259823], [77.5707773, 28.5265908], [77.5709001, 28.5268496], [77.5712135, 28.5275755], [77.5715388, 28.528269], [77.5717142, 28.5285586], [77.5717398, 28.5285992]]}}, {"type": "Feature", "id": "way/369386754", "properties": {"highway": "tertiary", "lanes": "1", "oneway": "no", "surface": "asphalt", "@id": "way/369386754", "@class": "road"}, "geometry": {"type": "LineString", "coordinates": [[77.5723643, 28.5363349], [77.5720517, 28.535998], [77.5714754, 28.5354459], [77.5707936, 28.534795], [77.5705066, 28.5345183], [77.5699292, 28.5339277], [77.5692294, 28.5332919], [77.5686283, 28.5326944], [77.5681854, 28.532281], [77.5671858, 28.5312922], [77.5670545, 28.5311624], [77.5657805, 28.5299363], [77.5648124, 28.5290014], [77.5642351, 28.5284422], [77.5637323, 28.5279456], [77.5631723, 28.5274093], [77.5630412, 28.5272564], [77.5629928, 28.5271902], [77.5629553, 28.5271191], [77.5629344, 28.5270552], [77.5629208, 28.5269913], [77.5628798, 28.5267357], [77.5628295, 28.5263635], [77.5627553, 28.5258119], [77.5626653, 28.5251092], [77.5625684, 28.5244943], [77.5624918, 28.523882], [77.5624251, 28.5233927], [77.5623443, 28.5228397], [77.5622333, 28.5220104], [77.5621009, 28.5210705], [77.5620864, 28.5209075], [77.561985, 28.5202125], [77.5619537, 28.5199868], [77.5619079, 28.5196218], [77.5618243, 28.5190134], [77.5617472, 28.5183839], [77.5617334, 28.5182976], [77.5617164, 28.5180555]]}}, {"type": "Feature", "id": "way/369386755", "properties": {"highway": "tertiary", "lanes": "1", "oneway": "no", "surface": "asphalt", "@id": "way/369386755", "@class": "road"}, "geometry": {"type": "LineString", "coordinates": [[77.5617164, 28.5180555], [77.561708, 28.5179117], [77.5623181, 28.5174204], [77.5630659, 28.5168029], [77.5637049, 28.5162281], [77.563868, 28.5160742], [77.5640962, 28.5158878], [77.5643009, 28.5157539], [77.5644137, 28.5156735], [77.5644814, 28.5156248], [77.5645588, 28.5155612], [77.5646412, 28.5154876], [77.5647165, 28.5154139], [77.5647923, 28.5153304], [77.5648611, 28.5152397], [77.5649434, 28.5150839], [77.565053, 28.5149011], [77.5651487, 28.5147851], [77.5651966, 28.5147333], [77.5652531, 28.5146891], [77.5654167, 28.514587], [77.5656103, 28.5144799], [77.5658352, 28.5143747], [77.5660447, 28.5142643]]}}, {"type": "Feature", "id": "way/369711997", "properties": {"highway": "tertiary", "@id": "way/369711997", "@class": "road"}, "geometry": {"type": "LineString", "coordinates": [[77.5660447, 28.5142643], [77.5663044, 28.5140671], [77.5663669, 28.5140108], [77.566491, 28.513899], [77.5666023, 28.5137932], [77.566663, 28.5137158], [77.5666805, 28.5136817], [77.5666805, 28.513644], [77.5666563, 28.5135073], [77.5666389, 28.513453], [77.5665571, 28.5132692], [77.5665356, 28.5132291], [77.5663733, 28.5130111], [77.5663519, 28.5129781], [77.5662902, 28.5128462], [77.5662768, 28.5128014], [77.5661653, 28.512457], [77.56609, 28.5122427], [77.5660348, 28.512121], [77.5659839, 28.5120309], [77.5657353, 28.5116181], [77.5657101, 28.5115654], [77.5657002, 28.5115182], [77.5657071, 28.5114777], [77.5657324, 28.5114439], [77.5657641, 28.5114174], [77.5658065, 28.5113872], [77.5659338, 28.5113276], [77.5663563, 28.5111097], [77.5665321, 28.5110201], [77.5666297, 28.5109671], [77.5669752, 28.5107936], [77.5670488, 28.5107556], [77.5670757, 28.5107359], [77.5671208, 28.5106955], [77.5671291, 28.5106759], [77.5671285, 28.5106546], [77.5671253, 28.5106327], [77.5671119, 28.5106019], [77.5670846, 28.5105672], [77.5670393, 28.5105116], [77.5665854, 28.5099352], [77.5664619, 28.5097703], [77.566289, 28.5095526], [77.5662763, 28.5095169], [77.5662745, 28.5094836], [77.5662845, 28.5094456], [77.5662998, 28.509421], [77.5663509, 28.5093861], [77.5666965, 28.5091783], [77.5668266, 28.5091208], [77.5670178, 28.5090461], [77.5671207, 28.5090018], [77.5677037, 28.5087981], [77.5677534, 28.5087655], [77.567788, 28.5087217], [77.5677992, 28.5086984], [77.5677953, 28.5086677], [77.56776, 28.5086194], [77.5677232, 28.5085716], [77.5676372, 28.5084692], [77.5674952, 28.5082919], [77.5673876, 28.5081489], [77.5672769, 28.507969], [77.5672338, 28.5078912], [77.5671509, 28.5077226], [77.5671373, 28.5076746], [77.5671418, 28.5076413], [77.5671585, 28.5076119], [77.567201, 28.5075893], [77.5673047, 28.5075661], [77.5674977, 28.5075125], [77.5676973, 28.5074457], [77.5679698, 28.5073461], [77.5681702, 28.5072346], [77.5683719, 28.5070966], [77.5687225, 28.5068562], [77.5694319, 28.5063739], [77.5695952, 28.5062629], [77.5697221, 28.5061739], [77.5707727, 28.505428], [77.5709062, 28.5053153], [77.5712253, 28.5050213], [77.5713032, 28.5049495], [77.5714435, 28.5048181], [77.5716612, 28.5046142], [77.5718182, 28.5044679], [77.5721914, 28.5041074], [77.5724484, 28.5038812], [77.5726337, 28.503718], [77.5728114, 28.5035357], [77.5732357, 28.5031219], [77.573412, 28.5029614], [77.5736088, 28.5027661], [77.5741604, 28.5022566], [77.5745582, 28.5018672], [77.5749214, 28.5015327], [77.5751473, 28.5013186], [77.575507, 28.500979], [77.5759712, 28.5005527], [77.5764485, 28.5001011], [77.5766652, 28.4998803], [77.5768442, 28.4997194], [77.5771839, 28.499406], [77.5774847, 28.4991042], [77.5778705, 28.498735], [77.5782219, 28.498413], [77.5785146, 28.4981235], [77.578581, 28.4980485], [77.5786552, 28.4979512], [77.57869, 28.4978673], [77.5787325, 28.4977251], [77.5787639, 28.4975068], [77.5787973, 28.4972507], [77.5788716, 28.4968602], [77.5788736, 28.4967611], [77.5788389, 28.4966578], [77.5788099, 28.4965788], [77.5787897, 28.4965234], [77.5787498, 28.4964284]]}}, {"type": "Feature", "id": "way/376817230", "properties": {"landuse": "grass", "@id": "way/376817230", "@class": "landuse"}, "geometry": {"type": "Polygon", "coordinates": [[[77.5731792, 28.5231204], [77.5731873, 28.5231063], [77.5732579, 28.5231441], [77.573247, 28.5231627], [77.5733251, 28.5231838], [77.5733984, 28.5231896], [77.5734561, 28.5231459], [77.5734905, 28.5230913], [77.5735013, 28.5230408], [77.5734894, 28.522988], [77.5734153, 28.5229149], [77.5734037, 28.5229296], [77.5733206, 28.5228957], [77.5733301, 28.5228752], [77.5732809, 28.5228582], [77.5732269, 28.5228478], [77.5731807, 28.5228499], [77.573149, 28.5228624], [77.5731196, 28.5228872], [77.5730809, 28.5229349], [77.5730666, 28.5229685], [77.5730708, 28.5230118], [77.573097, 28.5230476], [77.5731384, 28.5230871], [77.5731792, 28.5231204]]]}}, {"type": "Feature", "id": "way/376817231", "properties": {"landuse": "grass", "@id": "way/376817231", "@class": "landuse"}, "geometry": {"type": "Polygon", "coordinates": [[[77.5760016, 28.5255801], [77.5760027, 28.5256063], [77.5759944, 28.5256315], [77.5759775, 28.5256531], [77.5759538, 28.525669], [77.5759256, 28.5256776], [77.5758957, 28.5256779], [77.5758673, 28.5256701], [77.5758431, 28.5256548], [77.5758245, 28.5256317], [77.5758159, 28.5256045], [77.5758182, 28.5255763], [77.5758312, 28.5255504], [77.5758533, 28.5255299], [77.5758821, 28.5255172], [77.575914, 28.5255137], [77.5759454, 28.5255199], [77.5759725, 28.5255351], [77.5759912, 28.5255555], [77.5760016, 28.5255801]]]}}, {"type": "Feature", "id": "way/376817232", "properties": {"landuse": "grass", "@id": "way/376817232", "@class": "landuse"}, "geometry": {"type": "Polygon", "coordinates": [[[77.5736394, 28.5233196], [77.5739311, 28.5234716], [77.5739538, 28.5234421], [77.5739558, 28.5234169], [77.5739439, 28.5233917], [77.5737314, 28.5232788], [77.5737037, 28.5232684], [77.573676, 28.523271], [77.5736592, 28.5232849], [77.5736394, 28.5233196]]]}}, {"type": "Feature", "id": "way/376817233", "properties": {"landuse": "grass", "@id": "way/376817233", "@class": "landuse"}, "geometry": {"type": "Polygon", "coordinates": [[[77.5737747, 28.5231567], [77.5740498, 28.5233022], [77.5740326, 28.5233278], [77.5740208, 28.5233444], [77.5739931, 28.5233491], [77.5737999, 28.5232553], [77.5737633, 28.5232374], [77.5737471, 28.5232184], [77.5737519, 28.5231873], [77.5737747, 28.5231567]]]}}, {"type": "Feature", "id": "way/376817234", "properties": {"landuse": "grass", "@id": "way/376817234", "@class": "landuse"}, "geometry": {"type": "Polygon", "coordinates": [[[77.5735949, 28.5231469], [77.5736124, 28.5231452], [77.5736295, 28.5231487], [77.5736443, 28.5231571], [77.5736551, 28.5231692], [77.5736607, 28.5231838], [77.5736604, 28.5231993], [77.5736543, 28.5232137], [77.5736431, 28.5232256], [77.573628, 28.5232335], [77.5736108, 28.5232366], [77.5735934, 28.5232345], [77.5735789, 28.5232281], [77.5735673, 28.5232181], [77.5735598, 28.5232054], [77.5735571, 28.5231913], [77.5735595, 28.5231772], [77.5735667, 28.5231644], [77.5735791, 28.5231535], [77.5735949, 28.5231469]]]}}, {"type": "Feature", "id": "way/376817235", "properties": {"landuse": "grass", "@id": "way/376817235", "@class": "landuse"}, "geometry": {"type": "Polygon", "coordinates": [[[77.5734048, 28.5244632], [77.5734177, 28.5244743], [77.5734255, 28.5244886], [77.5734272, 28.5245044], [77.5734227, 28.5245198], [77.5734125, 28.5245328], [77.5733978, 28.524542], [77.5733804, 28.5245463], [77.5733625, 28.5245451], [77.573346, 28.5245385], [77.5733345, 28.524529], [77.5733267, 28.5245169], [77.5733235, 28.5245033], [77.5733251, 28.5244894], [77.5733313, 28.5244767], [77.5733416, 28.5244661], [77.5733551, 28.5244588], [77.5733704, 28.5244554], [77.5733884, 28.5244567], [77.5734048, 28.5244632]]]}}, {"type": "Feature", "id": "way/376817336", "properties": {"landuse": "grass", "@id": "way/376817336", "@class": "landuse"}, "geometry": {"type": "Polygon", "coordinates": [[[77.5739672, 28.52557], [77.5749401, 28.5252509], [77.5749724, 28.5253699], [77.5750088, 28.525504], [77.5750218, 28.5255519], [77.5750476, 28.5256334], [77.5750784, 28.5257306], [77.5751823, 28.5259361], [77.5753158, 28.5261503], [77.5754068, 28.5262618], [77.5755014, 28.5263778], [77.5755521, 28.5264248], [77.5755745, 28.5264748], [77.5756208, 28.526578], [77.5756333, 28.5266059], [77.5756369, 28.5266723], [77.5756536, 28.5267098], [77.5757106, 28.526837], [77.5757661, 28.5269612], [77.5758413, 28.5271291], [77.5758907, 28.5272385], [77.5759481, 28.5273654], [77.5760079, 28.5274977], [77.5760619, 28.5276172], [77.5761184, 28.5277449], [77.5761752, 28.5278731], [77.5761816, 28.5278884], [77.5761887, 28.5279134], [77.5761818, 28.5279328], [77.5761616, 28.5279452], [77.5753497, 28.5282162], [77.5751746, 28.5282803], [77.5747939, 28.5273946], [77.5745738, 28.5268593], [77.5739672, 28.52557]]]}}, {"type": "Feature", "id": "way/393954586", "properties": {"building": "university", "@id": "way/393954586", "@class": "building", "render_height": 12.8, "render_min_height": 0.0, "height_source": "default"}, "geometry": {"type": "Polygon", "coordinates": [[[77.5758022, 28.5258038], [77.5757549, 28.5257507], [77.5757241, 28.5257083], [77.5756995, 28.5256553], [77.5756821, 28.5255953], [77.5756731, 28.5255563], [77.5756694, 28.5255134], [77.5757327, 28.5255039], [77.5757349, 28.5255408], [77.5757418, 28.5255877], [77.5757567, 28.5256294], [77.5757773, 28.525674], [77.575811, 28.5257224], [77.5758492, 28.5257691], [77.5758022, 28.5258038]]]}}, {"type": "Feature", "id": "way/393954587", "properties": {"building": "university", "@id": "way/393954587", "@class": "building", "render_height": 12.8, "render_min_height": 0.0, "height_source": "default"}, "geometry": {"type": "Polygon", "coordinates": [[[77.5765376, 28.5264463], [77.5765804, 28.5264832], [77.5766407, 28.5265282], [77.5767244, 28.526566], [77.5767987, 28.5265842], [77.5768813, 28.5265929], [77.5768902, 28.5265163], [77.5768098, 28.5265089], [77.5767435, 28.5264876], [77.5766684, 28.5264585], [77.576588, 28.5263909], [77.5765376, 28.5264463]]]}}, {"type": "Feature", "id": "way/393954588", "properties": {"landuse": "grass", "@id": "way/393954588", "@class": "landuse"}, "geometry": {"type": "Polygon", "coordinates": [[[77.5738926, 28.53068], [77.5730403, 28.5299267], [77.5734752, 28.5297737], [77.5738926, 28.53068]]]}}, {"type": "Feature", "id": "way/393954589", "properties": {"landuse": "grass", "@id": "way/393954589", "@class": "landuse"}, "geometry": {"type": "Polygon", "coordinates": [[[77.5753204, 28.5290895], [77.5735852, 28.5297195], [77.5740579, 28.5307502], [77.5751349, 28.531823], [77.5761035, 28.5312995], [77.5761808, 28.5313704], [77.5765725, 28.5311213], [77.5769238, 28.5312614], [77.5774507, 28.5316691], [77.5776602, 28.5314394], [77.577114, 28.5310085], [77.5772071, 28.5308239], [77.5761557, 28.5300366], [77.5753204, 28.5290895]]]}}, {"type": "Feature", "id": "way/394288170", "properties": {"access": "private", "highway": "service", "@id": "way/394288170", "@class": "road"}, "geometry": {"type": "LineString", "coordinates": [[77.5740387, 28.5234178], [77.5740016, 28.5233985], [77.5736835, 28.5232326]]}}, {"type": "Feature", "id": "way/394288171", "properties": {"access": "private", "highway": "service", "oneway": "yes", "@id": "way/394288171", "@class": "road"}, "geometry": {"type": "LineString", "coordinates": [[77.5735777, 28.5232652], [77.5736074, 28.5232693], [77.573637, 28.5232647], [77.5736633, 28.5232521], [77.5736835, 28.5232326], [77.5736957, 28.523208], [77.5736981, 28.5231813], [77.5736903, 28.5231553], [77.5736733, 28.5231331], [77.573649, 28.5231169], [77.5736199, 28.5231087], [77.5735894, 28.5231092], [77.5735608, 28.5231185], [77.5735372, 28.5231355], [77.5735215, 28.523158], [77.5735148, 28.5231837], [77.5735179, 28.5232099], [77.5735305, 28.5232339], [77.5735511, 28.523253], [77.5735777, 28.5232652]]}}, {"type": "Feature", "id": "way/394288172", "properties": {"highway": "footway", "@id": "way/394288172", "@class": "path"}, "geometry": {"type": "LineString", "coordinates": [[77.5739438, 28.5234953], [77.5736062, 28.5233281], [77.5735286, 28.5232878], [77.5734159, 28.5232294], [77.5733548, 28.5231981]]}}, {"type": "Feature", "id": "way/394288173", "properties": {"access": "private", "highway": "service", "oneway": "yes", "@id": "way/394288173", "@class": "road"}, "geometry": {"type": "LineString", "coordinates": [[77.5734462, 28.5245506], [77.5734607, 28.5245269], [77.5734607, 28.5245061], [77.5734606, 28.5244739], [77.5734461, 28.5244503], [77.5734236, 28.5244321], [77.5733956, 28.5244214], [77.5733651, 28.5244191], [77.5733355, 28.5244257], [77.5733099, 28.5244404], [77.5732911, 28.5244615], [77.5732811, 28.524487], [77.573281, 28.5245139], [77.573291, 28.5245393], [77.5733098, 28.5245606], [77.5733354, 28.5245753], [77.5733651, 28.5245819], [77.5733956, 28.5245797], [77.5734237, 28.5245688], [77.5734462, 28.5245506]]}}, {"type": "Feature", "id": "way/394288174", "properties": {"access": "private", "highway": "service", "@id": "way/394288174", "@class": "road"}, "geometry": {"type": "LineString", "coordinates": [[77.5734607, 28.5245061], [77.5735936, 28.5245187], [77.573649, 28.5245003]]}}, {"type": "Feature", "id": "way/394288176", "properties": {"highway": "footway", "surface": "paving_stones", "@id": "way/394288176", "@class": "path"}, "geometry": {"type": "LineString", "coordinates": [[77.5732038, 28.5246026], [77.5732374, 28.524581], [77.5732614, 28.5243795]]}}, {"type": "Feature", "id": "way/394288177", "properties": {"highway": "footway", "@id": "way/394288177", "@class": "path"}, "geometry": {"type": "LineString", "coordinates": [[77.573492, 28.5229738], [77.5735011, 28.5229919], [77.5735128, 28.5230297], [77.5735099, 28.5230732], [77.5734939, 28.5231097], [77.57348, 28.5231366], [77.5734641, 28.523163], [77.5734283, 28.5231874], [77.5733933, 28.5231955], [77.5733548, 28.5231981], [77.5733459, 28.5231987], [77.5732924, 28.5231968], [77.5732423, 28.5231849], [77.5731901, 28.5231619]]}}, {"type": "Feature", "id": "way/394288178", "properties": {"highway": "footway", "@id": "way/394288178", "@class": "path"}, "geometry": {"type": "LineString", "coordinates": [[77.5731563, 28.5232145], [77.5731901, 28.5231619], [77.5733784, 28.5228689], [77.5734098, 28.52282]]}}, {"type": "Feature", "id": "way/394288179", "properties": {"highway": "footway", "@id": "way/394288179", "@class": "path"}, "geometry": {"type": "LineString", "coordinates": [[77.575325, 28.5260926], [77.5756499, 28.5258644], [77.5756537, 28.5257911], [77.5756174, 28.5257018], [77.5755565, 28.5256118], [77.575493, 28.5255823], [77.5750881, 28.5256453]]}}, {"type": "Feature", "id": "way/394290122", "properties": {"landuse": "grass", "@id": "way/394290122", "@class": "landuse"}, "geometry": {"type": "Polygon", "coordinates": [[[77.5729431, 28.5245868], [77.5729475, 28.5245643], [77.5730316, 28.5245713], [77.5730298, 28.5245938], [77.5731679, 28.5246055], [77.5732245, 28.5245744], [77.5732457, 28.5243909], [77.5731971, 28.5243513], [77.5730811, 28.5243357], [77.5730767, 28.5243614], [77.5729697, 28.5243505], [77.5729723, 28.5243256], [77.5728661, 28.5243109], [77.5728051, 28.524342], [77.5727803, 28.5245316], [77.5728369, 28.5245783], [77.5729431, 28.5245868]]]}}, {"type": "Feature", "id": "way/394290123", "properties": {"name": "Power Generator", "power": "generator", "@id": "way/394290123", "@class": "manmade"}, "geometry": {"type": "Polygon", "coordinates": [[[77.5732911, 28.5276918], [77.5731405, 28.5271927], [77.5732007, 28.5271884], [77.5732463, 28.5271756], [77.5733261, 28.5271455], [77.5733636, 28.5271212], [77.5735191, 28.5276201], [77.5734434, 28.5276165], [77.5733643, 28.5276408], [77.5732911, 28.5276918]]]}}, {"type": "Feature", "id": "way/394319042", "properties": {"landuse": "grass", "@id": "way/394319042", "@class": "landuse"}, "geometry": {"type": "Polygon", "coordinates": [[[77.5708488, 28.5265262], [77.5718363, 28.5261879], [77.5716001, 28.5256554], [77.5706125, 28.5259936], [77.5708488, 28.5265262]]]}}, {"type": "Feature", "id": "way/394600731", "properties": {"leisure": "pitch", "name": "Basketball Court", "sport": "basketball", "surface": "concrete", "@id": "way/394600731", "@class": "sport"}, "geometry": {"type": "Polygon", "coordinates": [[[77.5718855, 28.5249726], [77.5720648, 28.5250384], [77.5719418, 28.5252969], [77.5717625, 28.5252311], [77.5718855, 28.5249726]]]}}, {"type": "Feature", "id": "way/394600733", "properties": {"amenity": "food_court", "building": "yes", "internet_access": "wlan", "name": "Dining Hall 2", "@id": "way/394600733", "@class": "building", "render_height": 6.4, "render_min_height": 0.0, "height_source": "default"}, "geometry": {"type": "Polygon", "coordinates": [[[77.5701438, 28.5242299], [77.5699806, 28.5242552], [77.5699674, 28.5243217], [77.5699722, 28.5243723], [77.570001, 28.5244261], [77.5700262, 28.5244598], [77.570061, 28.524482], [77.5700939, 28.5245595], [77.570127, 28.524636], [77.5701282, 28.5246918], [77.5701342, 28.5247277], [77.5701534, 28.5247699], [77.570175, 28.5248036], [77.5704703, 28.5246381], [77.5704451, 28.524579], [77.5704799, 28.5245442], [77.5704873, 28.5245198], [77.5704645, 28.5244714], [77.5704181, 28.5243733], [77.5704006, 28.5243644], [77.5703839, 28.5243586], [77.5703239, 28.5242394], [77.5701666, 28.5242626], [77.5701438, 28.5242299]]]}}, {"type": "Feature", "id": "way/423056216", "properties": {"access": "private", "highway": "service", "@id": "way/423056216", "@class": "road"}, "geometry": {"type": "LineString", "coordinates": [[77.5709581, 28.5244632], [77.5711575, 28.5243937], [77.5713643, 28.5243196], [77.5717611, 28.5241752], [77.5719847, 28.524092], [77.5720898, 28.5240556], [77.572277, 28.5239911], [77.5725398, 28.5238917], [77.5726533, 28.5238487]]}}, {"type": "Feature", "id": "way/423061820", "properties": {"highway": "tertiary", "@id": "way/423061820", "@class": "road"}, "geometry": {"type": "LineString", "coordinates": [[77.5865084, 28.5136702], [77.5863616, 28.5135733], [77.5862906, 28.5135374], [77.5862014, 28.5134993], [77.5861051, 28.5134772], [77.5860187, 28.5134803], [77.5859277, 28.5134996], [77.5858453, 28.5135122], [77.5857109, 28.5135332], [77.5856229, 28.5135338], [77.5855297, 28.5135166], [77.585415, 28.5134812], [77.5853048, 28.5134301], [77.5851912, 28.5133554], [77.5850535, 28.5132359], [77.5848932, 28.5130923], [77.5846781, 28.512897], [77.5845005, 28.5127425], [77.5843732, 28.5126307], [77.5841786, 28.5124362], [77.5839042, 28.5121603], [77.583714, 28.511946], [77.5835211, 28.5117254], [77.5833163, 28.5114682], [77.583062, 28.5111759], [77.5829873, 28.5110893], [77.5829011, 28.5110034], [77.5828205, 28.5109287], [77.5826815, 28.5108357], [77.5826295, 28.5108209], [77.5825446, 28.5108015], [77.5824588, 28.5107889], [77.5823782, 28.5107822], [77.582228, 28.5107868], [77.5818869, 28.5108258], [77.5812637, 28.5109015], [77.580883, 28.5109533], [77.580739, 28.5109836], [77.5806644, 28.5110148], [77.5803163, 28.5111946], [77.5801325, 28.5112864], [77.5800052, 28.511356], [77.5798971, 28.5113948], [77.5798084, 28.5114077], [77.5796852, 28.5113946], [77.5795247, 28.5113757], [77.5793439, 28.5113562], [77.5791398, 28.5113171], [77.5789213, 28.5112668], [77.5788208, 28.5112346], [77.578681, 28.511217], [77.5785571, 28.5112099], [77.5783106, 28.5112067], [77.578169, 28.5112011], [77.5779504, 28.511202], [77.5777305, 28.5112081], [77.5775916, 28.5112243], [77.577412, 28.5112623], [77.5770441, 28.5113489], [77.5768335, 28.5114033], [77.5767283, 28.511452], [77.5766296, 28.5114994], [77.5763324, 28.5116759], [77.576062, 28.5118344], [77.5757674, 28.5119733], [77.5755922, 28.5120504], [77.5753612, 28.5121437], [77.5749039, 28.5123273], [77.5745661, 28.5124557], [77.5741639, 28.5126303], [77.5729078, 28.5130263], [77.572134, 28.5133108], [77.5720361, 28.5133379], [77.5719612, 28.5133513], [77.5719035, 28.5133513], [77.5718367, 28.5133426], [77.5717609, 28.5133141], [77.5716971, 28.5132745], [77.5712551, 28.5129112], [77.5712344, 28.5128942], [77.571085, 28.5127726], [77.5709598, 28.5126735], [77.5708714, 28.5126227], [77.5707375, 28.5125638], [77.5705988, 28.5125354], [77.5704961, 28.512513], [77.5704006, 28.5124913], [77.5703427, 28.5124639], [77.5703062, 28.5124206], [77.5702697, 28.5123555], [77.5702095, 28.5121825], [77.5701528, 28.5119985], [77.5701012, 28.5117661], [77.5699995, 28.5112724], [77.5700037, 28.5111587], [77.5699988, 28.5110397], [77.5699497, 28.5106486], [77.5698843, 28.5101489], [77.5698795, 28.5099628], [77.5698831, 28.5098164], [77.569894, 28.5097005], [77.5699125, 28.5095579], [77.5699286, 28.5094913], [77.5699484, 28.509442], [77.5699757, 28.5093785], [77.5700171, 28.5093068], [77.5700383, 28.5092589], [77.5700379, 28.5092226], [77.5700268, 28.5091903], [77.5700045, 28.5091691], [77.5699619, 28.5091359], [77.569896, 28.5090871], [77.5698135, 28.5090194], [77.5697538, 28.5089581], [77.5696787, 28.5088664], [77.5696152, 28.5087807], [77.5695523, 28.5086954], [77.5694422, 28.5085401], [77.5690768, 28.5080172], [77.5687824, 28.5076365], [77.5683719, 28.5070966]]}}, {"type": "Feature", "id": "way/423061828", "properties": {"highway": "residential", "@id": "way/423061828", "@class": "road"}, "geometry": {"type": "LineString", "coordinates": [[77.5650498, 28.5325218], [77.5652628, 28.5323967], [77.5659979, 28.5319474], [77.5668607, 28.53149], [77.5670374, 28.531412], [77.5692956, 28.5335474], [77.5696968, 28.5339526], [77.5705933, 28.5348275]]}}, {"type": "Feature", "id": "way/423061840", "properties": {"highway": "residential", "@id": "way/423061840", "@class": "road"}, "geometry": {"type": "LineString", "coordinates": [[77.5654231, 28.5325982], [77.5661197, 28.5321718]]}}, {"type": "Feature", "id": "way/423061843", "properties": {"highway": "residential", "@id": "way/423061843", "@class": "road"}, "geometry": {"type": "LineString", "coordinates": [[77.5634173, 28.5298084], [77.563482, 28.529767], [77.5635118, 28.5297549], [77.5635434, 28.529754], [77.5635753, 28.5297662], [77.5636907, 28.529851], [77.5638859, 28.5299964], [77.5640657, 28.5301074], [77.5640974, 28.5301203], [77.5641311, 28.5301261], [77.5641905, 28.5301233], [77.5644091, 28.530094], [77.5645047, 28.5300939], [77.5645449, 28.5301032], [77.5645851, 28.5301232], [77.5647435, 28.5302473], [77.5648611, 28.5303658], [77.5655338, 28.5311785], [77.5656736, 28.5313845], [77.5659979, 28.5319474], [77.5661197, 28.5321718], [77.5662677, 28.53243], [77.5665157, 28.5327801], [77.5669476, 28.5333241], [77.5673417, 28.5337653], [77.5673535, 28.5337906], [77.5673569, 28.5338298], [77.5673414, 28.5338603], [77.5672551, 28.5339435], [77.5671688, 28.5340287], [77.5671387, 28.5340685], [77.5671198, 28.5341141], [77.5671126, 28.5341821], [77.5671191, 28.5342504], [77.5671623, 28.534334], [77.5672046, 28.5344254], [77.5672375, 28.5345086], [77.5672679, 28.5346256], [77.5672784, 28.5346698], [77.5673077, 28.5347962], [77.5673386, 28.5349019], [77.567384, 28.5350468], [77.5674293, 28.5351507], [77.5675043, 28.5353151], [77.567585, 28.5354705], [77.5676686, 28.5356122], [77.5677982, 28.5358145], [77.5678606, 28.5359116], [77.5679231, 28.5360248], [77.5680129, 28.5361465], [77.5680966, 28.536252], [77.5681755, 28.536341], [77.5681921, 28.5363597], [77.5682849, 28.5364276], [77.5683596, 28.5364635], [77.5684281, 28.5364885], [77.5686021, 28.5365494], [77.5688607, 28.5366603]]}}, {"type": "Feature", "id": "way/423061847", "properties": {"highway": "residential", "@id": "way/423061847", "@class": "road"}, "geometry": {"type": "LineString", "coordinates": [[77.5652628, 28.5323967], [77.5654231, 28.5325982], [77.5655733, 28.5327799]]}}, {"type": "Feature", "id": "way/423061850", "properties": {"highway": "track", "surface": "unpaved", "@id": "way/423061850", "@class": "path"}, "geometry": {"type": "LineString", "coordinates": [[77.5639001, 28.5205191], [77.5665693, 28.5199027], [77.5710921, 28.5189344], [77.571996, 28.5187506], [77.5721714, 28.51868], [77.5722724, 28.5186086], [77.5724518, 28.5184196], [77.5728759, 28.5179657], [77.5729713, 28.5178601], [77.5731073, 28.5176694], [77.5735681, 28.5171916], [77.5737092, 28.5170315], [77.5748046, 28.5158302], [77.5748219, 28.5157823], [77.5748407, 28.5157391], [77.5748456, 28.515701], [77.5748205, 28.5156611], [77.5747531, 28.5156029], [77.5744538, 28.5153951], [77.574189, 28.5151678], [77.5741115, 28.5151028], [77.5739524, 28.5149155], [77.5739226, 28.5148941], [77.5738912, 28.5148845], [77.5738391, 28.5148915], [77.5738017, 28.5148821], [77.5737634, 28.5148628], [77.573726, 28.5148319], [77.5735702, 28.5146846], [77.5731024, 28.5143237], [77.5725275, 28.5138961], [77.5720168, 28.5134919], [77.5718367, 28.5133426]]}}, {"type": "Feature", "id": "way/423061861", "properties": {"highway": "residential", "@id": "way/423061861", "@class": "road"}, "geometry": {"type": "LineString", "coordinates": [[77.5657805, 28.5299363], [77.5659783, 28.5297883], [77.56618, 28.5296816], [77.5663945, 28.5295748], [77.5665454, 28.5295194], [77.5670053, 28.5293802], [77.5673926, 28.5292091], [77.5676186, 28.5291134], [77.5678083, 28.5290571], [77.5680082, 28.5289997]]}}, {"type": "Feature", "id": "way/423070582", "properties": {"highway": "track", "@id": "way/423070582", "@class": "path"}, "geometry": {"type": "LineString", "coordinates": [[77.5789213, 28.5112668], [77.5748205, 28.5156611]]}}, {"type": "Feature", "id": "way/423398869", "properties": {"highway": "track", "surface": "unpaved", "@id": "way/423398869", "@class": "path"}, "geometry": {"type": "LineString", "coordinates": [[77.5738391, 28.5148915], [77.5738362, 28.5147747], [77.5738171, 28.5147198], [77.5737686, 28.5146435], [77.5736448, 28.5144837], [77.5735976, 28.514431], [77.5735695, 28.5143907], [77.5735746, 28.5143526], [77.5736027, 28.5143167], [77.5736844, 28.5142606], [77.5742534, 28.5138907], [77.5742866, 28.5138525], [77.5743032, 28.5138167], [77.5743083, 28.5137718], [77.5743032, 28.5137079], [77.5742655, 28.5134236], [77.5741639, 28.5126303]]}}, {"type": "Feature", "id": "way/432385375", "properties": {"access": "private", "highway": "service", "@id": "way/432385375", "@class": "road"}, "geometry": {"type": "LineString", "coordinates": [[77.5742811, 28.5204765], [77.5736125, 28.5189861]]}}, {"type": "Feature", "id": "way/432385376", "properties": {"access": "private", "highway": "service", "@id": "way/432385376", "@class": "road"}, "geometry": {"type": "LineString", "coordinates": [[77.5704542, 28.5218126], [77.570145, 28.5211378], [77.5700201, 28.5208246], [77.5700131, 28.5208146], [77.5700005, 28.5208013], [77.5699916, 28.5207982], [77.5699755, 28.5207965], [77.5699464, 28.5207974], [77.5698723, 28.5208086], [77.5694472, 28.5209588], [77.5691154, 28.521074], [77.5691007, 28.5210885], [77.569091, 28.5211055], [77.5690886, 28.5211284], [77.5690957, 28.5211555], [77.5694681, 28.5218917], [77.5695016, 28.5220354]]}}, {"type": "Feature", "id": "way/432385377", "properties": {"access": "private", "highway": "service", "@id": "way/432385377", "@class": "road"}, "geometry": {"type": "LineString", "coordinates": [[77.5726533, 28.5238487], [77.5725994, 28.5243292], [77.5725859, 28.5244183], [77.5725649, 28.5245562], [77.5725143, 28.5248488], [77.5725267, 28.5249728], [77.5725765, 28.5251417], [77.5725974, 28.5251801], [77.5726266, 28.525234]]}}, {"type": "Feature", "id": "way/432385378", "properties": {"access": "private", "highway": "service", "@id": "way/432385378", "@class": "road"}, "geometry": {"type": "LineString", "coordinates": [[77.5710837, 28.5245339], [77.5711575, 28.5243937]]}}, {"type": "Feature", "id": "way/454615132", "properties": {"highway": "footway", "@id": "way/454615132", "@class": "path"}, "geometry": {"type": "LineString", "coordinates": [[77.5770538, 28.525333], [77.576824, 28.5255446], [77.5762134, 28.5261069]]}}, {"type": "Feature", "id": "way/454615133", "properties": {"landuse": "grass", "@id": "way/454615133", "@class": "landuse"}, "geometry": {"type": "Polygon", "coordinates": [[[77.576454, 28.5281593], [77.5757587, 28.5266382], [77.5759365, 28.5267551], [77.5760941, 28.526842], [77.5762665, 28.5269352], [77.5764215, 28.5270033], [77.5765678, 28.5270516], [77.5766105, 28.527084], [77.576454, 28.5281593]]]}}, {"type": "Feature", "id": "way/454615134", "properties": {"building": "university", "building:levels": "3", "@id": "way/454615134", "@class": "building", "render_height": 9.6, "render_min_height": 0.0, "height_source": "levels"}, "geometry": {"type": "Polygon", "coordinates": [[[77.5760263, 28.526043], [77.5760892, 28.5261076], [77.5761504, 28.5261607], [77.5762018, 28.5262042], [77.5762666, 28.5262514], [77.5763206, 28.5261913], [77.5762585, 28.5261489], [77.5762134, 28.5261069], [77.5761671, 28.5260666], [77.5761022, 28.5259863], [77.5760263, 28.526043]]]}}, {"type": "Feature", "id": "way/454615135", "properties": {"highway": "footway", "@id": "way/454615135", "@class": "path"}, "geometry": {"type": "LineString", "coordinates": [[77.5762544, 28.5268845], [77.5762761, 28.5268599], [77.5764355, 28.5266787], [77.5765078, 28.5265965], [77.5765257, 28.5265759], [77.5765356, 28.5265655], [77.5765475, 28.5265641], [77.5765713, 28.5265683], [77.5767673, 28.5266429], [77.5767933, 28.5266543], [77.5768054, 28.5266618], [77.5768093, 28.5266711], [77.5768073, 28.5266948], [77.5767903, 28.5268133], [77.5767586, 28.5270347], [77.5767527, 28.5270758]]}}, {"type": "Feature", "id": "way/454615136", "properties": {"highway": "pedestrian", "@id": "way/454615136", "@class": "path"}, "geometry": {"type": "LineString", "coordinates": [[77.5749749, 28.5252009], [77.5748121, 28.5252553], [77.5742509, 28.525443], [77.5741226, 28.5254862], [77.5739746, 28.5255356], [77.5739155, 28.5255554]]}}, {"type": "Feature", "id": "way/454615137", "properties": {"highway": "pedestrian", "@id": "way/454615137", "@class": "path"}, "geometry": {"type": "LineString", "coordinates": [[77.5747688, 28.5274722], [77.5748402, 28.5274475], [77.5749867, 28.5273968], [77.5750999, 28.5273576], [77.5755612, 28.5271979], [77.5756756, 28.5271583], [77.5758893, 28.5270843]]}}, {"type": "Feature", "id": "way/454615138", "properties": {"addr:city": "Greater Noida, GB Nagar", "addr:housenumber": "Sport Complex", "addr:postcode": "201314", "addr:street": "Shiv Nadar University Road", "building": "yes", "fee": "no", "leisure": "sports_centre", "name": "Indoor Sports Complex", "sport": "basketball;badminton;running;Gym", "@id": "way/454615138", "@class": "building", "render_height": 6.4, "render_min_height": 0.0, "height_source": "default"}, "geometry": {"type": "Polygon", "coordinates": [[[77.5705073, 28.5217435], [77.5714774, 28.5213964], [77.5712078, 28.5208145], [77.5702377, 28.5211615], [77.5705073, 28.5217435]]]}}, {"type": "Feature", "id": "way/454615139", "properties": {"access": "private", "highway": "service", "@id": "way/454615139", "@class": "road"}, "geometry": {"type": "LineString", "coordinates": [[77.570145, 28.5211378], [77.5712291, 28.520722]]}}, {"type": "Feature", "id": "way/454615140", "properties": {"leisure": "pitch", "name": "Volleyball Court", "sport": "volleyball", "surface": "sand", "@id": "way/454615140", "@class": "sport"}, "geometry": {"type": "Polygon", "coordinates": [[[77.5715933, 28.5245925], [77.5718896, 28.5244959], [77.5717894, 28.5242588], [77.5714932, 28.5243554], [77.5715933, 28.5245925]]]}}, {"type": "Feature", "id": "way/454615141", "properties": {"aeroway": "helipad", "@id": "way/454615141", "@class": "other"}, "geometry": {"type": "Polygon", "coordinates": [[[77.5747085, 28.5298643], [77.5747114, 28.5299151], [77.5746955, 28.529964], [77.5746626, 28.5300058], [77.5746161, 28.530036], [77.574561, 28.5300516], [77.5745032, 28.5300507], [77.5744487, 28.5300335], [77.5744027, 28.530001], [77.5743714, 28.5299572], [77.5743582, 28.5299067], [77.5743645, 28.5298552], [77.5743896, 28.5298084], [77.5744309, 28.5297714], [77.574449, 28.5297635], [77.5744837, 28.5297483], [77.5745422, 28.5297417], [77.5745999, 28.5297523], [77.5746496, 28.5297784], [77.5746871, 28.5298171], [77.5747085, 28.5298643]]]}}, {"type": "Feature", "id": "way/454633867", "properties": {"access": "private", "highway": "service", "junction": "roundabout", "@id": "way/454633867", "@class": "road"}, "geometry": {"type": "LineString", "coordinates": [[77.5695876, 28.5221218], [77.5695881, 28.5220997], [77.569581, 28.5220784], [77.5695671, 28.52206], [77.5695477, 28.5220458], [77.5695244, 28.5220374], [77.5695016, 28.5220354], [77.5694746, 28.5220401], [77.5694526, 28.5220508], [77.5694351, 28.5220668], [77.5694239, 28.5220866], [77.5694197, 28.5221084], [77.5694231, 28.5221303], [77.5694336, 28.5221504], [77.5694505, 28.5221669], [77.5694722, 28.5221783], [77.5694966, 28.5221835], [77.5695217, 28.5221822], [77.5695453, 28.5221745], [77.5695653, 28.5221609], [77.5695798, 28.5221428], [77.5695876, 28.5221218]]}}, {"type": "Feature", "id": "way/454633868", "properties": {"highway": "footway", "@id": "way/454633868", "@class": "path"}, "geometry": {"type": "LineString", "coordinates": [[77.5761504, 28.5261607], [77.5757545, 28.5265166], [77.5757145, 28.5265537]]}}, {"type": "Feature", "id": "way/547215900", "properties": {"access": "private", "highway": "service", "@id": "way/547215900", "@class": "road"}, "geometry": {"type": "LineString", "coordinates": [[77.5726533, 28.5238487], [77.5726501, 28.5238025], [77.5726389, 28.5237249], [77.5725905, 28.5236078], [77.572537, 28.5234824], [77.5725295, 28.5234428], [77.572538, 28.5234305], [77.5725554, 28.5233985], [77.5728612, 28.5229227], [77.5729127, 28.5228433], [77.5729749, 28.5227545], [77.5731702, 28.5224766], [77.5732012, 28.5224325], [77.573245, 28.5223703], [77.5732846, 28.5223308], [77.5733395, 28.5223114], [77.5734871, 28.5223368], [77.5736372, 28.5223857], [77.5737441, 28.5224366], [77.573813, 28.5224852], [77.5738571, 28.5225367], [77.5739012, 28.5226239], [77.5740605, 28.5229723], [77.574158, 28.5230972], [77.5742216, 28.5231612], [77.5742152, 28.52319], [77.5742058, 28.5232372]]}}, {"type": "Feature", "id": "way/547215901", "properties": {"access": "private", "highway": "service", "@id": "way/547215901", "@class": "road"}, "geometry": {"type": "LineString", "coordinates": [[77.5732012, 28.5224325], [77.5731733, 28.5223617], [77.5731418, 28.522306], [77.5730959, 28.5222769], [77.5730274, 28.5222544], [77.5729756, 28.5222567], [77.5729375, 28.5222699], [77.5728786, 28.5223089], [77.5728034, 28.5223487], [77.5726549, 28.5224063], [77.5724944, 28.5224196], [77.5723309, 28.5223933], [77.5722418, 28.5223501], [77.5721861, 28.5223231], [77.5720533, 28.5222311], [77.5720339, 28.522209], [77.5719631, 28.5221281], [77.5719065, 28.5219957], [77.5718413, 28.5218839], [77.5717967, 28.5218226], [77.571743, 28.5217604], [77.5716826, 28.5217059], [77.5716045, 28.5216324], [77.5715628, 28.5215836], [77.5715361, 28.5215441]]}}, {"type": "Feature", "id": "way/547215905", "properties": {"leisure": "pitch", "name": "Tennis Courts", "sport": "tennis", "surface": "concrete", "@id": "way/547215905", "@class": "sport"}, "geometry": {"type": "Polygon", "coordinates": [[[77.5713154, 28.5242513], [77.5716912, 28.5241225], [77.5715568, 28.5238257], [77.5711809, 28.5239544], [77.5713154, 28.5242513]]]}}, {"type": "Feature", "id": "way/547215907", "properties": {"highway": "footway", "@id": "way/547215907", "@class": "path"}, "geometry": {"type": "LineString", "coordinates": [[77.5712466, 28.524974], [77.5711571, 28.5250049], [77.5711219, 28.5250303], [77.5711004, 28.5250611], [77.5710867, 28.5250833], [77.5710803, 28.5250935], [77.5710537, 28.5251202], [77.5710103, 28.5251394], [77.5709797, 28.5251396], [77.5709476, 28.5251405], [77.5709129, 28.5251556], [77.5708929, 28.525165], [77.5708759, 28.525173], [77.5708162, 28.5251832], [77.5707893, 28.5251835], [77.5707626, 28.5251837], [77.5707102, 28.5251764], [77.570687, 28.5251658]]}}, {"type": "Feature", "id": "way/547215908", "properties": {"highway": "footway", "@id": "way/547215908", "@class": "path"}, "geometry": {"type": "LineString", "coordinates": [[77.5708929, 28.525165], [77.5708851, 28.5251466], [77.570875, 28.5251229], [77.5708627, 28.5251067], [77.5708481, 28.5250945], [77.5708296, 28.5250735], [77.5708111, 28.5250478], [77.5707988, 28.5250282], [77.5707965, 28.5250058], [77.5708011, 28.524993], [77.5707996, 28.524972], [77.5707826, 28.5249476], [77.5707564, 28.5249314]]}}, {"type": "Feature", "id": "way/547215909", "properties": {"highway": "footway", "@id": "way/547215909", "@class": "path"}, "geometry": {"type": "LineString", "coordinates": [[77.5708111, 28.5250478], [77.5708311, 28.5250268], [77.5708442, 28.5250045], [77.5708473, 28.5249788], [77.5708412, 28.5249524], [77.5708257, 28.5249321], [77.5708042, 28.5249077]]}}, {"type": "Feature", "id": "way/547215910", "properties": {"highway": "footway", "@id": "way/547215910", "@class": "path"}, "geometry": {"type": "LineString", "coordinates": [[77.5708042, 28.5249077], [77.5708381, 28.5249138], [77.5708689, 28.5249185], [77.5709035, 28.5249165], [77.570949, 28.5248996], [77.5710021, 28.5248745], [77.5710507, 28.5248542], [77.5710961, 28.5248333], [77.5711696, 28.524808]]}}, {"type": "Feature", "id": "way/547215911", "properties": {"highway": "footway", "@id": "way/547215911", "@class": "path"}, "geometry": {"type": "LineString", "coordinates": [[77.5709476, 28.5251405], [77.5709571, 28.5251141], [77.5709671, 28.5250911], [77.5709902, 28.5250708], [77.5710195, 28.5250627], [77.5710565, 28.5250667], [77.5710867, 28.5250833]]}}, {"type": "Feature", "id": "way/547215912", "properties": {"highway": "footway", "@id": "way/547215912", "@class": "path"}, "geometry": {"type": "LineString", "coordinates": [[77.5705857, 28.5250554], [77.5704685, 28.5250338], [77.570338, 28.5249855], [77.5702241, 28.5249183], [77.5701467, 28.5248247], [77.5700845, 28.5246965], [77.5700388, 28.5245772], [77.5699615, 28.5246027], [77.5698938, 28.5246271]]}}, {"type": "Feature", "id": "way/547215914", "properties": {"highway": "footway", "@id": "way/547215914", "@class": "path"}, "geometry": {"type": "LineString", "coordinates": [[77.5706072, 28.5251145], [77.5705857, 28.5250554], [77.5705819, 28.5250142], [77.5706212, 28.5249696], [77.5706732, 28.5249362], [77.570724, 28.5249172], [77.5707564, 28.5249314]]}}, {"type": "Feature", "id": "way/547215915", "properties": {"highway": "footway", "@id": "way/547215915", "@class": "path"}, "geometry": {"type": "LineString", "coordinates": [[77.5742668, 28.5263763], [77.5743427, 28.5263486], [77.5744886, 28.5262956], [77.5746007, 28.526255], [77.5750416, 28.5260947], [77.5750543, 28.5260901], [77.5751755, 28.526046], [77.5752698, 28.5260106]]}}, {"type": "Feature", "id": "way/547215916", "properties": {"access": "private", "highway": "service", "@id": "way/547215916", "@class": "road"}, "geometry": {"type": "LineString", "coordinates": [[77.5716296, 28.5255895], [77.5715983, 28.5255286], [77.5715329, 28.5254011], [77.571499, 28.5253613], [77.5714617, 28.5253367], [77.5714219, 28.5253255], [77.5713953, 28.5253058], [77.5713811, 28.5252756], [77.5713486, 28.5251938], [77.5712466, 28.524974], [77.5711696, 28.524808], [77.5710837, 28.5245339]]}}, {"type": "Feature", "id": "way/547215917", "properties": {"access": "private", "highway": "service", "@id": "way/547215917", "@class": "road"}, "geometry": {"type": "LineString", "coordinates": [[77.5736042, 28.5248899], [77.5735405, 28.5249139], [77.5726929, 28.5252108], [77.5726266, 28.525234], [77.571696, 28.5255658], [77.5716296, 28.5255895], [77.5715964, 28.5256012], [77.570515, 28.5259823]]}}, {"type": "Feature", "id": "way/547215918", "properties": {"highway": "footway", "@id": "way/547215918", "@class": "path"}, "geometry": {"type": "LineString", "coordinates": [[77.572277, 28.5239911], [77.5722587, 28.5240892], [77.5722295, 28.5241572], [77.572194, 28.5241984], [77.5721483, 28.5242185], [77.5720925, 28.5242297], [77.5720582, 28.5242464], [77.5720176, 28.5242832], [77.5719935, 28.5243333], [77.5719948, 28.5243891], [77.5720189, 28.5244415], [77.5720646, 28.5244816], [77.5721229, 28.5245095], [77.5721648, 28.5245485], [77.5721775, 28.5245908], [77.5721877, 28.5246566], [77.5722003, 28.5247335], [77.5722194, 28.5247815], [77.5722536, 28.5248127], [77.5723209, 28.5248417], [77.5723564, 28.5248773], [77.5723822, 28.5249308], [77.5724073, 28.5249905], [77.5724238, 28.5250645]]}}, {"type": "Feature", "id": "way/547215919", "properties": {"highway": "footway", "@id": "way/547215919", "@class": "path"}, "geometry": {"type": "LineString", "coordinates": [[77.5717611, 28.5241752], [77.5719305, 28.5245467], [77.5720364, 28.5247882], [77.5721713, 28.5248936], [77.5722488, 28.5249541], [77.5724238, 28.5250645], [77.5725765, 28.5251417]]}}, {"type": "Feature", "id": "way/547215920", "properties": {"highway": "footway", "@id": "way/547215920", "@class": "path"}, "geometry": {"type": "LineString", "coordinates": [[77.5713486, 28.5251938], [77.5714826, 28.5252528], [77.5715495, 28.5252748], [77.5716018, 28.5252711], [77.5716331, 28.5252418], [77.5718323, 28.5247763], [77.5719305, 28.5245467]]}}, {"type": "Feature", "id": "way/547215921", "properties": {"highway": "footway", "@id": "way/547215921", "@class": "path"}, "geometry": {"type": "LineString", "coordinates": [[77.571677, 28.5248341], [77.5717836, 28.5247901], [77.5718323, 28.5247763], [77.5718943, 28.5247625], [77.5719382, 28.5247607], [77.5719926, 28.5247754], [77.5720364, 28.5247882]]}}, {"type": "Feature", "id": "way/547215922", "properties": {"highway": "footway", "@id": "way/547215922", "@class": "path"}, "geometry": {"type": "LineString", "coordinates": [[77.5725994, 28.5243292], [77.5727889, 28.5243516]]}}, {"type": "Feature", "id": "way/547215923", "properties": {"highway": "footway", "@id": "way/547215923", "@class": "path"}, "geometry": {"type": "LineString", "coordinates": [[77.5731459, 28.5238593], [77.5732404, 28.5236757], [77.5732769, 28.5235718], [77.573301, 28.5235234], [77.5733475, 28.5235083], [77.5734146, 28.5235007], [77.5734697, 28.5234795], [77.5735127, 28.523419], [77.5735351, 28.5233767], [77.5735385, 28.5233298], [77.5735286, 28.5232878]]}}, {"type": "Feature", "id": "way/547215924", "properties": {"access": "private", "highway": "footway", "@id": "way/547215924", "@class": "path"}, "geometry": {"type": "LineString", "coordinates": [[77.5726533, 28.5238487], [77.5728034, 28.5238165], [77.5729552, 28.5238236], [77.5731286, 28.5238457], [77.5731459, 28.5238593], [77.573178, 28.5238846], [77.5732041, 28.5239422], [77.5731979, 28.5240187], [77.5732046, 28.5240551], [77.5732382, 28.5240896], [77.5733287, 28.5241212], [77.5734597, 28.524167], [77.5735395, 28.5241941], [77.573643, 28.5242283]]}}, {"type": "Feature", "id": "way/547215929", "properties": {"access": "private", "highway": "service", "oneway": "yes", "@id": "way/547215929", "@class": "road"}, "geometry": {"type": "LineString", "coordinates": [[77.5736611, 28.5245963], [77.5736937, 28.5245347], [77.5737323, 28.5243062], [77.5737751, 28.5241386], [77.5737927, 28.5240466], [77.5739096, 28.5237866], [77.5740602, 28.5235342], [77.5741722, 28.5233716], [77.5742186, 28.5233271], [77.5742288, 28.5233058], [77.5742332, 28.5232824], [77.5742277, 28.5232575], [77.5742134, 28.523243], [77.5742058, 28.5232372], [77.5741623, 28.5232329], [77.5741357, 28.5232402], [77.5741161, 28.5232556], [77.5741027, 28.5232809], [77.5740908, 28.5233335], [77.5740387, 28.5234178], [77.5739799, 28.5235113], [77.5739131, 28.5236158], [77.5738431, 28.5237541], [77.5737379, 28.524035], [77.5736885, 28.5242392], [77.5736541, 28.5244232], [77.573649, 28.5245003], [77.5736505, 28.5245294], [77.5736611, 28.5245963]]}}, {"type": "Feature", "id": "way/547215931", "properties": {"highway": "footway", "@id": "way/547215931", "@class": "path"}, "geometry": {"type": "LineString", "coordinates": [[77.5731901, 28.5231619], [77.5731292, 28.5231279], [77.5731038, 28.5230968], [77.5730792, 28.5230592], [77.5730501, 28.5230232], [77.5730192, 28.5230017], [77.5729528, 28.5229665], [77.5728827, 28.5229337], [77.5728612, 28.5229227]]}}, {"type": "Feature", "id": "way/547215933", "properties": {"highway": "footway", "@id": "way/547215933", "@class": "path"}, "geometry": {"type": "LineString", "coordinates": [[77.5730192, 28.5230017], [77.5731333, 28.522836]]}}, {"type": "Feature", "id": "way/547215934", "properties": {"highway": "footway", "@id": "way/547215934", "@class": "path"}, "geometry": {"type": "LineString", "coordinates": [[77.5729749, 28.5227545], [77.573021, 28.5227762], [77.5730803, 28.522807], [77.5731333, 28.522836], [77.5731802, 28.5228426], [77.5732393, 28.5228378], [77.5732902, 28.5228434], [77.5733421, 28.5228546], [77.5733784, 28.5228689], [77.5734152, 28.5228901], [77.5734421, 28.5229118], [77.5734662, 28.5229387], [77.573492, 28.5229738], [77.5735533, 28.5230245], [77.5737885, 28.5231405], [77.5740667, 28.523295]]}}, {"type": "Feature", "id": "way/547215935", "properties": {"highway": "footway", "@id": "way/547215935", "@class": "path"}, "geometry": {"type": "LineString", "coordinates": [[77.5731702, 28.5224766], [77.5731544, 28.522434], [77.5731345, 28.5223936], [77.5731065, 28.5223582], [77.5730651, 28.5223304], [77.5730321, 28.5223161], [77.5729798, 28.5223119], [77.5729299, 28.5223199], [77.5728753, 28.5223442], [77.5728266, 28.5223839], [77.5727826, 28.5224215], [77.5727379, 28.5224584], [77.572703, 28.5224843], [77.572683, 28.5224945], [77.5726602, 28.5225017], [77.5726199, 28.5225021], [77.5725617, 28.5224935], [77.5725046, 28.5224966], [77.5724595, 28.5225092], [77.5724064, 28.5225092], [77.5723601, 28.5224991], [77.5723197, 28.5224771], [77.5722675, 28.5224476], [77.5722093, 28.5224291], [77.5721584, 28.5224211], [77.5721062, 28.5224015], [77.5720599, 28.5223797], [77.5720149, 28.5223356], [77.5719823, 28.5223006], [77.571955, 28.5222623], [77.5719419, 28.5222439], [77.5719171, 28.5221986], [77.5719014, 28.5221385], [77.5718956, 28.5220949], [77.5718845, 28.5220502], [77.5718545, 28.5219958], [77.5718003, 28.5219184], [77.5717612, 28.521876], [77.5716934, 28.5218015], [77.5716295, 28.5217121], [77.5715832, 28.5216554], [77.5715466, 28.5216193], [77.5715016, 28.5215395]]}}, {"type": "Feature", "id": "way/547215936", "properties": {"highway": "footway", "@id": "way/547215936", "@class": "path"}, "geometry": {"type": "LineString", "coordinates": [[77.571955, 28.5222623], [77.5720339, 28.522209]]}}, {"type": "Feature", "id": "way/547215937", "properties": {"highway": "footway", "@id": "way/547215937", "@class": "path"}, "geometry": {"type": "LineString", "coordinates": [[77.5722093, 28.5224291], [77.5722418, 28.5223501]]}}, {"type": "Feature", "id": "way/547215938", "properties": {"highway": "footway", "@id": "way/547215938", "@class": "path"}, "geometry": {"type": "LineString", "coordinates": [[77.572683, 28.5224945], [77.5726549, 28.5224063]]}}, {"type": "Feature", "id": "way/547215939", "properties": {"highway": "footway", "@id": "way/547215939", "@class": "path"}, "geometry": {"type": "LineString", "coordinates": [[77.5730651, 28.5223304], [77.5730959, 28.5222769]]}}, {"type": "Feature", "id": "way/547215940", "properties": {"highway": "footway", "@id": "way/547215940", "@class": "path"}, "geometry": {"type": "LineString", "coordinates": [[77.5720599, 28.5223797], [77.5720701, 28.5224265], [77.5720864, 28.5224919], [77.5720884, 28.5225276], [77.5720897, 28.5225509], [77.5720818, 28.5226168], [77.5720681, 28.5226632], [77.5720283, 28.5227251], [77.5720192, 28.522775], [77.5720199, 28.5228122], [77.5720414, 28.52285], [77.5720857, 28.5228781], [77.5721184, 28.5228999], [77.5721405, 28.5229285], [77.5721503, 28.5229847], [77.5721588, 28.5230271], [77.5721718, 28.5230649], [77.5722051, 28.5231176], [77.5722312, 28.5231572], [77.5722664, 28.5231858], [77.5723101, 28.5232105], [77.5723376, 28.5232291], [77.5723616, 28.5232368], [77.5724132, 28.5232747], [77.5724405, 28.5233079], [77.5724634, 28.5233486], [77.5724666, 28.5233824], [77.5724662, 28.5233963], [77.572538, 28.5234305]]}}, {"type": "Feature", "id": "way/547215941", "properties": {"highway": "footway", "@id": "way/547215941", "@class": "path"}, "geometry": {"type": "LineString", "coordinates": [[77.5724662, 28.5233963], [77.5724355, 28.5233923], [77.5723976, 28.5233836], [77.5723588, 28.5233717], [77.5723359, 28.5233471], [77.5723279, 28.5233224], [77.5723274, 28.5232928], [77.5723279, 28.5232497], [77.5723376, 28.5232291]]}}, {"type": "Feature", "id": "way/547215942", "properties": {"highway": "footway", "@id": "way/547215942", "@class": "path"}, "geometry": {"type": "LineString", "coordinates": [[77.5720884, 28.5225276], [77.572102, 28.5224931], [77.5721244, 28.5224599], [77.5721584, 28.5224211]]}}, {"type": "Feature", "id": "way/547215943", "properties": {"access": "private", "highway": "service", "@id": "way/547215943", "@class": "road"}, "geometry": {"type": "LineString", "coordinates": [[77.5710837, 28.5245339], [77.5709581, 28.5244632]]}}, {"type": "Feature", "id": "way/547215944", "properties": {"highway": "footway", "@id": "way/547215944", "@class": "path"}, "geometry": {"type": "LineString", "coordinates": [[77.573648, 28.523818], [77.5737114, 28.5238401]]}}, {"type": "Feature", "id": "way/547215945", "properties": {"highway": "footway", "@id": "way/547215945", "@class": "path"}, "geometry": {"type": "LineString", "coordinates": [[77.5733674, 28.5243913], [77.5734017, 28.5243605], [77.5734831, 28.5242651], [77.5735172, 28.5242222], [77.5735395, 28.5241941], [77.5736127, 28.5240569], [77.573667, 28.5239366], [77.5737114, 28.5238401], [77.5737374, 28.5237815], [77.5737596, 28.523723], [77.573767, 28.5236742], [77.5737559, 28.5235929], [77.5737435, 28.5235321], [77.5737176, 28.5234758], [77.5736744, 28.5234118], [77.5736473, 28.5233717], [77.5736062, 28.5233281]]}}, {"type": "Feature", "id": "way/547215946", "properties": {"highway": "footway", "@id": "way/547215946", "@class": "path"}, "geometry": {"type": "LineString", "coordinates": [[77.5735172, 28.5242222], [77.5734937, 28.5244053]]}}, {"type": "Feature", "id": "way/547215947", "properties": {"highway": "footway", "@id": "way/547215947", "@class": "path"}, "geometry": {"type": "LineString", "coordinates": [[77.5735101, 28.5248533], [77.5734162, 28.5246241]]}}, {"type": "Feature", "id": "way/547215948", "properties": {"highway": "footway", "@id": "way/547215948", "@class": "path"}, "geometry": {"type": "LineString", "coordinates": [[77.5747508, 28.5274329], [77.5748105, 28.5273819], [77.5749287, 28.5272687], [77.5750218, 28.5271852], [77.575398, 28.5268412], [77.5754913, 28.5267559], [77.575674, 28.5265993]]}}, {"type": "Feature", "id": "way/547215949", "properties": {"highway": "footway", "@id": "way/547215949", "@class": "path"}, "geometry": {"type": "LineString", "coordinates": [[77.5753764, 28.5282586], [77.5753393, 28.5281766], [77.5752821, 28.52805], [77.5752259, 28.5279259], [77.5751691, 28.5278003], [77.575111, 28.5276719], [77.5750542, 28.5275461], [77.5749867, 28.5273968], [77.5749287, 28.5272687], [77.5748692, 28.5271371], [77.5748116, 28.5270097], [77.5747553, 28.5268854], [77.5747089, 28.5267827], [77.574661, 28.5266768], [77.5746038, 28.5265504], [77.5745469, 28.5264245], [77.5744886, 28.5262956], [77.5744277, 28.5261609], [77.574367, 28.5260268], [77.574311, 28.5259028], [77.574253, 28.5257746], [77.5741957, 28.5256479], [77.5741226, 28.5254862], [77.5740038, 28.5252236]]}}, {"type": "Feature", "id": "way/547215950", "properties": {"highway": "footway", "surface": "concrete", "@id": "way/547215950", "@class": "path"}, "geometry": {"type": "LineString", "coordinates": [[77.5740038, 28.5252236], [77.5742509, 28.525443], [77.5750416, 28.5260947]]}}, {"type": "Feature", "id": "way/547215952", "properties": {"leisure": "pitch", "name": "Basketball Courts", "sport": "basketball", "surface": "concrete", "@id": "way/547215952", "@class": "sport"}, "geometry": {"type": "Polygon", "coordinates": [[[77.5708891, 28.5243926], [77.5712918, 28.524253], [77.5711628, 28.5239658], [77.5707601, 28.5241054], [77.5708891, 28.5243926]]]}}, {"type": "Feature", "id": "way/547215953", "properties": {"leisure": "pitch", "name": "Squash Courts", "sport": "squash", "@id": "way/547215953", "@class": "sport"}, "geometry": {"type": "Polygon", "coordinates": [[[77.5717157, 28.5241117], [77.5718787, 28.5240551], [77.5717453, 28.5237583], [77.5715823, 28.5238149], [77.5717157, 28.5241117]]]}}, {"type": "Feature", "id": "way/547215954", "properties": {"highway": "footway", "@id": "way/547215954", "@class": "path"}, "geometry": {"type": "LineString", "coordinates": [[77.5726929, 28.5252108], [77.5727886, 28.5252442], [77.5728503, 28.5252658], [77.5729834, 28.5253047]]}}, {"type": "Feature", "id": "way/547223012", "properties": {"highway": "footway", "@id": "way/547223012", "@class": "path"}, "geometry": {"type": "LineString", "coordinates": [[77.5700388, 28.5245772], [77.5700939, 28.5245595]]}}, {"type": "Feature", "id": "way/547223013", "properties": {"highway": "footway", "@id": "way/547223013", "@class": "path"}, "geometry": {"type": "LineString", "coordinates": [[77.5704645, 28.5244714], [77.5705655, 28.5244412], [77.570647, 28.5244127], [77.5707244, 28.5243971], [77.570811, 28.5243892]]}}, {"type": "Feature", "id": "way/547223014", "properties": {"highway": "footway", "@id": "way/547223014", "@class": "path"}, "geometry": {"type": "LineString", "coordinates": [[77.5732404, 28.5236757], [77.5732952, 28.5236966]]}}, {"type": "Feature", "id": "way/547223015", "properties": {"highway": "footway", "@id": "way/547223015", "@class": "path"}, "geometry": {"type": "LineString", "coordinates": [[77.5728034, 28.5238165], [77.5727352, 28.523798], [77.5726786, 28.5237731], [77.5726389, 28.5237249]]}}, {"type": "Feature", "id": "way/547223016", "properties": {"footway": "sidewalk", "highway": "footway", "@id": "way/547223016", "@class": "path"}, "geometry": {"type": "LineString", "coordinates": [[77.5735101, 28.5248533], [77.5726615, 28.525159], [77.5725974, 28.5251801], [77.57251, 28.5252089], [77.5716666, 28.5255038]]}}, {"type": "Feature", "id": "way/547223017", "properties": {"footway": "sidewalk", "highway": "footway", "surface": "paving_stones", "@id": "way/547223017", "@class": "path"}, "geometry": {"type": "LineString", "coordinates": [[77.5735101, 28.5248533], [77.5735573, 28.5248357], [77.5735783, 28.52464]]}}, {"type": "Feature", "id": "way/547223018", "properties": {"highway": "footway", "@id": "way/547223018", "@class": "path"}, "geometry": {"type": "LineString", "coordinates": [[77.5737114, 28.5238401], [77.5737599, 28.5238562]]}}, {"type": "Feature", "id": "way/547223019", "properties": {"access": "private", "highway": "service", "@id": "way/547223019", "@class": "road"}, "geometry": {"type": "LineString", "coordinates": [[77.5706072, 28.5251145], [77.570409, 28.5251724], [77.5702428, 28.5252269], [77.5701689, 28.5252512]]}}, {"type": "Feature", "id": "way/547223020", "properties": {"highway": "footway", "@id": "way/547223020", "@class": "path"}, "geometry": {"type": "LineString", "coordinates": [[77.5721062, 28.5250403], [77.5721268, 28.5249909], [77.5721612, 28.524923], [77.5721713, 28.5248936]]}}, {"type": "Feature", "id": "way/547223021", "properties": {"highway": "footway", "@id": "way/547223021", "@class": "path"}, "geometry": {"type": "LineString", "coordinates": [[77.5748121, 28.5252553], [77.5748796, 28.5254044], [77.5749367, 28.5255303], [77.5749945, 28.5256582], [77.5750517, 28.5257804], [77.5751151, 28.5259164], [77.5751755, 28.526046], [77.5752345, 28.5261787], [77.5752907, 28.526305], [77.5753467, 28.5264309], [77.5753944, 28.5265383], [77.5754394, 28.5266393], [77.5754913, 28.5267559], [77.5755529, 28.5268906], [77.5756094, 28.5270137], [77.5756756, 28.5271583], [77.5757365, 28.5272937], [77.5757938, 28.5274207], [77.5758521, 28.5275504], [77.5759072, 28.5276728], [77.5759642, 28.527799], [77.5760215, 28.5279261], [77.5760641, 28.5280208]]}}, {"type": "Feature", "id": "way/547223022", "properties": {"highway": "footway", "@id": "way/547223022", "@class": "path"}, "geometry": {"type": "LineString", "coordinates": [[77.5782633, 28.5279667], [77.5780694, 28.5275223], [77.5779593, 28.5272842]]}}, {"type": "Feature", "id": "way/547223023", "properties": {"highway": "footway", "@id": "way/547223023", "@class": "path"}, "geometry": {"type": "LineString", "coordinates": [[77.5780694, 28.5275223], [77.5780019, 28.5275315], [77.577905, 28.527566], [77.5777833, 28.5276083], [77.5777245, 28.5276571], [77.5776903, 28.5277034], [77.5776489, 28.5277566], [77.5776126, 28.527793], [77.5775584, 28.52781]]}}, {"type": "Feature", "id": "way/547223024", "properties": {"highway": "footway", "@id": "way/547223024", "@class": "path"}, "geometry": {"type": "LineString", "coordinates": [[77.5775584, 28.52781], [77.5775392, 28.5278406], [77.5775022, 28.5278633], [77.5774417, 28.5278933], [77.5773672, 28.5279079], [77.5772841, 28.5279065], [77.5772276, 28.5279312], [77.5771913, 28.5279715], [77.5771649, 28.5280235]]}}, {"type": "Feature", "id": "way/547223025", "properties": {"highway": "footway", "@id": "way/547223025", "@class": "path"}, "geometry": {"type": "LineString", "coordinates": [[77.5779593, 28.5272842], [77.5782386, 28.5271827], [77.578627, 28.5270454]]}}, {"type": "Feature", "id": "way/547223026", "properties": {"highway": "footway", "@id": "way/547223026", "@class": "path"}, "geometry": {"type": "LineString", "coordinates": [[77.5782386, 28.5271827], [77.5783386, 28.5272104], [77.578441, 28.5272343], [77.578535, 28.527248], [77.5786489, 28.5272545], [77.5787649, 28.5272545], [77.5788558, 28.5272444], [77.5789875, 28.5272205]]}}, {"type": "Feature", "id": "way/547223027", "properties": {"amenity": "parking", "@id": "way/547223027", "@class": "parking"}, "geometry": {"type": "Polygon", "coordinates": [[[77.577468, 28.5274318], [77.5773484, 28.5271295], [77.5773535, 28.5270301], [77.5781573, 28.5267527], [77.5783139, 28.5271309], [77.577468, 28.5274318]]]}}, {"type": "Feature", "id": "way/547223028", "properties": {"highway": "footway", "@id": "way/547223028", "@class": "path"}, "geometry": {"type": "LineString", "coordinates": [[77.5773941, 28.5282976], [77.5772954, 28.5280877], [77.5772276, 28.5279312], [77.5772098, 28.527844], [77.5772106, 28.5277647], [77.577225, 28.5276826], [77.5772454, 28.527605], [77.577267, 28.5275375], [77.5773082, 28.5275027], [77.5773607, 28.5274912], [77.5774079, 28.5274736]]}}, {"type": "Feature", "id": "way/547223029", "properties": {"highway": "footway", "@id": "way/547223029", "@class": "path"}, "geometry": {"type": "LineString", "coordinates": [[77.5779593, 28.5272842], [77.5774079, 28.5274736]]}}, {"type": "Feature", "id": "way/547223031", "properties": {"highway": "footway", "@id": "way/547223031", "@class": "path"}, "geometry": {"type": "LineString", "coordinates": [[77.5769002, 28.5284546], [77.5767043, 28.5280499], [77.5767885, 28.5280347], [77.5769236, 28.5280529], [77.5770644, 28.5280521], [77.5771356, 28.528022], [77.5771632, 28.5279777], [77.5771833, 28.5279155], [77.5771795, 28.5278336], [77.5771832, 28.5277577], [77.5771941, 28.5276906]]}}, {"type": "Feature", "id": "way/547223032", "properties": {"highway": "footway", "@id": "way/547223032", "@class": "path"}, "geometry": {"type": "LineString", "coordinates": [[77.5741566, 28.5289551], [77.5742502, 28.52887], [77.5742742, 28.528846], [77.5744206, 28.5287279], [77.5745839, 28.5286351], [77.5747567, 28.5285592], [77.5748413, 28.5285381], [77.5749512, 28.5285106], [77.5750904, 28.5285001]]}}, {"type": "Feature", "id": "way/547223033", "properties": {"highway": "footway", "@id": "way/547223033", "@class": "path"}, "geometry": {"type": "LineString", "coordinates": [[77.5742538, 28.5291833], [77.5743512, 28.5291431], [77.5743701, 28.5291389], [77.5744037, 28.5291315], [77.5744634, 28.5291354], [77.5745305, 28.5291315], [77.574599, 28.5291098], [77.5746514, 28.5290803], [77.5747097, 28.5290419], [77.5747636, 28.5290163], [77.5748219, 28.5289984], [77.5748802, 28.5289971], [77.5749415, 28.5290009], [77.5749954, 28.5289932], [77.575058, 28.5289651], [77.5751353, 28.5289267], [77.5751721, 28.5289053], [77.5751994, 28.5288895], [77.5752373, 28.528855], [77.5752282, 28.5288259], [77.5752654, 28.5288112], [77.5752999, 28.5287957]]}}, {"type": "Feature", "id": "way/547223034", "properties": {"footway": "sidewalk", "highway": "footway", "@id": "way/547223034", "@class": "path"}, "geometry": {"type": "LineString", "coordinates": [[77.5753585, 28.5289224], [77.5752999, 28.5287957], [77.5750936, 28.5283569], [77.5747133, 28.5274921], [77.5746921, 28.5274438]]}}, {"type": "Feature", "id": "way/547223035", "properties": {"highway": "footway", "@id": "way/547223035", "@class": "path"}, "geometry": {"type": "LineString", "coordinates": [[77.5751721, 28.5289053], [77.5751506, 28.5288508], [77.5752282, 28.5288259]]}}, {"type": "Feature", "id": "way/547223036", "properties": {"highway": "footway", "@id": "way/547223036", "@class": "path"}, "geometry": {"type": "LineString", "coordinates": [[77.5743701, 28.5291389], [77.5742502, 28.52887], [77.5741664, 28.5286845]]}}, {"type": "Feature", "id": "way/547223037", "properties": {"footway": "sidewalk", "highway": "footway", "@id": "way/547223037", "@class": "path"}, "geometry": {"type": "LineString", "coordinates": [[77.5743413, 28.5293113], [77.5753585, 28.5289224]]}}, {"type": "Feature", "id": "way/547288377", "properties": {"access": "private", "highway": "service", "@id": "way/547288377", "@class": "road"}, "geometry": {"type": "LineString", "coordinates": [[77.5709581, 28.5244632], [77.570811, 28.5243892], [77.5707448, 28.5243539], [77.5706595, 28.5243377], [77.5705807, 28.5243404], [77.5705241, 28.5243029], [77.5704891, 28.5242403], [77.5704544, 28.5241847], [77.5704087, 28.5241621], [77.570343, 28.5241629], [77.5702255, 28.5241822], [77.5699084, 28.5242033], [77.5698033, 28.5242347], [77.5697334, 28.5242556]]}}, {"type": "Feature", "id": "way/547288380", "properties": {"landuse": "construction", "name": "Hostels (under construction)", "@id": "way/547288380", "@class": "landuse"}, "geometry": {"type": "Polygon", "coordinates": [[[77.5718998, 28.5217339], [77.5717307, 28.5216238], [77.5716726, 28.5215222], [77.5727911, 28.5211293], [77.5731769, 28.5217055], [77.5728419, 28.5219701], [77.5729022, 28.5221336], [77.5726583, 28.5222173], [77.5725201, 28.5221981], [77.5723363, 28.522263], [77.5722383, 28.5222661], [77.5721052, 28.5221747], [77.5718998, 28.5217339]]]}}, {"type": "Feature", "id": "way/547288387", "properties": {"highway": "trunk_link", "oneway": "yes", "@id": "way/547288387", "@class": "road"}, "geometry": {"type": "LineString", "coordinates": [[77.5781686, 28.5379258], [77.5782464, 28.5376153], [77.5783277, 28.5372528], [77.5784497, 28.5367796], [77.5786225, 28.5361635], [77.5786484, 28.5360698], [77.578842, 28.5353688], [77.579214, 28.5344364], [77.5797079, 28.5329276], [77.579994, 28.5324541], [77.5802547, 28.53199], [77.580582, 28.5315882], [77.5808727, 28.5312596], [77.5811735, 28.5309703], [77.5817325, 28.5305256], [77.5825416, 28.529947], [77.5829542, 28.529672], [77.5835783, 28.5292023], [77.5837879, 28.5290339], [77.5840664, 28.5287606]]}}, {"type": "Feature", "id": "way/547288389", "properties": {"alt_name": "Ghaziabad - Bulandshahr Road", "highway": "trunk", "motorroad": "no", "name": "Grand Trunk Road", "oneway": "yes", "ref": "NH34;NH334C", "ref:old": "NH91", "source": "Yahoo hires", "@id": "way/547288389", "@class": "road"}, "geometry": {"type": "LineString", "coordinates": [[77.579788, 28.532496], [77.5798444, 28.5323955], [77.5798791, 28.5323276], [77.5799441, 28.532218]]}}, {"type": "Feature", "id": "way/547288393", "properties": {"alt_name": "Ghaziabad - Bulandshahr Road", "highway": "trunk", "motorroad": "no", "name": "Grand Trunk Road", "oneway": "yes", "ref": "NH34;NH334C", "ref:old": "NH91", "source": "Yahoo hires", "@id": "way/547288393", "@class": "road"}, "geometry": {"type": "LineString", "coordinates": [[77.5799441, 28.532218], [77.5804403, 28.5315065], [77.5810058, 28.5309287], [77.5817639, 28.5302982], [77.5832481, 28.5292833], [77.5840664, 28.5287606], [77.5841686, 28.5286891], [77.5849477, 28.5281437], [77.5862093, 28.5273139], [77.587634, 28.5263693], [77.5888877, 28.5255381], [77.5904555, 28.5244987]]}}, {"type": "Feature", "id": "way/547288395", "properties": {"highway": "trunk_link", "oneway": "yes", "@id": "way/547288395", "@class": "road"}, "geometry": {"type": "LineString", "coordinates": [[77.5834492, 28.5290152], [77.5833558, 28.5290497], [77.5832404, 28.5291204], [77.5830111, 28.529257], [77.5827241, 28.529422], [77.5824218, 28.5296046], [77.5823593, 28.5296423], [77.5818644, 28.5299887], [77.5814822, 28.5302727], [77.5811783, 28.5305004], [77.5807536, 28.5308796], [77.5802386, 28.5313912], [77.5797991, 28.5319815], [77.5796481, 28.5322282]]}}, {"type": "Feature", "id": "way/547288396", "properties": {"highway": "secondary", "oneway": "yes", "@id": "way/547288396", "@class": "road"}, "geometry": {"type": "LineString", "coordinates": [[77.5798791, 28.5323276], [77.5796481, 28.5322282], [77.5794867, 28.5321555], [77.57926, 28.5320353], [77.5791741, 28.5320188]]}}, {"type": "Feature", "id": "way/547288397", "properties": {"landuse": "grass", "@id": "way/547288397", "@class": "landuse"}, "geometry": {"type": "Polygon", "coordinates": [[[77.5717399, 28.5284688], [77.5727014, 28.5281254], [77.5718563, 28.526256], [77.5708704, 28.5266024], [77.5717399, 28.5284688]]]}}, {"type": "Feature", "id": "way/547288398", "properties": {"building": "greenhouse", "@id": "way/547288398", "@class": "building", "render_height": 4.0, "render_min_height": 0.0, "height_source": "default"}, "geometry": {"type": "Polygon", "coordinates": [[[77.575906, 28.531971], [77.5760107, 28.5319208], [77.5758722, 28.5317349], [77.575776, 28.5317932], [77.575906, 28.531971]]]}}, {"type": "Feature", "id": "way/547288399", "properties": {"building": "greenhouse", "@id": "way/547288399", "@class": "building", "render_height": 4.0, "render_min_height": 0.0, "height_source": "default"}, "geometry": {"type": "Polygon", "coordinates": [[[77.5762356, 28.5317891], [77.576346, 28.5317332], [77.5759894, 28.5313823], [77.5758791, 28.5314432], [77.5762356, 28.5317891]]]}}, {"type": "Feature", "id": "way/547369549", "properties": {"highway": "trunk_link", "oneway": "yes", "@id": "way/547369549", "@class": "road"}, "geometry": {"type": "LineString", "coordinates": [[77.5796481, 28.5322282], [77.5796088, 28.5322916], [77.5794836, 28.5325177], [77.5793682, 28.5327262], [77.5791073, 28.5333439], [77.5788279, 28.5341482], [77.5785403, 28.5350177], [77.5783065, 28.5357781], [77.5781946, 28.5363633], [77.5781464, 28.5368366], [77.5781457, 28.5371631]]}}, {"type": "Feature", "id": "way/547369552", "properties": {"landuse": "residential", "name": "Faculty Residence", "residential": "apartments", "@id": "way/547369552", "@class": "landuse"}, "geometry": {"type": "Polygon", "coordinates": [[[77.5794229, 28.5303686], [77.5800873, 28.5297932], [77.5794158, 28.5293559], [77.5789519, 28.5289286], [77.5785051, 28.5279484], [77.5770073, 28.5284666], [77.5770792, 28.52864], [77.5763978, 28.5288887], [77.577237, 28.5296433], [77.5778374, 28.5301041], [77.5780391, 28.5300955], [77.5783522, 28.5302952], [77.5784866, 28.5303477], [77.5791442, 28.5301433], [77.5794229, 28.5303686]]]}}, {"type": "Feature", "id": "way/547369553", "properties": {"leisure": "golf_course", "name": "Golf Course", "@id": "way/547369553", "@class": "sport"}, "geometry": {"type": "Polygon", "coordinates": [[[77.5733913, 28.5296024], [77.5728935, 28.5297852], [77.5725631, 28.5294529], [77.5722131, 28.529039], [77.5718765, 28.5285659], [77.5727669, 28.5282449], [77.5733913, 28.5296024]]]}}, {"type": "Feature", "id": "way/547369554", "properties": {"highway": "track", "@id": "way/547369554", "@class": "path"}, "geometry": {"type": "LineString", "coordinates": [[77.5731073, 28.5176694], [77.5730694, 28.5161853], [77.5731081, 28.5159429], [77.5737536, 28.5150958], [77.5738093, 28.5149635], [77.5738391, 28.5148915]]}}, {"type": "Feature", "id": "way/547369560", "properties": {"highway": "footway", "@id": "way/547369560", "@class": "path"}, "geometry": {"type": "LineString", "coordinates": [[77.5749686, 28.5247715], [77.5765429, 28.5249006], [77.5769576, 28.5249347]]}}, {"type": "Feature", "id": "way/547369561", "properties": {"highway": "footway", "@id": "way/547369561", "@class": "path"}, "geometry": {"type": "LineString", "coordinates": [[77.5749609, 28.5250946], [77.5765372, 28.5249855], [77.576962, 28.5249561]]}}, {"type": "Feature", "id": "way/547369564", "properties": {"landuse": "construction", "@id": "way/547369564", "@class": "landuse"}, "geometry": {"type": "Polygon", "coordinates": [[[77.5773514, 28.527022], [77.5783115, 28.5266938], [77.5782669, 28.5265949], [77.5782067, 28.5264684], [77.5781659, 28.5263476], [77.5780133, 28.5261569], [77.5778279, 28.5259213], [77.5774856, 28.5259839], [77.5773514, 28.527022]]]}}, {"type": "Feature", "id": "way/547369565", "properties": {"landuse": "grass", "@id": "way/547369565", "@class": "landuse"}, "geometry": {"type": "Polygon", "coordinates": [[[77.5723345, 28.526981], [77.5741607, 28.526356], [77.573552, 28.5249971], [77.5717222, 28.5256377], [77.5723345, 28.526981]]]}}, {"type": "Feature", "id": "way/547847832", "properties": {"leisure": "pitch", "name": "Badminton Courts", "sport": "badminton", "surface": "concrete", "@id": "way/547847832", "@class": "sport"}, "geometry": {"type": "Polygon", "coordinates": [[[77.5720786, 28.525196], [77.572142, 28.5250627], [77.5723193, 28.5251278], [77.5722558, 28.5252611], [77.5720786, 28.525196]]]}}, {"type": "Feature", "id": "way/547847833", "properties": {"intermittent": "no", "natural": "water", "salt": "no", "water": "pond", "@id": "way/547847833", "@class": "water"}, "geometry": {"type": "Polygon", "coordinates": [[[77.5688539, 28.5217772], [77.56889, 28.521847], [77.5692065, 28.5221458], [77.5692294, 28.5221535], [77.5692625, 28.5221528], [77.5692858, 28.5221396], [77.5693254, 28.5220616], [77.5693309, 28.521947], [77.5693176, 28.5218584], [77.5692879, 28.5217651], [77.5689277, 28.5210108], [77.5688958, 28.520999], [77.5688639, 28.5210061], [77.5685011, 28.5213673], [77.5684958, 28.5213935], [77.5685032, 28.5214171], [77.5688539, 28.5217772]]]}}, {"type": "Feature", "id": "way/547873855", "properties": {"access": "private", "highway": "service", "@id": "way/547873855", "@class": "road"}, "geometry": {"type": "LineString", "coordinates": [[77.5700005, 28.5208013], [77.570095, 28.5207497], [77.5705391, 28.5203863], [77.5709117, 28.5200247], [77.5713783, 28.5196284], [77.5716888, 28.5193548], [77.5718064, 28.5192934], [77.5719172, 28.5192667], [77.5720865, 28.5192491], [77.5723844, 28.5192561], [77.5725942, 28.5192387], [77.5728333, 28.5192212], [77.5729983, 28.5191859], [77.5736125, 28.5189861], [77.5737791, 28.5189106], [77.5739653, 28.518792], [77.5744588, 28.5184385], [77.5747256, 28.5182782], [77.5749052, 28.5182138], [77.5750732, 28.5181955], [77.5752053, 28.5182311], [77.5753228, 28.5182756], [77.5754378, 28.5183485], [77.5755123, 28.5184462], [77.5756072, 28.5186075], [77.575911, 28.5191798], [77.5761932, 28.5197267], [77.5762003, 28.5198066]]}}, {"type": "Feature", "id": "way/547873858", "properties": {"highway": "footway", "@id": "way/547873858", "@class": "path"}, "geometry": {"type": "LineString", "coordinates": [[77.5706072, 28.5251145], [77.570687, 28.5251658]]}}, {"type": "Feature", "id": "way/547873860", "properties": {"highway": "footway", "@id": "way/547873860", "@class": "path"}, "geometry": {"type": "LineString", "coordinates": [[77.5707893, 28.5251835], [77.5707716, 28.5252064], [77.5707507, 28.5252247], [77.5707214, 28.5252257], [77.5706942, 28.5252146], [77.5706911, 28.5251908], [77.570687, 28.5251658]]}}, {"type": "Feature", "id": "way/547873862", "properties": {"highway": "footway", "tunnel": "building_passage", "@id": "way/547873862", "@class": "path"}, "geometry": {"type": "LineString", "coordinates": [[77.5762134, 28.5261069], [77.5761504, 28.5261607]]}}, {"type": "Feature", "id": "way/547877529", "properties": {"landuse": "farmland", "@id": "way/547877529", "@class": "landuse"}, "geometry": {"type": "Polygon", "coordinates": [[[77.5737322, 28.5313819], [77.5731208, 28.5306774], [77.5728061, 28.5308515], [77.5722119, 28.5301582], [77.5720161, 28.5302614], [77.5714486, 28.5295155], [77.5715801, 28.5290751], [77.5715714, 28.5287094], [77.5712075, 28.5282086], [77.5695218, 28.5247795], [77.567741, 28.5219785], [77.5686376, 28.5217759], [77.5682208, 28.5213911], [77.5696543, 28.5200789], [77.5700603, 28.5205446], [77.5717955, 28.5190362], [77.573068, 28.5176794], [77.5735326, 28.5180161], [77.5738192, 28.5176553], [77.5734115, 28.5173842], [77.573736, 28.5170425], [77.5740176, 28.5173053], [77.5742497, 28.5172664], [77.5746828, 28.5177495], [77.575053, 28.5175657], [77.5752798, 28.5177751], [77.5769532, 28.520793], [77.5794966, 28.5186691], [77.5797579, 28.5189877], [77.5812368, 28.5189436], [77.5822798, 28.520096], [77.5884948, 28.5165213], [77.5858567, 28.5143007], [77.5818159, 28.5086163], [77.5805604, 28.5088001], [77.5793797, 28.5076297], [77.5770182, 28.5088837], [77.5747688, 28.5060032], [77.5737106, 28.5059514], [77.5697801, 28.507799], [77.5702084, 28.5083305], [77.570834, 28.508223], [77.571623, 28.5093672], [77.570126, 28.5101503], [77.5702088, 28.5104885], [77.5712036, 28.51113], [77.571591, 28.5120122], [77.5743094, 28.5117586], [77.5746165, 28.51228], [77.5726906, 28.5131833], [77.5724489, 28.5134096], [77.5720594, 28.5137741], [77.5691361, 28.5153617], [77.56737, 28.5145055], [77.5645889, 28.5169671], [77.5621123, 28.5199458], [77.5630308, 28.5270739], [77.570487, 28.5343392], [77.5725328, 28.5330833], [77.5733215, 28.5339819], [77.5743966, 28.5331127], [77.5739523, 28.5327196], [77.574023, 28.5326284], [77.5732583, 28.5319552], [77.5737322, 28.5313819]]]}}, {"type": "Feature", "id": "way/547887188", "properties": {"landuse": "farmland", "@id": "way/547887188", "@class": "landuse"}, "geometry": {"type": "Polygon", "coordinates": [[[77.5827477, 28.5272788], [77.5838232, 28.5264942], [77.5829686, 28.5254902], [77.5840068, 28.5247467], [77.5853653, 28.5262708], [77.5865022, 28.5256244], [77.5860884, 28.525125], [77.5866819, 28.5248165], [77.5864102, 28.5244309], [77.5882368, 28.5234026], [77.5888763, 28.5240196], [77.5897749, 28.5234063], [77.5889599, 28.522345], [77.5886547, 28.5219043], [77.5891438, 28.5217353], [77.589363, 28.5209733], [77.5892525, 28.520461], [77.5892023, 28.5200313], [77.588592, 28.5203508], [77.5880111, 28.5196016], [77.5885001, 28.5193666], [77.5884374, 28.5190434], [77.5881114, 28.5191866], [77.5878857, 28.5189589], [77.5877436, 28.5190434], [77.5876307, 28.5189075], [77.5877561, 28.5188304], [77.5876474, 28.5186981], [77.5874719, 28.5184998], [77.586844, 28.517772], [77.5861678, 28.5181656], [77.5847801, 28.5190213], [77.5841824, 28.5193445], [77.5845711, 28.5199321], [77.5837644, 28.5204059], [77.5818545, 28.5216351], [77.5815765, 28.5228559], [77.5803368, 28.5232574], [77.5786172, 28.5233712], [77.5781931, 28.5237065], [77.5781355, 28.5242588], [77.5781188, 28.5244193], [77.5789368, 28.5254041], [77.5788127, 28.5255884], [77.5789326, 28.5259549], [77.5791909, 28.5266042], [77.5794858, 28.5270178], [77.5810768, 28.5263369], [77.5816578, 28.5261092], [77.5827477, 28.5272788]]]}}, {"type": "Feature", "id": "way/547887189", "properties": {"landuse": "farmland", "@id": "way/547887189", "@class": "landuse"}, "geometry": {"type": "Polygon", "coordinates": [[[77.589298, 28.5291373], [77.5894754, 28.5295847], [77.5907628, 28.5292438], [77.5908639, 28.5295978], [77.5921419, 28.5290745], [77.5924901, 28.5300865], [77.5935348, 28.5298159], [77.5939365, 28.530463], [77.5952511, 28.5294555], [77.5954598, 28.5295778], [77.596225, 28.5297873], [77.5959455, 28.5300747], [77.596133, 28.530263], [77.597325, 28.529051], [77.5986108, 28.5304748], [77.5979143, 28.5310984], [77.5990772, 28.5320402], [77.5985452, 28.532279], [77.5993276, 28.5346055], [77.6000572, 28.5344989], [77.5995215, 28.5364051], [77.5989724, 28.5377581], [77.5969366, 28.5383817], [77.5953696, 28.5386053], [77.5951017, 28.5381346], [77.5944455, 28.5382994], [77.5935615, 28.5363462], [77.5931597, 28.5358285], [77.5922624, 28.5357344], [77.5917803, 28.5353108], [77.591489, 28.5342618], [77.5905152, 28.5345502], [77.5908729, 28.5354931], [77.590011, 28.5355859], [77.5903363, 28.5374717], [77.5892955, 28.5381146], [77.58858, 28.5390646], [77.5887751, 28.5396861], [77.5862464, 28.5396861], [77.5858317, 28.538336], [77.5858317, 28.5374146], [77.5838884, 28.5380003], [77.5836445, 28.5377432], [77.582368, 28.5380932], [77.5808881, 28.5381075], [77.5807255, 28.5376932], [77.5813191, 28.5373574], [77.5808637, 28.5366646], [77.580262, 28.5369931], [77.5800181, 28.536686], [77.579823, 28.5356359], [77.5796766, 28.5350216], [77.5792457, 28.534443], [77.5797661, 28.5330358], [77.5802702, 28.5321286], [77.5808946, 28.5316173], [77.5812637, 28.5325096], [77.5815827, 28.5323545], [77.5821263, 28.5335944], [77.5837015, 28.5330978], [77.5828698, 28.5313259], [77.5827456, 28.5313644], [77.5826285, 28.5311732], [77.5831016, 28.5309763], [77.5831674, 28.531114], [77.5852996, 28.5305001], [77.5847953, 28.5292743], [77.5851855, 28.5290246], [77.5848273, 28.5285113], [77.5853439, 28.5280282], [77.5860023, 28.5275675], [77.5865298, 28.5281782], [77.5874302, 28.5276657], [77.5882087, 28.5294707], [77.589298, 28.5291373]]]}}, {"type": "Feature", "id": "way/547899239", "properties": {"landuse": "grass", "@id": "way/547899239", "@class": "landuse"}, "geometry": {"type": "Polygon", "coordinates": [[[77.5753213, 28.5260343], [77.5753473, 28.5260421], [77.5753796, 28.5260343], [77.5756029, 28.5258682], [77.5756232, 28.5258303], [77.5756207, 28.5257757], [77.5755509, 28.525652], [77.575504, 28.5256152], [77.5754355, 28.5256141], [77.5751804, 28.5256542], [77.5751487, 28.5256721], [77.5751424, 28.525701], [77.5753213, 28.5260343]]]}}, {"type": "Feature", "id": "way/547899240", "properties": {"landuse": "grass", "@id": "way/547899240", "@class": "landuse"}, "geometry": {"type": "Polygon", "coordinates": [[[77.5738536, 28.5277446], [77.5737276, 28.5274169], [77.5735999, 28.5274569], [77.5734664, 28.5271067], [77.573586, 28.5270616], [77.5734488, 28.5267271], [77.5742205, 28.5264443], [77.5746738, 28.5274598], [77.5738536, 28.5277446]]]}}, {"type": "Feature", "id": "way/547899241", "properties": {"highway": "footway", "@id": "way/547899241", "@class": "path"}, "geometry": {"type": "LineString", "coordinates": [[77.5759117, 28.5279639], [77.5760215, 28.5279261], [77.5761752, 28.5278731]]}}, {"type": "Feature", "id": "way/547899242", "properties": {"highway": "footway", "@id": "way/547899242", "@class": "path"}, "geometry": {"type": "LineString", "coordinates": [[77.575854, 28.5278377], [77.5759642, 28.527799], [77.5761184, 28.5277449]]}}, {"type": "Feature", "id": "way/547899243", "properties": {"highway": "footway", "@id": "way/547899243", "@class": "path"}, "geometry": {"type": "LineString", "coordinates": [[77.5757966, 28.5277124], [77.5759072, 28.5276728], [77.5760619, 28.5276172]]}}, {"type": "Feature", "id": "way/547899244", "properties": {"highway": "footway", "@id": "way/547899244", "@class": "path"}, "geometry": {"type": "LineString", "coordinates": [[77.5750029, 28.5253594], [77.5748796, 28.5254044], [77.5747714, 28.525444]]}}, {"type": "Feature", "id": "way/547899245", "properties": {"highway": "footway", "@id": "way/547899245", "@class": "path"}, "geometry": {"type": "LineString", "coordinates": [[77.5750428, 28.5254943], [77.5749367, 28.5255303], [77.5748226, 28.525569]]}}, {"type": "Feature", "id": "way/547899246", "properties": {"highway": "footway", "@id": "way/547899246", "@class": "path"}, "geometry": {"type": "LineString", "coordinates": [[77.5750826, 28.525629], [77.5749945, 28.5256582], [77.5748845, 28.5256946]]}}, {"type": "Feature", "id": "way/547899247", "properties": {"highway": "footway", "@id": "way/547899247", "@class": "path"}, "geometry": {"type": "LineString", "coordinates": [[77.5752035, 28.5258862], [77.5751151, 28.5259164], [77.5749989, 28.5259561]]}}, {"type": "Feature", "id": "way/547899248", "properties": {"highway": "footway", "@id": "way/547899248", "@class": "path"}, "geometry": {"type": "LineString", "coordinates": [[77.5753569, 28.5261369], [77.5752345, 28.5261787], [77.5751138, 28.52622]]}}, {"type": "Feature", "id": "way/547899249", "properties": {"highway": "footway", "surface": "concrete", "@id": "way/547899249", "@class": "path"}, "geometry": {"type": "LineString", "coordinates": [[77.5754387, 28.5262505], [77.5752907, 28.526305], [77.5751725, 28.5263484]]}}, {"type": "Feature", "id": "way/547899250", "properties": {"highway": "footway", "@id": "way/547899250", "@class": "path"}, "geometry": {"type": "LineString", "coordinates": [[77.5755282, 28.5263673], [77.5753467, 28.5264309], [77.5752292, 28.5264722]]}}, {"type": "Feature", "id": "way/547899251", "properties": {"highway": "footway", "@id": "way/547899251", "@class": "path"}, "geometry": {"type": "LineString", "coordinates": [[77.5756057, 28.5264637], [77.5753944, 28.5265383], [77.5752781, 28.5265792]]}}, {"type": "Feature", "id": "way/547899252", "properties": {"highway": "footway", "@id": "way/547899252", "@class": "path"}, "geometry": {"type": "LineString", "coordinates": [[77.5756588, 28.5265652], [77.5754394, 28.5266393], [77.5753233, 28.5266778]]}}, {"type": "Feature", "id": "way/547899253", "properties": {"highway": "footway", "@id": "way/547899253", "@class": "path"}, "geometry": {"type": "LineString", "coordinates": [[77.5756536, 28.5267098], [77.5755204, 28.5267555], [77.5754913, 28.5267559]]}}, {"type": "Feature", "id": "way/547899254", "properties": {"highway": "footway", "@id": "way/547899254", "@class": "path"}, "geometry": {"type": "LineString", "coordinates": [[77.5757106, 28.526837], [77.5755529, 28.5268906], [77.5754384, 28.5269295]]}}, {"type": "Feature", "id": "way/547899255", "properties": {"highway": "footway", "@id": "way/547899255", "@class": "path"}, "geometry": {"type": "LineString", "coordinates": [[77.5757661, 28.5269612], [77.5756094, 28.5270137], [77.5754946, 28.5270523]]}}, {"type": "Feature", "id": "way/547899256", "properties": {"highway": "footway", "@id": "way/547899256", "@class": "path"}, "geometry": {"type": "LineString", "coordinates": [[77.5758907, 28.5272385], [77.5757365, 28.5272937], [77.5756235, 28.5273341]]}}, {"type": "Feature", "id": "way/547899257", "properties": {"highway": "footway", "@id": "way/547899257", "@class": "path"}, "geometry": {"type": "LineString", "coordinates": [[77.5759481, 28.5273654], [77.5757938, 28.5274207], [77.5756815, 28.5274609]]}}, {"type": "Feature", "id": "way/547899258", "properties": {"highway": "footway", "@id": "way/547899258", "@class": "path"}, "geometry": {"type": "LineString", "coordinates": [[77.5760079, 28.5274977], [77.5758521, 28.5275504], [77.5757399, 28.5275884]]}}, {"type": "Feature", "id": "way/547899259", "properties": {"footway": "sidewalk", "highway": "footway", "@id": "way/547899259", "@class": "path"}, "geometry": {"type": "LineString", "coordinates": [[77.5757545, 28.5265166], [77.5759143, 28.5266499], [77.5760602, 28.5267458], [77.5761871, 28.5268182], [77.5762761, 28.5268599], [77.5763277, 28.5268841], [77.5763393, 28.5268896], [77.5765347, 28.5269687], [77.576694, 28.5270186], [77.5767162, 28.5270256], [77.5767586, 28.5270347], [77.5769534, 28.5270768], [77.5771774, 28.52711], [77.5772645, 28.5271148]]}}, {"type": "Feature", "id": "way/547899260", "properties": {"landuse": "grass", "@id": "way/547899260", "@class": "landuse"}, "geometry": {"type": "Polygon", "coordinates": [[[77.5767946, 28.5263006], [77.5767923, 28.5263126], [77.5767954, 28.5263233], [77.5768059, 28.5263301], [77.5768158, 28.5263323], [77.5768294, 28.5263291], [77.5768356, 28.5263207], [77.5768958, 28.5263451], [77.5768776, 28.5263851], [77.5768385, 28.526413], [77.5767767, 28.5264178], [77.5767312, 28.5263907], [77.5767157, 28.5263579], [77.5767148, 28.5263036], [77.5767946, 28.5263006]]]}}, {"type": "Feature", "id": "way/547899261", "properties": {"highway": "footway", "@id": "way/547899261", "@class": "path"}, "geometry": {"type": "LineString", "coordinates": [[77.576694, 28.5270186], [77.5767283, 28.5268031]]}}, {"type": "Feature", "id": "way/547899262", "properties": {"highway": "footway", "@id": "way/547899262", "@class": "path"}, "geometry": {"type": "LineString", "coordinates": [[77.5767903, 28.5268133], [77.5767283, 28.5268031], [77.5766616, 28.5267921]]}}, {"type": "Feature", "id": "way/547899263", "properties": {"highway": "footway", "@id": "way/547899263", "@class": "path"}, "geometry": {"type": "LineString", "coordinates": [[77.5766616, 28.5267921], [77.5766545, 28.5268116], [77.5766412, 28.5268287], [77.5766221, 28.526841], [77.5766012, 28.5268471], [77.5765754, 28.5268485]]}}, {"type": "Feature", "id": "way/547899264", "properties": {"highway": "footway", "@id": "way/547899264", "@class": "path"}, "geometry": {"type": "LineString", "coordinates": [[77.5763277, 28.5268841], [77.576482, 28.5267077], [77.5764355, 28.5266787]]}}, {"type": "Feature", "id": "way/547899265", "properties": {"landuse": "grass", "@id": "way/547899265", "@class": "landuse"}, "geometry": {"type": "Polygon", "coordinates": [[[77.5762948, 28.52686], [77.576497, 28.5269423], [77.5767465, 28.5270186], [77.5767817, 28.5267224], [77.5767802, 28.5267027], [77.5767675, 28.5266816], [77.5765517, 28.526598], [77.5765308, 28.5266006], [77.5765098, 28.5266131], [77.5762948, 28.52686]]]}}, {"type": "Feature", "id": "way/547899266", "properties": {"landuse": "grass", "@id": "way/547899266", "@class": "landuse"}, "geometry": {"type": "Polygon", "coordinates": [[[77.5750292, 28.5253376], [77.5751121, 28.5253264], [77.5751054, 28.5252691], [77.5765181, 28.525078], [77.576512, 28.5249655], [77.5765323, 28.5248244], [77.5750301, 28.5246851], [77.5749951, 28.5247858], [77.5749884, 28.5249728], [77.5750019, 28.525215], [77.5750292, 28.5253376]]]}}, {"type": "Feature", "id": "way/547899267", "properties": {"highway": "footway", "@id": "way/547899267", "@class": "path"}, "geometry": {"type": "LineString", "coordinates": [[77.5750517, 28.5257804], [77.574945, 28.525819]]}}, {"type": "Feature", "id": "way/642834459", "properties": {"landuse": "grass", "@id": "way/642834459", "@class": "landuse"}, "geometry": {"type": "Polygon", "coordinates": [[[77.5732479, 28.5289527], [77.573841, 28.5287459], [77.573498, 28.5279865], [77.572905, 28.5281933], [77.5732479, 28.5289527]]]}}, {"type": "Feature", "id": "way/642834460", "properties": {"landuse": "forest", "@id": "way/642834460", "@class": "landuse"}, "geometry": {"type": "Polygon", "coordinates": [[[77.5733849, 28.5218996], [77.5730536, 28.5214609], [77.5737354, 28.5208197], [77.5739467, 28.52071], [77.5741339, 28.5209462], [77.5739563, 28.5213301], [77.5738026, 28.5216592], [77.5736298, 28.5218026], [77.5733849, 28.5218996]]]}}, {"type": "Feature", "id": "way/642834463", "properties": {"landuse": "grass", "@id": "way/642834463", "@class": "landuse"}, "geometry": {"type": "Polygon", "coordinates": [[[77.5737909, 28.5224349], [77.5733414, 28.5219887], [77.5725363, 28.5222779], [77.5725062, 28.522225], [77.5722284, 28.5223183], [77.5723381, 28.5223712], [77.5724655, 28.5224007], [77.5725837, 28.5223935], [77.5727395, 28.5223538], [77.5728641, 28.5222925], [77.5729415, 28.5222434], [77.5730307, 28.5222387], [77.5731134, 28.5222679], [77.5731639, 28.5223029], [77.5731993, 28.5223623], [77.5732466, 28.5223378], [77.5732949, 28.5223019], [77.5733562, 28.5222906], [77.5734249, 28.5223038], [77.5735023, 28.522318], [77.5735796, 28.5223444], [77.5737909, 28.5224349]]]}}, {"type": "Feature", "id": "way/669620907", "properties": {"highway": "footway", "@id": "way/669620907", "@class": "path"}, "geometry": {"type": "LineString", "coordinates": [[77.5750904, 28.5285001], [77.5751072, 28.5285486], [77.5748792, 28.5286245], [77.5748413, 28.5285381], [77.5748064, 28.5284584]]}}, {"type": "Feature", "id": "way/706854542", "properties": {"highway": "footway", "@id": "way/706854542", "@class": "path"}, "geometry": {"type": "LineString", "coordinates": [[77.5743079, 28.5256082], [77.5741957, 28.5256479], [77.574049, 28.5256998]]}}, {"type": "Feature", "id": "way/706854543", "properties": {"highway": "footway", "@id": "way/706854543", "@class": "path"}, "geometry": {"type": "LineString", "coordinates": [[77.5741063, 28.5258266], [77.574253, 28.5257746], [77.5743652, 28.5257348]]}}, {"type": "Feature", "id": "way/706854544", "properties": {"highway": "footway", "@id": "way/706854544", "@class": "path"}, "geometry": {"type": "LineString", "coordinates": [[77.5741652, 28.5259566], [77.574311, 28.5259028], [77.5744226, 28.5258614]]}}, {"type": "Feature", "id": "way/706854545", "properties": {"highway": "footway", "@id": "way/706854545", "@class": "path"}, "geometry": {"type": "LineString", "coordinates": [[77.5742209, 28.5260797], [77.574367, 28.5260268], [77.574479, 28.5259861]]}}, {"type": "Feature", "id": "way/706854546", "properties": {"highway": "footway", "@id": "way/706854546", "@class": "path"}, "geometry": {"type": "LineString", "coordinates": [[77.5742817, 28.526214], [77.5744277, 28.5261609], [77.5745397, 28.5261202]]}}, {"type": "Feature", "id": "way/706854547", "properties": {"highway": "footway", "@id": "way/706854547", "@class": "path"}, "geometry": {"type": "LineString", "coordinates": [[77.5744019, 28.5264794], [77.5745469, 28.5264245], [77.5746583, 28.5263822]]}}, {"type": "Feature", "id": "way/706854548", "properties": {"highway": "footway", "@id": "way/706854548", "@class": "path"}, "geometry": {"type": "LineString", "coordinates": [[77.5744572, 28.5266016], [77.5746038, 28.5265504], [77.5747166, 28.5265109]]}}, {"type": "Feature", "id": "way/706854549", "properties": {"highway": "footway", "@id": "way/706854549", "@class": "path"}, "geometry": {"type": "LineString", "coordinates": [[77.5745145, 28.5267282], [77.574661, 28.5266768], [77.5747738, 28.5266372]]}}, {"type": "Feature", "id": "way/706854550", "properties": {"highway": "footway", "@id": "way/706854550", "@class": "path"}, "geometry": {"type": "LineString", "coordinates": [[77.5747238, 28.5271904], [77.5748692, 28.5271371], [77.5749814, 28.5270958]]}}, {"type": "Feature", "id": "way/706854551", "properties": {"highway": "footway", "@id": "way/706854551", "@class": "path"}, "geometry": {"type": "LineString", "coordinates": [[77.5746656, 28.5270618], [77.5748116, 28.5270097], [77.5749241, 28.5269694]]}}, {"type": "Feature", "id": "way/706854552", "properties": {"highway": "footway", "@id": "way/706854552", "@class": "path"}, "geometry": {"type": "LineString", "coordinates": [[77.5746097, 28.5269384], [77.5747553, 28.5268854], [77.5748676, 28.5268444]]}}, {"type": "Feature", "id": "way/706854553", "properties": {"highway": "footway", "@id": "way/706854553", "@class": "path"}, "geometry": {"type": "LineString", "coordinates": [[77.5745626, 28.5268344], [77.5747089, 28.5267827], [77.5748216, 28.5267428]]}}, {"type": "Feature", "id": "way/706854554", "properties": {"highway": "footway", "@id": "way/706854554", "@class": "path"}, "geometry": {"type": "LineString", "coordinates": [[77.5747794, 28.5273132], [77.5748556, 28.5272906], [77.5749287, 28.5272687]]}}, {"type": "Feature", "id": "way/706854555", "properties": {"footway": "sidewalk", "highway": "footway", "@id": "way/706854555", "@class": "path"}, "geometry": {"type": "LineString", "coordinates": [[77.5717219, 28.5256203], [77.5727886, 28.5252442], [77.5735363, 28.5249761], [77.5735533, 28.5249762], [77.5735714, 28.5249846], [77.5735831, 28.5249986], [77.5738371, 28.5255566], [77.5741941, 28.5263417]]}}, {"type": "Feature", "id": "way/706854556", "properties": {"footway": "sidewalk", "highway": "footway", "@id": "way/706854556", "@class": "path"}, "geometry": {"type": "LineString", "coordinates": [[77.5716209, 28.5256512], [77.5718506, 28.5261633]]}}, {"type": "Feature", "id": "way/706854557", "properties": {"footway": "sidewalk", "highway": "footway", "@id": "way/706854557", "@class": "path"}, "geometry": {"type": "LineString", "coordinates": [[77.5718906, 28.5262584], [77.5725211, 28.527628], [77.572742, 28.5281261], [77.5727254, 28.5281471], [77.57177, 28.5284884]]}}, {"type": "Feature", "id": "way/706854558", "properties": {"crossing": "unmarked", "footway": "crossing", "highway": "footway", "@id": "way/706854558", "@class": "path"}, "geometry": {"type": "LineString", "coordinates": [[77.5718906, 28.5262584], [77.5718725, 28.5262153], [77.5718506, 28.5261633]]}}, {"type": "Feature", "id": "way/706854559", "properties": {"crossing": "unmarked", "footway": "crossing", "highway": "footway", "@id": "way/706854559", "@class": "path"}, "geometry": {"type": "LineString", "coordinates": [[77.5716209, 28.5256512], [77.5716532, 28.5256413], [77.5717219, 28.5256203]]}}, {"type": "Feature", "id": "way/706854560", "properties": {"crossing": "unmarked", "footway": "crossing", "highway": "footway", "@id": "way/706854560", "@class": "path"}, "geometry": {"type": "LineString", "coordinates": [[77.5717219, 28.5256203], [77.571696, 28.5255658], [77.5716666, 28.5255038]]}}, {"type": "Feature", "id": "way/706854561", "properties": {"crossing": "unmarked", "footway": "crossing", "highway": "footway", "@id": "way/706854561", "@class": "path"}, "geometry": {"type": "LineString", "coordinates": [[77.5716209, 28.5256512], [77.5715964, 28.5256012], [77.5715665, 28.5255401]]}}, {"type": "Feature", "id": "way/706854562", "properties": {"crossing": "unmarked", "footway": "crossing", "highway": "footway", "@id": "way/706854562", "@class": "path"}, "geometry": {"type": "LineString", "coordinates": [[77.5716666, 28.5255038], [77.5715983, 28.5255286], [77.5715665, 28.5255401]]}}, {"type": "Feature", "id": "way/706854563", "properties": {"footway": "sidewalk", "highway": "footway", "@id": "way/706854563", "@class": "path"}, "geometry": {"type": "LineString", "coordinates": [[77.5697863, 28.5241992], [77.5695805, 28.5237523], [77.5693166, 28.5231793], [77.569198, 28.5229199], [77.5691661, 28.5228246], [77.5691539, 28.5227132], [77.5691703, 28.5225846], [77.5692154, 28.5224825], [77.569277, 28.5223972], [77.5693658, 28.5223143], [77.569493, 28.5222494], [77.5696571, 28.522187], [77.5701931, 28.5220031], [77.5706162, 28.5218532], [77.5714874, 28.5215444]]}}, {"type": "Feature", "id": "way/706854564", "properties": {"footway": "sidewalk", "highway": "footway", "@id": "way/706854564", "@class": "path"}, "geometry": {"type": "LineString", "coordinates": [[77.5742396, 28.5264338], [77.5746921, 28.5274438]]}}, {"type": "Feature", "id": "way/706854565", "properties": {"crossing": "unmarked", "footway": "crossing", "highway": "footway", "@id": "way/706854565", "@class": "path"}, "geometry": {"type": "LineString", "coordinates": [[77.5742396, 28.5264338], [77.5742194, 28.5263928], [77.5741941, 28.5263417]]}}, {"type": "Feature", "id": "way/724033015", "properties": {"landuse": "recreation_ground", "name": "Ground", "@id": "way/724033015", "@class": "landuse"}, "geometry": {"type": "Polygon", "coordinates": [[[77.5752877, 28.518747], [77.575477, 28.5188872], [77.5756035, 28.5190743], [77.5756529, 28.5192874], [77.57562, 28.519503], [77.5755082, 28.5196972], [77.5753301, 28.5198483], [77.5751054, 28.5199396], [77.5748589, 28.519961], [77.5746182, 28.51991], [77.574416, 28.5197972], [77.5742651, 28.5196337], [77.5741812, 28.5194365], [77.5741731, 28.5192261], [77.5742416, 28.5190244], [77.5743796, 28.5188523], [77.5745727, 28.5187277], [77.5748089, 28.5186626], [77.5750564, 28.5186693], [77.5752877, 28.518747]]]}}, {"type": "Feature", "id": "way/724033018", "properties": {"access": "private", "highway": "service", "@id": "way/724033018", "@class": "road"}, "geometry": {"type": "LineString", "coordinates": [[77.5763215, 28.5314965], [77.5765461, 28.5313766], [77.57662, 28.5313525], [77.5766904, 28.5313604], [77.5767337, 28.5313779], [77.5767698, 28.5314127], [77.5767968, 28.5314682], [77.5768107, 28.5315096], [77.5767549, 28.5315892], [77.5766656, 28.5316482], [77.5765061, 28.5317216], [77.5763625, 28.5318018], [77.5761809, 28.531899], [77.5759084, 28.5320449], [77.5758408, 28.5320863], [77.5758142, 28.53214], [77.5757981, 28.5322028], [77.5758034, 28.5322736], [77.5760239, 28.53261], [77.5760306, 28.5326412], [77.57603, 28.5326748], [77.5760189, 28.5327058], [77.5759059, 28.532799], [77.575817, 28.5328744], [77.575744, 28.5329303]]}}, {"type": "Feature", "id": "way/724033019", "properties": {"access": "private", "highway": "service", "@id": "way/724033019", "@class": "road"}, "geometry": {"type": "LineString", "coordinates": [[77.5786168, 28.5280166], [77.579149, 28.5278286], [77.579274, 28.5278126]]}}, {"type": "Feature", "id": "way/728802757", "properties": {"access": "private", "highway": "service", "service": "parking_aisle", "@id": "way/728802757", "@class": "road"}, "geometry": {"type": "LineString", "coordinates": [[77.5738524, 28.5245969], [77.5738459, 28.5245694], [77.5738515, 28.5245167], [77.5738982, 28.5244131], [77.5743341, 28.5242433], [77.5745708, 28.5241563]]}}, {"type": "Feature", "id": "way/728802758", "properties": {"access": "private", "highway": "service", "service": "parking_aisle", "@id": "way/728802758", "@class": "road"}, "geometry": {"type": "LineString", "coordinates": [[77.5737149, 28.5246437], [77.5738524, 28.5245969], [77.5744028, 28.5243996], [77.574641, 28.5243132]]}}, {"type": "Feature", "id": "way/728802759", "properties": {"access": "private", "highway": "service", "service": "parking_aisle", "@id": "way/728802759", "@class": "road"}, "geometry": {"type": "LineString", "coordinates": [[77.5745708, 28.5241563], [77.5748964, 28.5240398], [77.5749512, 28.5241601], [77.5749397, 28.5241993], [77.574641, 28.5243132]]}}, {"type": "Feature", "id": "way/728802760", "properties": {"access": "private", "highway": "service", "service": "parking_aisle", "@id": "way/728802760", "@class": "road"}, "geometry": {"type": "LineString", "coordinates": [[77.5744028, 28.5243996], [77.5743341, 28.5242433]]}}, {"type": "Feature", "id": "way/728802761", "properties": {"access": "private", "highway": "service", "service": "parking_aisle", "@id": "way/728802761", "@class": "road"}, "geometry": {"type": "LineString", "coordinates": [[77.5745708, 28.5241563], [77.574641, 28.5243132], [77.5746796, 28.5243994]]}}, {"type": "Feature", "id": "way/728817662", "properties": {"access": "private", "highway": "service", "oneway": "yes", "@id": "way/728817662", "@class": "road"}, "geometry": {"type": "LineString", "coordinates": [[77.5737149, 28.5246437], [77.5736474, 28.5246703]]}}, {"type": "Feature", "id": "way/728817664", "properties": {"footway": "sidewalk", "highway": "footway", "@id": "way/728817664", "@class": "path"}, "geometry": {"type": "LineString", "coordinates": [[77.573643, 28.5242283], [77.5736563, 28.5241547], [77.5737041, 28.5239922], [77.5737599, 28.5238562], [77.57382, 28.523724], [77.5738873, 28.5235981], [77.5739298, 28.5235188], [77.5739438, 28.5234953], [77.5740016, 28.5233985], [77.5740147, 28.5233765], [77.5740667, 28.523295]]}}, {"type": "Feature", "id": "way/728817665", "properties": {"footway": "sidewalk", "highway": "footway", "@id": "way/728817665", "@class": "path"}, "geometry": {"type": "LineString", "coordinates": [[77.5736085, 28.5244181], [77.5736307, 28.5242962], [77.573643, 28.5242283]]}}, {"type": "Feature", "id": "way/728817666", "properties": {"footway": "sidewalk", "highway": "footway", "@id": "way/728817666", "@class": "path"}, "geometry": {"type": "LineString", "coordinates": [[77.5735936, 28.5245187], [77.5736024, 28.5244517], [77.5736085, 28.5244181]]}}, {"type": "Feature", "id": "way/728817667", "properties": {"highway": "footway", "surface": "paving_stones", "@id": "way/728817667", "@class": "path"}, "geometry": {"type": "LineString", "coordinates": [[77.5735783, 28.52464], [77.573469, 28.5246293], [77.5734162, 28.5246241], [77.5733679, 28.5246191], [77.5732038, 28.5246026], [77.573171, 28.524618], [77.5730486, 28.5246085], [77.5729903, 28.524604], [77.5728854, 28.5245959], [77.5728209, 28.5245858], [77.5727669, 28.5245394], [77.5727889, 28.5243516], [77.5727909, 28.5243348], [77.5728626, 28.5243006], [77.5730358, 28.5243204], [77.5732025, 28.5243395], [77.5732614, 28.5243795], [77.5733674, 28.5243913], [77.5734937, 28.5244053], [77.5736085, 28.5244181]]}}, {"type": "Feature", "id": "way/728817668", "properties": {"footway": "sidewalk", "highway": "footway", "@id": "way/728817668", "@class": "path"}, "geometry": {"type": "LineString", "coordinates": [[77.5735783, 28.52464], [77.5735811, 28.5246134], [77.5735936, 28.5245187]]}}, {"type": "Feature", "id": "way/728817669", "properties": {"crossing": "unmarked", "footway": "crossing", "highway": "footway", "@id": "way/728817669", "@class": "path"}, "geometry": {"type": "LineString", "coordinates": [[77.5735831, 28.5249986], [77.5735405, 28.5249139], [77.5735101, 28.5248533]]}}, {"type": "Feature", "id": "way/728817671", "properties": {"access": "private", "highway": "service", "@id": "way/728817671", "@class": "road"}, "geometry": {"type": "LineString", "coordinates": [[77.5770183, 28.5285842], [77.576911, 28.5286265], [77.5763731, 28.5288136], [77.5763254, 28.5288416], [77.5763218, 28.5288717], [77.5763492, 28.5289273], [77.5771617, 28.5296263], [77.5777347, 28.5300715], [77.5778112, 28.5301203], [77.5778857, 28.5301351], [77.5779723, 28.5301427], [77.5780699, 28.5301532], [77.5781424, 28.530184], [77.5783481, 28.5303305], [77.5784129, 28.5303635], [77.578472, 28.5303719], [77.5785183, 28.5303592], [77.5790234, 28.5301977], [77.5791152, 28.5301534], [77.579148, 28.5301074], [77.5792141, 28.5300313], [77.5792888, 28.5299531], [77.5792927, 28.5298917], [77.5792803, 28.5297672], [77.5792503, 28.5296891]]}}, {"type": "Feature", "id": "way/729630264", "properties": {"amenity": "food_court", "building": "yes", "name": "Dining Hall 3", "@id": "way/729630264", "@class": "building", "render_height": 6.4, "render_min_height": 0.0, "height_source": "default"}, "geometry": {"type": "Polygon", "coordinates": [[[77.5802947, 28.5296345], [77.5801705, 28.529498], [77.5803398, 28.5293791], [77.580464, 28.5295156], [77.5802947, 28.5296345]]]}}, {"type": "Feature", "id": "way/729630265", "properties": {"landuse": "grass", "@id": "way/729630265", "@class": "landuse"}, "geometry": {"type": "Polygon", "coordinates": [[[77.5743446, 28.5292934], [77.5753329, 28.5289635], [77.5752654, 28.5288112], [77.575082, 28.5283974], [77.5740947, 28.5287351], [77.5743446, 28.5292934]]]}}, {"type": "Feature", "id": "way/754563858", "properties": {"leisure": "pitch", "name": "Football Ground", "sport": "soccer", "surface": "grass", "@id": "way/754563858", "@class": "sport"}, "geometry": {"type": "Polygon", "coordinates": [[[77.5713248, 28.5229448], [77.5719702, 28.5227156], [77.5715198, 28.5217362], [77.5708742, 28.5219655], [77.5713248, 28.5229448]]]}}, {"type": "Feature", "id": "way/796333220", "properties": {"access": "private", "highway": "service", "@id": "way/796333220", "@class": "road"}, "geometry": {"type": "LineString", "coordinates": [[77.5761809, 28.531899], [77.5759594, 28.5316627]]}}, {"type": "Feature", "id": "way/796333221", "properties": {"footway": "sidewalk", "highway": "footway", "@id": "way/796333221", "@class": "path"}, "geometry": {"type": "LineString", "coordinates": [[77.5763693, 28.5287003], [77.5755157, 28.5290128], [77.5745334, 28.5293525], [77.574296, 28.5294406], [77.5735954, 28.5297008], [77.5737704, 28.5300668], [77.5739389, 28.5304428], [77.5740648, 28.5307355], [77.5740754, 28.5308025], [77.5744927, 28.5311599], [77.5749439, 28.5316065], [77.5753485, 28.5320699], [77.5757001, 28.532537], [77.5759059, 28.532799]]}}, {"type": "Feature", "id": "way/796333225", "properties": {"footway": "sidewalk", "highway": "footway", "@id": "way/796333225", "@class": "path"}, "geometry": {"type": "LineString", "coordinates": [[77.5718454, 28.5285653], [77.5727817, 28.5282229], [77.5734367, 28.5296279], [77.5729114, 28.5298164], [77.5723475, 28.5292242], [77.5719789, 28.5287477], [77.5718454, 28.5285653]]}}, {"type": "Feature", "id": "way/796333226", "properties": {"crossing": "unmarked", "footway": "crossing", "highway": "footway", "@id": "way/796333226", "@class": "path"}, "geometry": {"type": "LineString", "coordinates": [[77.5727817, 28.5282229], [77.5727682, 28.52819], [77.572742, 28.5281261]]}}, {"type": "Feature", "id": "way/796333227", "properties": {"crossing": "unmarked", "footway": "crossing", "highway": "footway", "@id": "way/796333227", "@class": "path"}, "geometry": {"type": "LineString", "coordinates": [[77.5718454, 28.5285653], [77.571807, 28.5285261], [77.57177, 28.5284884]]}}, {"type": "Feature", "id": "way/796333228", "properties": {"footway": "sidewalk", "highway": "footway", "@id": "way/796333228", "@class": "path"}, "geometry": {"type": "LineString", "coordinates": [[77.5730185, 28.5299185], [77.573487, 28.529752], [77.5736897, 28.5302075], [77.5739144, 28.5307076], [77.5739276, 28.5307499], [77.5738982, 28.5307327], [77.5738322, 28.5306759], [77.5736324, 28.5304914], [77.57323, 28.5301327], [77.5730185, 28.5299185]]}}, {"type": "Feature", "id": "way/796333229", "properties": {"crossing": "unmarked", "footway": "crossing", "highway": "footway", "@id": "way/796333229", "@class": "path"}, "geometry": {"type": "LineString", "coordinates": [[77.5730185, 28.5299185], [77.5729451, 28.5298486], [77.5729114, 28.5298164]]}}, {"type": "Feature", "id": "way/796333230", "properties": {"crossing": "unmarked", "footway": "crossing", "highway": "footway", "@id": "way/796333230", "@class": "path"}, "geometry": {"type": "LineString", "coordinates": [[77.573487, 28.529752], [77.5734515, 28.5296645], [77.5734367, 28.5296279]]}}, {"type": "Feature", "id": "way/796333231", "properties": {"crossing": "unmarked", "footway": "crossing", "highway": "footway", "@id": "way/796333231", "@class": "path"}, "geometry": {"type": "LineString", "coordinates": [[77.5743413, 28.5293113], [77.5743128, 28.5293215], [77.5742446, 28.5293462]]}}, {"type": "Feature", "id": "way/796333232", "properties": {"footway": "sidewalk", "highway": "footway", "@id": "way/796333232", "@class": "path"}, "geometry": {"type": "LineString", "coordinates": [[77.5742446, 28.5293462], [77.5739354, 28.5294568], [77.5735289, 28.5295919]]}}, {"type": "Feature", "id": "way/796333233", "properties": {"crossing": "unmarked", "footway": "crossing", "highway": "footway", "@id": "way/796333233", "@class": "path"}, "geometry": {"type": "LineString", "coordinates": [[77.5735289, 28.5295919], [77.5734732, 28.5296137], [77.5734367, 28.5296279]]}}, {"type": "Feature", "id": "way/796333234", "properties": {"crossing": "unmarked", "footway": "crossing", "highway": "footway", "@id": "way/796333234", "@class": "path"}, "geometry": {"type": "LineString", "coordinates": [[77.5735289, 28.5295919], [77.5735546, 28.5296272], [77.5735954, 28.5297008]]}}, {"type": "Feature", "id": "way/796333235", "properties": {"crossing": "unmarked", "footway": "crossing", "highway": "footway", "@id": "way/796333235", "@class": "path"}, "geometry": {"type": "LineString", "coordinates": [[77.5735954, 28.5297008], [77.5735253, 28.5297302], [77.573487, 28.529752]]}}, {"type": "Feature", "id": "way/827936910", "properties": {"access": "private", "highway": "service", "@id": "way/827936910", "@class": "road"}, "geometry": {"type": "LineString", "coordinates": [[77.5765061, 28.5317216], [77.5763215, 28.5314965]]}}, {"type": "Feature", "id": "way/827936912", "properties": {"building": "yes", "name": "Entrance Security Office", "office": "security", "@id": "way/827936912", "@class": "building", "render_height": 6.4, "render_min_height": 0.0, "height_source": "default"}, "geometry": {"type": "Polygon", "coordinates": [[[77.5762434, 28.5334505], [77.5763007, 28.5334125], [77.5762664, 28.5333726], [77.576209, 28.5334107], [77.5762434, 28.5334505]]]}}, {"type": "Feature", "id": "way/849304614", "properties": {"man_made": "water_works", "@id": "way/849304614", "@class": "manmade"}, "geometry": {"type": "Polygon", "coordinates": [[[77.5614703, 28.5156308], [77.5637669, 28.5141568], [77.5635957, 28.5139282], [77.5645387, 28.5132739], [77.5635517, 28.5115393], [77.5629079, 28.5107096], [77.5609606, 28.5121096], [77.5613818, 28.5154634], [77.5614703, 28.5156308]]]}}, {"type": "Feature", "id": "way/903398090", "properties": {"footway": "sidewalk", "highway": "footway", "@id": "way/903398090", "@class": "path"}, "geometry": {"type": "LineString", "coordinates": [[77.5715665, 28.5255401], [77.5715083, 28.5255612], [77.5705478, 28.5258969], [77.5702628, 28.5252732]]}}, {"type": "Feature", "id": "way/903398091", "properties": {"footway": "sidewalk", "highway": "footway", "@id": "way/903398091", "@class": "path"}, "geometry": {"type": "LineString", "coordinates": [[77.571547, 28.5215239], [77.5736469, 28.5207753], [77.5745193, 28.5204558], [77.5746314, 28.5204197], [77.5747449, 28.5204125], [77.5748584, 28.5204269], [77.5749541, 28.520463], [77.5750594, 28.5205242], [77.5751291, 28.5205999], [77.5751961, 28.5207201], [77.5757578, 28.5219554]]}}, {"type": "Feature", "id": "way/903398092", "properties": {"highway": "footway", "@id": "way/903398092", "@class": "path"}, "geometry": {"type": "LineString", "coordinates": [[77.5749082, 28.5275977], [77.5750542, 28.5275461], [77.5751672, 28.5275062]]}}, {"type": "Feature", "id": "way/903398093", "properties": {"highway": "footway", "@id": "way/903398093", "@class": "path"}, "geometry": {"type": "LineString", "coordinates": [[77.5749651, 28.5277234], [77.575111, 28.5276719], [77.5752241, 28.5276319]]}}, {"type": "Feature", "id": "way/903398094", "properties": {"highway": "footway", "@id": "way/903398094", "@class": "path"}, "geometry": {"type": "LineString", "coordinates": [[77.5750232, 28.5278518], [77.5751691, 28.5278003], [77.5752822, 28.5277604]]}}, {"type": "Feature", "id": "way/903398095", "properties": {"highway": "footway", "@id": "way/903398095", "@class": "path"}, "geometry": {"type": "LineString", "coordinates": [[77.5750801, 28.5279774], [77.5752259, 28.5279259], [77.5753391, 28.527886]]}}, {"type": "Feature", "id": "way/903398096", "properties": {"highway": "footway", "@id": "way/903398096", "@class": "path"}, "geometry": {"type": "LineString", "coordinates": [[77.5751363, 28.5281015], [77.5752821, 28.52805], [77.5753952, 28.52801]]}}, {"type": "Feature", "id": "way/903398097", "properties": {"highway": "footway", "@id": "way/903398097", "@class": "path"}, "geometry": {"type": "LineString", "coordinates": [[77.5751936, 28.5282281], [77.5753393, 28.5281766], [77.5754526, 28.5281366]]}}, {"type": "Feature", "id": "way/903398098", "properties": {"highway": "footway", "@id": "way/903398098", "@class": "path"}, "geometry": {"type": "LineString", "coordinates": [[77.5751936, 28.5282281], [77.5751363, 28.5281015], [77.5750801, 28.5279774], [77.5750232, 28.5278518], [77.5749651, 28.5277234], [77.5749082, 28.5275977], [77.5748402, 28.5274475], [77.5748105, 28.5273819], [77.5747794, 28.5273132], [77.5747238, 28.5271904], [77.5746656, 28.5270618], [77.5746097, 28.5269384], [77.5745626, 28.5268344], [77.5745145, 28.5267282], [77.5744572, 28.5266016], [77.5744019, 28.5264794], [77.5743427, 28.5263486], [77.5742817, 28.526214], [77.5742209, 28.5260797], [77.5741652, 28.5259566], [77.5741063, 28.5258266], [77.574049, 28.5256998], [77.5739746, 28.5255356]]}}, {"type": "Feature", "id": "way/903398099", "properties": {"crossing": "unmarked", "footway": "crossing", "highway": "footway", "@id": "way/903398099", "@class": "path"}, "geometry": {"type": "LineString", "coordinates": [[77.5698174, 28.5242641], [77.5698033, 28.5242347], [77.5697863, 28.5241992]]}}, {"type": "Feature", "id": "way/903398100", "properties": {"access": "private", "highway": "service", "@id": "way/903398100", "@class": "road"}, "geometry": {"type": "LineString", "coordinates": [[77.5715274, 28.5215306], [77.5714956, 28.5214675]]}}, {"type": "Feature", "id": "way/903398101", "properties": {"access": "private", "highway": "service", "@id": "way/903398101", "@class": "road"}, "geometry": {"type": "LineString", "coordinates": [[77.5715361, 28.5215441], [77.5715274, 28.5215306]]}}, {"type": "Feature", "id": "way/903398102", "properties": {"crossing": "unmarked", "footway": "crossing", "highway": "footway", "@id": "way/903398102", "@class": "path"}, "geometry": {"type": "LineString", "coordinates": [[77.5714874, 28.5215444], [77.5715016, 28.5215395], [77.5715274, 28.5215306], [77.571547, 28.5215239]]}}, {"type": "Feature", "id": "way/903398103", "properties": {"footway": "sidewalk", "highway": "footway", "@id": "way/903398103", "@class": "path"}, "geometry": {"type": "LineString", "coordinates": [[77.5749116, 28.5202979], [77.5750285, 28.5203331], [77.5751509, 28.5204111], [77.5752644, 28.5205296], [77.5752974, 28.520611], [77.5753637, 28.5207547], [77.5757383, 28.5215802], [77.576229, 28.5226646], [77.5763572, 28.5229375]]}}, {"type": "Feature", "id": "way/903398104", "properties": {"footway": "sidewalk", "highway": "footway", "@id": "way/903398104", "@class": "path"}, "geometry": {"type": "LineString", "coordinates": [[77.5762254, 28.522989], [77.5759768, 28.523122], [77.5758197, 28.5232245], [77.5756692, 28.5233404], [77.5754854, 28.5235151], [77.5753327, 28.5236873], [77.5752145, 28.5238696], [77.575123, 28.5240424], [77.5750243, 28.5242741], [77.5749926, 28.5243399], [77.5747534, 28.5244241]]}}, {"type": "Feature", "id": "way/903398105", "properties": {"crossing": "unmarked", "crossing:markings": "no", "footway": "crossing", "highway": "footway", "@id": "way/903398105", "@class": "path"}, "geometry": {"type": "LineString", "coordinates": [[77.5762254, 28.522989], [77.5762984, 28.5229605], [77.5763572, 28.5229375]]}}, {"type": "Feature", "id": "way/903398106", "properties": {"footway": "sidewalk", "highway": "footway", "@id": "way/903398106", "@class": "path"}, "geometry": {"type": "LineString", "coordinates": [[77.5746559, 28.5244513], [77.5741355, 28.5246423], [77.5737478, 28.5247821], [77.5737198, 28.5247968], [77.5736798, 28.524801], [77.5736558, 28.5247814], [77.5736627, 28.524746]]}}, {"type": "Feature", "id": "way/903398107", "properties": {"crossing": "unmarked", "crossing:markings": "no", "footway": "crossing", "highway": "footway", "@id": "way/903398107", "@class": "path"}, "geometry": {"type": "LineString", "coordinates": [[77.5746559, 28.5244513], [77.5746976, 28.5244397], [77.5747534, 28.5244241]]}}, {"type": "Feature", "id": "way/903398108", "properties": {"footway": "sidewalk", "highway": "footway", "@id": "way/903398108", "@class": "path"}, "geometry": {"type": "LineString", "coordinates": [[77.5702327, 28.5252036], [77.5699615, 28.5246027], [77.5698174, 28.5242641]]}}, {"type": "Feature", "id": "way/903398109", "properties": {"crossing": "unmarked", "footway": "crossing", "highway": "footway", "@id": "way/903398109", "@class": "path"}, "geometry": {"type": "LineString", "coordinates": [[77.5702628, 28.5252732], [77.5702428, 28.5252269], [77.5702327, 28.5252036]]}}, {"type": "Feature", "id": "way/904404333", "properties": {"leisure": "pitch", "name": "Chess Garden", "sport": "chess", "@id": "way/904404333", "@class": "sport"}, "geometry": {"type": "Polygon", "coordinates": [[[77.5720109, 28.5240122], [77.5721899, 28.5239464], [77.5721184, 28.5237964], [77.5719394, 28.5238623], [77.5720109, 28.5240122]]]}}, {"type": "Feature", "id": "way/904404334", "properties": {"highway": "footway", "@id": "way/904404334", "@class": "path"}, "geometry": {"type": "LineString", "coordinates": [[77.5726389, 28.5237249], [77.5725647, 28.5236481], [77.5724771, 28.5236204], [77.5723871, 28.5236066], [77.5723758, 28.5236039], [77.5722013, 28.5235619], [77.5721021, 28.5235705], [77.5720032, 28.5236], [77.5718892, 28.5236422], [77.5718031, 28.5236689], [77.5712394, 28.523873], [77.5707825, 28.5240329], [77.5707473, 28.5240554], [77.5707138, 28.5240822], [77.5706876, 28.524132], [77.5706665, 28.5242557], [77.5706595, 28.5243377]]}}, {"type": "Feature", "id": "way/904404335", "properties": {"highway": "footway", "@id": "way/904404335", "@class": "path"}, "geometry": {"type": "LineString", "coordinates": [[77.5722013, 28.5235619], [77.5723098, 28.5235693], [77.5723727, 28.5235535], [77.5724525, 28.523511], [77.5725065, 28.5234745], [77.5725295, 28.5234428]]}}, {"type": "Feature", "id": "way/904404336", "properties": {"highway": "footway", "@id": "way/904404336", "@class": "path"}, "geometry": {"type": "LineString", "coordinates": [[77.5719847, 28.524092], [77.5718031, 28.5236689]]}}, {"type": "Feature", "id": "way/1039249177", "properties": {"landuse": "construction", "@id": "way/1039249177", "@class": "landuse"}, "geometry": {"type": "Polygon", "coordinates": [[[77.5696406, 28.5219878], [77.5692543, 28.5210849], [77.5697218, 28.5209206], [77.5697828, 28.5210671], [77.5699982, 28.5209742], [77.5703658, 28.521746], [77.5696406, 28.5219878]]]}}, {"type": "Feature", "id": "way/1039249632", "properties": {"landuse": "construction", "name": "Hostels (under construction)", "@id": "way/1039249632", "@class": "landuse"}, "geometry": {"type": "Polygon", "coordinates": [[[77.5716625, 28.5213217], [77.5710402, 28.5200149], [77.5713561, 28.519711], [77.5717998, 28.5193745], [77.5720399, 28.5193066], [77.572378, 28.5193056], [77.5730384, 28.5208391], [77.5716625, 28.5213217]]]}}, {"type": "Feature", "id": "way/1039250526", "properties": {"natural": "scrub", "@id": "way/1039250526", "@class": "green"}, "geometry": {"type": "Polygon", "coordinates": [[[77.5701515, 28.5211301], [77.5712256, 28.5207205], [77.5709183, 28.5200281], [77.570001, 28.5207956], [77.5701515, 28.5211301]]]}}, {"type": "Feature", "id": "way/1039250649", "properties": {"leisure": "park", "name": "Shivaji park", "name:etymology:wikidata": "Q239505", "@id": "way/1039250649", "@class": "green"}, "geometry": {"type": "Polygon", "coordinates": [[[77.5708488, 28.5265262], [77.5718363, 28.5261879], [77.5716001, 28.5256554], [77.5706125, 28.5259936], [77.5708488, 28.5265262]]]}}, {"type": "Feature", "id": "way/1039255839", "properties": {"landuse": "construction", "@id": "way/1039255839", "@class": "landuse"}, "geometry": {"type": "Polygon", "coordinates": [[[77.5731986, 28.5207476], [77.5725296, 28.5192846], [77.5730113, 28.5192277], [77.5735392, 28.5190441], [77.5741439, 28.5204155], [77.5731986, 28.5207476]]]}}, {"type": "Feature", "id": "way/1067819533", "properties": {"highway": "residential", "source": "maxar", "@id": "way/1067819533", "@class": "road"}, "geometry": {"type": "LineString", "coordinates": [[77.572311, 28.5340441], [77.5720777, 28.5337773], [77.572066, 28.5337601], [77.5720549, 28.533739], [77.5720335, 28.5336896], [77.572014, 28.5336368], [77.5719966, 28.5335764], [77.5719577, 28.5331075], [77.5719523, 28.5330298], [77.5719383, 28.5329426], [77.5718772, 28.532681]]}}, {"type": "Feature", "id": "way/1067819535", "properties": {"highway": "residential", "source": "maxar", "@id": "way/1067819535", "@class": "road"}, "geometry": {"type": "LineString", "coordinates": [[77.5788279, 28.5341482], [77.5782166, 28.5336471], [77.5773731, 28.5330345]]}}, {"type": "Feature", "id": "way/1069911889", "properties": {"highway": "residential", "source": "maxar", "@id": "way/1069911889", "@class": "road"}, "geometry": {"type": "LineString", "coordinates": [[77.5639001, 28.5205191], [77.5638794, 28.5204842], [77.5638735, 28.5204769], [77.5638648, 28.5204714], [77.5638221, 28.5204579], [77.5637899, 28.5204483], [77.5637657, 28.520437], [77.5637149, 28.5204014], [77.5636164, 28.5203093], [77.5634152, 28.5201199], [77.5629479, 28.5196374], [77.5628372, 28.5195262], [77.5627188, 28.5193983], [77.5625651, 28.5192482], [77.5624324, 28.5191085], [77.5617472, 28.5183839]]}}, {"type": "Feature", "id": "way/1069923866", "properties": {"highway": "residential", "@id": "way/1069923866", "@class": "road"}, "geometry": {"type": "LineString", "coordinates": [[77.5663669, 28.5140108], [77.5667377, 28.5145686], [77.5667606, 28.5145864], [77.566786, 28.5145929], [77.5668292, 28.5145946], [77.5668723, 28.514585], [77.5688337, 28.5136331], [77.5688182, 28.5135554], [77.5686818, 28.5131611], [77.5685701, 28.5129254], [77.568332, 28.5124216], [77.568294, 28.5123393], [77.5682564, 28.5122668]]}}, {"type": "Feature", "id": "way/1072198852", "properties": {"access": "private", "highway": "service", "@id": "way/1072198852", "@class": "road"}, "geometry": {"type": "LineString", "coordinates": [[77.5759594, 28.5316627], [77.5758715, 28.5317246], [77.5758401, 28.5317224], [77.5758185, 28.5317113], [77.5756922, 28.5315638]]}}, {"type": "Feature", "id": "way/1072198853", "properties": {"access": "private", "highway": "service", "@id": "way/1072198853", "@class": "road"}, "geometry": {"type": "LineString", "coordinates": [[77.5759594, 28.5316627], [77.575835, 28.5315086]]}}, {"type": "Feature", "id": "way/1072198854", "properties": {"access": "private", "highway": "service", "@id": "way/1072198854", "@class": "road"}, "geometry": {"type": "LineString", "coordinates": [[77.5763215, 28.5314965], [77.5762258, 28.5313971]]}}, {"type": "Feature", "id": "way/1072198855", "properties": {"access": "private", "highway": "service", "@id": "way/1072198855", "@class": "road"}, "geometry": {"type": "LineString", "coordinates": [[77.5769727, 28.5284561], [77.5770183, 28.5285842], [77.5770947, 28.5287633]]}}, {"type": "Feature", "id": "way/1072198856", "properties": {"access": "private", "highway": "service", "source": "maxar", "@id": "way/1072198856", "@class": "road"}, "geometry": {"type": "LineString", "coordinates": [[77.5770947, 28.5287633], [77.5771795, 28.5289572], [77.5773131, 28.52925]]}}, {"type": "Feature", "id": "way/1072198857", "properties": {"access": "private", "highway": "service", "source": "maxar", "@id": "way/1072198857", "@class": "road"}, "geometry": {"type": "LineString", "coordinates": [[77.5791152, 28.5301534], [77.57915, 28.5301915], [77.5793524, 28.5303804], [77.5793962, 28.5304121], [77.5794468, 28.5304082], [77.5794823, 28.5303768], [77.580213, 28.529765]]}}, {"type": "Feature", "id": "way/1072198858", "properties": {"access": "private", "highway": "service", "source": "maxar", "@id": "way/1072198858", "@class": "road"}, "geometry": {"type": "LineString", "coordinates": [[77.579274, 28.5278126], [77.5794523, 28.5277965], [77.5797527, 28.5278342], [77.5802677, 28.527936]]}}, {"type": "Feature", "id": "way/1072198859", "properties": {"highway": "service", "source": "maxar", "@id": "way/1072198859", "@class": "road"}, "geometry": {"type": "LineString", "coordinates": [[77.5811151, 28.528629], [77.5820133, 28.5294208], [77.582099, 28.5294788], [77.5821581, 28.5294897], [77.582187, 28.5294856], [77.5822286, 28.5294691], [77.5822636, 28.529448]]}}, {"type": "Feature", "id": "way/1072198860", "properties": {"highway": "service", "source": "maxar", "@id": "way/1072198860", "@class": "road"}, "geometry": {"type": "LineString", "coordinates": [[77.5826161, 28.5291809], [77.5822636, 28.529448], [77.5824218, 28.5296046]]}}, {"type": "Feature", "id": "way/1072218754", "properties": {"highway": "track", "source": "maxar", "surface": "unpaved", "@id": "way/1072218754", "@class": "path"}, "geometry": {"type": "LineString", "coordinates": [[77.5694433, 28.5151804], [77.5695498, 28.5153449], [77.5696469, 28.5154996], [77.5697896, 28.5158515], [77.5699777, 28.5163395], [77.5700628, 28.5166487], [77.5701293, 28.5168806], [77.5701937, 28.5170692], [77.5702946, 28.5172841], [77.5703182, 28.5173558], [77.5703504, 28.5174557], [77.570404, 28.5175764], [77.570537, 28.5178573], [77.570786, 28.5183513], [77.5709855, 28.5187001], [77.5710921, 28.5189344]]}}, {"type": "Feature", "id": "way/1072255573", "properties": {"highway": "residential", "source": "maxar", "@id": "way/1072255573", "@class": "road"}, "geometry": {"type": "LineString", "coordinates": [[77.5688337, 28.5136331], [77.568929, 28.5138958], [77.5690866, 28.5143539], [77.5692628, 28.514866], [77.5694433, 28.5151804], [77.5698356, 28.5149735]]}}, {"type": "Feature", "id": "way/1072255574", "properties": {"highway": "service", "source": "maxar", "@id": "way/1072255574", "@class": "road"}, "geometry": {"type": "LineString", "coordinates": [[77.5690866, 28.5143539], [77.5694576, 28.5141824], [77.5700018, 28.5139309]]}}, {"type": "Feature", "id": "way/1072255576", "properties": {"highway": "service", "source": "maxar", "@id": "way/1072255576", "@class": "road"}, "geometry": {"type": "LineString", "coordinates": [[77.5780621, 28.5308702], [77.5785177, 28.5312501], [77.5787219, 28.5314203], [77.5787722, 28.5314709], [77.5787866, 28.5315363], [77.5787698, 28.53161], [77.5787507, 28.5316627], [77.5787003, 28.5316901], [77.5785899, 28.5316922], [77.5785059, 28.5316606], [77.5784412, 28.5316438], [77.5784052, 28.5316501], [77.5783572, 28.5316754], [77.5781341, 28.5318672]]}}, {"type": "Feature", "id": "way/1072255577", "properties": {"highway": "service", "source": "maxar", "@id": "way/1072255577", "@class": "road"}, "geometry": {"type": "LineString", "coordinates": [[77.5787507, 28.5316627], [77.5790461, 28.531904]]}}, {"type": "Feature", "id": "way/1072275692", "properties": {"access": "private", "highway": "service", "@id": "way/1072275692", "@class": "road"}, "geometry": {"type": "LineString", "coordinates": [[77.5704542, 28.5218126], [77.5695881, 28.5220997]]}}, {"type": "Feature", "id": "way/1074081670", "properties": {"highway": "service", "source": "maxar", "@id": "way/1074081670", "@class": "road"}, "geometry": {"type": "LineString", "coordinates": [[77.5660447, 28.5142643], [77.566444, 28.5146221], [77.5665821, 28.5147527], [77.5667278, 28.514914]]}}, {"type": "Feature", "id": "way/1074110516", "properties": {"bridge": "yes", "highway": "residential", "layer": "1", "source": "maxar", "@id": "way/1074110516", "@class": "road"}, "geometry": {"type": "LineString", "coordinates": [[77.5670906, 28.5313691], [77.567148, 28.5313227]]}}, {"type": "Feature", "id": "way/1074110517", "properties": {"highway": "residential", "source": "maxar", "@id": "way/1074110517", "@class": "road"}, "geometry": {"type": "LineString", "coordinates": [[77.567148, 28.5313227], [77.5671858, 28.5312922]]}}, {"type": "Feature", "id": "way/1074110518", "properties": {"highway": "residential", "source": "maxar", "@id": "way/1074110518", "@class": "road"}, "geometry": {"type": "LineString", "coordinates": [[77.5670374, 28.531412], [77.5670906, 28.5313691]]}}, {"type": "Feature", "id": "way/1074111908", "properties": {"highway": "residential", "@id": "way/1074111908", "@class": "road"}, "geometry": {"type": "LineString", "coordinates": [[77.5620864, 28.5209075], [77.5639001, 28.5205191]]}}, {"type": "Feature", "id": "way/1074142923", "properties": {"highway": "residential", "source": "maxar", "@id": "way/1074142923", "@class": "road"}, "geometry": {"type": "LineString", "coordinates": [[77.5656736, 28.5313845], [77.5650687, 28.5317092]]}}, {"type": "Feature", "id": "way/1075707572", "properties": {"highway": "trunk_link", "oneway": "yes", "@id": "way/1075707572", "@class": "road"}, "geometry": {"type": "LineString", "coordinates": [[77.5794596, 28.5322186], [77.5794719, 28.5323193], [77.5794813, 28.5324159], [77.5794836, 28.5325177]]}}, {"type": "Feature", "id": "way/1075707573", "properties": {"highway": "secondary", "oneway": "yes", "source": "maxar", "@id": "way/1075707573", "@class": "road"}, "geometry": {"type": "LineString", "coordinates": [[77.5791741, 28.5320188], [77.5792175, 28.5320753], [77.5794596, 28.5322186], [77.5796088, 28.5322916], [77.5798444, 28.5323955]]}}, {"type": "Feature", "id": "way/1190513275", "properties": {"natural": "water", "water": "pond", "@id": "way/1190513275", "@class": "water"}, "geometry": {"type": "Polygon", "coordinates": [[[77.5778829, 28.524334], [77.5778375, 28.5242145], [77.5777612, 28.5240717], [77.577692, 28.5238971], [77.5777495, 28.5238619], [77.5779371, 28.5238262], [77.5780429, 28.5240806], [77.5780708, 28.5242087], [77.5779776, 28.5243069], [77.5778829, 28.524334]]]}}, {"type": "Feature", "id": "way/1190516873", "properties": {"natural": "water", "water": "waterlogging", "@id": "way/1190516873", "@class": "water"}, "geometry": {"type": "Polygon", "coordinates": [[[77.572531, 28.5138069], [77.5727058, 28.5138143], [77.572797, 28.5137662], [77.5728401, 28.5136563], [77.5727695, 28.5135354], [77.5727506, 28.5133854], [77.5726031, 28.5133558], [77.5724489, 28.5134096], [77.5722886, 28.5133837], [77.5723161, 28.5134956], [77.5723778, 28.5135765], [77.5723985, 28.5137123], [77.5724582, 28.5137786], [77.572531, 28.5138069]]]}}, {"type": "Feature", "id": "way/1190516887", "properties": {"natural": "water", "water": "waterlogging", "@id": "way/1190516887", "@class": "water"}, "geometry": {"type": "Polygon", "coordinates": [[[77.5729217, 28.5146627], [77.5730385, 28.5146889], [77.5731205, 28.5146998], [77.5731868, 28.5147085], [77.5732391, 28.5147246], [77.5732316, 28.5146758], [77.573249, 28.5146051], [77.5733435, 28.5146051], [77.573331, 28.5145556], [77.5732838, 28.5145207], [77.5731644, 28.5145105], [77.5729607, 28.5146016], [77.5729167, 28.5146344], [77.5729217, 28.5146627]]]}}, {"type": "Feature", "id": "way/1190517096", "properties": {"natural": "water", "water": "pond", "@id": "way/1190517096", "@class": "water"}, "geometry": {"type": "Polygon", "coordinates": [[[77.5745527, 28.5142371], [77.5746107, 28.5142065], [77.5746703, 28.5141642], [77.5746703, 28.5140922], [77.5746313, 28.5140121], [77.5745816, 28.513924], [77.5745178, 28.5138627], [77.5744291, 28.5138271], [77.5743362, 28.5138999], [77.574304, 28.5139523], [77.5743678, 28.5141183], [77.5744772, 28.5142087], [77.5745527, 28.5142371]]]}}, {"type": "Feature", "id": "way/1230759281", "properties": {"highway": "footway", "@id": "way/1230759281", "@class": "path"}, "geometry": {"type": "LineString", "coordinates": [[77.5697061, 28.5236431], [77.5697763, 28.5237144], [77.5698308, 28.5237418], [77.5698779, 28.5237728], [77.5698898, 28.5238099], [77.569883, 28.5238544], [77.5698802, 28.5239044], [77.5698889, 28.5239423], [77.5699204, 28.5239802], [77.5699514, 28.5240046], [77.5699916, 28.5240234], [77.5700305, 28.5240311]]}}, {"type": "Feature", "id": "way/1230759282", "properties": {"highway": "service", "@id": "way/1230759282", "@class": "road"}, "geometry": {"type": "LineString", "coordinates": [[77.5697061, 28.5236431], [77.5699828, 28.5233846], [77.5700127, 28.5233371], [77.5700174, 28.5232795], [77.5700079, 28.5232135], [77.5699665, 28.5230958], [77.5699251, 28.5230441], [77.5698848, 28.5230205], [77.5698205, 28.5230158], [77.5697212, 28.5230064], [77.5696569, 28.5229828], [77.5696139, 28.5229498], [77.5695469, 28.5229239], [77.5694611, 28.522905], [77.569198, 28.5229199], [77.5691401, 28.5229232]]}}, {"type": "Feature", "id": "way/1232387417", "properties": {"natural": "water", "water": "pond", "@id": "way/1232387417", "@class": "water"}, "geometry": {"type": "Polygon", "coordinates": [[[77.5798519, 28.5233529], [77.5796081, 28.5225997], [77.5803789, 28.522344], [77.5807642, 28.5230074], [77.5805598, 28.5232769], [77.5803238, 28.5233184], [77.5798519, 28.5233529]]]}}, {"type": "Feature", "id": "way/1283357958", "properties": {"footway": "sidewalk", "highway": "footway", "@id": "way/1283357958", "@class": "path"}, "geometry": {"type": "LineString", "coordinates": [[77.5757578, 28.5219554], [77.5762254, 28.522989]]}}, {"type": "Feature", "id": "way/1283357960", "properties": {"building": "yes", "@id": "way/1283357960", "@class": "building", "render_height": 6.4, "render_min_height": 0.0, "height_source": "default"}, "geometry": {"type": "Polygon", "coordinates": [[[77.5741071, 28.5236069], [77.5743293, 28.5232419], [77.5750984, 28.5236035], [77.5749741, 28.5238076], [77.5749213, 28.5237828], [77.5748866, 28.5238397], [77.5747569, 28.5237787], [77.5747887, 28.5237266], [77.5744278, 28.5235568], [77.5743169, 28.5236448], [77.5744066, 28.52384], [77.574313, 28.5238731], [77.5742137, 28.523657], [77.5741071, 28.5236069]]]}}, {"type": "Feature", "id": "way/1283357961", "properties": {"building": "yes", "@id": "way/1283357961", "@class": "building", "render_height": 6.4, "render_min_height": 0.0, "height_source": "default"}, "geometry": {"type": "Polygon", "coordinates": [[[77.5733519, 28.5225527], [77.5732092, 28.5224803], [77.5732524, 28.5224145], [77.5733951, 28.5224869], [77.5733519, 28.5225527]]]}}, {"type": "Feature", "id": "way/1283357962", "properties": {"highway": "service", "@id": "way/1283357962", "@class": "road"}, "geometry": {"type": "LineString", "coordinates": [[77.569531, 28.5238012], [77.5695805, 28.5237523], [77.5697061, 28.5236431]]}}, {"type": "Feature", "id": "way/1283357963", "properties": {"highway": "footway", "@id": "way/1283357963", "@class": "path"}, "geometry": {"type": "LineString", "coordinates": [[77.5742802, 28.525547], [77.5743079, 28.5256082], [77.5743652, 28.5257348], [77.5744226, 28.5258614], [77.574479, 28.5259861], [77.5745397, 28.5261202], [77.5746007, 28.526255], [77.5746583, 28.5263822], [77.5747166, 28.5265109], [77.5747738, 28.5266372], [77.5748216, 28.5267428], [77.5748676, 28.5268444], [77.5749241, 28.5269694], [77.5749814, 28.5270958], [77.5750218, 28.5271852], [77.5750999, 28.5273576], [77.5751672, 28.5275062], [77.5752241, 28.5276319], [77.5752822, 28.5277604], [77.5753391, 28.527886], [77.5753952, 28.52801], [77.5754526, 28.5281366], [77.5754736, 28.528183]]}}, {"type": "Feature", "id": "way/1283357964", "properties": {"highway": "footway", "@id": "way/1283357964", "@class": "path"}, "geometry": {"type": "LineString", "coordinates": [[77.5750543, 28.5260901], [77.5751138, 28.52622], [77.5751725, 28.5263484], [77.5752292, 28.5264722], [77.5752781, 28.5265792], [77.5753233, 28.5266778], [77.575398, 28.5268412], [77.5754384, 28.5269295], [77.5754946, 28.5270523], [77.5755612, 28.5271979], [77.5756235, 28.5273341], [77.5756815, 28.5274609], [77.5757399, 28.5275884], [77.5757966, 28.5277124], [77.575854, 28.5278377], [77.5759117, 28.5279639], [77.5759317, 28.5280076]]}}, {"type": "Feature", "id": "way/1330195547", "properties": {"access": "private", "leisure": "pitch", "name": "Cricket Ground", "sport": "cricket", "surface": "grass", "@id": "way/1330195547", "@class": "sport"}, "geometry": {"type": "Polygon", "coordinates": [[[77.5737308, 28.5260526], [77.5736691, 28.5262474], [77.5735448, 28.5264175], [77.573369, 28.5265479], [77.5731573, 28.526627], [77.5729284, 28.5266477], [77.5727027, 28.5266083], [77.5725003, 28.5265121], [77.5723391, 28.5263678], [77.5722912, 28.526187], [77.5722398, 28.5259845], [77.5722208, 28.5257885], [77.5723148, 28.525604], [77.5724666, 28.525452], [77.5726626, 28.5253461], [77.5728854, 28.5252956], [77.5731152, 28.5253051], [77.5733317, 28.5253736], [77.5735155, 28.5254952], [77.5736504, 28.525659], [77.5737243, 28.5258505], [77.5737308, 28.5260526]]]}}, {"type": "Feature", "id": "way/1330195548", "properties": {"amenity": "clinic", "building": "yes", "healthcare": "clinic", "name": "Health and wellness centre, SNU", "@id": "way/1330195548", "@class": "building", "render_height": 6.4, "render_min_height": 0.0, "height_source": "default"}, "geometry": {"type": "Polygon", "coordinates": [[[77.5725257, 28.5271756], [77.5724775, 28.5270705], [77.5727729, 28.526966], [77.5728211, 28.5270711], [77.5725257, 28.5271756]]]}}, {"type": "Feature", "id": "way/1330195549", "properties": {"amenity": "pharmacy", "building": "yes", "healthcare": "pharmacy", "name": "Pharmacy", "@id": "way/1330195549", "@class": "building", "render_height": 6.4, "render_min_height": 0.0, "height_source": "default"}, "geometry": {"type": "Polygon", "coordinates": [[[77.5726576, 28.5275925], [77.5726229, 28.5275267], [77.5727387, 28.5274796], [77.5727734, 28.5275453], [77.5726576, 28.5275925]]]}}, {"type": "Feature", "id": "way/1330195550", "properties": {"building": "yes", "name": "Auctus Supermarket", "shop": "convenience", "@id": "way/1330195550", "@class": "building", "render_height": 6.4, "render_min_height": 0.0, "height_source": "default"}, "geometry": {"type": "Polygon", "coordinates": [[[77.5726996, 28.5273092], [77.572774, 28.5274763], [77.5729455, 28.5274174], [77.5728711, 28.5272503], [77.5726996, 28.5273092]]]}}, {"type": "Feature", "id": "way/1330195551", "properties": {"building": "university", "name": "Management Block", "@id": "way/1330195551", "@class": "building", "render_height": 12.8, "render_min_height": 0.0, "height_source": "default"}, "geometry": {"type": "Polygon", "coordinates": [[[77.5739337, 28.5286634], [77.5750079, 28.5282769], [77.5746973, 28.5276106], [77.5736231, 28.5279972], [77.5739337, 28.5286634]]]}}, {"type": "Feature", "id": "way/1330195552", "properties": {"access": "private", "highway": "service", "@id": "way/1330195552", "@class": "road"}, "geometry": {"type": "LineString", "coordinates": [[77.579149, 28.5278286], [77.5790899, 28.5276256]]}}, {"type": "Feature", "id": "way/1330195553", "properties": {"leisure": "park", "name": "SNU Biodiversity Park", "@id": "way/1330195553", "@class": "green"}, "geometry": {"type": "Polygon", "coordinates": [[[77.5763649, 28.5228642], [77.5773927, 28.5225304], [77.5772664, 28.5222753], [77.5771, 28.5220648], [77.5769856, 28.5219477], [77.5767318, 28.521816], [77.5765596, 28.5216791], [77.5764191, 28.5214925], [77.5763495, 28.5212831], [77.5763731, 28.5210643], [77.5763755, 28.5207698], [77.5762823, 28.5204349], [77.5761796, 28.520154], [77.5760722, 28.5199196], [77.5749984, 28.5202919], [77.5752202, 28.5204505], [77.5753218, 28.5205911], [77.5763649, 28.5228642]]]}}, {"type": "Feature", "id": "way/1344590246", "properties": {"barrier": "fence", "@id": "way/1344590246", "@class": "barrier"}, "geometry": {"type": "LineString", "coordinates": [[77.5743824, 28.523137], [77.5753708, 28.5236154]]}}, {"type": "Feature", "id": "way/1344590247", "properties": {"access": "private", "highway": "path", "@id": "way/1344590247", "@class": "path"}, "geometry": {"type": "LineString", "coordinates": [[77.5745742, 28.5239748], [77.5745836, 28.5238027]]}}, {"type": "Feature", "id": "way/1344590248", "properties": {"access": "private", "highway": "path", "@id": "way/1344590248", "@class": "path"}, "geometry": {"type": "LineString", "coordinates": [[77.5739096, 28.5237866], [77.5740115, 28.5238366], [77.5740577, 28.5238667], [77.5740946, 28.523902], [77.5741738, 28.5239415], [77.5742274, 28.5239568], [77.5743119, 28.5239574], [77.5743736, 28.523971], [77.5744413, 28.5239951], [77.5744768, 28.5240275]]}}, {"type": "Feature", "id": "way/1344590249", "properties": {"landuse": "grass", "@id": "way/1344590249", "@class": "landuse"}, "geometry": {"type": "Polygon", "coordinates": [[[77.5729027, 28.5229208], [77.5730186, 28.5229796], [77.5731095, 28.5228412], [77.5729936, 28.5227824], [77.5729027, 28.5229208]]]}}, {"type": "Feature", "id": "way/1344590250", "properties": {"landuse": "grass", "@id": "way/1344590250", "@class": "landuse"}, "geometry": {"type": "Polygon", "coordinates": [[[77.5736274, 28.5230415], [77.5737561, 28.5229844], [77.5737441, 28.5229538], [77.5737933, 28.522937], [77.5737722, 28.5228942], [77.5737159, 28.5228689], [77.5735771, 28.522747], [77.5737072, 28.5225508], [77.5735167, 28.522453], [77.5733887, 28.5226545], [77.5731419, 28.5225826], [77.5732069, 28.5224942], [77.5733565, 28.5225643], [77.5734101, 28.5224865], [77.5732572, 28.5224005], [77.5732968, 28.5223552], [77.5733431, 28.522331], [77.5734269, 28.522341], [77.5735556, 28.5223787], [77.5737119, 28.5224435], [77.5737937, 28.5225001], [77.5738426, 28.5225684], [77.5739077, 28.5226992], [77.5740103, 28.5229343], [77.5740813, 28.5230439], [77.5741383, 28.5231052], [77.574194, 28.5231659], [77.5741699, 28.523203], [77.5741437, 28.5232036], [77.5741001, 28.523233], [77.5740713, 28.523279], [77.5736274, 28.5230415]]]}}, {"type": "Feature", "id": "way/1344590251", "properties": {"access": "private", "highway": "path", "@id": "way/1344590251", "@class": "path"}, "geometry": {"type": "LineString", "coordinates": [[77.5790917, 28.5297713], [77.579144, 28.5297537], [77.5791708, 28.529842], [77.5791688, 28.5299051], [77.5791346, 28.5299764], [77.5791145, 28.5300465], [77.5791266, 28.5300836], [77.579148, 28.5301074]]}}, {"type": "Feature", "id": "way/1344590252", "properties": {"access": "private", "highway": "service", "@id": "way/1344590252", "@class": "road"}, "geometry": {"type": "LineString", "coordinates": [[77.5792427, 28.5296507], [77.5792598, 28.5296024], [77.5792929, 28.5294635], [77.5793654, 28.5293559], [77.5794439, 28.5292465]]}}, {"type": "Feature", "id": "way/1344590253", "properties": {"highway": "path", "@id": "way/1344590253", "@class": "path"}, "geometry": {"type": "LineString", "coordinates": [[77.574449, 28.5297635], [77.574296, 28.5294406]]}}, {"type": "Feature", "id": "way/1344590254", "properties": {"highway": "service", "@id": "way/1344590254", "@class": "road"}, "geometry": {"type": "LineString", "coordinates": [[77.5785177, 28.5312501], [77.5787388, 28.531057], [77.5785114, 28.5308317]]}}, {"type": "Feature", "id": "way/1344590255", "properties": {"building": "yes", "@id": "way/1344590255", "@class": "building", "render_height": 6.4, "render_min_height": 0.0, "height_source": "default"}, "geometry": {"type": "Polygon", "coordinates": [[[77.5778409, 28.5309236], [77.5779186, 28.5309962], [77.5780177, 28.5309143], [77.57794, 28.5308417], [77.5778409, 28.5309236]]]}}, {"type": "Feature", "id": "way/1344590256", "properties": {"leisure": "track", "sport": "running", "@id": "way/1344590256", "@class": "sport"}, "geometry": {"type": "Polygon", "coordinates": [[[77.5771277, 28.5297484], [77.5763363, 28.5290864], [77.5762823, 28.529061], [77.5762244, 28.5290438], [77.5761641, 28.5290353], [77.5761029, 28.5290355], [77.5760426, 28.5290446], [77.5759849, 28.5290623], [77.5759313, 28.5290881], [77.5758832, 28.5291213], [77.575842, 28.529161], [77.5758088, 28.5292061], [77.5757845, 28.5292554], [77.5757698, 28.5293075], [77.575765, 28.5293611], [77.5757704, 28.5294146], [77.5757857, 28.5294666], [77.5758105, 28.5295157], [77.5765871, 28.5301897], [77.5766288, 28.5302291], [77.5766772, 28.5302619], [77.5767311, 28.5302872], [77.576789, 28.5303044], [77.5768494, 28.530313], [77.5769106, 28.5303128], [77.5769708, 28.5303037], [77.5770286, 28.530286], [77.5770822, 28.5302602], [77.5771303, 28.530227], [77.5771715, 28.5301873], [77.5772047, 28.5301422], [77.577229, 28.5300929], [77.5772437, 28.5300407], [77.5772484, 28.5299872], [77.5772431, 28.5299337], [77.5772278, 28.5298816], [77.577203, 28.5298326], [77.5771693, 28.5297877], [77.5771277, 28.5297484]]]}}, {"type": "Feature", "id": "way/1344590257", "properties": {"access": "private", "highway": "path", "@id": "way/1344590257", "@class": "path"}, "geometry": {"type": "LineString", "coordinates": [[77.5795991, 28.529783], [77.5795611, 28.5297484], [77.5795209, 28.5297266], [77.5792509, 28.5296693]]}}, {"type": "Feature", "id": "way/1344590258", "properties": {"access": "private", "highway": "path", "@id": "way/1344590258", "@class": "path"}, "geometry": {"type": "LineString", "coordinates": [[77.57915, 28.5301915], [77.5795991, 28.529783], [77.5798052, 28.5296247]]}}, {"type": "Feature", "id": "way/1344590259", "properties": {"highway": "service", "junction": "circular", "@id": "way/1344590259", "@class": "road"}, "geometry": {"type": "LineString", "coordinates": [[77.5792271, 28.5296364], [77.5792065, 28.5296283], [77.5791839, 28.5296278], [77.5791628, 28.529635], [77.5791464, 28.5296487], [77.5791373, 28.5296669], [77.5791367, 28.5296867], [77.5791449, 28.5297052], [77.5791605, 28.5297196], [77.5791811, 28.5297276], [77.5792037, 28.5297281], [77.5792248, 28.529721], [77.5792412, 28.5297073], [77.5792503, 28.5296891], [77.5792509, 28.5296693], [77.5792427, 28.5296507], [77.5792271, 28.5296364]]}}, {"type": "Feature", "id": "way/1344590260", "properties": {"access": "private", "highway": "service", "@id": "way/1344590260", "@class": "road"}, "geometry": {"type": "LineString", "coordinates": [[77.5788269, 28.5289978], [77.5787701, 28.5290161], [77.5788053, 28.5290935], [77.578663, 28.52914], [77.5786024, 28.5290165], [77.5784792, 28.5290591], [77.5787179, 28.5296082], [77.5788488, 28.5295676]]}}, {"type": "Feature", "id": "way/1344590261", "properties": {"access": "private", "highway": "service", "@id": "way/1344590261", "@class": "road"}, "geometry": {"type": "LineString", "coordinates": [[77.5771795, 28.5289572], [77.5773704, 28.5286738], [77.5773248, 28.5285418], [77.577408, 28.5283439], [77.5779363, 28.5281583], [77.578162, 28.5282318], [77.5782125, 28.5282589], [77.5782365, 28.5283157], [77.5782514, 28.5283575], [77.5785252, 28.5284287], [77.5785558, 28.5284485], [77.5787775, 28.5289015], [77.5788025, 28.5289527], [77.5788269, 28.5289978], [77.5789, 28.5291472], [77.5789315, 28.529188], [77.5789684, 28.5292009], [77.579041, 28.5292006], [77.5790646, 28.5292164], [77.5792214, 28.5295437], [77.5791839, 28.5296278]]}}, {"type": "Feature", "id": "way/1344590262", "properties": {"access": "private", "highway": "service", "@id": "way/1344590262", "@class": "road"}, "geometry": {"type": "LineString", "coordinates": [[77.5786302, 28.5298214], [77.5786093, 28.5297766], [77.5787657, 28.5297219]]}}, {"type": "Feature", "id": "way/1344590263", "properties": {"access": "private", "highway": "service", "@id": "way/1344590263", "@class": "road"}, "geometry": {"type": "LineString", "coordinates": [[77.578473, 28.5298765], [77.578317, 28.5299279]]}}, {"type": "Feature", "id": "way/1344590264", "properties": {"access": "private", "highway": "service", "@id": "way/1344590264", "@class": "road"}, "geometry": {"type": "LineString", "coordinates": [[77.5778664, 28.5289272], [77.5781783, 28.5296414], [77.5783369, 28.52959], [77.5784525, 28.5298305], [77.578473, 28.5298765], [77.5785224, 28.5299932]]}}, {"type": "Feature", "id": "way/1344590265", "properties": {"access": "private", "highway": "service", "@id": "way/1344590265", "@class": "road"}, "geometry": {"type": "LineString", "coordinates": [[77.5778667, 28.5286042], [77.5778944, 28.5286731], [77.57815, 28.5285892], [77.5782311, 28.5287916], [77.5781325, 28.5288294], [77.5778664, 28.5289272]]}}, {"type": "Feature", "id": "way/1365893966", "properties": {"cables": "6", "circuits": "2", "operator": "Power Grid Corporation of India Limited", "operator:short": "PGCIL", "operator:wikidata": "Q3400886", "power": "line", "voltage": "400000", "@id": "way/1365893966", "@class": "manmade"}, "geometry": {"type": "LineString", "coordinates": [[77.6009813, 28.5961731], [77.5969637, 28.5948231], [77.5929125, 28.5935043], [77.5890415, 28.5922683], [77.5850418, 28.5908967], [77.5832136, 28.5875531], [77.5809992, 28.5838047], [77.5805614, 28.5815435], [77.5790766, 28.5785513], [77.5776604, 28.5754986], [77.5760725, 28.5724609], [77.5746134, 28.569393], [77.5730341, 28.5661667], [77.5714634, 28.5630232], [77.5712617, 28.5609784], [77.5720268, 28.5587652], [77.5724762, 28.5562837], [77.572971, 28.5528753], [77.5735061, 28.5491893], [77.5740555, 28.5456909], [77.5745533, 28.5422452], [77.5749481, 28.5393273], [77.5754717, 28.5358964], [77.5741022, 28.5339639], [77.5721586, 28.5309197], [77.5701427, 28.5279919], [77.5681417, 28.5250377], [77.5660862, 28.5221384], [77.5641134, 28.5192234], [77.5621851, 28.5165159], [77.5603655, 28.5137254], [77.5587261, 28.5125564], [77.55702, 28.5115134], [77.5548723, 28.5102108]]}}, {"type": "Feature", "id": "way/1444743649", "properties": {"amenity": "theatre", "name": "Amphitheatre", "theatre:type": "amphi", "@id": "way/1444743649", "@class": "poi"}, "geometry": {"type": "Polygon", "coordinates": [[[77.5741152, 28.5241204], [77.5741658, 28.5241059], [77.5742084, 28.5240779], [77.5742461, 28.5240327], [77.5739654, 28.5238883], [77.5739338, 28.5239383], [77.5739275, 28.5239863], [77.5739396, 28.5240334], [77.5739688, 28.5240742], [77.5740118, 28.5241043], [77.574062, 28.5241199], [77.5741152, 28.5241204]]]}}, {"type": "Feature", "id": "way/1444743650", "properties": {"building": "yes", "@id": "way/1444743650", "@class": "building", "render_height": 6.4, "render_min_height": 0.0, "height_source": "default"}, "geometry": {"type": "Polygon", "coordinates": [[[77.5789032, 28.5283327], [77.5793486, 28.5281851], [77.579233, 28.5279374], [77.5787939, 28.5280902], [77.5789032, 28.5283327]]]}}, {"type": "Feature", "id": "way/1444743651", "properties": {"access": "private", "highway": "service", "@id": "way/1444743651", "@class": "road"}, "geometry": {"type": "LineString", "coordinates": [[77.5746796, 28.5243994], [77.5746976, 28.5244397], [77.5747202, 28.5244916]]}}, {"type": "Feature", "id": "way/1444743652", "properties": {"natural": "scrub", "@id": "way/1444743652", "@class": "green"}, "geometry": {"type": "Polygon", "coordinates": [[[77.5744316, 28.5230894], [77.5742483, 28.5228475], [77.574073, 28.5229122], [77.5738564, 28.5224879], [77.5733419, 28.5219716], [77.5729111, 28.5221245], [77.572884, 28.5219515], [77.573009, 28.5218962], [77.5730911, 28.5218078], [77.5732211, 28.5217207], [77.5733819, 28.5219122], [77.5736595, 28.5218073], [77.5738383, 28.5216447], [77.57415, 28.5209429], [77.5739515, 28.5206943], [77.5746019, 28.5204535], [77.574805, 28.5204511], [77.5750125, 28.520519], [77.5751383, 28.520654], [77.5757195, 28.5219272], [77.5761931, 28.522981], [77.5757614, 28.5232349], [77.5755816, 28.5234015], [77.5753887, 28.523582], [77.5744316, 28.5230894]]]}}, {"type": "Feature", "id": "way/1444743653", "properties": {"landuse": "grass", "@id": "way/1444743653", "@class": "landuse"}, "geometry": {"type": "Polygon", "coordinates": [[[77.5725375, 28.5250975], [77.5723526, 28.5249906], [77.5721285, 28.5248187], [77.5720376, 28.5247415], [77.5718027, 28.5242008], [77.5726322, 28.5238922], [77.5726107, 28.5240979], [77.5724543, 28.5239822], [77.5723611, 28.5240912], [77.5722964, 28.5242753], [77.5720938, 28.524257], [77.5720437, 28.5243423], [77.57209, 28.5244228], [77.5722602, 28.5244627], [77.5722918, 28.5247368], [77.5723557, 28.5248113], [77.5725121, 28.5247321], [77.5724982, 28.5248167], [77.5724404, 28.5248092], [77.572425, 28.5249419], [77.5724843, 28.5249453], [77.5725375, 28.5250975]]]}}, {"type": "Feature", "id": "way/1444743654", "properties": {"highway": "footway", "@id": "way/1444743654", "@class": "path"}, "geometry": {"type": "LineString", "coordinates": [[77.5724436, 28.5244057], [77.5725859, 28.5244183]]}}, {"type": "Feature", "id": "way/1444743655", "properties": {"highway": "footway", "@id": "way/1444743655", "@class": "path"}, "geometry": {"type": "LineString", "coordinates": [[77.5729781, 28.5246801], [77.5729903, 28.524604], [77.5730358, 28.5243204], [77.5730494, 28.5242353]]}}, {"type": "Feature", "id": "way/1444743656", "properties": {"amenity": "parking", "parking": "street_side", "@id": "way/1444743656", "@class": "parking"}, "geometry": {"type": "Polygon", "coordinates": [[[77.5724317, 28.5249343], [77.572486, 28.5249393], [77.5725004, 28.5248205], [77.572446, 28.5248155], [77.5724317, 28.5249343]]]}}, {"type": "Feature", "id": "way/1444743657", "properties": {"highway": "footway", "@id": "way/1444743657", "@class": "path"}, "geometry": {"type": "LineString", "coordinates": [[77.5727673, 28.5227812], [77.5729127, 28.5228433]]}}, {"type": "Feature", "id": "way/1468050285", "properties": {"waterway": "ditch", "@id": "way/1468050285", "@class": "water"}, "geometry": {"type": "LineString", "coordinates": [[77.5519906, 28.6184947], [77.5522333, 28.6178673], [77.5559723, 28.6085994], [77.5576192, 28.604488], [77.5634503, 28.5952708], [77.5658268, 28.5918983], [77.569657, 28.5867122], [77.5712126, 28.5846113], [77.5714755, 28.5842062], [77.5720441, 28.5821806], [77.5724357, 28.580725], [77.572881, 28.5790857], [77.5731438, 28.5781906], [77.5735032, 28.5767868], [77.5739539, 28.5750343], [77.5741899, 28.5742711], [77.5746351, 28.5725751], [77.5748336, 28.571925], [77.575295, 28.5701866], [77.5756544, 28.5688722], [77.576105, 28.5672091], [77.5767594, 28.5647968], [77.5775212, 28.5621207], [77.5790179, 28.5565986], [77.580477, 28.5511328], [77.5816303, 28.5469531], [77.581684, 28.5464394], [77.5815606, 28.5458787], [77.5813246, 28.5453132], [77.580874, 28.5446959], [77.5796884, 28.5434989], [77.5779611, 28.5418025], [77.5774997, 28.5413548], [77.5753486, 28.5392577], [77.5736374, 28.5376036], [77.5721246, 28.5361945], [77.5715745, 28.5356526], [77.5709303, 28.5350092], [77.570732, 28.5348124], [77.5705796, 28.5346723], [77.5689161, 28.5330501], [77.565798, 28.5300836], [77.5630339, 28.5273942], [77.562837, 28.5271127], [77.5627537, 28.526552], [77.5624664, 28.5245878], [77.5620121, 28.5213085], [77.5616132, 28.5183211], [77.5614232, 28.5167433], [77.5612582, 28.5157343], [77.5607395, 28.5113331]]}}, {"type": "Feature", "id": "way/1473676578", "properties": {"building": "university", "@id": "way/1473676578", "@class": "building", "render_height": 12.8, "render_min_height": 0.0, "height_source": "default"}, "geometry": {"type": "Polygon", "coordinates": [[[77.5683545, 28.5224117], [77.5686569, 28.5223066], [77.5685136, 28.521988], [77.5682111, 28.522093], [77.5683545, 28.5224117]]]}}, {"type": "Feature", "id": "way/1473676579", "properties": {"building": "university", "@id": "way/1473676579", "@class": "building", "render_height": 12.8, "render_min_height": 0.0, "height_source": "default"}, "geometry": {"type": "Polygon", "coordinates": [[[77.5699318, 28.5206561], [77.5698743, 28.5205313], [77.5693002, 28.5207354], [77.5693576, 28.5208601], [77.5699318, 28.5206561]]]}}, {"type": "Feature", "id": "way/1473676580", "properties": {"building": "dormitory", "construction": "yes", "@id": "way/1473676580", "@class": "building", "render_height": 19.2, "render_min_height": 0.0, "height_source": "default"}, "geometry": {"type": "Polygon", "coordinates": [[[77.5728593, 28.5186558], [77.5734669, 28.5183932], [77.5735341, 28.5185133], [77.5729265, 28.518776], [77.5728593, 28.5186558]]]}}, {"type": "Feature", "id": "way/1473676581", "properties": {"building": "dormitory", "construction": "yes", "@id": "way/1473676581", "@class": "building", "render_height": 19.2, "render_min_height": 0.0, "height_source": "default"}, "geometry": {"type": "Polygon", "coordinates": [[[77.5727894, 28.5182292], [77.5730616, 28.5184248], [77.5729584, 28.5185357], [77.5726862, 28.51834], [77.5727894, 28.5182292]]]}}, {"type": "Feature", "id": "way/1473676582", "properties": {"building": "dormitory", "construction": "yes", "@id": "way/1473676582", "@class": "building", "render_height": 19.2, "render_min_height": 0.0, "height_source": "default"}, "geometry": {"type": "Polygon", "coordinates": [[[77.5725898, 28.5184272], [77.572862, 28.5186229], [77.5727588, 28.5187337], [77.5724867, 28.518538], [77.5725898, 28.5184272]]]}}, {"type": "Feature", "id": "way/1473676583", "properties": {"natural": "tree_row", "@id": "way/1473676583", "@class": "green"}, "geometry": {"type": "LineString", "coordinates": [[77.5690265, 28.5220142], [77.5691982, 28.5221815], [77.5692545, 28.5221909], [77.5693082, 28.5221768], [77.569343, 28.5221297], [77.5693699, 28.5220543], [77.5693752, 28.521927], [77.5693511, 28.5218115], [77.5689622, 28.5209937]]}}, {"type": "Feature", "id": "way/1473676584", "properties": {"natural": "tree_row", "@id": "way/1473676584", "@class": "green"}, "geometry": {"type": "LineString", "coordinates": [[77.5692143, 28.5211092], [77.5696247, 28.5220213], [77.5703703, 28.5217762]]}}, {"type": "Feature", "id": "way/1473676585", "properties": {"natural": "tree_row", "@id": "way/1473676585", "@class": "green"}, "geometry": {"type": "LineString", "coordinates": [[77.5696783, 28.5221014], [77.5703811, 28.5218704]]}}, {"type": "Feature", "id": "way/1473676586", "properties": {"building": "dormitory", "@id": "way/1473676586", "@class": "building", "render_height": 19.2, "render_min_height": 0.0, "height_source": "default"}, "geometry": {"type": "Polygon", "coordinates": [[[77.5705822, 28.5232349], [77.5706922, 28.5230959], [77.570778, 28.5231454], [77.5709255, 28.5233363], [77.5710999, 28.5232868], [77.5711643, 28.5234211], [77.570998, 28.5234824], [77.5710436, 28.5237346], [77.5710248, 28.5238053], [77.5708424, 28.5237723], [77.5708531, 28.5237039], [77.5708344, 28.523513], [77.5708048, 28.5234447], [77.5706627, 28.5232821], [77.5705822, 28.5232349]]]}}, {"type": "Feature", "id": "way/1473676587", "properties": {"building": "dormitory", "@id": "way/1473676587", "@class": "building", "render_height": 19.2, "render_min_height": 0.0, "height_source": "default"}, "geometry": {"type": "Polygon", "coordinates": [[[77.5702872, 28.5222251], [77.5703972, 28.5220861], [77.570483, 28.5221356], [77.5706453, 28.5223312], [77.5708048, 28.522277], [77.5708692, 28.522416], [77.5707029, 28.5224726], [77.5707485, 28.5227247], [77.5707297, 28.5227954], [77.5705474, 28.5227624], [77.5705581, 28.5226941], [77.5705393, 28.5225032], [77.5705098, 28.5224349], [77.5703676, 28.5222723], [77.5702872, 28.5222251]]]}}, {"type": "Feature", "id": "way/1473676588", "properties": {"building": "dormitory", "@id": "way/1473676588", "@class": "building", "render_height": 19.2, "render_min_height": 0.0, "height_source": "default"}, "geometry": {"type": "Polygon", "coordinates": [[[77.5703956, 28.5226292], [77.5704715, 28.5227279], [77.5702328, 28.5228863], [77.5702995, 28.5230215], [77.5701158, 28.5230922], [77.5700545, 28.5229639], [77.5697668, 28.5229996], [77.5696867, 28.5229819], [77.5697274, 28.5228222], [77.569821, 28.5228458], [77.5700225, 28.5228196], [77.5701008, 28.5227949], [77.5703956, 28.5226292]]]}}, {"type": "Feature", "id": "way/1473676589", "properties": {"building": "dormitory", "@id": "way/1473676589", "@class": "building", "render_height": 19.2, "render_min_height": 0.0, "height_source": "default"}, "geometry": {"type": "Polygon", "coordinates": [[[77.5696646, 28.5226699], [77.5695161, 28.5225835], [77.5695699, 28.5225129], [77.569793, 28.5223815], [77.569725, 28.5222293], [77.5699264, 28.5221613], [77.5699943, 28.5223218], [77.5702894, 28.5222908], [77.5703064, 28.5224121], [77.5699818, 28.5224491], [77.5699039, 28.5224748], [77.5697185, 28.5225993], [77.5696646, 28.5226699]]]}}, {"type": "Feature", "id": "way/1473676590", "properties": {"building": "dormitory", "@id": "way/1473676590", "@class": "building", "render_height": 19.2, "render_min_height": 0.0, "height_source": "default"}, "geometry": {"type": "Polygon", "coordinates": [[[77.5699782, 28.5237037], [77.5698203, 28.5236067], [77.5698768, 28.5235314], [77.5701106, 28.5233976], [77.570052, 28.5232584], [77.57024, 28.5231951], [77.5703092, 28.5233508], [77.5706017, 28.5233163], [77.57062, 28.5234459], [77.5702954, 28.5234829], [77.5702175, 28.5235086], [77.5700321, 28.5236331], [77.5699782, 28.5237037]]]}}, {"type": "Feature", "id": "way/1473676591", "properties": {"building": "dormitory", "@id": "way/1473676591", "@class": "building", "render_height": 19.2, "render_min_height": 0.0, "height_source": "default"}, "geometry": {"type": "Polygon", "coordinates": [[[77.5706845, 28.523631], [77.5707771, 28.5237422], [77.5705401, 28.5239075], [77.5706012, 28.5240364], [77.570431, 28.5240952], [77.5703697, 28.5239693], [77.5701021, 28.5240013], [77.5699911, 28.5239768], [77.5700391, 28.5238288], [77.570141, 28.5238613], [77.5703385, 28.5238346], [77.5704156, 28.5238073], [77.5706845, 28.523631]]]}}, {"type": "Feature", "id": "way/1473676592", "properties": {"highway": "footway", "@id": "way/1473676592", "@class": "path"}, "geometry": {"type": "LineString", "coordinates": [[77.5706162, 28.5218532], [77.5706236, 28.5218877], [77.5706236, 28.52191], [77.5706088, 28.5219265], [77.5705713, 28.521943], [77.5705431, 28.5219572], [77.5705217, 28.5219819], [77.5705069, 28.5220279], [77.5705015, 28.5220844], [77.5705109, 28.5221257], [77.570531, 28.5221646], [77.5705686, 28.5222023], [77.5706209, 28.5222353], [77.5706812, 28.5222553], [77.5707322, 28.5222612], [77.5707805, 28.5222588], [77.5708167, 28.5222647], [77.5708489, 28.5222836], [77.5708757, 28.5223142], [77.5709052, 28.5223755], [77.5709119, 28.5224026], [77.5709079, 28.5224309], [77.5708931, 28.5224533], [77.5707966, 28.522577], [77.5707805, 28.5226135], [77.5707724, 28.5226489], [77.5707724, 28.5226842], [77.5707912, 28.5227196], [77.5708207, 28.5227502], [77.5708583, 28.5227726], [77.5709066, 28.522802], [77.5709307, 28.5228209], [77.5709495, 28.522848], [77.5709656, 28.5228881], [77.5708033, 28.5229352], [77.5708247, 28.5229906], [77.5708274, 28.5230106], [77.5708207, 28.5230342], [77.570806, 28.5230683], [77.5708019, 28.5230954], [77.5708086, 28.5231237], [77.5708234, 28.5231473], [77.5708462, 28.5231732], [77.570873, 28.5231968], [77.5709186, 28.5232192], [77.5709857, 28.523238], [77.571042, 28.523251], [77.5710876, 28.5232592], [77.5711292, 28.5232675], [77.5711614, 28.523284], [77.5711842, 28.5233099], [77.5712003, 28.5233429], [77.5712083, 28.5233771], [77.571207, 28.5234089], [77.5711989, 28.5234372], [77.5711815, 28.5234595], [77.57116, 28.5234796], [77.571105, 28.5235291], [77.5710849, 28.5235621], [77.5710742, 28.5236045], [77.5710728, 28.5236493], [77.5710809, 28.5236893], [77.571101, 28.5237258], [77.5711265, 28.5237518], [77.5711681, 28.5237871], [77.5712029, 28.5238236], [77.5712394, 28.523873]]}}, {"type": "Feature", "id": "way/1473676593", "properties": {"amenity": "food_court", "building": "yes", "internet_access": "wlan", "name": "Dining Hall 3", "@id": "way/1473676593", "@class": "building", "render_height": 6.4, "render_min_height": 0.0, "height_source": "default"}, "geometry": {"type": "Polygon", "coordinates": [[[77.5695999, 28.5229671], [77.5694938, 28.5229775], [77.5695111, 28.5230574], [77.5694555, 28.523056], [77.5695306, 28.5232229], [77.5694997, 28.5232522], [77.5695219, 28.5233167], [77.5695404, 28.5233585], [77.5695724, 28.5234109], [77.5696152, 28.523416], [77.5696748, 28.5235415], [77.5699146, 28.5233963], [77.5698777, 28.5233065], [77.5698951, 28.5232911], [77.5698165, 28.5231322], [77.5697904, 28.5231276], [77.5697519, 28.5230449], [77.5696147, 28.5230434], [77.5695999, 28.5229671]]]}}, {"type": "Feature", "id": "way/1473676594", "properties": {"building": "university", "@id": "way/1473676594", "@class": "building", "render_height": 12.8, "render_min_height": 0.0, "height_source": "default"}, "geometry": {"type": "Polygon", "coordinates": [[[77.5700766, 28.523675], [77.5702299, 28.5236196], [77.5702433, 28.5236485], [77.5702661, 28.5236403], [77.5702886, 28.5236883], [77.5702644, 28.523697], [77.5702782, 28.5237266], [77.5701264, 28.5237814], [77.5700766, 28.523675]]]}}, {"type": "Feature", "id": "way/1473676595", "properties": {"building": "university", "@id": "way/1473676595", "@class": "building", "render_height": 12.8, "render_min_height": 0.0, "height_source": "default"}, "geometry": {"type": "Polygon", "coordinates": [[[77.5697733, 28.5226751], [77.5699266, 28.5226198], [77.56994, 28.5226486], [77.5699628, 28.5226404], [77.5699852, 28.5226885], [77.5699611, 28.5226972], [77.5699749, 28.5227268], [77.5698231, 28.5227816], [77.5697733, 28.5226751]]]}}, {"type": "Feature", "id": "way/1473676596", "properties": {"leisure": "pitch", "sport": "soccer", "surface": "grass", "@id": "way/1473676596", "@class": "sport"}, "geometry": {"type": "Polygon", "coordinates": [[[77.5715766, 28.5229469], [77.5719776, 28.5228016], [77.5722266, 28.5233317], [77.5718255, 28.5234771], [77.5715766, 28.5229469]]]}}, {"type": "Feature", "id": "way/1473676597", "properties": {"building": "dormitory", "construction": "yes", "@id": "way/1473676597", "@class": "building", "render_height": 19.2, "render_min_height": 0.0, "height_source": "default"}, "geometry": {"type": "Polygon", "coordinates": [[[77.5722737, 28.5214995], [77.5722767, 28.5213302], [77.5723793, 28.5213292], [77.5726382, 28.5214119], [77.5727362, 28.5212887], [77.572878, 28.5213725], [77.5727759, 28.521501], [77.5729739, 28.5216879], [77.5730032, 28.5217558], [77.5728309, 28.5218178], [77.5727964, 28.5217558], [77.5726596, 28.5216066], [77.5725917, 28.5215644], [77.5723704, 28.5214992], [77.5722737, 28.5214995]]]}}, {"type": "Feature", "id": "way/1473676598", "properties": {"building": "dormitory", "construction": "yes", "@id": "way/1473676598", "@class": "building", "render_height": 19.2, "render_min_height": 0.0, "height_source": "default"}, "geometry": {"type": "Polygon", "coordinates": [[[77.5727225, 28.5219638], [77.5727222, 28.5221331], [77.5726196, 28.5221353], [77.5723594, 28.5220557], [77.5722634, 28.5221801], [77.5721203, 28.522098], [77.5722204, 28.5219683], [77.5720195, 28.5217838], [77.5719891, 28.5217163], [77.5721604, 28.5216522], [77.5721959, 28.5217137], [77.572335, 28.5218613], [77.5724036, 28.5219027], [77.5726258, 28.5219653], [77.5727225, 28.5219638]]]}}, {"type": "Feature", "id": "way/1473676599", "properties": {"building": "dormitory", "@id": "way/1473676599", "@class": "building", "render_height": 19.2, "render_min_height": 0.0, "height_source": "default"}, "geometry": {"type": "Polygon", "coordinates": [[[77.5718185, 28.5200736], [77.5719285, 28.5199345], [77.5720143, 28.519984], [77.5721766, 28.5201796], [77.5723362, 28.5201254], [77.5724005, 28.5202645], [77.5722342, 28.520321], [77.5722798, 28.5205732], [77.5722611, 28.5206439], [77.5720787, 28.5206109], [77.5720894, 28.5205426], [77.5720706, 28.5203517], [77.5720411, 28.5202833], [77.571899, 28.5201207], [77.5718185, 28.5200736]]]}}, {"type": "Feature", "id": "way/1473676600", "properties": {"building": "dormitory", "@id": "way/1473676600", "@class": "building", "render_height": 19.2, "render_min_height": 0.0, "height_source": "default"}, "geometry": {"type": "Polygon", "coordinates": [[[77.5719472, 28.5206769], [77.5718373, 28.520816], [77.5717514, 28.5207665], [77.5715891, 28.5205709], [77.5714296, 28.5206251], [77.5713652, 28.520486], [77.5715315, 28.5204295], [77.5714859, 28.5201773], [77.5715047, 28.5201066], [77.571687, 28.5201396], [77.5716763, 28.5202079], [77.5716951, 28.5203988], [77.5717246, 28.5204672], [77.5718668, 28.5206298], [77.5719472, 28.5206769]]]}}, {"type": "Feature", "id": "way/1473676601", "properties": {"building": "dormitory", "@id": "way/1473676601", "@class": "building", "render_height": 19.2, "render_min_height": 0.0, "height_source": "default"}, "geometry": {"type": "Polygon", "coordinates": [[[77.5714412, 28.5201622], [77.5712801, 28.5200693], [77.5713341, 28.5199926], [77.5715524, 28.5198449], [77.5714865, 28.5197062], [77.571643, 28.5196459], [77.5717117, 28.5197905], [77.5719974, 28.5197438], [77.5720783, 28.5197584], [77.5720456, 28.5199195], [77.5719676, 28.5199119], [77.5717509, 28.5199334], [77.5716739, 28.5199611], [77.5714927, 28.5200903], [77.5714412, 28.5201622]]]}}, {"type": "Feature", "id": "way/1473676602", "properties": {"natural": "scrub", "@id": "way/1473676602", "@class": "green"}, "geometry": {"type": "Polygon", "coordinates": [[[77.5728096, 28.5211211], [77.5730376, 28.521444], [77.5737966, 28.5207441], [77.5728096, 28.5211211]]]}}, {"type": "Feature", "id": "way/1473676603", "properties": {"leisure": "pitch", "sport": "equestrian", "@id": "way/1473676603", "@class": "sport"}, "geometry": {"type": "Polygon", "coordinates": [[[77.5748848, 28.5185447], [77.5753666, 28.5187321], [77.5754912, 28.518485], [77.5750094, 28.5182975], [77.5748848, 28.5185447]]]}}, {"type": "Feature", "id": "way/1473676604", "properties": {"building": "yes", "@id": "way/1473676604", "@class": "building", "render_height": 6.4, "render_min_height": 0.0, "height_source": "default"}, "geometry": {"type": "Polygon", "coordinates": [[[77.5737868, 28.5192511], [77.5738457, 28.5192302], [77.5738935, 28.519334], [77.5738346, 28.519355], [77.5737868, 28.5192511]]]}}, {"type": "Feature", "id": "way/1473676605", "properties": {"highway": "service", "@id": "way/1473676605", "@class": "road"}, "geometry": {"type": "LineString", "coordinates": [[77.5748506, 28.5203408], [77.5748749, 28.5199851]]}}, {"type": "Feature", "id": "way/1473676606", "properties": {"highway": "service", "surface": "grass", "@id": "way/1473676606", "@class": "road"}, "geometry": {"type": "LineString", "coordinates": [[77.5748749, 28.5199851], [77.5748796, 28.5198979]]}}, {"type": "Feature", "id": "way/1505805649", "properties": {"landuse": "industrial", "name": "R.P. Foam Home Pvt. Ltd.", "@id": "way/1505805649", "@class": "landuse"}, "geometry": {"type": "Polygon", "coordinates": [[[77.583273, 28.528856], [77.5833468, 28.5288094], [77.5838963, 28.5284426], [77.58167, 28.526136], [77.5812462, 28.5264734], [77.5816136, 28.5269164], [77.5814961, 28.527007], [77.583273, 28.528856]]]}}, {"type": "Feature", "id": "way/1505805650", "properties": {"building": "yes", "@id": "way/1505805650", "@class": "building", "render_height": 6.4, "render_min_height": 0.0, "height_source": "default"}, "geometry": {"type": "Polygon", "coordinates": [[[77.5780301, 28.5307129], [77.5782716, 28.5309197], [77.5783191, 28.5308769], [77.5782803, 28.5308437], [77.5783809, 28.530753], [77.5784276, 28.5307915], [77.5784359, 28.5307952], [77.5784462, 28.530795], [77.5784553, 28.5307898], [77.5784585, 28.5307807], [77.578454, 28.5307715], [77.5784068, 28.5307334], [77.5785166, 28.5306398], [77.5785505, 28.5306688], [77.5785942, 28.5306295], [77.5783523, 28.5304224], [77.5780301, 28.5307129]]]}}, {"type": "Feature", "id": "way/1505805651", "properties": {"building": "yes", "@id": "way/1505805651", "@class": "building", "render_height": 6.4, "render_min_height": 0.0, "height_source": "default"}, "geometry": {"type": "Polygon", "coordinates": [[[77.5779074, 28.5321749], [77.5774231, 28.5317593], [77.5776507, 28.5315544], [77.5779289, 28.5317931], [77.578493, 28.5312855], [77.5785925, 28.5313709], [77.5785326, 28.5314248], [77.57859, 28.5314741], [77.578468, 28.5315838], [77.5784158, 28.531539], [77.5780499, 28.5318681], [77.5781515, 28.5319553], [77.5779074, 28.5321749]]]}}, {"type": "Feature", "id": "way/1505805652", "properties": {"building": "yes", "@id": "way/1505805652", "@class": "building", "render_height": 6.4, "render_min_height": 0.0, "height_source": "default"}, "geometry": {"type": "Polygon", "coordinates": [[[77.576633, 28.53314], [77.5763749, 28.532895], [77.5764604, 28.5328255], [77.5767185, 28.5330705], [77.576633, 28.53314]]]}}, {"type": "Feature", "id": "way/1505805664", "properties": {"industrial": "warehouse", "landuse": "industrial", "@id": "way/1505805664", "@class": "landuse"}, "geometry": {"type": "Polygon", "coordinates": [[[77.5811915, 28.5314472], [77.5815827, 28.5323545], [77.5821263, 28.5335944], [77.5837015, 28.5330978], [77.5828698, 28.5313259], [77.5827456, 28.5313644], [77.5826285, 28.5311732], [77.5824377, 28.5308556], [77.5822214, 28.5309359], [77.5821665, 28.5308583], [77.5818527, 28.531043], [77.581682, 28.5308288], [77.58158, 28.5308917], [77.5814779, 28.5309546], [77.5816455, 28.5311768], [77.5811915, 28.5314472]]]}}, {"type": "Feature", "id": "way/1512421639", "properties": {"access": "private", "highway": "service", "oneway": "no", "@id": "way/1512421639", "@class": "road"}, "geometry": {"type": "LineString", "coordinates": [[77.5763023, 28.5334583], [77.5764462, 28.5336516]]}}, {"type": "Feature", "id": "way/1549377134", "properties": {"access": "private", "highway": "service", "@id": "way/1549377134", "@class": "road"}, "geometry": {"type": "LineString", "coordinates": [[77.5781325, 28.5288294], [77.5782657, 28.529135], [77.5784792, 28.5290591], [77.5784608, 28.5290116]]}}, {"type": "Feature", "id": "way/1549377135", "properties": {"access": "private", "highway": "service", "@id": "way/1549377135", "@class": "road"}, "geometry": {"type": "LineString", "coordinates": [[77.5787179, 28.5296082], [77.5787657, 28.5297219]]}}, {"type": "Feature", "id": "way/1549377136", "properties": {"access": "private", "highway": "service", "@id": "way/1549377136", "@class": "road"}, "geometry": {"type": "LineString", "coordinates": [[77.5784525, 28.5298305], [77.5786093, 28.5297766]]}}, {"type": "Feature", "id": "way/1549377137", "properties": {"access": "private", "highway": "service", "@id": "way/1549377137", "@class": "road"}, "geometry": {"type": "LineString", "coordinates": [[77.5778664, 28.5289272], [77.5777456, 28.5289684], [77.5776486, 28.5287631], [77.5777763, 28.528718], [77.5778944, 28.5286731]]}}, {"type": "Feature", "id": "way/1549377138", "properties": {"access": "private", "highway": "service", "@id": "way/1549377138", "@class": "road"}, "geometry": {"type": "LineString", "coordinates": [[77.5777763, 28.528718], [77.5777086, 28.5285736]]}}, {"type": "Feature", "id": "way/1549377139", "properties": {"access": "private", "highway": "service", "@id": "way/1549377139", "@class": "road"}, "geometry": {"type": "LineString", "coordinates": [[77.5784608, 28.5290116], [77.5787775, 28.5289015]]}}, {"type": "Feature", "id": "way/1552244534", "properties": {"highway": "footway", "@id": "way/1552244534", "@class": "path"}, "geometry": {"type": "LineString", "coordinates": [[77.5712824, 28.5233462], [77.5712645, 28.5233483], [77.5712476, 28.5233428], [77.5712355, 28.523331], [77.5712312, 28.523313], [77.5712384, 28.5232957], [77.5712551, 28.5232846], [77.5712759, 28.5232829], [77.5712945, 28.5232913], [77.5713052, 28.5233072], [77.5713054, 28.523323], [77.5712971, 28.5233371], [77.5712824, 28.5233462]]}}, {"type": "Feature", "id": "way/1552244535", "properties": {"highway": "footway", "@id": "way/1552244535", "@class": "path"}, "geometry": {"type": "LineString", "coordinates": [[77.5712003, 28.5233429], [77.5712355, 28.523331]]}}, {"type": "Feature", "id": "way/1552244536", "properties": {"highway": "footway", "@id": "way/1552244536", "@class": "path"}, "geometry": {"type": "LineString", "coordinates": [[77.5718892, 28.5236422], [77.5719112, 28.5237024], [77.5719416, 28.5237546], [77.5719873, 28.5237827], [77.5720391, 28.5237867], [77.5720864, 28.5237734], [77.5721275, 28.5237479], [77.5721717, 28.5237426], [77.5722052, 28.5237573], [77.5722433, 28.523768], [77.5722763, 28.5237734], [77.5723593, 28.5237696]]}}, {"type": "Feature", "id": "way/1552244537", "properties": {"highway": "footway", "@id": "way/1552244537", "@class": "path"}, "geometry": {"type": "LineString", "coordinates": [[77.5723903, 28.5237496], [77.5723957, 28.5237131], [77.5723972, 28.523689], [77.5723896, 28.5236663], [77.5723743, 28.5236502], [77.5723696, 28.5236425], [77.5723652, 28.5236236], [77.5723758, 28.5236039]]}}, {"type": "Feature", "id": "way/1552244538", "properties": {"highway": "footway", "@id": "way/1552244538", "@class": "path"}, "geometry": {"type": "LineString", "coordinates": [[77.572358, 28.5237868], [77.5723593, 28.5237696], [77.5723664, 28.5237595], [77.5723772, 28.5237525], [77.5723903, 28.5237496], [77.5724032, 28.5237512], [77.5724146, 28.5237568], [77.5724228, 28.5237656], [77.5724269, 28.5237825], [77.57242, 28.5237987], [77.5724043, 28.523809], [77.5723847, 28.5238102], [77.5723674, 28.523802], [77.572358, 28.5237868]]}}, {"type": "Feature", "id": "way/1552244539", "properties": {"highway": "footway", "@id": "way/1552244539", "@class": "path"}, "geometry": {"type": "LineString", "coordinates": [[77.5724228, 28.5237656], [77.5724465, 28.5237702], [77.5724673, 28.5237787], [77.5724947, 28.5238068], [77.5725206, 28.5238483], [77.5725398, 28.5238917]]}}, {"type": "Feature", "id": "way/1552244540", "properties": {"highway": "footway", "@id": "way/1552244540", "@class": "path"}, "geometry": {"type": "LineString", "coordinates": [[77.5723593, 28.5237696], [77.5723371, 28.5237534], [77.5723283, 28.5237358], [77.5723224, 28.5237218]]}}, {"type": "Feature", "id": "way/1552244541", "properties": {"highway": "footway", "@id": "way/1552244541", "@class": "path"}, "geometry": {"type": "LineString", "coordinates": [[77.5723475, 28.5237073], [77.5723373, 28.5237177], [77.5723224, 28.5237218], [77.5723091, 28.5237191], [77.5722987, 28.5237112], [77.5722938, 28.5237001], [77.5722954, 28.5236882], [77.5723031, 28.5236783], [77.5723152, 28.5236728], [77.5723308, 28.5236734], [77.5723389, 28.5236782], [77.5723437, 28.5236812], [77.5723499, 28.5236938], [77.5723475, 28.5237073]]}}, {"type": "Feature", "id": "way/1552244542", "properties": {"highway": "footway", "@id": "way/1552244542", "@class": "path"}, "geometry": {"type": "LineString", "coordinates": [[77.5723389, 28.5236782], [77.5723545, 28.523659], [77.5723696, 28.5236425]]}}, {"type": "Feature", "id": "relation/1289198", "properties": {"name": "National Highway 91", "network": "IN:NH", "ref:old": "NH91", "route": "road", "type": "route", "@id": "relation/1289198", "@class": "other"}, "geometry": {"type": "MultiLineString", "coordinates": [[[80.3065234, 26.4792764], [80.3063115, 26.4794756], [80.3061899, 26.4795658], [80.3060114, 26.479677]], [[80.3109511, 26.4747724], [80.3108445, 26.4748804], [80.3098762, 26.4758467], [80.3089468, 26.4767807], [80.3086531, 26.4770796], [80.3079477, 26.4778083], [80.3065234, 26.4792764]], [[80.3109973, 26.4747276], [80.3109511, 26.4747724]], [[80.3339386, 26.4556598], [80.3329405, 26.4562885], [80.3327255, 26.4564377], [80.3325848, 26.4565354], [80.3324336, 26.4566403], [80.3317244, 26.4571015], [80.3309555, 26.4576107], [80.3309396, 26.4576212], [80.330658, 26.4578025], [80.3302087, 26.4580979], [80.3297473, 26.4584052], [80.3292498, 26.458733], [80.3288726, 26.4589834], [80.3282842, 26.4593741], [80.3281608, 26.4594546], [80.3277089, 26.4597595], [80.326927, 26.4602722], [80.3258823, 26.4609482], [80.3243601, 26.4619483], [80.3235568, 26.4624693], [80.323058, 26.4627883], [80.3227699, 26.4629731], [80.3226439, 26.463067], [80.3224363, 26.4632741], [80.3210342, 26.4646724], [80.3194329, 26.4662103], [80.3182796, 26.4673544], [80.317672, 26.4679715], [80.3171879, 26.4684709], [80.3168037, 26.4688573], [80.3167519, 26.4689143], [80.3167338, 26.4689339], [80.3159809, 26.4696954], [80.3153406, 26.4703407], [80.3151602, 26.4705226], [80.314149, 26.4715478], [80.3138596, 26.4718423], [80.313802, 26.4719009], [80.3135468, 26.4721421], [80.3131585, 26.4725279], [80.3129554, 26.4727243], [80.3120367, 26.4736451], [80.3116196, 26.4740676], [80.311056, 26.4746681], [80.3109973, 26.4747276]], [[80.3061187, 26.4798006], [80.3063, 26.4796188], [80.3066535, 26.4792752]], [[80.3066535, 26.4792752], [80.3074582, 26.4784241], [80.3081529, 26.4777074], [80.3087166, 26.4771291], [80.3088865, 26.4769547], [80.3096321, 26.4762045], [80.3103402, 26.4754998], [80.3109083, 26.4749244], [80.3110123, 26.4748234]], [[80.3110123, 26.4748234], [80.3110597, 26.4747773]], [[80.3110597, 26.4747773], [80.3111236, 26.4747152], [80.3116009, 26.4742177], [80.3121128, 26.4736992], [80.313021, 26.4727892], [80.3132321, 26.4725889], [80.3137327, 26.4720973], [80.3138763, 26.4719667], [80.3139384, 26.471903], [80.3141349, 26.4717013], [80.3150327, 26.4707735], [80.3154057, 26.4703923], [80.3155236, 26.4702717], [80.3160543, 26.4697543]], [[80.3160543, 26.4697543], [80.3168184, 26.468982], [80.3168815, 26.4689151], [80.3175312, 26.4682272], [80.3177405, 26.4680192], [80.3183416, 26.4674105], [80.3195007, 26.466265], [80.3204964, 26.4652943], [80.3210735, 26.4647217], [80.3216752, 26.4641393], [80.3222251, 26.4635871], [80.3226462, 26.4631789], [80.3227528, 26.463117], [80.322818, 26.4630952], [80.3228625, 26.4630832], [80.3229956, 26.4630234], [80.3230526, 26.4629898], [80.3231303, 26.4629267], [80.323161, 26.4628943], [80.3232953, 26.4627647], [80.3235582, 26.4625534], [80.3238934, 26.4623384], [80.3248174, 26.4617309], [80.3255551, 26.4612579], [80.3259384, 26.461001], [80.326408, 26.4606864], [80.3269797, 26.460321], [80.3277574, 26.4598182], [80.3283307, 26.4594413], [80.329109, 26.4589287], [80.3292979, 26.458798], [80.3298025, 26.4584784], [80.3302641, 26.4581678], [80.3310083, 26.4576737], [80.3317857, 26.4571682], [80.3324897, 26.4567208], [80.33265, 26.4566121], [80.33279, 26.4565172], [80.3331202, 26.4562933], [80.3337479, 26.4558785]], [[80.3056933, 26.4797847], [80.3056805, 26.4798477], [80.3056907, 26.4799111], [80.3057228, 26.4799683], [80.3057735, 26.4800135], [80.3058376, 26.4800419], [80.3059069, 26.4800508], [80.3059759, 26.4800399], [80.3060377, 26.4800104], [80.30608, 26.4799728], [80.3061097, 26.4799265], [80.3061245, 26.4798748], [80.3061235, 26.4798214], [80.3061187, 26.4798006], [80.3060959, 26.4797512], [80.3060593, 26.479709], [80.3060114, 26.479677], [80.3059512, 26.4796566], [80.3058871, 26.4796525], [80.3058244, 26.4796648], [80.3057682, 26.4796928], [80.3057232, 26.4797339], [80.3056933, 26.4797847]], [[80.3056933, 26.4797847], [80.3053632, 26.4799803], [80.3052574, 26.4800278], [80.3050966, 26.4800731]], [[78.655526, 27.5611288], [78.6554629, 27.5611748], [78.6544784, 27.5618828], [78.6543902, 27.5619506]], [[78.6544445, 27.5620131], [78.6544328, 27.5619821], [78.6544139, 27.5619627], [78.6543902, 27.5619506], [78.654352, 27.5619462], [78.6543197, 27.5619551], [78.6542951, 27.5619733], [78.6542774, 27.5620076], [78.6542765, 27.5620282], [78.6542805, 27.5620444], [78.6543071, 27.5620786], [78.6543361, 27.5620923], [78.654369, 27.5620951], [78.6543996, 27.562087], [78.6544259, 27.5620679], [78.6544422, 27.5620396], [78.6544445, 27.5620131]], [[78.6542805, 27.5620444], [78.6540925, 27.5621727], [78.6536637, 27.5624911], [78.6523016, 27.5634758], [78.6519878, 27.5637027], [78.6516864, 27.5639251], [78.6502789, 27.5649634], [78.6500763, 27.5651236], [78.6500361, 27.5651652], [78.6500015, 27.5652235]], [[78.6500015, 27.5652235], [78.6500669, 27.5652092], [78.6501393, 27.5651729], [78.6502433, 27.5650998], [78.6503016, 27.5650588], [78.6506069, 27.5648259], [78.6510015, 27.5645248], [78.6511362, 27.5644267], [78.6517461, 27.5639824], [78.6537066, 27.5625544], [78.654223, 27.5621933], [78.6543361, 27.5620923]], [[77.8253786, 28.4167795], [77.8254228, 28.4164677], [77.8254596, 28.4162877]], [[77.8254596, 28.4162877], [77.8256079, 28.4155894], [77.8256942, 28.4151877], [77.8259654, 28.4139911], [77.8261994, 28.4129893], [77.8262121, 28.4129203], [77.8262294, 28.4128284], [77.8262807, 28.4126207], [77.8263219, 28.4124396], [77.8268274, 28.4101623], [77.8268761, 28.4099116], [77.8272824, 28.4081768], [77.827388, 28.4076964], [77.8274578, 28.4074], [77.8275473, 28.4070197], [77.827883, 28.4054987], [77.8279028, 28.4054247], [77.8279354, 28.40529], [77.8279655, 28.405178], [77.8279782, 28.405117], [77.8281158, 28.4045068], [77.8283939, 28.4032682], [77.8285153, 28.4026874], [77.8285361, 28.4026027], [77.8286714, 28.4020064], [77.8289261, 28.4009526], [77.8289525, 28.4008405], [77.8290001, 28.4006458], [77.8290575, 28.4003878], [77.8292059, 28.3997137], [77.82923, 28.3996185], [77.8292497, 28.3995304], [77.8294284, 28.3987278], [77.8295316, 28.3982334], [77.8295625, 28.3980991], [77.829677, 28.397575], [77.8296988, 28.3974641], [77.8297431, 28.3972412], [77.8298208, 28.3968878], [77.8298441, 28.3967668], [77.8298565, 28.3967078], [77.8301747, 28.3952084], [77.8302084, 28.3950508], [77.8303398, 28.3944402], [77.8306408, 28.3931417], [77.8306994, 28.3929205], [77.8307357, 28.3927122], [77.8307455, 28.3926345], [77.8307541, 28.3925153], [77.8307762, 28.3921577], [77.8307711, 28.3918587]], [[77.8307711, 28.3918587], [77.8307183, 28.3917915], [77.8305039, 28.3914062], [77.8302242, 28.3908543], [77.8299872, 28.3905497], [77.8298286, 28.3903375], [77.8293291, 28.3897645]], [[77.8293291, 28.3897645], [77.8282994, 28.3887007]], [[77.8282994, 28.3887007], [77.8278378, 28.3881429], [77.8277347, 28.3879927], [77.8277062, 28.3879364], [77.8276084, 28.387717], [77.8275963, 28.3876374], [77.8275897, 28.38754], [77.8276378, 28.3871937], [77.82767, 28.3870014], [77.8276947, 28.3867236], [77.8277197, 28.3863731], [77.8277389, 28.3862395], [77.8277774, 28.3860888], [77.8278216, 28.3859673], [77.8279187, 28.3858176], [77.8280801, 28.3855895], [77.8284145, 28.3852558], [77.8286362, 28.38507], [77.8287962, 28.3849249], [77.8289152, 28.3848428], [77.8294677, 28.3845101], [77.8294945, 28.384494], [77.8295704, 28.3843494], [77.8296144, 28.3842655], [77.8298501, 28.383723], [77.8300615, 28.3832362], [77.8301269, 28.3830858], [77.8303536, 28.3825639], [77.8306694, 28.3818123], [77.8309327, 28.3811856], [77.8312228, 28.3804952], [77.8312671, 28.3803898], [77.8316199, 28.3795501], [77.8316425, 28.3794963], [77.8318442, 28.3790164], [77.8320102, 28.3786443], [77.832429, 28.3777056], [77.832695, 28.3771093], [77.8331216, 28.3761532], [77.833145, 28.3758465], [77.8330404, 28.3754111], [77.8328567, 28.3749686]], [[77.8328567, 28.3749686], [77.8328634, 28.3749084], [77.8327552, 28.3746365], [77.8326397, 28.3743461], [77.8325957, 28.3742503]], [[77.8253843, 28.4162754], [77.825306, 28.4164823], [77.8252201, 28.4166457], [77.8251443, 28.4167392]], [[77.8307183, 28.3917915], [77.8306997, 28.392155], [77.8306776, 28.3925114], [77.8306692, 28.3926286], [77.8306598, 28.3927034], [77.8306241, 28.3929078], [77.830566, 28.3931273], [77.8302646, 28.3944272], [77.8301332, 28.3950382], [77.8300994, 28.3951959], [77.8297812, 28.3966955], [77.8297408, 28.3968747], [77.8296676, 28.3972298], [77.8296225, 28.397456], [77.8296019, 28.3975617], [77.8294874, 28.3980861], [77.8294564, 28.3982206], [77.8293531, 28.3987153], [77.8291804, 28.3994774], [77.8291513, 28.3996021], [77.8291307, 28.3997012], [77.8289824, 28.400375], [77.8289251, 28.4006323], [77.8288775, 28.4008265], [77.8288511, 28.4009388], [77.8285964, 28.4019928], [77.8284612, 28.4025884], [77.8284375, 28.402677], [77.8283186, 28.4032556], [77.8280407, 28.4044938], [77.827903, 28.4051044], [77.8278905, 28.4051641], [77.8278607, 28.4052752], [77.827828, 28.40541], [77.8278081, 28.4054846], [77.8274722, 28.4070065], [77.8273832, 28.4073848], [77.8273129, 28.4076832], [77.8272073, 28.4081636], [77.8268008, 28.4098992], [77.826752, 28.4101502], [77.8262468, 28.4124265], [77.8262058, 28.412607], [77.8261521, 28.412842], [77.8261365, 28.4129094], [77.826124, 28.4129771], [77.8258903, 28.4139777], [77.825619, 28.4151749], [77.8255327, 28.4155769], [77.8253843, 28.4162754]], [[77.8254083, 28.4168204], [77.8253786, 28.4167795], [77.8253293, 28.4167436], [77.8252694, 28.4167237], [77.8252054, 28.4167222], [77.8251443, 28.4167392], [77.8250954, 28.4167705], [77.8250599, 28.4168136], [77.8250413, 28.4168642], [77.8250408, 28.4169131], [77.825056, 28.4169601], [77.8250858, 28.4170014], [77.8251278, 28.4170334], [77.8251618, 28.4170487], [77.8251985, 28.4170578], [77.825259, 28.4170588], [77.8253168, 28.4170433], [77.8253663, 28.4170128], [77.8254028, 28.4169704], [77.8254225, 28.4169201], [77.8254236, 28.416867], [77.8254083, 28.4168204]], [[77.8325173, 28.3742856], [77.8325644, 28.3743788], [77.8326835, 28.3746619], [77.8327936, 28.3749238], [77.8328567, 28.3749686]], [[78.0198791, 27.9338396], [78.0194724, 27.9352987], [78.0189891, 27.937409], [78.0185234, 27.9394361], [78.0180181, 27.9412325], [78.017747, 27.9417769], [78.0171677, 27.9426914], [78.0164586, 27.9440995]], [[77.8961124, 28.1828255], [77.8958373, 28.1832115], [77.8954637, 28.1839996], [77.8952621, 28.1845337]], [[77.8952621, 28.1845337], [77.8950606, 28.1850678], [77.8948919, 28.1855148], [77.8944402, 28.186641], [77.8940873, 28.187548], [77.8936206, 28.1884038], [77.8930734, 28.1892927], [77.892012, 28.1909839], [77.890756, 28.1929853], [77.8890148, 28.1957973], [77.8873361, 28.1985146], [77.8867878, 28.1994188], [77.8861722, 28.2004177], [77.8853352, 28.2017861], [77.8831183, 28.2054461], [77.8825833, 28.2063292], [77.8820669, 28.2071669], [77.8817748, 28.2076408], [77.880695, 28.2093925], [77.8803248, 28.2100355], [77.8800894, 28.210564], [77.8799732, 28.210824], [77.8795094, 28.2118617], [77.879333, 28.2122563], [77.8787027, 28.2135468], [77.8780455, 28.2150382], [77.8775174, 28.216266], [77.8774479, 28.2164275], [77.8769433, 28.2174872], [77.8768498, 28.2177164], [77.8766929, 28.2180791], [77.8761376, 28.219288], [77.8756611, 28.2203436], [77.875561, 28.2205655], [77.8754403, 28.2208207], [77.8754261, 28.2208464], [77.8753075, 28.2211374], [77.8752284, 28.2213276], [77.8751353, 28.2215471], [77.8749905, 28.2221427], [77.8749548, 28.2226222], [77.8749555, 28.2227485], [77.8749581, 28.2232307], [77.8749587, 28.223264], [77.8749618, 28.2233093], [77.8749859, 28.2236699], [77.8750415, 28.2245013], [77.8751836, 28.2258649], [77.8753124, 28.2267936], [77.8755362, 28.227932], [77.8756664, 28.2285944], [77.8760124, 28.2298989], [77.8762458, 28.2309127], [77.8763906, 28.2317658], [77.876522, 28.2327819], [77.8766006, 28.2334018], [77.8767527, 28.2346015], [77.8769405, 28.2356555], [77.8771309, 28.2368866], [77.8772838, 28.2377444], [77.877442, 28.2384296], [77.8776888, 28.2393607]], [[77.8776888, 28.2393607], [77.8777264, 28.239519]], [[77.8777264, 28.239519], [77.8779222, 28.2400955], [77.8781287, 28.2406981], [77.8783514, 28.2413006], [77.8788449, 28.2424797], [77.8791614, 28.2432808], [77.8794651, 28.2440107], [77.8797729, 28.2447505], [77.8801225, 28.2456004], [77.8803856, 28.24624], [77.880422, 28.2463439], [77.8804601, 28.2464461], [77.8806285, 28.2468983], [77.8808101, 28.2473224], [77.8809352, 28.2476144], [77.8812589, 28.2483703], [77.8813348, 28.2485596], [77.8818505, 28.2498465], [77.8819138, 28.2500044], [77.8819643, 28.2501305], [77.8826295, 28.2517608], [77.8832276, 28.2532658], [77.8832512, 28.2533253], [77.883933, 28.2550425], [77.8848799, 28.2574453], [77.8851642, 28.2582249], [77.8854673, 28.2591369], [77.8857346, 28.2599588], [77.8857387, 28.2599715], [77.8857623, 28.2600335], [77.8859661, 28.2605426], [77.8863604, 28.2614781], [77.8866769, 28.2624326], [77.8869183, 28.2631626], [77.887015, 28.2635114], [77.8870444, 28.2636421], [77.8871731, 28.2644761], [77.8872241, 28.2650926], [77.887212, 28.2654841], [77.8872, 28.2658746], [77.8872161, 28.2671267], [77.8871812, 28.267755], [77.8871034, 28.2684519], [77.8869773, 28.2689267], [77.8868271, 28.2693236], [77.8865777, 28.2698717], [77.8862558, 28.2703914], [77.885926, 28.2708544], [77.8854619, 28.2714496], [77.8849335, 28.2721512], [77.8846251, 28.2725434], [77.8839733, 28.2734008], [77.8835387, 28.2739064], [77.8832671, 28.2743085]], [[77.8832671, 28.2743085], [77.8831848, 28.2744303]], [[77.8831848, 28.2744303], [77.8830264, 28.2746647], [77.8824122, 28.2755363], [77.8820743, 28.2759686], [77.8816907, 28.2763914], [77.8813769, 28.2767552], [77.8808833, 28.2772702], [77.880304, 28.2777732], [77.8800657, 28.2779614], [77.8796764, 28.2782527], [77.8788118, 28.2788554], [77.8780876, 28.2793007], [77.8774291, 28.2796385], [77.8769061, 28.2799195], [77.8757863, 28.280353], [77.8746182, 28.2807274], [77.8744948, 28.2807628], [77.8732288, 28.2811478], [77.870847, 28.2819084], [77.8704178, 28.2820572], [77.868433, 28.2826737], [77.8681326, 28.2827682], [77.8664933, 28.283239], [77.8651239, 28.2836771], [77.8639023, 28.284061], [77.8618235, 28.2847413], [77.8617378, 28.2847706], [77.8598377, 28.2854201], [77.8598041, 28.2854339], [77.8587971, 28.2858477], [77.8582644, 28.2861044], [77.8581805, 28.2861448], [77.857579, 28.2864349], [77.8571677, 28.2866252], [77.8569102, 28.2867693], [77.8562048, 28.2872984], [77.8557837, 28.2876928], [77.8554618, 28.2881747], [77.855148, 28.2888194], [77.8550488, 28.2891218], [77.8545448, 28.2914543]], [[77.8545448, 28.2914543], [77.8541927, 28.2929488]], [[77.8541927, 28.2929488], [77.8535543, 28.2960804], [77.8530137, 28.2984534], [77.8528516, 28.2991648], [77.8527439, 28.2996881], [77.8526397, 28.3001945], [77.8522954, 28.3018078], [77.8522159, 28.3021806], [77.8520335, 28.3030213], [77.8518402, 28.3038823], [77.851552, 28.305166], [77.8512101, 28.3066887], [77.850679, 28.3086629], [77.8502495, 28.3104146], [77.8501104, 28.3109818], [77.8497571, 28.3124851], [77.8494345, 28.3138579], [77.8488658, 28.3163467], [77.8485796, 28.3175775], [77.8481443, 28.3194494], [77.8480836, 28.3197081], [77.8476267, 28.3216547], [77.8470419, 28.3241646], [77.8467973, 28.3251823], [77.8463767, 28.3269317], [77.8457867, 28.3294344], [77.8454154, 28.3309971], [77.8452569, 28.3316419], [77.8444484, 28.3348117], [77.8440298, 28.3365501], [77.8438334, 28.3373655], [77.8437561, 28.3377239], [77.8436558, 28.3381418], [77.8435262, 28.3386772], [77.8434744, 28.338855], [77.8432241, 28.3399645], [77.8429663, 28.3410403], [77.8427566, 28.3419082], [77.8422519, 28.3437844], [77.8421704, 28.344089], [77.841184, 28.3480655], [77.8409991, 28.348829], [77.8405795, 28.350561], [77.8405649, 28.3506211], [77.8400896, 28.3525835], [77.8398412, 28.3536246], [77.8398188, 28.3537184], [77.8394731, 28.3551674], [77.8391643, 28.3564613], [77.8391156, 28.3566656], [77.8389191, 28.3574871], [77.8387849, 28.358048], [77.8385228, 28.3591439], [77.8384612, 28.3593888], [77.8379622, 28.361372], [77.8373373, 28.363881], [77.8367713, 28.3661916], [77.8363368, 28.3679428], [77.8361947, 28.3684856], [77.8359694, 28.3690473], [77.8352452, 28.370789], [77.834462, 28.3726204], [77.8342367, 28.3729933], [77.8338665, 28.3734582], [77.8336053, 28.3736666], [77.8333193, 28.3738948], [77.8325957, 28.3742503], [77.8325173, 28.3742856], [77.8314713, 28.3747108], [77.8312621, 28.3747987], [77.8304977, 28.3751952], [77.8297735, 28.3756908], [77.8284029, 28.3768164], [77.8273541, 28.3777038], [77.827043, 28.3779728]], [[77.827043, 28.3779728], [77.8268418, 28.3781993]], [[77.8268418, 28.3781993], [77.8266621, 28.3784141], [77.8262598, 28.3790182], [77.8261767, 28.3791811], [77.8259299, 28.3796648], [77.8256214, 28.3803917], [77.8248033, 28.3826004], [77.8245733, 28.3831582]], [[77.8245733, 28.3831582], [77.8244841, 28.3833745], [77.8244482, 28.3834579]], [[77.8244482, 28.3834579], [77.8244123, 28.3835412], [77.8241945, 28.384047], [77.823937, 28.3846747], [77.8234274, 28.3856492], [77.8232021, 28.3863383], [77.8230814, 28.3868574], [77.8229875, 28.3874709], [77.8229848, 28.3881057], [77.8229928, 28.3885139], [77.8230787, 28.3890378], [77.8233415, 28.3900359], [77.8234381, 28.3905715], [77.8234488, 28.390975], [77.8234327, 28.3912971], [77.8233637, 28.3919532], [77.8233469, 28.3921135], [77.8232637, 28.3929771], [77.8231565, 28.3935906], [77.8229955, 28.3940436], [77.8224269, 28.3953768], [77.8220111, 28.3962663]], [[77.8220111, 28.3962663], [77.8219629, 28.3963819]], [[77.8219629, 28.3963819], [77.8217215, 28.3970543], [77.8214398, 28.3979462], [77.8207183, 28.4003458], [77.8200505, 28.4023559], [77.8193214, 28.4044041], [77.8186798, 28.4062063], [77.8180067, 28.4081495], [77.8178618, 28.4085679], [77.8171161, 28.4107148], [77.8165587, 28.4121217], [77.8159655, 28.4136189], [77.814745, 28.4168649], [77.8144285, 28.4176151], [77.8141845, 28.4181152], [77.8139208, 28.4185183], [77.813619, 28.418927], [77.8131838, 28.4193639]], [[77.8131838, 28.4193639], [77.8131019, 28.4194319], [77.8124519, 28.4199851], [77.812308, 28.4200972], [77.8121895, 28.4201794], [77.8119234, 28.4203468], [77.8109524, 28.4208563], [77.809787, 28.4213662], [77.8093726, 28.4215475], [77.8082943, 28.4220075], [77.8072858, 28.4223802], [77.8059528, 28.4228284], [77.8028709, 28.423779], [77.8021597, 28.4239764], [77.8020814, 28.4239981], [77.8015845, 28.424136], [77.7997944, 28.4246329], [77.7994664, 28.4247215], [77.7967823, 28.4254467], [77.7966535, 28.4254824], [77.7949325, 28.4259594], [77.7933866, 28.4263879], [77.7919015, 28.4268043]], [[77.7919015, 28.4268043], [77.7918077, 28.4268296]], [[77.7918077, 28.4268296], [77.7905596, 28.4271946], [77.7896056, 28.4274463], [77.7877152, 28.427945]], [[77.7877152, 28.427945], [77.787475, 28.4280084], [77.7863996, 28.4283089], [77.784656, 28.4287962], [77.7843741, 28.428875]], [[77.7843741, 28.428875], [77.7842644, 28.4289057]], [[77.7842644, 28.4289057], [77.7836556, 28.429076], [77.7824888, 28.4294024], [77.7812355, 28.4297696]], [[77.7812355, 28.4297696], [77.7806196, 28.42995], [77.7787928, 28.4304851], [77.778284, 28.4306319], [77.7762178, 28.4312281], [77.7757078, 28.4313796], [77.775483, 28.4314464], [77.773431, 28.432056], [77.7732908, 28.4320944], [77.7725397, 28.4323001], [77.7714757, 28.4325914], [77.7713934, 28.4326122], [77.7710935, 28.4326881], [77.7707427, 28.4327694], [77.7700555, 28.4329287], [77.7689772, 28.4332211]], [[77.7689772, 28.4332211], [77.7687707, 28.4332825]], [[77.7687707, 28.4332825], [77.7687456, 28.4332912], [77.766519, 28.4339276], [77.7644509, 28.4345226], [77.7640433, 28.4346399], [77.7628208, 28.4349895], [77.7606566, 28.4356084], [77.7594165, 28.435963], [77.7592589, 28.4360122], [77.7572198, 28.4366494], [77.755994, 28.4370079], [77.755619, 28.4371131], [77.7546041, 28.437398], [77.7537954, 28.437625], [77.7533386, 28.4377532], [77.7531517, 28.4378024], [77.7521209, 28.438074], [77.7514792, 28.4382215], [77.7509854, 28.438335], [77.7497349, 28.4386224], [77.7479881, 28.439024], [77.7465127, 28.4393631], [77.744379, 28.4398676], [77.7439732, 28.4399504]], [[77.7439732, 28.4399504], [77.7437339, 28.4399992]], [[77.7437339, 28.4399992], [77.7415823, 28.4404379], [77.7413291, 28.4404895], [77.7408422, 28.4405888], [77.7405641, 28.4406455], [77.7385375, 28.441036], [77.7367675, 28.4413771], [77.7363024, 28.441463], [77.7347806, 28.4417442], [77.7337679, 28.4419313], [77.7334244, 28.4419948], [77.7324956, 28.4421664], [77.7320627, 28.4422389], [77.7317433, 28.4422924], [77.7308311, 28.4424453], [77.7295856, 28.4426541], [77.7292124, 28.4427166], [77.7274356, 28.4430116], [77.7267165, 28.443131], [77.7259808, 28.4432805], [77.7251674, 28.4434804], [77.7247457, 28.4436265], [77.7243778, 28.4438147], [77.7239488, 28.4440758], [77.7236206, 28.4443073], [77.7235424, 28.4443538], [77.7232707, 28.4445291], [77.7227784, 28.4449108], [77.7223009, 28.4453765], [77.7217765, 28.4460665], [77.7214275, 28.4466427], [77.7212548, 28.4469188]], [[77.7212548, 28.4469188], [77.7211788, 28.4470706]], [[77.7211788, 28.4470706], [77.7207321, 28.4482748], [77.7200828, 28.4502222], [77.7200028, 28.4504623], [77.7198913, 28.4508078], [77.7193288, 28.4525503], [77.718589, 28.4546683], [77.7181783, 28.4558417], [77.7178307, 28.4568349], [77.7175701, 28.4575178], [77.7174556, 28.4577456], [77.7174462, 28.4577644], [77.7172805, 28.4580941], [77.7169724, 28.4585247], [77.71638, 28.4591681], [77.7150636, 28.4605407], [77.7141606, 28.461455], [77.713605, 28.4619688], [77.7130611, 28.4623875], [77.7125875, 28.4627522], [77.711934, 28.4631382], [77.7113285, 28.4634665], [77.7106018, 28.4637948], [77.7099054, 28.4640654], [77.7085693, 28.4644506], [77.7083062, 28.4645265], [77.7044269, 28.4656883], [77.703655, 28.4659195], [77.7029, 28.4661456], [77.7019377, 28.4664079], [77.7017724, 28.466453], [77.7008368, 28.4666492], [77.6998528, 28.4667934], [77.6992422, 28.46684], [77.6982633, 28.4668621], [77.6971077, 28.4668067]], [[77.6971077, 28.4668067], [77.6969008, 28.4667867]], [[77.6969008, 28.4667867], [77.6962675, 28.4666914], [77.6954853, 28.4665494], [77.6940976, 28.4661923], [77.6930353, 28.4658019], [77.6920739, 28.4653952], [77.6917612, 28.4652629], [77.6907841, 28.4648218], [77.689085, 28.4640549], [77.688857, 28.463952], [77.6869366, 28.4631103], [77.6862959, 28.4628295], [77.6854155, 28.4624437], [77.6846234, 28.4621093], [77.6842262, 28.4619416], [77.6840126, 28.4618514], [77.6834576, 28.4616673], [77.6826678, 28.4615032], [77.6823708, 28.4614618], [77.6820758, 28.4614477], [77.6816137, 28.4614608], [77.6810734, 28.4614993], [77.6806351, 28.461565], [77.6805499, 28.4615769], [77.6802425, 28.4616493], [77.6799609, 28.4617188], [77.6796082, 28.4618544], [77.6789872, 28.462168], [77.6782534, 28.4626997], [77.6774646, 28.4633304], [77.6764973, 28.4641038], [77.6759191, 28.4645786], [77.6755032, 28.4649201], [77.6751426, 28.4651682], [77.6749194, 28.4653218], [77.6740054, 28.4659506], [77.6737269, 28.4661422], [77.671827, 28.4674842], [77.6704191, 28.4684756], [77.6702809, 28.4685731], [77.6692128, 28.4693269], [77.6690684, 28.4694288], [77.6690286, 28.4694569], [77.6680524, 28.4701458], [77.6657185, 28.4717915], [77.6630263, 28.4737056], [77.6612269, 28.4749836], [77.6593075, 28.4763468], [77.6570897, 28.4779237], [77.6549022, 28.4794695]], [[77.6549022, 28.4794695], [77.6524913, 28.4811764], [77.6496276, 28.4832039]], [[77.6496276, 28.4832039], [77.6487317, 28.4838376], [77.6480112, 28.4843471], [77.6476042, 28.4846371], [77.6465931, 28.4853574], [77.6458916, 28.4858572], [77.6442895, 28.4870004], [77.6421272, 28.4885387], [77.6419097, 28.4886996], [77.6407712, 28.4895423], [77.6390817, 28.4907591], [77.6383703, 28.4912708], [77.6379343, 28.4915844], [77.6377846, 28.4916921], [77.6370514, 28.4921463], [77.6368836, 28.4922503], [77.635624, 28.4931503], [77.6334581, 28.4947058], [77.6326793, 28.4952636], [77.6312222, 28.4963073], [77.6307179, 28.496667], [77.6303253, 28.4969447], [77.6296504, 28.4974222], [77.6288477, 28.4979901], [77.6286529, 28.4981279], [77.6285061, 28.4982187], [77.6284357, 28.4982623], [77.6277341, 28.4986967], [77.6271956, 28.4989832], [77.6270734, 28.4990797], [77.6268548, 28.4992524], [77.6265979, 28.4995085], [77.6262888, 28.4997802], [77.6261582, 28.4998949], [77.625786, 28.5001709], [77.6244021, 28.501197], [77.62388, 28.5015691], [77.6224434, 28.5025928]], [[77.6224434, 28.5025928], [77.6220747, 28.5028725], [77.6218065, 28.503076], [77.6215937, 28.5032374]], [[77.6215937, 28.5032374], [77.6201018, 28.5043227], [77.6195682, 28.5047086], [77.6188742, 28.5052105], [77.6180912, 28.5058335], [77.6170341, 28.5066887], [77.6156436, 28.5077039], [77.6153693, 28.5079042], [77.6153273, 28.507935], [77.615223, 28.5080115], [77.6147543, 28.5083551], [77.6141717, 28.5087993], [77.6138324, 28.5090598], [77.6126093, 28.5099009], [77.6121385, 28.5102006], [77.6114371, 28.5106259], [77.611394, 28.5106496], [77.6107585, 28.5109983], [77.6100813, 28.511432], [77.6093759, 28.5118881], [77.6082153, 28.5126176], [77.6068696, 28.5134979]], [[77.6068696, 28.5134979], [77.6066703, 28.5136283]], [[77.6066703, 28.5136283], [77.6063858, 28.5138144], [77.6039454, 28.5154183], [77.6037618, 28.5155349], [77.6018223, 28.5167662], [77.6015598, 28.5169329], [77.6012482, 28.5171307], [77.5988967, 28.5186629], [77.5956511, 28.5208088], [77.5941448, 28.5217978], [77.5938958, 28.5219613], [77.5936756, 28.5221203], [77.5934572, 28.522278], [77.5918899, 28.5234098], [77.5917569, 28.5235059], [77.5905144, 28.5243252]], [[77.5905144, 28.5243252], [77.5904158, 28.5243903], [77.5903893, 28.5244078]], [[77.5903893, 28.5244078], [77.5903485, 28.5244347], [77.5894382, 28.5250167], [77.5890776, 28.5252472], [77.5887835, 28.5254352], [77.5881698, 28.5258276], [77.5863075, 28.5271016], [77.58614, 28.5272098], [77.5848497, 28.5280766], [77.5844966, 28.5283138], [77.5844206, 28.5283647], [77.5834492, 28.5290152], [77.5824376, 28.5297006], [77.5817653, 28.5301685], [77.5809632, 28.5308197], [77.5802527, 28.5315057], [77.5798164, 28.5321608]], [[77.5798164, 28.5321608], [77.5796562, 28.5324555]], [[77.5796562, 28.5324555], [77.5794313, 28.5328475], [77.5789027, 28.5343233], [77.5785475, 28.5354679], [77.57835, 28.536312], [77.5781457, 28.5371631], [77.5780496, 28.5378009], [77.5779723, 28.5385715], [77.5778207, 28.5403876], [77.5777145, 28.5413058]], [[77.5777145, 28.5413058], [77.5776232, 28.5417149]], [[77.5776232, 28.5417149], [77.5773565, 28.5426953], [77.5764158, 28.5448803], [77.5756358, 28.5464947], [77.5747989, 28.5479797], [77.5742332, 28.5489442], [77.5741843, 28.5490168], [77.5739241, 28.5494031], [77.5730448, 28.5507085], [77.5713016, 28.5529734], [77.5704233, 28.5541144], [77.5692047, 28.5556931]], [[77.5692047, 28.5556931], [77.5690953, 28.5558348]], [[77.5690953, 28.5558348], [77.5688917, 28.5560986], [77.566699, 28.5589566], [77.5638256, 28.5626277], [77.5630182, 28.5637054]], [[77.5630182, 28.5637054], [77.56291, 28.5638498]], [[77.56291, 28.5638498], [77.5623864, 28.5645487], [77.5615011, 28.565688], [77.5606274, 28.5668429], [77.5606081, 28.5668685], [77.5603247, 28.567243], [77.559794, 28.5679182], [77.5596719, 28.5680736], [77.5595175, 28.56827], [77.5591656, 28.5687449], [77.5588973, 28.5691015], [77.5586321, 28.5694063], [77.5585823, 28.5694636], [77.5584538, 28.5696113], [77.5580002, 28.5701327], [77.5575475, 28.5705921], [77.5566155, 28.571538], [77.5554118, 28.5726843]], [[77.5554118, 28.5726843], [77.5547727, 28.573293]], [[77.5547727, 28.573293], [77.5544022, 28.5736459], [77.5541471, 28.573886], [77.5527169, 28.575232], [77.5513132, 28.5765353], [77.5510177, 28.5767704]], [[77.5510177, 28.5767704], [77.5509328, 28.5768355]], [[77.5509328, 28.5768355], [77.5507607, 28.576966], [77.5504918, 28.5771756], [77.5498763, 28.5775789], [77.5494795, 28.5777731], [77.5491936, 28.5779131], [77.54901, 28.5780029], [77.5484798, 28.5782149], [77.5476229, 28.5785018], [77.5469601, 28.5786619], [77.5463044, 28.5787679], [77.5456108, 28.5788282], [77.5449853, 28.5788288], [77.5442478, 28.5788136], [77.543916, 28.578772], [77.5433739, 28.5787076], [77.5432935, 28.5786937], [77.5425952, 28.5785725], [77.5418921, 28.5783708], [77.5410873, 28.5780902], [77.5401357, 28.5776454], [77.5395034, 28.5772672], [77.5388506, 28.576791], [77.5382175, 28.5762551], [77.5379753, 28.5760501], [77.5369409, 28.575055], [77.536539, 28.5746986], [77.536258, 28.5744494], [77.5358713, 28.5741878], [77.5353089, 28.5739423], [77.5349122, 28.5738585], [77.5348651, 28.573856]], [[77.5348651, 28.573856], [77.5347528, 28.5738502]], [[77.5347528, 28.5738502], [77.5345741, 28.5738409], [77.5343097, 28.5738556], [77.5338561, 28.5739232], [77.5333296, 28.5741141], [77.5329544, 28.5743863], [77.5326536, 28.5746771], [77.5324518, 28.5748777], [77.5322975, 28.575032], [77.5319671, 28.5753693], [77.5312407, 28.5760881], [77.5310272, 28.576305], [77.5308216, 28.5765088], [77.530594, 28.5767344], [77.5295729, 28.5777505], [77.5294421, 28.5778802], [77.5290484, 28.5782706], [77.5288813, 28.5784476], [77.5279617, 28.5793097], [77.5277649, 28.5794941], [77.527269, 28.5799588], [77.5271323, 28.580087], [77.5270242, 28.5801856], [77.5263858, 28.5807673], [77.5256519, 28.5814362], [77.5253289, 28.5817305], [77.5249801, 28.5820559], [77.5244668, 28.5825348], [77.5242957, 28.5827001], [77.5242095, 28.5827799], [77.5235141, 28.5834236], [77.5227226, 28.5841624], [77.5222328, 28.5846195], [77.5218905, 28.5849391], [77.5217107, 28.5851069], [77.5215173, 28.5852997], [77.5209876, 28.585778], [77.5208508, 28.5859014], [77.5207213, 28.5860209], [77.5202656, 28.5864414], [77.519883, 28.5867944], [77.5197689, 28.5868996], [77.5196555, 28.5870052], [77.5192022, 28.5874273], [77.5177091, 28.5888178], [77.5175864, 28.5889299], [77.516809, 28.5896396], [77.5168056, 28.5896435]], [[77.5168056, 28.5896435], [77.5167195, 28.5897434]], [[77.5167195, 28.5897434], [77.5167161, 28.5897473], [77.5160659, 28.590386], [77.5158558, 28.5905925], [77.5142795, 28.5920645], [77.5142173, 28.5921226], [77.5141346, 28.5921998], [77.5139276, 28.5923931], [77.5137832, 28.5925266], [77.5130928, 28.5931649], [77.5119784, 28.5941656], [77.5119057, 28.5942348], [77.5104297, 28.5956397], [77.5102069, 28.5958444], [77.5084198, 28.5974861], [77.5083041, 28.5975875], [77.5082114, 28.5976686], [77.5070318, 28.5988024], [77.5066368, 28.599177], [77.5061133, 28.5996559], [77.5060558, 28.5997085], [77.5060206, 28.5997407], [77.5052912, 28.600408], [77.504881, 28.6007664], [77.5045068, 28.6011524], [77.5044074, 28.6012443], [77.5041188, 28.6015128], [77.5029778, 28.6025728], [77.5026334, 28.6028895], [77.5017619, 28.6036911]], [[77.5017619, 28.6036911], [77.5013559, 28.6040645], [77.5011289, 28.6042851], [77.5007235, 28.6046554], [77.4996747, 28.6056133]], [[77.4996747, 28.6056133], [77.4994502, 28.6058242], [77.498836, 28.6063883], [77.4979842, 28.6072047], [77.4979093, 28.607274], [77.497833, 28.6073446], [77.4974926, 28.6076592], [77.4970739, 28.6080462], [77.4961051, 28.6089416]], [[77.4961051, 28.6089416], [77.4958571, 28.6091708], [77.4951273, 28.6098356], [77.4940515, 28.6108157], [77.493924, 28.6109325], [77.4934997, 28.6113202], [77.4933361, 28.6114714], [77.4925725, 28.6121714], [77.4917294, 28.61294], [77.4912494, 28.6133928], [77.4910707, 28.613548], [77.4903313, 28.6141868], [77.4896231, 28.6148313], [77.4896035, 28.6148449]], [[77.4896035, 28.6148449], [77.4895582, 28.6148762]], [[77.4895582, 28.6148762], [77.4895209, 28.614902], [77.4886629, 28.6156994], [77.4884207, 28.6159245], [77.4876866, 28.6166067], [77.4870272, 28.617178], [77.4858529, 28.6182088], [77.4856482, 28.6183885], [77.4852484, 28.6187407], [77.4846958, 28.6192274], [77.484167, 28.6196932], [77.4840081, 28.6198332], [77.4837086, 28.620097], [77.4830888, 28.6205841], [77.4830168, 28.6206327], [77.4813903, 28.6217916], [77.4791173, 28.6234025], [77.4787111, 28.623689], [77.4769701, 28.6249154]], [[77.4769701, 28.6249154], [77.4767842, 28.6250399]], [[77.4767842, 28.6250399], [77.4764609, 28.6252742], [77.4758979, 28.625674], [77.4756011, 28.6258847], [77.4734284, 28.6274272], [77.4733901, 28.6274544], [77.472844, 28.6278361], [77.4726976, 28.6279384], [77.4725342, 28.6280547], [77.4719835, 28.6284465], [77.4718541, 28.6285386], [77.4716508, 28.6286856], [77.4705427, 28.6294871], [77.469909, 28.6299348], [77.4698001, 28.6300117], [77.4690867, 28.6305157], [77.4685269, 28.6309151], [77.4675271, 28.6316175], [77.4672174, 28.6318415], [77.4667893, 28.6321512], [77.4657916, 28.6328728], [77.4647554, 28.6336082], [77.4642382, 28.6339782], [77.4640171, 28.6341363], [77.4631724, 28.6347404], [77.462783, 28.6350189], [77.4625495, 28.6351859], [77.4625135, 28.6352116], [77.461615, 28.6358543], [77.4612173, 28.6361544], [77.4608847, 28.6363757]], [[77.4608847, 28.6363757], [77.4598468, 28.6371529]], [[77.8135747, 28.4198746], [77.8135699, 28.4198224], [77.8135377, 28.4197793], [77.8134426, 28.4196671], [77.8132764, 28.419471], [77.8131838, 28.4193639]], [[77.8150098, 28.4196032], [77.8147599, 28.4196195], [77.8145544, 28.4196483], [77.8143606, 28.4196927], [77.8137855, 28.4198913], [77.8137463, 28.419895], [77.8136718, 28.419898], [77.8136265, 28.4198895], [77.8135747, 28.4198746]], [[77.8165061, 28.4194469], [77.8150098, 28.4196032]], [[77.8245907, 28.4171184], [77.8236047, 28.4174787], [77.8222226, 28.4179837], [77.8215837, 28.4182172], [77.821528, 28.4182375], [77.8212767, 28.4183294], [77.8205862, 28.4185816], [77.820147, 28.4187421], [77.8189802, 28.4191674], [77.8183343, 28.419258], [77.8176358, 28.4193302], [77.8174867, 28.4193456], [77.8165897, 28.4194383], [77.8165061, 28.4194469]], [[77.8245907, 28.4171184], [77.8247365, 28.4171026], [77.8249483, 28.4170428], [77.8251278, 28.4170334]], [[77.8131019, 28.4194319], [77.8132054, 28.4195344], [77.8134552, 28.4198166], [77.8134802, 28.4198445], [77.8135129, 28.4198624], [77.8135747, 28.4198746]], [[77.8250413, 28.4168642], [77.8249104, 28.4169497], [77.8246886, 28.4170516], [77.8245907, 28.4171184]], [[77.4224442, 28.6659845], [77.422756, 28.6655065], [77.4230441, 28.6650365], [77.4231216, 28.6648569], [77.4231556, 28.6647782], [77.4231969, 28.6645696], [77.4232234, 28.6636715], [77.4232402, 28.6635554], [77.4232812, 28.6634676], [77.423347, 28.6633768], [77.423418, 28.6632848], [77.4235811, 28.6631], [77.4241546, 28.6626026], [77.424756, 28.6621272], [77.424791, 28.6621021], [77.4256849, 28.6614492]], [[77.4256849, 28.6614492], [77.4257931, 28.6614108]], [[77.4257931, 28.6614108], [77.425991, 28.6612863], [77.426085, 28.661229], [77.4264276, 28.6609945], [77.4267904, 28.6607357], [77.4271047, 28.660528], [77.4272565, 28.6604011], [77.427972, 28.6599027], [77.4283514, 28.6596273], [77.4288618, 28.6592696], [77.4295866, 28.6587621], [77.429773, 28.6586316], [77.4302152, 28.658322], [77.430552, 28.6580759], [77.4307955, 28.6579092], [77.4310998, 28.6576979], [77.4312299, 28.6576114], [77.431954, 28.6570822], [77.4320338, 28.6570321], [77.4324006, 28.6567374], [77.4328531, 28.6564031], [77.4335749, 28.655901], [77.4337052, 28.6558104], [77.4337711, 28.6557737], [77.4348201, 28.65501]], [[77.4348201, 28.65501], [77.4356172, 28.6544695], [77.4356412, 28.6544532], [77.435936, 28.6542533], [77.4365924, 28.6538082]], [[77.4365924, 28.6538082], [77.4368175, 28.6536682], [77.4369374, 28.6535819], [77.4370805, 28.6534801], [77.4371772, 28.6533783], [77.4372487, 28.6533262], [77.4372968, 28.6532911], [77.4374165, 28.6532038], [77.437538, 28.6531152], [77.4376243, 28.6530523], [77.4376776, 28.6530134], [77.4378015, 28.6529231], [77.4379319, 28.652828], [77.43807, 28.6527273], [77.4381904, 28.652647], [77.4383485, 28.6525279], [77.43846, 28.6524496], [77.4386237, 28.6523345], [77.4387612, 28.6522379], [77.4388517, 28.6521743], [77.4388891, 28.652148], [77.439028, 28.6520504], [77.4391869, 28.6519388], [77.4394674, 28.6517417], [77.4402236, 28.6512025], [77.4409315, 28.6506978], [77.4413942, 28.6503679], [77.4425307, 28.6495584], [77.442793, 28.6493658], [77.4429793, 28.6492307], [77.4436208, 28.6487765], [77.444179, 28.6483812], [77.4445514, 28.6481115]], [[77.4445514, 28.6481115], [77.4445647, 28.6481019], [77.4445757, 28.6480939], [77.4445899, 28.648083], [77.4447076, 28.6479926]], [[77.4447076, 28.6479926], [77.4498735, 28.6443501]], [[77.4498735, 28.6443501], [77.4503158, 28.6440287]], [[77.4503158, 28.6440287], [77.4505178, 28.643886], [77.4506605, 28.6437825], [77.4507656, 28.6437063], [77.4508385, 28.6436534], [77.4510262, 28.6435172], [77.451322, 28.6433111], [77.4515811, 28.6431304], [77.4517168, 28.6430385], [77.4518111, 28.6429746], [77.4519889, 28.6428522], [77.4521268, 28.6427579], [77.4522336, 28.6426748], [77.4525009, 28.6425009], [77.4526608, 28.6424002], [77.4528235, 28.6422841], [77.452852, 28.6422638], [77.453092, 28.6420925], [77.4532963, 28.6419467], [77.4533866, 28.6418822], [77.4536324, 28.6417067], [77.4538378, 28.6415601], [77.4538698, 28.6415373], [77.4540952, 28.6413764], [77.4543645, 28.6411842], [77.4546915, 28.6409508], [77.4548506, 28.6408372], [77.4550654, 28.6406839], [77.4553256, 28.6404982], [77.4555648, 28.6403274], [77.4557714, 28.6401799], [77.4561139, 28.6399354], [77.4564155, 28.6397201], [77.4566414, 28.6395589], [77.4567505, 28.6394811], [77.456869, 28.6393965], [77.4569206, 28.6393596], [77.4570941, 28.6392358], [77.457101, 28.6392308], [77.4571054, 28.6392277], [77.4573683, 28.6390408], [77.4575561, 28.6389062], [77.4576194, 28.6388605], [77.457708, 28.6387975], [77.4579023, 28.6386588], [77.4580965, 28.6385202], [77.4584802, 28.6382463], [77.4588038, 28.6380153], [77.4591082, 28.637798], [77.4594724, 28.6375381], [77.4596545, 28.6374081], [77.4598366, 28.6372781], [77.4598934, 28.6372381]], [[77.4598934, 28.6372381], [77.4602227, 28.6370003], [77.460913, 28.6365027], [77.4612294, 28.6362745]], [[77.4612294, 28.6362745], [77.4616698, 28.6359587], [77.4622101, 28.635567], [77.4626217, 28.6352686], [77.4628375, 28.6351207], [77.4641227, 28.6341804], [77.4643999, 28.6339794], [77.4647682, 28.6337124], [77.4647866, 28.6336971], [77.4648171, 28.6336718], [77.4655843, 28.6331256], [77.4672964, 28.6319067]], [[77.4672964, 28.6319067], [77.4674891, 28.6317577], [77.4675977, 28.6316738], [77.467704, 28.6315978], [77.4677922, 28.6315349], [77.4680175, 28.631374], [77.468608, 28.6309522], [77.4698519, 28.6300584], [77.4699596, 28.629981], [77.4700957, 28.6298897], [77.470596, 28.6295328], [77.4710476, 28.6292095], [77.4715867, 28.6288346], [77.4719053, 28.6285987], [77.4721405, 28.6284359], [77.472507, 28.6281753], [77.4728316, 28.6279466], [77.4735174, 28.6274636], [77.4742457, 28.6269506], [77.475961, 28.625748], [77.4765254, 28.6253396], [77.476835, 28.6251112], [77.4768677, 28.6250899]], [[77.4768677, 28.6250899], [77.4770032, 28.6250095]], [[77.4770032, 28.6250095], [77.4770163, 28.6250007]], [[77.4770163, 28.6250007], [77.4780559, 28.6242686], [77.4787681, 28.6237596], [77.4790025, 28.6235933], [77.4798817, 28.6229623], [77.480992, 28.6221656], [77.4814268, 28.6218584], [77.4818119, 28.6215864], [77.4826979, 28.6209788], [77.4832188, 28.6206085], [77.4836234, 28.6202819], [77.484227, 28.6197513], [77.484758, 28.6192846], [77.4850246, 28.6190502], [77.4853178, 28.6187947], [77.4855901, 28.6185574], [77.4865433, 28.6177245], [77.4867268, 28.6175641], [77.4869021, 28.6174109], [77.4870931, 28.617244], [77.4874503, 28.6169365], [77.48832, 28.6161565], [77.4885459, 28.6159539], [77.4887466, 28.6157739], [77.4894465, 28.6151462], [77.4895677, 28.6150585], [77.4896061, 28.6150307]], [[77.4896061, 28.6150307], [77.4896507, 28.6149984]], [[77.4896507, 28.6149984], [77.4896754, 28.6149806], [77.4901691, 28.6145209], [77.4904178, 28.6142893]], [[77.4904178, 28.6142893], [77.4914972, 28.6132843], [77.491838, 28.6129928], [77.4925569, 28.6123323], [77.4934163, 28.6115458], [77.493588, 28.6113888], [77.4951312, 28.6099665], [77.4955355, 28.6095923], [77.4961722, 28.609], [77.4970095, 28.608228], [77.4976658, 28.6076237], [77.4986986, 28.6066368], [77.499753, 28.6056678], [77.5005574, 28.604916], [77.5007845, 28.6047084], [77.5018127, 28.6037685], [77.5018158, 28.6037656], [77.5024306, 28.6032063], [77.5024515, 28.6031873], [77.5026203, 28.6030335], [77.5027114, 28.6029504], [77.5029681, 28.6027164], [77.5041867, 28.601574], [77.5045833, 28.6012023], [77.5060836, 28.599796], [77.5061196, 28.5997657], [77.5061866, 28.5997025], [77.5070901, 28.598848], [77.5080909, 28.5979015], [77.5082746, 28.5977307], [77.5083617, 28.5976498], [77.5099588, 28.5961907], [77.5100245, 28.5961305], [77.5102753, 28.5959008], [77.5108057, 28.595415], [77.5119839, 28.5943321], [77.5126136, 28.5937459], [77.5131635, 28.5932281], [77.5133503, 28.5930521], [77.5144261, 28.592039], [77.5154085, 28.591121], [77.5159172, 28.5906457], [77.5162273, 28.5903559], [77.5167503, 28.5898589], [77.5167541, 28.5898553]], [[77.5167541, 28.5898553], [77.516858, 28.5897561]], [[77.516858, 28.5897561], [77.5168618, 28.5897525], [77.5174397, 28.5892009], [77.5176565, 28.588994], [77.5177176, 28.5889357], [77.5182102, 28.5884714], [77.5192598, 28.5874821], [77.5194031, 28.5873581], [77.5203289, 28.5864929], [77.5207679, 28.5860827], [77.5210273, 28.5858403], [77.5210722, 28.5857991], [77.5213654, 28.5855295], [77.5215536, 28.5853566], [77.5225857, 28.5844081], [77.5242747, 28.5828444], [77.5243801, 28.5827468], [77.5247644, 28.5823857], [77.5251413, 28.5820316], [77.5258641, 28.5813681], [77.5261971, 28.5810396], [77.526641, 28.5806348], [77.5272943, 28.580039], [77.5280187, 28.5793783], [77.5283738, 28.5790343], [77.5286123, 28.5788032], [77.5291135, 28.5783176], [77.5293647, 28.5780742], [77.5295113, 28.5779316], [77.5295998, 28.5778464], [77.5301971, 28.5772518], [77.5308891, 28.5765629], [77.5310824, 28.5763649], [77.5313125, 28.5761292], [77.532009, 28.5754261], [77.5327444, 28.5746996], [77.5330058, 28.5744393], [77.5330672, 28.5743835], [77.5334461, 28.5741688], [77.5338511, 28.574035], [77.5343198, 28.5739542], [77.5345865, 28.5739483], [77.5347977, 28.5739638], [77.534827, 28.5739659], [77.5352504, 28.5740439], [77.5356672, 28.5742188], [77.5362346, 28.574576], [77.5368405, 28.5751301], [77.5377477, 28.57599], [77.5387879, 28.576897], [77.5391437, 28.5771571], [77.5399638, 28.5776804], [77.5406451, 28.5780273], [77.5414653, 28.5783809], [77.5422985, 28.5786241], [77.5432217, 28.578807], [77.5437982, 28.5788801], [77.5443295, 28.5789242], [77.5454918, 28.5789483], [77.5461593, 28.578886], [77.5468505, 28.5787841], [77.5473689, 28.5786781], [77.5479938, 28.5785056], [77.548756, 28.5782166], [77.5492487, 28.578002], [77.5496247, 28.5778383], [77.5504153, 28.5773685], [77.5509888, 28.5769811]], [[77.5509888, 28.5769811], [77.5510813, 28.5769196]], [[77.5510813, 28.5769196], [77.5511965, 28.5768405], [77.5533387, 28.5748532], [77.5548953, 28.5733762]], [[77.5548953, 28.5733762], [77.5555266, 28.5727772]], [[77.5555266, 28.5727772], [77.5557508, 28.5725645], [77.5573272, 28.5710615], [77.5581829, 28.5701881], [77.5585095, 28.5697924], [77.5588391, 28.5693929], [77.5598086, 28.5681539], [77.5607467, 28.5669507], [77.5615673, 28.5658983], [77.5630328, 28.5639746]], [[77.5630328, 28.5639746], [77.563144, 28.5638286]], [[77.563144, 28.5638286], [77.5639889, 28.5627195], [77.5692896, 28.5558443]], [[77.5692896, 28.5558443], [77.5694099, 28.5556883]], [[77.5694099, 28.5556883], [77.5705811, 28.5541691], [77.5726863, 28.5514215], [77.5734183, 28.5503513], [77.5735834, 28.55011], [77.5740385, 28.5494577], [77.5744203, 28.5489103], [77.5747551, 28.5483786], [77.575679, 28.5467137], [77.5760473, 28.5460138], [77.5766565, 28.5447229], [77.577162, 28.5435113], [77.577634, 28.5423791], [77.5777634, 28.5418317]], [[77.5777634, 28.5418317], [77.5778466, 28.5414217]], [[77.5778466, 28.5414217], [77.5779609, 28.5404013], [77.5781308, 28.5382039], [77.5781686, 28.5379258], [77.5782689, 28.5371895], [77.5785326, 28.5359753], [77.5787306, 28.5352549], [77.5789931, 28.5344148], [77.5795923, 28.5328946], [77.579788, 28.532496]], [[77.579788, 28.532496], [77.5798444, 28.5323955], [77.5798791, 28.5323276], [77.5799441, 28.532218]], [[77.5799441, 28.532218], [77.5804403, 28.5315065], [77.5810058, 28.5309287], [77.5817639, 28.5302982], [77.5832481, 28.5292833], [77.5840664, 28.5287606], [77.5841686, 28.5286891], [77.5849477, 28.5281437], [77.5862093, 28.5273139], [77.587634, 28.5263693], [77.5888877, 28.5255381], [77.5904555, 28.5244987]], [[77.5904555, 28.5244987], [77.5905061, 28.5244652], [77.5905771, 28.5244181]], [[77.5905771, 28.5244181], [77.5913935, 28.5238769], [77.5918286, 28.5235884], [77.5924989, 28.5231356], [77.5932931, 28.5225719], [77.5937219, 28.5222789], [77.5938908, 28.5221383], [77.5939394, 28.5220978], [77.5942154, 28.5219029], [77.5957298, 28.5209064], [77.5975873, 28.519684], [77.5990604, 28.5187146], [77.6000089, 28.5180971], [77.6009169, 28.517506], [77.6014905, 28.5171325], [77.6023547, 28.5165698], [77.6030251, 28.5161333], [77.6038279, 28.5156108], [77.6060152, 28.5141873], [77.6067316, 28.5137142]], [[77.6067316, 28.5137142], [77.6069354, 28.5135797]], [[77.6069354, 28.5135797], [77.6082927, 28.5126833], [77.6096468, 28.5117967], [77.6106312, 28.5111521], [77.6114477, 28.5106866], [77.612249, 28.5102297], [77.6129604, 28.5097999], [77.613072, 28.5097199], [77.6146086, 28.5086183], [77.6151463, 28.5082328], [77.6153226, 28.5081016], [77.6161761, 28.5074668], [77.6164788, 28.5072416], [77.6176411, 28.506377], [77.6190169, 28.5052527], [77.620573, 28.5041392], [77.6216054, 28.5033881], [77.6216745, 28.5033301], [77.6217526, 28.5032646]], [[77.6217526, 28.5032646], [77.6223796, 28.5028118]], [[77.6223796, 28.5028118], [77.6224707, 28.5027457], [77.6234769, 28.5020161], [77.6245174, 28.5012616], [77.6258813, 28.5002609], [77.6259038, 28.5002444], [77.6265534, 28.4998732], [77.6269659, 28.4996518], [77.6272055, 28.4995085], [77.6273923, 28.4993665], [77.6276279, 28.4991873], [77.6279984, 28.4988117], [77.6286079, 28.4983254], [77.6287221, 28.4982343], [77.6304091, 28.4970295], [77.630792, 28.496756], [77.6320979, 28.4958172], [77.6326955, 28.4953876], [77.6339264, 28.4945028], [77.6348544, 28.4939082], [77.6357793, 28.4932372], [77.6360707, 28.4930157], [77.6365521, 28.492667], [77.6381897, 28.4915222], [77.6393565, 28.4906707], [77.6396593, 28.4904498], [77.6401119, 28.4901163], [77.6417835, 28.4888846], [77.6453028, 28.4863843], [77.6476559, 28.484701], [77.6479874, 28.4844638], [77.649689, 28.4832898]], [[77.649689, 28.4832898], [77.6503339, 28.4828449], [77.6531648, 28.4808489], [77.6549628, 28.4795531]], [[77.6549628, 28.4795531], [77.6555189, 28.4791523], [77.6577191, 28.4775799], [77.6608164, 28.4753953], [77.6623857, 28.4743168], [77.6624498, 28.4742727], [77.6633882, 28.4735983], [77.6662007, 28.4715561], [77.6685245, 28.4699655], [77.6688018, 28.4697692], [77.6710249, 28.4681581], [77.6718085, 28.467601], [77.6733992, 28.4664702], [77.6735277, 28.4663842], [77.6741183, 28.4659889], [77.674642, 28.4656183], [77.6756069, 28.4649355], [77.6756448, 28.4649087], [77.6767297, 28.4640702], [77.678009, 28.4630366], [77.6783218, 28.4627992], [77.6785359, 28.4626317], [77.6790604, 28.4622742], [77.6792262, 28.4621834], [77.6798061, 28.4619174], [77.6801712, 28.4617802], [77.6804161, 28.4617114], [77.6805487, 28.4616868], [77.6806327, 28.4616745], [77.680933, 28.4616307], [77.6811982, 28.461597], [77.6816335, 28.4615743], [77.6820309, 28.4615753], [77.6826111, 28.4616103], [77.6833328, 28.4617633], [77.6839282, 28.461963], [77.6845545, 28.4622196], [77.6852276, 28.4624953], [77.6881671, 28.4637752], [77.6893231, 28.4643054], [77.6904303, 28.4648133], [77.6913989, 28.4652274], [77.6921309, 28.4655403], [77.6925472, 28.4657183], [77.693839, 28.4662085], [77.6946666, 28.466468], [77.6955043, 28.466672], [77.696284, 28.466845], [77.6969778, 28.466936]], [[77.6969778, 28.466936], [77.6971771, 28.466956]], [[77.6971771, 28.466956], [77.6982722, 28.4670114], [77.6995565, 28.4669626], [77.700368, 28.4668624], [77.7012107, 28.4667227], [77.7019853, 28.4665208], [77.7022245, 28.4664506], [77.7039515, 28.465944], [77.7044504, 28.4657977], [77.7054037, 28.4655158], [77.7059053, 28.4653675], [77.7083588, 28.4646421], [77.7087455, 28.464531], [77.7100341, 28.4641608], [77.7109525, 28.4637948], [77.7116136, 28.4634842], [77.7125497, 28.4629297], [77.7134143, 28.4622999], [77.7134822, 28.4622505], [77.7142348, 28.4615639], [77.7143744, 28.4614258], [77.7151421, 28.4606666], [77.7158242, 28.4599449], [77.7168319, 28.4588789], [77.7169926, 28.4587089], [77.7173896, 28.4582104], [77.717599, 28.4577978], [77.7176679, 28.457662], [77.7179334, 28.4570932], [77.7188484, 28.4543129], [77.719552, 28.4523187], [77.7201368, 28.4505895], [77.7202195, 28.450345], [77.7208819, 28.448242], [77.7212489, 28.4472629], [77.7213165, 28.4471205]], [[77.7213165, 28.4471205], [77.721401, 28.4469471]], [[77.721401, 28.4469471], [77.721534, 28.4466942], [77.7218665, 28.4461345], [77.722351, 28.4454705], [77.7228588, 28.4449945], [77.7233642, 28.4446318], [77.7236263, 28.4444741], [77.7237192, 28.4444252], [77.7245113, 28.4439094], [77.7248852, 28.4437586], [77.7252175, 28.4436401], [77.7259895, 28.4434057], [77.7265878, 28.4432818], [77.7268649, 28.4432347], [77.7284816, 28.4429597], [77.7290933, 28.4428571], [77.7295479, 28.4427809], [77.7314652, 28.4424593], [77.7317253, 28.4424157], [77.7338863, 28.4420221], [77.7353348, 28.4417582], [77.7354753, 28.4417314], [77.7376947, 28.4413072], [77.7383994, 28.4411725], [77.7384493, 28.4411628], [77.7386918, 28.4411154], [77.7399281, 28.4408738], [77.7409209, 28.4406798], [77.7413612, 28.4405938], [77.7413851, 28.4405891], [77.7417221, 28.4405227], [77.7430207, 28.4402668], [77.7436472, 28.4401433], [77.7437622, 28.4401206]], [[77.7437622, 28.4401206], [77.7440074, 28.4400723]], [[77.7440074, 28.4400723], [77.7442627, 28.4400219], [77.7465597, 28.4394733], [77.7474219, 28.439272], [77.7483084, 28.4390651], [77.7489228, 28.4389217], [77.7494468, 28.4387994], [77.7499702, 28.4386772], [77.750035, 28.4386621], [77.7505191, 28.4385491], [77.7510097, 28.4384345], [77.7510488, 28.4384254], [77.7511499, 28.4384018], [77.7515133, 28.4383137], [77.7518635, 28.4382277], [77.7526116, 28.4380439], [77.7530605, 28.4379336], [77.7533627, 28.4378593], [77.7542192, 28.4376094], [77.7554055, 28.4372633], [77.7554401, 28.4372532], [77.7578782, 28.4365551], [77.7593316, 28.436123], [77.7603378, 28.4358239], [77.7617681, 28.4354134], [77.7620651, 28.4353282], [77.7628633, 28.4350991], [77.7635431, 28.434904], [77.7666196, 28.4340266], [77.7683415, 28.4335242], [77.7687145, 28.4334228]], [[77.7687145, 28.4334228], [77.7689186, 28.4333672]], [[77.7689186, 28.4333672], [77.7690659, 28.433324], [77.7703183, 28.4329865], [77.7710184, 28.4328166], [77.7712808, 28.4327462], [77.7713698, 28.4327223], [77.771929, 28.4325607], [77.7720246, 28.4325331], [77.7732243, 28.4321861], [77.7735506, 28.4320917], [77.7747185, 28.431754], [77.7755187, 28.4315238], [77.7757493, 28.4314575], [77.7777199, 28.4308908], [77.778825, 28.4305747], [77.7793401, 28.4304265], [77.7806438, 28.4300515], [77.7806874, 28.430039], [77.7812787, 28.4298689]], [[77.7812787, 28.4298689], [77.7842698, 28.4290085], [77.7843288, 28.4289924]], [[77.7843288, 28.4289924], [77.7844388, 28.4289623]], [[77.7844388, 28.4289623], [77.7876574, 28.4280815], [77.7877642, 28.4280524]], [[77.7877642, 28.4280524], [77.7891759, 28.4276676], [77.7918298, 28.4269258]], [[77.7918298, 28.4269258], [77.7919424, 28.4268933]], [[77.7919424, 28.4268933], [77.7928778, 28.4266113], [77.7930728, 28.426553], [77.794964, 28.4260387], [77.7963773, 28.4256543], [77.796589, 28.4255963], [77.7990139, 28.4249325], [77.7994401, 28.424817], [77.8007348, 28.4244641], [77.8015378, 28.4242484], [77.8021422, 28.4240723], [77.804322, 28.423437], [77.8066716, 28.4227293], [77.8077016, 28.4223708], [77.8085686, 28.4220237], [77.8086859, 28.4219768], [77.8090679, 28.4218125], [77.8097937, 28.4215003], [77.8110034, 28.4209672], [77.8113215, 28.4208158], [77.8120092, 28.4204884], [77.8122871, 28.4203093], [77.8125698, 28.4201014], [77.8128245, 28.419875], [77.8132054, 28.4195344], [77.8132764, 28.419471]], [[77.8132764, 28.419471], [77.813699, 28.4190376], [77.8140264, 28.4186047], [77.8143266, 28.4181719], [77.8145251, 28.4177496], [77.8147182, 28.4172636], [77.814855, 28.4168956], [77.8160888, 28.4136071], [77.8172368, 28.4107643], [77.8179583, 28.408726], [77.8188569, 28.4061237], [77.8199163, 28.4031746], [77.8207597, 28.4006565], [77.8208417, 28.4004118], [77.8216276, 28.3977952], [77.8218824, 28.3970567], [77.8221327, 28.3964353]], [[77.8221327, 28.3964353], [77.8221761, 28.3963276]], [[77.8221761, 28.3963276], [77.8225932, 28.395306], [77.8231591, 28.3940271], [77.8233201, 28.3935481], [77.8234569, 28.3923164], [77.8235039, 28.3918918], [77.8235722, 28.3912759], [77.8235937, 28.390916], [77.8235427, 28.3903238], [77.8234166, 28.3897504], [77.8232047, 28.389033], [77.8231457, 28.3884998], [77.8231216, 28.3880774], [77.8231323, 28.3874686], [77.8232128, 28.3868834], [77.823422, 28.3860976], [77.8235963, 28.3856681], [77.8240738, 28.3847101], [77.8243769, 28.3840965], [77.8246049, 28.3835105]], [[77.8246049, 28.3835105], [77.8247198, 28.3832154]], [[77.8247198, 28.3832154], [77.8249535, 28.3826146], [77.8256965, 28.3806607], [77.8258218, 28.3803083], [77.825954, 28.3799362], [77.8262249, 28.3793533], [77.8265897, 28.3787209], [77.8268579, 28.3783834]], [[77.8268579, 28.3783834], [77.8270322, 28.3781757]], [[77.8270322, 28.3781757], [77.8279415, 28.3773474], [77.8296689, 28.3759527], [77.8304735, 28.3753863], [77.8307506, 28.375231], [77.8312567, 28.3749474], [77.8316321, 28.3747842], [77.832045, 28.3746046], [77.8325644, 28.3743788], [77.8326014, 28.3743627], [77.8326397, 28.3743461], [77.833086, 28.3741521], [77.8333998, 28.3739892], [77.8340382, 28.373529], [77.8341494, 28.3733785], [77.8343574, 28.3730972], [77.8346309, 28.3725591], [77.8354383, 28.3706616], [77.836259, 28.3687145], [77.8364039, 28.3682614], [77.836833, 28.3665668], [77.8377262, 28.3628826], [77.8388098, 28.3584901], [77.8389093, 28.35807], [77.8390871, 28.3573189], [77.839239, 28.3566774], [77.8392844, 28.3564914], [77.8396101, 28.3551568], [77.8397364, 28.3546395], [77.8398965, 28.3539833], [77.840897, 28.3498595], [77.8417419, 28.3463659], [77.8422917, 28.3442661], [77.8428845, 28.3419326], [77.8433124, 28.3401628], [77.8434425, 28.3396085], [77.8436056, 28.3389153], [77.8437129, 28.3384543], [77.8439714, 28.3373957], [77.8441706, 28.336556], [77.844597, 28.3348348], [77.8447245, 28.334286], [77.8452127, 28.3323679], [77.8456727, 28.3304815], [77.8459208, 28.3294474], [77.8464706, 28.3271017], [77.8468622, 28.3255175], [77.8470024, 28.3249245], [77.8471787, 28.3241787], [77.8473931, 28.3232588], [77.8474877, 28.3228533], [77.84775, 28.3217279], [77.8482195, 28.3197286], [77.8482784, 28.3194777], [77.8484511, 28.318719], [77.8491279, 28.3157466], [77.8495552, 28.3138697], [77.8504591, 28.3100703], [77.8507648, 28.3088731], [77.8511055, 28.3075743], [77.8513415, 28.3067312], [77.8513994, 28.3064751], [77.851689, 28.3051934], [77.8518431, 28.3045114], [77.8522831, 28.3025005], [77.85235, 28.3021947], [77.8525645, 28.3011811], [77.8530367, 28.2989499], [77.8531456, 28.2984864], [77.8531833, 28.2983259], [77.8532172, 28.2981817], [77.8534444, 28.2972141], [77.8538762, 28.2953318], [77.8542812, 28.2934306]], [[77.8542812, 28.2934306], [77.8546357, 28.2918449]], [[77.8546357, 28.2918449], [77.8550407, 28.2899531], [77.8552848, 28.2889423], [77.8556603, 28.2881534], [77.8560948, 28.2876007], [77.8562397, 28.2874566], [77.8566501, 28.2871354], [77.8573998, 28.2866664], [77.8577476, 28.2864825], [77.8582374, 28.2862443], [77.8582787, 28.2862203], [77.858332, 28.286196], [77.8597884, 28.2855854], [77.8607448, 28.2852284], [77.8619546, 28.2848349], [77.8638272, 28.284198], [77.8652624, 28.2838052], [77.8661719, 28.2835429], [77.8676605, 28.2830729], [77.8705385, 28.2821658], [77.8733066, 28.2812588], [77.8744948, 28.2808927], [77.8758332, 28.2804675], [77.8765815, 28.2801628], [77.8771502, 28.2799077], [77.8778395, 28.2795865], [77.8785463, 28.2791755], [77.8793362, 28.27867], [77.8802039, 28.2780204], [77.8802905, 28.2779457], [77.8810577, 28.2772985], [77.8817148, 28.2766513], [77.882085, 28.2762402], [77.882667, 28.2754276], [77.8829996, 28.2749339], [77.8833001, 28.2744932]], [[77.8833001, 28.2744932], [77.883378, 28.2743789]], [[77.883378, 28.2743789], [77.8840269, 28.2735922], [77.8852151, 28.2720166], [77.8861379, 28.2707977], [77.8864087, 28.2704245], [77.8864749, 28.2703084], [77.886634, 28.270063], [77.8868888, 28.2695457], [77.8871356, 28.2688819], [77.8872375, 28.2683976], [77.8872681, 28.2682565], [77.887318, 28.267696], [77.8873555, 28.2668006], [77.8873555, 28.2648257], [77.8872107, 28.263798], [77.8870122, 28.2629642], [77.8866957, 28.2620404], [77.8863846, 28.2611663], [77.8860681, 28.2604481], [77.8858903, 28.2599848], [77.8858119, 28.25977], [77.8855853, 28.2591274], [77.8850891, 28.2576178], [77.884625, 28.2564436], [77.8839277, 28.2546952], [77.8833668, 28.2532495], [77.8833081, 28.2530981], [77.8825946, 28.2513237], [77.8819603, 28.2497837], [77.8818141, 28.2494288], [77.8814522, 28.2485388], [77.8811569, 28.2478127], [77.8810733, 28.2476041], [77.8809427, 28.2472782], [77.8806344, 28.2465081], [77.8805619, 28.2463209], [77.8802499, 28.2455633], [77.8797005, 28.244233], [77.8792204, 28.2430752], [77.8787886, 28.2419646], [77.8782414, 28.2406272], [77.8778674, 28.2394203]], [[77.8778674, 28.2394203], [77.877823, 28.2392637]], [[77.877823, 28.2392637], [77.8776755, 28.2387746], [77.8774475, 28.2377869], [77.8773134, 28.2370638], [77.8770693, 28.2356767], [77.8768601, 28.2344337], [77.876785, 28.2338153], [77.8766938, 28.2330631], [77.8765892, 28.2321628], [77.8764148, 28.230993], [77.8762083, 28.2301399], [77.8758515, 28.2287905], [77.8757516, 28.2283087], [77.8757121, 28.2281183], [77.8756262, 28.2277035], [77.8754224, 28.2265526], [77.8753239, 28.2258506], [77.8753097, 28.225749], [77.8752212, 28.2248014], [77.8751072, 28.2233011], [77.8751013, 28.2232244], [77.8750978, 28.2231778], [77.8750925, 28.2226555], [77.8751461, 28.2220954], [77.8752954, 28.2215463], [77.8754805, 28.2210854], [77.8755422, 28.22092], [77.8757885, 28.2203928], [77.8759043, 28.2201448], [77.8760505, 28.2198139], [77.8767152, 28.2183399], [77.87697, 28.2177562], [77.877077, 28.217542], [77.8774818, 28.2167318], [77.8775271, 28.2166254], [77.8775392, 28.216597], [77.8779421, 28.2156508], [77.8785686, 28.214218], [77.8788288, 28.2136011], [77.8792946, 28.2126097], [77.8794806, 28.2122137], [77.880186, 28.210597], [77.880459, 28.2100449], [77.8807862, 28.2094256], [77.8808721, 28.20929], [77.8818313, 28.2077767], [77.8825511, 28.2066412], [77.8851869, 28.20231], [77.8855803, 28.2016637], [77.8860844, 28.2008353], [77.8861997, 28.2006458], [77.8863545, 28.2003914], [77.8868681, 28.199555], [77.89041, 28.1937867], [77.8921341, 28.1910368], [77.8931995, 28.1893376], [77.893795, 28.1883683], [77.894208, 28.1875929], [77.8950234, 28.1855361], [77.8952286, 28.1849953], [77.8953959, 28.1845543]], [[77.8953959, 28.1845543], [77.895589, 28.1840452]], [[77.9241845, 28.1250095], [77.9247127, 28.1242349], [77.9271241, 28.1210792], [77.9277262, 28.1203038], [77.9280027, 28.1199478], [77.9288006, 28.1189203], [77.9292698, 28.1183162], [77.9305008, 28.1167203], [77.9319413, 28.1148528], [77.9322065, 28.1144932], [77.9324456, 28.1141691], [77.9327916, 28.1136274], [77.9331269, 28.1129011], [77.9333676, 28.1122668], [77.9334665, 28.112006], [77.9338108, 28.1110983], [77.9340171, 28.1105414], [77.9351466, 28.1074928], [77.9353182, 28.1068919], [77.935396, 28.1062933], [77.9354155, 28.1052434], [77.9354282, 28.1045567], [77.9354742, 28.102664], [77.9354838, 28.1022689], [77.9354949, 28.1018124], [77.9355221, 28.1006907], [77.9355999, 28.0986133], [77.935624, 28.0971179], [77.9356991, 28.093474], [77.9357563, 28.0909839], [77.9358164, 28.0883712], [77.9358362, 28.0874472]], [[77.9358362, 28.0874472], [77.9358089, 28.0871987]], [[77.9358089, 28.0871987], [77.935836, 28.0859304], [77.935862, 28.0847104], [77.9358996, 28.0829569], [77.9359262, 28.0818998], [77.9359559, 28.0807183], [77.9359908, 28.0792652], [77.9359743, 28.0786193], [77.9359291, 28.0768537], [77.9359479, 28.0751072], [77.9359774, 28.0736186], [77.9360417, 28.0730033], [77.9360927, 28.0727382], [77.9361946, 28.0723619], [77.9363153, 28.0720377], [77.9365835, 28.0715691]], [[77.9365835, 28.0715691], [77.9367874, 28.0712827], [77.9369805, 28.0710603]], [[77.9369805, 28.0710603], [77.9371654, 28.0708928], [77.9381661, 28.0699858], [77.9386796, 28.0695244], [77.9390931, 28.0691479], [77.9400624, 28.0682817], [77.9414577, 28.0670138], [77.9417736, 28.0667268], [77.9419185, 28.0665945], [77.9438533, 28.0648279], [77.9446691, 28.0640641], [77.9460265, 28.0628033], [77.9472198, 28.0616949], [77.9491189, 28.0600475], [77.9512763, 28.0581447], [77.9519083, 28.0575622], [77.9523643, 28.0571764], [77.9527693, 28.0568332], [77.9533165, 28.056497], [77.9539059, 28.056201], [77.9539822, 28.0561623], [77.9540779, 28.0561142], [77.9542848, 28.0560142], [77.9548507, 28.0558106], [77.955473, 28.0556402], [77.9561194, 28.0555005], [77.9566129, 28.05542], [77.9577287, 28.0553135], [77.9600193, 28.0550958], [77.9640561, 28.0546934], [77.9663655, 28.0544709], [77.9668322, 28.0544046], [77.9674169, 28.0542839], [77.9680016, 28.0540874], [77.9685675, 28.0538341], [77.9689618, 28.0536164], [77.9704183, 28.0526932], [77.9713785, 28.0520659], [77.9717701, 28.0517511], [77.9722422, 28.0512445], [77.9723051, 28.051171], [77.9726311, 28.05079], [77.9732095, 28.0500462], [77.9739028, 28.0490212], [77.974796, 28.0476435], [77.9752788, 28.0469144], [77.9756865, 28.0462161], [77.975885, 28.0458231], [77.9762524, 28.044978], [77.9764858, 28.0443033], [77.9766682, 28.0436381], [77.9766923, 28.0434606], [77.9768693, 28.0425042], [77.9769042, 28.0419502], [77.9769096, 28.0412021], [77.976805, 28.040125], [77.9767111, 28.0396089], [77.9762387, 28.0377061], [77.9760885, 28.03719], [77.9758444, 28.0366644], [77.9757123, 28.0364718], [77.975552, 28.0362383], [77.9748485, 28.0354114], [77.9745086, 28.0350119], [77.9727679, 28.0330635], [77.9722717, 28.0324811], [77.9720088, 28.0320952], [77.9717567, 28.0316548], [77.9715797, 28.0312452], [77.9714536, 28.0308664], [77.9713302, 28.0303692], [77.9712873, 28.0299667], [77.9712766, 28.0295974]], [[77.9712766, 28.0295974], [77.9712659, 28.0293819]], [[77.9712659, 28.0293819], [77.9712659, 28.0293251], [77.971341, 28.0286669], [77.9713946, 28.0284207], [77.971518, 28.0280513], [77.9716923, 28.0275683], [77.9719532, 28.0270699], [77.9722643, 28.0265585], [77.9723056, 28.0264975], [77.9733828, 28.0249059], [77.9742004, 28.0237405], [77.9744446, 28.0233925], [77.9744955, 28.02332], [77.974818, 28.0229579], [77.9749783, 28.0227778], [77.9752654, 28.0225155], [77.975343, 28.0224446], [77.9759831, 28.0219999], [77.9764661, 28.0217067], [77.9768033, 28.0215245], [77.977567, 28.021148], [77.9780375, 28.0208739], [77.9784205, 28.0205647], [77.9787718, 28.0202158], [77.9789633, 28.0199181], [77.9790649, 28.0197113], [77.9792097, 28.0193732], [77.9793294, 28.0188626], [77.9793345, 28.0181659], [77.9792409, 28.0176119], [77.9790669, 28.01718]], [[77.9790669, 28.01718], [77.978815, 28.0165376]], [[77.978815, 28.0165376], [77.9786306, 28.0159349], [77.9785476, 28.0155906], [77.9785839, 28.0151805], [77.9786633, 28.0147764], [77.9788875, 28.0143435], [77.9790976, 28.0140879], [77.980041, 28.0130819], [77.9811011, 28.0119275], [77.9824212, 28.01041], [77.9828663, 28.0098619], [77.9832353, 28.0093837], [77.9835575, 28.0088106], [77.9837303, 28.0082622], [77.9838237, 28.0076932], [77.9838237, 28.0071366], [77.9835528, 28.0055698], [77.9833891, 28.0046778], [77.9833746, 28.0045791], [77.9833193, 28.0040071], [77.983366, 28.0034546], [77.9835855, 28.0025125], [77.9846188, 27.9993639], [77.985523, 27.9965377], [77.9855433, 27.9964913], [77.9856253, 27.9962179], [77.985893, 27.9953905], [77.9871121, 27.9916223], [77.9871773, 27.9914765], [77.9872715, 27.9912657], [77.9874886, 27.9908276], [77.9878198, 27.9903179], [77.9882183, 27.9897047], [77.9882878, 27.9895977], [77.989037, 27.9882049], [77.9906658, 27.9849467], [77.9915582, 27.9831641], [77.9924504, 27.9813819], [77.9927365, 27.9808737], [77.9939527, 27.9791388], [77.9951805, 27.9772695], [77.9952614, 27.9771463], [77.9956517, 27.9765521], [77.9961736, 27.9757576], [77.9972114, 27.9741776], [77.9979237, 27.973093], [77.9999011, 27.9700824], [78.0020982, 27.966737], [78.0028292, 27.965624], [78.0031809, 27.9650885], [78.0032302, 27.9650134], [78.0038411, 27.9640832], [78.0038558, 27.9640602], [78.0052402, 27.9618898], [78.0054478, 27.9615644], [78.0078272, 27.9578341], [78.0087373, 27.9564072], [78.0090904, 27.9558797], [78.0093807, 27.9553985], [78.009594, 27.955064], [78.0097595, 27.9548046], [78.009837, 27.9546831], [78.0110361, 27.9528584], [78.0121739, 27.9509888], [78.0139328, 27.9482987], [78.0142951, 27.9476244], [78.0153607, 27.9459708], [78.0160986, 27.9448257], [78.0165104, 27.9441866]], [[78.0165104, 27.9441866], [78.0177174, 27.9423782]], [[78.0177174, 27.9423782], [78.0180081, 27.9419037], [78.0182274, 27.9415007], [78.0183987, 27.941005], [78.0194836, 27.9364493]], [[78.0194836, 27.9364493], [78.0199053, 27.9344111], [78.0200275, 27.9339747], [78.0201395, 27.9335291], [78.0203653, 27.9326656], [78.0209899, 27.9306437], [78.021187, 27.9298052]], [[78.021187, 27.9298052], [78.0212856, 27.9292935]], [[78.0212856, 27.9292935], [78.0215136, 27.9279323], [78.0219497, 27.9260144], [78.0223578, 27.9242192], [78.0224826, 27.9236732], [78.0231219, 27.9208761]], [[78.0165104, 27.9441866], [78.0170167, 27.9436126], [78.0177523, 27.9426556], [78.0182917, 27.9417661], [78.0185916, 27.9410273], [78.0188943, 27.9397676], [78.0189486, 27.9395416], [78.0189686, 27.9394531]], [[78.6471663, 27.5672842], [78.6482568, 27.5665033], [78.6492974, 27.5657468], [78.6494675, 27.5656182], [78.649793, 27.5653784], [78.6500015, 27.5652235]], [[78.6469954, 27.5674065], [78.6471663, 27.5672842]], [[78.6466536, 27.5676513], [78.6469954, 27.5674065]], [[78.6339453, 27.577037], [78.634216, 27.5768165], [78.6345062, 27.5765801], [78.6348179, 27.5763527], [78.6366767, 27.5749966], [78.6383873, 27.5737356], [78.6390888, 27.5732199], [78.6397917, 27.5727032], [78.6399383, 27.5725954], [78.6407271, 27.5720155], [78.6421395, 27.5709628], [78.6427625, 27.5705125], [78.6428237, 27.5704683], [78.6445753, 27.5692023], [78.6447785, 27.5690504], [78.6451495, 27.5687731], [78.6452599, 27.5686905], [78.6458619, 27.5682406], [78.646574, 27.5677083], [78.6466536, 27.5676513]], [[78.6200367, 27.587802], [78.6198749, 27.5874897], [78.619827, 27.5873722], [78.6198172, 27.5873295], [78.6198158, 27.5872886], [78.6198385, 27.5872049], [78.6199074, 27.5871223], [78.6200263, 27.5870159], [78.6209006, 27.5864164], [78.6212468, 27.5861494], [78.62158, 27.5859158], [78.6223562, 27.5853469], [78.622613, 27.5851587], [78.6232431, 27.5847194], [78.6237442, 27.5843677], [78.6248582, 27.5835573], [78.6251732, 27.5833358], [78.6269373, 27.5820592], [78.6274491, 27.5816977], [78.6279702, 27.5813241], [78.6289009, 27.5806568], [78.6292203, 27.5804278], [78.6307262, 27.5793685], [78.6308849, 27.5792545], [78.6312478, 27.5789938], [78.6321918, 27.5783158], [78.6339453, 27.577037]], [[78.6100182, 27.593591], [78.6098846, 27.5936769], [78.6094496, 27.593957], [78.6087736, 27.5944134], [78.608197, 27.5948033], [78.6076471, 27.5951622], [78.6069015, 27.5956495], [78.6062416, 27.5960774], [78.6059707, 27.5962295], [78.6057106, 27.5963531], [78.6053941, 27.5964744], [78.6050159, 27.5965671], [78.6044499, 27.5967026], [78.603774, 27.5968713], [78.6034977, 27.5969427], [78.6032939, 27.5970045], [78.6031008, 27.5970781], [78.6028004, 27.5972255], [78.6020708, 27.5975678], [78.6012323, 27.5979673], [78.6011334, 27.5980147], [78.601073, 27.5980432], [78.6004588, 27.5983451], [78.6000137, 27.5985448], [78.5991928, 27.5989132], [78.5976425, 27.5996596], [78.5963336, 27.6002847], [78.5953438, 27.6007768], [78.5943836, 27.6012236]], [[78.5943836, 27.6012236], [78.5919186, 27.6024097]], [[78.5919186, 27.6024097], [78.5913339, 27.6026902], [78.5906473, 27.6030158], [78.5899365, 27.6033474], [78.588818, 27.6038953]], [[78.588818, 27.6038953], [78.5878471, 27.6043731]], [[78.5878471, 27.6043731], [78.5872999, 27.6046393], [78.5868171, 27.6048532], [78.585948, 27.6051812], [78.5856637, 27.6052763], [78.5851595, 27.6054189], [78.5846284, 27.6055211], [78.5841483, 27.6055924], [78.5837567, 27.6056471], [78.5835367, 27.6056708], [78.5830888, 27.605678], [78.5821018, 27.605678], [78.5806292, 27.6056518], [78.5791862, 27.6056019], [78.5785156, 27.6056043], [78.577998, 27.6056352], [78.5773516, 27.6056922], [78.5767427, 27.6057849], [78.5763162, 27.60588], [78.575812, 27.6060036], [78.5753989, 27.6061177], [78.5749242, 27.6062769], [78.5745822, 27.6064124], [78.574149, 27.6066061], [78.5737306, 27.6068105], [78.5733604, 27.6070149], [78.573052, 27.6071825], [78.5726872, 27.6074273], [78.5724083, 27.6076127], [78.57214, 27.6078219], [78.5718182, 27.6080833], [78.5714883, 27.6083685], [78.5710645, 27.608775], [78.5707748, 27.6090673], [78.5701713, 27.6096805], [78.5693774, 27.6104934], [78.5684842, 27.6114203], [78.5681516, 27.6117554], [78.5677037, 27.6121571], [78.5673657, 27.6124268], [78.5669614, 27.6126831], [78.5662701, 27.6130264], [78.5659526, 27.6131259], [78.5630688, 27.6137887]], [[78.5627616, 27.6138458], [78.5630688, 27.6137887]], [[78.5627616, 27.6138458], [78.562063, 27.6139943], [78.5619652, 27.614018], [78.5613839, 27.6141588], [78.5607474, 27.614289], [78.5601184, 27.6144316], [78.5588598, 27.6147055], [78.5574597, 27.6150061], [78.5558257, 27.6153534], [78.5556918, 27.615384], [78.5554322, 27.6154392], [78.5552947, 27.6154593], [78.5549215, 27.615546], [78.554296, 27.615684], [78.5534485, 27.6158649], [78.5522974, 27.6161177], [78.5519443, 27.6161937], [78.5515412, 27.6162901], [78.5508245, 27.6164375], [78.5501484, 27.6165851], [78.549101, 27.6167993], [78.5473992, 27.6171388], [78.546376, 27.6173467], [78.5449945, 27.6176157], [78.5446222, 27.617688], [78.5437747, 27.6178476], [78.5434707, 27.6179104], [78.5430883, 27.6179895], [78.541697, 27.6182639], [78.5403316, 27.6185313], [78.5397443, 27.618643], [78.5391755, 27.6187489], [78.5385053, 27.6188801], [78.5384279, 27.6188962], [78.5383936, 27.6189034], [78.5381273, 27.6189499]], [[78.5381273, 27.6189499], [78.5369532, 27.6191815], [78.5361111, 27.6193276]], [[78.5361111, 27.6193276], [78.5335845, 27.619817], [78.5320141, 27.6201355], [78.5316618, 27.6202137]], [[78.5316618, 27.6202137], [78.5312493, 27.6203573], [78.5308072, 27.6205133], [78.5302724, 27.6207401], [78.5281483, 27.6217691], [78.5263195, 27.6226564]], [[78.5263195, 27.6226564], [78.5261894, 27.6227235], [78.5253933, 27.6230896], [78.5251749, 27.6232007], [78.5247301, 27.6234116], [78.5233502, 27.624073], [78.5230654, 27.6242114], [78.5229094, 27.6242872], [78.5224773, 27.6244865], [78.5224297, 27.6245077], [78.5222016, 27.6246086], [78.5220683, 27.6246794]], [[78.5220683, 27.6246794], [78.5215111, 27.6249403], [78.5197878, 27.6257486], [78.5194496, 27.6259057], [78.5177426, 27.6266591]], [[78.5177426, 27.6266591], [78.5174245, 27.6267887], [78.5173251, 27.6268325], [78.5166392, 27.6271343], [78.516313, 27.6272838], [78.515084, 27.6278445], [78.5135402, 27.6285433], [78.5121793, 27.6291564], [78.510849, 27.6297527], [78.5104463, 27.6299366], [78.5092904, 27.630475], [78.5089864, 27.6306078], [78.507657, 27.6312143], [78.5063544, 27.6317886], [78.5059775, 27.6319595], [78.50538, 27.6322049], [78.5045645, 27.6325926], [78.5037386, 27.6329857], [78.5029551, 27.6333601], [78.5021344, 27.6337332], [78.5005644, 27.6344314], [78.4985349, 27.6353443], [78.4976122, 27.6357609], [78.4971482, 27.6359544], [78.4966244, 27.6361843], [78.4956367, 27.6366334], [78.4946596, 27.6370814], [78.4946256, 27.6371003]], [[78.4946256, 27.6371003], [78.4945451, 27.6371335]], [[78.4945451, 27.6371335], [78.4924512, 27.6380481], [78.4919232, 27.6382812], [78.4913859, 27.6385131], [78.4904936, 27.638899], [78.4895947, 27.6393016], [78.4885409, 27.6397735], [78.4875056, 27.6402321], [78.4854677, 27.6411333], [78.4836791, 27.6419252], [78.4811327, 27.6430358], [78.4786122, 27.6441307], [78.4784024, 27.6442241], [78.4780409, 27.6443852], [78.4771389, 27.6447893], [78.4762074, 27.6451811], [78.4740398, 27.6461293], [78.4736019, 27.646334], [78.4721936, 27.6469317], [78.472091, 27.6469752], [78.4706039, 27.6476324], [78.4701118, 27.647836], [78.4689125, 27.6483676], [78.4677189, 27.6489025], [78.4661197, 27.6495952], [78.4658379, 27.6497244], [78.4642294, 27.6504322], [78.4624742, 27.6511999], [78.4617725, 27.651518], [78.4610859, 27.6518174], [78.4597237, 27.6524167], [78.458983, 27.6527463], [78.4582576, 27.6530675], [78.4579661, 27.653202], [78.4577535, 27.6532856], [78.4575259, 27.6533882], [78.4565395, 27.6538249], [78.4555578, 27.654255], [78.4535864, 27.6551326], [78.4524464, 27.6556056]], [[78.4524464, 27.6556056], [78.452197, 27.6557315]], [[78.452197, 27.6557315], [78.451481, 27.6560479], [78.4502015, 27.656645], [78.4489525, 27.6571837], [78.4476911, 27.6577328], [78.4449771, 27.6589141], [78.4441468, 27.6593188], [78.4430899, 27.6597971], [78.442484, 27.6600648], [78.44135, 27.6605803], [78.4405554, 27.6609443], [78.43891, 27.6616803], [78.4371728, 27.6624659], [78.4366114, 27.6627444], [78.436252, 27.6629226], [78.4361985, 27.6629524], [78.4358553, 27.6631193], [78.4353137, 27.6633738], [78.4350907, 27.6634725], [78.4339689, 27.6639799], [78.4337374, 27.6640813], [78.4332249, 27.6643092], [78.4322521, 27.6647662], [78.4312878, 27.6652197], [78.4296514, 27.665976], [78.4287912, 27.666363], [78.4283052, 27.6665788], [78.4278399, 27.6667937], [78.4269024, 27.6672213], [78.4250282, 27.6680865], [78.4247793, 27.6682014], [78.4228149, 27.6690909], [78.4217565, 27.6695811], [78.4206734, 27.6700521], [78.4203647, 27.6701982], [78.4201889, 27.6702719], [78.4200829, 27.6703185], [78.4191281, 27.6707513], [78.4182829, 27.6711421], [78.41763, 27.6715031], [78.4173052, 27.671693], [78.41555, 27.6727182], [78.4138089, 27.6737219], [78.4129053, 27.6742408], [78.4120278, 27.6747537], [78.4107318, 27.6754966], [78.4093729, 27.676267], [78.4080625, 27.6770502], [78.4080149, 27.6770772]], [[78.4080149, 27.6770772], [78.4078574, 27.6771672]], [[78.4078574, 27.6771672], [78.4070568, 27.6775997], [78.4066217, 27.6778483], [78.4057035, 27.6782304]], [[78.4057035, 27.6782304], [78.4051502, 27.6785394], [78.4046314, 27.6788242], [78.4040676, 27.6791148], [78.4034985, 27.6794373], [78.4029928, 27.6797253], [78.4011854, 27.6807456], [78.4009345, 27.6808974], [78.4000944, 27.6813791], [78.399793, 27.6815488], [78.3994757, 27.6817074], [78.3992426, 27.6817919]], [[78.3992426, 27.6817919], [78.399564, 27.6819866], [78.39966, 27.6820402], [78.3997412, 27.6820578], [78.3998224, 27.682045], [78.3999325, 27.6820019], [78.4003926, 27.681719], [78.4014578, 27.6810976], [78.4015456, 27.6810463], [78.4023386, 27.6805848], [78.4028826, 27.6802682], [78.4029392, 27.6802364], [78.4033197, 27.6800227], [78.404138, 27.6795631], [78.4052137, 27.6789026], [78.4056031, 27.6786635], [78.4058498, 27.6785054]], [[78.4058498, 27.6785054], [78.406204, 27.6782784], [78.407958, 27.6772456]], [[78.407958, 27.6772456], [78.4081028, 27.6771624]], [[78.4081028, 27.6771624], [78.4091637, 27.6765306], [78.410022, 27.6760413], [78.4110787, 27.6754356], [78.4120175, 27.6749059], [78.412841, 27.6744047], [78.4139246, 27.6738108], [78.415153, 27.6730721], [78.4159872, 27.672578], [78.4169474, 27.6720388], [78.4176877, 27.6716041], [78.4182617, 27.6712929], [78.4189805, 27.6709437], [78.4199032, 27.6705399], [78.4202766, 27.6703705], [78.4203431, 27.6703404], [78.4215716, 27.6697987], [78.4223521, 27.6694638], [78.4229157, 27.6691951], [78.4233686, 27.6689792], [78.4243342, 27.6685469], [78.4250857, 27.6681897], [78.4256485, 27.6679221], [78.4266436, 27.6674731], [78.4277433, 27.6669719], [78.4284568, 27.6666512], [78.4293795, 27.6662189], [78.429711, 27.666072], [78.4297711, 27.6660454], [78.4311524, 27.6654207], [78.431371, 27.6653171], [78.4318095, 27.6651095], [78.4328288, 27.6646344], [78.433789, 27.6641955], [78.4339204, 27.6641355], [78.4349316, 27.6636627], [78.4351366, 27.663574], [78.4353676, 27.6634739], [78.435787, 27.6632621], [78.4362642, 27.6630327], [78.4366863, 27.662836], [78.4372193, 27.6625877], [78.4377246, 27.6623476], [78.4384253, 27.6620357], [78.439903, 27.6613951], [78.4414499, 27.6607073], [78.4418879, 27.6604931], [78.4427158, 27.6601286], [78.4445007, 27.6592909], [78.4455009, 27.6588373], [78.4464498, 27.658398], [78.4473529, 27.6580056], [78.4477392, 27.6578338], [78.4481567, 27.6576481], [78.4490213, 27.6572888], [78.4501866, 27.6567642], [78.4504831, 27.6566307], [78.4522587, 27.6558824]], [[78.4522587, 27.6558824], [78.4525055, 27.6557588]], [[78.4525055, 27.6557588], [78.454155, 27.6550128], [78.4551823, 27.6545591], [78.4570625, 27.6537228], [78.4575943, 27.6534953], [78.4588784, 27.6529459], [78.4600532, 27.6524042], [78.4613085, 27.6518577], [78.4624135, 27.6513636], [78.4636366, 27.6508219], [78.4643233, 27.6505296], [78.465592, 27.6499689], [78.4668258, 27.6494225], [78.467853, 27.6489785], [78.4686524, 27.6486194], [78.4701276, 27.6479613], [78.4712005, 27.6474885], [78.4721937, 27.6470385], [78.4723753, 27.6469562], [78.4729359, 27.646721], [78.4746954, 27.6459607], [78.4754008, 27.6456447], [78.4774366, 27.6447561], [78.4783329, 27.644373], [78.4785819, 27.6442666], [78.479459, 27.6438983], [78.4806365, 27.6433899], [78.4813982, 27.6430572], [78.4829888, 27.6423587], [78.4841394, 27.6418597], [78.4853867, 27.6412965], [78.4860706, 27.6410043], [78.4875593, 27.6403318], [78.4885436, 27.6398994], [78.4898391, 27.6393291], [78.4907189, 27.6389442], [78.4920144, 27.638362], [78.4929746, 27.6379391], [78.4941065, 27.6374448], [78.4946023, 27.6372226], [78.4946186, 27.6372153]], [[78.4946186, 27.6372153], [78.4946777, 27.6371888]], [[78.4946777, 27.6371888], [78.4947065, 27.637176], [78.4947959, 27.6371359], [78.4962469, 27.6364944], [78.497173, 27.6360815], [78.4979099, 27.635753], [78.4989855, 27.6352754], [78.4999251, 27.6348602], [78.4999967, 27.6348286], [78.5012278, 27.6342631], [78.5027513, 27.6335811], [78.503564, 27.6331962], [78.5044572, 27.6327661], [78.5051385, 27.6324571], [78.5061014, 27.6320342], [78.5063919, 27.6319037], [78.5068578, 27.6316944], [78.5082713, 27.6310528], [78.5091779, 27.6306464], [78.509945, 27.6302923], [78.5108221, 27.629905], [78.5121551, 27.6292966], [78.5131636, 27.6288428], [78.514435, 27.6282558], [78.515136, 27.6279403], [78.5156125, 27.6277259], [78.5170394, 27.6270724], [78.5173816, 27.6269264], [78.517781, 27.6267563], [78.5180479, 27.6266422], [78.5188016, 27.6263119], [78.5194641, 27.6260196], [78.520081, 27.6257083], [78.5212022, 27.6251807], [78.522377, 27.6246484], [78.5224783, 27.6246012], [78.5232472, 27.6242431], [78.5237342, 27.6240163], [78.5247025, 27.6235576], [78.5247913, 27.6235156], [78.5258827, 27.6229991], [78.5263459, 27.6227656], [78.5264335, 27.6227214], [78.5265237, 27.6226759], [78.5276502, 27.622146], [78.528817, 27.6215828], [78.529737, 27.6211478], [78.5303888, 27.6208246], [78.5311854, 27.6205014], [78.5317111, 27.6203232]], [[78.5317111, 27.6203232], [78.5320947, 27.6202162], [78.5330978, 27.6200261], [78.5343638, 27.6197908], [78.5354018, 27.6195817], [78.5361394, 27.6194367]], [[78.5361394, 27.6194367], [78.5370916, 27.6192537], [78.5379928, 27.6190755], [78.5387206, 27.6189499], [78.5389155, 27.6189163], [78.5392039, 27.6188643], [78.5397202, 27.6187713], [78.5413805, 27.6184338], [78.5424507, 27.6182294], [78.5441431, 27.6178991], [78.5448807, 27.6177399], [78.5466698, 27.6174048], [78.5475388, 27.6172241], [78.5493037, 27.6168724], [78.5502425, 27.6166728], [78.5522193, 27.6162569], [78.5535336, 27.615955], [78.5545072, 27.6157483], [78.5555713, 27.6155259], [78.5560437, 27.6154271], [78.5561675, 27.6154013], [78.5569909, 27.6152206], [78.5582998, 27.6149354], [78.5594264, 27.6146906], [78.5608023, 27.6143912], [78.5620177, 27.6141296], [78.5621273, 27.614106], [78.5627791, 27.613961]], [[78.5627791, 27.613961], [78.5630755, 27.6139004]], [[78.5630755, 27.6139004], [78.5632618, 27.6138613], [78.5639352, 27.6137019], [78.5650456, 27.6134738], [78.5655257, 27.6133692], [78.5661855, 27.6131767], [78.5666388, 27.6129889], [78.5671028, 27.6127513], [78.5676312, 27.6123971], [78.5678807, 27.6121975], [78.5683474, 27.6117364], [78.5689831, 27.6110852], [78.5695061, 27.6105433], [78.5701016, 27.6099229], [78.5707211, 27.6092955], [78.571161, 27.608851], [78.5718799, 27.6081784], [78.5724887, 27.6076864], [78.5731888, 27.6072395], [78.5736099, 27.6070066], [78.5742402, 27.6067], [78.5748705, 27.6064243], [78.5753024, 27.606265], [78.5757396, 27.6061462], [78.5764611, 27.6059632], [78.5771263, 27.6058396], [78.5778987, 27.6057588], [78.5784218, 27.6057279], [78.5787839, 27.605735], [78.5794517, 27.6057635], [78.5805058, 27.6057968], [78.5820642, 27.6058182], [78.5831398, 27.6058206], [78.5836279, 27.6057873], [78.5841107, 27.6057421], [78.584623, 27.6056661], [78.5853124, 27.6055187], [78.5858622, 27.6053642], [78.5862511, 27.6052264], [78.5869244, 27.6049625], [78.5878658, 27.604518]], [[78.5878658, 27.604518], [78.5885954, 27.6041734], [78.5888519, 27.6040488]], [[78.5888519, 27.6040488], [78.5892659, 27.6038478], [78.5898072, 27.6035848], [78.5902932, 27.6033486], [78.5913098, 27.6028685], [78.5919455, 27.6025714]], [[78.5919455, 27.6025714], [78.5944748, 27.6013663]], [[78.5944748, 27.6013663], [78.5954685, 27.600877], [78.5957476, 27.6007388], [78.5960628, 27.6005971], [78.5967252, 27.600252], [78.598127, 27.5995662], [78.5989138, 27.5991961], [78.5995487, 27.59889], [78.5997029, 27.5988156], [78.6004373, 27.5984497], [78.6011828, 27.5980957], [78.6017454, 27.5978246], [78.6020075, 27.5977086], [78.6022177, 27.5976074], [78.6028511, 27.5972965], [78.6031785, 27.5971667], [78.6036578, 27.5969955], [78.6040668, 27.5968984], [78.6045448, 27.5967797], [78.6049721, 27.596694], [78.6055077, 27.5965294], [78.6058547, 27.5963787], [78.6061937, 27.596206], [78.6068183, 27.5958278], [78.6074504, 27.5954075], [78.6087495, 27.5945513], [78.6099043, 27.5937974], [78.6100528, 27.5937004]], [[78.3499083, 27.7141897], [78.3501591, 27.7139461], [78.3502313, 27.713875], [78.3525172, 27.7116218]], [[78.347453, 27.7166334], [78.3479101, 27.7161388], [78.348025, 27.7160274], [78.3480648, 27.7159889], [78.3487096, 27.715357], [78.3495892, 27.7145005], [78.3499083, 27.7141897]], [[78.3473223, 27.7167688], [78.347453, 27.7166334]], [[78.3466667, 27.7175527], [78.3468466, 27.7173335], [78.3471734, 27.7169472], [78.3473223, 27.7167688]], [[78.3465556, 27.717689], [78.3466667, 27.7175527]], [[78.3401484, 27.7256181], [78.3408233, 27.7248085], [78.3416346, 27.7237941], [78.3428665, 27.7222725], [78.3437164, 27.7212279], [78.3440969, 27.720746], [78.3443541, 27.7204204], [78.3446256, 27.7200912], [78.3457337, 27.7186989], [78.3465556, 27.717689]], [[78.3229303, 27.7469701], [78.3231854, 27.7466551], [78.3239035, 27.7457684], [78.3245226, 27.745006], [78.3256254, 27.7436152], [78.3257144, 27.7435082], [78.3273735, 27.7414696], [78.3276, 27.7411988], [78.3284125, 27.7401955], [78.32994, 27.738296], [78.3318341, 27.7359421], [78.3321745, 27.7355166], [78.3336097, 27.7337568], [78.3337665, 27.7335726], [78.3356685, 27.7312025], [78.3366314, 27.7299977], [78.3375017, 27.7289308], [78.3387755, 27.7273435], [78.3395992, 27.7263138], [78.3398736, 27.7259769], [78.3401484, 27.7256181]], [[78.3150998, 27.7545395], [78.3152098, 27.7544316], [78.3157035, 27.7539998], [78.3160256, 27.7537609], [78.3163065, 27.7536009], [78.3168404, 27.7533362], [78.3174365, 27.7530503], [78.3177888, 27.7528614], [78.3181186, 27.7526564], [78.3184212, 27.7524355], [78.318763, 27.7521122], [78.3192886, 27.7515034], [78.3196132, 27.7510944], [78.3199228, 27.7507012], [78.3211118, 27.7492138], [78.3227124, 27.7472391], [78.3229303, 27.7469701]], [[78.2746165, 27.8044539], [78.2757324, 27.8040173], [78.2772697, 27.8033357], [78.2776444, 27.80312], [78.2780686, 27.802823], [78.2793933, 27.801561], [78.2795386, 27.8014226], [78.2795902, 27.8013744], [78.2812173, 27.7998564], [78.282244, 27.7988935], [78.2825373, 27.7985614], [78.2829072, 27.7980257], [78.2832819, 27.7973038], [78.2837534, 27.7965152], [78.2843414, 27.7954314], [78.2847181, 27.7947645], [78.2855893, 27.7932498], [78.2859332, 27.7927749], [78.2862158, 27.7924556], [78.2866184, 27.79186], [78.2867041, 27.791665], [78.2868584, 27.791332], [78.2876, 27.7896458], [78.2881551, 27.7886481], [78.2890024, 27.7871469], [78.2901134, 27.7851914], [78.2904403, 27.7845946], [78.2914249, 27.7828479], [78.2923425, 27.7812182], [78.2926048, 27.7807565], [78.2932727, 27.7795727], [78.2938285, 27.7785875], [78.2951378, 27.7762769], [78.2957405, 27.7752076], [78.2966532, 27.7736183], [78.297748, 27.7717833], [78.2982188, 27.7709968], [78.2985119, 27.77061], [78.2998559, 27.7692888], [78.3015131, 27.767693], [78.3017752, 27.7674288], [78.3025412, 27.7666796], [78.3039738, 27.7653072], [78.3041851, 27.7651064], [78.30458, 27.7647306], [78.3057903, 27.7635784], [78.3071687, 27.7622485], [78.3094158, 27.7600785], [78.3095301, 27.7599772], [78.3112762, 27.7582778], [78.3122934, 27.7572882], [78.3136994, 27.755913], [78.314654, 27.7549768], [78.3150998, 27.7545395]], [[78.2739279, 27.8048836], [78.2740397, 27.8047847], [78.2742358, 27.8046362], [78.2743662, 27.8045578], [78.2744545, 27.8045173], [78.2746165, 27.8044539]], [[78.2725087, 27.8067336], [78.2726165, 27.8065985], [78.2735997, 27.8052176], [78.273863, 27.804941], [78.2739279, 27.8048836]], [[78.2724344, 27.8068269], [78.2725087, 27.8067336]], [[78.2457964, 27.8133543], [78.2459633, 27.8133157], [78.24645, 27.8131833], [78.2470508, 27.8130001], [78.2476375, 27.8127632], [78.2481106, 27.8125844], [78.2482988, 27.8124948], [78.2487964, 27.8122705], [78.2495764, 27.8119235], [78.2500125, 27.8117483], [78.250546, 27.8115398], [78.2509368, 27.8114243], [78.2513974, 27.8113439], [78.2518875, 27.8112832], [78.2522968, 27.8112448], [78.2525401, 27.8112221], [78.2540907, 27.8111172], [78.2549183, 27.8110539], [78.2553012, 27.8110246], [78.2556318, 27.8109976], [78.2558912, 27.8109765], [78.2564188, 27.8108947], [78.25707, 27.810735], [78.2580955, 27.8103975], [78.2596736, 27.8098345], [78.2612988, 27.8092547], [78.2638296, 27.808353], [78.2647274, 27.8081547], [78.2654724, 27.8080817], [78.2662225, 27.8080835], [78.2669071, 27.8081677], [78.267775, 27.8083255], [78.268517, 27.8084614], [78.2691475, 27.8085543], [78.2695123, 27.8085498], [78.2695524, 27.8085445], [78.2698717, 27.8085026], [78.2702338, 27.8084251], [78.270408, 27.8083638], [78.2706829, 27.8082153], [78.2711941, 27.8078762], [78.2719211, 27.8073405], [78.2723639, 27.8069152], [78.2724344, 27.8068269]], [[78.2452675, 27.8134612], [78.2455106, 27.8134204], [78.2457964, 27.8133543]], [[78.2407427, 27.8145009], [78.2421184, 27.8141198], [78.2433779, 27.8137933], [78.2442806, 27.8136271], [78.2452675, 27.8134612]], [[78.2401073, 27.8146746], [78.2407427, 27.8145009]], [[78.2386963, 27.8150377], [78.239377, 27.8148601], [78.2401073, 27.8146746]], [[78.2383616, 27.815125], [78.2386963, 27.8150377]], [[78.2336049, 27.8166223], [78.2340147, 27.8164099], [78.2344172, 27.8162373], [78.235027, 27.8160215], [78.2362751, 27.8156691], [78.2383616, 27.815125]], [[78.2202149, 27.82707], [78.2207328, 27.826728], [78.2222462, 27.8257897], [78.2234486, 27.8250009], [78.2237338, 27.8247882], [78.2238927, 27.824658], [78.2239911, 27.8245696], [78.2252805, 27.823481], [78.2274351, 27.821641], [78.2281617, 27.8210099], [78.2298527, 27.8195727], [78.2298725, 27.8195555], [78.2307468, 27.8187949], [78.2316228, 27.8180841], [78.2325935, 27.8172707], [78.2332015, 27.8168921], [78.2334242, 27.8167535], [78.2336049, 27.8166223]], [[78.2186898, 27.828077], [78.2202149, 27.82707]], [[78.1942449, 27.839291], [78.195094, 27.8391278], [78.1955362, 27.839025], [78.1957539, 27.8389758], [78.1960731, 27.8388906], [78.1963713, 27.8387928], [78.196925, 27.838562], [78.1972023, 27.8384043], [78.1973383, 27.8383047], [78.1974455, 27.8382317], [78.1975267, 27.8381764], [78.1978742, 27.8379176], [78.1982804, 27.8375487], [78.2015696, 27.8347994], [78.202192, 27.8342605], [78.2025106, 27.8340053], [78.2028125, 27.8338245], [78.203123, 27.8336618], [78.2036059, 27.8334291], [78.2048624, 27.832946], [78.2088285, 27.8313988], [78.2104191, 27.8307888], [78.211424, 27.830474], [78.2127512, 27.8300943], [78.2130846, 27.8299946], [78.2144251, 27.8296001], [78.2171484, 27.8288029], [78.2175565, 27.8286708], [78.2179053, 27.8285255], [78.2182169, 27.828364], [78.2186898, 27.828077]], [[78.1850364, 27.8426539], [78.1887214, 27.8412396], [78.1907542, 27.8404288], [78.1920814, 27.8398771], [78.1927393, 27.8396433], [78.1933036, 27.8394694], [78.1942449, 27.839291]], [[78.1670332, 27.8512091], [78.1672491, 27.8511349], [78.1688577, 27.850524], [78.1693138, 27.8503007], [78.1694131, 27.850256], [78.1701842, 27.8498136], [78.1706033, 27.8495555], [78.1710297, 27.8493008], [78.1713138, 27.8491256], [78.1718588, 27.8488106], [78.1722319, 27.8485836], [78.1728615, 27.8482004], [78.1752075, 27.8468604], [78.175762, 27.8465314], [78.1760004, 27.8463886], [78.1773111, 27.8456063], [78.1776874, 27.8454256], [78.1785909, 27.8450736], [78.1791078, 27.8448905], [78.179788, 27.8446496], [78.1818643, 27.8438524], [78.1823318, 27.8436823], [78.1834896, 27.8432449], [78.1845563, 27.842861], [78.1850364, 27.8426539]], [[78.1666555, 27.8513461], [78.1670332, 27.8512091]], [[78.1351905, 27.8609002], [78.1357167, 27.8607386], [78.1379222, 27.8600243], [78.1385078, 27.8598405], [78.1407264, 27.8591314], [78.1415956, 27.8588589], [78.1425609, 27.8585562], [78.1434542, 27.8582776], [78.1443149, 27.8579885], [78.1454126, 27.8576506], [78.1479581, 27.8568409], [78.1484898, 27.8566718], [78.1502, 27.8561299], [78.1504043, 27.8560611], [78.1509599, 27.8558719], [78.1543383, 27.8547749], [78.1549217, 27.854592], [78.1554708, 27.8544216], [78.1557406, 27.854334], [78.1560897, 27.85422], [78.158295, 27.8535336], [78.1596664, 27.8531079], [78.159962, 27.8530177], [78.1603535, 27.8528982], [78.1607406, 27.8527859], [78.1611167, 27.8526827], [78.1613919, 27.8526125], [78.1617521, 27.8525354], [78.1635816, 27.8521713], [78.1648321, 27.8518971], [78.1654767, 27.8517322], [78.1656737, 27.8516765], [78.1659144, 27.8515993], [78.1666555, 27.8513461]], [[78.1298632, 27.8620447], [78.1299209, 27.862048], [78.1301443, 27.8620514], [78.1302807, 27.8620527], [78.1309278, 27.8620621], [78.1316227, 27.8620091], [78.1319224, 27.8619552], [78.1320636, 27.8619298], [78.132834, 27.8617319], [78.1337424, 27.8614047], [78.1339983, 27.8613004], [78.1342285, 27.8612174], [78.1351905, 27.8609002]], [[78.1258472, 27.8607758], [78.1270934, 27.8613921], [78.1277731, 27.8616387], [78.1285836, 27.8618621], [78.1293956, 27.8620052], [78.1298229, 27.8620435], [78.1298632, 27.8620447]], [[78.2397378, 27.8144887], [78.2392192, 27.8143357]], [[78.239115, 27.8143047], [78.2392192, 27.8143357]], [[78.2386153, 27.8141757], [78.239115, 27.8143047]], [[78.2339903, 27.8159142], [78.2352279, 27.814807], [78.2357304, 27.8144098], [78.2361871, 27.8141885], [78.236512, 27.8140541], [78.2371381, 27.8139761], [78.2375993, 27.8139763], [78.2380326, 27.8140396], [78.2382699, 27.8140835], [78.2386153, 27.8141757]], [[78.2339903, 27.8159142], [78.2337933, 27.8160905], [78.2336014, 27.8162765], [78.2335028, 27.8164269]], [[80.3050844, 26.4801503], [80.3054351, 26.4800913], [80.3055694, 26.4800773], [80.3058376, 26.4800419]], [[80.3013324, 26.4820953], [80.3018694, 26.4817166], [80.302285, 26.4814226], [80.3024915, 26.4812866], [80.3026738, 26.4811674], [80.3030414, 26.4809709], [80.3033535, 26.4808041], [80.3041068, 26.4804312], [80.3043777, 26.4803243], [80.3046674, 26.4802367], [80.3050844, 26.4801503]], [[80.2971679, 26.4841267], [80.2985535, 26.483537], [80.2989642, 26.4833558], [80.2990315, 26.4833263], [80.2997334, 26.4830168], [80.299999, 26.4829028], [80.3003376, 26.4827253], [80.3006829, 26.4825319], [80.3009874, 26.4823398], [80.3013324, 26.4820953]], [[80.285534, 26.4911767], [80.2856325, 26.4911298], [80.2860447, 26.4909168], [80.2870355, 26.4902764], [80.2873125, 26.4900973], [80.2874486, 26.4900094], [80.2877157, 26.4898445], [80.2878554, 26.4897582], [80.2888253, 26.4891593], [80.2896142, 26.4886878], [80.2909455, 26.4878354], [80.291524, 26.4874742], [80.2917857, 26.4873105], [80.2922981, 26.48699], [80.292978, 26.4865647], [80.2946674, 26.4855079], [80.2949372, 26.4853392], [80.2959685, 26.4847349], [80.2964344, 26.4844814], [80.2966738, 26.4843521], [80.2968913, 26.4842489], [80.2971679, 26.4841267]], [[80.2612761, 26.4982734], [80.2619641, 26.4980753], [80.2627294, 26.497855], [80.2638809, 26.4975234], [80.2654044, 26.4971025], [80.2665641, 26.4967566], [80.2673397, 26.496534], [80.2673716, 26.4965249], [80.2679001, 26.4963736], [80.2680722, 26.4963236], [80.2684026, 26.4962288], [80.2694734, 26.4959214], [80.27189, 26.4952237], [80.2730727, 26.4948785], [80.2736663, 26.4947052], [80.2748727, 26.4943531], [80.2755695, 26.4941497], [80.2764854, 26.4938824], [80.2771096, 26.4937002], [80.2774925, 26.4935796], [80.2779787, 26.4934265], [80.2781875, 26.4933668], [80.278649, 26.4932461], [80.278918, 26.4931648], [80.2802788, 26.4927535], [80.2807462, 26.4926122], [80.2812315, 26.4924757], [80.2820939, 26.4922295], [80.2836965, 26.4917995], [80.28438, 26.4916223], [80.2852514, 26.491277], [80.2853668, 26.4912437], [80.285534, 26.4911767]], [[80.2570186, 26.4996218], [80.2577423, 26.4993152], [80.2580533, 26.4992075], [80.2586005, 26.4990181], [80.2606585, 26.4984453], [80.2608046, 26.4984046], [80.2612761, 26.4982734]], [[80.2550485, 26.5010108], [80.2555178, 26.5006039], [80.2556306, 26.5005301], [80.255797, 26.5004212], [80.2561955, 26.5001604], [80.2570186, 26.4996218]], [[80.2449144, 26.512891], [80.2450266, 26.5127684], [80.2457955, 26.5119999], [80.2469595, 26.5108222], [80.2476785, 26.5100283], [80.2481624, 26.5094655], [80.2497031, 26.507466], [80.2512873, 26.5052699], [80.2517182, 26.5047765], [80.2519355, 26.5045277], [80.2521698, 26.5042595], [80.2523926, 26.5040044], [80.2531502, 26.5031369], [80.2534477, 26.5027868], [80.2535319, 26.5026871], [80.2541632, 26.5019894], [80.2550485, 26.5010108]], [[80.2260498, 26.5452773], [80.2261674, 26.5451339], [80.2271138, 26.5440041], [80.228038, 26.5428393], [80.2282528, 26.5425767], [80.2286361, 26.5419559], [80.2287166, 26.5418395], [80.2287877, 26.5417171], [80.2288681, 26.5415677], [80.2290657, 26.5411676], [80.2297186, 26.5392934], [80.2300401, 26.5383529], [80.2302966, 26.5377571], [80.2307437, 26.5367403], [80.2308081, 26.5365848], [80.2308851, 26.5363714], [80.2310229, 26.5360705], [80.2312084, 26.5356637], [80.2313062, 26.5350516], [80.2313477, 26.5349532], [80.2314243, 26.5347954], [80.2323208, 26.5331075], [80.2329187, 26.5320178], [80.2331104, 26.531671], [80.2331884, 26.5315073], [80.2332952, 26.53129], [80.2333714, 26.5311047], [80.2334749, 26.5308183], [80.2335207, 26.5306447], [80.233667, 26.52999], [80.2337084, 26.5297767], [80.233808, 26.5293525], [80.2338598, 26.5291204], [80.2339204, 26.5288926], [80.2339987, 26.5286585], [80.2341686, 26.5283689], [80.2345204, 26.5278446], [80.2345694, 26.5277683], [80.234614, 26.527706], [80.2356273, 26.5262455], [80.2363903, 26.5251574], [80.2371387, 26.5241007], [80.2375448, 26.523491], [80.2388665, 26.5215888], [80.2395164, 26.5206534], [80.2401738, 26.5197151], [80.2422389, 26.5167351], [80.2427184, 26.5160287], [80.2432072, 26.5153391], [80.2442312, 26.5138622], [80.24465, 26.5132516], [80.2448361, 26.512984], [80.2449144, 26.512891]], [[80.2257864, 26.5455937], [80.2260498, 26.5452773]], [[80.2233652, 26.5489563], [80.2235167, 26.5485806], [80.2239438, 26.5479556], [80.2240475, 26.547799], [80.224374, 26.5473334], [80.2245929, 26.547078], [80.2247963, 26.5467885], [80.2252179, 26.546265], [80.2257864, 26.5455937]], [[80.2232632, 26.5493465], [80.2233652, 26.5489563]], [[80.2232101, 26.5495376], [80.2232632, 26.5493465]], [[80.223191, 26.5496422], [80.2232101, 26.5495376]], [[80.2231173, 26.5572596], [80.2232074, 26.556603], [80.2232228, 26.5564069], [80.2232332, 26.5561259], [80.2232405, 26.5555085], [80.2232208, 26.5544766], [80.2231894, 26.5526243], [80.2231765, 26.5514744], [80.2231436, 26.5503337], [80.2231412, 26.5501828], [80.2231433, 26.5500553], [80.2231506, 26.549901], [80.2231678, 26.5497698], [80.223191, 26.5496422]], [[80.2230107, 26.5579507], [80.2231173, 26.5572596]], [[80.222809, 26.559086], [80.2230107, 26.5579507]], [[80.2224736, 26.5649565], [80.2224791, 26.5648582], [80.2225113, 26.5643952], [80.2225611, 26.5640188], [80.2225837, 26.5634932], [80.2227114, 26.562725], [80.2227317, 26.5624485], [80.2227441, 26.5621614], [80.2227488, 26.5619621], [80.2227538, 26.5617572], [80.2227506, 26.5615937], [80.2227275, 26.5613095], [80.222714, 26.5612117], [80.2226951, 26.5609992], [80.2226638, 26.5606871], [80.2226476, 26.5603775], [80.2226584, 26.5601139], [80.2227016, 26.5597714], [80.2227491, 26.5594506], [80.222809, 26.559086]], [[80.2223734, 26.5663426], [80.2224736, 26.5649565]], [[80.2223587, 26.5666642], [80.2223734, 26.5663426]], [[80.2221237, 26.5687537], [80.2222026, 26.5681095], [80.2222601, 26.5674854], [80.2223587, 26.5666642]], [[80.2169022, 26.5886047], [80.217134, 26.5880766], [80.2176196, 26.5869703], [80.2181687, 26.5856384], [80.2186773, 26.5843066], [80.2189087, 26.5836868], [80.2190004, 26.583441], [80.2194729, 26.5821322], [80.2195059, 26.5820529], [80.2196445, 26.581695], [80.2197248, 26.5814687], [80.2197812, 26.5813165], [80.2199524, 26.580864], [80.220147, 26.5803347], [80.2203202, 26.5798636], [80.2205278, 26.5793104], [80.2206056, 26.5790885], [80.220678, 26.578863], [80.2207504, 26.5786399], [80.2207866, 26.5785404], [80.2208624, 26.5782029], [80.2209818, 26.5776839], [80.2210424, 26.5773612], [80.2211325, 26.57688], [80.2211792, 26.5766008], [80.2211941, 26.5764996], [80.2212148, 26.5763396], [80.2212453, 26.576111], [80.2212889, 26.5757949], [80.2213703, 26.5751401], [80.2214194, 26.5747682], [80.2214539, 26.574465], [80.2214815, 26.5742295], [80.2215222, 26.5739353], [80.2215689, 26.5735834], [80.2215843, 26.5734291], [80.2216062, 26.5732642], [80.2216664, 26.572782], [80.2216981, 26.5725629], [80.2217181, 26.5723902], [80.2217497, 26.5721267], [80.2217999, 26.5716895], [80.2218506, 26.5712376], [80.2218729, 26.5709733], [80.2219168, 26.5705823], [80.2219941, 26.569836], [80.2221004, 26.5689575], [80.2221237, 26.5687537]], [[80.2168602, 26.5887001], [80.2169022, 26.5886047]], [[80.2065097, 26.6071237], [80.2066002, 26.6069783], [80.2070349, 26.6063101], [80.2095426, 26.6024516], [80.2106315, 26.600726], [80.2107692, 26.6004305], [80.21085, 26.6002173], [80.2109387, 26.5998761], [80.2110073, 26.599555], [80.2112993, 26.5988213], [80.2114243, 26.5985643], [80.2119301, 26.597745], [80.2130958, 26.5960313], [80.214088, 26.5944261], [80.2149286, 26.5931456], [80.2151534, 26.5927244], [80.2153945, 26.5921726], [80.2157741, 26.5913018], [80.2168481, 26.5887282], [80.2168602, 26.5887001]], [[80.203166, 26.6118753], [80.2031931, 26.6118092], [80.2036034, 26.6112669], [80.2056807, 26.6085827], [80.2059829, 26.6081042], [80.2065097, 26.6071237]], [[80.2855244, 26.4910866], [80.2854956, 26.4910978], [80.2852535, 26.4911923], [80.2850169, 26.491278], [80.2836536, 26.4916887], [80.2829183, 26.4919079], [80.2807283, 26.4925609], [80.2786015, 26.4931786], [80.2783548, 26.4932502], [80.2781488, 26.49331], [80.2779381, 26.4933712], [80.2764555, 26.4938018], [80.2717853, 26.4951581], [80.2694244, 26.4958025], [80.266522, 26.4966305], [80.2619256, 26.4979418], [80.2612348, 26.4981389], [80.2607566, 26.4982753], [80.2581655, 26.4990145], [80.2579972, 26.4990761]], [[80.2579972, 26.4990761], [80.2571777, 26.499376], [80.2569484, 26.4995015], [80.2562236, 26.4999605], [80.255333, 26.500569], [80.2549575, 26.5009339], [80.2544662, 26.5014068], [80.2530891, 26.5029722]], [[80.2530891, 26.5029722], [80.2528755, 26.503234], [80.2522755, 26.5039037], [80.2518458, 26.5043833], [80.2515913, 26.5047115], [80.2513596, 26.5050103], [80.2512088, 26.5052299], [80.2504515, 26.5062957], [80.2496276, 26.507433], [80.2478977, 26.5096437], [80.2472859, 26.5103574], [80.2468992, 26.5107756], [80.2461682, 26.5114881], [80.24585, 26.5118206], [80.2449346, 26.5127403], [80.2447778, 26.5129183], [80.2446502, 26.5130964], [80.244485, 26.5133484], [80.2443143, 26.5135975], [80.2440271, 26.5140293], [80.2438018, 26.5143468], [80.243507, 26.5147685], [80.2432911, 26.5150809], [80.2429156, 26.5156084], [80.2425389, 26.5161292], [80.2421841, 26.5166583], [80.2418753, 26.5171012], [80.2415402, 26.5175872], [80.2411395, 26.5181614], [80.2406445, 26.5188727], [80.2402525, 26.5194156], [80.2400877, 26.5196541], [80.2398977, 26.5199368], [80.2395692, 26.5204091], [80.2393305, 26.5207501], [80.2387843, 26.52155], [80.2384369, 26.5220624], [80.2381215, 26.5225176], [80.2378418, 26.5229174], [80.2375677, 26.5233054], [80.2371523, 26.5239151], [80.2368983, 26.5242835], [80.2364362, 26.5249302], [80.2360814, 26.5254592], [80.2355667, 26.5261843], [80.2351046, 26.5268485], [80.2346688, 26.5274736], [80.2343008, 26.5280086], [80.234038, 26.5284162], [80.2339701, 26.5285455], [80.2339356, 26.5286303], [80.2338475, 26.5288668], [80.2337358, 26.529294], [80.2336394, 26.5297368], [80.2335628, 26.5301013], [80.2334861, 26.530405], [80.2334139, 26.5307401], [80.2333482, 26.5309341], [80.2332474, 26.5311927], [80.2331335, 26.5314474], [80.2330153, 26.5316787], [80.2328094, 26.5320411], [80.2325707, 26.5324899], [80.2323079, 26.5329758], [80.2320911, 26.5333814], [80.2317187, 26.5340829], [80.2314625, 26.5345688], [80.2312676, 26.5349509], [80.2310573, 26.5353467], [80.2307573, 26.5359834], [80.2305996, 26.5363224], [80.2304923, 26.5366202], [80.2305042, 26.5369911], [80.2304421, 26.5371738], [80.2302975, 26.5374977], [80.2300565, 26.5380192], [80.2295506, 26.5393613], [80.229268, 26.5401372], [80.2288892, 26.5412031], [80.2287599, 26.5415401], [80.2286767, 26.5416968], [80.2285979, 26.5418202], [80.2283767, 26.5421298], [80.2280241, 26.5425726], [80.2276627, 26.5430408], [80.2272532, 26.5435365], [80.226986, 26.5438676], [80.2265086, 26.5444574], [80.226149, 26.5448939], [80.2259436, 26.5451799]], [[80.2259436, 26.5451799], [80.2256712, 26.5455399]], [[80.2256712, 26.5455399], [80.2255012, 26.5457512], [80.2251573, 26.5461681], [80.2247675, 26.5466476], [80.2245008, 26.5469938], [80.2243195, 26.5472382], [80.2241737, 26.5474374], [80.2239555, 26.5477731], [80.223695, 26.5481403], [80.2234366, 26.5485439], [80.2232876, 26.5489435]], [[80.2232876, 26.5489435], [80.223176, 26.5493275]], [[80.223176, 26.5493275], [80.2231081, 26.5495548]], [[80.2231081, 26.5495548], [80.2230878, 26.549647]], [[80.2230878, 26.549647], [80.2230489, 26.5498232], [80.2230248, 26.5502444], [80.2230314, 26.5509301], [80.2230358, 26.551606], [80.2230555, 26.5524033], [80.2230686, 26.5533985], [80.2230796, 26.5542899], [80.2231146, 26.5552831], [80.2231179, 26.5554878]], [[80.2231179, 26.5554878], [80.2231212, 26.5559492], [80.2230905, 26.5564957], [80.223038, 26.5569052], [80.2229898, 26.5572598], [80.2228715, 26.5579276]], [[80.2228715, 26.5579276], [80.222796, 26.5583687], [80.2226634, 26.5590697]], [[80.2226634, 26.5590697], [80.2225507, 26.5597901], [80.22252, 26.5600666], [80.2225124, 26.5604482], [80.2225379, 26.5608047], [80.2225788, 26.5612709], [80.2226069, 26.5615474], [80.2226146, 26.5617828], [80.2225565, 26.5622306], [80.2225367, 26.5627016], [80.2224617, 26.56327], [80.2224027, 26.563853], [80.2223329, 26.5645595], [80.2223034, 26.5649458]], [[80.2223034, 26.5649458], [80.2222068, 26.5663408]], [[80.2222068, 26.5663408], [80.2221854, 26.5666659], [80.2219605, 26.5687875]], [[80.2219605, 26.5687875], [80.2218175, 26.5700829], [80.2216863, 26.5714903], [80.2215194, 26.5730949], [80.2213499, 26.5742579], [80.2211916, 26.5757865], [80.2210629, 26.5767437], [80.2207491, 26.5782045], [80.2206109, 26.5786627], [80.2203691, 26.5792998], [80.2201055, 26.5801181], [80.2197601, 26.581032], [80.2194621, 26.5818147], [80.2192279, 26.5824556], [80.2189829, 26.583088], [80.2188131, 26.5835378], [80.2185924, 26.5841223], [80.2181831, 26.5852539], [80.2174659, 26.5870066], [80.2167857, 26.5885838]], [[80.2167857, 26.5885838], [80.2167414, 26.5886865]], [[80.2167414, 26.5886865], [80.2164071, 26.5895182], [80.2157913, 26.5909218], [80.2152243, 26.5922716], [80.214984, 26.5927718], [80.2144846, 26.5935877], [80.2138425, 26.5945077], [80.2131216, 26.5956795], [80.2122392, 26.5970527], [80.2116947, 26.5978015], [80.2112967, 26.5984159], [80.2110263, 26.5990236], [80.2108837, 26.5995138], [80.2108108, 26.5997861], [80.2107147, 26.600145], [80.2105457, 26.6005982], [80.210358, 26.6009071], [80.2098436, 26.6017229], [80.2089537, 26.603086], [80.2082553, 26.6041604], [80.2078648, 26.604768], [80.2071588, 26.6058256], [80.206682, 26.6065239], [80.206483, 26.60692], [80.2062783, 26.6073099], [80.2059259, 26.6079513], [80.2057669, 26.6082119], [80.2055731, 26.6084883]], [[80.2055731, 26.6084883], [80.2049041, 26.6093576], [80.2036563, 26.6109936], [80.2035709, 26.6111042], [80.2030944, 26.6117612], [80.2030576, 26.6118621], [80.2030398, 26.6119731]], [[80.1827325, 26.6233122], [80.1826061, 26.6233711], [80.1817076, 26.623742], [80.1798968, 26.624571], [80.1793619, 26.62488], [80.1781082, 26.6257712], [80.1761444, 26.6274995], [80.175111, 26.6284211], [80.1745131, 26.6290173], [80.1742127, 26.6294437], [80.1738151, 26.6302159], [80.1731391, 26.6314629], [80.1723053, 26.6331899], [80.172184, 26.6334177], [80.1719511, 26.6336492], [80.1710191, 26.6345077], [80.1704479, 26.6350842], [80.1701323, 26.635413], [80.1690173, 26.6368915], [80.1680223, 26.63814], [80.1671489, 26.6389537], [80.1663712, 26.6396691], [80.1661918, 26.6398341]], [[80.1661918, 26.6398341], [80.1658812, 26.6401198], [80.165698, 26.640297]], [[80.165698, 26.640297], [80.1650299, 26.6409433], [80.1646097, 26.6413155], [80.1642596, 26.6416712], [80.1639316, 26.6421159]], [[80.1639316, 26.6421159], [80.1636029, 26.642561]], [[80.1636029, 26.642561], [80.1631949, 26.6431137], [80.1627229, 26.643753], [80.1609871, 26.6459428]], [[80.1605764, 26.6469493], [80.1600454, 26.6481934], [80.1595438, 26.6493178], [80.1591468, 26.650037], [80.1586372, 26.6508952], [80.1582161, 26.6515352], [80.157662, 26.6523333], [80.1568828, 26.6534102], [80.1560355, 26.6545746], [80.1550562, 26.6558836], [80.1542813, 26.6569414], [80.1535277, 26.6579612], [80.1528082, 26.658962], [80.1519396, 26.6601225], [80.1511648, 26.6612325], [80.1507407, 26.6618239], [80.1500742, 26.6627531], [80.1492025, 26.66398], [80.1489441, 26.6643528], [80.148659, 26.6648441], [80.1483715, 26.6654279], [80.148012, 26.6661272], [80.1474389, 26.6672964], [80.1472474, 26.6677326], [80.1471146, 26.6681008], [80.1469669, 26.6687844], [80.1469113, 26.6694692], [80.1469493, 26.6700335], [80.1470087, 26.6703582]], [[80.1474202, 26.6678149], [80.1477112, 26.6670961], [80.1483463, 26.6658191], [80.1484757, 26.665544], [80.1486826, 26.665104], [80.1492274, 26.6641831], [80.1503805, 26.6625962], [80.1512701, 26.661283], [80.1523932, 26.6596841], [80.153476, 26.658229], [80.1540801, 26.6573879], [80.1547137, 26.6565132], [80.1559166, 26.6548933], [80.1568764, 26.6535686], [80.1577441, 26.6523987], [80.1582172, 26.6517401], [80.1587065, 26.6509855], [80.1588497, 26.6507426], [80.1590653, 26.650398], [80.1592855, 26.6500015], [80.1595221, 26.6495529], [80.159834, 26.6489022], [80.1600722, 26.6484073], [80.1606504, 26.6470947], [80.1608185, 26.6467334], [80.1611322, 26.6460194], [80.161864, 26.6451292], [80.1630877, 26.6435848], [80.1634347, 26.6431244], [80.1637864, 26.6426578]], [[80.1637864, 26.6426578], [80.1640972, 26.6421944]], [[80.1640972, 26.6421944], [80.1644475, 26.6417972], [80.1647586, 26.6414445], [80.1658447, 26.640425]], [[80.1658447, 26.640425], [80.1663525, 26.6399484]], [[80.1663525, 26.6399484], [80.1666246, 26.639693], [80.1681736, 26.6381885], [80.1692021, 26.6369021], [80.1703323, 26.6354776], [80.170585, 26.6352206], [80.1713934, 26.6343983], [80.1718854, 26.63389], [80.1723145, 26.6334824], [80.1724486, 26.633281], [80.1729744, 26.6322021], [80.1739078, 26.6302936], [80.1743047, 26.6294688], [80.174589, 26.6290564], [80.1749324, 26.6287207], [80.176193, 26.6275506], [80.1781081, 26.6259249], [80.1793044, 26.6250378], [80.1804041, 26.6244239], [80.1826571, 26.6235223]], [[80.1051823, 26.7261285], [80.1050178, 26.7261792], [80.1047224, 26.7265552], [80.104427, 26.7269312], [80.1038363, 26.7276131], [80.1031877, 26.728324], [80.1026731, 26.7289643], [80.1017716, 26.7299748], [80.1015966, 26.7302124], [80.1014264, 26.7305141], [80.1013638, 26.7306338]], [[80.1013638, 26.7306338], [80.101251, 26.7306499], [80.101165, 26.7306264]], [[80.101165, 26.7306264], [80.1010146, 26.7307054], [80.1007505, 26.7308641], [80.1005967, 26.7309144], [80.1005044, 26.7309824], [80.0998429, 26.7316426], [80.0992797, 26.7321539], [80.0966745, 26.7344783], [80.0962584, 26.7348784], [80.0960575, 26.7351492], [80.0956, 26.7359206], [80.0951209, 26.7366896], [80.0937725, 26.739314], [80.0936978, 26.739437], [80.0935515, 26.7395779], [80.093334, 26.7397167], [80.0921955, 26.7404395], [80.0919083, 26.740662], [80.0914548, 26.7410647], [80.0913324, 26.7412547], [80.0912346, 26.7415576], [80.0911882, 26.7420787], [80.0911955, 26.7424218], [80.0912018, 26.7427183], [80.0912879, 26.7439851], [80.0912743, 26.7444385], [80.091137, 26.745272], [80.0908015, 26.7480547], [80.0904086, 26.7512665], [80.0901548, 26.7525398], [80.0899055, 26.7538203], [80.0892489, 26.7564338], [80.0888492, 26.7583324], [80.0887281, 26.7587004], [80.0884857, 26.759438], [80.0882985, 26.759854], [80.0879908, 26.7604653], [80.0879475, 26.760644], [80.0879065, 26.7614662], [80.087837, 26.7618093], [80.0874931, 26.7631608], [80.0873884, 26.7636091], [80.0873665, 26.7639126], [80.0873607, 26.764285], [80.0873933, 26.765104], [80.0875528, 26.7684062], [80.0875565, 26.768908], [80.0875565, 26.7693936], [80.0875899, 26.7695811], [80.0876725, 26.7698986], [80.0875984, 26.7706507], [80.0875005, 26.7718079], [80.0872974, 26.7738416], [80.0870698, 26.77625], [80.0868457, 26.7786843], [80.0868097, 26.7791892], [80.0868349, 26.7798464], [80.0868626, 26.7804299], [80.0868839, 26.7805093], [80.0869381, 26.7805814], [80.0870179, 26.7806475], [80.0871181, 26.7807021]], [[80.0871181, 26.7807021], [80.0871486, 26.7807561], [80.0873567, 26.7808583], [80.0874239, 26.7808847]], [[80.0868586, 26.7819229], [80.0868038, 26.782072], [80.0867456, 26.7822347], [80.0866522, 26.7825412], [80.0866116, 26.7826999], [80.0865517, 26.783038], [80.0864731, 26.7836578], [80.0863652, 26.7850238], [80.0863421, 26.7855849]], [[80.0863421, 26.7855849], [80.0863153, 26.7862534], [80.086157, 26.7876968], [80.0860855, 26.7880519], [80.0858314, 26.7888317], [80.0857205, 26.7890569], [80.0855674, 26.789368], [80.0848987, 26.7908679], [80.084441, 26.7918521], [80.0842424, 26.7922791], [80.0839178, 26.7929494], [80.0838058, 26.7931808], [80.0836324, 26.7935389], [80.0834304, 26.7939561], [80.0832615, 26.7942821]], [[80.0832615, 26.7942821], [80.082524, 26.7957537], [80.0818964, 26.7970951], [80.0812396, 26.7984036], [80.0810516, 26.7987781], [80.0808231, 26.7993283], [80.0806165, 26.7999562], [80.0801052, 26.801788], [80.079372, 26.8043424]], [[80.079372, 26.8043424], [80.0793128, 26.8045059], [80.0787491, 26.8065389], [80.0783068, 26.8079467], [80.077785, 26.8096874], [80.0776698, 26.810013], [80.077653, 26.8100603], [80.0774902, 26.8104452], [80.0771839, 26.8111422]], [[80.0771839, 26.8111422], [80.0770554, 26.8113894], [80.0769001, 26.811696], [80.076609, 26.8122552], [80.0761074, 26.8131397], [80.0756008, 26.8139635]], [[80.0756008, 26.8139635], [80.0747681, 26.815448], [80.0745799, 26.8158441], [80.0745065, 26.8160253], [80.074452, 26.8161637], [80.0744101, 26.8162885], [80.0743303, 26.8165669], [80.0742668, 26.8168152], [80.0742001, 26.8171539]], [[80.1018382, 26.7303635], [80.1019533, 26.7301818], [80.1021864, 26.7299034], [80.1026119, 26.7293732], [80.1034142, 26.7285357], [80.1043032, 26.7275868], [80.10452, 26.7273423], [80.1045769, 26.72726]], [[80.1045769, 26.72726], [80.1049602, 26.7266752]], [[80.1049602, 26.7266752], [80.1052165, 26.7262868], [80.1058453, 26.725405], [80.106428, 26.7246275], [80.1089148, 26.7214786], [80.1097526, 26.7204113], [80.1100378, 26.720048], [80.1112789, 26.7184833], [80.1120089, 26.7175633], [80.1127496, 26.7165739], [80.114215, 26.7146575], [80.1150607, 26.7135852], [80.1155485, 26.7130324], [80.1163886, 26.7121246], [80.1169383, 26.7115605]], [[80.0513556, 26.8549754], [80.0517799, 26.8559859]], [[80.0517799, 26.8559859], [80.0518762, 26.8562152], [80.052021, 26.8567199], [80.0521206, 26.8572409], [80.0521613, 26.8578062], [80.0521108, 26.8584266], [80.0519939, 26.8590483], [80.0518972, 26.859384], [80.0518449, 26.8595283]], [[80.0518449, 26.8595283], [80.0518012, 26.8596517], [80.0517373, 26.8598098], [80.0514039, 26.8603207], [80.0501637, 26.8615296], [80.0491262, 26.8624491]], [[80.1486915, 26.6620793], [80.1485654, 26.662029]], [[80.1485654, 26.662029], [80.1477174, 26.6616979], [80.1474492, 26.6615604], [80.1474045, 26.6615157], [80.1473705, 26.661455], [80.1473472, 26.6613831], [80.1473598, 26.6613079], [80.1475708, 26.6607694], [80.1476906, 26.6605761], [80.1478819, 26.6603859], [80.1480214, 26.6603252], [80.1481233, 26.6602501], [80.1481966, 26.6601334], [80.1482789, 26.6596348], [80.1483003, 26.6594958], [80.1482985, 26.659304], [80.1482342, 26.6590308], [80.1480428, 26.6585322], [80.147615, 26.6580987], [80.1475583, 26.6579558], [80.1478229, 26.6576524], [80.1478164, 26.65754], [80.1477529, 26.6572528], [80.1479962, 26.6567682], [80.1477446, 26.6562569], [80.1475099, 26.6552621], [80.147406, 26.6550275]], [[80.147406, 26.6550275], [80.1470336, 26.6546918]], [[80.1470336, 26.6546918], [80.1466822, 26.6545216], [80.146409, 26.6546012], [80.1461522, 26.6548029], [80.1457026, 26.6552622], [80.1454625, 26.6554897], [80.1453349, 26.6555525], [80.1451515, 26.6555911], [80.1448961, 26.6555438], [80.1443411, 26.6551805], [80.1435058, 26.6544414], [80.1428715, 26.6539541], [80.1420327, 26.6535062], [80.1413916, 26.6529411], [80.1407396, 26.65223], [80.1399653, 26.651401], [80.1394463, 26.6503082], [80.1391291, 26.649819], [80.1391134, 26.6496797], [80.1392851, 26.6494923], [80.1394043, 26.6492902], [80.13942, 26.6489874], [80.1392324, 26.6486167], [80.1389857, 26.64812], [80.1389137, 26.6479128], [80.1390603, 26.6476305], [80.1390613, 26.647238], [80.1388845, 26.6469393], [80.1384472, 26.646505], [80.137826, 26.6458354]], [[79.6945142, 27.1206994], [79.6952854, 27.1205507], [79.6962181, 27.1205106], [79.6979581, 27.120478], [79.6989907, 27.1204852], [79.7000233, 27.120554], [79.7003215, 27.1205261], [79.7010735, 27.1204983], [79.7019635, 27.1204745], [79.702632, 27.1204711], [79.7048856, 27.1206581], [79.7053631, 27.1206785], [79.7056954, 27.1206683], [79.7060927, 27.1205493], [79.709519, 27.1188834], [79.7106497, 27.1183871], [79.7112876, 27.1181967], [79.712021, 27.1180913], [79.7143778, 27.1179689], [79.7198286, 27.1176255], [79.7270245, 27.1171596], [79.7272508, 27.1171449], [79.7290477, 27.1170168], [79.7299249, 27.1169543]], [[79.7299249, 27.1169543], [79.730182, 27.1169194], [79.7304716, 27.1168811], [79.7312356, 27.1166608], [79.7319567, 27.1163915], [79.7321187, 27.1163752], [79.7324671, 27.1163888], [79.7328949, 27.1163861], [79.7331698, 27.1163375], [79.7333257, 27.1163099], [79.7343739, 27.1160842], [79.7353747, 27.115867], [79.7361157, 27.1157061], [79.7365894, 27.1155402], [79.7368277, 27.1154939], [79.7369889, 27.1155251], [79.7371791, 27.1155619], [79.7374022, 27.1154967], [79.7379278, 27.1153226], [79.7401677, 27.1148466], [79.7435688, 27.1141095], [79.74708, 27.1133615], [79.7505829, 27.1126013], [79.7511438, 27.1124807]], [[79.8742479, 27.0619945], [79.8744321, 27.0620121], [79.8749918, 27.0619888]], [[79.9054576, 27.0194649], [79.9059185, 27.0192577], [79.9065404, 27.0189398]], [[79.9002481, 27.0218321], [79.9005986, 27.0216718], [79.902136, 27.0209939], [79.9035841, 27.0203214], [79.9051093, 27.0196215], [79.9054576, 27.0194649]], [[79.89932, 27.0222564], [79.9002481, 27.0218321]], [[79.8947797, 27.0238144], [79.8959089, 27.023425], [79.8963595, 27.0232912], [79.8975668, 27.0229206], [79.89932, 27.0222564]], [[79.893305, 27.0244052], [79.8941658, 27.0240673], [79.8947797, 27.0238144]], [[79.8851005, 27.0310787], [79.8854697, 27.03057], [79.8856499, 27.0303835], [79.8869664, 27.029021], [79.8871273, 27.0288545], [79.8882331, 27.0277518], [79.8893696, 27.0267997], [79.8906195, 27.0258918], [79.891306, 27.025453], [79.893305, 27.0244052]], [[79.8792451, 27.044792], [79.8793114, 27.0443112], [79.879604, 27.0430854], [79.8798128, 27.0424011], [79.8802608, 27.0412588], [79.8810816, 27.0394957], [79.8821008, 27.0373695], [79.8833883, 27.0347176], [79.8842519, 27.0328206], [79.8851005, 27.0310787]], [[79.8789146, 27.0538705], [79.8789519, 27.0534707], [79.8790024, 27.0516574], [79.8790777, 27.0487414], [79.8791108, 27.0467484], [79.8791596, 27.0454108], [79.8792451, 27.044792]], [[79.8788967, 27.0540629], [79.8789146, 27.0538705]], [[79.8552401, 27.0684345], [79.8572582, 27.0678786], [79.8591411, 27.0673531], [79.8617214, 27.0665649], [79.86229, 27.0664407], [79.8630786, 27.0663547], [79.8635079, 27.06633], [79.8643446, 27.0663691], [79.8666245, 27.0665745], [79.8696983, 27.0667464], [79.8714202, 27.0668563], [79.8731851, 27.0669136], [79.8749822, 27.0669471], [79.875642, 27.0668181], [79.8768222, 27.0663738], [79.8775893, 27.0658532], [79.8782652, 27.0650793], [79.8786461, 27.0643198], [79.8788339, 27.0634981], [79.8787963, 27.0621462], [79.878689, 27.0608755], [79.8785442, 27.059084], [79.8784423, 27.0575362], [79.8785549, 27.0566859], [79.8788285, 27.054794], [79.8788967, 27.0540629]], [[79.8463463, 27.0717919], [79.8481923, 27.0708306], [79.8497748, 27.070138], [79.850676, 27.0698036], [79.851337, 27.0695881], [79.8521995, 27.0693068], [79.852808, 27.0691311], [79.8547959, 27.0685569], [79.8552401, 27.0684345]], [[79.8391212, 27.0757709], [79.8404944, 27.07512], [79.8430371, 27.073687], [79.8460734, 27.071934], [79.8463463, 27.0717919]], [[79.837697, 27.0762378], [79.8384881, 27.0759989], [79.8391212, 27.0757709]], [[79.8371274, 27.0764085], [79.837209, 27.0763857], [79.8372757, 27.0763667], [79.8376178, 27.0762629], [79.837697, 27.0762378]], [[79.8350763, 27.0770736], [79.8361867, 27.0766772], [79.8371274, 27.0764085]], [[79.8296851, 27.0794857], [79.8310734, 27.0787998], [79.8331451, 27.0778331], [79.8350763, 27.0770736]], [[79.8250288, 27.0819073], [79.825533, 27.0815443], [79.8264771, 27.0810475], [79.8284298, 27.0800827], [79.8296851, 27.0794857]], [[79.8245943, 27.0823032], [79.8250288, 27.0819073]], [[79.8172182, 27.0871037], [79.8177761, 27.0867168], [79.8183393, 27.0863825], [79.8189133, 27.0860768], [79.8199111, 27.0856518], [79.821043, 27.0851121], [79.8220032, 27.0845389], [79.8228347, 27.0839037], [79.8236447, 27.0831682], [79.8245943, 27.0823032]], [[79.8165208, 27.0876386], [79.8172182, 27.0871037]], [[79.811092, 27.0888231], [79.8119288, 27.0888947], [79.812594, 27.088952], [79.8132056, 27.0889329], [79.8140317, 27.0887896], [79.8150187, 27.0884887], [79.8156891, 27.0881563], [79.8165208, 27.0876386]], [[79.8107811, 27.0888201], [79.811092, 27.0888231]], [[79.8090937, 27.0888947], [79.8095417, 27.0888374], [79.8101049, 27.0888135], [79.8107811, 27.0888201]], [[79.8086458, 27.088952], [79.8090937, 27.0888947]], [[79.8068541, 27.089592], [79.807294, 27.0893866], [79.808045, 27.0891192], [79.8086458, 27.088952]], [[79.8019656, 27.0919255], [79.8033135, 27.0913908], [79.8033754, 27.0913638], [79.8039895, 27.0910964], [79.8045474, 27.0907907], [79.8060763, 27.0899932], [79.8068541, 27.089592]], [[79.7963324, 27.0941184], [79.7991018, 27.0930446], [79.800875, 27.0923581], [79.8019656, 27.0919255]], [[79.7955039, 27.0945068], [79.7963324, 27.0941184]], [[79.7928684, 27.0972101], [79.7934589, 27.0964395], [79.7943168, 27.0954696], [79.7955039, 27.0945068]], [[79.7907959, 27.0996307], [79.7914425, 27.0990707], [79.7928684, 27.0972101]], [[79.7853239, 27.1028273], [79.7889422, 27.1008368], [79.7902432, 27.1001094], [79.7907959, 27.0996307]], [[79.7846309, 27.1032733], [79.7853239, 27.1028273]], [[79.7798325, 27.105688], [79.7807259, 27.10548], [79.7816081, 27.1051471], [79.7822139, 27.1048286], [79.7846309, 27.1032733]], [[79.7638935, 27.1119252], [79.7648209, 27.1113931], [79.7654072, 27.1110567], [79.7692653, 27.1090845], [79.7712088, 27.1079489], [79.7715135, 27.1077708], [79.772412, 27.1072859], [79.7728999, 27.1070832], [79.7744366, 27.1067431], [79.7796689, 27.1057261], [79.7798325, 27.105688]], [[79.7536018, 27.1176577], [79.7609921, 27.1135898], [79.7638935, 27.1119252]], [[79.7505132, 27.1191404], [79.7509903, 27.1189276], [79.7512371, 27.1188175], [79.7525969, 27.1182108], [79.7530335, 27.1179705], [79.7533887, 27.117775], [79.7536018, 27.1176577]], [[79.7336383, 27.1282333], [79.7343104, 27.1277489], [79.7378271, 27.125473], [79.7389857, 27.1248181], [79.7419251, 27.1233816], [79.7450921, 27.1217642], [79.7492388, 27.1197089], [79.7505132, 27.1191404]], [[79.7265901, 27.1316203], [79.7277976, 27.1314286], [79.7287977, 27.1311789], [79.7296189, 27.1308786], [79.7308914, 27.1302129], [79.7336383, 27.1282333]], [[79.7103895, 27.1253098], [79.7145726, 27.1273509], [79.7187885, 27.1294929], [79.7215977, 27.1308424], [79.7222401, 27.1310993], [79.7228092, 27.1312875], [79.7235573, 27.1314792], [79.7245574, 27.1316203], [79.7254884, 27.131671], [79.7265901, 27.1316203]], [[79.6825511, 27.1221307], [79.6830605, 27.1220759], [79.6870603, 27.1216458], [79.6883451, 27.1215251], [79.6908087, 27.1212549], [79.6919123, 27.1211293], [79.6926403, 27.1210336], [79.6943668, 27.1208524], [79.6948294, 27.1208221], [79.69485, 27.1208216], [79.6961517, 27.1207877], [79.6982585, 27.1207289], [79.6998312, 27.1208016], [79.7010956, 27.1210188], [79.7019208, 27.1212576], [79.7028884, 27.1215941], [79.7047626, 27.1225168], [79.705479, 27.1228799], [79.7063116, 27.123302], [79.710048, 27.125142], [79.710316, 27.125274], [79.7103895, 27.1253098]], [[79.6702244, 27.1233877], [79.6706238, 27.1233523], [79.6751001, 27.1229281], [79.6760296, 27.1228303], [79.6782193, 27.1226134], [79.6817602, 27.1222157], [79.6825511, 27.1221307]], [[79.64184, 27.1257721], [79.6450248, 27.1256665], [79.6461092, 27.1256305], [79.6505545, 27.1251899], [79.6558839, 27.1246728], [79.6585656, 27.1244882], [79.6620178, 27.1242579], [79.6639057, 27.124078], [79.6641265, 27.1240555], [79.6657598, 27.1238887], [79.669825, 27.1234231], [79.6702244, 27.1233877]], [[79.6081207, 27.131412], [79.6129373, 27.1304603], [79.6177838, 27.1294637], [79.621201, 27.1288156], [79.6245379, 27.1281532], [79.6260604, 27.1278529], [79.6274649, 27.1275785], [79.6314253, 27.1269974], [79.636025, 27.1263749], [79.6363993, 27.1263125], [79.6390946, 27.1259122], [79.6405298, 27.1258137], [79.6415152, 27.1257765], [79.64184, 27.1257721]], [[79.607393, 27.1315611], [79.6077783, 27.1314797], [79.6081207, 27.131412]], [[79.5937196, 27.1316382], [79.5946144, 27.1312995], [79.5955153, 27.1310704], [79.5962423, 27.1309559], [79.5972496, 27.1308685], [79.5983086, 27.1309373], [79.6018486, 27.1315708], [79.6028584, 27.1317701], [79.6038289, 27.131931], [79.6044445, 27.1320177], [79.6051639, 27.1319829], [79.6058694, 27.1318829], [79.607393, 27.1315611]], [[79.5876704, 27.1355909], [79.588153, 27.1353024], [79.5892251, 27.1345563], [79.5917724, 27.132835], [79.592816, 27.132126], [79.5937196, 27.1316382]], [[79.5872604, 27.135836], [79.5876704, 27.1355909]], [[79.5120237, 27.1449775], [79.5125966, 27.1448669], [79.514948, 27.1444727], [79.5177834, 27.1439952], [79.5197167, 27.1436751], [79.5205981, 27.1435383], [79.5219451, 27.1432861], [79.5228307, 27.1431266], [79.5235432, 27.1429988], [79.5262065, 27.1425693], [79.52897, 27.1421112], [79.530597, 27.1418346], [79.532395, 27.1415153], [79.5324664, 27.1415002], [79.533824, 27.1412649], [79.5354229, 27.1409907], [79.5362221, 27.140875], [79.537853, 27.1407064], [79.5388358, 27.1406092], [79.5407746, 27.1404252], [79.5418478, 27.1403229], [79.5433757, 27.1401637], [79.5443165, 27.1400647], [79.5444635, 27.1400489], [79.5447852, 27.1399871], [79.5450452, 27.1399286], [79.5452769, 27.1398393], [79.5455052, 27.139753], [79.5462225, 27.1394463], [79.546885, 27.1391246], [79.5475336, 27.1388281], [79.5480249, 27.1385986], [79.5485032, 27.1383795], [79.5489045, 27.1382465], [79.5491611, 27.1381879], [79.5493662, 27.1381498], [79.5496503, 27.1381161], [79.550108, 27.1380907], [79.550336, 27.1380907], [79.5515839, 27.138131], [79.5523446, 27.1381548], [79.5527831, 27.138168], [79.5551975, 27.1382079], [79.5559099, 27.1382068], [79.560483, 27.1382735], [79.5640454, 27.1383601], [79.5660204, 27.1383859], [79.5683395, 27.1384111], [79.5704149, 27.1384435], [79.5720972, 27.1384669], [79.572692, 27.1384794], [79.574261, 27.1385015], [79.5753863, 27.1385157], [79.5758554, 27.1385129], [79.5764644, 27.1384247], [79.5800239, 27.1379628], [79.5814915, 27.1377785], [79.5823018, 27.1376504], [79.5830199, 27.137499], [79.5832606, 27.1374472], [79.583939, 27.1373013], [79.5843173, 27.1371536], [79.584349, 27.1371411], [79.58647, 27.1363086], [79.5872604, 27.135836]], [[79.4900798, 27.1540858], [79.4904801, 27.1539036], [79.4906717, 27.1538452], [79.4910178, 27.1537868], [79.4913584, 27.1537699], [79.4916911, 27.153798], [79.4919616, 27.1538578], [79.4921673, 27.1539135], [79.4925811, 27.1540256], [79.4930201, 27.154188], [79.4939527, 27.1545331], [79.4957502, 27.1552614], [79.4961724, 27.1554275], [79.4965516, 27.1555254], [79.4969587, 27.1555878], [79.4974695, 27.1556013], [79.4989995, 27.1554418], [79.4990364, 27.155438], [79.4998051, 27.1553675], [79.5003233, 27.1553121], [79.5008536, 27.1552094], [79.5012857, 27.1550959], [79.5024497, 27.1546765], [79.5033797, 27.1542062], [79.5038095, 27.1539445], [79.5043192, 27.1535462], [79.5047228, 27.1531544], [79.50515, 27.1526984], [79.5056639, 27.1521291], [79.5066554, 27.1508528], [79.5080865, 27.1490107], [79.5093231, 27.1474641], [79.5096994, 27.1469923], [79.5105598, 27.1459134], [79.5109103, 27.1455281], [79.5112803, 27.1452727], [79.5115558, 27.145133], [79.5116785, 27.1450922], [79.5120237, 27.1449775]], [[79.481893, 27.1581746], [79.4822064, 27.1580494], [79.484115, 27.1572868], [79.4854956, 27.1567367], [79.4862876, 27.1563521], [79.4871472, 27.1558638], [79.4900798, 27.1540858]], [[79.4733335, 27.1617108], [79.474756, 27.1610152], [79.4775827, 27.1598966], [79.4775992, 27.1598901], [79.481893, 27.1581746]], [[79.4703542, 27.1632755], [79.4706935, 27.163099], [79.4710749, 27.1629007], [79.4730272, 27.1618606], [79.4733335, 27.1617108]], [[79.464042, 27.166558], [79.4703542, 27.1632755]], [[79.4507616, 27.1734212], [79.4517753, 27.1729051], [79.4601233, 27.1686011], [79.4623514, 27.1674371], [79.4635032, 27.1668382], [79.464042, 27.166558]], [[79.4505876, 27.1735152], [79.4507616, 27.1734212]], [[79.3926185, 27.1889403], [79.3932678, 27.1888142], [79.3940986, 27.1886426], [79.3953827, 27.1883074], [79.3967421, 27.1879546], [79.3975316, 27.1877757], [79.3988662, 27.1874733], [79.402344, 27.1866854], [79.4054656, 27.1859698], [79.4081223, 27.1853608], [79.417819, 27.1831057], [79.4225143, 27.1820151], [79.4244123, 27.1815783], [79.4300564, 27.1802584], [79.4325182, 27.1796869], [79.433922, 27.1793598], [79.4390224, 27.1781638], [79.4425289, 27.177369], [79.4429169, 27.1772703], [79.4432605, 27.1771696], [79.4438424, 27.1769742], [79.4450055, 27.1764257], [79.4488228, 27.1744572], [79.4505876, 27.1735152]], [[79.3874109, 27.1901896], [79.3882799, 27.1899594], [79.3901467, 27.1894917], [79.3921369, 27.1890337], [79.3926185, 27.1889403]], [[79.381655, 27.1918048], [79.3826687, 27.1915149], [79.3848681, 27.1908994], [79.38599, 27.1905839], [79.3867671, 27.1903602], [79.3874109, 27.1901896]], [[79.3546262, 27.199266], [79.3560025, 27.1989174], [79.3563026, 27.1988414], [79.35976, 27.197868], [79.3628901, 27.1970021], [79.3642044, 27.1966394], [79.367592, 27.1957114], [79.3680078, 27.1955897], [79.3698826, 27.1950696], [79.3707664, 27.194818], [79.3709126, 27.1947714], [79.3715899, 27.1945728], [79.3725488, 27.1942943], [79.374201, 27.1938291], [79.3750901, 27.1935822], [79.3753745, 27.1935046], [79.3755864, 27.1934271], [79.3778354, 27.1928318], [79.3808502, 27.192035], [79.381655, 27.1918048]], [[79.3459513, 27.1999936], [79.3468478, 27.1999579], [79.3475492, 27.1999412], [79.3491545, 27.1998982], [79.3509355, 27.1998767], [79.3515792, 27.1998672], [79.351991, 27.1998493], [79.3523048, 27.1998159], [79.3525958, 27.1997742], [79.3533066, 27.1996167], [79.3546262, 27.199266]], [[79.3128025, 27.209965], [79.3136179, 27.2096788], [79.3146586, 27.2092112], [79.3174535, 27.2074556], [79.323117, 27.2038129], [79.3237326, 27.2034288], [79.3240879, 27.2032118], [79.3244782, 27.2029613], [79.3253446, 27.2024198], [79.3261066, 27.201957], [79.3263155, 27.2018246], [79.3265797, 27.2016731], [79.3267742, 27.2015801], [79.3269861, 27.201481], [79.327206, 27.2013976], [79.3274273, 27.2013248], [79.3277089, 27.2012508], [79.3279839, 27.2012055], [79.3282977, 27.201165], [79.3292284, 27.2010803], [79.3300787, 27.201023], [79.3307506, 27.2009717], [79.3314077, 27.2009181], [79.3318972, 27.2008775], [79.3324336, 27.2008226], [79.3331552, 27.2007654], [79.3339933, 27.2006938], [79.3347135, 27.200633], [79.3352929, 27.20059], [79.3359299, 27.2005411], [79.33698, 27.2004493], [79.3376586, 27.2003908], [79.3382527, 27.2003372], [79.3387865, 27.200293], [79.3395495, 27.2002274], [79.3402013, 27.2001809], [79.3408518, 27.2001451], [79.3419313, 27.2001022], [79.3427588, 27.2000771], [79.3434884, 27.200058], [79.3445787, 27.2000509], [79.3452573, 27.200027], [79.3459513, 27.1999936]], [[79.274345, 27.2259937], [79.2737442, 27.2263323], [79.2730254, 27.2266328], [79.268809, 27.2278969], [79.2681256, 27.2280583], [79.2673176, 27.2283405], [79.2665827, 27.2285981], [79.2628545, 27.2302056], [79.2601473, 27.231371], [79.2592603, 27.231751], [79.2576188, 27.2324522], [79.2565995, 27.2328099], [79.2527318, 27.2341121], [79.2525572, 27.2341699], [79.2497653, 27.2350946], [79.2457688, 27.2364683], [79.2415792, 27.2378562], [79.2383552, 27.2387481], [79.236204, 27.2392585], [79.2263757, 27.2413827], [79.2195314, 27.2428928], [79.2141348, 27.2441137], [79.2086247, 27.2452989]], [[79.274624, 27.2258076], [79.274345, 27.2259937]], [[79.276818, 27.2232007], [79.2762977, 27.2239473], [79.2757773, 27.2246723], [79.2752624, 27.2252495], [79.274624, 27.2258076]], [[79.2768991, 27.223077], [79.276818, 27.2232007]], [[79.2835443, 27.2063563], [79.2833626, 27.206468], [79.2829764, 27.2067254], [79.2825901, 27.2070453], [79.2819947, 27.2076893], [79.2815816, 27.2083477], [79.2813241, 27.2090108], [79.281131, 27.2098362], [79.2807984, 27.2128322], [79.2806536, 27.2142348], [79.2803103, 27.2159379], [79.2799079, 27.2172116], [79.2790443, 27.2192772], [79.2782007, 27.2209242], [79.2778104, 27.2216862], [79.2768991, 27.223077]], [[79.283719, 27.2062488], [79.2835443, 27.2063563]], [[79.2915541, 27.2056092], [79.2898107, 27.2051607], [79.2887485, 27.2049937], [79.2875576, 27.2049699], [79.2869782, 27.2050128], [79.2862916, 27.2051178], [79.285385, 27.2053802], [79.2843711, 27.2058478], [79.283719, 27.2062488]], [[79.2919143, 27.2056995], [79.2915541, 27.2056092]], [[79.2978948, 27.2072599], [79.2919143, 27.2056995]], [[79.2985654, 27.2074222], [79.2978948, 27.2072599]], [[79.3079585, 27.2099268], [79.3073738, 27.2097694], [79.3026965, 27.2085003], [79.3016767, 27.2082237], [79.2985654, 27.2074222]], [[79.3082535, 27.2099984], [79.3079585, 27.2099268]], [[79.3124109, 27.2099221], [79.3120515, 27.2099936], [79.3114936, 27.210089], [79.3108982, 27.2101511], [79.3097556, 27.2101797], [79.309085, 27.210132], [79.3082535, 27.2099984]], [[79.3127221, 27.209841], [79.3124109, 27.2099221]], [[79.3459895, 27.1998553], [79.3447959, 27.1999173], [79.3435836, 27.1999268], [79.3413225, 27.2000127], [79.3396917, 27.2000986], [79.3377444, 27.200268], [79.335883, 27.2004254], [79.334279, 27.2005471], [79.3324015, 27.2007141], [79.3307921, 27.2008525], [79.3299419, 27.2009097], [79.329282, 27.200967], [79.3283433, 27.2010576], [79.3279664, 27.2011053], [79.327599, 27.2011829], [79.3273173, 27.2012496], [79.3270498, 27.2013391], [79.3268265, 27.2014357], [79.3263611, 27.201685], [79.3252856, 27.202341], [79.3246807, 27.2027203], [79.3238264, 27.2032523], [79.3232404, 27.2036185], [79.3226965, 27.2039566], [79.3219838, 27.2044111], [79.3210101, 27.2050415], [79.3190387, 27.2062795], [79.3180503, 27.2068807], [79.3145674, 27.2090967], [79.3135643, 27.2095595], [79.3127221, 27.209841]], [[79.3545994, 27.1991229], [79.3538162, 27.1993471], [79.3529659, 27.1995666], [79.3526226, 27.199643], [79.3523222, 27.1996883], [79.3520352, 27.1997074], [79.3511796, 27.1997312], [79.3494952, 27.1997694], [79.346467, 27.1998386], [79.3459895, 27.1998553]], [[79.3816067, 27.191659], [79.3803459, 27.1920016], [79.3784255, 27.1925694], [79.3756776, 27.193241], [79.3752793, 27.1933484], [79.3748474, 27.1935142], [79.3741983, 27.1937002], [79.3725944, 27.1941511], [79.3717233, 27.1944028], [79.3706947, 27.1947023], [79.3698974, 27.1949337], [79.3691987, 27.1951341], [79.3678864, 27.1954853], [79.367364, 27.1956231], [79.364529, 27.1964343], [79.3630832, 27.1968327], [79.3615463, 27.1972788], [79.3604547, 27.1975818], [79.3591377, 27.1979277], [79.357684, 27.1983094], [79.3562892, 27.1986792], [79.3557425, 27.1988227], [79.3545994, 27.1991229]], [[79.3873667, 27.190069], [79.3850505, 27.190699], [79.3833661, 27.1911809], [79.3816067, 27.191659]], [[79.4505214, 27.1734179], [79.4480019, 27.1747364], [79.4445341, 27.1764977], [79.4440909, 27.1767219], [79.4437616, 27.1768738], [79.4433144, 27.1770438], [79.442294, 27.1772933], [79.4391026, 27.1780384], [79.4351916, 27.178957], [79.4311505, 27.1799045], [79.4284226, 27.1805338], [79.4262476, 27.1810365], [79.4243566, 27.1814836], [79.4223935, 27.1819478], [79.4216155, 27.1821215], [79.4201575, 27.1824469], [79.4177893, 27.1829893], [79.4168889, 27.1831955], [79.4065992, 27.1855968], [79.4055719, 27.1858329], [79.404664, 27.1860416], [79.4014808, 27.1867504], [79.3994061, 27.1872159], [79.3987244, 27.1873688], [79.3981484, 27.1875032], [79.3967404, 27.1878317], [79.3954517, 27.1881716], [79.394976, 27.1882874], [79.3942117, 27.1884754], [79.3927692, 27.1887716], [79.3921948, 27.1888895], [79.3899429, 27.1894058], [79.3888754, 27.1896683], [79.3875772, 27.1900118], [79.3873667, 27.190069]], [[79.4506842, 27.173335], [79.4505214, 27.1734179]], [[79.4639537, 27.1664657], [79.4634157, 27.166747], [79.4625929, 27.1671772], [79.4621542, 27.1674082], [79.4600926, 27.1684937], [79.4572915, 27.1699369], [79.4538968, 27.1716802], [79.4517182, 27.1728004], [79.4507664, 27.1732897], [79.4506842, 27.173335]], [[79.4702769, 27.163162], [79.4670893, 27.1648261], [79.4668811, 27.164935], [79.4639537, 27.1664657]], [[79.4732891, 27.1615744], [79.4729963, 27.1617293], [79.4728762, 27.1617929], [79.4712117, 27.162674], [79.4709898, 27.1627898], [79.4705877, 27.1629997], [79.4702769, 27.163162]], [[79.4818387, 27.1580596], [79.481416, 27.1582248], [79.4781067, 27.159556], [79.4775015, 27.1597921], [79.4746389, 27.1609088], [79.4738705, 27.1612633], [79.4732891, 27.1615744]], [[79.5871726, 27.1357275], [79.5863893, 27.1361732], [79.5854681, 27.136568], [79.5843805, 27.1369876], [79.5842971, 27.1370153], [79.5838783, 27.1371548], [79.583222, 27.1373467], [79.5815397, 27.1376538], [79.5789301, 27.1379993], [79.5766255, 27.1383064], [79.5758182, 27.1383914], [79.5748878, 27.1383941], [79.5706205, 27.1383256], [79.5703665, 27.1383222], [79.5663286, 27.138268], [79.5659589, 27.1382651], [79.5639069, 27.1382488], [79.5620213, 27.1381803], [79.5587338, 27.1381282], [79.5554617, 27.1381035], [79.5525851, 27.1380586], [79.5521219, 27.1380514], [79.5498357, 27.1379966], [79.5492565, 27.1380541], [79.5488498, 27.1381528], [79.5484524, 27.1382899], [79.5479807, 27.1385099], [79.5474941, 27.1387369], [79.5468321, 27.1390461], [79.5462556, 27.1393154], [79.5461328, 27.1393678], [79.5449954, 27.1398528], [79.5445456, 27.1399296], [79.5436028, 27.1400255], [79.5433047, 27.1400561], [79.5407466, 27.1403189], [79.5378227, 27.1405876], [79.5361898, 27.1407466], [79.5350436, 27.1409468], [79.5324748, 27.1414018], [79.5317777, 27.1415253], [79.5279233, 27.1421723], [79.5257235, 27.1425452], [79.5235729, 27.1428578], [79.5190622, 27.1436967], [79.5155129, 27.1443027], [79.5120035, 27.1449003], [79.5116398, 27.145003], [79.5111963, 27.1452266], [79.5109005, 27.145424], [79.5106017, 27.1457256], [79.5104322, 27.1459213], [79.5086434, 27.1481678], [79.5067147, 27.1506179], [79.506604, 27.1507568], [79.5052086, 27.1525086], [79.5046552, 27.1530701], [79.5042279, 27.1535038], [79.5038029, 27.1538424], [79.5033298, 27.1541388], [79.5032822, 27.1541686], [79.5025187, 27.1545509], [79.5023778, 27.1546068], [79.5012718, 27.155008], [79.5008188, 27.1551264], [79.5002958, 27.1552344], [79.4993594, 27.1553342], [79.4989394, 27.1553754], [79.4974706, 27.1555194], [79.496977, 27.1555075], [79.4965667, 27.1554526], [79.4961697, 27.1553404], [79.4949198, 27.154813], [79.4926131, 27.1539514], [79.4920069, 27.1537891], [79.4917107, 27.1537246], [79.4913625, 27.1537042], [79.4910017, 27.1537198], [79.4906434, 27.1537633], [79.4904609, 27.1538089], [79.490401, 27.1538298], [79.4900429, 27.1539926], [79.4899579, 27.1540414], [79.4894819, 27.1543145], [79.4879019, 27.1552683], [79.4874695, 27.1555336], [79.4870019, 27.155809], [79.4862783, 27.1562353], [79.4857977, 27.1564665], [79.4854286, 27.1566441], [79.4846643, 27.1569552], [79.4835581, 27.1573875], [79.48336, 27.1574649], [79.4830477, 27.157587], [79.482183, 27.157925], [79.4818387, 27.1580596]], [[79.5875764, 27.1354978], [79.5871726, 27.1357275]], [[79.6073629, 27.1314175], [79.6072449, 27.1314406], [79.6058332, 27.131738], [79.6057352, 27.1317587], [79.6051467, 27.1318382], [79.6044073, 27.1318766], [79.6022721, 27.1314982], [79.5983684, 27.1308072], [79.5972315, 27.1307331], [79.5964058, 27.1307852], [79.5955462, 27.1309141], [79.5944956, 27.1311664], [79.5936513, 27.1315064], [79.5931461, 27.1317477], [79.5923635, 27.1322358], [79.5902745, 27.1336671], [79.5878158, 27.1353616], [79.5875764, 27.1354978]], [[79.6081023, 27.131273], [79.6073629, 27.1314175]], [[79.670224, 27.1232663], [79.6698029, 27.1233126], [79.6683312, 27.1234746], [79.6646859, 27.1238778], [79.6640818, 27.1239307], [79.6609803, 27.1242022], [79.6585843, 27.1243471], [79.6558414, 27.124555], [79.6540647, 27.1247503], [79.6521146, 27.1249488], [79.6497575, 27.1251567], [79.6483702, 27.1252921], [79.6460803, 27.1255189], [79.6455919, 27.1255535], [79.6449932, 27.1255679], [79.6418359, 27.1256438], [79.6403662, 27.1256822], [79.6382002, 27.1259043], [79.6358892, 27.1262536], [79.6357508, 27.1262745], [79.6338405, 27.1265432], [79.6322168, 27.1267626], [79.6294346, 27.1271465], [79.6285073, 27.1272617], [79.6274412, 27.1274509], [79.6253553, 27.1278677], [79.6236115, 27.1282187], [79.6218399, 27.1285697], [79.620414, 27.1288481], [79.6191994, 27.1290852], [79.6153358, 27.1298639], [79.6116508, 27.1305796], [79.6081023, 27.131273]], [[79.6825351, 27.1220136], [79.6800177, 27.1222902], [79.6764431, 27.1226745], [79.672957, 27.1230115], [79.6709361, 27.1231879], [79.670224, 27.1232663]], [[79.7104736, 27.125191], [79.7101446, 27.1250338], [79.7087996, 27.1243915], [79.7063212, 27.1231693], [79.7055412, 27.1227572], [79.7044866, 27.1222001], [79.7029362, 27.1214409], [79.7019492, 27.1210971], [79.7011499, 27.120868], [79.7003291, 27.1207199], [79.6992455, 27.1206292], [79.6984392, 27.1205892], [79.6967121, 27.1206238], [79.6945142, 27.1206994], [79.693686, 27.1207971], [79.6918952, 27.1210144], [79.6875986, 27.1214806], [79.6834578, 27.1219122], [79.6830343, 27.1219587], [79.6825351, 27.1220136]], [[79.7265611, 27.1314575], [79.7258691, 27.1315195], [79.7251127, 27.13151], [79.7241311, 27.1314097], [79.7230099, 27.1311854], [79.7217332, 27.1307366], [79.719169, 27.1295096], [79.7158859, 27.1278291], [79.7134773, 27.1266546], [79.710779, 27.1253369], [79.7104736, 27.125191]], [[79.7335432, 27.1281238], [79.7307829, 27.1301159], [79.729533, 27.1307461], [79.7283314, 27.1311854], [79.7272532, 27.1313954], [79.7265611, 27.1314575]], [[79.7504276, 27.1190264], [79.7502893, 27.1190891], [79.7478472, 27.1202231], [79.7420429, 27.12314], [79.7387586, 27.1247402], [79.7376897, 27.1253702], [79.7363307, 27.1262081], [79.7342162, 27.1276381], [79.7335432, 27.1281238]], [[79.7534945, 27.1175513], [79.753271, 27.1176727], [79.7529108, 27.1178684], [79.7525543, 27.1180621], [79.7511342, 27.118706], [79.7509532, 27.1187881], [79.7504276, 27.1190264]], [[79.7637833, 27.1118179], [79.7623579, 27.1126123], [79.7599513, 27.1140236], [79.7559166, 27.116235], [79.7534945, 27.1175513]], [[79.7798426, 27.1055456], [79.7794593, 27.1056436], [79.7763519, 27.1062548], [79.7734639, 27.1068156], [79.7724588, 27.1070928], [79.7718925, 27.1073575], [79.7689974, 27.1090839], [79.7657272, 27.1107347], [79.7647714, 27.1112673], [79.7637833, 27.1118179]], [[79.7844994, 27.1031585], [79.7826304, 27.1043582], [79.7814696, 27.1050198], [79.7806414, 27.1053412], [79.7798426, 27.1055456]], [[79.7851433, 27.1027451], [79.7844994, 27.1031585]], [[79.7906434, 27.0995315], [79.7902185, 27.099897], [79.7879109, 27.1011888], [79.7851433, 27.1027451]], [[79.7927117, 27.0971201], [79.7921579, 27.0978176], [79.7912661, 27.0989959], [79.7906434, 27.0995315]], [[79.7953786, 27.0943959], [79.7948583, 27.0947364], [79.7940691, 27.0954104], [79.7927117, 27.0971201]], [[79.7962303, 27.0939987], [79.7953786, 27.0943959]], [[79.8019423, 27.0918152], [79.8005104, 27.0923856], [79.7974243, 27.0935325], [79.7962303, 27.0939987]], [[79.8032533, 27.0912929], [79.8019423, 27.0918152]], [[79.804104, 27.0909173], [79.8032533, 27.0912929]], [[79.8068475, 27.089462], [79.8063936, 27.089685], [79.8057803, 27.0900361], [79.8049514, 27.0904649], [79.8046078, 27.0906427], [79.804104, 27.0909173]], [[79.8086137, 27.0888311], [79.8074147, 27.0891832], [79.8068475, 27.089462]], [[79.809116, 27.0887505], [79.8086137, 27.0888311]], [[79.8107761, 27.0886617], [79.809722, 27.0886532], [79.809116, 27.0887505]], [[79.8111369, 27.088684], [79.8107761, 27.0886617]], [[79.8163203, 27.0875385], [79.8157355, 27.0879468], [79.8149861, 27.0883601], [79.8142714, 27.0885892], [79.8133648, 27.0887465], [79.8127801, 27.0887891], [79.8122389, 27.0887764], [79.8111369, 27.088684]], [[79.81713, 27.0869732], [79.8163203, 27.0875385]], [[79.8244519, 27.0822123], [79.8226162, 27.0838904], [79.8218633, 27.0844592], [79.8209677, 27.0850048], [79.8198004, 27.0855234], [79.8188316, 27.0859294], [79.8180511, 27.0863579], [79.81713, 27.0869732]], [[79.8248957, 27.0818066], [79.8244519, 27.0822123]], [[79.8296497, 27.0793573], [79.8259052, 27.0811805], [79.8248957, 27.0818066]], [[79.8349949, 27.0769209], [79.8340618, 27.0772926], [79.8334482, 27.0775557], [79.8296497, 27.0793573]], [[79.8390502, 27.0756521], [79.8379364, 27.0760466], [79.8374644, 27.0761751], [79.8371319, 27.0762696], [79.8371077, 27.076277], [79.8349949, 27.0769209]], [[79.8462393, 27.0716714], [79.8418926, 27.0741986], [79.8399804, 27.0752663], [79.8390502, 27.0756521]], [[79.8552308, 27.0683085], [79.8547864, 27.0684357], [79.8526604, 27.0690102], [79.8524218, 27.0690798], [79.8508997, 27.0695935], [79.8505599, 27.0697117], [79.850001, 27.0699061], [79.8490881, 27.07028], [79.8462393, 27.0716714]], [[79.878329, 27.0574892], [79.878372, 27.0588732], [79.878549, 27.0610274], [79.8786572, 27.0625686], [79.8786867, 27.0634355], [79.8785785, 27.0639821], [79.878372, 27.0645739], [79.877959, 27.0652394], [79.8772903, 27.0658699], [79.8765626, 27.0663515], [79.8756088, 27.0666843], [79.8748516, 27.0667981], [79.8729636, 27.0667893], [79.8693055, 27.0666142], [79.8668497, 27.0664126], [79.8650591, 27.066267], [79.8636762, 27.0661717], [79.8625457, 27.0662502], [79.8617235, 27.0664077], [79.8594561, 27.0670768], [79.8587231, 27.0672772], [79.8567167, 27.0678831], [79.8552308, 27.0683085]], [[79.8787939, 27.0540508], [79.8786817, 27.0548536], [79.8784652, 27.0563947], [79.8783611, 27.0570292], [79.878329, 27.0574892]], [[79.8791309, 27.0447763], [79.8790659, 27.0452107], [79.8790278, 27.0456305], [79.8789945, 27.0467832], [79.8789333, 27.0483393], [79.878893, 27.0510257], [79.8788184, 27.0538755], [79.8787939, 27.0540508]], [[79.8850282, 27.0310194], [79.8849256, 27.0311813], [79.8847101, 27.0316283], [79.8837091, 27.0337521], [79.8834616, 27.034274], [79.8833519, 27.0345046], [79.8825949, 27.0361928], [79.8804641, 27.040583], [79.8803106, 27.0408993], [79.8798161, 27.042006], [79.8796203, 27.04258], [79.8795347, 27.0429488], [79.8791959, 27.0443418], [79.8791309, 27.0447763]], [[79.8933046, 27.024273], [79.8911864, 27.0253966], [79.8905664, 27.0257785], [79.8899493, 27.0261851], [79.8892991, 27.0266862], [79.8887157, 27.027176], [79.8875848, 27.0282136], [79.8868995, 27.0288907], [79.8864524, 27.0293333], [79.8863322, 27.0294662], [79.8854657, 27.0304236], [79.8851309, 27.0308575], [79.8850282, 27.0310194]], [[79.8947186, 27.0236745], [79.8940501, 27.0239495], [79.8935689, 27.0241475], [79.8933046, 27.024273]], [[79.8991121, 27.0221562], [79.8988676, 27.0222545], [79.8974265, 27.0227938], [79.8965375, 27.02308], [79.8955112, 27.0233861], [79.8947186, 27.0236745]], [[79.900045, 27.0217657], [79.8991121, 27.0221562]], [[79.9054285, 27.0193458], [79.9037967, 27.0200372], [79.900045, 27.0217657]], [[79.9065031, 27.0188267], [79.9058526, 27.0191458], [79.9056987, 27.0192313], [79.9054285, 27.0193458]], [[79.9080443, 27.0180408], [79.9078369, 27.0181509], [79.9076993, 27.0182206], [79.9065031, 27.0188267]], [[79.9126369, 27.0143015], [79.9123154, 27.0145753], [79.9114835, 27.0152835], [79.9105986, 27.0160504], [79.9095457, 27.0169201], [79.9092604, 27.0171412], [79.9082876, 27.0178692], [79.9082627, 27.0178878], [79.9080443, 27.0180408]], [[79.9167335, 27.0110928], [79.9166895, 27.0111075], [79.9162841, 27.0113018], [79.9156696, 27.0116704], [79.9151217, 27.0121434], [79.9141801, 27.0129527], [79.9128314, 27.014136], [79.9126369, 27.0143015]], [[79.9171054, 27.010968], [79.9167335, 27.0110928]], [[79.9220556, 27.0116937], [79.9211623, 27.0113242], [79.9205335, 27.0110493], [79.9198759, 27.0108289], [79.9192921, 27.0107368], [79.9189587, 27.0107062], [79.9186484, 27.0106957], [79.917951, 27.0107612], [79.9171685, 27.0109469], [79.9171054, 27.010968]], [[79.9234078, 27.0122683], [79.9226458, 27.0119445], [79.9220556, 27.0116937]], [[79.9283112, 27.015005], [79.9279783, 27.0147742], [79.9269298, 27.0140452], [79.9255538, 27.0132053], [79.9249505, 27.0128913], [79.9241448, 27.012558], [79.9234078, 27.0122683]], [[79.933127, 27.0176012], [79.9326457, 27.0174637], [79.9320879, 27.0172791], [79.9318071, 27.0171738], [79.9311895, 27.0168724], [79.9307509, 27.0166233], [79.930374, 27.0163899], [79.9295975, 27.0158969], [79.9283112, 27.015005]], [[79.9336083, 27.0177387], [79.933127, 27.0176012]], [[79.9348865, 27.0179662], [79.9346248, 27.0179377], [79.9336083, 27.0177387]], [[79.9361363, 27.0180356], [79.9348865, 27.0179662]], [[79.9366999, 27.0180185], [79.9361363, 27.0180356]], [[79.9375267, 27.0179485], [79.9366999, 27.0180185]], [[79.9424744, 27.0170851], [79.9419477, 27.0173092], [79.9410251, 27.0174835], [79.9385957, 27.0178137], [79.9375267, 27.0179485]], [[79.9446541, 27.0142966], [79.9444651, 27.0150396], [79.9441007, 27.0156996], [79.9439966, 27.0158882], [79.9436345, 27.0162778], [79.9433398, 27.0165949], [79.9425758, 27.017042], [79.9424744, 27.0170851]], [[79.9449084, 27.0107404], [79.9448214, 27.0115499], [79.9447612, 27.0126308], [79.9447108, 27.0135709], [79.9446541, 27.0142966]], [[79.9449642, 27.0104489], [79.9449084, 27.0107404]], [[79.9453727, 27.0094495], [79.9450996, 27.0100602], [79.9449642, 27.0104489]], [[79.9455564, 27.0090898], [79.9453727, 27.0094495]], [[79.9458502, 27.0085762], [79.9455564, 27.0090898]], [[79.9462824, 27.0080005], [79.9458502, 27.0085762]], [[79.949333, 27.0051619], [79.9481605, 27.0062368], [79.9480372, 27.0063431], [79.9465546, 27.0077435], [79.9462824, 27.0080005]], [[79.9500142, 27.0045438], [79.949333, 27.0051619]], [[79.9540683, 27.0006299], [79.9529522, 27.0017397], [79.9520245, 27.0026369], [79.950189, 27.0043852], [79.9500142, 27.0045438]], [[79.9550399, 26.999598], [79.9540683, 27.0006299]], [[79.9600968, 26.994754], [79.9599404, 26.9949046], [79.958322, 26.9964628], [79.9581655, 26.9966149], [79.955572, 26.9991348], [79.9550399, 26.999598]], [[79.9614825, 26.9934157], [79.9606644, 26.9942075], [79.9600968, 26.994754]], [[79.9662978, 26.9888456], [79.9660884, 26.989052], [79.9659954, 26.989137], [79.9655094, 26.9896321], [79.9628052, 26.9921355], [79.9616894, 26.9932155], [79.9614825, 26.9934157]], [[79.9668466, 26.9883046], [79.9662978, 26.9888456]], [[79.9713353, 26.9839579], [79.9706983, 26.9845737], [79.9703343, 26.9849256], [79.9682193, 26.9869517], [79.9668466, 26.9883046]], [[79.9774836, 26.978604], [79.9771867, 26.9787855], [79.9761045, 26.979447], [79.9756755, 26.9797873], [79.9750405, 26.9803684], [79.9733416, 26.98202], [79.9721061, 26.9832128], [79.9713353, 26.9839579]], [[79.9959833, 26.9615185], [79.9954966, 26.9619477], [79.9949818, 26.9624018], [79.9943675, 26.9629546], [79.9934162, 26.963893], [79.9927386, 26.9645468], [79.9919714, 26.9652914], [79.9913118, 26.965933], [79.990691, 26.9665481], [79.9899919, 26.9672773], [79.9893045, 26.9679687], [79.9888632, 26.9684127], [79.9870075, 26.9702264], [79.9850107, 26.9721254], [79.9829686, 26.974083], [79.9825711, 26.9744674], [79.9807978, 26.976182], [79.980655, 26.9763147], [79.9804734, 26.9764834], [79.9796867, 26.9772143], [79.9791376, 26.9776004], [79.978331, 26.978086], [79.9774836, 26.978604]], [[79.9991116, 26.9577784], [79.9990859, 26.9578204], [79.998525, 26.9587254], [79.997838, 26.9596397], [79.997109, 26.9604737], [79.996298, 26.9612356], [79.9962225, 26.9613076], [79.9959833, 26.9615185]], [[79.9993458, 26.957394], [79.9991116, 26.9577784]], [[80.0022061, 26.9518004], [80.0012546, 26.9533939], [80.0008266, 26.9541064], [80.0004542, 26.9548152], [79.999733, 26.9565053], [79.9993458, 26.957394]], [[80.0070195, 26.9446227], [80.0056761, 26.9465627], [80.0050466, 26.9475164], [80.0043236, 26.9486116], [80.004063, 26.9490064], [80.0032565, 26.9502034], [80.0028226, 26.950846], [80.0024199, 26.9514424], [80.0022061, 26.9518004]], [[80.0071962, 26.9443677], [80.0070195, 26.9446227]], [[80.0095721, 26.9408003], [80.0093173, 26.9412581], [80.0092097, 26.9414411], [80.008169, 26.9429691], [80.0080605, 26.943125], [80.0073728, 26.9441126], [80.0071962, 26.9443677]], [[80.0163449, 26.924383], [80.0151803, 26.9260818], [80.0146405, 26.9268112], [80.0139994, 26.9277523], [80.0138033, 26.9280834], [80.0137018, 26.92834], [80.0130948, 26.9299224], [80.0126494, 26.9312719], [80.0120501, 26.9332083], [80.0115267, 26.9348843], [80.0107803, 26.937274], [80.0098611, 26.940217], [80.0097131, 26.9405392], [80.0095721, 26.9408003]], [[80.016619, 26.924003], [80.0163449, 26.924383]], [[80.0268297, 26.9082647], [80.026814, 26.9083655], [80.0267745, 26.908699], [80.0265002, 26.9100709], [80.0262604, 26.9107369], [80.0260984, 26.9111357]], [[80.0260984, 26.9111357], [80.0257077, 26.9121823], [80.0254305, 26.9130122], [80.0249547, 26.9142566], [80.0245958, 26.9149489], [80.0244087, 26.9152049], [80.0237584, 26.9158873], [80.0228289, 26.9165884], [80.0218818, 26.9173179]], [[80.0218818, 26.9173179], [80.0213758, 26.9178001], [80.0211812, 26.9180059], [80.0209549, 26.9182803], [80.020715, 26.9185588], [80.0199018, 26.9196673], [80.0197298, 26.9199018], [80.0196965, 26.9199472], [80.0192032, 26.9207059], [80.019004, 26.9209723], [80.0186238, 26.9213719], [80.0182571, 26.9218239], [80.016619, 26.924003]], [[80.029513, 26.8984195], [80.0291366, 26.8998101], [80.0290164, 26.9002543], [80.0283827, 26.9024824], [80.0277744, 26.9045989], [80.0276436, 26.905054], [80.0275091, 26.9055219], [80.0271209, 26.9067207], [80.0269355, 26.9075849], [80.0268297, 26.9082647]], [[80.0353259, 26.8851192], [80.0351858, 26.8853945], [80.034187, 26.8875701], [80.0341312, 26.8876916], [80.0330313, 26.8901865], [80.0319585, 26.8925642], [80.0311414, 26.89439], [80.0307138, 26.8953456], [80.0300755, 26.8967262], [80.0298854, 26.8971945], [80.029804, 26.8974541], [80.0296047, 26.8980898], [80.0295867, 26.8981471], [80.029513, 26.8984195]], [[80.035386, 26.8849881], [80.0353259, 26.8851192]], [[80.0395059, 26.8760164], [80.0387434, 26.8777398], [80.0375331, 26.8803231], [80.0362948, 26.8829439], [80.0357607, 26.8841228], [80.035386, 26.8849881]], [[80.0395679, 26.8758763], [80.0395059, 26.8760164]], [[80.0426505, 26.8693043], [80.0423059, 26.8700281], [80.0410656, 26.8726768], [80.0397847, 26.8753779], [80.0395679, 26.8758763]], [[80.0515141, 26.8603615], [80.05133, 26.860555], [80.0509191, 26.8609489], [80.0502585, 26.8616103], [80.0497356, 26.8620948], [80.0487783, 26.8629141], [80.0478956, 26.8637605], [80.0468385, 26.8647741], [80.0462036, 26.8653729], [80.0445338, 26.8669477], [80.0438985, 26.8675566], [80.0434422, 26.8680902], [80.0433461, 26.8682317], [80.0429117, 26.868871], [80.0426505, 26.8693043]], [[79.3126175, 27.2097587], [79.3125954, 27.2098183], [79.3125746, 27.2099304], [79.3126577, 27.2101594], [79.3127302, 27.2103371]], [[79.3127302, 27.2103371], [79.3131566, 27.2100533], [79.313457, 27.2098791]], [[79.3020793, 27.2170358], [79.3026062, 27.2167052], [79.3027798, 27.2165959], [79.3041937, 27.2156775], [79.3081559, 27.2132217], [79.3097531, 27.2122074], [79.3120784, 27.2107355], [79.3127302, 27.2103371]], [[79.2998626, 27.2204214], [79.3001654, 27.220167], [79.3005673, 27.2195805], [79.30134, 27.2182582], [79.3020793, 27.2170358]], [[79.2796986, 27.2247781], [79.2797757, 27.2247543], [79.2801049, 27.2246676], [79.2838643, 27.2236333], [79.2852458, 27.2230746], [79.2859015, 27.2228421], [79.288044, 27.2223146], [79.2893982, 27.2220023], [79.2917083, 27.2212456], [79.2928065, 27.2208169], [79.2933851, 27.2206246], [79.2935533, 27.2206068], [79.2936814, 27.2206175], [79.2940693, 27.220788], [79.2948405, 27.2211017], [79.295187, 27.2211322], [79.2955648, 27.2211322], [79.2960704, 27.2210541], [79.2969335, 27.2209208], [79.2994212, 27.220585], [79.2997429, 27.2205015], [79.2998626, 27.2204214]], [[79.2794263, 27.224853], [79.2796986, 27.2247781]], [[79.274356, 27.2258349], [79.274624, 27.2261463], [79.2748845, 27.2261989], [79.2761952, 27.2258405], [79.2790483, 27.2249685], [79.2794263, 27.224853]], [[79.2089909, 27.2453507], [79.2142314, 27.2442091], [79.2196977, 27.2429882], [79.2267878, 27.2414235], [79.2362362, 27.2393634], [79.2375558, 27.2390465], [79.238441, 27.238834], [79.2416369, 27.23797], [79.2458187, 27.2365804], [79.2497939, 27.2352063], [79.2527574, 27.2342093], [79.2538683, 27.2338356], [79.2566586, 27.2329161], [79.2577006, 27.2325413], [79.2593749, 27.2318404], [79.2602092, 27.2314796], [79.2629692, 27.2302858], [79.2666181, 27.2286895], [79.267384, 27.2284343], [79.2684097, 27.2281558], [79.273138, 27.2267378], [79.273814, 27.2264516], [79.2744362, 27.2261177]], [[79.1116595, 27.3090606], [79.1123291, 27.308531], [79.1137066, 27.3074264], [79.1152216, 27.3061978], [79.1159819, 27.3055761], [79.1160409, 27.305528], [79.1166495, 27.3050317], [79.1182955, 27.3037181], [79.1195098, 27.3027443], [79.1220719, 27.3006858], [79.124056, 27.299085], [79.1265309, 27.2970671], [79.1297458, 27.2944877], [79.1327838, 27.2920718], [79.1345428, 27.2906726], [79.1368901, 27.288825], [79.1376395, 27.2882254], [79.139963, 27.2863991], [79.141582, 27.2851059], [79.1424067, 27.2843999], [79.1424686, 27.2843458], [79.1430241, 27.2838601], [79.145527, 27.2816868], [79.1464408, 27.2809185], [79.147341, 27.2801408], [79.1477608, 27.2797782], [79.1489131, 27.2787017], [79.1503085, 27.2773784], [79.150978, 27.2767567], [79.1517122, 27.2760726], [79.1530269, 27.2748862], [79.1542658, 27.2737498], [79.1559564, 27.2722606], [79.1575374, 27.2708637], [79.1584068, 27.2701029], [79.1591329, 27.2694794]], [[79.1112374, 27.3093944], [79.1116595, 27.3090606]], [[79.065918, 27.3357791], [79.0661972, 27.3355669], [79.0664889, 27.3353451], [79.0685742, 27.33378], [79.0688339, 27.333581], [79.0708336, 27.3321228], [79.0734531, 27.3302313], [79.0747825, 27.3292628], [79.0760444, 27.3283591], [79.0764213, 27.3280888], [79.0765338, 27.3280135], [79.076961, 27.3277336], [79.0770723, 27.32767], [79.0780505, 27.3271244], [79.0781943, 27.327047], [79.0788277, 27.3267063], [79.0796385, 27.3262683], [79.0799827, 27.326083], [79.0829236, 27.3245982], [79.0830932, 27.3245138], [79.0839752, 27.3240747], [79.0859939, 27.3230696], [79.0903467, 27.3208894], [79.0937327, 27.3192229], [79.0968863, 27.3176683], [79.0985266, 27.3168506], [79.1014052, 27.315447], [79.1039903, 27.3141821], [79.1048485, 27.3137627], [79.1049602, 27.3137095], [79.1051811, 27.313595], [79.1054252, 27.3134614], [79.1056854, 27.3133183], [79.1060972, 27.3130721], [79.1065427, 27.3127908], [79.1070356, 27.3124807], [79.1074064, 27.3122473], [79.1082223, 27.3117412], [79.1084435, 27.311599], [79.1085625, 27.3115179], [79.108704, 27.3114169], [79.1098292, 27.3105225], [79.1109039, 27.3096582], [79.1112374, 27.3093944]], [[79.0560613, 27.3403385], [79.0563554, 27.3401975], [79.056524, 27.34012], [79.0574432, 27.3397401], [79.0579144, 27.339539], [79.0580773, 27.3394618], [79.0581953, 27.3393997], [79.0591223, 27.3388556], [79.0596287, 27.3385556], [79.0601518, 27.3382992], [79.0602957, 27.33824], [79.0605667, 27.3381426], [79.0619778, 27.3376836], [79.0622062, 27.337609], [79.0634507, 27.3372025], [79.0637916, 27.3370768], [79.0640551, 27.3369662], [79.0644871, 27.3367557], [79.0646731, 27.336656], [79.0648027, 27.3365838], [79.0649236, 27.336509], [79.0650839, 27.3364017], [79.065405, 27.3361692], [79.065918, 27.3357791]], [[79.011526, 27.3663018], [79.0116316, 27.3662401], [79.0116959, 27.3662033], [79.0118866, 27.3660846], [79.0119776, 27.3660277], [79.0124434, 27.3657113], [79.0132813, 27.3651513], [79.015487, 27.3637265], [79.0166533, 27.3629842], [79.0175268, 27.3624226], [79.019252, 27.3613332], [79.0198983, 27.3609229], [79.0212532, 27.3600608], [79.0226977, 27.3591411], [79.0246954, 27.3578758], [79.0256204, 27.3572862], [79.0265397, 27.3566966], [79.0274184, 27.3561389], [79.0277684, 27.3559169], [79.0282718, 27.3555898], [79.0291579, 27.3550039], [79.0292421, 27.3549431], [79.0295942, 27.3546754], [79.0298159, 27.354493], [79.0299397, 27.3543861], [79.0320191, 27.3525859], [79.0335165, 27.3512753], [79.0338371, 27.3510202], [79.0342027, 27.350765], [79.034447, 27.3506233], [79.0346797, 27.3504989], [79.0385005, 27.3486303], [79.0403307, 27.3477246], [79.04204, 27.3468688], [79.0454447, 27.3451938], [79.0466467, 27.3446031], [79.047476, 27.3442087], [79.0482858, 27.3438349], [79.0511145, 27.3426147], [79.0526838, 27.3419223], [79.0537757, 27.3414316], [79.0539416, 27.3413557], [79.0541192, 27.3412695], [79.0553221, 27.3406929], [79.0560613, 27.3403385]], [[78.9944914, 27.3746565], [78.9981581, 27.3728631], [78.9994009, 27.3722388], [79.0017176, 27.3711253], [79.0035169, 27.3702399], [79.0050261, 27.3695134], [79.0054538, 27.3692998], [79.009399, 27.3673814], [79.0108194, 27.3666844], [79.0109266, 27.3666319], [79.0109936, 27.3665937], [79.011526, 27.3663018]], [[78.982202, 27.3808613], [78.9826871, 27.3799998], [78.9830898, 27.3795777], [78.9835445, 27.3791598], [78.9838442, 27.3789975], [78.984055, 27.378926], [78.9845256, 27.3788587], [78.9856423, 27.3787596], [78.9862286, 27.3786427], [78.9884014, 27.3775778], [78.988561, 27.377498], [78.9886951, 27.3774397], [78.9888051, 27.377404], [78.9888574, 27.377398], [78.9889097, 27.3774075], [78.9892289, 27.3775754], [78.9892651, 27.377579], [78.9892973, 27.3775731], [78.9893335, 27.3775528], [78.9896379, 27.377298], [78.989709, 27.3772491], [78.9897734, 27.3772051], [78.9902388, 27.3769252], [78.9903527, 27.3768645], [78.9917529, 27.3761761], [78.9935258, 27.3752877], [78.9936264, 27.3752282], [78.9938343, 27.3750972], [78.9940904, 27.3749328], [78.9942715, 27.3748137], [78.9944914, 27.3746565]], [[78.9820955, 27.3810629], [78.982202, 27.3808613]], [[78.9820077, 27.381229], [78.9820486, 27.3811326], [78.9820955, 27.3810629]], [[78.9817109, 27.3815898], [78.9820077, 27.381229]], [[78.9465509, 27.4097595], [78.9466656, 27.409747], [78.946736, 27.4097321], [78.9468259, 27.4097011], [78.9469171, 27.4096642], [78.9470364, 27.4096011], [78.9481978, 27.4089677], [78.9485195, 27.408789], [78.9489627, 27.4085428], [78.9496708, 27.4081494], [78.9498179, 27.4080677], [78.9503194, 27.4078188], [78.9510317, 27.4074097], [78.9514822, 27.4071509], [78.9528742, 27.4063735], [78.9538157, 27.4058389], [78.9548564, 27.4052698], [78.9558099, 27.404734], [78.9560674, 27.4046031], [78.956235, 27.4045245], [78.9563356, 27.4044828], [78.9566454, 27.4043626], [78.9575252, 27.4040875], [78.9578484, 27.4039959], [78.9580134, 27.4039494], [78.9581448, 27.4039072], [78.959282, 27.4035137], [78.9603657, 27.4031279], [78.9619347, 27.4025874], [78.9620823, 27.4025516], [78.9623263, 27.4024897], [78.9622888, 27.4023147], [78.9622807, 27.4022373], [78.9622754, 27.4021337], [78.9622908, 27.4020682], [78.9623223, 27.4019909], [78.9624131, 27.4017886], [78.9633451, 27.3997462], [78.9638159, 27.3987158], [78.9641317, 27.3980246], [78.9643363, 27.397669], [78.9645351, 27.397472], [78.9648665, 27.3972444], [78.9657136, 27.396743], [78.9665889, 27.3962419], [78.9679731, 27.3954494], [78.9685287, 27.3951313], [78.9689609, 27.3949548], [78.9698051, 27.3946606], [78.9702402, 27.3944713], [78.970511, 27.3942794], [78.9707646, 27.3939443], [78.9720583, 27.3918234], [78.9733031, 27.3899175], [78.9736661, 27.3894621], [78.9741271, 27.3889658], [78.9742414, 27.3888474], [78.9754007, 27.3876457], [78.9777663, 27.3851665], [78.9800829, 27.3826695], [78.9804316, 27.3823778], [78.9807946, 27.382127], [78.9812355, 27.3819352], [78.9814775, 27.3818277], [78.9817109, 27.3815898]], [[78.8960181, 27.4391252], [78.8974357, 27.438367], [78.8985045, 27.4378207], [78.8992019, 27.4374505], [78.9009199, 27.436515], [78.9023964, 27.4356854], [78.9040326, 27.4347879], [78.9051081, 27.4341856], [78.9064264, 27.4334345], [78.9071667, 27.4330298], [78.9076415, 27.4327537], [78.9079258, 27.4326013], [78.9095002, 27.4317515], [78.91028, 27.4313129], [78.9110747, 27.4308659], [78.9116594, 27.4305135], [78.9122978, 27.4301088], [78.9135128, 27.4293184], [78.9155902, 27.427965], [78.9168146, 27.4271806], [78.9172277, 27.4269246], [78.9175697, 27.4267223], [78.9177869, 27.4265961], [78.9180672, 27.4264199], [78.9195669, 27.4254889], [78.9196068, 27.4254641], [78.9226297, 27.4235499], [78.9238071, 27.4227714], [78.925226, 27.4218952], [78.9265779, 27.4210381], [78.9273339, 27.4205661], [78.928839, 27.4196263], [78.9290428, 27.4195049], [78.9292359, 27.4193953], [78.9300916, 27.4189549], [78.9307943, 27.4185692], [78.931371, 27.4182287], [78.9344448, 27.4165025], [78.934603, 27.416393], [78.9347492, 27.4162894], [78.9349222, 27.4161751], [78.9351123, 27.4160706], [78.9359187, 27.4156275], [78.9370948, 27.4149751], [78.9390099, 27.4139239], [78.940237, 27.4132501], [78.9416626, 27.4124632], [78.9429916, 27.4117322], [78.9436635, 27.4113631], [78.9456028, 27.4102904], [78.9465509, 27.4097595]], [[78.8956507, 27.4393299], [78.8960181, 27.4391252]], [[78.8918285, 27.441458], [78.8920766, 27.4413378], [78.8921987, 27.4412783], [78.8923153, 27.4412176], [78.8926224, 27.4410522], [78.892715, 27.4409986], [78.8936511, 27.4404404], [78.8941433, 27.4401642], [78.89461, 27.4399], [78.8948272, 27.4397798], [78.8956507, 27.4393299]], [[78.8847099, 27.4442157], [78.8859223, 27.4437587], [78.8882947, 27.4428601], [78.8906229, 27.4419591], [78.8914476, 27.4416282], [78.8918285, 27.441458]], [[78.8469712, 27.4636698], [78.8490768, 27.4618467], [78.8493115, 27.4616397], [78.8495314, 27.4614398], [78.8496883, 27.4612934], [78.850619, 27.4604544], [78.8512547, 27.4598916], [78.8514894, 27.4596857], [78.8520634, 27.4591978], [78.8522337, 27.4590728], [78.8523397, 27.4590014], [78.8525207, 27.4588824], [78.8529378, 27.4586468], [78.853481, 27.4583803], [78.8558105, 27.4572711], [78.8559225, 27.4572189], [78.8560988, 27.4571367], [78.8575319, 27.4564719], [78.8575995, 27.4564405], [78.8586563, 27.4559335], [78.8593402, 27.4556122], [78.8595495, 27.4555113], [78.8605124, 27.455047], [78.8614572, 27.4545977], [78.8626072, 27.4540509], [78.8630028, 27.4538616], [78.8641132, 27.4533404], [78.8651043, 27.4528691], [78.8658004, 27.4525389], [78.8663059, 27.4522991], [78.8666385, 27.4521444], [78.8697982, 27.4506496], [78.8701549, 27.4504782], [78.8715497, 27.4498189], [78.871783, 27.4497094], [78.8729122, 27.4491798], [78.8734114, 27.448946], [78.8734688, 27.4489192], [78.8739397, 27.4486981], [78.8747214, 27.4483312], [78.8751469, 27.4481253], [78.8751787, 27.4481099], [78.8760155, 27.4477278], [78.8769932, 27.447272], [78.8779722, 27.4468114], [78.8783987, 27.4466281], [78.8787796, 27.4464687], [78.8794175, 27.4462167], [78.8794515, 27.4462033], [78.8807593, 27.4457064], [78.8812955, 27.445507], [78.8819768, 27.4452499], [78.8839562, 27.4444966], [78.8847099, 27.4442157]], [[78.8398379, 27.4668838], [78.8405755, 27.4667767], [78.8419783, 27.4665459], [78.8424262, 27.4664602], [78.842673, 27.4664079], [78.8429546, 27.4663222], [78.8433784, 27.4661889], [78.8435608, 27.466127], [78.8437647, 27.4660414], [78.8439685, 27.4659462], [78.8445532, 27.4656344], [78.8448563, 27.4654488], [78.8454142, 27.4650418], [78.8469712, 27.4636698]], [[78.8283312, 27.4690257], [78.8286571, 27.4688924], [78.8290662, 27.4687401], [78.8292418, 27.4686806], [78.8294899, 27.4686116], [78.8297796, 27.4685295], [78.8300639, 27.4684688], [78.8331572, 27.4679363], [78.8357341, 27.4675264], [78.8365759, 27.4673957], [78.8367544, 27.467368], [78.8368915, 27.4673467], [78.8373971, 27.4672599], [78.8382809, 27.4671171], [78.8398379, 27.4668838]], [[78.8282099, 27.4690781], [78.8283312, 27.4690257]], [[78.8269566, 27.4697801], [78.8272235, 27.4696016], [78.8277814, 27.4692791], [78.8280711, 27.4691387], [78.8282099, 27.4690781]], [[78.8268667, 27.4698432], [78.8269566, 27.4697801]], [[78.8237232, 27.4730249], [78.8238922, 27.4728429], [78.82548, 27.4710795], [78.826443, 27.4701585], [78.8268667, 27.4698432]], [[78.8183293, 27.4768384], [78.8190883, 27.4766599], [78.8195014, 27.4765385], [78.819724, 27.47646], [78.8199252, 27.4763838], [78.8201357, 27.4762958], [78.8203865, 27.4761768], [78.8207084, 27.4760031], [78.8210168, 27.4758151], [78.8212368, 27.4756557], [78.8216579, 27.4753082], [78.8219154, 27.4750607], [78.8220629, 27.4749037], [78.8223311, 27.4746086], [78.8232458, 27.4735639], [78.8237232, 27.4730249]], [[78.7822321, 27.4905538], [78.7828461, 27.490307], [78.7838897, 27.4898876], [78.7854481, 27.489257], [78.7856305, 27.4891904], [78.7867411, 27.4887467], [78.7887391, 27.4879484], [78.7897718, 27.4875534], [78.7912617, 27.4869421], [78.7916681, 27.4867753], [78.7930682, 27.4862066], [78.795678, 27.4851478], [78.7964645, 27.4848391], [78.7969574, 27.4846457], [78.7975013, 27.4844268], [78.799594, 27.4835845], [78.8004363, 27.4832442], [78.80189, 27.4826541], [78.8030085, 27.482202], [78.8035154, 27.4820021], [78.8046613, 27.4815393], [78.805224, 27.481312], [78.8067663, 27.4806981], [78.8087404, 27.4799152], [78.810422, 27.479241], [78.8104972, 27.4792108], [78.8120073, 27.4786231], [78.8129729, 27.4782661], [78.8134021, 27.4781234], [78.8137722, 27.4780068], [78.8150811, 27.4776117], [78.8154347, 27.4775269], [78.8164214, 27.4772902], [78.8175407, 27.4770216], [78.8183293, 27.4768384]], [[78.7729919, 27.4956859], [78.7754407, 27.4940871], [78.777101, 27.4930045], [78.7775758, 27.4927238], [78.7783965, 27.4922241], [78.7788069, 27.4920028], [78.7791154, 27.4918601], [78.7797779, 27.491565], [78.7804601, 27.4912839], [78.7822321, 27.4905538]], [[78.7642804, 27.5011791], [78.7649883, 27.5007181], [78.7664929, 27.499777], [78.7685126, 27.4984768], [78.7698698, 27.4976179], [78.7709427, 27.4969565], [78.7715921, 27.4965538], [78.7721341, 27.4962177], [78.7729919, 27.4956859]], [[78.75254, 27.5086854], [78.7546563, 27.5072675], [78.7558499, 27.5065133], [78.7575092, 27.5055542], [78.757938, 27.5052766], [78.7583635, 27.5050224], [78.7616232, 27.5029586], [78.7642804, 27.5011791]], [[78.7121245, 27.5371317], [78.7142263, 27.5358516], [78.7146941, 27.5355667], [78.7150227, 27.535355], [78.7153351, 27.5351362], [78.715425, 27.5350672], [78.7155296, 27.5349804], [78.7163302, 27.5343086], [78.7176727, 27.5331657], [78.7184867, 27.5324771], [78.7207574, 27.5305305], [78.7208953, 27.5304126], [78.7220702, 27.5294137], [78.7224589, 27.5290841], [78.7232262, 27.5284337], [78.7244627, 27.5274371], [78.7255624, 27.5266117], [78.7258535, 27.526413], [78.7269625, 27.5256413], [78.7272522, 27.525451], [78.7273137, 27.5254098], [78.7275365, 27.5252607], [78.7284136, 27.5246589], [78.7303179, 27.523384], [78.7313238, 27.5227037], [78.7325388, 27.5218926], [78.7336117, 27.5211849], [78.7346444, 27.5204867], [78.7363234, 27.5193711], [78.7375545, 27.5185362], [78.7386811, 27.5177869], [78.7396494, 27.5171422], [78.7411058, 27.5161717], [78.742691, 27.5151179], [78.7438989, 27.5143165], [78.7448099, 27.513712], [78.745746, 27.5130935], [78.7464256, 27.5126438], [78.7468886, 27.5123513], [78.7471142, 27.5122057], [78.7486401, 27.5112213], [78.7494609, 27.510686], [78.7512419, 27.5095299], [78.7519057, 27.5090981], [78.75254, 27.5086854]], [[79.1656619, 27.2645865], [79.1655385, 27.2641955], [79.1655493, 27.2638999], [79.1672286, 27.2626387], [79.1679318, 27.2620796], [79.1690833, 27.2607453], [79.1694708, 27.2602219], [79.1695888, 27.2600604], [79.1704894, 27.2588514], [79.1716534, 27.2571395], [79.1718357, 27.2568797], [79.172073, 27.2564334], [79.1721333, 27.2561954], [79.1723157, 27.2554499]], [[79.1723157, 27.2554499], [79.1724201, 27.2550635], [79.1727399, 27.2538267], [79.1728997, 27.2534626], [79.173127, 27.2531428], [79.1733568, 27.252903], [79.1736515, 27.2527298], [79.1740037, 27.2525944], [79.1745107, 27.2524723], [79.1752975, 27.2523435], [79.178522, 27.2518883], [79.1790677, 27.2518066], [79.1811615, 27.2514933], [79.1813269, 27.2514686], [79.1818489, 27.2514109], [79.1823209, 27.2514176], [79.1828405, 27.2514819], [79.1847637, 27.2519416], [79.1855504, 27.2521259], [79.1858527, 27.2521214], [79.1868017, 27.251958], [79.187469, 27.2518261], [79.1878203, 27.2517151], [79.1908916, 27.2505875], [79.1949738, 27.2490818], [79.1957972, 27.2487799], [79.1971046, 27.248433], [79.1976432, 27.2482838], [79.1979008, 27.2481485], [79.1984237, 27.2478258], [79.1989467, 27.2475968], [79.2001955, 27.2471909], [79.2012387, 27.246961], [79.2017323, 27.2469896], [79.2019629, 27.2470993], [79.2023814, 27.2473902]], [[78.9692612, 27.4033732], [78.9694972, 27.4033517], [78.9697896, 27.4033065], [78.9699572, 27.403272], [78.9701678, 27.4032136], [78.9703757, 27.4031505], [78.9706868, 27.4030338], [78.9708625, 27.4029612], [78.9710395, 27.4028719], [78.9711669, 27.4028017], [78.971297, 27.4027255], [78.9720641, 27.4021444], [78.9728688, 27.4014563]], [[78.703794, 27.5420286], [78.7038244, 27.5420107], [78.7048852, 27.5413887], [78.7050998, 27.5412628], [78.705698, 27.5408745], [78.7059206, 27.54073]], [[78.7036867, 27.5420926], [78.703794, 27.5420286]], [[77.4598468, 28.6371529], [77.4597912, 28.6371953], [77.459741, 28.6372304], [77.4596909, 28.6372655], [77.4596494, 28.6372945], [77.459599, 28.6373298], [77.4595517, 28.6373628], [77.4595197, 28.6373852], [77.4594838, 28.6374104], [77.4594286, 28.637449], [77.4593642, 28.6374941], [77.4593148, 28.6375286], [77.4592539, 28.6375712], [77.4591906, 28.6376155], [77.4591311, 28.6376571], [77.459073, 28.6376977], [77.4590335, 28.6377254], [77.458997, 28.637751], [77.4589452, 28.6377872], [77.4589008, 28.6378182], [77.4588363, 28.6378634], [77.4587786, 28.6379037], [77.4587335, 28.6379353], [77.4586675, 28.6379814], [77.458621, 28.638014], [77.4585695, 28.63805], [77.4585105, 28.6380913], [77.4584552, 28.63813], [77.4584092, 28.6381622], [77.4583511, 28.6382028], [77.4583013, 28.6382376], [77.4582471, 28.6382755], [77.4582008, 28.638308], [77.458152, 28.6383421], [77.4580835, 28.63839], [77.4580108, 28.6384409], [77.4579545, 28.6384802], [77.4579004, 28.6385181], [77.457842, 28.6385589], [77.4577882, 28.6385966], [77.4577406, 28.6386298], [77.4576914, 28.6386643], [77.4576457, 28.6386962], [77.4576207, 28.6387129], [77.4575898, 28.6387356], [77.4575508, 28.6387679], [77.4575141, 28.6387891], [77.4574777, 28.6388148], [77.4574317, 28.6388473], [77.4574087, 28.6388635], [77.4573789, 28.6388846], [77.4573346, 28.6389159], [77.4572922, 28.6389459], [77.457248, 28.6389771], [77.457201, 28.6390103], [77.4571546, 28.6390431], [77.4571101, 28.6390746], [77.4570479, 28.6391185], [77.4570134, 28.6391429], [77.4569836, 28.6391639], [77.4569176, 28.6392106], [77.4568599, 28.6392513], [77.4568045, 28.6392905], [77.4567579, 28.6393234], [77.4566997, 28.6393628], [77.4566798, 28.6393785], [77.4566566, 28.6393947], [77.4566357, 28.6394094], [77.4565805, 28.6394481], [77.4565395, 28.6394769], [77.4564894, 28.639512], [77.4564363, 28.6395493], [77.4563795, 28.6395892], [77.456346, 28.6396127], [77.4563263, 28.6396265], [77.456283, 28.6396569], [77.456225, 28.6396976], [77.456167, 28.6397383], [77.4561067, 28.6397806], [77.4560665, 28.6398088], [77.4560206, 28.639841], [77.4559842, 28.6398648], [77.4559263, 28.6399072], [77.4558782, 28.6399409], [77.4558182, 28.639983], [77.4557559, 28.6400267], [77.4556825, 28.6400783], [77.4556071, 28.6401311], [77.4555336, 28.6401827], [77.4554679, 28.6402288], [77.4554087, 28.6402704], [77.4553509, 28.6403109], [77.4552876, 28.6403553], [77.4552373, 28.6403906], [77.4551965, 28.6404192], [77.4551455, 28.640455], [77.4551194, 28.6404733], [77.4550716, 28.6405069], [77.4550255, 28.6405392], [77.4549878, 28.6405657], [77.4549371, 28.6406012], [77.4548906, 28.6406338], [77.4548433, 28.640667], [77.4547995, 28.6406978], [77.4547561, 28.6407282], [77.4547103, 28.6407602], [77.4546824, 28.6407797], [77.4546424, 28.6408076], [77.4545997, 28.6408374], [77.4545599, 28.6408652], [77.4545125, 28.6408983], [77.4544692, 28.6409286], [77.4544288, 28.6409568], [77.4543897, 28.6409841], [77.4543486, 28.6410128], [77.4543083, 28.6410409], [77.4542681, 28.641069], [77.4541887, 28.6411245], [77.4540898, 28.6411936], [77.4539882, 28.6412645], [77.4538897, 28.6413333], [77.4538145, 28.6413858], [77.4537343, 28.6414419], [77.4535073, 28.6416045], [77.4533529, 28.6417152], [77.4532654, 28.6417783], [77.4532391, 28.6417973], [77.4531901, 28.6418326], [77.4531616, 28.6418532], [77.4530699, 28.6419193], [77.4529516, 28.6420046], [77.4528643, 28.6420675], [77.4527704, 28.6421353], [77.4527143, 28.6421852], [77.4525927, 28.6422634], [77.4525606, 28.6422865], [77.4525319, 28.6423072], [77.452445, 28.6423699], [77.452346, 28.6424412], [77.4522767, 28.6424912], [77.4522063, 28.642542], [77.4521465, 28.6425851], [77.4520661, 28.6426431], [77.4519756, 28.6427083], [77.4519184, 28.6427496], [77.4518671, 28.6427865], [77.451795, 28.6428386], [77.45176, 28.6428638], [77.4516788, 28.6429223], [77.4516344, 28.6429543], [77.4516001, 28.6429791], [77.4515158, 28.6430399], [77.4514381, 28.6430959], [77.4513387, 28.6431675], [77.4512234, 28.6432507], [77.4511245, 28.643322], [77.4510084, 28.6434009], [77.4509811, 28.6434254], [77.4509115, 28.6434756], [77.4508374, 28.643529], [77.4507707, 28.6435771], [77.4507448, 28.6435956], [77.4506945, 28.6436314], [77.4506457, 28.6436661], [77.4505918, 28.6437044], [77.4505737, 28.6437172], [77.4505008, 28.643769], [77.4503848, 28.6438515], [77.4502866, 28.6439213], [77.4502296, 28.6439618], [77.450174, 28.6440013]], [[77.450174, 28.6440013], [77.4500934, 28.6440586], [77.449796, 28.6442675]], [[77.449796, 28.6442675], [77.4497081, 28.6443324], [77.4496136, 28.6443996], [77.449516, 28.644469], [77.4493826, 28.6445638], [77.4492801, 28.6446367], [77.4491403, 28.6447361], [77.4490232, 28.6448193], [77.4488922, 28.6449124], [77.4487934, 28.6449826], [77.4486637, 28.6450748], [77.448534, 28.645167], [77.4483892, 28.6452699], [77.4483008, 28.6453327], [77.448241, 28.6453752], [77.4481437, 28.6454443], [77.4479867, 28.645556], [77.4478401, 28.6456602], [77.4477181, 28.6457469], [77.4475657, 28.6458552], [77.4474717, 28.645922], [77.4473818, 28.6459861], [77.4472486, 28.6460811], [77.4471471, 28.6461534], [77.4470814, 28.6462003], [77.4469879, 28.6462669], [77.4468739, 28.6463482], [77.4467659, 28.6464253], [77.4466528, 28.6465058], [77.4465477, 28.6465808], [77.4464701, 28.6466361], [77.4463583, 28.6467159], [77.4462467, 28.6467954], [77.4461168, 28.646888], [77.4459807, 28.6469851], [77.4458772, 28.6470589], [77.445785, 28.6471246], [77.4456928, 28.6471904], [77.4455844, 28.6472676], [77.4454798, 28.6473421], [77.4453824, 28.6474116], [77.4452855, 28.6474807], [77.4451886, 28.6475499], [77.4450992, 28.6476135], [77.4450243, 28.647667], [77.4449605, 28.6477125], [77.4448966, 28.647758], [77.4448037, 28.6478243], [77.4447086, 28.6478921], [77.4446148, 28.6479589]], [[77.4446148, 28.6479589], [77.4445723, 28.6479892], [77.4445605, 28.6479976], [77.4445093, 28.6480374]], [[77.4445093, 28.6480374], [77.444458, 28.6480707], [77.4443554, 28.6481438], [77.4442484, 28.6482201], [77.4441567, 28.6482855], [77.4440124, 28.6483856], [77.4439831, 28.6484093], [77.4438969, 28.6484707], [77.4437999, 28.6485399], [77.4436964, 28.6486137], [77.4436021, 28.648681], [77.4435583, 28.6487126], [77.4434969, 28.648756], [77.4433926, 28.6488304], [77.4433091, 28.6488899], [77.4432219, 28.6489521], [77.4431079, 28.6490334], [77.4429817, 28.6491233], [77.442841, 28.6492236], [77.4427277, 28.6493042], [77.4426064, 28.6493909], [77.4424866, 28.6494763], [77.4423814, 28.6495513], [77.4422764, 28.6496261], [77.4421671, 28.649704], [77.4420739, 28.6497706], [77.4420579, 28.649782], [77.4419774, 28.6498394], [77.441897, 28.6498967], [77.4417999, 28.6499659], [77.4416667, 28.6500609], [77.4415777, 28.6501243], [77.4414627, 28.6502064], [77.4413348, 28.6502976], [77.4412353, 28.6503685], [77.4411416, 28.6504353], [77.4410622, 28.6504919], [77.4409664, 28.6505602], [77.4408706, 28.6506285], [77.4407495, 28.6507148], [77.4406101, 28.6508142], [77.4405293, 28.6508718], [77.4404687, 28.650915], [77.4403541, 28.6509968], [77.4402442, 28.6510751], [77.4401659, 28.6511309], [77.4401313, 28.6511556], [77.4400259, 28.6512307], [77.439926, 28.6513019], [77.4397935, 28.6513964], [77.4397356, 28.6514377], [77.4396759, 28.6514803], [77.4395914, 28.6515405], [77.4395103, 28.6515983], [77.4394072, 28.6516718], [77.4392903, 28.6517562], [77.4392026, 28.6518203], [77.4391662, 28.6518469], [77.4389472, 28.6520141], [77.4388761, 28.6520613], [77.4387802, 28.6521274], [77.4386004, 28.6522581], [77.4383658, 28.6524285], [77.4381805, 28.6525547], [77.4381298, 28.652594], [77.4380046, 28.6526911], [77.4378071, 28.6528346], [77.4376094, 28.6529783], [77.437374, 28.6531493], [77.4371398, 28.6533195], [77.4369645, 28.6534575], [77.4365037, 28.6537655], [77.4347468, 28.6549401], [77.4336915, 28.6556823], [77.4336291, 28.6557261], [77.433523, 28.6558412], [77.4334, 28.6559504], [77.4333805, 28.6559637], [77.4319444, 28.6569404], [77.4318769, 28.6569941], [77.4307124, 28.6578311], [77.4304516, 28.6580186], [77.4301179, 28.658251], [77.4297019, 28.6585436], [77.4288033, 28.6591756], [77.4282733, 28.65957], [77.4278967, 28.6598403], [77.4272283, 28.6603203], [77.4270075, 28.6604708], [77.4268564, 28.6605738]], [[78.018675, 27.9393455], [78.0186662, 27.9393806], [78.0186456, 27.9394747], [78.0182716, 27.9409488], [78.0180263, 27.9415506], [78.0175744, 27.9423103], [78.0171093, 27.9430707], [78.0164586, 27.9440995]], [[78.0164586, 27.9440995], [78.0161159, 27.9446289], [78.0152694, 27.9459364], [78.0145993, 27.9469715], [78.0140472, 27.9478286], [78.0120808, 27.9509085], [78.0097488, 27.954635], [78.0094997, 27.9550133], [78.0092991, 27.9553178], [78.0092553, 27.9553844], [78.008502, 27.9565183], [78.0073051, 27.9584088], [78.0070693, 27.9587812], [78.0052053, 27.9617253], [78.0037378, 27.9640432], [78.0036078, 27.9642411], [78.0031352, 27.9649604], [78.0030689, 27.9650614], [78.0003248, 27.9692384], [77.9994546, 27.9705631], [77.9980092, 27.9727632], [77.9960959, 27.9756731], [77.9956414, 27.9763643], [77.9950823, 27.9772146], [77.9943705, 27.978297], [77.993664, 27.9793506], [77.9934779, 27.979617], [77.992993, 27.980321], [77.9926262, 27.9808535], [77.9926169, 27.9808702], [77.9923535, 27.9813441], [77.9921447, 27.9817569], [77.9904592, 27.9850901], [77.9889197, 27.9881343], [77.9882228, 27.9894865], [77.9881138, 27.9896605], [77.9874715, 27.9906859], [77.9873802, 27.9908317], [77.9871887, 27.9912119], [77.9870271, 27.9915646], [77.9855301, 27.9962088], [77.9845591, 27.9992211], [77.9843753, 27.9997879], [77.9843628, 27.9998265], [77.9834958, 28.002511], [77.9833461, 28.0030348], [77.9832439, 28.0035176], [77.9832181, 28.0041305], [77.9832289, 28.0042649], [77.9832608, 28.0046021], [77.9832785, 28.0047008], [77.983356, 28.0051938], [77.983629, 28.0067068], [77.9836306, 28.0067197], [77.9836935, 28.0072368], [77.9836814, 28.0076812], [77.9836221, 28.0080609], [77.983583, 28.0082896], [77.9835775, 28.0083214], [77.98346, 28.0086755], [77.9831242, 28.009331], [77.9826343, 28.0099742], [77.9825833, 28.0100297], [77.9796091, 28.0132654], [77.9793754, 28.0135197], [77.9791772, 28.0137353], [77.9787173, 28.0142665], [77.9784863, 28.0147194], [77.9783699, 28.0151552], [77.9783606, 28.0156564], [77.9784368, 28.016142], [77.9786145, 28.0166014], [77.9786318, 28.0166159]], [[77.9786318, 28.0166159], [77.9788786, 28.0172228]], [[77.9788786, 28.0172228], [77.9790025, 28.0175124], [77.9791197, 28.0179067], [77.9791859, 28.0183154], [77.9791895, 28.018591], [77.9791549, 28.0189247], [77.9790197, 28.0193777], [77.97877, 28.0198506], [77.9784895, 28.0202554], [77.9781861, 28.0205579], [77.9777305, 28.0208726], [77.9772968, 28.0211128], [77.9767323, 28.0214013], [77.9760459, 28.0217795], [77.9756736, 28.0220063], [77.9752627, 28.0223083], [77.9752254, 28.0223357], [77.9748051, 28.0227304], [77.9742891, 28.0233259], [77.9721546, 28.0264765], [77.9716018, 28.027444], [77.9712987, 28.0282514], [77.9711773, 28.0287853], [77.9711485, 28.0293144], [77.9711324, 28.0295252]], [[77.9711324, 28.0295252], [77.9711378, 28.0297761]], [[77.9711378, 28.0297761], [77.9712048, 28.0303799], [77.9713148, 28.0308747], [77.9715455, 28.0314997], [77.9717761, 28.0319519], [77.9723796, 28.0328255], [77.9728437, 28.033318], [77.9741338, 28.0347645], [77.9747394, 28.0354688], [77.9752737, 28.0360903], [77.9756493, 28.0365804], [77.9759041, 28.0370515], [77.9761079, 28.0376883], [77.9762957, 28.0385619], [77.9765528, 28.0394598], [77.976644, 28.0398954], [77.9767057, 28.0404446], [77.9767674, 28.0412424], [77.9767486, 28.041981], [77.9766923, 28.0428072], [77.9766172, 28.0431978], [77.9765421, 28.0435197], [77.9764885, 28.0437872], [77.976231, 28.0446797], [77.9758823, 28.045558], [77.9753914, 28.0464575], [77.9748711, 28.0472837], [77.9738653, 28.0488152], [77.9730821, 28.050032], [77.9725433, 28.0506965], [77.9720873, 28.051241], [77.9716957, 28.0516481], [77.9712075, 28.0520505], [77.9704833, 28.0525168], [77.9690457, 28.053414], [77.9686085, 28.0536767], [77.968072, 28.0539276], [77.967675, 28.054072], [77.9671627, 28.0542211], [77.9665029, 28.0543348], [77.9650302, 28.0544794], [77.9643089, 28.0545502], [77.961109, 28.0548792], [77.9581157, 28.0551538], [77.9566324, 28.0553076], [77.9560155, 28.0553999], [77.955361, 28.055542], [77.9547427, 28.0557372], [77.9542425, 28.055923], [77.95395, 28.0560539], [77.9538697, 28.0560934], [77.95358, 28.0562284], [77.9530919, 28.056503], [77.9525769, 28.0568272], [77.9520646, 28.0572486], [77.9511634, 28.0580522], [77.9509721, 28.058223], [77.949774, 28.0592936], [77.9471345, 28.0615912], [77.9459332, 28.0627138], [77.9445859, 28.0639718], [77.9421706, 28.066199], [77.9413602, 28.0669347], [77.9399444, 28.0682202], [77.9390028, 28.0690622], [77.9370154, 28.0708614], [77.9369564, 28.0709182]], [[77.9369564, 28.0709182], [77.936664, 28.0712449], [77.9365084, 28.0714413]], [[77.9365084, 28.0714413], [77.9362402, 28.0719075], [77.9360739, 28.0722815], [77.9359505, 28.0727122], [77.9358728, 28.073318], [77.9358379, 28.0743996], [77.9358, 28.076801], [77.9358352, 28.0781695], [77.9358728, 28.0792771], [77.935848, 28.0800758], [77.9357286, 28.0851849], [77.9357123, 28.0859301], [77.9356837, 28.0872318]], [[77.9356837, 28.0872318], [77.9357025, 28.0874922]], [[77.9357025, 28.0874922], [77.9357002, 28.0875983], [77.935683, 28.0883842], [77.9355649, 28.0934811], [77.9355613, 28.0936596], [77.9354925, 28.0970823], [77.9354063, 28.0999206], [77.9353825, 28.1007024], [77.9353795, 28.1008352], [77.9353759, 28.1009905], [77.9353377, 28.1026616], [77.9353114, 28.1038073], [77.935294, 28.1045685], [77.9352511, 28.1062932], [77.9351787, 28.1068374], [77.9351251, 28.1070905], [77.9348515, 28.1079068], [77.9345333, 28.1087883], [77.9337089, 28.1110723], [77.933273, 28.1122347], [77.9331402, 28.1125887], [77.9327272, 28.1134759], [77.9323677, 28.1140886], [77.9319171, 28.1146659], [77.9302032, 28.116866], [77.9286989, 28.1188415], [77.9278992, 28.1198916], [77.9275868, 28.1203022], [77.926432, 28.1218196], [77.9247449, 28.1239959], [77.9240569, 28.1249604]], [[78.7524958, 27.5086176], [78.7518655, 27.5090208], [78.7512617, 27.5093921], [78.751173, 27.5094466], [78.749392, 27.5106028], [78.7487708, 27.5110079], [78.7485714, 27.5111379], [78.74682, 27.5122678], [78.7456768, 27.5130104], [78.7447402, 27.5136292], [78.7432362, 27.5146272], [78.7426212, 27.5150352], [78.7410973, 27.5160483], [78.7410359, 27.5160891], [78.7395794, 27.5170597], [78.7386112, 27.5177043], [78.7374842, 27.5184538], [78.7362531, 27.5192888], [78.7345741, 27.5204043], [78.7335416, 27.5211024], [78.732469, 27.5218099], [78.7312534, 27.5226214], [78.7302475, 27.5233017], [78.7283546, 27.5245626], [78.7274681, 27.5251584], [78.7271824, 27.5253511], [78.7270803, 27.5254183], [78.7268968, 27.525539], [78.7264998, 27.5258102], [78.7261511, 27.5260563], [78.7254889, 27.5265316], [78.7249106, 27.5269578], [78.7243859, 27.5273594], [78.7231468, 27.5283582], [78.7219896, 27.5293391], [78.7208146, 27.5303382], [78.7184061, 27.5324026], [78.7175923, 27.533091], [78.7166199, 27.5339147], [78.7162712, 27.5342101], [78.7154496, 27.5349054], [78.715347, 27.5349905], [78.7152609, 27.5350566], [78.7149523, 27.5352727], [78.7146269, 27.5354823], [78.7120253, 27.5370579]], [[78.7642126, 27.5010847], [78.7615874, 27.5028487], [78.7557817, 27.5064296], [78.7545874, 27.5071842], [78.7532307, 27.5081311], [78.7526352, 27.5085253], [78.7524958, 27.5086176]], [[78.7729211, 27.4955984], [78.7719579, 27.4962025], [78.7719185, 27.4962267], [78.7708732, 27.496868], [78.7697999, 27.4975298], [78.7684416, 27.4983893], [78.766422, 27.4996894], [78.7649317, 27.5006305], [78.7642126, 27.5010847]], [[78.7821814, 27.4904558], [78.779725, 27.491468], [78.77906, 27.4917641], [78.7787472, 27.4919089], [78.7783306, 27.4921335], [78.7775077, 27.4926345], [78.7770313, 27.4929162], [78.7753688, 27.4940002], [78.7729211, 27.4955984]], [[78.8182983, 27.4767341], [78.8175095, 27.4769174], [78.816387, 27.4771867], [78.8151943, 27.4774729], [78.8150457, 27.4775086], [78.8137323, 27.4779049], [78.8133604, 27.4780221], [78.8129282, 27.4781659], [78.8119595, 27.478524], [78.8104478, 27.4791124], [78.8087128, 27.479808], [78.8086906, 27.4798169], [78.8067166, 27.4805997], [78.805856, 27.4809423], [78.805174, 27.4812138], [78.8034656, 27.4819038], [78.8029586, 27.4821037], [78.8018396, 27.482556], [78.8003858, 27.4831461], [78.7995438, 27.4834863], [78.7969078, 27.4845474], [78.7964341, 27.4847333], [78.7956282, 27.4850495], [78.7930177, 27.4861086], [78.7916336, 27.4866684], [78.7897222, 27.487455], [78.7886901, 27.4878498], [78.7855824, 27.4890914], [78.7854548, 27.4891369], [78.7838394, 27.4897895], [78.7828019, 27.4902064], [78.7821814, 27.4904558]], [[78.8236374, 27.4729523], [78.8231502, 27.4734973], [78.8222359, 27.4745417], [78.8219689, 27.4748353], [78.821824, 27.4749896], [78.8215718, 27.4752321], [78.8211569, 27.4755744], [78.8209439, 27.4757288], [78.8206451, 27.4759109], [78.8203597, 27.4760602], [78.8200794, 27.4761935], [78.8198702, 27.4762827], [78.8196752, 27.4763612], [78.8194598, 27.4764372], [78.8190536, 27.4765565], [78.8182983, 27.4767341]], [[78.8267474, 27.4697765], [78.8263589, 27.4700804], [78.8253879, 27.4710091], [78.8237972, 27.4727757], [78.8236374, 27.4729523]], [[78.8268346, 27.4697147], [78.8267474, 27.4697765]], [[78.8281388, 27.46899], [78.8280157, 27.4690428], [78.827719, 27.4691865], [78.8271539, 27.4695132], [78.8268346, 27.4697147]], [[78.8282682, 27.4689341], [78.8281388, 27.46899]], [[78.8398177, 27.4667775], [78.8382599, 27.4670109], [78.8373747, 27.4671539], [78.8368695, 27.4672407], [78.8367327, 27.4672619], [78.8357129, 27.4674203], [78.8331349, 27.4678304], [78.8300381, 27.4683635], [78.8297469, 27.4684256], [78.8294533, 27.4685088], [78.829202, 27.4685787], [78.829021, 27.46864], [78.8286078, 27.4687939], [78.8282682, 27.4689341]], [[78.8468854, 27.4635782], [78.8453198, 27.4649447], [78.8447661, 27.4653486], [78.8446364, 27.4654345], [78.8444567, 27.465544], [78.843885, 27.4658421], [78.8436775, 27.4659414], [78.8434833, 27.4660203], [78.8433038, 27.4660812], [78.842881, 27.4662142], [78.8426024, 27.4662989], [78.8423591, 27.4663505], [78.8414083, 27.4665292], [78.8405114, 27.4666665], [78.8398177, 27.4667775]], [[78.8846627, 27.4441164], [78.8839088, 27.4443973], [78.8819291, 27.4451508], [78.881623, 27.4452663], [78.8812479, 27.4454078], [78.879403, 27.4461044], [78.8787289, 27.4463707], [78.8783463, 27.4465309], [78.8779173, 27.4467153], [78.8774869, 27.4469178], [78.8769365, 27.4471767], [78.8759595, 27.4476322], [78.8751218, 27.4480146], [78.8746639, 27.4482363], [78.873788, 27.4486474], [78.873412, 27.4488239], [78.8728555, 27.4490845], [78.8714927, 27.4497237], [78.8700975, 27.4503833], [78.8697407, 27.4505546], [78.8665818, 27.4520491], [78.8662491, 27.4522038], [78.8657036, 27.4524626], [78.8650471, 27.4527741], [78.8642406, 27.4531607], [78.864056, 27.4532453], [78.86255, 27.4539558], [78.8604547, 27.4549521], [78.8592828, 27.4555172], [78.858599, 27.4558385], [78.8575425, 27.4563453], [78.8571745, 27.4565145], [78.8560424, 27.4570412], [78.8557535, 27.457176], [78.8551878, 27.4574453], [78.8537217, 27.4581433], [78.8534229, 27.4582856], [78.8528757, 27.4585541], [78.8524519, 27.4587936], [78.8522668, 27.4589152], [78.8521583, 27.4589884], [78.8519826, 27.4591172], [78.8514047, 27.4596085], [78.8511691, 27.4598151], [78.8505329, 27.4603785], [78.849601, 27.4612185], [78.8494439, 27.461365], [78.8492252, 27.4615638], [78.8489916, 27.4617699], [78.8485698, 27.4621514], [78.847969, 27.4626869], [78.8468854, 27.4635782]], [[78.8917721, 27.4413625], [78.8913953, 27.4415309], [78.8905736, 27.4418606], [78.8882466, 27.4427611], [78.8858747, 27.4436595], [78.8846627, 27.4441164]], [[78.8955861, 27.4392386], [78.8947632, 27.4396882], [78.8945452, 27.4398088], [78.8940781, 27.4400733], [78.8935847, 27.4403501], [78.8926479, 27.4409087], [78.8925577, 27.4409609], [78.8922531, 27.441125], [78.8921387, 27.4411845], [78.8920183, 27.4412433], [78.8917721, 27.4413625]], [[78.8959535, 27.4390339], [78.8955861, 27.4392386]], [[78.9464976, 27.4096831], [78.945549, 27.4102143], [78.9443736, 27.4108645], [78.9436102, 27.4112868], [78.9429384, 27.4116558], [78.9416092, 27.4123868], [78.94018, 27.413165], [78.9389435, 27.4138406], [78.938385, 27.4141463], [78.9370425, 27.4148811], [78.9366831, 27.4150823], [78.9358677, 27.4155394], [78.9348653, 27.4161008], [78.9346874, 27.4162183], [78.9345333, 27.4163228], [78.9343683, 27.4164263], [78.9328288, 27.4172775], [78.9312865, 27.418143], [78.9307179, 27.4184715], [78.9300285, 27.4188406], [78.9291836, 27.4193072], [78.9289825, 27.4194179], [78.9287739, 27.4195394], [78.9280517, 27.4199739], [78.9273235, 27.420437], [78.9264853, 27.4209643], [78.9251643, 27.4218012], [78.923748, 27.4226985], [78.9237134, 27.4227209], [78.9233863, 27.4229324], [78.9226504, 27.4234083], [78.9225733, 27.4234582], [78.9214092, 27.4241844], [78.9207306, 27.4246153], [78.9195357, 27.4253783], [78.9190017, 27.425717], [78.918009, 27.4263465], [78.91773, 27.4265218], [78.9176514, 27.4265536], [78.9175139, 27.4266473], [78.9171707, 27.4268504], [78.9167561, 27.4271073], [78.9159711, 27.4275877], [78.9155821, 27.4278305], [78.9149599, 27.4282364], [78.9134297, 27.4292268], [78.9122173, 27.4300136], [78.9115636, 27.4304272], [78.9109915, 27.4307802], [78.9108843, 27.4308468], [78.9094426, 27.4316527], [78.9078862, 27.4325067], [78.907726, 27.4325918], [78.9075778, 27.4326781], [78.9071137, 27.4329489], [78.9063855, 27.4333601], [78.9050464, 27.4341184], [78.903979, 27.4347117], [78.9023427, 27.4356092], [78.9008622, 27.4364138], [78.8996834, 27.4370613], [78.8988948, 27.4374922], [78.8984533, 27.4377432], [78.8978139, 27.4380623], [78.8973843, 27.4382896], [78.8959535, 27.4390339]], [[78.9622754, 27.4021337], [78.9619773, 27.4022042], [78.9619094, 27.4022214], [78.961822, 27.4022507], [78.9611537, 27.402481], [78.9602169, 27.4028164], [78.9599774, 27.4028983], [78.9590565, 27.4032131], [78.9585056, 27.4034105], [78.9583736, 27.403457], [78.9579718, 27.4035983], [78.95711, 27.403905], [78.9564852, 27.4041287], [78.9564146, 27.4041557], [78.9562764, 27.4042129], [78.955917, 27.4043676], [78.9558567, 27.4043962], [78.955795, 27.4044272], [78.9552898, 27.4047028], [78.9550905, 27.4048115], [78.9544539, 27.4051682], [78.953973, 27.4054344], [78.9527623, 27.4061052], [78.9525535, 27.4062211], [78.951562, 27.4067716], [78.9514845, 27.4068152], [78.9508391, 27.4071789], [78.9501555, 27.4075531], [78.9501105, 27.4075777], [78.9491255, 27.4081166], [78.9486385, 27.408383], [78.9473099, 27.4091173], [78.9466121, 27.4095024], [78.9462619, 27.4096982], [78.9459106, 27.4099153], [78.945108, 27.4103786], [78.9446868, 27.4106181], [78.9445956, 27.4106767], [78.9445005, 27.4107473], [78.9444522, 27.410788], [78.9443736, 27.4108645]], [[78.9944283, 27.3745592], [78.9942502, 27.3746026], [78.9941246, 27.3746356], [78.9940255, 27.3746654], [78.9932699, 27.3749656], [78.9931536, 27.3750169], [78.9923364, 27.375422], [78.9902524, 27.3764535], [78.9899449, 27.3766164], [78.9897927, 27.3766997], [78.9896918, 27.3767562], [78.9895539, 27.3768395], [78.9894584, 27.3769024], [78.9891841, 27.3771004], [78.9891115, 27.3771585], [78.9889965, 27.3772497], [78.9889186, 27.3773125], [78.9888051, 27.377404]], [[79.0560025, 27.3402243], [79.0553458, 27.3405492], [79.0545474, 27.3409442], [79.0541943, 27.3411136], [79.0540176, 27.341198], [79.0524752, 27.3418948], [79.0500699, 27.3429433], [79.048891, 27.3434524], [79.0469841, 27.3443151], [79.0464154, 27.3445926], [79.0459673, 27.3448186], [79.0438309, 27.3458752], [79.0412662, 27.3471371], [79.0384631, 27.3485233], [79.0369103, 27.3492864], [79.0354834, 27.3499869], [79.0344051, 27.3505217], [79.0341489, 27.3506717], [79.0340615, 27.3507286], [79.0338227, 27.3508964], [79.0337217, 27.350974], [79.0336441, 27.351035], [79.0335374, 27.3511188], [79.0333491, 27.3512791], [79.0329036, 27.3516694], [79.0313708, 27.3530053], [79.0307877, 27.3535251], [79.0296837, 27.3544873], [79.0295653, 27.3545838], [79.0294819, 27.3546511], [79.0293541, 27.3547484], [79.0291794, 27.3548794], [79.0290105, 27.3549967], [79.0288863, 27.3550794], [79.0278517, 27.3557341], [79.0269791, 27.3562904], [79.0261076, 27.3568386], [79.0253048, 27.3573578], [79.0231714, 27.3587165], [79.0213318, 27.3598851], [79.0200869, 27.3606766], [79.0190513, 27.3613373], [79.0173929, 27.3623882], [79.0154282, 27.3636361], [79.0134436, 27.364909], [79.011654, 27.3661018], [79.0115065, 27.3661914], [79.0114017, 27.36625], [79.0112076, 27.3663552], [79.0110853, 27.3664207], [79.0109553, 27.3664879], [79.0084951, 27.3676922], [79.0047986, 27.3695011], [79.002854, 27.3704584], [79.0002626, 27.3717171], [78.9984423, 27.3725976], [78.9966777, 27.3734607], [78.9944283, 27.3745592]], [[79.0658268, 27.3356963], [79.064963, 27.3363051], [79.0647631, 27.3364344], [79.0645515, 27.3365586], [79.0642449, 27.336723], [79.0640003, 27.3368437], [79.0637713, 27.3369454], [79.0635737, 27.3370212], [79.0633603, 27.3370945], [79.0631965, 27.3371494], [79.0612563, 27.3377926], [79.0605805, 27.3380166], [79.0603087, 27.3381166], [79.0601146, 27.3381942], [79.0599342, 27.338271], [79.0598255, 27.3383244], [79.0594858, 27.3385038], [79.0593946, 27.3385538], [79.0584803, 27.3391088], [79.0581152, 27.3393118], [79.0579852, 27.3393807], [79.0578552, 27.3394428], [79.0577368, 27.3394928], [79.0566547, 27.3399417], [79.0564354, 27.3400348], [79.0560025, 27.3402243]], [[79.1111561, 27.3093097], [79.1108171, 27.3095805], [79.1096673, 27.3104924], [79.1094931, 27.3106297], [79.1092431, 27.3108269], [79.108774, 27.3111763], [79.1085128, 27.311371], [79.1083232, 27.311505], [79.107357, 27.312148], [79.1072561, 27.3122118], [79.1069563, 27.3123983], [79.1062716, 27.3128241], [79.1055863, 27.3132518], [79.1053787, 27.313369], [79.1051826, 27.3134725], [79.1049429, 27.3135951], [79.1038179, 27.314138], [79.1015273, 27.3152438], [79.0990332, 27.3164924], [79.0981153, 27.3169519], [79.0967243, 27.3176293], [79.0950522, 27.3184537], [79.0934508, 27.3192433], [79.089899, 27.3209865], [79.0879712, 27.3219576], [79.0864158, 27.3227658], [79.0848996, 27.3235245], [79.0830736, 27.3244257], [79.0804771, 27.3257284], [79.0790295, 27.3264859], [79.0781724, 27.3269431], [79.0775124, 27.3272952], [79.0771028, 27.3275211], [79.0769631, 27.3276056], [79.0765979, 27.327831], [79.0764465, 27.3279293], [79.0763592, 27.3279896], [79.0753976, 27.3286861], [79.0751902, 27.3288372], [79.0735203, 27.3300382], [79.0729209, 27.3304656], [79.0720533, 27.3310932], [79.0718936, 27.3312092], [79.070558, 27.3321779], [79.0692378, 27.3331438], [79.0680713, 27.3340114], [79.0669183, 27.3348894], [79.0661202, 27.3354811], [79.0658931, 27.3356495], [79.0658268, 27.3356963]], [[79.1115765, 27.3089739], [79.1111561, 27.3093097]], [[79.1590589, 27.2693965], [79.1581367, 27.2701909], [79.1565643, 27.2715743], [79.1555779, 27.2724322], [79.1548319, 27.2730857], [79.1540499, 27.2737907], [79.1529627, 27.2747901], [79.1520265, 27.2756411], [79.1506591, 27.2768853], [79.149775, 27.2777194], [79.1482014, 27.279208], [79.1473603, 27.2799897], [79.1472751, 27.2800594], [79.14654, 27.2806612], [79.1464017, 27.2807811], [79.1461427, 27.281006], [79.1457133, 27.2813685], [79.1446448, 27.2822755], [79.1444959, 27.2824053], [79.1444172, 27.2824727], [79.1426612, 27.2840233], [79.1423325, 27.2843054], [79.1422145, 27.2844028], [79.1399734, 27.2862344], [79.1388395, 27.2871342], [79.1387159, 27.2872341], [79.1379694, 27.2878424], [79.1377802, 27.2879916], [79.1373934, 27.288286], [79.1368813, 27.2886757], [79.1362318, 27.2892045], [79.1349518, 27.2901972], [79.1334822, 27.2913704], [79.1320191, 27.2925249], [79.1302498, 27.2939342], [79.128366, 27.2954411], [79.1265087, 27.2969309], [79.1246327, 27.2984782], [79.1237556, 27.2992272], [79.1225237, 27.3002161], [79.1215925, 27.300966], [79.1196889, 27.3024721], [79.1185824, 27.3033536], [79.1177257, 27.304032], [79.1176101, 27.3041235], [79.1164815, 27.3050262], [79.115994, 27.3054176], [79.1150477, 27.3061473], [79.1148962, 27.3062745], [79.1136167, 27.3073304], [79.1123, 27.308396], [79.1117685, 27.3088205], [79.1115765, 27.3089739]], [[78.2831547, 27.7972514], [78.2832819, 27.7973038]], [[78.2931485, 27.7795188], [78.2932727, 27.7795727]], [[78.3149905, 27.7544712], [78.314537, 27.7549156], [78.3135911, 27.7558421], [78.3112616, 27.7581014], [78.3081922, 27.7610838], [78.306318, 27.7628898], [78.3044806, 27.7646572], [78.3043097, 27.7648216], [78.3038719, 27.765232]], [[78.3038719, 27.765232], [78.3023298, 27.7666778], [78.3016556, 27.7673412]], [[78.3016556, 27.7673412], [78.3013951, 27.7675975], [78.3002971, 27.7686779], [78.2987322, 27.7702015], [78.2984845, 27.7704489], [78.2982473, 27.7707057], [78.2981022, 27.7709093], [78.2978545, 27.7713007], [78.2972139, 27.7724218], [78.2955115, 27.7753152], [78.2940003, 27.7780208], [78.2931485, 27.7795188], [78.2925599, 27.780554], [78.2909283, 27.783466], [78.2887508, 27.7873196], [78.2874979, 27.7895301], [78.2865352, 27.7908514], [78.2860751, 27.7915277], [78.285792, 27.7921539], [78.2854735, 27.7930994], [78.2845037, 27.7948903], [78.2833358, 27.7969191], [78.2831547, 27.7972514], [78.2827624, 27.797971], [78.282543, 27.7983154], [78.2823165, 27.7986159], [78.2818918, 27.7990605], [78.2809855, 27.7999163], [78.2802293, 27.8005996], [78.2792943, 27.8014814], [78.2786401, 27.8020984], [78.2778898, 27.8027777], [78.2772422, 27.8032004], [78.2764918, 27.8035479], [78.274517, 27.804343]], [[78.274517, 27.804343], [78.2741524, 27.8045246], [78.2738198, 27.8047876]], [[78.2738198, 27.8047876], [78.2736817, 27.8049159], [78.273526, 27.8050819], [78.2731969, 27.8055201], [78.2725173, 27.8065188], [78.2724275, 27.8066178]], [[78.2724275, 27.8066178], [78.272348, 27.8067054]], [[78.272348, 27.8067054], [78.2720997, 27.806979], [78.2716361, 27.8073546], [78.2709388, 27.807868], [78.2705248, 27.8081279], [78.2702876, 27.8082249], [78.2698063, 27.8083658], [78.2693285, 27.8084096], [78.269194, 27.8084127], [78.2688826, 27.8083877], [78.2684402, 27.8083219], [78.2675837, 27.8081748], [78.2671767, 27.8080903], [78.2664476, 27.8079682], [78.2660512, 27.8079463], [78.2658855, 27.8079463], [78.2655876, 27.8079463], [78.2650319, 27.8079807], [78.2644412, 27.8080865], [78.264177, 27.8081476], [78.2634649, 27.8083717], [78.2632053, 27.8084533], [78.2614247, 27.8090898], [78.2596113, 27.8097287], [78.2589447, 27.8099636], [78.2576438, 27.8104167], [78.2571071, 27.8106037], [78.2565827, 27.8107475], [78.2560217, 27.8108518], [78.2544687, 27.8109776], [78.2528831, 27.8110783], [78.2519155, 27.8111502], [78.2513481, 27.8112339], [78.2511594, 27.8112617], [78.2504072, 27.8114523], [78.2498665, 27.8116429], [78.2489599, 27.8120384], [78.2475451, 27.8126738], [78.2469028, 27.8128942], [78.2461629, 27.8131244], [78.2457674, 27.8132065]], [[78.2457674, 27.8132065], [78.2453661, 27.8132898], [78.2452137, 27.8133166]], [[78.2452137, 27.8133166], [78.2438944, 27.8135487], [78.2431463, 27.8136997], [78.2414266, 27.814142], [78.2406947, 27.814334]], [[78.2406947, 27.814334], [78.2404953, 27.8143863], [78.2400458, 27.8145042]], [[78.2400458, 27.8145042], [78.2395077, 27.8146454], [78.2387644, 27.8148528]], [[78.2387644, 27.8148528], [78.2384385, 27.8149438]], [[78.2384385, 27.8149438], [78.2369912, 27.8153537], [78.2358569, 27.8156702], [78.2352674, 27.8158391], [78.2346495, 27.8160261], [78.2342877, 27.816152], [78.2336982, 27.816436], [78.2334792, 27.8165645]], [[78.2334792, 27.8165645], [78.2327614, 27.8169855], [78.2325114, 27.8171848], [78.2315362, 27.8180019], [78.2306593, 27.8187134], [78.2297799, 27.8194785], [78.2297642, 27.8194921], [78.2280732, 27.8209294], [78.2273465, 27.8215605], [78.2251925, 27.8234], [78.2239019, 27.8244896], [78.2238043, 27.8245774], [78.2236497, 27.824704], [78.2234712, 27.8248436], [78.2221719, 27.8256986], [78.2206583, 27.826637], [78.2201403, 27.826979]], [[78.2201403, 27.826979], [78.2185887, 27.8280021]], [[78.2185887, 27.8280021], [78.2181487, 27.8282692], [78.217846, 27.8284261], [78.2175075, 27.8285671], [78.2171071, 27.8286966], [78.2144901, 27.8294407], [78.2130433, 27.8298884], [78.2127113, 27.8299877], [78.2113832, 27.8303676], [78.2103726, 27.8306843], [78.2087776, 27.8312959], [78.2048114, 27.8328431], [78.2035501, 27.8333281], [78.2030602, 27.8335641], [78.2027445, 27.8337297], [78.202432, 27.8339168], [78.2021049, 27.8341787], [78.2014816, 27.8347184], [78.198181, 27.8374715], [78.1977872, 27.8378356], [78.197447, 27.8380889], [78.1972631, 27.8382141], [78.1970792, 27.8383278], [78.1968107, 27.838489], [78.1963224, 27.838689], [78.1960327, 27.838784], [78.1957609, 27.838856], [78.1955038, 27.8389164], [78.195061, 27.8390083], [78.1942181, 27.8391812]], [[78.1942181, 27.8391812], [78.1932692, 27.8393611], [78.1926947, 27.8395381], [78.1920307, 27.8397741], [78.1907011, 27.8403268], [78.1886699, 27.841137], [78.1849904, 27.8425536]], [[78.1849904, 27.8425536], [78.1844945, 27.8427201], [78.1834343, 27.8431272], [78.1822706, 27.8435791], [78.1818084, 27.8437417], [78.1797383, 27.8445318], [78.1790536, 27.844781], [78.1785404, 27.8449678], [78.1776372, 27.8453261], [78.1772596, 27.8455031], [78.1759185, 27.8462975], [78.1756907, 27.8464385], [78.1751357, 27.846758], [78.1728019, 27.8481222], [78.1721461, 27.8485213], [78.1717993, 27.8487323], [78.1712541, 27.8490474], [78.1709693, 27.849223], [78.1705429, 27.8494777], [78.1701247, 27.8497353], [78.1693597, 27.8501742], [78.1692637, 27.8502173], [78.1688113, 27.850439], [78.1672, 27.8510304], [78.1669882, 27.8511095]], [[78.1669882, 27.8511095], [78.1666075, 27.851252]], [[78.1666075, 27.851252], [78.1658769, 27.851511], [78.1656393, 27.8515873], [78.1654456, 27.8516419], [78.1648044, 27.851806], [78.1635577, 27.8520794], [78.1617252, 27.8524218], [78.1613525, 27.8525024], [78.1610774, 27.8525672], [78.1606998, 27.8526593], [78.1603182, 27.8527593], [78.1598764, 27.8528943], [78.1595671, 27.8529888], [78.1582391, 27.8534277], [78.1560338, 27.854104], [78.1556725, 27.8542162], [78.1554203, 27.8542982], [78.1548962, 27.8544767], [78.1543103, 27.8546781], [78.1509235, 27.8557832], [78.1503408, 27.8559674], [78.1501358, 27.8560249], [78.148453, 27.8565832], [78.145377, 27.8575617], [78.1442784, 27.8578998], [78.1434175, 27.858189], [78.1425254, 27.8584673], [78.141411, 27.8588167], [78.1406905, 27.8590426], [78.1384718, 27.8597517], [78.137886, 27.8599356], [78.1356817, 27.8606495], [78.1352035, 27.860788]], [[78.1352035, 27.860788], [78.1340917, 27.8611623], [78.1339628, 27.8612026], [78.1329112, 27.8615623], [78.1324476, 27.8616868], [78.1315488, 27.8618537], [78.1308767, 27.8619388], [78.1307286, 27.861943], [78.1304888, 27.8619499], [78.1299903, 27.8619067], [78.1299386, 27.8618988]], [[78.1299386, 27.8618988], [78.129866, 27.8618989], [78.1293529, 27.8618533], [78.1287015, 27.8617465], [78.1278054, 27.8615086], [78.1271631, 27.8612766], [78.1259692, 27.8606602]], [[78.3044806, 27.7646572], [78.30458, 27.7647306]], [[78.3227944, 27.7469177], [78.322739, 27.7469865], [78.3215639, 27.7484442], [78.3205888, 27.7496767], [78.3197738, 27.7506815], [78.3190298, 27.7515881], [78.3185707, 27.7521089], [78.3182687, 27.7523706], [78.317859, 27.7526638], [78.3173506, 27.7529391], [78.3163508, 27.7534231], [78.315847, 27.7537121], [78.315581, 27.7539101], [78.3153393, 27.7541296]], [[78.3400489, 27.7255474], [78.3388553, 27.7270432], [78.3374337, 27.7288072], [78.3365889, 27.7298542], [78.3352987, 27.7314568], [78.3345557, 27.7323708], [78.3336143, 27.7335721], [78.3335173, 27.7336907], [78.3319379, 27.7356209], [78.3298029, 27.7382513], [78.3274425, 27.7411713], [78.3272886, 27.7413626], [78.3255339, 27.7435442], [78.3245079, 27.7448108], [78.3236452, 27.7458579], [78.3230853, 27.746556], [78.3229673, 27.7467032], [78.3227944, 27.7469177]], [[78.3401484, 27.7256181], [78.3400489, 27.7255474]], [[78.3444408, 27.7201185], [78.3439894, 27.7206952], [78.3435901, 27.7212053], [78.3424985, 27.7224973], [78.3413378, 27.7239584], [78.3400489, 27.7255474]], [[78.3464584, 27.7176084], [78.3456829, 27.7185789], [78.3446313, 27.7198892], [78.3445303, 27.7200165], [78.3444408, 27.7201185]], [[78.3465721, 27.7174609], [78.3464584, 27.7176084]], [[78.3471993, 27.7166996], [78.3467038, 27.717292], [78.3465721, 27.7174609]], [[80.0072936, 26.9444185], [80.0074279, 26.9442252], [80.0075463, 26.9440548], [80.008682, 26.9424117], [80.0090948, 26.9417684], [80.0096449, 26.9409112], [80.0098427, 26.9405851]], [[80.0071376, 26.9446431], [80.0072936, 26.9444185]], [[80.0050389, 26.9477259], [80.0058031, 26.9465533], [80.0068831, 26.9450095], [80.0069519, 26.9449105], [80.0071376, 26.9446431]], [[80.0048032, 26.9480876], [80.0050389, 26.9477259]], [[79.9994805, 26.9573819], [79.9999159, 26.9564581], [80.0003545, 26.9553924], [80.0007801, 26.9545062], [80.0010725, 26.9539762], [80.0015891, 26.9531016], [80.0023851, 26.9517694], [80.0030572, 26.9506732], [80.0037594, 26.9496175], [80.0046952, 26.9482534], [80.0048032, 26.9480876]], [[79.9992277, 26.9578422], [79.9994805, 26.9573819]], [[79.9961006, 26.9616302], [79.996141, 26.9615954], [79.997008, 26.9607991], [79.9976546, 26.9600723], [79.9980542, 26.9596205], [79.9984896, 26.9590674], [79.9990224, 26.958216], [79.9992277, 26.9578422]], [[79.9714661, 26.9840363], [79.9716373, 26.9838677], [79.9727879, 26.9827156], [79.97397, 26.9815618], [79.9753195, 26.9802329], [79.9758125, 26.9797936], [79.976478, 26.9793158], [79.9772667, 26.9788436], [79.9785599, 26.9780539], [79.9795551, 26.9774334], [79.9799402, 26.9771259], [79.9808183, 26.9762884], [79.9808942, 26.9762162], [79.9819706, 26.9751928], [79.9832493, 26.9739901], [79.9845587, 26.9726968], [79.9858897, 26.9714254], [79.9865226, 26.9708223], [79.9871123, 26.9702604], [79.9881574, 26.9692644], [79.9888784, 26.968512], [79.9897164, 26.9676909], [79.9899077, 26.9674977], [79.9906191, 26.9667792], [79.9910699, 26.9662986], [79.9912889, 26.9660878], [79.9914492, 26.9659335], [79.9915116, 26.9658734], [79.9915805, 26.9658066], [79.9927766, 26.964646], [79.9930406, 26.9643899], [79.9942628, 26.9632224], [79.9947181, 26.9628021], [79.9952426, 26.9623383], [79.9956276, 26.9620295], [79.9957711, 26.9619143], [79.9961006, 26.9616302]], [[79.9669851, 26.9884134], [79.9683768, 26.9870195], [79.9691655, 26.9862769], [79.9706332, 26.9848567], [79.9714661, 26.9840363]], [[79.9664316, 26.9889451], [79.9669851, 26.9884134]], [[79.9621083, 26.9930173], [79.9624636, 26.9926872], [79.9636315, 26.9915835], [79.9653074, 26.990001], [79.9664316, 26.9889451]], [[79.9601663, 26.9948253], [79.9610058, 26.9940414], [79.9621083, 26.9930173]], [[79.954156, 27.0006921], [79.9544384, 27.0003841], [79.9545139, 27.0003016], [79.9550916, 26.9996825], [79.9558292, 26.9989646], [79.9562352, 26.9985707], [79.9576423, 26.9972057], [79.9582218, 26.9966564], [79.9593268, 26.9956092], [79.9600209, 26.9949611], [79.9601663, 26.9948253]], [[79.9501526, 27.0046086], [79.9505147, 27.0042704], [79.95221, 27.0026727], [79.9532514, 27.0016241], [79.954156, 27.0006921]], [[79.9494708, 27.0052453], [79.9501526, 27.0046086]], [[79.9459707, 27.0086367], [79.9461383, 27.0083794], [79.946248, 27.0082418], [79.9466293, 27.0078653], [79.9480957, 27.006459], [79.9494708, 27.0052453]], [[79.9456557, 27.0091373], [79.9456829, 27.0090785], [79.9459707, 27.0086367]], [[79.9454937, 27.0094869], [79.9456557, 27.0091373]], [[79.9451348, 27.0104934], [79.9453658, 27.009763], [79.9454937, 27.0094869]], [[79.9450651, 27.0107947], [79.9451348, 27.0104934]], [[79.9447861, 27.0143086], [79.9448363, 27.0138678], [79.9449141, 27.0126129], [79.9449516, 27.0119977], [79.9449785, 27.0115544], [79.9450651, 27.0107947]], [[79.9425464, 27.0172478], [79.9432012, 27.0168537], [79.9438301, 27.0162872], [79.9438488, 27.0162704], [79.9442311, 27.0157659], [79.9446416, 27.0149556], [79.9447549, 27.0145836], [79.9447861, 27.0143086]], [[79.9375363, 27.0181166], [79.9378428, 27.0180897], [79.9396584, 27.0178469], [79.9417572, 27.017519], [79.9425464, 27.0172478]], [[79.9366961, 27.0181906], [79.9375363, 27.0181166]], [[79.9360791, 27.0181882], [79.9366961, 27.0181906]], [[79.9348487, 27.0181244], [79.9353508, 27.0181593], [79.9360791, 27.0181882]], [[79.9335791, 27.0178614], [79.9341196, 27.0179982], [79.9348487, 27.0181244]], [[79.9330387, 27.0177245], [79.9335791, 27.0178614]], [[79.9312263, 27.0170218], [79.9315232, 27.0171795], [79.9319786, 27.0173667], [79.9330387, 27.0177245]], [[79.9424744, 27.0170851], [79.9419477, 27.0173092], [79.9410251, 27.0174835], [79.9385957, 27.0178137], [79.9375267, 27.0179485]], [[79.9375267, 27.0179485], [79.9366999, 27.0180185]], [[79.9366999, 27.0180185], [79.9361363, 27.0180356]], [[79.9361363, 27.0180356], [79.9348865, 27.0179662]], [[79.9348865, 27.0179662], [79.9346248, 27.0179377], [79.9336083, 27.0177387]], [[79.9336083, 27.0177387], [79.933127, 27.0176012]], [[79.933127, 27.0176012], [79.9326457, 27.0174637], [79.9320879, 27.0172791], [79.9318071, 27.0171738], [79.9311895, 27.0168724], [79.9307509, 27.0166233], [79.930374, 27.0163899], [79.9295975, 27.0158969], [79.9283112, 27.015005]], [[79.9219812, 27.0118115], [79.922471, 27.0120133], [79.9234401, 27.0124125], [79.9239233, 27.0126037], [79.9240363, 27.0126484], [79.9241871, 27.0127212], [79.9242463, 27.0127497], [79.925151, 27.0131564], [79.9257231, 27.0134539], [79.9267365, 27.0141008], [79.9278636, 27.014834], [79.9280604, 27.014962], [79.9282198, 27.015074]], [[79.9171552, 27.0110857], [79.9172147, 27.0110754], [79.9179786, 27.0108941], [79.9186535, 27.0108307], [79.9189481, 27.0108407], [79.9192711, 27.0108703], [79.9198357, 27.0109594], [79.9204734, 27.0111731], [79.9210971, 27.0114458], [79.9219812, 27.0118115]], [[78.3824115, 27.6833254], [78.3828115, 27.6831867], [78.3828616, 27.6831702], [78.3829518, 27.6831404], [78.3832897, 27.6830641], [78.3834641, 27.6830471], [78.3836296, 27.6830287], [78.3837376, 27.6830102], [78.3838027, 27.6829931], [78.3838559, 27.6829697], [78.3839066, 27.6829456], [78.3839436, 27.6829098], [78.3840691, 27.6827162], [78.3841063, 27.6826722], [78.3841722, 27.6826059], [78.3842567, 27.6825584], [78.3843163, 27.6825412], [78.3843888, 27.6825359], [78.3844605, 27.6825495], [78.3848746, 27.6826747], [78.385931, 27.6830664], [78.3860901, 27.6831245], [78.3865812, 27.6832943], [78.387263, 27.6833816], [78.3881673, 27.6834561], [78.3884746, 27.68347], [78.3888598, 27.6834741], [78.389624, 27.6833964], [78.3900252, 27.6833208], [78.3905883, 27.6832326], [78.3906941, 27.6832152], [78.391913, 27.6830166], [78.392346, 27.6829394], [78.3929356, 27.6828472], [78.3935317, 27.6827464], [78.3940549, 27.6826581], [78.3947169, 27.6825608], [78.3951386, 27.6824913], [78.3952393, 27.682472], [78.3958581, 27.6823737], [78.3965509, 27.6822666], [78.3992426, 27.6817919]], [[78.3816263, 27.683591], [78.3819094, 27.6835016], [78.3821189, 27.6834355], [78.3822678, 27.6833832], [78.3824115, 27.6833254]], [[78.3722014, 27.691882], [78.37229, 27.6917898], [78.3726346, 27.6914395], [78.373045, 27.6909965], [78.3736043, 27.6904491], [78.3736487, 27.6904029], [78.3737679, 27.6902793], [78.3741876, 27.689847], [78.3744813, 27.6895335], [78.3745414, 27.689471], [78.3748636, 27.6891357], [78.3753866, 27.6886096], [78.3757098, 27.6882429], [78.3757728, 27.6881714], [78.3758331, 27.6881118], [78.3762382, 27.6877107], [78.3766566, 27.6872998], [78.3770053, 27.6869126], [78.3770734, 27.6868454], [78.3771327, 27.6867868], [78.377405, 27.6865303], [78.3776879, 27.6862179], [78.3777497, 27.6861611], [78.3779293, 27.6859959], [78.3781841, 27.6857346], [78.3784832, 27.6854306], [78.3785413, 27.6853662], [78.3787125, 27.6851764], [78.378974, 27.6848851], [78.3790921, 27.6847537], [78.3792678, 27.6845708], [78.3794126, 27.6844354], [78.379536, 27.6843309], [78.3796473, 27.6842632], [78.3797452, 27.6842086], [78.3798847, 27.6841516], [78.3800161, 27.6841076], [78.3802186, 27.6840494], [78.3806652, 27.683901], [78.3811466, 27.6837466], [78.3811797, 27.6837355], [78.3813666, 27.683673], [78.3816263, 27.683591]], [[78.3715504, 27.6924572], [78.3716154, 27.6924263], [78.3716704, 27.6923824], [78.371944, 27.6921259], [78.3721378, 27.6919482], [78.3722014, 27.691882]], [[78.3555231, 27.7084744], [78.3559917, 27.7080257], [78.3564353, 27.7075845], [78.3578347, 27.7061928], [78.3586206, 27.7054112], [78.3602423, 27.7038014], [78.3613586, 27.7026932], [78.3614743, 27.7025784], [78.3615568, 27.7024951], [78.3616492, 27.7024017], [78.3628359, 27.7012024], [78.3631965, 27.700838], [78.3633981, 27.7006343], [78.3636024, 27.7004278], [78.3643476, 27.6996747], [78.3648685, 27.6991483], [78.3650467, 27.6989684], [78.3655158, 27.6984951], [78.3660141, 27.6979922], [78.3662478, 27.6977564], [78.3667751, 27.6972242], [78.3671744, 27.6968859], [78.3679581, 27.696065], [78.3683277, 27.6956779], [78.3684846, 27.6955135], [78.3695112, 27.6944861], [78.3696191, 27.6943806], [78.3715504, 27.6924572]], [[78.3555231, 27.7084744], [78.355159, 27.708823], [78.3548175, 27.7092618]], [[78.3548175, 27.7092618], [78.3545223, 27.7094922], [78.3532903, 27.7105301], [78.3530064, 27.710947]], [[78.3530064, 27.710947], [78.3523439, 27.7115957]], [[78.3824115, 27.6833254], [78.3822651, 27.6833452], [78.3820438, 27.683409], [78.3818848, 27.6834579], [78.3816017, 27.6835451]], [[78.3824115, 27.6833254], [78.3822651, 27.6833452], [78.3820438, 27.683409], [78.3818848, 27.6834579], [78.3816017, 27.6835451]], [[78.3816017, 27.6835451], [78.3811588, 27.6836817], [78.3807926, 27.6838], [78.3804251, 27.6839129], [78.3797153, 27.6841367], [78.3795413, 27.6842466], [78.3793909, 27.6843681], [78.379138, 27.6846197], [78.3789264, 27.6848477], [78.3784986, 27.6853166], [78.3777145, 27.6861227], [78.3775916, 27.686241], [78.3772963, 27.6865421], [78.3770308, 27.686815], [78.3770231, 27.6868229], [78.3768122, 27.6870408], [78.3762512, 27.6875943], [78.3757925, 27.6880798], [78.3756522, 27.6882225], [78.3755879, 27.6882833], [78.3746132, 27.6893044], [78.3744948, 27.6894248], [78.3740401, 27.6899112], [78.3735888, 27.6903679], [78.3734131, 27.6905268], [78.3721164, 27.6918443]], [[78.3721164, 27.6918443], [78.3720479, 27.6919087], [78.3716141, 27.6923503], [78.3715752, 27.6924019], [78.3715504, 27.6924572]], [[80.0744768, 26.818802], [80.0740661, 26.8188585], [80.0738977, 26.8188808], [80.0738105, 26.8189601]], [[80.0640578, 26.8388749], [80.0645149, 26.8385792], [80.0648873, 26.8383879], [80.0653035, 26.8381832], [80.0656086, 26.8380887], [80.0658328, 26.8379628], [80.0663152, 26.8375104], [80.0668243, 26.8370873], [80.0676928, 26.8362934], [80.0679618, 26.8360271], [80.0681265, 26.83576], [80.06835, 26.8353185], [80.0685692, 26.8346825], [80.0688172, 26.8340233], [80.0689844, 26.8337256], [80.0695683, 26.832811], [80.0706466, 26.8309836], [80.0711513, 26.830225], [80.0713849, 26.8298311], [80.0715517, 26.8292745], [80.0720303, 26.8276956], [80.0721608, 26.8272426], [80.0724255, 26.8251685], [80.0727555, 26.8228549], [80.0729685, 26.8210294], [80.0730976, 26.8203429], [80.0731553, 26.8200625], [80.0732107, 26.8198664], [80.0732996, 26.8195715], [80.073379, 26.8193102], [80.0734342, 26.8191573], [80.0735375, 26.8190889], [80.0736174, 26.8190446], [80.0738105, 26.8189601]], [[80.0640578, 26.8388749], [80.0629723, 26.8395909], [80.0627057, 26.8396984], [80.0615328, 26.840121], [80.0603856, 26.8405525], [80.0599313, 26.8408608], [80.0592966, 26.8413502], [80.0587624, 26.8418738], [80.0582911, 26.8424348], [80.0581361, 26.8426435], [80.0573667, 26.8436799], [80.0565236, 26.8447453], [80.0561491, 26.8452186], [80.0545965, 26.8471693], [80.0533065, 26.8486958], [80.0522745, 26.8498306], [80.0518897, 26.8503314], [80.0515684, 26.8509008], [80.0513737, 26.8513248], [80.0512052, 26.8516065], [80.0511519, 26.8519023], [80.0510659, 26.8524192], [80.0510116, 26.8530209], [80.0510252, 26.8535863], [80.0511112, 26.8542122], [80.0513556, 26.8549754]], [[80.0738105, 26.8189601], [80.0739273, 26.8189837], [80.074078, 26.8189722], [80.0744976, 26.8189143]]]}}, {"type": "Feature", "id": "relation/5837160", "properties": {"is_in:state": "UP", "network": "IN:NH", "note": "NH34 in UP", "ref": "34", "route": "road", "type": "route", "wikidata": "Q25203048", "wikipedia": "en:National Highway 34 (India)", "@id": "relation/5837160", "@class": "other"}, "geometry": {"type": "MultiLineString", "coordinates": [[[77.6346372, 28.9066176], [77.6353355, 28.9072007]], [[77.7272626, 28.935143], [77.7274139, 28.9352355]], [[77.7274139, 28.9352355], [77.7274949, 28.9352611]], [[78.1725101, 29.4426223], [78.1723499, 29.441819], [78.1720972, 29.4407458], [78.1715118, 29.4389534], [78.171025, 29.4375313], [78.1703718, 29.4353203], [78.1696385, 29.43239], [78.16948, 29.4317428], [78.1693428, 29.4311825], [78.1692565, 29.430737], [78.1691333, 29.4302648], [78.168289, 29.427109], [78.1678207, 29.4254935], [78.1674387, 29.4240926], [78.1672969, 29.4236579], [78.1671182, 29.4232661], [78.1662166, 29.4213243], [78.1651619, 29.419114], [78.1647533, 29.418229], [78.1645001, 29.4176805], [78.1639586, 29.4167279], [78.1637043, 29.4165332]], [[78.1637043, 29.4165332], [78.1636288, 29.4163911], [78.1630395, 29.4150409], [78.1626697, 29.4141937], [78.1614689, 29.4116173], [78.1600102, 29.408795], [78.1593494, 29.4077068], [78.1567044, 29.4033859], [78.1557398, 29.4017772], [78.1555813, 29.4015355], [78.1553331, 29.4011567], [78.1552011, 29.4009554], [78.154868, 29.4004472], [78.1546618, 29.4001326], [78.154257, 29.3995376], [78.1540397, 29.3992181], [78.1537386, 29.3987755], [78.1537146, 29.3987355], [78.1535005, 29.3983796], [78.1531196, 29.3977464], [78.1523666, 29.3965556], [78.151562, 29.3952749], [78.1514057, 29.3950568], [78.1504221, 29.393684], [78.1498496, 29.3930055], [78.1496292, 29.3927655], [78.149387, 29.3925018], [78.1486847, 29.3917371]], [[78.1234526, 29.3902253], [78.1249878, 29.391308], [78.1254353, 29.3915887], [78.1261509, 29.3920377], [78.1262125, 29.3920763], [78.1262925, 29.3921135], [78.1263873, 29.3921261], [78.1264669, 29.3921187], [78.1265349, 29.3920786], [78.1269522, 29.3917007], [78.1270502, 29.391658], [78.1271874, 29.3916836], [78.1281279, 29.3924861], [78.128243, 29.3925795], [78.1300483, 29.394044], [78.1301182, 29.3941069], [78.130788, 29.3947098], [78.1308918, 29.3947948], [78.1322577, 29.3959134], [78.1324273, 29.3960381], [78.1331052, 29.3965366], [78.1341486, 29.3970871], [78.1350206, 29.3973518], [78.1357359, 29.3974457], [78.1362652, 29.3974294], [78.1368528, 29.3973816], [78.1389887, 29.3970829], [78.1400468, 29.3968012], [78.1413891, 29.3963488], [78.1422807, 29.3958537], [78.1424145, 29.3957511], [78.143383, 29.3950086], [78.1435369, 29.394916], [78.144639, 29.3942532], [78.1450437, 29.3940098], [78.146294, 29.3932294], [78.1465945, 29.3930418], [78.147076, 29.3927413], [78.1474906, 29.3924825], [78.1486847, 29.3917371]], [[78.1234526, 29.3902253], [78.123244, 29.390381]], [[78.0574619, 29.3733752], [78.057733, 29.373472], [78.058935, 29.373772], [78.060008, 29.374009], [78.061145, 29.37418], [78.06151, 29.374245], [78.061746, 29.374287], [78.062347, 29.374395], [78.063119, 29.374524], [78.064085, 29.374695], [78.064772, 29.374802], [78.065051, 29.374845], [78.065952, 29.374953], [78.066832, 29.375124], [78.067776, 29.375317], [78.069085, 29.375553], [78.070479, 29.375811], [78.07166, 29.376068], [78.072711, 29.376262], [78.073355, 29.376369], [78.074213, 29.376562], [78.075243, 29.376841], [78.076294, 29.377141], [78.077496, 29.377549], [78.077646, 29.377592], [78.078397, 29.377828], [78.0792485, 29.3781014], [78.079534, 29.378193], [78.080865, 29.378622], [78.081509, 29.378836], [78.083011, 29.379309], [78.08432, 29.379716], [78.085028, 29.379931], [78.085929, 29.38021], [78.086744, 29.380446], [78.087688, 29.380746], [78.088397, 29.380961], [78.089212, 29.381197], [78.08992, 29.381411], [78.090456, 29.381562], [78.091036, 29.381733], [78.092152, 29.382077], [78.092967, 29.382313], [78.093654, 29.382506], [78.094533, 29.382785], [78.095756, 29.383149], [78.0964367, 29.3833453], [78.097022, 29.383514], [78.098074, 29.383836], [78.098696, 29.384051], [78.099683, 29.384351], [78.100842, 29.384759], [78.101979, 29.385209], [78.102945, 29.385681], [78.104361, 29.386282], [78.105906, 29.386926], [78.107065, 29.38742], [78.108223, 29.387892], [78.109446, 29.388428], [78.1101909, 29.3887563], [78.110712, 29.388986], [78.1123971, 29.389723], [78.112772, 29.389887], [78.113824, 29.390338], [78.114017, 29.390424], [78.114489, 29.390617], [78.114875, 29.390788], [78.115412, 29.391024], [78.116334, 29.391411], [78.117236, 29.391733], [78.117858, 29.391861], [78.118609, 29.391947], [78.119253, 29.391926], [78.120004, 29.391797], [78.120669, 29.391668], [78.121355, 29.391475], [78.121806, 29.391325], [78.1222394, 29.3911079], [78.122321, 29.391067], [78.1228747, 29.3906902], [78.1229215, 29.3906584], [78.123244, 29.390381]], [[78.2358658, 29.5307936], [78.2356157, 29.5306084]], [[78.2354595, 29.5306698], [78.235583, 29.5307671], [78.2357759, 29.5309303]], [[78.2356157, 29.5306084], [78.2335912, 29.5290223], [78.2331813, 29.5286455], [78.23278, 29.5281818], [78.2321899, 29.5273108], [78.2317972, 29.5264173], [78.2314387, 29.5252826], [78.2291764, 29.5180191]], [[78.2290205, 29.5180219], [78.2294111, 29.5193814], [78.2303454, 29.5224118], [78.2316691, 29.5266124], [78.2321646, 29.5276779], [78.2324498, 29.5280981], [78.2327127, 29.5284006], [78.2333917, 29.5290408], [78.2354595, 29.5306698]], [[78.2261682, 29.5082537], [78.225974, 29.506861], [78.2258829, 29.5064958], [78.2257703, 29.5061806], [78.2257062, 29.5060109], [78.2255074, 29.505485]], [[78.2253573, 29.5055256], [78.2255193, 29.5059937], [78.2256208, 29.5062294], [78.2257676, 29.5067292], [78.225879, 29.5072957], [78.225975, 29.5082393]], [[78.2262011, 29.5086349], [78.2261682, 29.5082537]], [[78.225975, 29.5082393], [78.2260179, 29.5086601]], [[78.2260179, 29.5086601], [78.2260772, 29.5092423], [78.2262097, 29.5097364], [78.2263391, 29.5100369], [78.2267567, 29.5110903], [78.2271244, 29.5119491], [78.2284059, 29.5158827], [78.2288651, 29.517481], [78.2290205, 29.5180219]], [[78.2291764, 29.5180191], [78.2289791, 29.5174539], [78.228836, 29.5170441], [78.2284746, 29.5157001], [78.2279352, 29.5139662], [78.2272673, 29.5118101], [78.2266624, 29.5104091], [78.2263523, 29.5095021], [78.226227, 29.5089649], [78.2262011, 29.5086349]], [[78.2239697, 29.5010979], [78.2238243, 29.5005627]], [[78.2236296, 29.5006023], [78.2237641, 29.5011346]], [[78.2237641, 29.5011346], [78.2246489, 29.5036764], [78.2253573, 29.5055256]], [[78.2255074, 29.505485], [78.2246733, 29.5032673], [78.2239697, 29.5010979]], [[78.218706, 29.4913002], [78.2193135, 29.4915833]], [[78.2193474, 29.4914089], [78.2187688, 29.4911316]], [[78.2218059, 29.4941441], [78.2214063, 29.493439], [78.2212722, 29.4932056], [78.2209584, 29.4927807], [78.2206578, 29.4924428], [78.2202164, 29.4920165], [78.2193474, 29.4914089]], [[78.2219617, 29.4946394], [78.2218059, 29.4941441]], [[78.2238243, 29.5005627], [78.2219617, 29.4946394]], [[78.2217912, 29.4946874], [78.2236296, 29.5006023]], [[78.2216245, 29.4941891], [78.2217912, 29.4946874]], [[78.2193135, 29.4915833], [78.2201504, 29.4921853], [78.2204396, 29.4924225], [78.2207387, 29.4927653], [78.2212266, 29.4934577], [78.2214439, 29.4938102], [78.2216245, 29.4941891]], [[78.2121485, 29.4908036], [78.2136079, 29.4907836]], [[78.213654, 29.4906332], [78.2121217, 29.490658]], [[78.2136079, 29.4907836], [78.2164943, 29.4907907], [78.2171529, 29.4908402], [78.2179091, 29.4910101], [78.218706, 29.4913002]], [[78.2187688, 29.4911316], [78.2180101, 29.4908593], [78.2174319, 29.4907366], [78.2168394, 29.490657], [78.2161437, 29.4906272], [78.2141161, 29.4906375], [78.213654, 29.4906332]], [[78.2106455, 29.4908519], [78.2121485, 29.4908036]], [[78.2100631, 29.4908706], [78.2106455, 29.4908519]], [[78.1948549, 29.4877616], [78.1956104, 29.4882518], [78.1972073, 29.4889358], [78.2001753, 29.4898536], [78.203402, 29.4906533], [78.2042172, 29.4908469], [78.2046525, 29.49094], [78.2053404, 29.4910224], [78.2100631, 29.4908706]], [[78.2100635, 29.4907375], [78.2058334, 29.490899], [78.2049751, 29.4908577], [78.2041168, 29.4906748], [78.2001603, 29.4897037], [78.1989876, 29.4893447], [78.1978975, 29.4890109], [78.1967592, 29.4886038], [78.1955981, 29.4880319], [78.1950291, 29.4876779]], [[78.2106401, 29.4907155], [78.2100635, 29.4907375]], [[78.2121217, 29.490658], [78.2106401, 29.4907155]], [[78.1940615, 29.4870909], [78.1948549, 29.4877616]], [[78.1950291, 29.4876779], [78.1942087, 29.4869748]], [[78.1858159, 29.473154], [78.1858377, 29.4735021], [78.1859656, 29.4739593], [78.1862516, 29.474577], [78.1875434, 29.4766568], [78.1884601, 29.4780833], [78.1895608, 29.4798733], [78.1909305, 29.4819684], [78.1911161, 29.4822791], [78.1919922, 29.483746], [78.1928629, 29.4853666], [78.1936733, 29.4866266], [78.1939812, 29.4870055], [78.1940615, 29.4870909]], [[78.1858271, 29.4727172], [78.1858159, 29.473154]], [[78.1859858, 29.4731515], [78.1859983, 29.4727329]], [[78.1942087, 29.4869748], [78.193914, 29.4866482], [78.1934079, 29.4858965], [78.1925549, 29.4844978], [78.1911345, 29.4820262], [78.1881992, 29.4774254], [78.187004, 29.4755142], [78.186321, 29.474417], [78.1860771, 29.4738436], [78.1859858, 29.4731515]], [[78.1860724, 29.4581467], [78.1858016, 29.4576507]], [[78.1856342, 29.457696], [78.1858834, 29.4581986]], [[78.1858834, 29.4581986], [78.1860733, 29.4585817], [78.1868046, 29.4601766], [78.1873833, 29.4616847], [78.1875831, 29.4624908], [78.1876795, 29.4638929], [78.1876242, 29.4646533], [78.1872566, 29.4665084], [78.1871955, 29.466757], [78.1865743, 29.4695038], [78.1859169, 29.4721777], [78.1858271, 29.4727172]], [[78.1859983, 29.4727329], [78.186573, 29.4701485], [78.187317, 29.466803], [78.1873333, 29.4667299], [78.1876696, 29.4651038], [78.187749, 29.4646037], [78.187805, 29.4642174], [78.1878143, 29.4635832], [78.1878097, 29.4629123], [78.1876275, 29.4620502], [78.1872259, 29.4607857], [78.186899, 29.4599155], [78.1860724, 29.4581467]], [[78.1834274, 29.4537682], [78.1835303, 29.4539461]], [[78.1836446, 29.4538351], [78.183546, 29.4536697]], [[78.1858016, 29.4576507], [78.1848069, 29.4558168], [78.1836721, 29.4538812], [78.1836446, 29.4538351]], [[78.1835303, 29.4539461], [78.1852484, 29.4569178], [78.1856342, 29.457696]], [[78.183546, 29.4536697], [78.1828828, 29.4526328], [78.1824952, 29.452157], [78.1822385, 29.4518898], [78.1820095, 29.4516893], [78.1814118, 29.4513356], [78.180786, 29.4510956], [78.1800668, 29.4509208]], [[78.1742717, 29.44937], [78.1746142, 29.4497003]], [[78.1747391, 29.4496135], [78.1744172, 29.4492782]], [[78.1746142, 29.4497003], [78.1746983, 29.4497814], [78.1748892, 29.4499643], [78.1754601, 29.450314], [78.1761839, 29.4506109], [78.1767333, 29.4507531], [78.1796422, 29.4510318], [78.179976, 29.4510834], [78.1805421, 29.4511735], [78.1813971, 29.4515233], [78.1821063, 29.4519443], [78.1823792, 29.4522386], [78.1834274, 29.4537682]], [[78.1800668, 29.4509208], [78.1785351, 29.4507866], [78.177078, 29.4506646], [78.1765036, 29.450567], [78.176088, 29.4504409], [78.1756724, 29.4502498], [78.175168, 29.4499285], [78.1747391, 29.4496135]], [[78.1723249, 29.4426336], [78.1725992, 29.4442666], [78.1729157, 29.4461445], [78.1730391, 29.4468405], [78.1733019, 29.4475226], [78.1736841, 29.4484646], [78.1741427, 29.4491929], [78.1742717, 29.44937]], [[78.1744172, 29.4492782], [78.174304, 29.4491478], [78.1739351, 29.4486191], [78.1734775, 29.4475658], [78.1732483, 29.446976], [78.1731088, 29.4464061], [78.1725101, 29.4426223]], [[80.100962, 26.7352007], [80.1009296, 26.7350772]], [[79.9282198, 27.015074], [79.9296506, 27.0160791], [79.9304561, 27.0166054], [79.930748, 27.0167676], [79.9312263, 27.0170218]], [[77.6415471, 28.9125723], [77.6415078, 28.9124602], [77.641456, 28.9123575], [77.6412093, 28.9120973]], [[77.7227271, 28.9486079], [77.7224515, 28.9485267]], [[77.7224515, 28.9485267], [77.7223531, 28.9484941]], [[77.7291935, 28.9519619], [77.7290064, 28.9518367], [77.728485, 28.9515105], [77.728234, 28.9513458], [77.7277319, 28.9510223], [77.7274237, 28.9507999]], [[77.731504, 28.9534902], [77.7307737, 28.9529932]], [[77.7307737, 28.9529932], [77.7294888, 28.9521477], [77.7291935, 28.9519619]], [[77.7324657, 28.954237], [77.7333263, 28.954812], [77.7339088, 28.9552156], [77.7339717, 28.9552574]], [[77.7339717, 28.9552574], [77.7340471, 28.9553114], [77.7341846, 28.9554067], [77.7345676, 28.9557378], [77.7353219, 28.9564828]], [[77.7353219, 28.9564828], [77.7366386, 28.9577267]], [[77.7385428, 28.9596112], [77.738313, 28.9594633], [77.7382313, 28.9593956], [77.738084, 28.9592381], [77.7379933, 28.9591118], [77.7378714, 28.9589223], [77.7377624, 28.9587359]], [[77.7377967, 28.9589774], [77.7379166, 28.9591651], [77.7380213, 28.9592972], [77.7382478, 28.9595275], [77.7383674, 28.9596184]], [[77.7388072, 28.9598751], [77.7390383, 28.9600291], [77.7391848, 28.9601599], [77.7393431, 28.9604028]], [[77.7396051, 28.9605838], [77.7394804, 28.9603925], [77.7394507, 28.9603512], [77.7392871, 28.9601239], [77.7391807, 28.960017], [77.7390373, 28.9599086], [77.7388335, 28.9597779]], [[77.7401805, 28.9616987], [77.7399433, 28.9611942], [77.7396051, 28.9605838]], [[77.7408316, 28.9633751], [77.740763, 28.9631882], [77.7405633, 28.9626445]], [[77.7407191, 28.9634422], [77.7407172, 28.9634653], [77.7407165, 28.9634729], [77.7407258, 28.9635025], [77.7407387, 28.9635187], [77.7407459, 28.9635277], [77.7407724, 28.9635448], [77.7408037, 28.9635536], [77.7408096, 28.9635536], [77.7408205, 28.9635535], [77.7408366, 28.9635535], [77.7408678, 28.9635443], [77.7408824, 28.9635346], [77.7408941, 28.963527], [77.7409129, 28.9635033], [77.7409222, 28.9634757], [77.7409212, 28.963447], [77.7409099, 28.9634199], [77.7408878, 28.963396], [77.7408578, 28.96338], [77.7408316, 28.9633751], [77.7408235, 28.9633736], [77.7407887, 28.9633777], [77.7407574, 28.9633917], [77.7407483, 28.9634002], [77.7407333, 28.9634141], [77.7407191, 28.9634422]], [[77.7316765, 28.9789709], [77.7316498, 28.9789846], [77.73163, 28.9790054], [77.7316195, 28.9790309], [77.7316196, 28.979058], [77.7316287, 28.9790808], [77.7316452, 28.9791001], [77.7316574, 28.9791076], [77.7316677, 28.979114], [77.731694, 28.9791213], [77.7317216, 28.9791212], [77.7317478, 28.9791137], [77.7317702, 28.9790996], [77.7317816, 28.979086], [77.7317865, 28.9790801], [77.7317953, 28.9790573], [77.7317952, 28.9790302], [77.7317844, 28.9790048], [77.7317763, 28.9789963], [77.7317644, 28.9789841], [77.7317375, 28.9789707], [77.731707, 28.9789661], [77.7316904, 28.9789687], [77.7316765, 28.9789709]], [[77.7463368, 29.008184], [77.746232, 29.0081212], [77.7457319, 29.0077814], [77.7455168, 29.0076159], [77.7451829, 29.0073381]], [[77.7366775, 29.0014186], [77.7360602, 29.001093], [77.732403, 28.9991535], [77.732221, 28.999057]], [[80.1826571, 26.6235223], [80.1828179, 26.6235105], [80.1834798, 26.6235406], [80.185132, 26.6236622], [80.1865053, 26.6240969], [80.1892304, 26.6257658], [80.1901746, 26.6260727], [80.1913118, 26.626207], [80.1920702, 26.6261295], [80.1955641, 26.6252071]], [[80.1955292, 26.6250899], [80.1952439, 26.6251629], [80.1951878, 26.6251773], [80.1920903, 26.6259706], [80.1916097, 26.6260477], [80.1907922, 26.6260293], [80.1905087, 26.6259926], [80.1898021, 26.6257869], [80.1893872, 26.6256584], [80.1890586, 26.6254858], [80.1873455, 26.6244281], [80.1866636, 26.6240205], [80.1863678, 26.623914], [80.1853202, 26.6235688], [80.1845191, 26.6234586], [80.1829004, 26.6233142], [80.1827325, 26.6233122]], [[80.1956452, 26.6250602], [80.1955292, 26.6250899]], [[80.1955641, 26.6252071], [80.1956799, 26.6251766]], [[80.1956799, 26.6251766], [80.1995516, 26.6241545], [80.2010751, 26.6236174], [80.2015122, 26.6233676]], [[80.2013956, 26.6232176], [80.2011732, 26.6233594], [80.2006104, 26.6236386], [80.1993164, 26.6240462], [80.1974103, 26.6246081], [80.1956452, 26.6250602]], [[80.2014945, 26.6231507], [80.2013956, 26.6232176]], [[80.2015122, 26.6233676], [80.2016096, 26.6233111]], [[80.2016096, 26.6233111], [80.2017781, 26.6232136], [80.2021909, 26.6228501], [80.2024931, 26.6223978], [80.2028775, 26.6216415], [80.2031944, 26.6205985], [80.2033067, 26.6199726], [80.203135, 26.615829], [80.2031092, 26.6155213]], [[80.2029662, 26.6154925], [80.2030137, 26.6161795], [80.2030794, 26.6179644], [80.2031369, 26.6198522], [80.2031123, 26.6201203], [80.2029685, 26.6207152], [80.2027138, 26.6215269], [80.2025043, 26.6219308], [80.2022085, 26.6225478], [80.2018346, 26.6229041], [80.2016046, 26.6230693], [80.2014945, 26.6231507]], [[80.2029586, 26.6153815], [80.2029662, 26.6154925]], [[80.2031092, 26.6155213], [80.2030998, 26.6154101]], [[80.2030998, 26.6154101], [80.2029758, 26.6139336], [80.2029808, 26.6137555], [80.2030147, 26.6134341], [80.2030788, 26.6126669], [80.2031512, 26.6119947], [80.203166, 26.6118753]], [[80.2030398, 26.6119731], [80.2029613, 26.6126657], [80.2028658, 26.6135828], [80.2028329, 26.6138399], [80.2029315, 26.6149895], [80.2029586, 26.6153815]], [[80.1609871, 26.6459428], [80.1608978, 26.6461678], [80.1607545, 26.6464968], [80.1605764, 26.6469493]], [[80.147244, 26.6707021], [80.1471581, 26.6703426]], [[80.1470087, 26.6703582], [80.1470744, 26.6707174]], [[80.1471581, 26.6703426], [80.1471414, 26.6702784], [80.1470908, 26.6695355], [80.1471468, 26.6688479], [80.1472564, 26.6683241], [80.1474202, 26.6678149]], [[80.1448711, 26.6924866], [80.1446506, 26.6927043], [80.1443282, 26.6929574]], [[80.144432, 26.6930478], [80.1446628, 26.6928931], [80.1449705, 26.6925958]], [[80.1449705, 26.6925958], [80.1468408, 26.6908322], [80.1520014, 26.6856847], [80.1526236, 26.6848794], [80.1529811, 26.6843452], [80.1531027, 26.6841423], [80.1532708, 26.6837626], [80.1534605, 26.6832369], [80.1535892, 26.6826458], [80.1536506, 26.6818933], [80.1536214, 26.6809491], [80.1533905, 26.6800624], [80.1529884, 26.679118], [80.1514908, 26.6771914], [80.1499561, 26.6753222], [80.1494377, 26.6746908], [80.1485681, 26.6735232], [80.1479673, 26.6724456], [80.1473533, 26.6710908], [80.147244, 26.6707021]], [[80.1470744, 26.6707174], [80.1471119, 26.6709223], [80.1473287, 26.6715787], [80.1478437, 26.6725717], [80.1483044, 26.6734435], [80.148505, 26.6737535], [80.1492015, 26.6746787], [80.1498124, 26.6754426], [80.1501447, 26.6758581], [80.1512315, 26.6771223], [80.1522317, 26.6783841], [80.1527087, 26.6790476], [80.1528632, 26.6793019], [80.1530068, 26.6796337], [80.1531044, 26.6798735], [80.1533131, 26.6805152], [80.1534161, 26.6809075], [80.1534703, 26.6814113], [80.1534648, 26.6821523], [80.1533862, 26.6827214], [80.1532562, 26.6833777], [80.1529797, 26.6840557], [80.1526274, 26.6846466], [80.152416, 26.684976], [80.1520961, 26.6853513], [80.1500329, 26.6874194], [80.1476582, 26.6897807], [80.14577, 26.6915987], [80.1448711, 26.6924866]], [[80.1443282, 26.6929574], [80.1442071, 26.6930525], [80.1434347, 26.6934711], [80.1425084, 26.6937459], [80.1416787, 26.693829], [80.141035, 26.693813], [80.1386103, 26.6936181], [80.138353, 26.6935978], [80.137473, 26.6935286], [80.1349696, 26.6934519], [80.1329132, 26.6934264], [80.1323303, 26.6934839], [80.131976, 26.693545]], [[80.131976, 26.693545], [80.1317188, 26.6935893], [80.1315031, 26.6936488]], [[80.1315031, 26.6936488], [80.1310464, 26.6937746], [80.1302918, 26.6941389], [80.1295873, 26.6946086], [80.1288363, 26.6952348], [80.1272699, 26.6965607], [80.12667, 26.6971268], [80.1263794, 26.697401], [80.1262025, 26.69762], [80.1259098, 26.69804], [80.1256031, 26.6985295], [80.1254288, 26.6988716], [80.1251626, 26.699656], [80.125011, 26.7001917], [80.1248703, 26.7006891], [80.1245346, 26.7018609], [80.1241579, 26.7028065], [80.124049, 26.7030763], [80.1238279, 26.7035102], [80.1234481, 26.704225], [80.1230278, 26.7048758], [80.1227414, 26.7052902], [80.1223148, 26.7058437], [80.1216984, 26.7065362], [80.1212075, 26.7070276], [80.1208886, 26.7072538], [80.1204738, 26.7076072], [80.1198746, 26.708152], [80.1195439, 26.7085071], [80.1192376, 26.708918], [80.1190218, 26.7092307], [80.1181897, 26.7101155], [80.1171591, 26.7111874], [80.1169745, 26.7113847]], [[80.1169383, 26.7115605], [80.1177156, 26.710809], [80.1191339, 26.709361], [80.1193978, 26.7091645], [80.1197784, 26.7088616], [80.1201171, 26.7085701], [80.1208266, 26.7078559], [80.121142, 26.7074527], [80.1213598, 26.7070883], [80.1225037, 26.7058084], [80.1229528, 26.7052081], [80.123095, 26.7050068], [80.123667, 26.7041113], [80.1241493, 26.7031778], [80.1245264, 26.7022927], [80.1248276, 26.7013495], [80.1252752, 26.6997831], [80.1255994, 26.6988215], [80.1259155, 26.6982429], [80.1262361, 26.6977412], [80.1264518, 26.6974721], [80.127123, 26.6968648], [80.1274643, 26.696556], [80.1298034, 26.6946281], [80.1305222, 26.6941488], [80.1314342, 26.6938037], [80.1315388, 26.6937745]], [[80.1315388, 26.6937745], [80.1320115, 26.6936509]], [[80.1320115, 26.6936509], [80.1327968, 26.6935545], [80.134567, 26.6935641], [80.1370776, 26.6936024], [80.1385724, 26.6937321], [80.1411652, 26.6939571], [80.142163, 26.6939379], [80.1430535, 26.693775], [80.1438475, 26.6934395], [80.144432, 26.6930478]], [[80.1051823, 26.7261285], [80.1051118, 26.72623], [80.1048019, 26.7266766], [80.1044576, 26.7272091]], [[80.1169745, 26.7113847], [80.1168405, 26.7115034], [80.1154168, 26.7130227], [80.1152934, 26.7131653], [80.1146041, 26.7139619], [80.1138504, 26.714949], [80.1132281, 26.7157852], [80.1123752, 26.7169136], [80.1114686, 26.7180852], [80.1105727, 26.7192064], [80.1096661, 26.720354], [80.1089124, 26.7213243], [80.1080139, 26.7224695], [80.1070054, 26.7237512], [80.105895, 26.7251455], [80.1054252, 26.7257785], [80.1051823, 26.7261285]], [[80.1015974, 26.7304566], [80.1014951, 26.730673]], [[80.1016701, 26.7307319], [80.1017737, 26.7305116]], [[80.1017737, 26.7305116], [80.1018382, 26.7303635]], [[80.1044576, 26.7272091], [80.1041378, 26.7275553], [80.1034494, 26.728274], [80.102677, 26.7290803], [80.1017988, 26.7301285], [80.1016795, 26.7303199], [80.1015974, 26.7304566]], [[80.1010673, 26.7356027], [80.100962, 26.7352007]], [[80.1007911, 26.7351008], [80.1008648, 26.7354403], [80.1009181, 26.73563]], [[80.1013458, 26.7309852], [80.1010047, 26.7318254], [80.100834, 26.7326097], [80.1007337, 26.7332124], [80.1007255, 26.733774], [80.100712, 26.7344227], [80.1007232, 26.7347196], [80.1007409, 26.7348244], [80.1007751, 26.7350272], [80.1007911, 26.7351008]], [[80.1009296, 26.7350772], [80.1008677, 26.7348408], [80.1008785, 26.7336527], [80.1010179, 26.7326082], [80.1012862, 26.7315734], [80.1015202, 26.731035]], [[80.1014951, 26.730673], [80.1013458, 26.7309852]], [[80.1015202, 26.731035], [80.1016701, 26.7307319]], [[80.1016261, 26.7377357], [80.1015976, 26.737627]], [[80.101439, 26.7376762], [80.1014877, 26.7378373]], [[80.1009181, 26.73563], [80.1010888, 26.7363978], [80.1011, 26.736448], [80.1012626, 26.7370624], [80.101439, 26.7376762]], [[80.1015976, 26.737627], [80.1014681, 26.7371732], [80.101339, 26.7367182], [80.101227, 26.7362583], [80.1010673, 26.7356027]], [[80.1028066, 26.7423446], [80.1027085, 26.7419402]], [[80.1025779, 26.7420812], [80.1026989, 26.7426328]], [[80.1027085, 26.7419402], [80.1019621, 26.7390185], [80.1016261, 26.7377357]], [[80.1014877, 26.7378373], [80.1016474, 26.7384335], [80.1021106, 26.7402193], [80.1025366, 26.7419212], [80.1025779, 26.7420812]], [[80.1028874, 26.7463719], [80.1029199, 26.7462669]], [[80.1027885, 26.7462145], [80.1027649, 26.7463226]], [[80.1026989, 26.7426328], [80.1028615, 26.7432363], [80.102964, 26.7439531], [80.1029883, 26.744383], [80.1030025, 26.7450825], [80.1028703, 26.745841], [80.1027885, 26.7462145]], [[80.1029199, 26.7462669], [80.1029259, 26.7462475], [80.1030627, 26.7457468], [80.1031471, 26.7452137], [80.1031619, 26.7446339], [80.1031547, 26.7440487], [80.1030236, 26.7432123], [80.1029324, 26.7427909], [80.1028066, 26.7423446]], [[80.0982682, 26.7606639], [80.0983123, 26.7605632]], [[80.0981456, 26.7605128], [80.0981005, 26.7606133]], [[80.1027649, 26.7463226], [80.1027052, 26.7465953], [80.1020492, 26.7485717], [80.1012328, 26.7512479], [80.1012046, 26.7513402], [80.1002749, 26.7543278], [80.0994916, 26.756953], [80.0989914, 26.758453], [80.0982647, 26.760248], [80.0981456, 26.7605128]], [[80.0983123, 26.7605632], [80.0983714, 26.760428], [80.0990917, 26.7587689], [80.0995803, 26.7572603], [80.1005746, 26.7539792], [80.1013912, 26.7512842], [80.1025414, 26.7474883], [80.1028874, 26.7463719]], [[80.0981005, 26.7606133], [80.0974577, 26.7620429], [80.0958274, 26.7652925], [80.0949121, 26.7671994], [80.0942458, 26.768756], [80.0937601, 26.770257], [80.0930316, 26.7730088], [80.0923214, 26.7755502], [80.0921515, 26.7758949], [80.0919564, 26.7762337], [80.0916998, 26.7766258], [80.0916365, 26.7767225], [80.0914708, 26.7769056]], [[80.0914708, 26.7769056], [80.0908397, 26.7776032], [80.0879451, 26.7803761], [80.0877049, 26.7806249]], [[80.0877049, 26.7806249], [80.0875386, 26.7807971], [80.0872838, 26.7811359]], [[80.0872838, 26.7811359], [80.0870453, 26.7815375], [80.0868586, 26.7819229]], [[80.0829342, 26.7953243], [80.08316, 26.7948607], [80.0832431, 26.7946613], [80.0837888, 26.7935204], [80.0840293, 26.7929957], [80.0844718, 26.7920301], [80.0845994, 26.7917597], [80.0851223, 26.7906511], [80.0856787, 26.7894277], [80.0858936, 26.7889543], [80.085935, 26.7888444], [80.0861032, 26.7883971], [80.0861941, 26.7880804], [80.0862468, 26.7877312], [80.0863135, 26.7873154], [80.0863288, 26.7872052], [80.086441, 26.7861915], [80.0864901, 26.7855942]], [[80.0864901, 26.7855942], [80.0865286, 26.7851268], [80.086618, 26.7839407], [80.0866806, 26.7831649], [80.0868965, 26.7822734], [80.0869712, 26.782053], [80.0870463, 26.781879], [80.0875316, 26.7811075], [80.087814, 26.7807293], [80.0881393, 26.7803878], [80.0890516, 26.7795671], [80.0904272, 26.778262], [80.0908914, 26.7778668], [80.0915193, 26.7771658], [80.0916453, 26.7770063]], [[80.0916453, 26.7770063], [80.0917708, 26.7768058], [80.0921047, 26.7763111], [80.0924043, 26.7757932], [80.0927913, 26.7747205], [80.0937228, 26.7710848], [80.0939297, 26.7703554], [80.0946915, 26.7681842], [80.0959175, 26.7655958], [80.0975883, 26.762245], [80.0977833, 26.7617718], [80.0982682, 26.7606639]], [[80.0795354, 26.8043859], [80.0798516, 26.8033525], [80.0802537, 26.8018987], [80.0806592, 26.8005745], [80.0809363, 26.7995912], [80.0811898, 26.7989004], [80.0813887, 26.7984646], [80.0818768, 26.7975261], [80.0829342, 26.7953243]], [[80.0756491, 26.8141316], [80.0758857, 26.8137284], [80.076491, 26.8126968], [80.0769303, 26.8119312], [80.0771939, 26.811428], [80.0772879, 26.8112046], [80.0776381, 26.8103833], [80.0780267, 26.8092372], [80.0786012, 26.8075723], [80.0791351, 26.8058892], [80.0792996, 26.8052473], [80.0794222, 26.8047688], [80.0794427, 26.8046888], [80.0795354, 26.8043859]], [[80.0742701, 26.8192329], [80.0743237, 26.819486], [80.0744003, 26.8197414], [80.074489, 26.8199725], [80.074667, 26.8204185], [80.0757654, 26.822918], [80.0759151, 26.8232678]], [[80.0760545, 26.8232202], [80.0749901, 26.8207138], [80.0747853, 26.8202233], [80.0746053, 26.8197902], [80.0745286, 26.8195725], [80.0744638, 26.8193089], [80.0744347, 26.8191438]], [[80.0741678, 26.818717], [80.0742701, 26.8192329]], [[80.0744347, 26.8191438], [80.0743512, 26.8186897]], [[80.0743512, 26.8186897], [80.0743154, 26.8182712], [80.0742908, 26.8179053], [80.0742891, 26.8175701], [80.0743261, 26.8172228], [80.0743635, 26.8170101], [80.0744076, 26.8168114], [80.0744514, 26.8166408], [80.0745103, 26.8164313], [80.0745618, 26.8162642], [80.074628, 26.8160818], [80.0747148, 26.8158678], [80.0748195, 26.8156442], [80.0749347, 26.815433], [80.0756491, 26.8141316]], [[80.0742001, 26.8171539], [80.0741521, 26.81762], [80.0741411, 26.818063], [80.0741678, 26.818717]], [[80.0752875, 26.8294427], [80.0750966, 26.8298972]], [[80.0752991, 26.8299483], [80.0754871, 26.8294936]], [[80.0754871, 26.8294936], [80.0764092, 26.8274186], [80.0765739, 26.8266595], [80.076617, 26.8257557], [80.0766182, 26.8251705], [80.0765097, 26.8244157], [80.07629, 26.8238387], [80.0760545, 26.8232202]], [[80.0759151, 26.8232678], [80.0761241, 26.8237546], [80.0761647, 26.823873], [80.07624, 26.8240924], [80.0763351, 26.8244839], [80.0764229, 26.8251887], [80.0763823, 26.8263045], [80.0762607, 26.8271972], [80.07572, 26.8284336], [80.0752875, 26.8294427]], [[80.0741518, 26.8320833], [80.0740176, 26.8324068]], [[80.0742325, 26.8324672], [80.0743753, 26.8321475]], [[80.0743753, 26.8321475], [80.0752991, 26.8299483]], [[80.0750966, 26.8298972], [80.0748346, 26.8305143], [80.0741518, 26.8320833]], [[80.0733296, 26.8340307], [80.0733151, 26.8340706], [80.0731992, 26.8343908], [80.0730703, 26.8349589], [80.07303, 26.835514], [80.0731351, 26.8362856], [80.0732923, 26.836633], [80.0733382, 26.8367343], [80.0734678, 26.8370208], [80.0744117, 26.8388506], [80.0746984, 26.8394816], [80.0748139, 26.8398697], [80.0748954, 26.8403869], [80.0748954, 26.841014], [80.0747399, 26.8419066], [80.0741249, 26.8438544], [80.0734608, 26.845825]], [[80.073667, 26.8458715], [80.073704, 26.8457623], [80.0740353, 26.8446729], [80.0746892, 26.8425594], [80.0748906, 26.8418115], [80.0749898, 26.8412459], [80.0750452, 26.840645], [80.0750196, 26.8400858], [80.0748696, 26.8394191], [80.0747537, 26.8391399], [80.0735523, 26.8366139], [80.0735045, 26.8365136], [80.0733662, 26.8362227], [80.0732471, 26.8355432], [80.0733786, 26.8346597], [80.073465, 26.8343737], [80.0735831, 26.8340921]], [[80.0740176, 26.8324068], [80.0734048, 26.8338227], [80.0733553, 26.8339595], [80.0733296, 26.8340307]], [[80.0735831, 26.8340921], [80.0742325, 26.8324672]], [[80.069106, 26.850828], [80.06887, 26.850989]], [[80.0689856, 26.8511607], [80.0692122, 26.8509976]], [[80.0692122, 26.8509976], [80.0694752, 26.8508113], [80.0702418, 26.8502329]], [[80.0701338, 26.8500515], [80.0695245, 26.8505087], [80.069106, 26.850828]], [[80.070405, 26.8498518], [80.0701338, 26.8500515]], [[80.0702418, 26.8502329], [80.0705258, 26.8500196]], [[80.0705258, 26.8500196], [80.0716952, 26.8490954], [80.0721391, 26.8486168], [80.0725381, 26.8481838], [80.0727056, 26.8479188], [80.0729928, 26.8474646], [80.07336, 26.8467758], [80.073667, 26.8458715]], [[80.0734608, 26.845825], [80.0731927, 26.8466655], [80.0728397, 26.8473822], [80.0725412, 26.8478443], [80.0723318, 26.8481683], [80.0715836, 26.8489138], [80.070405, 26.8498518]], [[80.0513585, 26.8608042], [80.0520727, 26.8600603]], [[80.0519076, 26.8599844], [80.0515141, 26.8603615]], [[80.05226, 26.8596368], [80.0519076, 26.8599844]], [[80.0520727, 26.8600603], [80.0523985, 26.859738]], [[80.0565612, 26.8555171], [80.0561331, 26.8559387], [80.0535243, 26.858435], [80.05226, 26.8596368]], [[80.0523985, 26.859738], [80.0525212, 26.8596172], [80.055146, 26.8572351], [80.056228, 26.8561637], [80.0566982, 26.855658]], [[80.0569501, 26.8551584], [80.0565612, 26.8555171]], [[80.0566982, 26.855658], [80.0571034, 26.8552695]], [[80.0654127, 26.8529536], [80.0650074, 26.8530022], [80.0635542, 26.8530082], [80.0607778, 26.8529857], [80.0601816, 26.8530746], [80.0594542, 26.8533075], [80.0587413, 26.8536427], [80.0581492, 26.8540811], [80.0576636, 26.8545119], [80.0569501, 26.8551584]], [[80.0571034, 26.8552695], [80.0575888, 26.8548164], [80.0581843, 26.8542795], [80.0588456, 26.8537499], [80.0594526, 26.8534496], [80.0599694, 26.8532689], [80.0606131, 26.8531373], [80.0612542, 26.853099], [80.0646686, 26.853154], [80.0654813, 26.8531181]], [[80.0660347, 26.8527851], [80.0654127, 26.8529536]], [[80.0654813, 26.8531181], [80.0661278, 26.8529626]], [[80.0661278, 26.8529626], [80.066624, 26.8527448], [80.0670773, 26.8525223], [80.0675681, 26.8522232], [80.06835, 26.8516381], [80.0689856, 26.8511607]], [[80.06887, 26.850989], [80.0678866, 26.8517359], [80.0673512, 26.8521317], [80.0666881, 26.8525274], [80.0660347, 26.8527851]], [[80.039631, 26.8760373], [80.0396921, 26.8759112]], [[80.0396921, 26.8759112], [80.0405799, 26.8739474], [80.0409111, 26.8732179], [80.0415768, 26.871789], [80.042175, 26.8705079], [80.0427313, 26.8693755], [80.0430967, 26.8687706], [80.0438441, 26.8678073], [80.0449371, 26.8667187], [80.0460941, 26.8656301], [80.0462918, 26.8654467], [80.048007, 26.863855], [80.0484274, 26.863465], [80.0497645, 26.8622793], [80.0513585, 26.8608042]], [[80.0355064, 26.8850199], [80.0358282, 26.8844576], [80.0389705, 26.8775902], [80.039631, 26.8760373]], [[80.029685, 26.8984477], [80.0297549, 26.8982027], [80.0299582, 26.8974903], [80.0300476, 26.8971772], [80.030403, 26.8963133], [80.0310895, 26.894765], [80.0312239, 26.894462], [80.0313095, 26.8942848], [80.0313233, 26.8942547], [80.0314687, 26.8939376], [80.0315924, 26.8936677], [80.0322108, 26.8923185], [80.0331227, 26.8902038], [80.0342803, 26.8876447], [80.0346462, 26.8868786], [80.035441, 26.8851587], [80.0355064, 26.8850199]], [[80.0269802, 26.9082606], [80.0269973, 26.9081394], [80.0272014, 26.9070302], [80.0273824, 26.90635], [80.0274423, 26.9061974], [80.0274824, 26.9060202], [80.0278188, 26.9049609], [80.0280061, 26.9044218], [80.0284234, 26.9028802], [80.0288917, 26.9012171], [80.0292941, 26.8999164], [80.0293849, 26.8995869], [80.0293922, 26.8995604], [80.0294675, 26.8992313], [80.0295721, 26.8988433], [80.029685, 26.8984477]], [[80.0167644, 26.9241024], [80.0174392, 26.9231366], [80.0187037, 26.9214625], [80.0192274, 26.9208551], [80.0199044, 26.919879], [80.020756, 26.918824], [80.0212839, 26.9181369], [80.0216629, 26.9177306], [80.0220242, 26.9173777]], [[80.0220242, 26.9173777], [80.0229199, 26.9166836], [80.0238215, 26.9160048], [80.0245717, 26.9152635], [80.0250448, 26.9144439], [80.025478, 26.9132345], [80.0257036, 26.9126498], [80.0262485, 26.9111669]], [[80.0262485, 26.9111669], [80.0267118, 26.9100562], [80.0268863, 26.9090843], [80.026963, 26.9083819], [80.0269802, 26.9082606]], [[80.0165132, 26.924462], [80.0167644, 26.9241024]], [[80.0098427, 26.9405851], [80.0098905, 26.9404797], [80.0101533, 26.939593], [80.0109305, 26.9372551], [80.011701, 26.9347003], [80.012654, 26.9316815], [80.0132623, 26.9298737], [80.0138985, 26.9282346], [80.0139974, 26.9280373], [80.0141342, 26.9277647], [80.0156414, 26.9257098], [80.0165132, 26.924462]], [[78.3153393, 27.7541296], [78.3149905, 27.7544712]], [[78.348029, 27.7158671], [78.3479262, 27.715963], [78.3478388, 27.7160446], [78.3475434, 27.716321], [78.3473256, 27.7165659]], [[78.3473256, 27.7165659], [78.3471993, 27.7166996]], [[78.3523439, 27.7115957], [78.3510917, 27.712841], [78.3497594, 27.7141524], [78.3494829, 27.7144259], [78.3485931, 27.7153062], [78.348029, 27.7158671]], [[78.3629888, 27.7051675], [78.3628701, 27.705214], [78.3624097, 27.7054037]], [[78.362518, 27.705509], [78.3631021, 27.7052737]], [[78.3624097, 27.7054037], [78.3604956, 27.7061924], [78.3590372, 27.7067998], [78.3583861, 27.707078], [78.3582755, 27.7071294]], [[78.358376, 27.7072392], [78.360039, 27.7065078], [78.362518, 27.705509]], [[78.3582755, 27.7071294], [78.3577875, 27.7073975]], [[78.3578734, 27.7075291], [78.358376, 27.7072392]], [[78.3577875, 27.7073975], [78.3570654, 27.7078709], [78.3559706, 27.7085964], [78.3551592, 27.7091656], [78.3543931, 27.7097548], [78.3530064, 27.710947]], [[78.3525172, 27.7116218], [78.3526289, 27.7115048], [78.3532047, 27.7109533], [78.3535436, 27.7106674], [78.3538806, 27.7103832], [78.3547685, 27.7097136], [78.3559298, 27.7088136], [78.3575606, 27.7077046], [78.3578734, 27.7075291]], [[78.368228, 27.7031224], [78.3681157, 27.7031643]], [[78.3681701, 27.7032852], [78.3682816, 27.7032416]], [[78.3681157, 27.7031643], [78.3667974, 27.7036555], [78.3649261, 27.7044084], [78.3629888, 27.7051675]], [[78.3631021, 27.7052737], [78.3637404, 27.7050165], [78.3681701, 27.7032852]], [[78.3824243, 27.6968331], [78.3819869, 27.6971212]], [[78.3820706, 27.6971852], [78.3824998, 27.6969256], [78.3825391, 27.6968974]], [[78.3819869, 27.6971212], [78.3804238, 27.698076], [78.3798153, 27.6983952], [78.3796022, 27.698507], [78.3781274, 27.6992236], [78.376973, 27.6997382], [78.3761165, 27.7001111], [78.3752394, 27.7004802], [78.3751027, 27.7005345], [78.3744836, 27.7007803], [78.3735449, 27.7011259], [78.3719674, 27.7017205], [78.3719164, 27.7017393], [78.3704166, 27.7022916], [78.3685885, 27.7029881], [78.368228, 27.7031224]], [[78.3682816, 27.7032416], [78.3693302, 27.7028318], [78.3719898, 27.7018253], [78.3747268, 27.7007895], [78.3751492, 27.7006141], [78.3781814, 27.6993551], [78.3798294, 27.698502], [78.3802736, 27.6982721], [78.3820706, 27.6971852]], [[78.3896237, 27.6905959], [78.3892824, 27.6909107]], [[78.3893711, 27.6909837], [78.3897308, 27.6906523]], [[78.3892824, 27.6909107], [78.3880086, 27.6921779], [78.3860653, 27.6939946], [78.383014, 27.6964447], [78.3824243, 27.6968331]], [[78.3825391, 27.6968974], [78.383503, 27.696206], [78.3848494, 27.69518], [78.3858311, 27.6943631], [78.3873814, 27.6929666], [78.3890337, 27.6912946], [78.3893711, 27.6909837]], [[78.3940499, 27.6862692], [78.3936123, 27.686699]], [[78.393701, 27.6867473], [78.3941447, 27.6863145]], [[78.3936123, 27.686699], [78.3925863, 27.6877068], [78.3901904, 27.6900732], [78.3896237, 27.6905959]], [[78.3897308, 27.6906523], [78.3900905, 27.6903209], [78.3921504, 27.6882878], [78.3936363, 27.6868105], [78.393701, 27.6867473]], [[78.4057035, 27.6782304], [78.4056647, 27.6783372], [78.4055825, 27.678418], [78.4048692, 27.678802], [78.4042352, 27.6791578], [78.4030589, 27.6798299], [78.4012051, 27.6808907], [78.3997765, 27.6817296]], [[78.3998667, 27.6818495], [78.4009414, 27.6812273], [78.4019821, 27.6806305], [78.4028012, 27.6801545], [78.404071, 27.6794], [78.405287, 27.6786574], [78.4056014, 27.6784982], [78.4057107, 27.678477], [78.4058498, 27.6785054]], [[78.3997765, 27.6817296], [78.3996544, 27.6818013], [78.3992387, 27.6820839]], [[78.3993551, 27.6821582], [78.3997467, 27.681919], [78.3998667, 27.6818495]], [[78.3992387, 27.6820839], [78.3973076, 27.6833964], [78.3961341, 27.6842796], [78.3958278, 27.684546], [78.3940499, 27.6862692]], [[78.3941447, 27.6863145], [78.3948487, 27.6856277], [78.3960825, 27.6844497], [78.3979421, 27.6830911], [78.3993551, 27.6821582]], [[78.4078574, 27.6771672], [78.4070568, 27.6775997], [78.4066217, 27.6778483], [78.4057035, 27.6782304]], [[78.4058498, 27.6785054], [78.406204, 27.6782784], [78.407958, 27.6772456]], [[77.6741365, 28.9479199], [77.6740343, 28.9479953]], [[77.6983504, 28.9299808], [77.6964516, 28.9316006], [77.6952971, 28.9325855], [77.690328, 28.9367638], [77.6902592, 28.936808], [77.6893261, 28.9374069], [77.6887681, 28.9377883], [77.6880904, 28.9382516], [77.6875145, 28.9386453], [77.6870355, 28.9389685], [77.6868125, 28.9391226], [77.6864718, 28.9393581], [77.6853946, 28.9400945], [77.6841072, 28.9409919], [77.683779, 28.9412207], [77.6834457, 28.941453], [77.6814397, 28.942788], [77.6807834, 28.9432165], [77.679547, 28.9440237], [77.6775254, 28.9453882], [77.6769393, 28.9457943], [77.6761723, 28.9463257], [77.6755306, 28.9467703], [77.6747626, 28.9473507], [77.674448, 28.9475884], [77.6742681, 28.9477983], [77.6741365, 28.9479199]], [[78.3016556, 27.7673412], [78.3013951, 27.7675975], [78.3002971, 27.7686779], [78.2987322, 27.7702015], [78.2984845, 27.7704489], [78.2982473, 27.7707057], [78.2981022, 27.7709093], [78.2978545, 27.7713007], [78.2972139, 27.7724218], [78.2955115, 27.7753152], [78.2940003, 27.7780208], [78.2931485, 27.7795188], [78.2925599, 27.780554], [78.2909283, 27.783466], [78.2887508, 27.7873196], [78.2874979, 27.7895301], [78.2865352, 27.7908514], [78.2860751, 27.7915277], [78.285792, 27.7921539], [78.2854735, 27.7930994], [78.2845037, 27.7948903], [78.2833358, 27.7969191], [78.2831547, 27.7972514], [78.2827624, 27.797971], [78.282543, 27.7983154], [78.2823165, 27.7986159], [78.2818918, 27.7990605], [78.2809855, 27.7999163], [78.2802293, 27.8005996], [78.2792943, 27.8014814], [78.2786401, 27.8020984], [78.2778898, 27.8027777], [78.2772422, 27.8032004], [78.2764918, 27.8035479], [78.274517, 27.804343]], [[78.274517, 27.804343], [78.2741524, 27.8045246], [78.2738198, 27.8047876]], [[78.2724275, 27.8066178], [78.272348, 27.8067054]], [[78.2738198, 27.8047876], [78.2736817, 27.8049159], [78.273526, 27.8050819], [78.2731969, 27.8055201], [78.2725173, 27.8065188], [78.2724275, 27.8066178]], [[78.272348, 27.8067054], [78.2720997, 27.806979], [78.2716361, 27.8073546], [78.2709388, 27.807868], [78.2705248, 27.8081279], [78.2702876, 27.8082249], [78.2698063, 27.8083658], [78.2693285, 27.8084096], [78.269194, 27.8084127], [78.2688826, 27.8083877], [78.2684402, 27.8083219], [78.2675837, 27.8081748], [78.2671767, 27.8080903], [78.2664476, 27.8079682], [78.2660512, 27.8079463], [78.2658855, 27.8079463], [78.2655876, 27.8079463], [78.2650319, 27.8079807], [78.2644412, 27.8080865], [78.264177, 27.8081476], [78.2634649, 27.8083717], [78.2632053, 27.8084533], [78.2614247, 27.8090898], [78.2596113, 27.8097287], [78.2589447, 27.8099636], [78.2576438, 27.8104167], [78.2571071, 27.8106037], [78.2565827, 27.8107475], [78.2560217, 27.8108518], [78.2544687, 27.8109776], [78.2528831, 27.8110783], [78.2519155, 27.8111502], [78.2513481, 27.8112339], [78.2511594, 27.8112617], [78.2504072, 27.8114523], [78.2498665, 27.8116429], [78.2489599, 27.8120384], [78.2475451, 27.8126738], [78.2469028, 27.8128942], [78.2461629, 27.8131244], [78.2457674, 27.8132065]], [[78.2457674, 27.8132065], [78.2453661, 27.8132898], [78.2452137, 27.8133166]], [[78.2401073, 27.8146746], [78.2407427, 27.8145009]], [[78.2406947, 27.814334], [78.2404953, 27.8143863], [78.2400458, 27.8145042]], [[78.2452137, 27.8133166], [78.2438944, 27.8135487], [78.2431463, 27.8136997], [78.2414266, 27.814142], [78.2406947, 27.814334]], [[78.2383616, 27.815125], [78.2386963, 27.8150377]], [[78.2387644, 27.8148528], [78.2384385, 27.8149438]], [[78.2386963, 27.8150377], [78.239377, 27.8148601], [78.2401073, 27.8146746]], [[78.2400458, 27.8145042], [78.2395077, 27.8146454], [78.2387644, 27.8148528]], [[78.2336049, 27.8166223], [78.2340147, 27.8164099], [78.2344172, 27.8162373], [78.235027, 27.8160215], [78.2362751, 27.8156691], [78.2383616, 27.815125]], [[78.2384385, 27.8149438], [78.2369912, 27.8153537], [78.2358569, 27.8156702], [78.2352674, 27.8158391], [78.2346495, 27.8160261], [78.2342877, 27.816152], [78.2336982, 27.816436], [78.2334792, 27.8165645]], [[78.2490684, 29.7327334], [78.2489097, 29.7333794], [78.2486901, 29.7345424]], [[78.2503033, 29.7234322], [78.2501266, 29.7240398], [78.2500226, 29.7245231], [78.2499312, 29.7253142], [78.2498508, 29.7269392], [78.2497735, 29.7284867], [78.2496428, 29.729654], [78.2494992, 29.73055], [78.2493707, 29.7313517], [78.2492452, 29.7320144], [78.2491299, 29.7324312], [78.2490684, 29.7327334]], [[78.2491343, 29.7332401], [78.2492497, 29.7326348]], [[78.2488298, 29.7348142], [78.2491343, 29.7332401]], [[77.74216, 29.0047652], [77.7412387, 29.0039808], [77.7409365, 29.0037235], [77.7406074, 29.003528], [77.7405681, 29.0035046], [77.7393832, 29.0028534], [77.7390285, 29.0026585], [77.7366775, 29.0014186]], [[77.7423577, 29.0049336], [77.74216, 29.0047652]], [[77.7451829, 29.0073381], [77.744926, 29.0071245], [77.7445567, 29.0068025], [77.7439214, 29.0062638], [77.7430949, 29.0055552], [77.7428909, 29.0053875], [77.7426833, 29.0052107], [77.7425825, 29.0051249], [77.7424962, 29.0050514], [77.7424162, 29.0049833], [77.7423944, 29.0049648], [77.7423577, 29.0049336]], [[77.757449, 29.0149961], [77.7574017, 29.014911], [77.7562352, 29.0142134], [77.7555295, 29.0137913], [77.7551905, 29.0135946], [77.7548814, 29.0134152], [77.7545696, 29.0132365], [77.7545281, 29.0132127], [77.7543114, 29.0130824], [77.7533024, 29.0124758], [77.7531262, 29.0123699], [77.7529756, 29.0122817], [77.7523435, 29.0119118], [77.7522018, 29.0118288], [77.7516986, 29.0115158], [77.751328, 29.0112852], [77.751204, 29.011208], [77.7499487, 29.0104246], [77.7497728, 29.0103138], [77.7494936, 29.010138], [77.7490657, 29.0098687], [77.7490421, 29.0098538], [77.7489982, 29.0098266], [77.7475762, 29.0089751], [77.7463368, 29.008184]], [[77.7585052, 29.0156206], [77.7583797, 29.0155455], [77.7579087, 29.0152636], [77.7575447, 29.0150476], [77.757449, 29.0149961]], [[77.7761976, 29.0271481], [77.7747399, 29.0259582], [77.773425, 29.024884], [77.7729472, 29.0244733], [77.7721114, 29.0237592], [77.7719262, 29.023609], [77.7717689, 29.0234942], [77.7715892, 29.0233673], [77.771361, 29.0232103], [77.7709722, 29.0229871], [77.7706, 29.0227729], [77.7699345, 29.022402], [77.7696557, 29.0222309], [77.767018, 29.0206133], [77.764935, 29.0193626], [77.7626136, 29.0179512], [77.7610118, 29.0169878], [77.7609093, 29.0169302], [77.7607423, 29.0168366], [77.7591864, 29.0159639], [77.7589842, 29.0158491], [77.7586299, 29.0156381], [77.7585052, 29.0156206]], [[77.7802261, 29.0304836], [77.7790898, 29.0295558], [77.7770949, 29.0278927], [77.7761976, 29.0271481]], [[77.7864089, 29.035472], [77.7836861, 29.0332442], [77.7808805, 29.0310014], [77.7802261, 29.0304836]], [[77.7870494, 29.0360006], [77.7864089, 29.035472]], [[77.7964377, 29.0436677], [77.7928295, 29.0407765], [77.7908339, 29.0391745], [77.7898164, 29.0383344], [77.7870494, 29.0360006]], [[77.8144696, 29.0596022], [77.8137213, 29.058927], [77.8125465, 29.0578813], [77.8112188, 29.0566926], [77.8089416, 29.0546504], [77.8077158, 29.0535366], [77.8066295, 29.05258], [77.8044328, 29.0506245], [77.8026679, 29.0490699], [77.8017479, 29.0482633], [77.8009084, 29.0475247], [77.7985266, 29.0454823], [77.7964377, 29.0436677]], [[77.8188014, 29.06333], [77.8165993, 29.0614427], [77.8154084, 29.0604298], [77.8144696, 29.0596022]], [[77.8192306, 29.0637567], [77.8188014, 29.06333]], [[77.8215453, 29.0704382], [77.8213561, 29.0701099], [77.8211591, 29.0696153], [77.8210276, 29.0692566], [77.8209043, 29.0686823], [77.8207728, 29.0679626], [77.8205448, 29.0667458], [77.8203732, 29.0659417], [77.820231, 29.0654118], [77.8201611, 29.0651424], [77.8200566, 29.0648305], [77.8199428, 29.0646137], [77.819716, 29.0642748], [77.8192306, 29.0637567]], [[77.8220281, 29.0710665], [77.8215453, 29.0704382]], [[77.8383629, 29.0814903], [77.8375857, 29.0808397], [77.8368329, 29.08015], [77.8358254, 29.0792223], [77.8348964, 29.0783244], [77.8341139, 29.077629], [77.8334404, 29.0770001], [77.8324222, 29.076084], [77.8318918, 29.0757199], [77.8315557, 29.0754891], [77.8312633, 29.0753703], [77.8304978, 29.0751433], [77.8296792, 29.0749966], [77.8289828, 29.0749298], [77.8276305, 29.0747508], [77.8265271, 29.0745977], [77.8258314, 29.0744484], [77.8255357, 29.0743515], [77.8252643, 29.0742275], [77.8246311, 29.0738908], [77.8243354, 29.0736768], [77.8239698, 29.0733364], [77.8235385, 29.0728631], [77.8228669, 29.0720263], [77.8220281, 29.0710665]], [[77.8386947, 29.0818111], [77.8383629, 29.0814903]], [[77.8523357, 29.0942458], [77.850153, 29.0922982], [77.8488871, 29.0911334], [77.847246, 29.0896729], [77.8460383, 29.0885791], [77.8453822, 29.0879707], [77.8451731, 29.0877768], [77.8445645, 29.087219], [77.8421591, 29.0850142], [77.839572, 29.082617], [77.8386947, 29.0818111]], [[77.8531574, 29.0950281], [77.8523357, 29.0942458]], [[77.8543308, 29.0961278], [77.8536797, 29.0955252], [77.8531574, 29.0950281]], [[77.8671936, 29.1077025], [77.8670184, 29.1075287], [77.8645204, 29.1052487], [77.8618163, 29.1028657], [77.8609096, 29.1020626], [77.8597298, 29.1010176], [77.8586576, 29.100013], [77.8571026, 29.0986336], [77.8543308, 29.0961278]], [[77.8703065, 29.1106002], [77.8702188, 29.1104399], [77.8684319, 29.1088454], [77.8671936, 29.1077025]], [[77.8703065, 29.1106002], [77.8706355, 29.1108934], [77.8706638, 29.1109221], [77.8709561, 29.1112191]], [[77.8778375, 29.1174361], [77.8773297, 29.1169583], [77.8767472, 29.116307], [77.875657, 29.1152981], [77.8747248, 29.114461], [77.873872, 29.1137538], [77.8734698, 29.1133929], [77.8717908, 29.1118641], [77.871168, 29.111301], [77.8709561, 29.1112191]], [[77.8781836, 29.1177707], [77.8778375, 29.1174361]], [[77.8850141, 29.1240771], [77.884998, 29.1240624], [77.8809979, 29.1204087], [77.8804574, 29.119915], [77.8781836, 29.1177707]], [[77.8858011, 29.1247959], [77.8853885, 29.124419], [77.8850141, 29.1240771]], [[77.8986057, 29.1362398], [77.8955609, 29.1335816], [77.894816, 29.1329312], [77.893787, 29.1320328], [77.8920767, 29.1304715], [77.8894684, 29.1281132], [77.8894305, 29.1280789], [77.8858127, 29.1248064], [77.8858011, 29.1247959]], [[77.8986057, 29.1362398], [77.8986581, 29.1362855], [77.8987024, 29.1363242], [77.8989087, 29.1364985], [77.899023, 29.1365935]], [[77.9134086, 29.1487155], [77.9106561, 29.1463637], [77.9093192, 29.1452132], [77.907326, 29.143498], [77.9024729, 29.1394624], [77.899023, 29.1365935]], [[77.9139894, 29.1492222], [77.9136972, 29.1489621], [77.9134086, 29.1487155]], [[77.9320224, 29.1639779], [77.9283242, 29.1612016], [77.9245575, 29.1581289], [77.9244621, 29.1580497], [77.9214063, 29.1555283], [77.9171461, 29.1519283], [77.9148477, 29.1499861], [77.9139894, 29.1492222]], [[77.9330365, 29.1647281], [77.9320224, 29.1639779]], [[77.9361968, 29.1671614], [77.9330365, 29.1647281]], [[77.9408999, 29.170835], [77.9361968, 29.1671614]], [[77.957954, 29.1885398], [77.9579059, 29.188397], [77.9527409, 29.1831067], [77.950995, 29.1812792], [77.9469276, 29.1770909], [77.9452413, 29.1750008], [77.9434724, 29.1728468], [77.9421977, 29.171862], [77.9408999, 29.170835]], [[77.957954, 29.1885398], [77.9593214, 29.1899649], [77.9607797, 29.1915451]], [[77.9607797, 29.1915451], [77.9610215, 29.1918393]], [[77.9610215, 29.1918393], [77.9659166, 29.1980381], [77.966217, 29.198313]], [[77.966217, 29.198313], [77.966238, 29.198377], [77.966367, 29.198592], [77.966517, 29.198828], [77.966946, 29.199343], [77.967332, 29.199901], [77.967676, 29.200588], [77.967826, 29.200781], [77.9680493, 29.2010715], [77.968255, 29.201339], [77.968577, 29.201682], [77.969049, 29.202261], [77.969392, 29.202776], [77.969693, 29.203163], [77.96995, 29.203549], [77.970229, 29.203914], [77.9703629, 29.2041367], [77.970422, 29.204235], [77.970851, 29.204901], [77.9710308, 29.2051547], [77.971109, 29.205265], [77.971753, 29.206231], [77.9719932, 29.2065676], [77.9721705, 29.206816], [77.972396, 29.207132], [77.973147, 29.208184], [77.973834, 29.209192], [77.9743694, 29.2099866], [77.974499, 29.210179], [77.974993, 29.210952], [77.975915, 29.212196], [77.976924, 29.213612], [77.977525, 29.214449], [77.977632, 29.214642], [77.978834, 29.216252], [77.979413, 29.217046], [77.980035, 29.21799], [77.980808, 29.219063], [77.981323, 29.219835], [77.981773, 29.220565], [77.982224, 29.221208], [77.982911, 29.222195], [77.982996, 29.222389], [77.983619, 29.22329], [77.984563, 29.224706], [77.985335, 29.225865], [77.986022, 29.226873], [77.986473, 29.22756], [77.987116, 29.228526], [77.987631, 29.229277], [77.988318, 29.230242], [77.989284, 29.231723], [77.9898943, 29.2326361], [77.9905471, 29.2335673], [77.991193, 29.234448], [77.992245, 29.236014], [77.993039, 29.237194], [77.993425, 29.237752], [77.994111, 29.238675], [77.994948, 29.239812], [77.995764, 29.240864], [77.996558, 29.241915], [77.997416, 29.243052], [77.998167, 29.244039], [77.998682, 29.244705], [77.9988174, 29.244884], [77.999347, 29.245584], [78.000291, 29.246829], [78.0008327, 29.2475506], [78.0011766, 29.2480088], [78.001257, 29.248116], [78.001815, 29.248824], [78.0018624, 29.2488844], [78.0019192, 29.2489567], [78.002523, 29.249726], [78.0025675, 29.249781], [78.0026137, 29.2498382], [78.002974, 29.250284], [78.003252, 29.250648], [78.003231, 29.250927], [78.003059, 29.251206], [78.0028638, 29.2514367], [78.002823, 29.251485], [78.0025248, 29.2518408], [78.0024668, 29.2519101], [78.002373, 29.252022], [78.0017515, 29.2527036], [78.0016984, 29.2527618], [78.001493, 29.252987], [78.0010001, 29.2535309], [78.0009431, 29.2535938], [78.0005208, 29.2540599], [78.000248, 29.254361], [77.999412, 29.255348], [77.9991601, 29.2556405], [77.998618, 29.25627], [77.997309, 29.257729], [77.996129, 29.259103], [77.994519, 29.26097], [77.992223, 29.26363], [77.991579, 29.264403], [77.990764, 29.265325], [77.989155, 29.267235], [77.98806, 29.268523], [77.987009, 29.269703], [77.986301, 29.270475], [77.9859751, 29.2708194], [77.9857929, 29.271012], [77.985368, 29.2712333], [77.984649, 29.271591], [77.9834407, 29.2721014], [77.9830931, 29.2722734], [77.982889, 29.272385], [77.98216, 29.272728], [77.981387, 29.273115], [77.9811269, 29.2731992], [77.980658, 29.273351], [77.980207, 29.273393], [77.979821, 29.273393], [77.979756, 29.273393], [77.979735, 29.273393], [77.979649, 29.273393], [77.979434, 29.273393], [77.978726, 29.273393], [77.977396, 29.273372], [77.9762452, 29.273355], [77.9754975, 29.2736676], [77.9739943, 29.2744452], [77.9733293, 29.2747815], [77.972353, 29.275325], [77.970615, 29.276226], [77.9691719, 29.2769552], [77.9680333, 29.2776757], [77.966865, 29.2785002], [77.966333, 29.2788412], [77.965513, 29.2793497], [77.9646009, 29.2799687], [77.9640526, 29.2803622], [77.9637102, 29.2806134], [77.962907, 29.2812235], [77.9622264, 29.281734], [77.9617167, 29.2821151], [77.9611482, 29.2825793], [77.9610277, 29.2826745], [77.9606805, 29.2829945], [77.9601987, 29.2834171], [77.9598291, 29.2837298], [77.9596162, 29.2838935], [77.9592493, 29.28415], [77.9590869, 29.2842623], [77.9583979, 29.284724], [77.9577201, 29.2851857], [77.957118, 29.2856278], [77.9565971, 29.2859478], [77.9562162, 29.2861139], [77.9556224, 29.2863875], [77.9551043, 29.2866073], [77.9548467, 29.2866904], [77.9546002, 29.2867588], [77.9543005, 29.2867612], [77.9539729, 29.286666], [77.9536616, 29.2865404], [77.9533007, 29.2863948], [77.9526817, 29.2861335], [77.9522756, 29.2859674], [77.9518723, 29.2858208], [77.9516847, 29.2857671], [77.9514102, 29.285706], [77.9511386, 29.2856596], [77.9507605, 29.2856474], [77.950234, 29.2856864], [77.9496094, 29.2857402], [77.9489541, 29.285789], [77.9480298, 29.285855], [77.9471756, 29.2859136], [77.9463158, 29.2859747], [77.9461234, 29.2859895], [77.9455848, 29.2860309], [77.9447895, 29.2861115], [77.9442461, 29.2861774], [77.9436552, 29.2862532], [77.9433583, 29.2863948], [77.9431315, 29.2866073], [77.9428682, 29.2871472], [77.9425913, 29.2879012], [77.9425237, 29.2880852], [77.9423417, 29.2886152], [77.9422212, 29.2889743], [77.94207, 29.2893944], [77.9418852, 29.289861], [77.9416695, 29.2904179], [77.9413894, 29.2911482], [77.9411598, 29.2918224], [77.9410198, 29.2921619], [77.9408069, 29.2927481], [77.9406921, 29.2930974], [77.9405716, 29.2933612], [77.9404947, 29.2934786], [77.9404596, 29.2935322], [77.9402328, 29.2936812], [77.939639, 29.2939962], [77.9390565, 29.2942698], [77.9383087, 29.294624], [77.9378046, 29.2948731], [77.9369476, 29.295259], [77.9359393, 29.2957622], [77.9346874, 29.2963948], [77.9341301, 29.2966805], [77.9339453, 29.2967871]], [[77.9339453, 29.2967871], [77.9339856, 29.2968924], [77.934094, 29.2970839], [77.93418, 29.297233], [77.934266, 29.297362], [77.934352, 29.297469], [77.934545, 29.297791], [77.9346808, 29.297982], [77.9348898, 29.2982679], [77.935233, 29.2986583], [77.9356775, 29.2989919], [77.936047, 29.299164], [77.9368858, 29.2995182], [77.9380239, 29.2998901], [77.938686, 29.300151], [77.939588, 29.300516], [77.941347, 29.301267], [77.943214, 29.302061], [77.944351, 29.302533], [77.945832, 29.303091], [77.946325, 29.303177], [77.947184, 29.303134], [77.9474661, 29.3030541], [77.948321, 29.302812], [77.9486, 29.302683], [77.949587, 29.302233], [77.950788, 29.301567], [77.9519413, 29.3009396], [77.952891, 29.300452], [77.953707, 29.300044], [77.9546742, 29.2995189], [77.9552095, 29.2992361], [77.955333, 29.2992619], [77.955488, 29.2994], [77.9556691, 29.2995893], [77.955938, 29.299894], [77.956432, 29.30043], [77.957118, 29.30116], [77.957784, 29.301911], [77.95817, 29.30234], [77.9583352, 29.3025211], [77.958835, 29.303069], [77.959543, 29.30382], [77.960466, 29.304829], [77.961689, 29.306074], [77.962333, 29.306696], [77.963019, 29.307382], [77.963878, 29.308219], [77.964478, 29.308863], [77.965401, 29.30985], [77.966088, 29.310515], [77.9663215, 29.3107489], [77.96671, 29.311138], [77.967525, 29.312017], [77.968706, 29.31324], [77.969371, 29.313906], [77.970444, 29.314914], [77.971731, 29.316137], [77.972718, 29.317124], [77.973898, 29.318283], [77.975701, 29.320128], [77.97701, 29.32148], [77.978211, 29.322617], [77.979499, 29.323905], [77.9804, 29.324785], [77.981795, 29.326179], [77.983168, 29.327445], [77.985164, 29.329269], [77.986043, 29.330149], [77.987073, 29.331222], [77.987503, 29.331715], [77.988318, 29.332853], [77.988769, 29.333582], [77.9893613, 29.334576], [77.989434, 29.334698], [77.990035, 29.335428], [77.990485, 29.335792], [77.9910776, 29.3361786], [77.992052, 29.33723], [77.993318, 29.33856], [77.994026, 29.339269], [77.995335, 29.340556], [77.996021, 29.340985], [77.996531, 29.3412336], [77.996901, 29.341414], [77.998103, 29.341972], [77.999669, 29.342745], [78.000806, 29.343453], [78.002137, 29.34444], [78.004003, 29.345856], [78.004776, 29.346607], [78.0054044, 29.3471507], [78.0055095, 29.3472417], [78.00557, 29.347294], [78.006171, 29.347959], [78.006643, 29.348731], [78.007351, 29.349912], [78.00778, 29.35062], [78.008445, 29.351714], [78.009003, 29.352701], [78.009389, 29.353173], [78.0097157, 29.3534751]], [[78.0097157, 29.3534751], [78.009904, 29.353731], [78.0104452, 29.3542559]], [[78.0104452, 29.3542559], [78.010505, 29.3543341], [78.010634, 29.354503], [78.01117, 29.355104], [78.011299, 29.355297], [78.011406, 29.355598], [78.011492, 29.356091], [78.011599, 29.356628], [78.011664, 29.357186], [78.011707, 29.357787], [78.011685, 29.358473], [78.011642, 29.359224], [78.011578, 29.359825], [78.011599, 29.360726], [78.011599, 29.360984], [78.011728, 29.361585], [78.012029, 29.362271], [78.012393, 29.362829], [78.012908, 29.36358], [78.013423, 29.364288], [78.014239, 29.365189], [78.015076, 29.365876], [78.016234, 29.366627], [78.018015, 29.367657], [78.019281, 29.368129], [78.021341, 29.368837], [78.02426, 29.369803], [78.026169, 29.370489], [78.028058, 29.371112], [78.029624, 29.371648], [78.031341, 29.372228], [78.032413, 29.372528], [78.033272, 29.37285], [78.033658, 29.372979], [78.033873, 29.373043], [78.034066, 29.373086], [78.03443, 29.373172], [78.03486, 29.373236]], [[78.03486, 29.373236], [78.035546, 29.373279], [78.03634, 29.373322], [78.037392, 29.373386], [78.038271, 29.373451], [78.039258, 29.373515], [78.040331, 29.373601], [78.0410978, 29.373644]], [[78.0410978, 29.373644], [78.0411322, 29.373641], [78.041855, 29.373579], [78.042327, 29.373386], [78.043207, 29.373], [78.0434, 29.372893], [78.043464, 29.372871], [78.043507, 29.37285], [78.043722, 29.372721], [78.043893, 29.372635], [78.044151, 29.372485], [78.044644, 29.372206], [78.045288, 29.371884], [78.046189, 29.371391], [78.047133, 29.37094], [78.047455, 29.370833], [78.048249, 29.37064], [78.04915, 29.370532], [78.050009, 29.370532], [78.050888, 29.370661], [78.051725, 29.370854], [78.052648, 29.371219], [78.053635, 29.371713], [78.05488, 29.372313], [78.0557907, 29.3727154], [78.056532, 29.373043], [78.0568171, 29.3731449]], [[78.0568171, 29.3731449], [78.0574619, 29.3733752]], [[78.1637043, 29.4165332], [78.1641065, 29.4172899], [78.1650189, 29.4191261], [78.1653236, 29.4197623], [78.1659322, 29.4210562], [78.166509, 29.422306], [78.1670568, 29.4235572], [78.1675107, 29.4247882], [78.1679182, 29.4261674], [78.1682586, 29.4276004], [78.1689137, 29.4299544], [78.1692334, 29.4312302], [78.1693329, 29.431747], [78.1699194, 29.4341501], [78.1703011, 29.4356909], [78.1705309, 29.4364618], [78.1709664, 29.4377083], [78.1716515, 29.4399206], [78.1720703, 29.4413462], [78.1723249, 29.4426336]], [[78.2324628, 29.5275306], [78.2324153, 29.5274537]], [[78.3109809, 29.5939278], [78.3107306, 29.5935043], [78.3100774, 29.5929149], [78.3090052, 29.5919343], [78.3089046, 29.5918394]], [[78.3089046, 29.5918394], [78.3086721, 29.5916201]], [[78.3086721, 29.5916201], [78.3085677, 29.5915217], [78.3083351, 29.5913173], [78.3079823, 29.5910073], [78.3052463, 29.5884299], [78.3009555, 29.5844748], [78.295258, 29.5792435], [78.2909289, 29.5751426], [78.287383, 29.5720027], [78.2839444, 29.5692312], [78.2810047, 29.5669543], [78.2799586, 29.5661471], [78.2797105, 29.5659426], [78.2792547, 29.5655669], [78.2781508, 29.564724], [78.2754633, 29.562755], [78.2749697, 29.562377], [78.2732317, 29.5610332], [78.2724163, 29.5604079], [78.2719657, 29.5599273], [78.2716116, 29.559498], [78.2711074, 29.5587094], [78.2708121, 29.558324], [78.270529, 29.5579976], [78.2697079, 29.5573203], [78.266239, 29.5546228], [78.2659466, 29.5543935], [78.2629928, 29.5520778], [78.2605403, 29.5501507], [78.2585592, 29.5485586], [78.2560173, 29.5465376], [78.2519134, 29.5433693], [78.2509046, 29.5425791], [78.2504283, 29.542206]], [[78.2504283, 29.542206], [78.250193, 29.542013]], [[78.250193, 29.542013], [78.2420188, 29.5356528], [78.2384534, 29.5328433], [78.2364033, 29.5312277], [78.2361041, 29.5309723], [78.2358658, 29.5307936]], [[78.2357759, 29.5309303], [78.2358596, 29.5309915], [78.235933, 29.5310452], [78.2383134, 29.5328247], [78.24053, 29.534634], [78.2434849, 29.5369141], [78.2449945, 29.5381829], [78.246817, 29.5395982], [78.2477075, 29.54027], [78.2503007, 29.5423268]], [[78.2503007, 29.5423268], [78.2505358, 29.5424852]], [[78.2505358, 29.5424852], [78.2516002, 29.5432776], [78.2529359, 29.544272], [78.2557502, 29.5464931], [78.2584121, 29.548588], [78.2621258, 29.5515725], [78.2651346, 29.5539298], [78.2655566, 29.5542604], [78.2677925, 29.5560191], [78.2678622, 29.5560739], [78.2685086, 29.5565823], [78.2688, 29.5568039], [78.2692254, 29.5571273], [78.2697451, 29.5575224], [78.2702021, 29.5578699], [78.2707562, 29.5584956], [78.270887, 29.5586791], [78.2711881, 29.5590974], [78.2716313, 29.5597819], [78.271858, 29.56006], [78.2721478, 29.5603637], [78.273243, 29.5612483], [78.2748461, 29.5624585], [78.2755788, 29.5630311], [78.2762734, 29.5635557], [78.2795669, 29.5660457], [78.2829687, 29.5686827], [78.2858628, 29.5709538], [78.2871828, 29.5719631], [78.2886262, 29.5732437], [78.2911141, 29.5755273], [78.2948495, 29.5790472], [78.2986212, 29.5825292], [78.3014065, 29.5850964], [78.3040249, 29.5875248], [78.3079844, 29.5912183], [78.3083803, 29.591587]], [[78.3083803, 29.591587], [78.3088482, 29.5920225]], [[78.3088482, 29.5920225], [78.3106204, 29.5936521], [78.3109809, 29.5939278]], [[78.317695, 29.5990351], [78.3175555, 29.5990374], [78.3174884, 29.5990421], [78.3173034, 29.5990748], [78.3153748, 29.5995718], [78.3147359, 29.5997169], [78.314264, 29.5996719], [78.313552, 29.599443], [78.3133662, 29.5992966], [78.3122554, 29.5981806], [78.3119446, 29.5977902], [78.3118295, 29.5974449], [78.3113402, 29.5949577], [78.3111459, 29.5942754], [78.3109809, 29.5939278]], [[78.3184629, 29.599425], [78.3182797, 29.5992847], [78.3180892, 29.5991517], [78.3178961, 29.5990631], [78.317695, 29.5990351]], [[78.323371, 29.6024997], [78.3227456, 29.6022092], [78.3223926, 29.6020208], [78.3212532, 29.6014082], [78.3208546, 29.6011784], [78.3197977, 29.6004503], [78.3184629, 29.599425]], [[78.3261646, 29.6039876], [78.323371, 29.6024997]], [[78.3261646, 29.6039876], [78.3259565, 29.6041608], [78.3256535, 29.6044026], [78.3252444, 29.6047094], [78.3249303, 29.605], [78.3247718, 29.605322], [78.3247114, 29.605549], [78.3246952, 29.6058024], [78.3247553, 29.6060088], [78.3249338, 29.6062569], [78.3255285, 29.6070505], [78.3258655, 29.6077741], [78.326384, 29.6083214], [78.3267455, 29.6086431], [78.3268742, 29.6088151], [78.3273791, 29.6093864], [78.3280282, 29.6098229], [78.3285609, 29.6101424], [78.3299142, 29.610728], [78.3305021, 29.6111326], [78.3310103, 29.6116117], [78.3313277, 29.6120059], [78.3314819, 29.6121974], [78.3316161, 29.6124442], [78.3317452, 29.6126818], [78.3318388, 29.6128732], [78.3320758, 29.6133579], [78.3320846, 29.6134794], [78.3321371, 29.6142044], [78.3321432, 29.6150881], [78.3322044, 29.6153756], [78.3323155, 29.6155619]], [[78.3314701, 29.6171391], [78.3322672, 29.615652], [78.3323155, 29.6155619]], [[78.3311477, 29.6177404], [78.3314701, 29.6171391]], [[78.3111364, 29.6364806], [78.3132865, 29.6358812], [78.3139037, 29.6356172], [78.314276, 29.635383], [78.3147365, 29.6350636], [78.315246, 29.6346251], [78.3154891, 29.6343584], [78.3169116, 29.6327983], [78.3173574, 29.6323725], [78.3178228, 29.6320191], [78.3191139, 29.6310469], [78.3204241, 29.6300603], [78.3207352, 29.6298415], [78.3208389, 29.6297686], [78.3211932, 29.6295195], [78.3225012, 29.6287275], [78.3254313, 29.6272805], [78.3262782, 29.6268623], [78.3270033, 29.6264535], [78.3270543, 29.6264076], [78.3275421, 29.625968], [78.3279539, 29.6255237], [78.3283775, 29.6250666], [78.3288011, 29.6246096], [78.3294488, 29.6239476], [78.3300084, 29.6233373], [78.3309762, 29.6223866], [78.3310987, 29.622063], [78.3311575, 29.6215051], [78.3310889, 29.6208578], [78.3308201, 29.6196009], [78.330804, 29.6194567], [78.3307802, 29.6192986], [78.3307656, 29.6191884], [78.3307648, 29.6191213], [78.3307607, 29.6187583], [78.3308391, 29.6183068], [78.3311477, 29.6177404]], [[78.3106554, 29.6366192], [78.3111364, 29.6364806]], [[78.2816248, 29.640569], [78.2818037, 29.640746], [78.281867, 29.6407869], [78.2819514, 29.6408033], [78.2821406, 29.640801], [78.2829949, 29.6407599], [78.2842138, 29.6408621], [78.2860988, 29.6410664], [78.2876312, 29.6412129], [78.2897632, 29.6413832], [78.2904686, 29.64139], [78.2911623, 29.6413424], [78.2919539, 29.6412231], [78.2920403, 29.6412092], [78.2935255, 29.6409711], [78.294419, 29.64092], [78.2966216, 29.6408008], [78.2979815, 29.6405521], [78.2992199, 29.6403307], [78.3015782, 29.639939], [78.3030626, 29.6395941], [78.3049431, 29.6390506], [78.3050515, 29.6390193], [78.3068347, 29.638172], [78.3077635, 29.6377241], [78.3090686, 29.6370947], [78.3097887, 29.636869], [78.3106554, 29.6366192]], [[78.2816248, 29.640569], [78.2815431, 29.6404684]], [[78.2815431, 29.6404684], [78.2810694, 29.6407278], [78.28055, 29.6409803]], [[78.278595, 29.6421164], [78.279836, 29.6414781], [78.2806087, 29.6410981]], [[78.2806087, 29.6410981], [78.2811047, 29.6408535], [78.2816248, 29.640569]], [[78.2778392, 29.6424715], [78.278595, 29.6421164]], [[78.2635066, 29.6438097], [78.2638612, 29.643709], [78.2643343, 29.6436237], [78.2649867, 29.6435875], [78.2658818, 29.6435535], [78.2687802, 29.6433302], [78.2708737, 29.6432642], [78.2712231, 29.6432555], [78.2718818, 29.6432392], [78.2733434, 29.6431862], [78.2745438, 29.6431526], [78.2753638, 29.6430925], [78.2759733, 29.6430349], [78.2764437, 29.6429333], [78.2767533, 29.6428619], [78.2770169, 29.6427844], [78.2774179, 29.6426589], [78.2778392, 29.6424715]], [[78.2586458, 29.6488134], [78.2589474, 29.6486082], [78.2592342, 29.6483812], [78.2599791, 29.6476324], [78.2602527, 29.647305], [78.2604577, 29.6470195], [78.2606445, 29.6467029], [78.2608827, 29.6461043], [78.2611582, 29.6455604], [78.2614641, 29.6451058], [78.2616906, 29.6448494], [78.262101, 29.6444963], [78.2623728, 29.6443205], [78.2624698, 29.6442577], [78.2628822, 29.6440245], [78.2635066, 29.6438097]], [[78.2585031, 29.648904], [78.2586458, 29.6488134]], [[78.2601584, 29.6994354], [78.2602488, 29.6993136], [78.2605885, 29.6985038], [78.2610623, 29.6973543], [78.2613851, 29.696556], [78.2618276, 29.6954679], [78.262205, 29.6945646], [78.2626029, 29.6935962], [78.2627533, 29.693178], [78.262854, 29.6927598], [78.2629066, 29.6924394], [78.2629405, 29.6922325], [78.2629323, 29.6919564], [78.2629144, 29.6916945], [78.2627843, 29.6911269], [78.2625902, 29.690624], [78.2622279, 29.6900866], [78.2614199, 29.6892374], [78.2603109, 29.6880246], [78.2595545, 29.6871998], [78.2590127, 29.6866079], [78.258149, 29.6857551], [78.2569098, 29.6845736], [78.256258, 29.6839072], [78.2559335, 29.6835017], [78.2552042, 29.6824596], [78.2545709, 29.6815863], [78.2537287, 29.6804211], [78.2528436, 29.6791325], [78.2520362, 29.6779603], [78.2511618, 29.6767275], [78.2507419, 29.6761143], [78.2504378, 29.6756641], [78.2502376, 29.6752519], [78.2498678, 29.6744756], [78.2492701, 29.6731478], [78.248925, 29.6723447], [78.2486154, 29.6715323], [78.2480747, 29.6702325], [78.2478898, 29.6696596], [78.2477573, 29.6690653], [78.2476895, 29.6686905], [78.2476402, 29.6679221], [78.2476413, 29.667861], [78.2476618, 29.6667736], [78.2476926, 29.6657884], [78.2477388, 29.6651245], [78.2477347, 29.6636838], [78.2477183, 29.6625475], [78.247709, 29.6616101], [78.2477323, 29.6604597], [78.2477604, 29.6597394], [78.2478211, 29.6590373], [78.2478819, 29.6585419], [78.2480129, 29.6577822], [78.2480661, 29.6575403], [78.2481663, 29.6570844], [78.2484558, 29.6558548], [78.2486892, 29.6548984], [78.2487734, 29.6544993], [78.2490139, 29.6535395], [78.2492264, 29.6526629], [78.2493922, 29.6520704], [78.2495183, 29.6517376], [78.2499269, 29.6510821], [78.2503729, 29.6505647], [78.2508212, 29.6502177], [78.251461, 29.6498585], [78.2520984, 29.649619], [78.2524487, 29.6495338], [78.2530418, 29.6494608], [78.2537656, 29.6494364], [78.255636, 29.6494526], [78.2563003, 29.6494676], [78.2568548, 29.6494303], [78.2574129, 29.6493268], [78.2579009, 29.6491787], [78.2583469, 29.6489859], [78.2585031, 29.648904]], [[78.2600752, 29.6996308], [78.2601584, 29.6994354]], [[78.2599946, 29.6998032], [78.2600556, 29.6996727], [78.2600752, 29.6996308]], [[78.2545795, 29.7129094], [78.2547159, 29.7127055], [78.2551382, 29.7117204], [78.2555893, 29.7105912], [78.2556088, 29.7105468], [78.2557206, 29.710277], [78.256049, 29.7094906], [78.2563582, 29.7087868], [78.2564859, 29.7084812], [78.2567149, 29.7079196], [78.2572297, 29.7066572], [78.2580303, 29.7047671], [78.2588332, 29.702828], [78.2594291, 29.7013185], [78.2599998, 29.6999126], [78.2599946, 29.6998032]], [[78.2599946, 29.6998032], [78.2599034, 29.6998715], [78.2597676, 29.7002116], [78.2590478, 29.7020284], [78.2587202, 29.7028461], [78.2583942, 29.7036598], [78.2579438, 29.7047151], [78.2577978, 29.7050571], [78.2572001, 29.7064833], [78.2571642, 29.7065689], [78.2568959, 29.7072213], [78.2566193, 29.7078941], [78.2563781, 29.7084806], [78.2558056, 29.7097704], [78.2550939, 29.7115393], [78.2546133, 29.7126712], [78.2545795, 29.7129094]], [[77.4705049, 28.6511267], [77.4707328, 28.651607], [77.471386, 28.6525184], [77.4714264, 28.6526339], [77.4714281, 28.6527229], [77.4714195, 28.6527865]], [[77.4714195, 28.6527865], [77.4713752, 28.6528142], [77.4713033, 28.6528591], [77.47124, 28.6529345], [77.4711754, 28.6530492], [77.471136, 28.6531442], [77.4711104, 28.6532513], [77.4710794, 28.6534694], [77.4710565, 28.6536483], [77.4710597, 28.6537566]], [[77.4710597, 28.6537566], [77.4710744, 28.6540687], [77.4710837, 28.6542651], [77.4710888, 28.654378], [77.471091, 28.6544264], [77.4710724, 28.6545898], [77.4710157, 28.6547695], [77.4709399, 28.6549685], [77.4708595, 28.6551534], [77.4707503, 28.6553509], [77.4706519, 28.6554994], [77.4705263, 28.65568], [77.4701914, 28.6561613], [77.4699086, 28.6565514], [77.4697819, 28.6567104], [77.4696499, 28.6568619], [77.4695364, 28.6569894], [77.4693969, 28.6571239], [77.4692891, 28.6572174], [77.4686119, 28.6578396], [77.4681157, 28.6582606], [77.4677066, 28.6585882]], [[77.4677066, 28.6585882], [77.4674474, 28.6587893]], [[77.4674474, 28.6587893], [77.4669833, 28.6591494]], [[77.4669833, 28.6591494], [77.4653063, 28.6605241], [77.4645536, 28.6611478], [77.4643354, 28.6613279], [77.4641671, 28.6614623], [77.4640114, 28.6615691], [77.4638529, 28.6616654], [77.4636232, 28.6617872], [77.4626438, 28.6622536], [77.4621651, 28.6624812]], [[77.4621651, 28.6624812], [77.4618859, 28.66262]], [[77.4618859, 28.66262], [77.4617375, 28.6626974], [77.4614973, 28.6628186], [77.4603225, 28.6634212], [77.4599208, 28.6636341], [77.4597218, 28.6637169], [77.4576843, 28.6644636], [77.4564698, 28.6649086], [77.4561594, 28.6650224], [77.4560872, 28.6650631], [77.4560234, 28.6650954], [77.4559258, 28.6651063], [77.4559458, 28.6652192], [77.45596, 28.6653267], [77.4560679, 28.6668401], [77.4561372, 28.6681938], [77.4561018, 28.6693489]], [[77.7247573, 28.9954793], [77.7247005, 28.9955187], [77.7246838, 28.9955472], [77.724677, 28.9955787], [77.7246805, 28.9956106], [77.7246943, 28.9956403], [77.724717, 28.9956654], [77.7247469, 28.9956839], [77.7247815, 28.9956943], [77.7248181, 28.9956957], [77.7248537, 28.9956881], [77.7248854, 28.995672], [77.7249106, 28.9956487], [77.7249272, 28.9956202], [77.7249341, 28.9955887], [77.7249305, 28.9955569], [77.7249168, 28.9955272], [77.724894, 28.995502], [77.7248641, 28.9954835], [77.7248295, 28.9954731], [77.7247929, 28.9954717], [77.7247573, 28.9954793]], [[77.6412093, 28.9120973], [77.6409105, 28.9118331]], [[77.6409105, 28.9118331], [77.6407256, 28.9115622], [77.6405548, 28.9113282], [77.6403277, 28.9110457], [77.6400318, 28.9107448], [77.639721, 28.9104728], [77.6394401, 28.9102425], [77.6386012, 28.909585], [77.6381143, 28.9091589], [77.6378364, 28.9090069]], [[77.6378364, 28.9090069], [77.6372949, 28.9085634], [77.6367384, 28.90813], [77.6364596, 28.9079103], [77.6361731, 28.9076846], [77.636082, 28.9076104], [77.6354517, 28.9070966], [77.6354247, 28.9070746], [77.6343459, 28.9061745]], [[77.6343459, 28.9061745], [77.6336861, 28.905539], [77.6333119, 28.9051487], [77.6325376, 28.9043411], [77.6316959, 28.9034633], [77.6315024, 28.9032683], [77.6313182, 28.9030826], [77.6298582, 28.901611], [77.6297666, 28.9015187], [77.627501, 28.8992356], [77.6260293, 28.8979538], [77.6241374, 28.896306], [77.6233596, 28.8954127], [77.6228684, 28.8948406], [77.6218822, 28.893692], [77.6214175, 28.8932355], [77.6209318, 28.8927892], [77.620709, 28.8925802], [77.6205095, 28.8923752], [77.6199737, 28.8917502], [77.6196736, 28.8913826], [77.619445, 28.8911027], [77.6192315, 28.8908349], [77.6187351, 28.8902538], [77.6183408, 28.8897354], [77.6182646, 28.8896415], [77.6154733, 28.8867219]], [[77.6154733, 28.8867219], [77.6153766, 28.8866209]], [[77.6153766, 28.8866209], [77.6150709, 28.8863016], [77.6142745, 28.8854699]], [[77.6142745, 28.8854699], [77.6141708, 28.8853616]], [[77.6141708, 28.8853616], [77.6141295, 28.8853185]], [[77.6141295, 28.8853185], [77.6140952, 28.8852827], [77.6137558, 28.8849032], [77.6134944, 28.884611], [77.6134679, 28.8845766], [77.6127311, 28.8836194], [77.6122486, 28.8829925], [77.6118802, 28.8825138], [77.611177, 28.8816002], [77.6111531, 28.8815689], [77.6094894, 28.8793874], [77.6082869, 28.8778106], [77.608041, 28.8774881], [77.6080127, 28.8774509], [77.6074618, 28.8767286], [77.6069962, 28.8761182], [77.6055715, 28.8742499], [77.6055064, 28.8741646], [77.6053749, 28.8739922], [77.6051283, 28.8736688], [77.6049346, 28.8733783], [77.6045731, 28.8728361], [77.604004, 28.8719706], [77.6036848, 28.8714669], [77.6030917, 28.8705308], [77.6029398, 28.870291], [77.6029358, 28.8702847], [77.6024162, 28.8694811], [77.6019024, 28.8686793], [77.601871, 28.8686304], [77.6015896, 28.868246], [77.6012569, 28.8678902], [77.6007706, 28.8674067], [77.6003902, 28.8670286], [77.6001431, 28.866783], [77.5996427, 28.8662795], [77.599006, 28.8656388], [77.5989234, 28.8655682], [77.5988937, 28.8655428], [77.597967, 28.8647691], [77.5969302, 28.8639088], [77.5964725, 28.8634385], [77.5960211, 28.8628746], [77.5956623, 28.8624421], [77.5956566, 28.8624353], [77.595481, 28.8622606], [77.5954507, 28.8622305]], [[77.5954507, 28.8622305], [77.5953531, 28.8621204]], [[77.5953531, 28.8621204], [77.5947773, 28.861348], [77.5944158, 28.8608747], [77.5942893, 28.8607156], [77.5940352, 28.8604099], [77.593294, 28.859518], [77.5927283, 28.8588373], [77.5927133, 28.8588164], [77.5925346, 28.8585668], [77.5921527, 28.8580336], [77.5920933, 28.8579413], [77.5918024, 28.8574893], [77.5916776, 28.8572953], [77.5913503, 28.8567277], [77.5912819, 28.8566091], [77.5912141, 28.8564916], [77.5911881, 28.8564355], [77.5911571, 28.8563686], [77.5910869, 28.856217], [77.5910273, 28.8560885], [77.5909653, 28.8559547], [77.5909116, 28.8558386], [77.5908493, 28.8557042], [77.5907617, 28.8555151], [77.5906463, 28.8552433], [77.590349, 28.8545426], [77.5902984, 28.8544221], [77.5902294, 28.8542577], [77.5900827, 28.8539086], [77.5898764, 28.8534174], [77.5897568, 28.8531325], [77.5895236, 28.8525773], [77.5891967, 28.8521357], [77.5890314, 28.8519123], [77.5888359, 28.8516482], [77.5886024, 28.8513328], [77.5884521, 28.8511383], [77.5881286, 28.8507198], [77.5880833, 28.8506612], [77.5880348, 28.8505984], [77.5876089, 28.8500474], [77.5873175, 28.8495139], [77.5872436, 28.8493007], [77.5871219, 28.8489498]], [[77.5871219, 28.8489498], [77.5869627, 28.8486047]], [[77.5869627, 28.8486047], [77.5861404, 28.8473778], [77.5852241, 28.8459919], [77.5848249, 28.8453843], [77.5847671, 28.8452963], [77.5844234, 28.8448681], [77.5831125, 28.8432348], [77.5827499, 28.842783], [77.58245, 28.8424094], [77.5821743, 28.8420775], [77.5815642, 28.8413428], [77.5811083, 28.8408144], [77.5807142, 28.8403341], [77.5806076, 28.8402042], [77.5799615, 28.8394135], [77.5797119, 28.839108]], [[77.5797119, 28.839108], [77.5794451, 28.8388229], [77.57892, 28.8382278], [77.5776651, 28.8369149], [77.5776338, 28.8368821], [77.5769673, 28.8361866], [77.5761038, 28.8352854], [77.5758335, 28.8349953], [77.575613, 28.8347279], [77.575568, 28.834669], [77.5742722, 28.8331005], [77.5738529, 28.832593], [77.5735111, 28.8322482], [77.5731246, 28.8318582], [77.5730009, 28.8317334], [77.572256, 28.8311091], [77.5720639, 28.8309481], [77.5711981, 28.8302881], [77.5710387, 28.8301666], [77.5704962, 28.8297521], [77.5703646, 28.8296516], [77.5699427, 28.8293292], [77.5691923, 28.8286658], [77.5689669, 28.828492], [77.5688514, 28.8283983], [77.5687872, 28.8283463], [77.5659268, 28.8257695], [77.5657457, 28.8256085], [77.5634278, 28.8235093], [77.5632107, 28.823301], [77.5628665, 28.8229708], [77.5627753, 28.8228886], [77.5626206, 28.822749], [77.5614746, 28.8217153], [77.5605459, 28.8208776], [77.5604069, 28.8207522], [77.5588588, 28.8193952], [77.5561226, 28.8170765], [77.5553044, 28.8163966], [77.5550802, 28.8162104], [77.5548214, 28.8159953], [77.554393, 28.8156392], [77.5538523, 28.81519], [77.5534611, 28.8148649], [77.5532873, 28.8147205], [77.5530028, 28.8144859], [77.5522644, 28.813877], [77.5521307, 28.8137649], [77.5516566, 28.8133671], [77.550133, 28.812089], [77.5499958, 28.8119739], [77.5494234, 28.811456], [77.5490967, 28.8111604], [77.5485676, 28.8106151], [77.54792, 28.8099476], [77.5471529, 28.8091569], [77.5464267, 28.8084084], [77.5463912, 28.8083718], [77.5463232, 28.808303], [77.5458383, 28.8078125], [77.5451665, 28.8071329], [77.5450233, 28.806988], [77.5446838, 28.8066446], [77.5443487, 28.8063051], [77.5440556, 28.8060082], [77.5438234, 28.8057742], [77.543667, 28.805616], [77.5436183, 28.8055459], [77.5430682, 28.8047549], [77.5430502, 28.804729], [77.5430267, 28.8046952], [77.5421584, 28.8034612], [77.5419735, 28.8032354], [77.5417506, 28.8029633], [77.5409867, 28.8021286], [77.5407443, 28.8018817], [77.540716, 28.8018529], [77.540682, 28.801818], [77.5395005, 28.8006043], [77.5393553, 28.8004494], [77.5389039, 28.7999196], [77.5384712, 28.7994116], [77.5382212, 28.7991315], [77.5370588, 28.7977826], [77.5348339, 28.7953115], [77.5346632, 28.7951219], [77.5343658, 28.7947911], [77.5340466, 28.7944359], [77.5339915, 28.7943733], [77.5338794, 28.7942488], [77.5337029, 28.7940528], [77.5333517, 28.7936628], [77.5324228, 28.7926294], [77.5323884, 28.7925911], [77.5323372, 28.7925378], [77.5316297, 28.791801], [77.5311075, 28.7912293], [77.530424, 28.790481], [77.52989, 28.7898964], [77.5297264, 28.7897173], [77.528241, 28.7882007], [77.5273821, 28.7873301], [77.5262149, 28.7861416], [77.5238687, 28.7837526], [77.5231664, 28.7830374], [77.5214881, 28.7813284], [77.52133, 28.7811674], [77.5190699, 28.7792228]], [[77.5190699, 28.7792228], [77.5188023, 28.7790043], [77.5183048, 28.778598]], [[77.5183048, 28.778598], [77.5182038, 28.7784693], [77.5179312, 28.778122], [77.5175109, 28.7775109], [77.5171309, 28.7770335], [77.5166744, 28.7764598], [77.5164492, 28.7762154], [77.5154356, 28.7751153], [77.5154016, 28.7750784], [77.5139425, 28.7735622], [77.5125101, 28.7720737], [77.5118337, 28.7713709], [77.5108558, 28.7703547], [77.5105944, 28.7700831], [77.5104316, 28.7699139], [77.5100261, 28.7694727], [77.5096502, 28.7690637], [77.5093574, 28.7687452], [77.5090987, 28.7684637], [77.5090784, 28.7684416], [77.5085854, 28.7679053], [77.508451, 28.7677591], [77.5077635, 28.7670111], [77.507203, 28.7664013], [77.5059564, 28.765045], [77.5055802, 28.7646312], [77.505276, 28.7642965], [77.5045532, 28.7635247], [77.5040615, 28.7629943], [77.5036056, 28.7625026], [77.5032723, 28.7621414], [77.5032229, 28.7620878], [77.502357, 28.7611492], [77.5023199, 28.761109], [77.5017386, 28.760479], [77.501638, 28.7603704], [77.5012858, 28.7599904], [77.5011265, 28.7598236], [77.5008865, 28.7595555], [77.5006911, 28.7593437], [77.5004421, 28.7590738], [77.5003906, 28.7590157], [77.500366, 28.758988], [77.5003178, 28.7589377], [77.4997123, 28.7582426], [77.4990362, 28.7574653], [77.4980374, 28.756317], [77.4974487, 28.7556964], [77.497029, 28.755254], [77.4967138, 28.7549218], [77.4960997, 28.7542744], [77.4960696, 28.7542456]], [[77.4960696, 28.7542456], [77.4960357, 28.7542105], [77.4958978, 28.7540659], [77.4957038, 28.75386], [77.4954964, 28.7536397], [77.4950713, 28.7531884], [77.4934266, 28.7514421], [77.4933212, 28.7513302], [77.4928805, 28.7509269], [77.4924448, 28.7505281], [77.4923398, 28.7504319], [77.4921693, 28.7502759], [77.4919438, 28.7500694], [77.491659, 28.7498088], [77.491411, 28.7495818], [77.49122, 28.7494319], [77.4893759, 28.7479846], [77.4886483, 28.7474136], [77.4879356, 28.7468551]], [[77.4879356, 28.7468551], [77.487852, 28.7467896]], [[77.487852, 28.7467896], [77.4877821, 28.7467348]], [[77.4877821, 28.7467348], [77.4875379, 28.7465435]], [[77.4875379, 28.7465435], [77.4861319, 28.7453821], [77.4854994, 28.7448597], [77.484802, 28.7441542], [77.4846956, 28.7440326], [77.4843782, 28.7436698], [77.483874, 28.7430066], [77.4821945, 28.7405223], [77.4804963, 28.7380111]], [[77.4804963, 28.7380111], [77.4796456, 28.7366915], [77.4794403, 28.736374], [77.4790457, 28.7357637], [77.4784801, 28.734928], [77.4782413, 28.7345753], [77.4782141, 28.7345342], [77.4775358, 28.7335104], [77.4772209, 28.733054], [77.4769729, 28.7327363], [77.4767385, 28.7324687], [77.4763556, 28.7320776], [77.4760693, 28.7317851], [77.475888, 28.7315999], [77.4757511, 28.7314601], [77.4756647, 28.7313718]], [[77.4756647, 28.7313718], [77.4754755, 28.7311791], [77.4749315, 28.7306119], [77.4747248, 28.7303854], [77.474371, 28.7299979], [77.4741145, 28.7297169], [77.4732639, 28.7287851], [77.4728083, 28.7282859], [77.4726241, 28.7280841], [77.4721887, 28.7276072], [77.4721438, 28.727558], [77.4716322, 28.7270031], [77.4716251, 28.7269897], [77.4715917, 28.7269535], [77.470976, 28.7262854], [77.4708376, 28.7261353], [77.4707902, 28.7260839], [77.4705818, 28.7258578], [77.4691088, 28.7242594], [77.4685095, 28.723609], [77.4678993, 28.7229469], [77.4677887, 28.7228269], [77.4671264, 28.722089], [77.4663209, 28.7211915], [77.4661303, 28.7209791], [77.465101, 28.7198322], [77.4639207, 28.718555], [77.4631509, 28.7177287], [77.4626151, 28.7171605], [77.4625205, 28.7170602], [77.4620538, 28.7165745], [77.4613347, 28.715826], [77.461203, 28.7156889], [77.4609942, 28.7154716], [77.4605371, 28.7149957], [77.4600383, 28.7144534], [77.459701, 28.7140895], [77.4592753, 28.7136303], [77.458812, 28.7131357], [77.4585655, 28.7128726], [77.4583833, 28.7127026], [77.4579693, 28.7122265]], [[77.4579693, 28.7122265], [77.4575661, 28.7117933], [77.4571294, 28.7113019], [77.4566788, 28.7108124], [77.4559082, 28.709985], [77.4535397, 28.7074528], [77.4501536, 28.7040204], [77.4484899, 28.7022784]], [[77.4484899, 28.7022784], [77.447274, 28.7009961], [77.4468382, 28.7004731], [77.4468194, 28.7004504], [77.4463747, 28.6999814], [77.4459898, 28.6995906]], [[77.4459898, 28.6995906], [77.4459159, 28.699517], [77.4458315, 28.699433], [77.4454541, 28.6990573], [77.4453991, 28.6990056], [77.4449908, 28.6986224], [77.4445488, 28.6980439]], [[77.641848, 28.9129522], [77.6418253, 28.9127907], [77.641765, 28.9126152]], [[77.6418634, 28.9132058], [77.6418521, 28.9129813], [77.641848, 28.9129522]], [[77.6429926, 28.9149554], [77.6428445, 28.9149137], [77.6427241, 28.9148612], [77.6426259, 28.9148216], [77.6425485, 28.9147835], [77.6424358, 28.9147075], [77.6423778, 28.9146514], [77.6423276, 28.9145984], [77.6422428, 28.9144763], [77.6421669, 28.9143345], [77.642109, 28.9142135], [77.6420469, 28.914054], [77.6420072, 28.9139355], [77.6419465, 28.9137761], [77.6419166, 28.913635], [77.6418946, 28.9135499], [77.6418724, 28.9133908], [77.6418634, 28.9132058]], [[77.6441265, 28.9153379], [77.6437231, 28.9152018], [77.6429926, 28.9149554]], [[77.6453292, 28.9165048], [77.644897, 28.9159948], [77.6446432, 28.9156955], [77.6444379, 28.9154662], [77.6442985, 28.9153939], [77.6441265, 28.9153379]], [[77.6453765, 28.9165606], [77.6453292, 28.9165048]], [[77.6459564, 28.9172178], [77.6453765, 28.9165606]], [[77.6460449, 28.9173181], [77.6459564, 28.9172178]], [[77.6467266, 28.9180563], [77.6462173, 28.9175134], [77.6460449, 28.9173181]], [[77.6523612, 28.923627], [77.652273, 28.9235432], [77.6518335, 28.9231435], [77.6512457, 28.9226088], [77.650949, 28.922333], [77.6508486, 28.9222403], [77.6506476, 28.9220547], [77.6503365, 28.9217637], [77.6502272, 28.9216527], [77.6493333, 28.9207448], [77.6488487, 28.9202452], [77.6487311, 28.920124], [77.6482765, 28.9196554], [77.6478974, 28.9192761], [77.6474209, 28.9187868], [77.6469924, 28.9183359], [77.6467266, 28.9180563]], [[77.6528064, 28.9240498], [77.6523612, 28.923627]], [[77.6533137, 28.9245316], [77.6528064, 28.9240498]], [[77.6737776, 28.9475604], [77.673659, 28.9474399], [77.6732213, 28.9469952], [77.6730061, 28.9467761], [77.6718869, 28.9456168], [77.6715501, 28.9452378], [77.6709895, 28.9446135], [77.6706769, 28.9442015], [77.6703109, 28.9437193], [77.6700725, 28.9434248], [77.6694949, 28.9427114], [77.6689999, 28.942058], [77.6688938, 28.9419181], [77.6686825, 28.9416542], [77.6682483, 28.941088], [77.6672571, 28.9399452], [77.6670926, 28.9397021], [77.666691, 28.9391085], [77.6660381, 28.93806], [77.6658036, 28.9376957], [77.6654942, 28.9372151], [77.6654089, 28.9370826], [77.664804, 28.9361337], [77.6646876, 28.9359833], [77.6644628, 28.9356485], [77.6643694, 28.935527], [77.6641938, 28.9352983], [77.6638576, 28.9349641], [77.663486, 28.9345912], [77.6626072, 28.9338195], [77.6617719, 28.9330675], [77.6617458, 28.933044], [77.6616887, 28.9329909], [77.6616618, 28.9329684], [77.6606159, 28.9320351], [77.6604977, 28.9319305], [77.6596791, 28.9311515], [77.6595565, 28.931031], [77.6591796, 28.9306573], [77.6590137, 28.9304869], [77.6580317, 28.9294403], [77.657878, 28.9292842], [77.6575092, 28.9289097], [77.6570044, 28.9283558], [77.6563637, 28.9276898], [77.6561275, 28.9274444], [77.6554273, 28.926682], [77.6553763, 28.9266265], [77.6551645, 28.9263956], [77.6545744, 28.9257993], [77.6544321, 28.9256655], [77.6544112, 28.9256446], [77.6543415, 28.925575], [77.6539011, 28.9251349], [77.6533137, 28.9245316]], [[77.6741365, 28.9479199], [77.6740376, 28.9478234], [77.6739567, 28.9477441], [77.6737776, 28.9475604]], [[77.4560858, 28.6694868], [77.4559668, 28.6705665], [77.4558737, 28.6714388], [77.4558682, 28.671532], [77.4555613, 28.6730548], [77.4553982, 28.6738639], [77.4553717, 28.6739408], [77.4553666, 28.6739555], [77.4553243, 28.6740629]], [[77.4712708, 28.6534923], [77.471302, 28.6533551], [77.471375, 28.6532586], [77.4715133, 28.6531411], [77.4716342, 28.6530943]], [[77.4677479, 28.658658], [77.4682566, 28.6584102], [77.4683009, 28.6583723], [77.4683413, 28.6583376], [77.4687826, 28.6579607], [77.4695267, 28.6573251], [77.4697078, 28.6571367], [77.4698752, 28.6569587], [77.469916, 28.6569097], [77.470015, 28.6567911], [77.4701489, 28.6566097], [77.470381, 28.6562809], [77.4707241, 28.6557948], [77.4707771, 28.6557198], [77.4709405, 28.6554727], [77.4709986, 28.6553722], [77.4710678, 28.6552218], [77.471146, 28.6550512], [77.4712043, 28.6548891], [77.4712527, 28.6547169], [77.4712765, 28.6545425], [77.4712813, 28.6544212], [77.4712847, 28.6543344], [77.4712787, 28.6540894], [77.47127, 28.6537391], [77.4712708, 28.6534923]], [[77.4674958, 28.6588528], [77.4676343, 28.6587437], [77.4677479, 28.658658]], [[77.4670453, 28.6592076], [77.4674958, 28.6588528]], [[77.4622, 28.6625547], [77.4627464, 28.6622966], [77.4636946, 28.661842], [77.4638721, 28.6617441], [77.4640394, 28.6616445], [77.4642212, 28.6615241], [77.4643886, 28.6613889], [77.4646021, 28.6612146], [77.4653676, 28.6605817], [77.4670453, 28.6592076]], [[77.4619964, 28.6626669], [77.4622, 28.6625547]], [[77.4560421, 28.6652], [77.4560949, 28.6651799], [77.4561334, 28.6651524], [77.4561986, 28.6651231], [77.456295, 28.6650867], [77.4577197, 28.664549], [77.4578545, 28.6644981], [77.4591007, 28.6640277], [77.4597405, 28.6637862], [77.4599393, 28.6637007], [77.460369, 28.6634823], [77.4619964, 28.6626669]], [[77.456182, 28.6693598], [77.4562359, 28.6682114], [77.4561766, 28.6668343], [77.4561209, 28.6660921], [77.4560421, 28.6652]], [[77.4554928, 28.6740814], [77.4555059, 28.6739886], [77.4555087, 28.6739712], [77.4556644, 28.6730986], [77.4556967, 28.6729174], [77.4557642, 28.6725367], [77.4558754, 28.6719102], [77.455937, 28.67154], [77.4560607, 28.6705881], [77.4561701, 28.6694889]], [[77.4554122, 28.6740467], [77.4553667, 28.6740483], [77.4553243, 28.6740629], [77.4553046, 28.6740755], [77.4552671, 28.674122], [77.4552578, 28.674157], [77.4552606, 28.6741929], [77.4552725, 28.6742216], [77.4552921, 28.6742469], [77.4553236, 28.6742699], [77.4553614, 28.6742838], [77.4554022, 28.6742873], [77.4554424, 28.6742801], [77.4554784, 28.6742628], [77.4555068, 28.6742373], [77.4555255, 28.6742056], [77.4555327, 28.6741727], [77.4555293, 28.6741395], [77.4555157, 28.6741082], [77.4554928, 28.6740814], [77.4554558, 28.6740581], [77.4554122, 28.6740467]], [[77.4552921, 28.6742469], [77.4552921, 28.6743202], [77.4552905, 28.6743326], [77.4552407, 28.6746436], [77.4547879, 28.6768206], [77.4544733, 28.6783328], [77.4543586, 28.6788647], [77.4541669, 28.6798007], [77.4539411, 28.680898], [77.4538464, 28.6813585], [77.4535677, 28.6828124], [77.4534372, 28.6831955], [77.4532932, 28.6835629], [77.4530976, 28.6839093], [77.4530398, 28.6839951], [77.4528415, 28.6843814], [77.4526888, 28.6846038], [77.4526234, 28.684689], [77.4509514, 28.6868655], [77.4508158, 28.6870518], [77.4502624, 28.6877395], [77.4494619, 28.6888111], [77.4493267, 28.688997], [77.448984, 28.6894575], [77.4485853, 28.6899536], [77.4480211, 28.6905453], [77.4479798, 28.6905891]], [[77.4479798, 28.6905891], [77.4479194, 28.6906537], [77.4478191, 28.6907471]], [[77.4478191, 28.6907471], [77.4466704, 28.6918174], [77.4451465, 28.6932655]], [[77.4451465, 28.6932655], [77.4441788, 28.6941623], [77.4431516, 28.6950665]], [[77.4431516, 28.6950665], [77.4431095, 28.6951036], [77.4430667, 28.6951418], [77.442951, 28.6952453]], [[77.442951, 28.6952453], [77.4425612, 28.6955937], [77.4425178, 28.6956359], [77.4424034, 28.6957472], [77.4423898, 28.6957604], [77.442337, 28.6957987], [77.4422521, 28.6958724], [77.4422395, 28.6958833], [77.4422237, 28.6958981], [77.4421302, 28.6959862]], [[77.4422414, 28.696098], [77.4423345, 28.6960013], [77.4423477, 28.6959875], [77.4424198, 28.6959018], [77.4424898, 28.6958222], [77.4426263, 28.6956753], [77.4426578, 28.6956465], [77.4430848, 28.6952565]], [[77.4430848, 28.6952565], [77.4432523, 28.6951035]], [[77.4432523, 28.6951035], [77.4452046, 28.6933202], [77.4467733, 28.691871], [77.4479094, 28.6908056]], [[77.4479094, 28.6908056], [77.4480681, 28.6906567], [77.4481384, 28.6905865]], [[77.4481384, 28.6905865], [77.448355, 28.6903662], [77.4486412, 28.6900624], [77.4490401, 28.6895647], [77.4491541, 28.689412], [77.4494271, 28.6890463], [77.4495568, 28.6888698], [77.4503442, 28.6878181], [77.4508905, 28.6870864], [77.4510239, 28.6869126], [77.4512857, 28.6865682], [77.4518856, 28.6857789], [77.4522537, 28.6852982], [77.4524907, 28.684986], [77.4526866, 28.6847293], [77.4527472, 28.6846499], [77.4531368, 28.6840766]], [[77.4531368, 28.6840766], [77.4531965, 28.6839843]], [[77.4531965, 28.6839843], [77.4533988, 28.6836248], [77.4535089, 28.6833173], [77.4536786, 28.6828301], [77.4539654, 28.6813856], [77.454058, 28.6809191], [77.4542741, 28.6798308], [77.4544643, 28.6788736], [77.4552337, 28.6752149], [77.4553669, 28.6745814], [77.4554012, 28.6744186], [77.4554156, 28.6743462], [77.4554784, 28.6742628]], [[78.2544495, 29.7132356], [78.2543734, 29.7133171], [78.254342, 29.7133508], [78.2539739, 29.7142628], [78.2532343, 29.7160417], [78.2526301, 29.7174927], [78.2523558, 29.7181515], [78.2518363, 29.7194111], [78.2515427, 29.7200214], [78.2513284, 29.7204668], [78.2512226, 29.7206991], [78.2509836, 29.7212235], [78.2506285, 29.7221872], [78.2503033, 29.7234322]], [[78.2492497, 29.7326348], [78.2495466, 29.7312787], [78.2495898, 29.7309837], [78.2498754, 29.729035], [78.2499488, 29.7281882], [78.25006, 29.7259541], [78.2501217, 29.7249445], [78.2502125, 29.7243647], [78.2504036, 29.7235468], [78.2505919, 29.7227583], [78.2506909, 29.722433], [78.2509277, 29.7216639], [78.2512482, 29.7209013], [78.2518397, 29.7196598], [78.2522581, 29.7187522], [78.2524775, 29.7182764], [78.2531183, 29.7166736], [78.2534407, 29.7158906], [78.2538763, 29.7148326], [78.2544586, 29.7133742], [78.2544495, 29.7132356]], [[78.2544495, 29.7132356], [78.2544927, 29.7131297], [78.2545364, 29.7130225], [78.2545795, 29.7129094]], [[78.2485801, 29.6548863], [78.2480657, 29.6570293], [78.2479562, 29.6575179], [78.2477742, 29.6583304], [78.2476714, 29.6591203], [78.2476424, 29.6594557], [78.2476007, 29.6599614], [78.2475937, 29.6615919], [78.2475984, 29.6627066], [78.2476106, 29.664814], [78.2475799, 29.6658634], [78.2475452, 29.6667677], [78.2475274, 29.6673762], [78.2475324, 29.6682245], [78.2475862, 29.6688526], [78.2478382, 29.6698617], [78.2480649, 29.6704851], [78.2482215, 29.6708356], [78.2485181, 29.6715982], [78.2491846, 29.6732178], [78.2498524, 29.6747825], [78.2502377, 29.6755876], [78.2507634, 29.6763858], [78.2514676, 29.6773656], [78.2524651, 29.6788126], [78.2539296, 29.6808671], [78.2551323, 29.6825416], [78.2556549, 29.683287], [78.2559837, 29.6837234], [78.2564286, 29.684254], [78.2568958, 29.6847387], [78.258003, 29.6857856], [78.2589511, 29.6867478], [78.2604257, 29.6883184], [78.2617996, 29.6898258], [78.2622874, 29.6904613], [78.2625865, 29.6910676], [78.2626718, 29.6913872], [78.2627216, 29.6916366], [78.2627618, 29.6920406], [78.2627515, 29.6923669], [78.2627437, 29.6924279], [78.2626797, 29.6927691], [78.2625677, 29.693242], [78.2618347, 29.6951269], [78.2613373, 29.6963184], [78.2609644, 29.6972761], [78.2604665, 29.6984669], [78.2601553, 29.6993037], [78.2601584, 29.6994354]], [[78.2584085, 29.6488028], [78.2582731, 29.6488752], [78.2576216, 29.6491248], [78.2569958, 29.6492669], [78.2564191, 29.6493359], [78.2556065, 29.6493257], [78.254495, 29.6493298], [78.2533159, 29.6493359], [78.2526504, 29.6493846], [78.2518658, 29.649555], [78.2512003, 29.6498351], [78.2506469, 29.6501638], [78.2501613, 29.6505555], [78.249825, 29.6509999], [78.2495075, 29.6514706], [78.249358, 29.6518319], [78.2491969, 29.6523148], [78.2490288, 29.6530331], [78.2487579, 29.6541188], [78.2485801, 29.6548863]], [[78.2585735, 29.6487053], [78.2584085, 29.6488028]], [[78.2777173, 29.6422632], [78.2773272, 29.6424328], [78.2769446, 29.6425955], [78.2766721, 29.6426842], [78.2762342, 29.6428104], [78.275917, 29.6428825], [78.2751765, 29.6429662], [78.2740854, 29.6430162], [78.2723211, 29.6431059], [78.2712212, 29.643137], [78.2708649, 29.643147], [78.2697397, 29.6431787], [78.2677865, 29.6432867], [78.266173, 29.6433923], [78.2658326, 29.6434133], [78.2653353, 29.643444], [78.2641574, 29.6435171], [78.2634319, 29.6436464], [78.2628759, 29.6438549], [78.2623704, 29.6441856], [78.2623031, 29.6442285], [78.2618993, 29.6444858], [78.2616028, 29.6447638], [78.2613366, 29.6450621], [78.2610564, 29.6454416], [78.2609256, 29.6456872], [78.2606688, 29.6463142], [78.2604399, 29.6467972], [78.2601434, 29.6472274], [78.2598188, 29.647611], [78.2593495, 29.6480716], [78.2591347, 29.6482888], [78.2587144, 29.6486256], [78.2585735, 29.6487053]], [[78.2784997, 29.64189], [78.2777173, 29.6422632]], [[78.28055, 29.6409803], [78.2802802, 29.6411109], [78.2797595, 29.6413372], [78.2784997, 29.64189]], [[77.7247815, 28.9956943], [77.7250341, 28.995902], [77.7255544, 28.9965002], [77.7256805, 28.9966128], [77.7259192, 28.9967231], [77.7292714, 28.9980304], [77.7294543, 28.998065], [77.7297816, 28.9981049], [77.7303797, 28.9981846], [77.7304933, 28.998224], [77.7306506, 28.9982785], [77.7316135, 28.9988149], [77.732158, 28.9991183]], [[77.732158, 28.9991183], [77.73234, 28.9992154], [77.7366047, 29.0014916], [77.7366129, 29.0014959], [77.7373554, 29.0018904], [77.7393467, 29.002928], [77.740525, 29.003542], [77.7405787, 29.0035788], [77.740932, 29.003821], [77.7411774, 29.004031], [77.741834, 29.004593], [77.7421174, 29.0048352]], [[77.7421174, 29.0048352], [77.7423319, 29.0050184]], [[77.7423319, 29.0050184], [77.7423602, 29.0050434], [77.7424383, 29.0051093], [77.7425263, 29.0051845], [77.7426279, 29.0052713], [77.742713, 29.005344], [77.7430098, 29.0056263], [77.7444833, 29.0068571]], [[77.7444833, 29.0068571], [77.7448705, 29.0071821], [77.7451264, 29.0073996], [77.7454246, 29.0076536], [77.7457117, 29.0078819], [77.7459894, 29.0080738], [77.7461602, 29.0081861], [77.7462667, 29.0082562]], [[77.7462667, 29.0082562], [77.7464322, 29.008354], [77.7475125, 29.0090461], [77.7477395, 29.009176], [77.7485813, 29.0097015], [77.7489342, 29.0099077], [77.749006, 29.0099407], [77.749408, 29.010194], [77.7496674, 29.0103669], [77.7496955, 29.0103856], [77.750116, 29.010666], [77.751039, 29.011202], [77.7512815, 29.0113579], [77.7517363, 29.0116509], [77.7521246, 29.0118915], [77.7522838, 29.0119822], [77.7523269, 29.0120068], [77.7529069, 29.0123601], [77.7532518, 29.0125602], [77.753744, 29.0128599], [77.7542076, 29.0131372], [77.7545077, 29.0133148]], [[77.7545077, 29.0133148], [77.754831, 29.0134885], [77.7550683, 29.013627], [77.7551344, 29.0136676], [77.7556106, 29.0139603], [77.7561682, 29.0142975], [77.7564748, 29.0144829], [77.7573288, 29.0149784], [77.757449, 29.0149961]], [[77.7317763, 28.9789963], [77.7319521, 28.9783912], [77.7321167, 28.9778068], [77.7321839, 28.9775683], [77.7323353, 28.9770459], [77.7324308, 28.9767164], [77.7326264, 28.976042], [77.7328087, 28.9754063], [77.7328464, 28.975275], [77.7330862, 28.9744388], [77.7330877, 28.9744319], [77.7331468, 28.9742255], [77.7332019, 28.9740452]], [[77.7332019, 28.9740452], [77.7332192, 28.9739885]], [[77.7332192, 28.9739885], [77.7334818, 28.9731287], [77.7336195, 28.9725713], [77.7338252, 28.9720812], [77.7339057, 28.9719442], [77.7340704, 28.9716638], [77.734368, 28.9712847], [77.7347104, 28.9709481], [77.7365959, 28.9690944], [77.7371928, 28.968515], [77.7387059, 28.9670463], [77.7387979, 28.966957], [77.7389303, 28.9668285], [77.7394365, 28.9663372], [77.7407833, 28.9650459], [77.7408612, 28.9649714], [77.7409105, 28.9649239]], [[77.7409105, 28.9649239], [77.7409071, 28.9648487], [77.7409975, 28.9644178], [77.7410221, 28.9642265], [77.7410113, 28.9640339], [77.7409718, 28.9637882], [77.7408824, 28.9635346]], [[77.732221, 28.999057], [77.731791, 28.998821], [77.7316587, 28.9987505], [77.7306514, 28.9982137], [77.7305274, 28.9981734], [77.7305138, 28.998169], [77.7304016, 28.9981325], [77.7297958, 28.9980556], [77.7293187, 28.9979631]], [[77.7293187, 28.9979631], [77.7293014, 28.9979547], [77.7286577, 28.9977072], [77.7279872, 28.9974494], [77.7260097, 28.9966892], [77.725718, 28.9965448], [77.7255973, 28.9964486], [77.7250171, 28.9957424], [77.7249272, 28.9956202]], [[77.7249341, 28.9955887], [77.7249718, 28.9955372], [77.7251869, 28.99536], [77.7256408, 28.9950135], [77.7261633, 28.9946148], [77.7263783, 28.9944507], [77.7270403, 28.9939454], [77.7272013, 28.993814], [77.7273408, 28.9936357], [77.7274133, 28.9934531], [77.7274941, 28.9931723], [77.7282477, 28.9908779], [77.7285351, 28.9899517], [77.7288142, 28.9890625], [77.7289704, 28.9885431], [77.7290842, 28.9881644], [77.7292025, 28.9877708], [77.7292764, 28.987525], [77.7294072, 28.9871069], [77.7298263, 28.9857124], [77.7300055, 28.9851105], [77.7303668, 28.983897], [77.7305267, 28.9834489], [77.7307127, 28.9828141], [77.7310961, 28.9814463], [77.7311632, 28.9812175], [77.7312369, 28.9809529], [77.7314528, 28.980177], [77.7315952, 28.9796656], [77.7316915, 28.9793194], [77.7317478, 28.9791137]], [[77.7405633, 28.9626445], [77.7401805, 28.9616987]], [[77.7366386, 28.9577267], [77.7369954, 28.9580726], [77.7376121, 28.9587084], [77.7376682, 28.9587901], [77.7377967, 28.9589774]], [[77.7306948, 28.9530804], [77.7314372, 28.9535653], [77.7324657, 28.954237]], [[77.7289292, 28.9519252], [77.7291111, 28.9520443], [77.7306948, 28.9530804]], [[77.7273638, 28.9508667], [77.7276698, 28.9510885], [77.728118, 28.9513958], [77.7282792, 28.951501], [77.7289292, 28.9519252]], [[77.7269142, 28.9505595], [77.7273638, 28.9508667]], [[77.7254283, 28.9496836], [77.726315, 28.9502025], [77.7269142, 28.9505595]], [[77.7223161, 28.9485744], [77.7224168, 28.94861], [77.7226889, 28.9487009], [77.7241411, 28.9491699], [77.7246295, 28.9493414], [77.7251292, 28.9495504], [77.7254283, 28.9496836]], [[77.7242209, 28.9439252], [77.724067, 28.9443065], [77.7240113, 28.9444443], [77.7238224, 28.9448829], [77.7237703, 28.9450084], [77.7234197, 28.9458557], [77.7231449, 28.9465068], [77.7229854, 28.9469085], [77.7228263, 28.9473092], [77.7227294, 28.9475532], [77.7226571, 28.947737], [77.7225838, 28.9479234], [77.7224641, 28.9482243], [77.7223531, 28.9484941], [77.7223161, 28.9485744]], [[77.7273252, 28.9355], [77.7271291, 28.9359881], [77.7269229, 28.9365829], [77.72682, 28.936876], [77.7267709, 28.9370062], [77.7267106, 28.9371832], [77.7265949, 28.9374954], [77.7264927, 28.9377943], [77.7264536, 28.9378963], [77.7262891, 28.9383248], [77.7260948, 28.9388396], [77.7258078, 28.9395998], [77.7257567, 28.9397273], [77.7256926, 28.9398868], [77.725159, 28.9414986], [77.7249721, 28.9420101], [77.7249323, 28.9421192], [77.7248341, 28.9423831], [77.724688, 28.942749], [77.7245532, 28.9430733], [77.7243598, 28.9435903], [77.7242209, 28.9439252]], [[77.7274139, 28.9352355], [77.7273252, 28.9355]], [[77.7274422, 28.9351487], [77.7274139, 28.9352355]], [[77.7274153, 28.9355165], [77.7274401, 28.9354368], [77.7274949, 28.9352611]], [[77.7265763, 28.9378207], [77.7266845, 28.9375159], [77.7272617, 28.93591], [77.7274153, 28.9355165]], [[77.7247733, 28.9427758], [77.7249146, 28.9424089], [77.7250474, 28.9420357], [77.7251949, 28.941622], [77.7253981, 28.941021], [77.7255687, 28.9405604], [77.725806, 28.9399211], [77.7258638, 28.9397618], [77.7259157, 28.9396322], [77.7260885, 28.9391523], [77.7261916, 28.9388709], [77.7265393, 28.9379218], [77.7265763, 28.9378207]], [[77.7235191, 28.9458931], [77.7236555, 28.9455463], [77.7238917, 28.9449615], [77.7241041, 28.9444664], [77.7241572, 28.9443358], [77.7243125, 28.9439541], [77.7246302, 28.9431278], [77.7247733, 28.9427758]], [[77.7224168, 28.94861], [77.7224515, 28.9485267], [77.7225745, 28.9482554], [77.7227691, 28.9477688], [77.7229379, 28.9473467], [77.7230986, 28.9469447], [77.7235191, 28.9458931]], [[77.7272626, 28.935143], [77.7269991, 28.9350464], [77.726755, 28.9349662], [77.726484, 28.9348772], [77.7262493, 28.9348001], [77.7258544, 28.934665], [77.7255872, 28.9345736], [77.7252791, 28.9344681], [77.724881, 28.9343319], [77.7244485, 28.934184], [77.7241406, 28.9340786], [77.7239949, 28.9340288], [77.7238446, 28.9339774], [77.7234393, 28.9338387], [77.7231431, 28.9337373], [77.7229333, 28.9336655], [77.7226857, 28.9335808], [77.7223222, 28.9334565], [77.7218843, 28.9333066], [77.7213981, 28.9331612], [77.7208705, 28.9329993], [77.7208309, 28.9329847], [77.7204198, 28.9328327], [77.719953, 28.9326824], [77.7194322, 28.9324934], [77.7184638, 28.9321738], [77.7174345, 28.9318341], [77.7173187, 28.9317104], [77.7171829, 28.9295915], [77.7171227, 28.9286527], [77.7168234, 28.9239838], [77.7167927, 28.9236518], [77.7167183, 28.92337], [77.7166063, 28.9231288], [77.7164024, 28.9228483], [77.7148581, 28.9210513], [77.7143956, 28.920513], [77.7141896, 28.920402], [77.7139529, 28.9202916], [77.7136592, 28.9201584], [77.713352, 28.9200545], [77.7130657, 28.9199609], [77.7127694, 28.9198996], [77.7122429, 28.9198662], [77.7117011, 28.9199647], [77.7110842, 28.9201855], [77.7105907, 28.9203921], [77.7104216, 28.9204169], [77.7097511, 28.9207043], [77.7082056, 28.9212349], [77.7078284, 28.9214221], [77.7074579, 28.9216504], [77.7062836, 28.9227841], [77.7030805, 28.9258762], [77.6997124, 28.9288272], [77.698389, 28.9299478], [77.6983504, 28.9299808]], [[77.7383674, 28.9596184], [77.7388072, 28.9598751]], [[77.7393431, 28.9604028], [77.7394941, 28.9606378], [77.7395344, 28.9606965], [77.7396179, 28.9608716], [77.7400472, 28.9617782]], [[77.7400472, 28.9617782], [77.7404275, 28.9626007], [77.7404633, 28.9626851], [77.7405625, 28.9629186], [77.7406936, 28.9632585], [77.7407483, 28.9634002]], [[77.7408096, 28.9635536], [77.740849, 28.9636506], [77.7408853, 28.9638079], [77.7409086, 28.9639087], [77.7409359, 28.9642026], [77.7409266, 28.9643726], [77.7408807, 28.9646688], [77.7408477, 28.9648282], [77.7408412, 28.9648984]], [[77.7408412, 28.9648984], [77.7402669, 28.9654486], [77.739703, 28.9659861], [77.7387964, 28.9668502], [77.7387337, 28.96691], [77.7386425, 28.9669969], [77.7383566, 28.9672786], [77.7380454, 28.9675853], [77.7377236, 28.9679024], [77.7374257, 28.9681968], [77.7371435, 28.9684741], [77.736699, 28.968904], [77.7362752, 28.9693139], [77.736153, 28.9694321], [77.7358243, 28.9697413], [77.7356259, 28.9699279], [77.7353092, 28.9702258], [77.7346396, 28.9708969]], [[77.7346396, 28.9708969], [77.7342292, 28.9713096], [77.7341289, 28.9714104], [77.733834, 28.9718823], [77.7335333, 28.9725491], [77.7334013, 28.9730937], [77.7331461, 28.9739635]], [[77.7331461, 28.9739635], [77.7331367, 28.9739955]], [[77.7331367, 28.9739955], [77.7330108, 28.9744247], [77.7327143, 28.9754151], [77.732542, 28.9760226], [77.7322795, 28.9769041], [77.7322303, 28.9770694], [77.732016, 28.9777888], [77.7318946, 28.9782438], [77.7318292, 28.9784884], [77.7316904, 28.9789687]], [[77.7316452, 28.9791001], [77.731268, 28.9804062], [77.7310407, 28.9811909]], [[77.7310407, 28.9811909], [77.7308024, 28.9820429], [77.7306303, 28.982604], [77.7305826, 28.9827838], [77.7304334, 28.9832576], [77.7299473, 28.9849995], [77.7298797, 28.9852241], [77.7288895, 28.9885154], [77.7287219, 28.9890541], [77.7286147, 28.9893986], [77.728005, 28.9913583], [77.7274403, 28.9931541], [77.7274239, 28.9932064], [77.7272871, 28.9935559], [77.727145, 28.9937342], [77.726984, 28.9938891], [77.7263204, 28.9943978], [77.7261141, 28.994556], [77.7255846, 28.9949619], [77.7250589, 28.9953648], [77.7250314, 28.9953859], [77.7248295, 28.9954731]], [[77.6353355, 28.9072007], [77.6356173, 28.9074503], [77.6362631, 28.9080026]], [[77.6362631, 28.9080026], [77.6363361, 28.9080651]], [[77.6363361, 28.9080651], [77.6363492, 28.9080706], [77.6368385, 28.9084947], [77.6372105, 28.9088206]], [[77.6372105, 28.9088206], [77.6377265, 28.9092725]], [[77.6377265, 28.9092725], [77.6382896, 28.9097744], [77.6386093, 28.9100174], [77.6392741, 28.9105309], [77.639622, 28.9108102], [77.6399655, 28.9111226], [77.6402577, 28.9114565], [77.6404786, 28.9117737], [77.6407044, 28.912133], [77.6408349, 28.9123554]], [[77.6408349, 28.9123554], [77.6409638, 28.9124166]], [[77.6409638, 28.9124166], [77.6415471, 28.9125723]], [[77.6415471, 28.9125723], [77.641585, 28.9126466], [77.6416174, 28.9127378], [77.641681, 28.9129102], [77.6418024, 28.9134915], [77.6418959, 28.9138026]], [[77.6418959, 28.9138026], [77.6419365, 28.9139376], [77.6420546, 28.9142804], [77.6421484, 28.9144776], [77.6422584, 28.914649], [77.6423617, 28.9147558], [77.6424891, 28.9148498], [77.6426393, 28.9149202], [77.6427975, 28.914973], [77.6429674, 28.9150266]], [[77.6429674, 28.9150266], [77.6440879, 28.9154079]], [[77.6440879, 28.9154079], [77.6442639, 28.9154741], [77.6444073, 28.9155608], [77.6448384, 28.916049], [77.6451047, 28.9163694], [77.6452569, 28.9165496]], [[77.6452569, 28.9165496], [77.6453156, 28.9166192]], [[77.6453156, 28.9166192], [77.6459, 28.9172945]], [[77.6459, 28.9172945], [77.6460022, 28.9174126], [77.6461772, 28.9175909]], [[77.6461772, 28.9175909], [77.6466642, 28.9180951], [77.6471959, 28.9186451], [77.6478099, 28.9193261], [77.6480775, 28.9196018], [77.6486521, 28.92018]], [[77.6486521, 28.92018], [77.6491099, 28.9206406], [77.6498248, 28.9213599], [77.6499808, 28.9215168], [77.650168, 28.9216949], [77.650394, 28.9219099], [77.6508201, 28.9223154], [77.6508852, 28.9223774], [77.6517529, 28.9232065], [77.6519644, 28.9234085], [77.652286, 28.9237051]], [[77.652286, 28.9237051], [77.6527318, 28.9241163]], [[77.6527318, 28.9241163], [77.6533619, 28.9247407]], [[77.6533619, 28.9247407], [77.6534462, 28.9248242], [77.6542565, 28.9256341], [77.6542868, 28.9256644], [77.654346, 28.9257221], [77.6543979, 28.9257727], [77.6550715, 28.9264298], [77.6561091, 28.9276169], [77.6562234, 28.9277337], [77.6574896, 28.9290277], [77.6578962, 28.9294432], [77.6594232, 28.9310309], [77.6604182, 28.931982], [77.6607661, 28.9322958], [77.6616032, 28.9330549], [77.6616882, 28.9331304], [77.661722, 28.9331612], [77.6619243, 28.9333424], [77.6634353, 28.9346516], [77.663894, 28.9351224], [77.6643174, 28.9355701], [77.66472, 28.936175], [77.6648351, 28.9363171], [77.6653439, 28.9371123], [77.6654255, 28.9372411], [77.6657311, 28.9377231], [77.6667425, 28.9393183], [77.6667771, 28.9393728], [77.6670294, 28.939732], [77.6672133, 28.9399937], [77.6676637, 28.9405353], [77.6677779, 28.9406725], [77.6683602, 28.9413783], [77.668805, 28.9419729], [77.6689101, 28.9421133], [77.6690394, 28.9422861], [77.6694453, 28.9428286], [77.6698583, 28.9433347], [77.6714351, 28.9453239], [77.671769, 28.9456975], [77.6728951, 28.9468592], [77.6734117, 28.9473733], [77.6738559, 28.9478153]], [[77.6738559, 28.9478153], [77.6739373, 28.9478953]], [[77.6739373, 28.9478953], [77.6740343, 28.9479953]], [[77.7388335, 28.9597779], [77.7385428, 28.9596112]], [[77.7377624, 28.9587359], [77.7375742, 28.9585214], [77.7370597, 28.95801], [77.7367077, 28.9576726], [77.7358033, 28.9567806], [77.7354114, 28.9564026], [77.7348182, 28.9558206], [77.7346728, 28.9556795], [77.734207, 28.9552852], [77.7340838, 28.9552031], [77.7339424, 28.9551056], [77.7337728, 28.9549972], [77.733701, 28.9549514], [77.7330978, 28.9545474], [77.7330418, 28.95451], [77.7327364, 28.9543055], [77.7321599, 28.9539196], [77.731504, 28.9534902]], [[77.7274237, 28.9507999], [77.7269807, 28.9505049]], [[77.7269807, 28.9505049], [77.7266432, 28.9503062], [77.7264717, 28.9501965], [77.7263698, 28.9501315], [77.7259989, 28.949908], [77.7255845, 28.9496698], [77.7254821, 28.9496105], [77.7254327, 28.949588], [77.7252394, 28.9495001], [77.7249931, 28.9493917], [77.7247196, 28.9492819], [77.7243818, 28.9491576], [77.724186, 28.9490952], [77.7231963, 28.9487678], [77.7229014, 28.9486691], [77.7227271, 28.9486079]], [[77.4442789, 28.698118], [77.4442994, 28.6981399], [77.4448544, 28.6987102], [77.4450246, 28.698887], [77.4456228, 28.6995579], [77.4462184, 28.7001269], [77.4466476, 28.7005655]], [[77.4466476, 28.7005655], [77.447737, 28.701739], [77.4483618, 28.7023742], [77.4486501, 28.7026626], [77.4500119, 28.7040758], [77.4500343, 28.7040992], [77.4511873, 28.7053033], [77.4513633, 28.7054871], [77.4528974, 28.7070892], [77.4533523, 28.7075734], [77.4542267, 28.7085042], [77.4544545, 28.7087424], [77.4547332, 28.7090344], [77.4552544, 28.7095911], [77.4557546, 28.7101046], [77.4561769, 28.710549], [77.456283, 28.710662], [77.4578627, 28.7123231], [77.4586934, 28.7132169], [77.4595762, 28.7141666], [77.4599205, 28.7145203], [77.4608695, 28.7155582], [77.4612103, 28.7159309], [77.4613995, 28.7161378], [77.4614944, 28.7162416], [77.4624406, 28.7172763], [77.4637464, 28.7186768], [77.46527, 28.7203201], [77.4683769, 28.7236787], [77.4687273, 28.7240662], [77.4687601, 28.7241018], [77.4696603, 28.7250781], [77.4705236, 28.7260145], [77.4708742, 28.7263947], [77.4711196, 28.7266609], [77.4717894, 28.7273918], [77.47218, 28.7278021], [77.4725037, 28.7281421], [77.4731778, 28.7288501], [77.4736739, 28.7293712], [77.4744028, 28.7301367], [77.4747096, 28.7304857], [77.4755529, 28.7314449]], [[77.4755529, 28.7314449], [77.475759, 28.7316874], [77.4759093, 28.7318643], [77.4767759, 28.7328872], [77.4774212, 28.7338304], [77.4779873, 28.734666], [77.4783008, 28.7351287], [77.4803824, 28.7380691]], [[77.4803824, 28.7380691], [77.4807472, 28.7386088], [77.4824815, 28.7411852], [77.4837796, 28.7431136], [77.4841338, 28.7435996], [77.4841979, 28.7436875], [77.4842693, 28.7437854], [77.4846483, 28.7442179], [77.4853198, 28.7448779], [77.4854388, 28.7449949], [77.485688, 28.7452091], [77.4860592, 28.7455282], [77.4864692, 28.7458805], [77.4871537, 28.7464178], [77.4873855, 28.7465998], [77.4873911, 28.7466042], [77.487681, 28.7468161]], [[77.487681, 28.7468161], [77.4877518, 28.7468678]], [[77.4877518, 28.7468678], [77.4878411, 28.7469387]], [[77.4878411, 28.7469387], [77.4886563, 28.7475865], [77.4897047, 28.7484004], [77.4901678, 28.7487622], [77.4903362, 28.7488907], [77.4910052, 28.7494435], [77.4911098, 28.7495299], [77.4914338, 28.7497976], [77.4918391, 28.7501653], [77.4923409, 28.7506206], [77.4927565, 28.7510277], [77.4932371, 28.7514983], [77.493421, 28.7516917], [77.4938323, 28.7521243], [77.4943996, 28.752721], [77.4947433, 28.7530825], [77.4959592, 28.7543739], [77.4968153, 28.755285], [77.4974079, 28.7559156], [77.4979126, 28.7564528], [77.4982373, 28.7568182], [77.4998388, 28.7586202], [77.5001967, 28.7590229], [77.5002376, 28.7590742], [77.5002586, 28.7591006], [77.5003069, 28.7591611], [77.5003333, 28.7591885], [77.5010209, 28.7599769], [77.5016925, 28.7606914], [77.5018767, 28.7608873], [77.5020473, 28.7610688], [77.5022901, 28.7613271], [77.5026308, 28.7616896], [77.5028326, 28.7618949], [77.5031762, 28.7622445], [77.5038177, 28.762945], [77.505385, 28.7646565], [77.5054459, 28.7647229], [77.5061598, 28.7655025], [77.5070131, 28.7664343], [77.5074253, 28.7668794], [77.5077923, 28.7672757], [77.5078026, 28.7672868], [77.5080915, 28.7675987], [77.5082846, 28.7678102], [77.5083333, 28.767864], [77.5090535, 28.7686603], [77.5097358, 28.7694179], [77.5098843, 28.7695829], [77.51028, 28.7700223], [77.5106382, 28.7704171], [77.5110957, 28.7709213], [77.5116215, 28.7715008], [77.5121354, 28.7720158], [77.5123298, 28.7722106], [77.5126766, 28.7725582], [77.513478, 28.7733613], [77.5144221, 28.7743074], [77.5145351, 28.7744238], [77.5152561, 28.7751668], [77.5164649, 28.7764554], [77.5172106, 28.7773122], [77.5176633, 28.7778755], [77.518025, 28.7784592], [77.5181591, 28.7786315], [77.518209, 28.7786956]], [[77.518209, 28.7786956], [77.5191715, 28.7794328]], [[77.5191715, 28.7794328], [77.5191845, 28.7794439], [77.5202034, 28.7803174], [77.5211484, 28.781196], [77.5213114, 28.7813611], [77.5226339, 28.7827013], [77.5231215, 28.7831954], [77.5237463, 28.7838284], [77.5238975, 28.7839816], [77.5255312, 28.785637], [77.5267536, 28.7868757], [77.5276294, 28.787763], [77.5296381, 28.7897983], [77.5329764, 28.793516], [77.5331843, 28.7937621], [77.5333437, 28.7939508], [77.533658, 28.7943103], [77.5336899, 28.7943468], [77.5338137, 28.7944856], [77.5343917, 28.7951345], [77.5348115, 28.7955855], [77.5348885, 28.7956681], [77.5351965, 28.7960034], [77.5359599, 28.7968344], [77.5367428, 28.7977098], [77.537235, 28.7982602], [77.5374836, 28.7985381], [77.5377783, 28.7988961], [77.5380777, 28.7992457], [77.5385221, 28.7997707], [77.5387444, 28.8000349], [77.5389713, 28.8002827], [77.5389965, 28.8003101], [77.5394018, 28.800751], [77.5396499, 28.8010105], [77.5397484, 28.8011103], [77.540509, 28.8018808], [77.5414351, 28.8028189], [77.541607, 28.803014], [77.5418492, 28.8033131], [77.5419979, 28.8034968], [77.5421209, 28.8036552], [77.5422438, 28.8038197], [77.5424688, 28.8041466], [77.5425335, 28.8042417], [77.5434645, 28.8056106], [77.5435601, 28.8057372], [77.543707, 28.8059142], [77.5438772, 28.8060994], [77.5439193, 28.8061435], [77.5440404, 28.8062702], [77.5441897, 28.8064288], [77.5445254, 28.8067378], [77.5446404, 28.8068485], [77.5448379, 28.8070386], [77.5450115, 28.8072139], [77.5453342, 28.8075398], [77.545898, 28.8080996], [77.5461981, 28.8084066], [77.546278, 28.8084884], [77.54691, 28.8091351], [77.5477958, 28.8100382], [77.5488897, 28.8111535], [77.5489274, 28.8111919], [77.5491752, 28.8114232], [77.5496364, 28.8118537], [77.5498456, 28.8120491], [77.5501214, 28.8122826], [77.5504145, 28.8125307], [77.5507268, 28.8127951], [77.5519355, 28.8138184], [77.5519996, 28.8138726], [77.5527606, 28.814503], [77.5529262, 28.8146402], [77.5533305, 28.8149752], [77.5539741, 28.8155151], [77.5548908, 28.8162841], [77.5549393, 28.8163248], [77.5551411, 28.8164941]], [[77.5551411, 28.8164941], [77.5580911, 28.8189453], [77.5584523, 28.8192455], [77.5587517, 28.8194942], [77.5588777, 28.8196058], [77.5598298, 28.820449], [77.5606507, 28.8212107], [77.5616197, 28.8220866], [77.5620368, 28.8224636], [77.5626305, 28.8230002], [77.5633261, 28.823629], [77.5642456, 28.8244661], [77.5649276, 28.8250871], [77.5653743, 28.8254949], [77.5656054, 28.8257058], [77.565655, 28.8257492], [77.5658913, 28.8259558], [77.5669598, 28.8268901], [77.5687258, 28.8284964], [77.5688277, 28.8285891], [77.5690355, 28.8287637], [77.5693077, 28.8289925], [77.5695946, 28.8292543], [77.5700405, 28.8296085], [77.5704462, 28.8299256], [77.5718384, 28.8309244], [77.571886, 28.8309683], [77.572126, 28.8311898], [77.5726487, 28.8316721], [77.5729782, 28.831976]], [[77.5729782, 28.831976], [77.5736459, 28.8326575], [77.5741353, 28.8331903]], [[77.5741353, 28.8331903], [77.5748294, 28.8340415], [77.5752884, 28.8345751], [77.575845, 28.8352435], [77.5761028, 28.8355056], [77.5770106, 28.8364285], [77.5775302, 28.8369973]], [[77.5775302, 28.8369973], [77.5790325, 28.8386298], [77.5793784, 28.839006], [77.5795853, 28.839231], [77.5800532, 28.8397784], [77.5805096, 28.8402958], [77.5805404, 28.8403334], [77.5807682, 28.8406111], [77.5808822, 28.8407502], [77.5810279, 28.8409278], [77.5810503, 28.8409552], [77.5814506, 28.841444], [77.5818169, 28.8418997], [77.5820375, 28.8421742], [77.583916, 28.844511], [77.5843542, 28.8450561], [77.5844171, 28.8451343], [77.5846363, 28.8454553]], [[77.5846363, 28.8454553], [77.5850573, 28.8460835], [77.5854439, 28.8466566], [77.5857095, 28.8470536], [77.5862927, 28.8479254], [77.5865167, 28.8481978], [77.5866348, 28.8483411], [77.5867176, 28.8484581], [77.5868346, 28.8486653]], [[77.5868346, 28.8486653], [77.5869863, 28.84896]], [[77.5869863, 28.84896], [77.5870191, 28.8490429], [77.5870969, 28.8492402], [77.5872444, 28.8496144], [77.5874, 28.8499002], [77.5874837, 28.850054], [77.5880084, 28.8507497], [77.5881914, 28.8509713], [77.588318, 28.8511355], [77.5884834, 28.8513499], [77.5886466, 28.851562], [77.5887657, 28.8517159], [77.5888893, 28.851876], [77.5889415, 28.8519437], [77.5891156, 28.8521694], [77.5892193, 28.8523039], [77.5893722, 28.8525063], [77.5894532, 28.8526106], [77.5895751, 28.8529019], [77.5895859, 28.8529277], [77.589693, 28.8531829], [77.5897517, 28.8533228], [77.5898069, 28.8534545], [77.5899088, 28.8536973], [77.5899342, 28.8537578], [77.5902, 28.8543992], [77.5902408, 28.8545165], [77.5903805, 28.8549185], [77.5906799, 28.8555734], [77.5907805, 28.8557936], [77.5909841, 28.8562503], [77.5910129, 28.8563149]], [[77.5910129, 28.8563149], [77.5910847, 28.8564761], [77.5911535, 28.8566303], [77.5916122, 28.8573852], [77.5919563, 28.8579765], [77.5920314, 28.8580986], [77.5921319, 28.8582513], [77.5923197, 28.8585097], [77.5923841, 28.8586084], [77.5924538, 28.8587047], [77.5925705, 28.8588621], [77.592722, 28.8590688], [77.592883, 28.8592626], [77.5931579, 28.8596126], [77.593473, 28.8600026], [77.5939102, 28.8605252], [77.5946693, 28.8614825], [77.5951521, 28.8620345], [77.595355, 28.8622633], [77.5953731, 28.8622876]], [[77.5953731, 28.8622876], [77.5954505, 28.8623933]], [[77.5954505, 28.8623933], [77.5954577, 28.8624047], [77.5955414, 28.862536], [77.595651, 28.8627016], [77.5961995, 28.863384], [77.5965147, 28.8637211], [77.5972241, 28.8643706], [77.5978102, 28.864858], [77.5983104, 28.8652656], [77.5987503, 28.8656179], [77.5988509, 28.8657048], [77.5996917, 28.8665422], [77.5998835, 28.8667243], [77.6004562, 28.8673115], [77.6011254, 28.8680079], [77.6015704, 28.8684874], [77.6017063, 28.8686613], [77.6018107, 28.8687948], [77.6019634, 28.8690324], [77.6021153, 28.8692688], [77.6021313, 28.8692937], [77.6025504, 28.869946], [77.6028192, 28.8703617], [77.604965, 28.8737039], [77.6052444, 28.8740743], [77.6073083, 28.8768101], [77.6093204, 28.8794772], [77.611028, 28.8817406]], [[77.611028, 28.8817406], [77.6129432, 28.8841592], [77.6129708, 28.8841978], [77.6133227, 28.8846909], [77.6139485, 28.8853656]], [[77.6139485, 28.8853656], [77.6140412, 28.8854655]], [[77.6140412, 28.8854655], [77.6141471, 28.8855768]], [[77.6141471, 28.8855768], [77.614642, 28.8860971], [77.6149378, 28.886401], [77.6152437, 28.8867153], [77.6152777, 28.8867514]], [[77.6152777, 28.8867514], [77.6153638, 28.8868387]], [[77.6153638, 28.8868387], [77.6181465, 28.8897081], [77.6182257, 28.8897976], [77.6184818, 28.8900961], [77.618937, 28.8906127], [77.6194133, 28.8911967], [77.6196046, 28.8914288], [77.6199287, 28.8918222], [77.6204582, 28.8924619], [77.6208686, 28.8928493], [77.6218595, 28.8938056], [77.6222971, 28.8943503], [77.6225263, 28.8946357], [77.6227539, 28.8949191], [77.6232788, 28.8955725], [77.624046, 28.896401], [77.6273761, 28.899326], [77.6274694, 28.8994213], [77.62943, 28.9014226], [77.6296317, 28.9016257], [77.6311716, 28.9031744], [77.63161, 28.9036323], [77.6324202, 28.9044467], [77.6326308, 28.9046585], [77.6326797, 28.9047076], [77.6336002, 28.9056329], [77.6342559, 28.9062555], [77.6346372, 28.9066176]], [[79.750672, 25.1396608], [79.7507019, 25.1398701]], [[79.7507019, 25.1398701], [79.7507702, 25.1403076], [79.7508261, 25.140511], [79.7509117, 25.1407373], [79.7510263, 25.1409778], [79.7512912, 25.1413497], [79.7527186, 25.1432005]], [[79.7527186, 25.1432005], [79.7528082, 25.1433166]], [[79.7528082, 25.1433166], [79.7530832, 25.1436782], [79.7533398, 25.1440157], [79.753963, 25.144821], [79.7542762, 25.145245], [79.7547519, 25.1459889], [79.7548795, 25.1461721], [79.7550017, 25.146323], [79.7551007, 25.1464365]], [[79.7551007, 25.1464365], [79.7553864, 25.1467087]], [[79.7553864, 25.1467087], [79.7558873, 25.1472081], [79.7565669, 25.1478857], [79.7573146, 25.1486207], [79.7597704, 25.1515766]], [[79.7597704, 25.1515766], [79.759869, 25.1517034]], [[79.759869, 25.1517034], [79.7598935, 25.1517323], [79.7624333, 25.1547382], [79.7662347, 25.1590789], [79.7673518, 25.1603544], [79.772239, 25.166003], [79.7744923, 25.1685634], [79.7787971, 25.1736914], [79.7789377, 25.1738546], [79.782904, 25.1784599], [79.7878776, 25.1841536], [79.8020072, 25.2004919], [79.8211312, 25.2225897], [79.8237145, 25.2255302], [79.8258391, 25.2280573], [79.8280492, 25.2306237], [79.830699, 25.2337304], [79.832637, 25.2360587], [79.8433803, 25.249108], [79.8459128, 25.2519093], [79.8516178, 25.2563634], [79.8606459, 25.2636128], [79.8627059, 25.2652174], [79.8726501, 25.2731745], [79.873465, 25.2738871], [79.8761571, 25.2769289], [79.8768304, 25.2776896], [79.8769557, 25.2778312], [79.8769817, 25.2778606], [79.8774483, 25.2783785], [79.8777498, 25.2787132], [79.8781738, 25.2791839], [79.8801969, 25.28143], [79.8804657, 25.2817258], [79.880664, 25.2819441], [79.8808977, 25.2822013], [79.881149, 25.2824779], [79.8821841, 25.2835114], [79.8831687, 25.2844217], [79.8835319, 25.2847189], [79.8835995, 25.2847742], [79.8836412, 25.2848054], [79.885111, 25.2859056], [79.8854953, 25.2861933], [79.8861227, 25.2866469], [79.8862139, 25.2867414], [79.8864012, 25.2869353], [79.8864652, 25.2870016], [79.886779, 25.2875125], [79.8870143, 25.2878956], [79.8871055, 25.288044], [79.8872897, 25.2883515], [79.8875211, 25.2887377], [79.8876859, 25.2891921], [79.8877325, 25.2900137], [79.8877772, 25.29032], [79.8881695, 25.2908043], [79.8883981, 25.2910389], [79.888907, 25.2915791], [79.8892518, 25.2919451], [79.8899278, 25.2926626], [79.8901687, 25.2929384], [79.8902493, 25.2931187], [79.890287, 25.293203], [79.8905317, 25.2937291], [79.8905894, 25.2938268], [79.8908164, 25.2942109], [79.8909265, 25.2943554], [79.8920433, 25.2958213], [79.8925262, 25.2964747], [79.8931947, 25.2973793], [79.893973, 25.298476]], [[79.893973, 25.298476], [79.8942523, 25.2987889], [79.8947818, 25.2993566], [79.8955164, 25.300023], [79.8960906, 25.3004229], [79.8971362, 25.3010461], [79.8982582, 25.3016413], [79.899567, 25.3023218], [79.9004878, 25.3027988], [79.9028158, 25.3040288], [79.9048747, 25.3050951], [79.9070681, 25.3062339], [79.9081054, 25.3068887], [79.908452, 25.3071482], [79.9088943, 25.3075387], [79.9092978, 25.3079409], [79.9096961, 25.3083525], [79.9101514, 25.3088739], [79.9103997, 25.3093182], [79.9113076, 25.3111772], [79.9121249, 25.3130174], [79.9123629, 25.3135271], [79.9125647, 25.3138124], [79.9127561, 25.3140532], [79.9133122, 25.3146845], [79.9147762, 25.3163563], [79.9149754, 25.3166112], [79.9151435, 25.3168871], [79.9155082, 25.3174974], [79.9164652, 25.319085], [79.9169231, 25.3197887], [79.9169732, 25.3199803], [79.9170239, 25.3201745], [79.91713, 25.3203779], [79.9178698, 25.3211682], [79.9194838, 25.3227254], [79.9211418, 25.3242965], [79.9226808, 25.3257204], [79.9242923, 25.3272471], [79.9262659, 25.3290941], [79.9278721, 25.330595], [79.9289925, 25.331643], [79.9301639, 25.3327622], [79.9306346, 25.3331901], [79.931258, 25.3336436], [79.9333376, 25.3351235], [79.9349935, 25.3362858], [79.9379469, 25.3383566], [79.9401947, 25.3399346], [79.9426519, 25.3416739], [79.9438573, 25.3425248], [79.9441573, 25.3427983], [79.9454015, 25.3439484], [79.9457817, 25.3442523], [79.9472457, 25.3453487], [79.9487149, 25.3464637], [79.9489219, 25.3465665], [79.9491986, 25.3466717], [79.949778, 25.346833], [79.9500419, 25.3469452], [79.9503755, 25.3471556], [79.9512679, 25.3477751], [79.9529337, 25.3489906], [79.9545736, 25.3501991], [79.9565368, 25.3516601], [79.9580422, 25.352754], [79.9600209, 25.3542336], [79.9623489, 25.3559587], [79.9647725, 25.3577491], [79.966922, 25.3593432], [79.9690223, 25.3608952], [79.9708355, 25.3622718], [79.9733812, 25.3641493], [79.9759904, 25.3661209], [79.9777029, 25.3673647], [79.9796558, 25.3688325], [79.981738, 25.3703843], [79.9840349, 25.3720974], [79.9861482, 25.3736586], [79.9883649, 25.3753109], [79.9904652, 25.3768697], [79.9930802, 25.3788047], [79.9954961, 25.3805948], [79.9976947, 25.3822143], [79.9988058, 25.3830604]], [[79.9988058, 25.3830604], [80.0032763, 25.386405], [80.0048246, 25.3876004], [80.0057479, 25.388105], [80.0063555, 25.3883342], [80.0067768, 25.3886026], [80.0070645, 25.3886371], [80.007662, 25.3888349], [80.0087953, 25.3893056], [80.0091012, 25.3894261]], [[80.0091012, 25.3894261], [80.0089291, 25.3896798], [80.0040008, 25.3966645], [80.0034727, 25.3974565], [80.0030418, 25.3983638], [80.0030806, 25.401781], [80.0031862, 25.402402], [80.004241, 25.4044808], [80.004799, 25.4057529], [80.0092162, 25.4147103], [80.0118742, 25.420181], [80.0133983, 25.4232166]], [[80.0133983, 25.4232166], [80.0145345, 25.4257633], [80.021184, 25.439074], [80.026913, 25.4508409], [80.0286897, 25.4543679], [80.0367089, 25.4694136], [80.0410952, 25.4773487], [80.0420831, 25.4793656], [80.0512348, 25.5108618], [80.051381, 25.5115381], [80.051166, 25.5130143], [80.050925, 25.5151068], [80.0508821, 25.5160937], [80.0510809, 25.5169195], [80.0515381, 25.5188659], [80.0527756, 25.5205902], [80.0537911, 25.5218708], [80.0545314, 25.5230053], [80.0568755, 25.5315207], [80.0571496, 25.5323749], [80.0603408, 25.544097], [80.0645371, 25.5590042], [80.0653228, 25.561981], [80.0655453, 25.5630114], [80.066326, 25.5657624], [80.0667175, 25.5674387], [80.0669537, 25.5681696], [80.0671137, 25.5689385], [80.0673268, 25.5695291], [80.0674597, 25.5703387], [80.0678144, 25.5716176], [80.0682427, 25.5731622], [80.068518, 25.5742927], [80.0689733, 25.5761622], [80.0696572, 25.5789703], [80.0702213, 25.5812866], [80.0703773, 25.583866], [80.0699761, 25.5868598], [80.0700026, 25.5873193], [80.0700627, 25.5883589], [80.0705034, 25.5907071], [80.0714522, 25.5951793], [80.0715986, 25.5957316], [80.0718414, 25.5966475], [80.0721432, 25.5981403], [80.0736667, 25.6048094], [80.0758513, 25.6140328], [80.0776598, 25.6213324], [80.0777359, 25.6216568], [80.0778869, 25.6223007]], [[80.0778869, 25.6223007], [80.0812823, 25.6362307], [80.0814807, 25.6366805], [80.0818455, 25.6373721], [80.0819475, 25.6381314], [80.0821138, 25.6401142], [80.0822961, 25.6425129], [80.0823659, 25.6432142], [80.0823283, 25.6435285], [80.0820279, 25.644723], [80.0815988, 25.6466912], [80.0813413, 25.6480501], [80.0810677, 25.6492591], [80.0810611, 25.6492912], [80.0806278, 25.6514013], [80.0804615, 25.6524071], [80.0804293, 25.6532582], [80.080483, 25.6537756], [80.0806278, 25.6540368], [80.0809121, 25.6543753], [80.0811267, 25.6550474]], [[80.0811267, 25.6550474], [80.081293, 25.6557669]], [[80.081293, 25.6557669], [80.0813681, 25.6560919], [80.0814003, 25.6570155], [80.0814271, 25.6577795], [80.0815451, 25.6583646], [80.081566, 25.6584099], [80.0816939, 25.6586873], [80.0817238, 25.6587522], [80.081812, 25.6589436], [80.0818884, 25.6591092], [80.0820496, 25.6592749], [80.0824624, 25.6596991], [80.082897, 25.6602395], [80.0830847, 25.6604728], [80.0834227, 25.6609757], [80.0838817, 25.6622169], [80.0840557, 25.6626874], [80.084515, 25.664291], [80.0857508, 25.6686056], [80.0868848, 25.6729389], [80.0869358, 25.6731304], [80.0884813, 25.6789424], [80.0894147, 25.6823991]], [[80.0894147, 25.6823991], [80.0894791, 25.682636]], [[80.0894791, 25.682636], [80.0906357, 25.6873258], [80.0909567, 25.6885749], [80.0910423, 25.6889825], [80.0910953, 25.6891492], [80.0919188, 25.6918527], [80.0925527, 25.6939286], [80.0927983, 25.6947328]], [[80.0927983, 25.6947328], [80.0937783, 25.6982896], [80.0938301, 25.6984778], [80.0939846, 25.6990383], [80.0943753, 25.7003769], [80.0949234, 25.702283], [80.0955955, 25.7045573], [80.0962517, 25.7068054], [80.0966578, 25.7081966], [80.0976538, 25.7115694], [80.0980975, 25.7130717], [80.09819, 25.7133848], [80.0986076, 25.7143738], [80.0987008, 25.7145946], [80.099113, 25.7156868], [80.0992922, 25.7161616], [80.100093, 25.7182833], [80.1010651, 25.7204059], [80.1018513, 25.722143], [80.1027044, 25.7240277], [80.1055865, 25.7302529], [80.107934, 25.7352221], [80.1090181, 25.7375393], [80.1100427, 25.7397295], [80.1119536, 25.7437498], [80.1130905, 25.7459833], [80.1154594, 25.7504528], [80.1162209, 25.7518895], [80.1184524, 25.7560978], [80.1192936, 25.7576842], [80.1226217, 25.763716], [80.1255626, 25.7691391], [80.1273369, 25.7723562], [80.1292532, 25.7758306], [80.1327873, 25.7822843], [80.1361983, 25.7883943], [80.1380216, 25.7917646], [80.1395341, 25.7945602], [80.1422938, 25.799574], [80.1454571, 25.8052922], [80.1484228, 25.8105873], [80.151306, 25.8157488], [80.1523605, 25.8176695], [80.1527941, 25.8184437], [80.1540987, 25.8207729], [80.1541563, 25.8209397], [80.1542062, 25.821123]], [[80.1542062, 25.821123], [80.1542839, 25.8215093]], [[80.1542839, 25.8215093], [80.1547165, 25.823194], [80.1549155, 25.8239166], [80.1549461, 25.8240276], [80.1550872, 25.8245398], [80.1555487, 25.8260412], [80.1556103, 25.8262416], [80.1557858, 25.8265238], [80.1559769, 25.8268311], [80.1562284, 25.8272777], [80.15657, 25.8278841], [80.1567589, 25.8283313], [80.1568844, 25.8286281], [80.1570149, 25.828937], [80.1570899, 25.82913], [80.1575246, 25.8302477], [80.1576492, 25.8305682], [80.1576822, 25.8308352], [80.1575545, 25.8312467], [80.1574378, 25.8315145], [80.1567795, 25.832947], [80.1567103, 25.8330977], [80.1565165, 25.8335193], [80.1549266, 25.8371376], [80.1529701, 25.841638], [80.1508488, 25.8464126], [80.1494731, 25.8496079], [80.1477637, 25.8533925], [80.1458155, 25.8574809], [80.1445263, 25.8602275], [80.1420807, 25.8653168], [80.1396505, 25.8704129], [80.137797, 25.8742635], [80.1364748, 25.8769985], [80.1363471, 25.8773728], [80.1362853, 25.8777323], [80.1362606, 25.878266], [80.1364089, 25.8798187], [80.1366414, 25.8826485], [80.1366519, 25.882776], [80.1366836, 25.8830417], [80.1370185, 25.8858517], [80.1373604, 25.8891645], [80.1376899, 25.8924143], [80.13804, 25.8956306], [80.1384683, 25.899762], [80.1388761, 25.9033597], [80.1389317, 25.9037971], [80.1392715, 25.906472], [80.1399913, 25.9124356], [80.1407311, 25.9182774], [80.1413194, 25.9225944], [80.1417913, 25.9263193], [80.1423477, 25.9304321], [80.1424029, 25.9308403], [80.1424786, 25.9316523], [80.1426184, 25.9325573], [80.1426534, 25.9327838], [80.1427815, 25.9348163], [80.1429792, 25.9357123], [80.1430537, 25.9361091], [80.1432017, 25.936668], [80.1434406, 25.9370532], [80.1440172, 25.9377422], [80.1444167, 25.9380718], [80.1449069, 25.9382904], [80.1457348, 25.9385163], [80.1481197, 25.9388904], [80.1488034, 25.9391164], [80.1493389, 25.9393571], [80.1498702, 25.9396831], [80.1510782, 25.940684]], [[80.1510782, 25.940684], [80.1556389, 25.9445871]], [[80.1580287, 25.9476826], [80.1580097, 25.9475334], [80.1578145, 25.9469363], [80.1575903, 25.9465042], [80.157184, 25.9460113], [80.1570456, 25.9458363], [80.1557743, 25.9447073], [80.1556389, 25.9445871]], [[80.1578016, 25.9511943], [80.1579345, 25.9504302], [80.1579937, 25.95006], [80.1580725, 25.9492418], [80.1581096, 25.9489754], [80.1581225, 25.9488831], [80.158144, 25.9484738], [80.1581241, 25.9481277], [80.1580287, 25.9476826]], [[80.1578016, 25.9511943], [80.1577638, 25.9514558], [80.157665, 25.9525024], [80.1576529, 25.9526306], [80.1577579, 25.9533026], [80.1579531, 25.9539098], [80.1584732, 25.9548299], [80.1590694, 25.9557235], [80.1593839, 25.9563424]], [[80.1593839, 25.9563424], [80.1597486, 25.9570437], [80.1601969, 25.9576816], [80.1608792, 25.9587553], [80.161496, 25.959766], [80.1622555, 25.9608551], [80.162816, 25.9616797]], [[80.162816, 25.9616797], [80.163975, 25.9635135], [80.1644602, 25.9644739], [80.1646349, 25.9651495], [80.1646355, 25.965354], [80.1646363, 25.9656681], [80.1645086, 25.9662977], [80.1640308, 25.9672049], [80.1621032, 25.9709043], [80.1609101, 25.9731554], [80.1603938, 25.9741296], [80.1591697, 25.9765647], [80.1590819, 25.9767413], [80.1586968, 25.9774362], [80.158525, 25.9777564], [80.1575682, 25.9795394], [80.156695, 25.9809464], [80.1553075, 25.9830526], [80.1548826, 25.9836975], [80.1542071, 25.9847638], [80.1539971, 25.9853858], [80.1536882, 25.9863966], [80.1535234, 25.9874741], [80.1535225, 25.9875598], [80.1535144, 25.9883007], [80.1535722, 25.9890647], [80.153582, 25.989194], [80.1539338, 25.9938456], [80.1542833, 25.998275], [80.1543186, 25.9986775], [80.1545205, 26.0013623], [80.1546705, 26.0034645], [80.1547449, 26.004842], [80.154769, 26.0052872], [80.1547998, 26.0058354], [80.1545888, 26.0086652], [80.1545534, 26.0092149], [80.1543693, 26.0120724], [80.1541872, 26.0148779], [80.154123, 26.0160136], [80.1540994, 26.0163728], [80.1539249, 26.0190243], [80.1538016, 26.0205321], [80.1537687, 26.0209855], [80.1537604, 26.0213944], [80.153773, 26.0218425], [80.1541853, 26.0250569], [80.1544905, 26.0275782], [80.1547023, 26.0294218], [80.1549349, 26.0314468], [80.1549872, 26.0318774], [80.1551927, 26.0335685], [80.1553044, 26.0344876], [80.1554327, 26.0355016], [80.1555882, 26.0367297], [80.1556632, 26.0371435], [80.1557703, 26.0374947], [80.1567313, 26.0395951], [80.1567609, 26.0396598], [80.1572964, 26.0407278], [80.1575909, 26.0413629], [80.1577944, 26.0418825], [80.1586657, 26.0448863], [80.1588617, 26.0456246], [80.1593342, 26.0470697], [80.1598848, 26.0486797], [80.1599882, 26.0489705], [80.1601117, 26.0491953], [80.1604487, 26.049678], [80.1605855, 26.0499718], [80.160739, 26.0504035], [80.1609392, 26.051171], [80.1611478, 26.0522578], [80.1612636, 26.0528719], [80.1614763, 26.0540003], [80.1616536, 26.0549886], [80.1617057, 26.0555929], [80.1620655, 26.0591621], [80.162347, 26.0618507], [80.1626129, 26.0644596], [80.1628632, 26.0668108], [80.1629831, 26.0685859], [80.163071, 26.0697676], [80.1631291, 26.0705483], [80.1632386, 26.0721594], [80.1635536, 26.0762297], [80.163572, 26.0764677], [80.1635775, 26.0765384], [80.1638278, 26.0791376], [80.1639532, 26.0815646], [80.1640833, 26.0832609], [80.16412, 26.0838784], [80.1640933, 26.084196], [80.1639465, 26.0851072], [80.163895, 26.0853546], [80.1635461, 26.0870313], [80.1633825, 26.0878255], [80.1632357, 26.0883619], [80.1629854, 26.0891112], [80.1627018, 26.0897885], [80.1624715, 26.0905377], [80.1623281, 26.0913289], [80.162278, 26.0919883], [80.1622613, 26.0926386], [80.1623114, 26.0933129], [80.1624724, 26.0947023], [80.1625658, 26.0953496], [80.162726, 26.095928], [80.1628728, 26.0963296], [80.1631364, 26.096863], [80.1634726, 26.097474], [80.1641667, 26.0984137], [80.1642115, 26.0984688]], [[80.1642115, 26.0984688], [80.1646411, 26.0989178]], [[80.1646411, 26.0989178], [80.1649489, 26.099296], [80.1652399, 26.0997807], [80.1653328, 26.1000311], [80.1654233, 26.1009606], [80.1654898, 26.1017699], [80.1655069, 26.1019774], [80.165611, 26.1032447], [80.165688, 26.1041931], [80.1658509, 26.1061991], [80.1658983, 26.1067011], [80.1661533, 26.1094016], [80.1664557, 26.1125572], [80.166805, 26.1162745], [80.1670866, 26.1191725], [80.1673643, 26.1224542], [80.1674188, 26.123121], [80.167498, 26.1239423], [80.167639, 26.1252922], [80.1677197, 26.1260397], [80.1677447, 26.1264052], [80.1677943, 26.1267706], [80.1678669, 26.1275496], [80.1679521, 26.1281793], [80.1681273, 26.1299389], [80.168527, 26.1334343], [80.1685859, 26.1340224], [80.1688376, 26.1359712], [80.1692554, 26.139183], [80.1694467, 26.1410063], [80.1697003, 26.1430763], [80.1699305, 26.1450563], [80.1701808, 26.1469345], [80.1702466, 26.1474401], [80.1703538, 26.1482647], [80.1704943, 26.1490851], [80.1706624, 26.1501289], [80.1707332, 26.1504523], [80.1708662, 26.1512088], [80.1710401, 26.1521975], [80.1711422, 26.1526417], [80.1712704, 26.1534349], [80.1713388, 26.1537684], [80.1716325, 26.1551993], [80.1716927, 26.1554925], [80.1718285, 26.1562279], [80.1719078, 26.1568267], [80.1722136, 26.1583724], [80.1723303, 26.1590451], [80.1725951, 26.1604038], [80.1726209, 26.1605171], [80.1727693, 26.1612589], [80.1728023, 26.1614549], [80.1732412, 26.1640615], [80.1733494, 26.1650124], [80.1735958, 26.1666026], [80.1737261, 26.1676321], [80.1740494, 26.1697894], [80.1742788, 26.1715957], [80.1745557, 26.1750109], [80.1747227, 26.1769792], [80.1749008, 26.1789082], [80.1753334, 26.1828668], [80.1757375, 26.187692], [80.1760099, 26.1904047], [80.1761517, 26.1912319], [80.1762768, 26.1918532], [80.1763105, 26.1919881], [80.1764562, 26.1925719], [80.1769818, 26.1945706], [80.1775908, 26.1965917], [80.1784939, 26.1993529], [80.1788223, 26.2000078], [80.1805005, 26.2032142], [80.1805951, 26.2033949], [80.1817995, 26.2056872], [80.1830926, 26.2081338], [80.184364, 26.21042], [80.185255, 26.2120576], [80.185919, 26.2132072], [80.187077, 26.2152909], [80.188662, 26.2180526], [80.1898383, 26.2201519], [80.1908728, 26.2219443], [80.192437, 26.2246609], [80.1940164, 26.2274067], [80.1958263, 26.230452], [80.1959491, 26.2306585], [80.1961374, 26.2309753], [80.1963668, 26.2313612], [80.1966329, 26.2318087], [80.1967635, 26.2320284], [80.1968609, 26.2321921], [80.1973684, 26.2330458], [80.197457, 26.2332067], [80.1979954, 26.2341838], [80.1981941, 26.2344328], [80.1991366, 26.2353704], [80.1997144, 26.2359409], [80.2015347, 26.2377381], [80.2020138, 26.2382106], [80.2028725, 26.2390576], [80.2034085, 26.2395863], [80.2040707, 26.2402395], [80.2046838, 26.2408363], [80.2053128, 26.241456], [80.205582, 26.2417197], [80.2056778, 26.2418135], [80.2057125, 26.2418475], [80.2066112, 26.2427277], [80.2066795, 26.2427946], [80.2072104, 26.2433341], [80.2088962, 26.245047], [80.2102643, 26.2463888], [80.2116512, 26.2477318], [80.2119807, 26.2480592], [80.21227, 26.2483543], [80.2140352, 26.2500828]], [[80.2140352, 26.2500828], [80.2141579, 26.2502008]], [[80.2141579, 26.2502008], [80.2142086, 26.2502531], [80.2149679, 26.2509793], [80.215514, 26.2515089], [80.2156266, 26.2516182], [80.215895, 26.2518743], [80.2165918, 26.2525432], [80.2170934, 26.2530146], [80.2175716, 26.2534882], [80.2177235, 26.2536284], [80.2178766, 26.2537535], [80.2181269, 26.2539318], [80.2184127, 26.2541183], [80.2187504, 26.254314], [80.2189775, 26.2544442]], [[80.2189775, 26.2544442], [80.2194515, 26.2547256]], [[80.2194515, 26.2547256], [80.2196158, 26.254842], [80.2197689, 26.2549649], [80.21994, 26.2551128], [80.2201072, 26.255287], [80.2212409, 26.2564873], [80.2220021, 26.2572989], [80.2223779, 26.2577394], [80.222792, 26.2582713], [80.2230499, 26.2585915], [80.2231966, 26.2587785], [80.2233296, 26.2589359], [80.2237344, 26.2593546], [80.2241693, 26.2597554], [80.226421, 26.2619057], [80.2266274, 26.2621014], [80.2285749, 26.2639869], [80.2286766, 26.2640853], [80.2297422, 26.2651095], [80.2303827, 26.2657429], [80.2309479, 26.2663017], [80.231341, 26.2666861], [80.2317826, 26.2671098], [80.2325129, 26.2678339], [80.2328051, 26.2681236], [80.2330862, 26.2684022]], [[80.2330862, 26.2684022], [80.233725, 26.269015], [80.2340919, 26.2693638], [80.2360611, 26.2712709], [80.2366242, 26.2718103], [80.2368673, 26.2720487], [80.2371308, 26.2723026], [80.2385122, 26.2736743], [80.239592, 26.2747304], [80.2412354, 26.2763073]], [[80.2412354, 26.2763073], [80.2416451, 26.2767494], [80.2417734, 26.2769109], [80.2424342, 26.2775866], [80.2427995, 26.2779566], [80.2432186, 26.2783989], [80.2435975, 26.2787791], [80.2439851, 26.2791783], [80.2444142, 26.2796112], [80.2449103, 26.2801344], [80.2455622, 26.2808329], [80.2468911, 26.2822609], [80.2477847, 26.2832498], [80.2482394, 26.2837496], [80.2486826, 26.2842475], [80.2488162, 26.2843971], [80.2498324, 26.2855507], [80.2501902, 26.2859424], [80.2510202, 26.2868764], [80.2528834, 26.2889448], [80.2531714, 26.289258], [80.2533947, 26.2895143], [80.2546542, 26.2909483], [80.2558489, 26.2923208], [80.2562022, 26.2927274], [80.2565528, 26.2931268], [80.2569182, 26.2935441], [80.2569674, 26.2935995], [80.2577966, 26.2945628], [80.2586474, 26.2955612], [80.259486, 26.2965623], [80.2598007, 26.2969619], [80.2602231, 26.2975462], [80.2603318, 26.2977241], [80.2605513, 26.2980603], [80.2606533, 26.2982243], [80.2608654, 26.2985996], [80.2613698, 26.2994783], [80.2619952, 26.3005684], [80.2622842, 26.3010674], [80.2626006, 26.3016252], [80.2627806, 26.3019538], [80.2629606, 26.302364], [80.2631192, 26.3027403], [80.2633572, 26.3032886], [80.2634719, 26.3035759], [80.263608, 26.3038645], [80.2636859, 26.3040217], [80.2637731, 26.3041707], [80.2638669, 26.3042958], [80.2639715, 26.304428], [80.2642304, 26.3047364], [80.2643692, 26.3049051], [80.2647813, 26.3054163], [80.2649961, 26.3056838], [80.2656975, 26.3065784], [80.2659178, 26.3068709], [80.266517, 26.3076415], [80.2670992, 26.3084399], [80.2684639, 26.3103834], [80.2686828, 26.3107143], [80.26918, 26.3114455], [80.2695183, 26.3120199], [80.2696806, 26.3123048], [80.2697316, 26.3123781], [80.2697879, 26.3124647]], [[80.2697879, 26.3124647], [80.2700685, 26.3128494]], [[80.2700685, 26.3128494], [80.2700983, 26.3128886], [80.2706823, 26.3137498], [80.2708431, 26.3140187], [80.2710151, 26.3143175], [80.2711332, 26.31453], [80.2711995, 26.3146651], [80.2713087, 26.3148954], [80.2713974, 26.3151274], [80.2714891, 26.3153797], [80.2715911, 26.3156605], [80.2718237, 26.3162706], [80.2721, 26.3170652], [80.2722207, 26.3174259], [80.2723253, 26.3177492], [80.2725224, 26.3183238], [80.2725801, 26.3184921], [80.27265, 26.3186964], [80.2726794, 26.3187738], [80.2727611, 26.3190042], [80.2728349, 26.31914], [80.272938, 26.3192969], [80.2729964, 26.3193727], [80.2731045, 26.3194957], [80.2731299, 26.3195176], [80.2733514, 26.3197081], [80.2733741, 26.3197276], [80.2736076, 26.319911], [80.2737194, 26.3199992], [80.2739, 26.3201416], [80.2740888, 26.3202979], [80.2741563, 26.3203538], [80.2744363, 26.3205671], [80.2745194, 26.3206446], [80.2746521, 26.3207683], [80.2748016, 26.320919], [80.2748241, 26.3209417], [80.2748865, 26.3210065], [80.2749407, 26.3210628], [80.2749793, 26.321103], [80.2754755, 26.321668], [80.2756177, 26.3218291], [80.2760844, 26.3223556], [80.27648, 26.3228039], [80.2768636, 26.323221], [80.2770567, 26.3234218], [80.2784246, 26.3249231], [80.2799495, 26.3265615], [80.2801131, 26.3267454], [80.281776, 26.3285291], [80.2821448, 26.328921], [80.2830935, 26.3299221], [80.2833225, 26.3301683], [80.2833501, 26.3301976], [80.2835755, 26.3304366], [80.284252, 26.3311542], [80.2850296, 26.3319956], [80.2858874, 26.3328889], [80.2868932, 26.3338862], [80.2870971, 26.3340906], [80.287292, 26.334281], [80.2876284, 26.3346167], [80.2878328, 26.3348241], [80.2879364, 26.3349293], [80.28844, 26.3354223], [80.2889657, 26.335962], [80.2892084, 26.3362192], [80.2896792, 26.3367228], [80.2898139, 26.3368646], [80.2899048, 26.3369597], [80.2903239, 26.3373773], [80.290346, 26.3373993]], [[80.290346, 26.3373993], [80.2903963, 26.3374526]], [[80.2903963, 26.3374526], [80.2904161, 26.3374754], [80.2905153, 26.3375745], [80.2906461, 26.3377011], [80.2909733, 26.3379968], [80.2912053, 26.3382023], [80.2916605, 26.3386099], [80.2917738, 26.3387088], [80.2918822, 26.3388077], [80.292439, 26.3392891], [80.2929836, 26.3397682], [80.2932404, 26.3399941], [80.2934427, 26.3401696], [80.293673, 26.3403728], [80.2942269, 26.3408344], [80.294546, 26.3411024], [80.2949876, 26.3414981], [80.2950999, 26.3416252], [80.2952085, 26.3417634], [80.2953306, 26.3419389], [80.2954499, 26.3421516], [80.2956042, 26.3424209], [80.2958, 26.3428103], [80.2965872, 26.3442261], [80.2966315, 26.3443017], [80.2969801, 26.344887], [80.2972497, 26.3453269], [80.2973691, 26.3455312], [80.297817, 26.346316]], [[80.297817, 26.346316], [80.2978894, 26.3464397]], [[80.2978894, 26.3464397], [80.2983647, 26.3472881], [80.2985501, 26.3476292], [80.299201, 26.3488499], [80.2995981, 26.3495934], [80.2997281, 26.3498396], [80.3000173, 26.3503803], [80.3006548, 26.3515749], [80.3009444, 26.3521325], [80.3010222, 26.352308], [80.3010906, 26.3524714], [80.3014047, 26.3533495], [80.3014809, 26.3535626], [80.3021434, 26.3554349], [80.3023848, 26.3561367], [80.3029829, 26.3580978], [80.3031297, 26.3586213], [80.3031429, 26.3586685], [80.3034081, 26.359535], [80.3034402, 26.3596372], [80.3036025, 26.3601791], [80.3041349, 26.3619612], [80.3042221, 26.3622231], [80.3043401, 26.3625992], [80.3045896, 26.3633827], [80.3047599, 26.3639174], [80.305244, 26.3654711], [80.305346, 26.3657739], [80.3056347, 26.3666823], [80.3058834, 26.3674406], [80.3059991, 26.3677853], [80.3060682, 26.3679981], [80.3062499, 26.3686385], [80.3063263, 26.3688776], [80.3063934, 26.369053], [80.3064524, 26.3692152], [80.3066026, 26.3695156], [80.3066844, 26.369667], [80.3067903, 26.3698568], [80.3069378, 26.370126], [80.3070076, 26.3702618]], [[80.3070076, 26.3702618], [80.3072141, 26.3707832]], [[80.3072141, 26.3707832], [80.3072423, 26.3709358], [80.307261, 26.3710488], [80.3072852, 26.371229], [80.3073241, 26.371539], [80.3073603, 26.3717841], [80.30743, 26.3720905], [80.3075923, 26.3726805], [80.3076567, 26.3728967], [80.307713, 26.3730878], [80.3078216, 26.373447], [80.3080805, 26.3742785], [80.3082052, 26.3746726], [80.3082843, 26.3750114], [80.3083742, 26.3754524]], [[80.3083742, 26.3754524], [80.3084466, 26.375802], [80.3085779, 26.376567], [80.3086773, 26.3772186], [80.3087631, 26.3777412], [80.308857, 26.3782662], [80.3089897, 26.3789655], [80.3090863, 26.3794569], [80.3091802, 26.380018], [80.3092244, 26.3802775], [80.3094538, 26.3815522], [80.3095624, 26.3821962], [80.3096066, 26.3824413], [80.3097193, 26.3829963], [80.3097408, 26.3831105], [80.3098585, 26.3837865]], [[80.3098585, 26.3837865], [80.3098802, 26.38394]], [[80.3098802, 26.38394], [80.3098682, 26.3839827], [80.3098769, 26.3841064]], [[80.3098769, 26.3841064], [80.3098856, 26.3841977], [80.3098983, 26.3843293], [80.309954, 26.3846657], [80.3099808, 26.384796], [80.3100304, 26.3850904], [80.3100814, 26.3853367], [80.3102048, 26.3859302], [80.310241, 26.3861056], [80.3104435, 26.3871448], [80.3105468, 26.3876686], [80.3106299, 26.3880854], [80.3109021, 26.3893781], [80.3110403, 26.3900989], [80.3111838, 26.3908209], [80.3113367, 26.3915117], [80.3114574, 26.3920102], [80.3115123, 26.3922145], [80.31157, 26.3923995], [80.3116183, 26.3925196], [80.3117484, 26.3928836], [80.3122003, 26.3941354], [80.3126523, 26.3954436], [80.3127395, 26.395703], [80.3129058, 26.3961619], [80.3130788, 26.3966869], [80.3132303, 26.3971614], [80.3132933, 26.397362], [80.3133537, 26.3976095], [80.3134744, 26.39812], [80.3135683, 26.398532], [80.3137439, 26.3992324], [80.313819, 26.3995303], [80.3139304, 26.4000096], [80.3139907, 26.4002498], [80.3141811, 26.4010511], [80.3143555, 26.4017526], [80.31444, 26.4020937], [80.3144628, 26.4021838]], [[80.3144628, 26.4021838], [80.3144871, 26.4022852]], [[80.3144871, 26.4022852], [80.3145103, 26.4023713], [80.3146344, 26.4027868], [80.3147069, 26.4030367], [80.3147094, 26.4030445], [80.3147404, 26.40314], [80.3148691, 26.4035436], [80.3149375, 26.4037382], [80.315132, 26.4042559], [80.3152326, 26.4045142], [80.315309, 26.4047039], [80.3156134, 26.4054223], [80.3158374, 26.4059916], [80.3159112, 26.4061586], [80.3162089, 26.4069045], [80.316347, 26.4072444], [80.3165308, 26.407654], [80.3166474, 26.4079291], [80.3168178, 26.4083495], [80.3168398, 26.4084046], [80.3169948, 26.4087939], [80.3170618, 26.4090077], [80.3171222, 26.4092396], [80.3171812, 26.4094978], [80.3172268, 26.4097501], [80.3173113, 26.4101476], [80.3173596, 26.4103963], [80.3174226, 26.4106893], [80.3175138, 26.4111169], [80.3175339, 26.4112407], [80.3175835, 26.4116082], [80.3176412, 26.4120538], [80.3176989, 26.4125943], [80.3177713, 26.4132453], [80.3177874, 26.4134363], [80.3178282, 26.4138811], [80.317837, 26.4139768], [80.3179228, 26.4146422], [80.3179792, 26.4151683], [80.3180073, 26.4154613], [80.3180878, 26.4161363], [80.3181307, 26.4164594], [80.3181924, 26.4167561], [80.3184579, 26.4182214], [80.3185425, 26.4186998], [80.3185607, 26.4188019], [80.3186953, 26.4194356], [80.3187516, 26.4197167], [80.3188884, 26.4204373], [80.3190427, 26.4211844]], [[80.3190427, 26.4211844], [80.319123, 26.4214723], [80.3191624, 26.4216506], [80.31919, 26.4218307], [80.3192827, 26.4223385], [80.3193524, 26.4226808], [80.3194503, 26.423184], [80.3195925, 26.4239251], [80.319614, 26.4240091], [80.319791, 26.424857], [80.3198996, 26.4253434], [80.3200042, 26.4258082], [80.3201732, 26.4266489], [80.3202987, 26.427195], [80.3203396, 26.4273806], [80.3203529, 26.4274391], [80.3205125, 26.42812], [80.3206493, 26.4286833], [80.3207861, 26.429297], [80.3208894, 26.4297593], [80.3209832, 26.4301592], [80.3210758, 26.4305363], [80.3211401, 26.4308246], [80.3213373, 26.4316292], [80.3213882, 26.4318165], [80.3214687, 26.4320675], [80.3216082, 26.4324746], [80.3217329, 26.4328025], [80.3218816, 26.4331634], [80.321913, 26.4332237], [80.3223699, 26.4341811], [80.3228688, 26.4352029], [80.3234777, 26.4362922], [80.3235542, 26.4364372], [80.3235906, 26.4365092], [80.323837, 26.4369514], [80.3242609, 26.4377333], [80.3246368, 26.4384117], [80.3251116, 26.4393897], [80.325167, 26.4394794], [80.3256047, 26.4401553], [80.3258914, 26.4406201], [80.3262229, 26.4411544], [80.3265896, 26.4417796], [80.326868, 26.4422184], [80.3271939, 26.4427539], [80.3275383, 26.4433069], [80.3278709, 26.4439014], [80.3281032, 26.4442921], [80.3282806, 26.4445884], [80.3288582, 26.4455073], [80.3289253, 26.4455974], [80.3290234, 26.4456732]], [[80.3065234, 26.4792764], [80.3063115, 26.4794756], [80.3061899, 26.4795658], [80.3060114, 26.479677]], [[80.3109511, 26.4747724], [80.3108445, 26.4748804], [80.3098762, 26.4758467], [80.3089468, 26.4767807], [80.3086531, 26.4770796], [80.3079477, 26.4778083], [80.3065234, 26.4792764]], [[80.3109973, 26.4747276], [80.3109511, 26.4747724]], [[80.3339386, 26.4556598], [80.3329405, 26.4562885], [80.3327255, 26.4564377], [80.3325848, 26.4565354], [80.3324336, 26.4566403], [80.3317244, 26.4571015], [80.3309555, 26.4576107], [80.3309396, 26.4576212], [80.330658, 26.4578025], [80.3302087, 26.4580979], [80.3297473, 26.4584052], [80.3292498, 26.458733], [80.3288726, 26.4589834], [80.3282842, 26.4593741], [80.3281608, 26.4594546], [80.3277089, 26.4597595], [80.326927, 26.4602722], [80.3258823, 26.4609482], [80.3243601, 26.4619483], [80.3235568, 26.4624693], [80.323058, 26.4627883], [80.3227699, 26.4629731], [80.3226439, 26.463067], [80.3224363, 26.4632741], [80.3210342, 26.4646724], [80.3194329, 26.4662103], [80.3182796, 26.4673544], [80.317672, 26.4679715], [80.3171879, 26.4684709], [80.3168037, 26.4688573], [80.3167519, 26.4689143], [80.3167338, 26.4689339], [80.3159809, 26.4696954], [80.3153406, 26.4703407], [80.3151602, 26.4705226], [80.314149, 26.4715478], [80.3138596, 26.4718423], [80.313802, 26.4719009], [80.3135468, 26.4721421], [80.3131585, 26.4725279], [80.3129554, 26.4727243], [80.3120367, 26.4736451], [80.3116196, 26.4740676], [80.311056, 26.4746681], [80.3109973, 26.4747276]], [[80.3339386, 26.4556598], [80.3338189, 26.4554312], [80.3335507, 26.454963], [80.3334622, 26.4547901], [80.3333361, 26.4545055], [80.3332704, 26.454329], [80.3330727, 26.4536802], [80.3329311, 26.4532916], [80.332677, 26.4524681], [80.3323665, 26.4513705], [80.332164, 26.4506585], [80.3319307, 26.4500076], [80.3318994, 26.4499188], [80.3318801, 26.4498707], [80.3316737, 26.4495185], [80.3313208, 26.4490177], [80.3309606, 26.4485065], [80.3306767, 26.4480913], [80.3305587, 26.4479076], [80.3303991, 26.4475858], [80.3302462, 26.4472676], [80.3301457, 26.4471343], [80.3300652, 26.4470359], [80.3299297, 26.4469086], [80.3297648, 26.4467813], [80.3296682, 26.4466973], [80.3296012, 26.4466276], [80.3295475, 26.4465556], [80.3294738, 26.4464439], [80.3293142, 26.4461821], [80.3292754, 26.4461142], [80.3290234, 26.4456732], [80.3289864, 26.4455719]], [[80.3289864, 26.4455719], [80.3283539, 26.4445503], [80.3279369, 26.4438658], [80.3275989, 26.4432714], [80.327332, 26.4428356], [80.3271587, 26.4425698], [80.3269938, 26.442299], [80.3269279, 26.4421909], [80.326698, 26.4418134], [80.3266573, 26.4417465], [80.326041, 26.4407344], [80.3259486, 26.4405826], [80.3252681, 26.4394432], [80.3252146, 26.4393471], [80.3250752, 26.4390968], [80.3246967, 26.4383829], [80.3246096, 26.4382316], [80.3240879, 26.4372913], [80.3238867, 26.4369251], [80.3236788, 26.4365252], [80.3236453, 26.4364712], [80.3236044, 26.4364003], [80.3229538, 26.4351719], [80.3227531, 26.4347857], [80.3222653, 26.4337728], [80.3219907, 26.4331852]], [[80.3219907, 26.4331852], [80.3219663, 26.4331243]], [[80.3219663, 26.4331243], [80.3218549, 26.4329189], [80.321753, 26.4327004], [80.3216135, 26.4323173], [80.3215277, 26.4320579], [80.3214526, 26.4318069], [80.3213601, 26.431467], [80.3210865, 26.4302913], [80.3210503, 26.4301592], [80.3210181, 26.4300091], [80.3208632, 26.4292741], [80.3204294, 26.4274223], [80.3201866, 26.4263354], [80.3200673, 26.425789], [80.3199744, 26.4253172], [80.31987, 26.4248323], [80.3197923, 26.4244042], [80.3197192, 26.4239737], [80.3197028, 26.4238977], [80.3195519, 26.4231816], [80.3194391, 26.4226413], [80.3193551, 26.4222473], [80.3192867, 26.4218773], [80.3192478, 26.4216395], [80.3192448, 26.4216141], [80.3192197, 26.4215008], [80.3192046, 26.4214268], [80.3191164, 26.4211531], [80.3190487, 26.4208631], [80.31904, 26.4208313], [80.3190011, 26.4206307], [80.3189099, 26.4201142], [80.3188455, 26.4197035], [80.3186674, 26.4187055], [80.3186497, 26.4186598], [80.3185894, 26.4183727], [80.3185518, 26.4181998], [80.3184043, 26.4173975], [80.3183667, 26.4171885], [80.3182876, 26.4167381]], [[80.3182876, 26.4167381], [80.3182313, 26.4164991], [80.318187, 26.4162516], [80.3181548, 26.4159718], [80.3181119, 26.4155862], [80.3180999, 26.4154469], [80.3180448, 26.4149745], [80.318006, 26.4146422], [80.317951, 26.4141822], [80.3179295, 26.4139708], [80.3179188, 26.4138747], [80.3178745, 26.4134219], [80.3177277, 26.4120407], [80.3176747, 26.4116298], [80.3176506, 26.4114833], [80.3176157, 26.4112539], [80.3175876, 26.4110881], [80.3173824, 26.41015], [80.3172965, 26.4097501], [80.3172308, 26.4094101], [80.3171705, 26.4091207], [80.3171074, 26.4089129], [80.3170565, 26.4087735], [80.316972, 26.4085657], [80.3167668, 26.4080372], [80.3164248, 26.4072336], [80.3163511, 26.4070523], [80.3162371, 26.4067448], [80.3161539, 26.4065321], [80.315934, 26.4059652], [80.3157757, 26.405588], [80.3155303, 26.4049982], [80.3152299, 26.4042727], [80.3150783, 26.4038859], [80.314959, 26.4035255], [80.3148302, 26.4031208], [80.3147981, 26.4030223], [80.314723, 26.4027892], [80.3145915, 26.4023489], [80.3145712, 26.4022717]], [[80.3145712, 26.4022717], [80.3145418, 26.4021631]], [[80.3145418, 26.4021631], [80.3145163, 26.4020679], [80.3144319, 26.4017478], [80.3143796, 26.4015027], [80.3141664, 26.4006258], [80.3139706, 26.3997621], [80.3139049, 26.3995027], [80.3138432, 26.3992564], [80.3137909, 26.399057], [80.3136528, 26.3984792], [80.3135589, 26.3981272], [80.3134985, 26.3978569], [80.3134046, 26.3974785], [80.3133698, 26.3973284], [80.3132947, 26.3970809], [80.3130881, 26.3964695], [80.312946, 26.3960178], [80.3128146, 26.395637], [80.3127462, 26.395446], [80.3126188, 26.3950892], [80.3123988, 26.3944573], [80.3123492, 26.3943204], [80.3122768, 26.3941017], [80.3121883, 26.3938591], [80.3119375, 26.3931563], [80.3118315, 26.3928548], [80.3116746, 26.3924259], [80.3115365, 26.391955], [80.3115016, 26.3918312], [80.3114694, 26.3916895], [80.3114245, 26.391486], [80.3113313, 26.3910659], [80.3112602, 26.3906887], [80.3111342, 26.3900813], [80.3110886, 26.3898898], [80.3110027, 26.3894381], [80.3108861, 26.3888796], [80.310764, 26.3882777], [80.3107193, 26.38807], [80.3106285, 26.3876145], [80.3104327, 26.3867014], [80.310308, 26.3860875], [80.3102705, 26.3858797], [80.3101659, 26.3853451], [80.3100398, 26.3846382], [80.3099754, 26.3842939], [80.3099436, 26.3840944]], [[80.3099436, 26.3840944], [80.3099151, 26.3839845], [80.3098802, 26.38394]], [[80.3061187, 26.4798006], [80.3063, 26.4796188], [80.3066535, 26.4792752]], [[80.3066535, 26.4792752], [80.3074582, 26.4784241], [80.3081529, 26.4777074], [80.3087166, 26.4771291], [80.3088865, 26.4769547], [80.3096321, 26.4762045], [80.3103402, 26.4754998], [80.3109083, 26.4749244], [80.3110123, 26.4748234]], [[80.3110123, 26.4748234], [80.3110597, 26.4747773]], [[80.3110597, 26.4747773], [80.3111236, 26.4747152], [80.3116009, 26.4742177], [80.3121128, 26.4736992], [80.313021, 26.4727892], [80.3132321, 26.4725889], [80.3137327, 26.4720973], [80.3138763, 26.4719667], [80.3139384, 26.471903], [80.3141349, 26.4717013], [80.3150327, 26.4707735], [80.3154057, 26.4703923], [80.3155236, 26.4702717], [80.3160543, 26.4697543]], [[80.3160543, 26.4697543], [80.3168184, 26.468982], [80.3168815, 26.4689151], [80.3175312, 26.4682272], [80.3177405, 26.4680192], [80.3183416, 26.4674105], [80.3195007, 26.466265], [80.3204964, 26.4652943], [80.3210735, 26.4647217], [80.3216752, 26.4641393], [80.3222251, 26.4635871], [80.3226462, 26.4631789], [80.3227528, 26.463117], [80.322818, 26.4630952], [80.3228625, 26.4630832], [80.3229956, 26.4630234], [80.3230526, 26.4629898], [80.3231303, 26.4629267], [80.323161, 26.4628943], [80.3232953, 26.4627647], [80.3235582, 26.4625534], [80.3238934, 26.4623384], [80.3248174, 26.4617309], [80.3255551, 26.4612579], [80.3259384, 26.461001], [80.326408, 26.4606864], [80.3269797, 26.460321], [80.3277574, 26.4598182], [80.3283307, 26.4594413], [80.329109, 26.4589287], [80.3292979, 26.458798], [80.3298025, 26.4584784], [80.3302641, 26.4581678], [80.3310083, 26.4576737], [80.3317857, 26.4571682], [80.3324897, 26.4567208], [80.33265, 26.4566121], [80.33279, 26.4565172], [80.3331202, 26.4562933], [80.3337479, 26.4558785]], [[80.3056933, 26.4797847], [80.3056805, 26.4798477], [80.3056907, 26.4799111], [80.3057228, 26.4799683], [80.3057735, 26.4800135], [80.3058376, 26.4800419], [80.3059069, 26.4800508], [80.3059759, 26.4800399], [80.3060377, 26.4800104], [80.30608, 26.4799728], [80.3061097, 26.4799265], [80.3061245, 26.4798748], [80.3061235, 26.4798214], [80.3061187, 26.4798006], [80.3060959, 26.4797512], [80.3060593, 26.479709], [80.3060114, 26.479677], [80.3059512, 26.4796566], [80.3058871, 26.4796525], [80.3058244, 26.4796648], [80.3057682, 26.4796928], [80.3057232, 26.4797339], [80.3056933, 26.4797847]], [[80.3056933, 26.4797847], [80.3053632, 26.4799803], [80.3052574, 26.4800278], [80.3050966, 26.4800731]], [[80.3050966, 26.4800731], [80.3047606, 26.480139], [80.304453, 26.4802104], [80.3040791, 26.4803407], [80.3033243, 26.4807162], [80.3027187, 26.4810435], [80.3022599, 26.4813262], [80.3012567, 26.4820262], [80.3007066, 26.48241], [80.3002667, 26.4826675], [80.3000413, 26.4827823], [80.29899, 26.4832465], [80.2987334, 26.4833599], [80.2984571, 26.4834997], [80.2971547, 26.4840344], [80.2968031, 26.4842004], [80.296471, 26.4843644], [80.2959755, 26.4846505], [80.2948867, 26.4852898]], [[80.2948867, 26.4852898], [80.2914744, 26.4873949], [80.2878028, 26.4896965], [80.2872674, 26.4900321], [80.2870015, 26.4901988], [80.2863936, 26.4905941], [80.2857685, 26.490963], [80.2855907, 26.491053], [80.2855244, 26.4910866]], [[80.2855244, 26.4910866], [80.2854956, 26.4910978], [80.2852535, 26.4911923], [80.2850169, 26.491278], [80.2836536, 26.4916887], [80.2829183, 26.4919079], [80.2807283, 26.4925609], [80.2786015, 26.4931786], [80.2783548, 26.4932502], [80.2781488, 26.49331], [80.2779381, 26.4933712], [80.2764555, 26.4938018], [80.2717853, 26.4951581], [80.2694244, 26.4958025], [80.266522, 26.4966305], [80.2619256, 26.4979418], [80.2612348, 26.4981389], [80.2607566, 26.4982753], [80.2581655, 26.4990145], [80.2579972, 26.4990761]], [[80.2579972, 26.4990761], [80.2571777, 26.499376], [80.2569484, 26.4995015], [80.2562236, 26.4999605], [80.255333, 26.500569], [80.2549575, 26.5009339], [80.2544662, 26.5014068], [80.2530891, 26.5029722]], [[80.2530891, 26.5029722], [80.2528755, 26.503234], [80.2522755, 26.5039037], [80.2518458, 26.5043833], [80.2515913, 26.5047115], [80.2513596, 26.5050103], [80.2512088, 26.5052299], [80.2504515, 26.5062957], [80.2496276, 26.507433], [80.2478977, 26.5096437], [80.2472859, 26.5103574], [80.2468992, 26.5107756], [80.2461682, 26.5114881], [80.24585, 26.5118206], [80.2449346, 26.5127403], [80.2447778, 26.5129183], [80.2446502, 26.5130964], [80.244485, 26.5133484], [80.2443143, 26.5135975], [80.2440271, 26.5140293], [80.2438018, 26.5143468], [80.243507, 26.5147685], [80.2432911, 26.5150809], [80.2429156, 26.5156084], [80.2425389, 26.5161292], [80.2421841, 26.5166583], [80.2418753, 26.5171012], [80.2415402, 26.5175872], [80.2411395, 26.5181614], [80.2406445, 26.5188727], [80.2402525, 26.5194156], [80.2400877, 26.5196541], [80.2398977, 26.5199368], [80.2395692, 26.5204091], [80.2393305, 26.5207501], [80.2387843, 26.52155], [80.2384369, 26.5220624], [80.2381215, 26.5225176], [80.2378418, 26.5229174], [80.2375677, 26.5233054], [80.2371523, 26.5239151], [80.2368983, 26.5242835], [80.2364362, 26.5249302], [80.2360814, 26.5254592], [80.2355667, 26.5261843], [80.2351046, 26.5268485], [80.2346688, 26.5274736], [80.2343008, 26.5280086], [80.234038, 26.5284162], [80.2339701, 26.5285455], [80.2339356, 26.5286303], [80.2338475, 26.5288668], [80.2337358, 26.529294], [80.2336394, 26.5297368], [80.2335628, 26.5301013], [80.2334861, 26.530405], [80.2334139, 26.5307401], [80.2333482, 26.5309341], [80.2332474, 26.5311927], [80.2331335, 26.5314474], [80.2330153, 26.5316787], [80.2328094, 26.5320411], [80.2325707, 26.5324899], [80.2323079, 26.5329758], [80.2320911, 26.5333814], [80.2317187, 26.5340829], [80.2314625, 26.5345688], [80.2312676, 26.5349509], [80.2310573, 26.5353467], [80.2307573, 26.5359834], [80.2305996, 26.5363224], [80.2304923, 26.5366202], [80.2305042, 26.5369911], [80.2304421, 26.5371738], [80.2302975, 26.5374977], [80.2300565, 26.5380192], [80.2295506, 26.5393613], [80.229268, 26.5401372], [80.2288892, 26.5412031], [80.2287599, 26.5415401], [80.2286767, 26.5416968], [80.2285979, 26.5418202], [80.2283767, 26.5421298], [80.2280241, 26.5425726], [80.2276627, 26.5430408], [80.2272532, 26.5435365], [80.226986, 26.5438676], [80.2265086, 26.5444574], [80.226149, 26.5448939], [80.2259436, 26.5451799]], [[80.2259436, 26.5451799], [80.2256712, 26.5455399]], [[80.2256712, 26.5455399], [80.2255012, 26.5457512], [80.2251573, 26.5461681], [80.2247675, 26.5466476], [80.2245008, 26.5469938], [80.2243195, 26.5472382], [80.2241737, 26.5474374], [80.2239555, 26.5477731], [80.223695, 26.5481403], [80.2234366, 26.5485439], [80.2232876, 26.5489435]], [[80.2232876, 26.5489435], [80.223176, 26.5493275]], [[80.223176, 26.5493275], [80.2231081, 26.5495548]], [[80.2231081, 26.5495548], [80.2230878, 26.549647]], [[80.2230878, 26.549647], [80.2230489, 26.5498232], [80.2230248, 26.5502444], [80.2230314, 26.5509301], [80.2230358, 26.551606], [80.2230555, 26.5524033], [80.2230686, 26.5533985], [80.2230796, 26.5542899], [80.2231146, 26.5552831], [80.2231179, 26.5554878]], [[80.2231179, 26.5554878], [80.2231212, 26.5559492], [80.2230905, 26.5564957], [80.223038, 26.5569052], [80.2229898, 26.5572598], [80.2228715, 26.5579276]], [[80.2228715, 26.5579276], [80.222796, 26.5583687], [80.2226634, 26.5590697]], [[80.2226634, 26.5590697], [80.2225507, 26.5597901], [80.22252, 26.5600666], [80.2225124, 26.5604482], [80.2225379, 26.5608047], [80.2225788, 26.5612709], [80.2226069, 26.5615474], [80.2226146, 26.5617828], [80.2225565, 26.5622306], [80.2225367, 26.5627016], [80.2224617, 26.56327], [80.2224027, 26.563853], [80.2223329, 26.5645595], [80.2223034, 26.5649458]], [[80.2223034, 26.5649458], [80.2222068, 26.5663408]], [[80.2222068, 26.5663408], [80.2221854, 26.5666659], [80.2219605, 26.5687875]], [[80.2219605, 26.5687875], [80.2218175, 26.5700829], [80.2216863, 26.5714903], [80.2215194, 26.5730949], [80.2213499, 26.5742579], [80.2211916, 26.5757865], [80.2210629, 26.5767437], [80.2207491, 26.5782045], [80.2206109, 26.5786627], [80.2203691, 26.5792998], [80.2201055, 26.5801181], [80.2197601, 26.581032], [80.2194621, 26.5818147], [80.2192279, 26.5824556], [80.2189829, 26.583088], [80.2188131, 26.5835378], [80.2185924, 26.5841223], [80.2181831, 26.5852539], [80.2174659, 26.5870066], [80.2167857, 26.5885838]], [[80.2167857, 26.5885838], [80.2167414, 26.5886865]], [[80.2167414, 26.5886865], [80.2164071, 26.5895182], [80.2157913, 26.5909218], [80.2152243, 26.5922716], [80.214984, 26.5927718], [80.2144846, 26.5935877], [80.2138425, 26.5945077], [80.2131216, 26.5956795], [80.2122392, 26.5970527], [80.2116947, 26.5978015], [80.2112967, 26.5984159], [80.2110263, 26.5990236], [80.2108837, 26.5995138], [80.2108108, 26.5997861], [80.2107147, 26.600145], [80.2105457, 26.6005982], [80.210358, 26.6009071], [80.2098436, 26.6017229], [80.2089537, 26.603086], [80.2082553, 26.6041604], [80.2078648, 26.604768], [80.2071588, 26.6058256], [80.206682, 26.6065239], [80.206483, 26.60692], [80.2062783, 26.6073099], [80.2059259, 26.6079513], [80.2057669, 26.6082119], [80.2055731, 26.6084883]], [[80.2055731, 26.6084883], [80.2049041, 26.6093576], [80.2036563, 26.6109936], [80.2035709, 26.6111042], [80.2030944, 26.6117612], [80.2030576, 26.6118621], [80.2030398, 26.6119731]], [[80.1827325, 26.6233122], [80.1826061, 26.6233711], [80.1817076, 26.623742], [80.1798968, 26.624571], [80.1793619, 26.62488], [80.1781082, 26.6257712], [80.1761444, 26.6274995], [80.175111, 26.6284211], [80.1745131, 26.6290173], [80.1742127, 26.6294437], [80.1738151, 26.6302159], [80.1731391, 26.6314629], [80.1723053, 26.6331899], [80.172184, 26.6334177], [80.1719511, 26.6336492], [80.1710191, 26.6345077], [80.1704479, 26.6350842], [80.1701323, 26.635413], [80.1690173, 26.6368915], [80.1680223, 26.63814], [80.1671489, 26.6389537], [80.1663712, 26.6396691], [80.1661918, 26.6398341]], [[80.1661918, 26.6398341], [80.1658812, 26.6401198], [80.165698, 26.640297]], [[80.165698, 26.640297], [80.1650299, 26.6409433], [80.1646097, 26.6413155], [80.1642596, 26.6416712], [80.1639316, 26.6421159]], [[80.1639316, 26.6421159], [80.1636029, 26.642561]], [[80.1636029, 26.642561], [80.1631949, 26.6431137], [80.1627229, 26.643753], [80.1609871, 26.6459428]], [[80.1605764, 26.6469493], [80.1600454, 26.6481934], [80.1595438, 26.6493178], [80.1591468, 26.650037], [80.1586372, 26.6508952], [80.1582161, 26.6515352], [80.157662, 26.6523333], [80.1568828, 26.6534102], [80.1560355, 26.6545746], [80.1550562, 26.6558836], [80.1542813, 26.6569414], [80.1535277, 26.6579612], [80.1528082, 26.658962], [80.1519396, 26.6601225], [80.1511648, 26.6612325], [80.1507407, 26.6618239], [80.1500742, 26.6627531], [80.1492025, 26.66398], [80.1489441, 26.6643528], [80.148659, 26.6648441], [80.1483715, 26.6654279], [80.148012, 26.6661272], [80.1474389, 26.6672964], [80.1472474, 26.6677326], [80.1471146, 26.6681008], [80.1469669, 26.6687844], [80.1469113, 26.6694692], [80.1469493, 26.6700335], [80.1470087, 26.6703582]], [[80.1474202, 26.6678149], [80.1477112, 26.6670961], [80.1483463, 26.6658191], [80.1484757, 26.665544], [80.1486826, 26.665104], [80.1492274, 26.6641831], [80.1503805, 26.6625962], [80.1512701, 26.661283], [80.1523932, 26.6596841], [80.153476, 26.658229], [80.1540801, 26.6573879], [80.1547137, 26.6565132], [80.1559166, 26.6548933], [80.1568764, 26.6535686], [80.1577441, 26.6523987], [80.1582172, 26.6517401], [80.1587065, 26.6509855], [80.1588497, 26.6507426], [80.1590653, 26.650398], [80.1592855, 26.6500015], [80.1595221, 26.6495529], [80.159834, 26.6489022], [80.1600722, 26.6484073], [80.1606504, 26.6470947], [80.1608185, 26.6467334], [80.1611322, 26.6460194], [80.161864, 26.6451292], [80.1630877, 26.6435848], [80.1634347, 26.6431244], [80.1637864, 26.6426578]], [[80.1637864, 26.6426578], [80.1640972, 26.6421944]], [[80.1640972, 26.6421944], [80.1644475, 26.6417972], [80.1647586, 26.6414445], [80.1658447, 26.640425]], [[80.1658447, 26.640425], [80.1663525, 26.6399484]], [[80.1663525, 26.6399484], [80.1666246, 26.639693], [80.1681736, 26.6381885], [80.1692021, 26.6369021], [80.1703323, 26.6354776], [80.170585, 26.6352206], [80.1713934, 26.6343983], [80.1718854, 26.63389], [80.1723145, 26.6334824], [80.1724486, 26.633281], [80.1729744, 26.6322021], [80.1739078, 26.6302936], [80.1743047, 26.6294688], [80.174589, 26.6290564], [80.1749324, 26.6287207], [80.176193, 26.6275506], [80.1781081, 26.6259249], [80.1793044, 26.6250378], [80.1804041, 26.6244239], [80.1826571, 26.6235223]], [[80.203166, 26.6118753], [80.2031931, 26.6118092], [80.2036034, 26.6112669], [80.2056807, 26.6085827], [80.2059829, 26.6081042], [80.2065097, 26.6071237]], [[80.2065097, 26.6071237], [80.2066002, 26.6069783], [80.2070349, 26.6063101], [80.2095426, 26.6024516], [80.2106315, 26.600726], [80.2107692, 26.6004305], [80.21085, 26.6002173], [80.2109387, 26.5998761], [80.2110073, 26.599555], [80.2112993, 26.5988213], [80.2114243, 26.5985643], [80.2119301, 26.597745], [80.2130958, 26.5960313], [80.214088, 26.5944261], [80.2149286, 26.5931456], [80.2151534, 26.5927244], [80.2153945, 26.5921726], [80.2157741, 26.5913018], [80.2168481, 26.5887282], [80.2168602, 26.5887001]], [[80.2168602, 26.5887001], [80.2169022, 26.5886047]], [[80.2169022, 26.5886047], [80.217134, 26.5880766], [80.2176196, 26.5869703], [80.2181687, 26.5856384], [80.2186773, 26.5843066], [80.2189087, 26.5836868], [80.2190004, 26.583441], [80.2194729, 26.5821322], [80.2195059, 26.5820529], [80.2196445, 26.581695], [80.2197248, 26.5814687], [80.2197812, 26.5813165], [80.2199524, 26.580864], [80.220147, 26.5803347], [80.2203202, 26.5798636], [80.2205278, 26.5793104], [80.2206056, 26.5790885], [80.220678, 26.578863], [80.2207504, 26.5786399], [80.2207866, 26.5785404], [80.2208624, 26.5782029], [80.2209818, 26.5776839], [80.2210424, 26.5773612], [80.2211325, 26.57688], [80.2211792, 26.5766008], [80.2211941, 26.5764996], [80.2212148, 26.5763396], [80.2212453, 26.576111], [80.2212889, 26.5757949], [80.2213703, 26.5751401], [80.2214194, 26.5747682], [80.2214539, 26.574465], [80.2214815, 26.5742295], [80.2215222, 26.5739353], [80.2215689, 26.5735834], [80.2215843, 26.5734291], [80.2216062, 26.5732642], [80.2216664, 26.572782], [80.2216981, 26.5725629], [80.2217181, 26.5723902], [80.2217497, 26.5721267], [80.2217999, 26.5716895], [80.2218506, 26.5712376], [80.2218729, 26.5709733], [80.2219168, 26.5705823], [80.2219941, 26.569836], [80.2221004, 26.5689575], [80.2221237, 26.5687537]], [[80.2221237, 26.5687537], [80.2222026, 26.5681095], [80.2222601, 26.5674854], [80.2223587, 26.5666642]], [[80.2223587, 26.5666642], [80.2223734, 26.5663426]], [[80.2223734, 26.5663426], [80.2224736, 26.5649565]], [[80.2224736, 26.5649565], [80.2224791, 26.5648582], [80.2225113, 26.5643952], [80.2225611, 26.5640188], [80.2225837, 26.5634932], [80.2227114, 26.562725], [80.2227317, 26.5624485], [80.2227441, 26.5621614], [80.2227488, 26.5619621], [80.2227538, 26.5617572], [80.2227506, 26.5615937], [80.2227275, 26.5613095], [80.222714, 26.5612117], [80.2226951, 26.5609992], [80.2226638, 26.5606871], [80.2226476, 26.5603775], [80.2226584, 26.5601139], [80.2227016, 26.5597714], [80.2227491, 26.5594506], [80.222809, 26.559086]], [[80.222809, 26.559086], [80.2230107, 26.5579507]], [[80.2230107, 26.5579507], [80.2231173, 26.5572596]], [[80.2231173, 26.5572596], [80.2232074, 26.556603], [80.2232228, 26.5564069], [80.2232332, 26.5561259], [80.2232405, 26.5555085], [80.2232208, 26.5544766], [80.2231894, 26.5526243], [80.2231765, 26.5514744], [80.2231436, 26.5503337], [80.2231412, 26.5501828], [80.2231433, 26.5500553], [80.2231506, 26.549901], [80.2231678, 26.5497698], [80.223191, 26.5496422]], [[80.223191, 26.5496422], [80.2232101, 26.5495376]], [[80.2232101, 26.5495376], [80.2232632, 26.5493465]], [[80.2232632, 26.5493465], [80.2233652, 26.5489563]], [[80.2233652, 26.5489563], [80.2235167, 26.5485806], [80.2239438, 26.5479556], [80.2240475, 26.547799], [80.224374, 26.5473334], [80.2245929, 26.547078], [80.2247963, 26.5467885], [80.2252179, 26.546265], [80.2257864, 26.5455937]], [[80.2257864, 26.5455937], [80.2260498, 26.5452773]], [[80.2260498, 26.5452773], [80.2261674, 26.5451339], [80.2271138, 26.5440041], [80.228038, 26.5428393], [80.2282528, 26.5425767], [80.2286361, 26.5419559], [80.2287166, 26.5418395], [80.2287877, 26.5417171], [80.2288681, 26.5415677], [80.2290657, 26.5411676], [80.2297186, 26.5392934], [80.2300401, 26.5383529], [80.2302966, 26.5377571], [80.2307437, 26.5367403], [80.2308081, 26.5365848], [80.2308851, 26.5363714], [80.2310229, 26.5360705], [80.2312084, 26.5356637], [80.2313062, 26.5350516], [80.2313477, 26.5349532], [80.2314243, 26.5347954], [80.2323208, 26.5331075], [80.2329187, 26.5320178], [80.2331104, 26.531671], [80.2331884, 26.5315073], [80.2332952, 26.53129], [80.2333714, 26.5311047], [80.2334749, 26.5308183], [80.2335207, 26.5306447], [80.233667, 26.52999], [80.2337084, 26.5297767], [80.233808, 26.5293525], [80.2338598, 26.5291204], [80.2339204, 26.5288926], [80.2339987, 26.5286585], [80.2341686, 26.5283689], [80.2345204, 26.5278446], [80.2345694, 26.5277683], [80.234614, 26.527706], [80.2356273, 26.5262455], [80.2363903, 26.5251574], [80.2371387, 26.5241007], [80.2375448, 26.523491], [80.2388665, 26.5215888], [80.2395164, 26.5206534], [80.2401738, 26.5197151], [80.2422389, 26.5167351], [80.2427184, 26.5160287], [80.2432072, 26.5153391], [80.2442312, 26.5138622], [80.24465, 26.5132516], [80.2448361, 26.512984], [80.2449144, 26.512891]], [[80.2449144, 26.512891], [80.2450266, 26.5127684], [80.2457955, 26.5119999], [80.2469595, 26.5108222], [80.2476785, 26.5100283], [80.2481624, 26.5094655], [80.2497031, 26.507466], [80.2512873, 26.5052699], [80.2517182, 26.5047765], [80.2519355, 26.5045277], [80.2521698, 26.5042595], [80.2523926, 26.5040044], [80.2531502, 26.5031369], [80.2534477, 26.5027868], [80.2535319, 26.5026871], [80.2541632, 26.5019894], [80.2550485, 26.5010108]], [[80.2550485, 26.5010108], [80.2555178, 26.5006039], [80.2556306, 26.5005301], [80.255797, 26.5004212], [80.2561955, 26.5001604], [80.2570186, 26.4996218]], [[80.2570186, 26.4996218], [80.2577423, 26.4993152], [80.2580533, 26.4992075], [80.2586005, 26.4990181], [80.2606585, 26.4984453], [80.2608046, 26.4984046], [80.2612761, 26.4982734]], [[80.2612761, 26.4982734], [80.2619641, 26.4980753], [80.2627294, 26.497855], [80.2638809, 26.4975234], [80.2654044, 26.4971025], [80.2665641, 26.4967566], [80.2673397, 26.496534], [80.2673716, 26.4965249], [80.2679001, 26.4963736], [80.2680722, 26.4963236], [80.2684026, 26.4962288], [80.2694734, 26.4959214], [80.27189, 26.4952237], [80.2730727, 26.4948785], [80.2736663, 26.4947052], [80.2748727, 26.4943531], [80.2755695, 26.4941497], [80.2764854, 26.4938824], [80.2771096, 26.4937002], [80.2774925, 26.4935796], [80.2779787, 26.4934265], [80.2781875, 26.4933668], [80.278649, 26.4932461], [80.278918, 26.4931648], [80.2802788, 26.4927535], [80.2807462, 26.4926122], [80.2812315, 26.4924757], [80.2820939, 26.4922295], [80.2836965, 26.4917995], [80.28438, 26.4916223], [80.2852514, 26.491277], [80.2853668, 26.4912437], [80.285534, 26.4911767]], [[80.285534, 26.4911767], [80.2856325, 26.4911298], [80.2860447, 26.4909168], [80.2870355, 26.4902764], [80.2873125, 26.4900973], [80.2874486, 26.4900094], [80.2877157, 26.4898445], [80.2878554, 26.4897582], [80.2888253, 26.4891593], [80.2896142, 26.4886878], [80.2909455, 26.4878354], [80.291524, 26.4874742], [80.2917857, 26.4873105], [80.2922981, 26.48699], [80.292978, 26.4865647], [80.2946674, 26.4855079], [80.2949372, 26.4853392], [80.2959685, 26.4847349], [80.2964344, 26.4844814], [80.2966738, 26.4843521], [80.2968913, 26.4842489], [80.2971679, 26.4841267]], [[80.2971679, 26.4841267], [80.2985535, 26.483537], [80.2989642, 26.4833558], [80.2990315, 26.4833263], [80.2997334, 26.4830168], [80.299999, 26.4829028], [80.3003376, 26.4827253], [80.3006829, 26.4825319], [80.3009874, 26.4823398], [80.3013324, 26.4820953]], [[80.3013324, 26.4820953], [80.3018694, 26.4817166], [80.302285, 26.4814226], [80.3024915, 26.4812866], [80.3026738, 26.4811674], [80.3030414, 26.4809709], [80.3033535, 26.4808041], [80.3041068, 26.4804312], [80.3043777, 26.4803243], [80.3046674, 26.4802367], [80.3050844, 26.4801503]], [[80.3050844, 26.4801503], [80.3054351, 26.4800913], [80.3055694, 26.4800773], [80.3058376, 26.4800419]], [[80.0868586, 26.7819229], [80.0868038, 26.782072], [80.0867456, 26.7822347], [80.0866522, 26.7825412], [80.0866116, 26.7826999], [80.0865517, 26.783038], [80.0864731, 26.7836578], [80.0863652, 26.7850238], [80.0863421, 26.7855849]], [[80.0863421, 26.7855849], [80.0863153, 26.7862534], [80.086157, 26.7876968], [80.0860855, 26.7880519], [80.0858314, 26.7888317], [80.0857205, 26.7890569], [80.0855674, 26.789368], [80.0848987, 26.7908679], [80.084441, 26.7918521], [80.0842424, 26.7922791], [80.0839178, 26.7929494], [80.0838058, 26.7931808], [80.0836324, 26.7935389], [80.0834304, 26.7939561], [80.0832615, 26.7942821]], [[80.0832615, 26.7942821], [80.082524, 26.7957537], [80.0818964, 26.7970951], [80.0812396, 26.7984036], [80.0810516, 26.7987781], [80.0808231, 26.7993283], [80.0806165, 26.7999562], [80.0801052, 26.801788], [80.079372, 26.8043424]], [[80.079372, 26.8043424], [80.0793128, 26.8045059], [80.0787491, 26.8065389], [80.0783068, 26.8079467], [80.077785, 26.8096874], [80.0776698, 26.810013], [80.077653, 26.8100603], [80.0774902, 26.8104452], [80.0771839, 26.8111422]], [[80.0771839, 26.8111422], [80.0770554, 26.8113894], [80.0769001, 26.811696], [80.076609, 26.8122552], [80.0761074, 26.8131397], [80.0756008, 26.8139635]], [[80.0756008, 26.8139635], [80.0747681, 26.815448], [80.0745799, 26.8158441], [80.0745065, 26.8160253], [80.074452, 26.8161637], [80.0744101, 26.8162885], [80.0743303, 26.8165669], [80.0742668, 26.8168152], [80.0742001, 26.8171539]], [[80.1018382, 26.7303635], [80.1019533, 26.7301818], [80.1021864, 26.7299034], [80.1026119, 26.7293732], [80.1034142, 26.7285357], [80.1043032, 26.7275868], [80.10452, 26.7273423], [80.1045769, 26.72726]], [[80.1045769, 26.72726], [80.1049602, 26.7266752]], [[80.1049602, 26.7266752], [80.1052165, 26.7262868], [80.1058453, 26.725405], [80.106428, 26.7246275], [80.1089148, 26.7214786], [80.1097526, 26.7204113], [80.1100378, 26.720048], [80.1112789, 26.7184833], [80.1120089, 26.7175633], [80.1127496, 26.7165739], [80.114215, 26.7146575], [80.1150607, 26.7135852], [80.1155485, 26.7130324], [80.1163886, 26.7121246], [80.1169383, 26.7115605]], [[78.2202149, 27.82707], [78.2207328, 27.826728], [78.2222462, 27.8257897], [78.2234486, 27.8250009], [78.2237338, 27.8247882], [78.2238927, 27.824658], [78.2239911, 27.8245696], [78.2252805, 27.823481], [78.2274351, 27.821641], [78.2281617, 27.8210099], [78.2298527, 27.8195727], [78.2298725, 27.8195555], [78.2307468, 27.8187949], [78.2316228, 27.8180841], [78.2325935, 27.8172707], [78.2332015, 27.8168921], [78.2334242, 27.8167535], [78.2336049, 27.8166223]], [[78.2186898, 27.828077], [78.2202149, 27.82707]], [[78.1942449, 27.839291], [78.195094, 27.8391278], [78.1955362, 27.839025], [78.1957539, 27.8389758], [78.1960731, 27.8388906], [78.1963713, 27.8387928], [78.196925, 27.838562], [78.1972023, 27.8384043], [78.1973383, 27.8383047], [78.1974455, 27.8382317], [78.1975267, 27.8381764], [78.1978742, 27.8379176], [78.1982804, 27.8375487], [78.2015696, 27.8347994], [78.202192, 27.8342605], [78.2025106, 27.8340053], [78.2028125, 27.8338245], [78.203123, 27.8336618], [78.2036059, 27.8334291], [78.2048624, 27.832946], [78.2088285, 27.8313988], [78.2104191, 27.8307888], [78.211424, 27.830474], [78.2127512, 27.8300943], [78.2130846, 27.8299946], [78.2144251, 27.8296001], [78.2171484, 27.8288029], [78.2175565, 27.8286708], [78.2179053, 27.8285255], [78.2182169, 27.828364], [78.2186898, 27.828077]], [[78.1850364, 27.8426539], [78.1887214, 27.8412396], [78.1907542, 27.8404288], [78.1920814, 27.8398771], [78.1927393, 27.8396433], [78.1933036, 27.8394694], [78.1942449, 27.839291]], [[78.1670332, 27.8512091], [78.1672491, 27.8511349], [78.1688577, 27.850524], [78.1693138, 27.8503007], [78.1694131, 27.850256], [78.1701842, 27.8498136], [78.1706033, 27.8495555], [78.1710297, 27.8493008], [78.1713138, 27.8491256], [78.1718588, 27.8488106], [78.1722319, 27.8485836], [78.1728615, 27.8482004], [78.1752075, 27.8468604], [78.175762, 27.8465314], [78.1760004, 27.8463886], [78.1773111, 27.8456063], [78.1776874, 27.8454256], [78.1785909, 27.8450736], [78.1791078, 27.8448905], [78.179788, 27.8446496], [78.1818643, 27.8438524], [78.1823318, 27.8436823], [78.1834896, 27.8432449], [78.1845563, 27.842861], [78.1850364, 27.8426539]], [[78.1666555, 27.8513461], [78.1670332, 27.8512091]], [[78.1351905, 27.8609002], [78.1357167, 27.8607386], [78.1379222, 27.8600243], [78.1385078, 27.8598405], [78.1407264, 27.8591314], [78.1415956, 27.8588589], [78.1425609, 27.8585562], [78.1434542, 27.8582776], [78.1443149, 27.8579885], [78.1454126, 27.8576506], [78.1479581, 27.8568409], [78.1484898, 27.8566718], [78.1502, 27.8561299], [78.1504043, 27.8560611], [78.1509599, 27.8558719], [78.1543383, 27.8547749], [78.1549217, 27.854592], [78.1554708, 27.8544216], [78.1557406, 27.854334], [78.1560897, 27.85422], [78.158295, 27.8535336], [78.1596664, 27.8531079], [78.159962, 27.8530177], [78.1603535, 27.8528982], [78.1607406, 27.8527859], [78.1611167, 27.8526827], [78.1613919, 27.8526125], [78.1617521, 27.8525354], [78.1635816, 27.8521713], [78.1648321, 27.8518971], [78.1654767, 27.8517322], [78.1656737, 27.8516765], [78.1659144, 27.8515993], [78.1666555, 27.8513461]], [[78.1298632, 27.8620447], [78.1299209, 27.862048], [78.1301443, 27.8620514], [78.1302807, 27.8620527], [78.1309278, 27.8620621], [78.1316227, 27.8620091], [78.1319224, 27.8619552], [78.1320636, 27.8619298], [78.132834, 27.8617319], [78.1337424, 27.8614047], [78.1339983, 27.8613004], [78.1342285, 27.8612174], [78.1351905, 27.8609002]], [[78.1258472, 27.8607758], [78.1270934, 27.8613921], [78.1277731, 27.8616387], [78.1285836, 27.8618621], [78.1293956, 27.8620052], [78.1298229, 27.8620435], [78.1298632, 27.8620447]], [[78.1255683, 27.8606448], [78.1258472, 27.8607758]], [[78.1103092, 27.8541113], [78.1175161, 27.857224], [78.1176305, 27.8572701], [78.1196948, 27.8581023], [78.1215335, 27.858973], [78.1215687, 27.8589876], [78.1255683, 27.8606448]], [[78.1099171, 27.853911], [78.1103092, 27.8541113]], [[78.0956782, 27.8480136], [78.0978823, 27.8489412], [78.1003236, 27.8498435], [78.1017533, 27.8503719], [78.1043659, 27.8513375], [78.1051267, 27.8516942], [78.1073638, 27.8527429], [78.108397, 27.8532582], [78.1099171, 27.853911]], [[78.0950482, 27.8477253], [78.0956782, 27.8480136]], [[78.0779845, 27.8462405], [78.0814093, 27.8453698], [78.0830128, 27.8451271], [78.0842503, 27.8450385], [78.0842871, 27.8450382], [78.08583, 27.8450245], [78.0859932, 27.8450231], [78.0872161, 27.8451353], [78.0873954, 27.8451579], [78.0878032, 27.8452094], [78.088374, 27.8452907], [78.0886804, 27.8453474], [78.0887302, 27.8453567], [78.0895929, 27.845561], [78.0903986, 27.8457941], [78.0910467, 27.8460086], [78.0916663, 27.846241], [78.0950482, 27.8477253]], [[78.0776272, 27.8463253], [78.0779845, 27.8462405]], [[78.0677576, 27.850237], [78.0685031, 27.849993], [78.0693049, 27.8496694], [78.0697904, 27.849468], [78.07049, 27.8491608], [78.0716539, 27.8486172], [78.0719929, 27.8484589], [78.0722949, 27.8483178], [78.0731521, 27.8479174], [78.0732202, 27.8478856], [78.0742896, 27.8473886], [78.0757362, 27.8468338], [78.0776272, 27.8463253]], [[78.0603289, 27.8535758], [78.0638496, 27.8521119], [78.0649563, 27.8514955], [78.0654293, 27.8512338], [78.0661676, 27.8508252], [78.0662978, 27.8507705], [78.0669474, 27.8505099], [78.0677576, 27.850237]], [[78.0599629, 27.8537222], [78.0603289, 27.8535758]], [[78.0515098, 27.8571354], [78.0562546, 27.8552838], [78.0562679, 27.8552786], [78.0562895, 27.8552708], [78.0563846, 27.8552367], [78.057061, 27.8549935], [78.0599629, 27.8537222]], [[78.0508214, 27.8574051], [78.0515098, 27.8571354]], [[78.0428622, 27.8607599], [78.0447299, 27.8596394], [78.0457059, 27.8591155], [78.0470044, 27.8586841], [78.0479107, 27.8583759], [78.0508214, 27.8574051]], [[78.0426317, 27.86093], [78.0427779, 27.8608105], [78.0428622, 27.8607599]], [[78.0305883, 27.8715963], [78.0333019, 27.8688891], [78.0340342, 27.8681585], [78.0368558, 27.8657199], [78.0377995, 27.8649042], [78.0383509, 27.8644276], [78.0400415, 27.8630463], [78.0426317, 27.86093]], [[78.0304256, 27.8717688], [78.0305883, 27.8715963]], [[78.0250372, 27.8839141], [78.025047, 27.8838564], [78.0251863, 27.8830385], [78.0252569, 27.8826237], [78.0253024, 27.8823561], [78.0256062, 27.8810349], [78.0257196, 27.8805415], [78.0258482, 27.8799889], [78.0260646, 27.8793116], [78.0263049, 27.8786547], [78.0266082, 27.8778448], [78.0267855, 27.8773694], [78.0270835, 27.8767421], [78.0274741, 27.8759879], [78.0276294, 27.8757401], [78.027784, 27.8754935], [78.0284742, 27.8743923], [78.0284915, 27.8743668], [78.0294093, 27.8730123], [78.0304256, 27.8717688]], [[78.0250146, 27.8841393], [78.0250372, 27.8839141]], [[78.0232066, 27.9204898], [78.0234038, 27.9190305], [78.02349, 27.9176584], [78.0234874, 27.9174299], [78.023365, 27.9158899], [78.0229955, 27.9121188], [78.0228886, 27.9110279], [78.0228827, 27.9109677], [78.0228252, 27.910081], [78.0226643, 27.9087065], [78.022574, 27.906548], [78.0225748, 27.9063781], [78.0226282, 27.9048803], [78.0226379, 27.9046075], [78.0227759, 27.9017316], [78.0227702, 27.9012072], [78.0226772, 27.898673], [78.0227084, 27.8981048], [78.0227276, 27.8977563], [78.0227863, 27.8970868], [78.0228219, 27.8966809], [78.0231049, 27.8947663], [78.0231554, 27.8944248], [78.0233274, 27.8935414], [78.0233447, 27.8934523], [78.0235234, 27.8925345], [78.0235391, 27.8924854], [78.0236075, 27.8921227], [78.023628, 27.8920376], [78.0237489, 27.8913692], [78.0237768, 27.8912205], [78.0239092, 27.8905143], [78.0241195, 27.8893783], [78.0241773, 27.8890722], [78.0244516, 27.8876206], [78.0246618, 27.8865077], [78.0246996, 27.8862541], [78.0248796, 27.8850454], [78.0249099, 27.8848421], [78.0249567, 27.8845277], [78.0249705, 27.8844352], [78.0250146, 27.8841393]], [[78.0231219, 27.9208761], [78.0232066, 27.9204898]], [[78.0212856, 27.9292935], [78.0215136, 27.9279323], [78.0219497, 27.9260144], [78.0223578, 27.9242192], [78.0224826, 27.9236732], [78.0231219, 27.9208761]], [[78.021187, 27.9298052], [78.0212856, 27.9292935]], [[78.0194836, 27.9364493], [78.0199053, 27.9344111], [78.0200275, 27.9339747], [78.0201395, 27.9335291], [78.0203653, 27.9326656], [78.0209899, 27.9306437], [78.021187, 27.9298052]], [[78.0177174, 27.9423782], [78.0180081, 27.9419037], [78.0182274, 27.9415007], [78.0183987, 27.941005], [78.0194836, 27.9364493]], [[78.0165104, 27.9441866], [78.0177174, 27.9423782]], [[77.978815, 28.0165376], [77.9786306, 28.0159349], [77.9785476, 28.0155906], [77.9785839, 28.0151805], [77.9786633, 28.0147764], [77.9788875, 28.0143435], [77.9790976, 28.0140879], [77.980041, 28.0130819], [77.9811011, 28.0119275], [77.9824212, 28.01041], [77.9828663, 28.0098619], [77.9832353, 28.0093837], [77.9835575, 28.0088106], [77.9837303, 28.0082622], [77.9838237, 28.0076932], [77.9838237, 28.0071366], [77.9835528, 28.0055698], [77.9833891, 28.0046778], [77.9833746, 28.0045791], [77.9833193, 28.0040071], [77.983366, 28.0034546], [77.9835855, 28.0025125], [77.9846188, 27.9993639], [77.985523, 27.9965377], [77.9855433, 27.9964913], [77.9856253, 27.9962179], [77.985893, 27.9953905], [77.9871121, 27.9916223], [77.9871773, 27.9914765], [77.9872715, 27.9912657], [77.9874886, 27.9908276], [77.9878198, 27.9903179], [77.9882183, 27.9897047], [77.9882878, 27.9895977], [77.989037, 27.9882049], [77.9906658, 27.9849467], [77.9915582, 27.9831641], [77.9924504, 27.9813819], [77.9927365, 27.9808737], [77.9939527, 27.9791388], [77.9951805, 27.9772695], [77.9952614, 27.9771463], [77.9956517, 27.9765521], [77.9961736, 27.9757576], [77.9972114, 27.9741776], [77.9979237, 27.973093], [77.9999011, 27.9700824], [78.0020982, 27.966737], [78.0028292, 27.965624], [78.0031809, 27.9650885], [78.0032302, 27.9650134], [78.0038411, 27.9640832], [78.0038558, 27.9640602], [78.0052402, 27.9618898], [78.0054478, 27.9615644], [78.0078272, 27.9578341], [78.0087373, 27.9564072], [78.0090904, 27.9558797], [78.0093807, 27.9553985], [78.009594, 27.955064], [78.0097595, 27.9548046], [78.009837, 27.9546831], [78.0110361, 27.9528584], [78.0121739, 27.9509888], [78.0139328, 27.9482987], [78.0142951, 27.9476244], [78.0153607, 27.9459708], [78.0160986, 27.9448257], [78.0165104, 27.9441866]], [[77.9790669, 28.01718], [77.978815, 28.0165376]], [[77.9712659, 28.0293819], [77.9712659, 28.0293251], [77.971341, 28.0286669], [77.9713946, 28.0284207], [77.971518, 28.0280513], [77.9716923, 28.0275683], [77.9719532, 28.0270699], [77.9722643, 28.0265585], [77.9723056, 28.0264975], [77.9733828, 28.0249059], [77.9742004, 28.0237405], [77.9744446, 28.0233925], [77.9744955, 28.02332], [77.974818, 28.0229579], [77.9749783, 28.0227778], [77.9752654, 28.0225155], [77.975343, 28.0224446], [77.9759831, 28.0219999], [77.9764661, 28.0217067], [77.9768033, 28.0215245], [77.977567, 28.021148], [77.9780375, 28.0208739], [77.9784205, 28.0205647], [77.9787718, 28.0202158], [77.9789633, 28.0199181], [77.9790649, 28.0197113], [77.9792097, 28.0193732], [77.9793294, 28.0188626], [77.9793345, 28.0181659], [77.9792409, 28.0176119], [77.9790669, 28.01718]], [[77.9712766, 28.0295974], [77.9712659, 28.0293819]], [[77.9369805, 28.0710603], [77.9371654, 28.0708928], [77.9381661, 28.0699858], [77.9386796, 28.0695244], [77.9390931, 28.0691479], [77.9400624, 28.0682817], [77.9414577, 28.0670138], [77.9417736, 28.0667268], [77.9419185, 28.0665945], [77.9438533, 28.0648279], [77.9446691, 28.0640641], [77.9460265, 28.0628033], [77.9472198, 28.0616949], [77.9491189, 28.0600475], [77.9512763, 28.0581447], [77.9519083, 28.0575622], [77.9523643, 28.0571764], [77.9527693, 28.0568332], [77.9533165, 28.056497], [77.9539059, 28.056201], [77.9539822, 28.0561623], [77.9540779, 28.0561142], [77.9542848, 28.0560142], [77.9548507, 28.0558106], [77.955473, 28.0556402], [77.9561194, 28.0555005], [77.9566129, 28.05542], [77.9577287, 28.0553135], [77.9600193, 28.0550958], [77.9640561, 28.0546934], [77.9663655, 28.0544709], [77.9668322, 28.0544046], [77.9674169, 28.0542839], [77.9680016, 28.0540874], [77.9685675, 28.0538341], [77.9689618, 28.0536164], [77.9704183, 28.0526932], [77.9713785, 28.0520659], [77.9717701, 28.0517511], [77.9722422, 28.0512445], [77.9723051, 28.051171], [77.9726311, 28.05079], [77.9732095, 28.0500462], [77.9739028, 28.0490212], [77.974796, 28.0476435], [77.9752788, 28.0469144], [77.9756865, 28.0462161], [77.975885, 28.0458231], [77.9762524, 28.044978], [77.9764858, 28.0443033], [77.9766682, 28.0436381], [77.9766923, 28.0434606], [77.9768693, 28.0425042], [77.9769042, 28.0419502], [77.9769096, 28.0412021], [77.976805, 28.040125], [77.9767111, 28.0396089], [77.9762387, 28.0377061], [77.9760885, 28.03719], [77.9758444, 28.0366644], [77.9757123, 28.0364718], [77.975552, 28.0362383], [77.9748485, 28.0354114], [77.9745086, 28.0350119], [77.9727679, 28.0330635], [77.9722717, 28.0324811], [77.9720088, 28.0320952], [77.9717567, 28.0316548], [77.9715797, 28.0312452], [77.9714536, 28.0308664], [77.9713302, 28.0303692], [77.9712873, 28.0299667], [77.9712766, 28.0295974]], [[77.9365835, 28.0715691], [77.9367874, 28.0712827], [77.9369805, 28.0710603]], [[77.9358089, 28.0871987], [77.935836, 28.0859304], [77.935862, 28.0847104], [77.9358996, 28.0829569], [77.9359262, 28.0818998], [77.9359559, 28.0807183], [77.9359908, 28.0792652], [77.9359743, 28.0786193], [77.9359291, 28.0768537], [77.9359479, 28.0751072], [77.9359774, 28.0736186], [77.9360417, 28.0730033], [77.9360927, 28.0727382], [77.9361946, 28.0723619], [77.9363153, 28.0720377], [77.9365835, 28.0715691]], [[77.9358362, 28.0874472], [77.9358089, 28.0871987]], [[77.9241845, 28.1250095], [77.9247127, 28.1242349], [77.9271241, 28.1210792], [77.9277262, 28.1203038], [77.9280027, 28.1199478], [77.9288006, 28.1189203], [77.9292698, 28.1183162], [77.9305008, 28.1167203], [77.9319413, 28.1148528], [77.9322065, 28.1144932], [77.9324456, 28.1141691], [77.9327916, 28.1136274], [77.9331269, 28.1129011], [77.9333676, 28.1122668], [77.9334665, 28.112006], [77.9338108, 28.1110983], [77.9340171, 28.1105414], [77.9351466, 28.1074928], [77.9353182, 28.1068919], [77.935396, 28.1062933], [77.9354155, 28.1052434], [77.9354282, 28.1045567], [77.9354742, 28.102664], [77.9354838, 28.1022689], [77.9354949, 28.1018124], [77.9355221, 28.1006907], [77.9355999, 28.0986133], [77.935624, 28.0971179], [77.9356991, 28.093474], [77.9357563, 28.0909839], [77.9358164, 28.0883712], [77.9358362, 28.0874472]], [[77.9237341, 28.1266698], [77.9237803, 28.1262178], [77.9239104, 28.1256387], [77.9241845, 28.1250095]], [[77.9237381, 28.1267736], [77.9237341, 28.1266698]], [[77.9239668, 28.1327853], [77.9239351, 28.1319101], [77.9237381, 28.1267736]], [[77.9239796, 28.1334755], [77.9239668, 28.1327853]], [[77.9293172, 28.1550373], [77.9289675, 28.1545748], [77.9282325, 28.1535909], [77.9274078, 28.152506], [77.9271717, 28.1521161], [77.9269891, 28.1518147], [77.926495, 28.1510636], [77.9260458, 28.1502129], [77.9256542, 28.1494025], [77.9252445, 28.1484101], [77.9249217, 28.1474248], [77.9248026, 28.1469994], [77.9245227, 28.1459592], [77.9243575, 28.1450335], [77.9242244, 28.1440285], [77.9241765, 28.1432022], [77.9241283, 28.1416533], [77.9240907, 28.1390909], [77.9240746, 28.1372555], [77.9240604, 28.1362963], [77.9239796, 28.1334755]], [[77.9299102, 28.1622823], [77.9299929, 28.1619572], [77.9302298, 28.1610837], [77.9304103, 28.1601668], [77.9305653, 28.1593973], [77.9305818, 28.1586728], [77.9305435, 28.1578445], [77.9304004, 28.1571965], [77.9301863, 28.1565503], [77.9298982, 28.1559699], [77.9294224, 28.1551763], [77.9293172, 28.1550373]], [[77.9019847, 28.1806004], [77.902511, 28.1805155], [77.9031051, 28.1804034], [77.9046563, 28.1801337], [77.9056064, 28.1799444], [77.9064528, 28.179791], [77.907842, 28.1795333], [77.9092195, 28.1792871], [77.910451, 28.1790365], [77.911756, 28.1787979], [77.9129572, 28.17857], [77.914051, 28.1782808], [77.9150467, 28.1779543], [77.9156678, 28.1776842], [77.9164281, 28.1772701], [77.9174136, 28.1766798], [77.9187812, 28.1756913], [77.9197553, 28.1749647], [77.9207476, 28.1742578], [77.9214155, 28.1737617], [77.922048, 28.173268], [77.9222706, 28.1731059], [77.9226461, 28.1728325], [77.9235073, 28.1721683], [77.9242027, 28.171659], [77.9249174, 28.1711356], [77.9256845, 28.1705495], [77.9263016, 28.1700552], [77.926814, 28.1696417], [77.9273122, 28.1691833], [77.9276422, 28.1687978], [77.9279476, 28.1683975], [77.928057, 28.1682541], [77.9282616, 28.1679129], [77.9285898, 28.1672762], [77.9288659, 28.1664617], [77.9290386, 28.1657029], [77.9293038, 28.164678], [77.9296257, 28.1634009], [77.9299102, 28.1622823]], [[77.895589, 28.1840452], [77.8959079, 28.183396], [77.8962456, 28.1829108], [77.8965025, 28.1826333], [77.8967719, 28.1823242], [77.8971962, 28.182014], [77.8975187, 28.1817969], [77.8979667, 28.1815554], [77.8985287, 28.1813105], [77.8991898, 28.1811179], [77.9009722, 28.1807771], [77.9019847, 28.1806004]], [[77.8953959, 28.1845543], [77.895589, 28.1840452]], [[77.877823, 28.2392637], [77.8776755, 28.2387746], [77.8774475, 28.2377869], [77.8773134, 28.2370638], [77.8770693, 28.2356767], [77.8768601, 28.2344337], [77.876785, 28.2338153], [77.8766938, 28.2330631], [77.8765892, 28.2321628], [77.8764148, 28.230993], [77.8762083, 28.2301399], [77.8758515, 28.2287905], [77.8757516, 28.2283087], [77.8757121, 28.2281183], [77.8756262, 28.2277035], [77.8754224, 28.2265526], [77.8753239, 28.2258506], [77.8753097, 28.225749], [77.8752212, 28.2248014], [77.8751072, 28.2233011], [77.8751013, 28.2232244], [77.8750978, 28.2231778], [77.8750925, 28.2226555], [77.8751461, 28.2220954], [77.8752954, 28.2215463], [77.8754805, 28.2210854], [77.8755422, 28.22092], [77.8757885, 28.2203928], [77.8759043, 28.2201448], [77.8760505, 28.2198139], [77.8767152, 28.2183399], [77.87697, 28.2177562], [77.877077, 28.217542], [77.8774818, 28.2167318], [77.8775271, 28.2166254], [77.8775392, 28.216597], [77.8779421, 28.2156508], [77.8785686, 28.214218], [77.8788288, 28.2136011], [77.8792946, 28.2126097], [77.8794806, 28.2122137], [77.880186, 28.210597], [77.880459, 28.2100449], [77.8807862, 28.2094256], [77.8808721, 28.20929], [77.8818313, 28.2077767], [77.8825511, 28.2066412], [77.8851869, 28.20231], [77.8855803, 28.2016637], [77.8860844, 28.2008353], [77.8861997, 28.2006458], [77.8863545, 28.2003914], [77.8868681, 28.199555], [77.89041, 28.1937867], [77.8921341, 28.1910368], [77.8931995, 28.1893376], [77.893795, 28.1883683], [77.894208, 28.1875929], [77.8950234, 28.1855361], [77.8952286, 28.1849953], [77.8953959, 28.1845543]], [[77.8778674, 28.2394203], [77.877823, 28.2392637]], [[77.883378, 28.2743789], [77.8840269, 28.2735922], [77.8852151, 28.2720166], [77.8861379, 28.2707977], [77.8864087, 28.2704245], [77.8864749, 28.2703084], [77.886634, 28.270063], [77.8868888, 28.2695457], [77.8871356, 28.2688819], [77.8872375, 28.2683976], [77.8872681, 28.2682565], [77.887318, 28.267696], [77.8873555, 28.2668006], [77.8873555, 28.2648257], [77.8872107, 28.263798], [77.8870122, 28.2629642], [77.8866957, 28.2620404], [77.8863846, 28.2611663], [77.8860681, 28.2604481], [77.8858903, 28.2599848], [77.8858119, 28.25977], [77.8855853, 28.2591274], [77.8850891, 28.2576178], [77.884625, 28.2564436], [77.8839277, 28.2546952], [77.8833668, 28.2532495], [77.8833081, 28.2530981], [77.8825946, 28.2513237], [77.8819603, 28.2497837], [77.8818141, 28.2494288], [77.8814522, 28.2485388], [77.8811569, 28.2478127], [77.8810733, 28.2476041], [77.8809427, 28.2472782], [77.8806344, 28.2465081], [77.8805619, 28.2463209], [77.8802499, 28.2455633], [77.8797005, 28.244233], [77.8792204, 28.2430752], [77.8787886, 28.2419646], [77.8782414, 28.2406272], [77.8778674, 28.2394203]], [[77.8833001, 28.2744932], [77.883378, 28.2743789]], [[77.8546357, 28.2918449], [77.8550407, 28.2899531], [77.8552848, 28.2889423], [77.8556603, 28.2881534], [77.8560948, 28.2876007], [77.8562397, 28.2874566], [77.8566501, 28.2871354], [77.8573998, 28.2866664], [77.8577476, 28.2864825], [77.8582374, 28.2862443], [77.8582787, 28.2862203], [77.858332, 28.286196], [77.8597884, 28.2855854], [77.8607448, 28.2852284], [77.8619546, 28.2848349], [77.8638272, 28.284198], [77.8652624, 28.2838052], [77.8661719, 28.2835429], [77.8676605, 28.2830729], [77.8705385, 28.2821658], [77.8733066, 28.2812588], [77.8744948, 28.2808927], [77.8758332, 28.2804675], [77.8765815, 28.2801628], [77.8771502, 28.2799077], [77.8778395, 28.2795865], [77.8785463, 28.2791755], [77.8793362, 28.27867], [77.8802039, 28.2780204], [77.8802905, 28.2779457], [77.8810577, 28.2772985], [77.8817148, 28.2766513], [77.882085, 28.2762402], [77.882667, 28.2754276], [77.8829996, 28.2749339], [77.8833001, 28.2744932]], [[77.8542812, 28.2934306], [77.8546357, 28.2918449]], [[77.8270322, 28.3781757], [77.8279415, 28.3773474], [77.8296689, 28.3759527], [77.8304735, 28.3753863], [77.8307506, 28.375231], [77.8312567, 28.3749474], [77.8316321, 28.3747842], [77.832045, 28.3746046], [77.8325644, 28.3743788], [77.8326014, 28.3743627], [77.8326397, 28.3743461], [77.833086, 28.3741521], [77.8333998, 28.3739892], [77.8340382, 28.373529], [77.8341494, 28.3733785], [77.8343574, 28.3730972], [77.8346309, 28.3725591], [77.8354383, 28.3706616], [77.836259, 28.3687145], [77.8364039, 28.3682614], [77.836833, 28.3665668], [77.8377262, 28.3628826], [77.8388098, 28.3584901], [77.8389093, 28.35807], [77.8390871, 28.3573189], [77.839239, 28.3566774], [77.8392844, 28.3564914], [77.8396101, 28.3551568], [77.8397364, 28.3546395], [77.8398965, 28.3539833], [77.840897, 28.3498595], [77.8417419, 28.3463659], [77.8422917, 28.3442661], [77.8428845, 28.3419326], [77.8433124, 28.3401628], [77.8434425, 28.3396085], [77.8436056, 28.3389153], [77.8437129, 28.3384543], [77.8439714, 28.3373957], [77.8441706, 28.336556], [77.844597, 28.3348348], [77.8447245, 28.334286], [77.8452127, 28.3323679], [77.8456727, 28.3304815], [77.8459208, 28.3294474], [77.8464706, 28.3271017], [77.8468622, 28.3255175], [77.8470024, 28.3249245], [77.8471787, 28.3241787], [77.8473931, 28.3232588], [77.8474877, 28.3228533], [77.84775, 28.3217279], [77.8482195, 28.3197286], [77.8482784, 28.3194777], [77.8484511, 28.318719], [77.8491279, 28.3157466], [77.8495552, 28.3138697], [77.8504591, 28.3100703], [77.8507648, 28.3088731], [77.8511055, 28.3075743], [77.8513415, 28.3067312], [77.8513994, 28.3064751], [77.851689, 28.3051934], [77.8518431, 28.3045114], [77.8522831, 28.3025005], [77.85235, 28.3021947], [77.8525645, 28.3011811], [77.8530367, 28.2989499], [77.8531456, 28.2984864], [77.8531833, 28.2983259], [77.8532172, 28.2981817], [77.8534444, 28.2972141], [77.8538762, 28.2953318], [77.8542812, 28.2934306]], [[77.8268579, 28.3783834], [77.8270322, 28.3781757]], [[77.8247198, 28.3832154], [77.8249535, 28.3826146], [77.8256965, 28.3806607], [77.8258218, 28.3803083], [77.825954, 28.3799362], [77.8262249, 28.3793533], [77.8265897, 28.3787209], [77.8268579, 28.3783834]], [[77.8246049, 28.3835105], [77.8247198, 28.3832154]], [[77.8221761, 28.3963276], [77.8225932, 28.395306], [77.8231591, 28.3940271], [77.8233201, 28.3935481], [77.8234569, 28.3923164], [77.8235039, 28.3918918], [77.8235722, 28.3912759], [77.8235937, 28.390916], [77.8235427, 28.3903238], [77.8234166, 28.3897504], [77.8232047, 28.389033], [77.8231457, 28.3884998], [77.8231216, 28.3880774], [77.8231323, 28.3874686], [77.8232128, 28.3868834], [77.823422, 28.3860976], [77.8235963, 28.3856681], [77.8240738, 28.3847101], [77.8243769, 28.3840965], [77.8246049, 28.3835105]], [[77.8221327, 28.3964353], [77.8221761, 28.3963276]], [[77.8132764, 28.419471], [77.813699, 28.4190376], [77.8140264, 28.4186047], [77.8143266, 28.4181719], [77.8145251, 28.4177496], [77.8147182, 28.4172636], [77.814855, 28.4168956], [77.8160888, 28.4136071], [77.8172368, 28.4107643], [77.8179583, 28.408726], [77.8188569, 28.4061237], [77.8199163, 28.4031746], [77.8207597, 28.4006565], [77.8208417, 28.4004118], [77.8216276, 28.3977952], [77.8218824, 28.3970567], [77.8221327, 28.3964353]], [[77.7919424, 28.4268933], [77.7928778, 28.4266113], [77.7930728, 28.426553], [77.794964, 28.4260387], [77.7963773, 28.4256543], [77.796589, 28.4255963], [77.7990139, 28.4249325], [77.7994401, 28.424817], [77.8007348, 28.4244641], [77.8015378, 28.4242484], [77.8021422, 28.4240723], [77.804322, 28.423437], [77.8066716, 28.4227293], [77.8077016, 28.4223708], [77.8085686, 28.4220237], [77.8086859, 28.4219768], [77.8090679, 28.4218125], [77.8097937, 28.4215003], [77.8110034, 28.4209672], [77.8113215, 28.4208158], [77.8120092, 28.4204884], [77.8122871, 28.4203093], [77.8125698, 28.4201014], [77.8128245, 28.419875], [77.8132054, 28.4195344], [77.8132764, 28.419471]], [[77.7918298, 28.4269258], [77.7919424, 28.4268933]], [[77.7877642, 28.4280524], [77.7891759, 28.4276676], [77.7918298, 28.4269258]], [[77.7844388, 28.4289623], [77.7876574, 28.4280815], [77.7877642, 28.4280524]], [[77.7843288, 28.4289924], [77.7844388, 28.4289623]], [[77.7812787, 28.4298689], [77.7842698, 28.4290085], [77.7843288, 28.4289924]], [[77.7689186, 28.4333672], [77.7690659, 28.433324], [77.7703183, 28.4329865], [77.7710184, 28.4328166], [77.7712808, 28.4327462], [77.7713698, 28.4327223], [77.771929, 28.4325607], [77.7720246, 28.4325331], [77.7732243, 28.4321861], [77.7735506, 28.4320917], [77.7747185, 28.431754], [77.7755187, 28.4315238], [77.7757493, 28.4314575], [77.7777199, 28.4308908], [77.778825, 28.4305747], [77.7793401, 28.4304265], [77.7806438, 28.4300515], [77.7806874, 28.430039], [77.7812787, 28.4298689]], [[77.7687145, 28.4334228], [77.7689186, 28.4333672]], [[77.7440074, 28.4400723], [77.7442627, 28.4400219], [77.7465597, 28.4394733], [77.7474219, 28.439272], [77.7483084, 28.4390651], [77.7489228, 28.4389217], [77.7494468, 28.4387994], [77.7499702, 28.4386772], [77.750035, 28.4386621], [77.7505191, 28.4385491], [77.7510097, 28.4384345], [77.7510488, 28.4384254], [77.7511499, 28.4384018], [77.7515133, 28.4383137], [77.7518635, 28.4382277], [77.7526116, 28.4380439], [77.7530605, 28.4379336], [77.7533627, 28.4378593], [77.7542192, 28.4376094], [77.7554055, 28.4372633], [77.7554401, 28.4372532], [77.7578782, 28.4365551], [77.7593316, 28.436123], [77.7603378, 28.4358239], [77.7617681, 28.4354134], [77.7620651, 28.4353282], [77.7628633, 28.4350991], [77.7635431, 28.434904], [77.7666196, 28.4340266], [77.7683415, 28.4335242], [77.7687145, 28.4334228]], [[77.7437622, 28.4401206], [77.7440074, 28.4400723]], [[77.721401, 28.4469471], [77.721534, 28.4466942], [77.7218665, 28.4461345], [77.722351, 28.4454705], [77.7228588, 28.4449945], [77.7233642, 28.4446318], [77.7236263, 28.4444741], [77.7237192, 28.4444252], [77.7245113, 28.4439094], [77.7248852, 28.4437586], [77.7252175, 28.4436401], [77.7259895, 28.4434057], [77.7265878, 28.4432818], [77.7268649, 28.4432347], [77.7284816, 28.4429597], [77.7290933, 28.4428571], [77.7295479, 28.4427809], [77.7314652, 28.4424593], [77.7317253, 28.4424157], [77.7338863, 28.4420221], [77.7353348, 28.4417582], [77.7354753, 28.4417314], [77.7376947, 28.4413072], [77.7383994, 28.4411725], [77.7384493, 28.4411628], [77.7386918, 28.4411154], [77.7399281, 28.4408738], [77.7409209, 28.4406798], [77.7413612, 28.4405938], [77.7413851, 28.4405891], [77.7417221, 28.4405227], [77.7430207, 28.4402668], [77.7436472, 28.4401433], [77.7437622, 28.4401206]], [[77.7213165, 28.4471205], [77.721401, 28.4469471]], [[77.6971771, 28.466956], [77.6982722, 28.4670114], [77.6995565, 28.4669626], [77.700368, 28.4668624], [77.7012107, 28.4667227], [77.7019853, 28.4665208], [77.7022245, 28.4664506], [77.7039515, 28.465944], [77.7044504, 28.4657977], [77.7054037, 28.4655158], [77.7059053, 28.4653675], [77.7083588, 28.4646421], [77.7087455, 28.464531], [77.7100341, 28.4641608], [77.7109525, 28.4637948], [77.7116136, 28.4634842], [77.7125497, 28.4629297], [77.7134143, 28.4622999], [77.7134822, 28.4622505], [77.7142348, 28.4615639], [77.7143744, 28.4614258], [77.7151421, 28.4606666], [77.7158242, 28.4599449], [77.7168319, 28.4588789], [77.7169926, 28.4587089], [77.7173896, 28.4582104], [77.717599, 28.4577978], [77.7176679, 28.457662], [77.7179334, 28.4570932], [77.7188484, 28.4543129], [77.719552, 28.4523187], [77.7201368, 28.4505895], [77.7202195, 28.450345], [77.7208819, 28.448242], [77.7212489, 28.4472629], [77.7213165, 28.4471205]], [[77.6969778, 28.466936], [77.6971771, 28.466956]], [[77.6549628, 28.4795531], [77.6555189, 28.4791523], [77.6577191, 28.4775799], [77.6608164, 28.4753953], [77.6623857, 28.4743168], [77.6624498, 28.4742727], [77.6633882, 28.4735983], [77.6662007, 28.4715561], [77.6685245, 28.4699655], [77.6688018, 28.4697692], [77.6710249, 28.4681581], [77.6718085, 28.467601], [77.6733992, 28.4664702], [77.6735277, 28.4663842], [77.6741183, 28.4659889], [77.674642, 28.4656183], [77.6756069, 28.4649355], [77.6756448, 28.4649087], [77.6767297, 28.4640702], [77.678009, 28.4630366], [77.6783218, 28.4627992], [77.6785359, 28.4626317], [77.6790604, 28.4622742], [77.6792262, 28.4621834], [77.6798061, 28.4619174], [77.6801712, 28.4617802], [77.6804161, 28.4617114], [77.6805487, 28.4616868], [77.6806327, 28.4616745], [77.680933, 28.4616307], [77.6811982, 28.461597], [77.6816335, 28.4615743], [77.6820309, 28.4615753], [77.6826111, 28.4616103], [77.6833328, 28.4617633], [77.6839282, 28.461963], [77.6845545, 28.4622196], [77.6852276, 28.4624953], [77.6881671, 28.4637752], [77.6893231, 28.4643054], [77.6904303, 28.4648133], [77.6913989, 28.4652274], [77.6921309, 28.4655403], [77.6925472, 28.4657183], [77.693839, 28.4662085], [77.6946666, 28.466468], [77.6955043, 28.466672], [77.696284, 28.466845], [77.6969778, 28.466936]], [[77.649689, 28.4832898], [77.6503339, 28.4828449], [77.6531648, 28.4808489], [77.6549628, 28.4795531]], [[77.6223796, 28.5028118], [77.6224707, 28.5027457], [77.6234769, 28.5020161], [77.6245174, 28.5012616], [77.6258813, 28.5002609], [77.6259038, 28.5002444], [77.6265534, 28.4998732], [77.6269659, 28.4996518], [77.6272055, 28.4995085], [77.6273923, 28.4993665], [77.6276279, 28.4991873], [77.6279984, 28.4988117], [77.6286079, 28.4983254], [77.6287221, 28.4982343], [77.6304091, 28.4970295], [77.630792, 28.496756], [77.6320979, 28.4958172], [77.6326955, 28.4953876], [77.6339264, 28.4945028], [77.6348544, 28.4939082], [77.6357793, 28.4932372], [77.6360707, 28.4930157], [77.6365521, 28.492667], [77.6381897, 28.4915222], [77.6393565, 28.4906707], [77.6396593, 28.4904498], [77.6401119, 28.4901163], [77.6417835, 28.4888846], [77.6453028, 28.4863843], [77.6476559, 28.484701], [77.6479874, 28.4844638], [77.649689, 28.4832898]], [[77.6217526, 28.5032646], [77.6223796, 28.5028118]], [[77.6069354, 28.5135797], [77.6082927, 28.5126833], [77.6096468, 28.5117967], [77.6106312, 28.5111521], [77.6114477, 28.5106866], [77.612249, 28.5102297], [77.6129604, 28.5097999], [77.613072, 28.5097199], [77.6146086, 28.5086183], [77.6151463, 28.5082328], [77.6153226, 28.5081016], [77.6161761, 28.5074668], [77.6164788, 28.5072416], [77.6176411, 28.506377], [77.6190169, 28.5052527], [77.620573, 28.5041392], [77.6216054, 28.5033881], [77.6216745, 28.5033301], [77.6217526, 28.5032646]], [[77.6067316, 28.5137142], [77.6069354, 28.5135797]], [[77.5905771, 28.5244181], [77.5913935, 28.5238769], [77.5918286, 28.5235884], [77.5924989, 28.5231356], [77.5932931, 28.5225719], [77.5937219, 28.5222789], [77.5938908, 28.5221383], [77.5939394, 28.5220978], [77.5942154, 28.5219029], [77.5957298, 28.5209064], [77.5975873, 28.519684], [77.5990604, 28.5187146], [77.6000089, 28.5180971], [77.6009169, 28.517506], [77.6014905, 28.5171325], [77.6023547, 28.5165698], [77.6030251, 28.5161333], [77.6038279, 28.5156108], [77.6060152, 28.5141873], [77.6067316, 28.5137142]], [[77.5904555, 28.5244987], [77.5905061, 28.5244652], [77.5905771, 28.5244181]], [[77.5799441, 28.532218], [77.5804403, 28.5315065], [77.5810058, 28.5309287], [77.5817639, 28.5302982], [77.5832481, 28.5292833], [77.5840664, 28.5287606], [77.5841686, 28.5286891], [77.5849477, 28.5281437], [77.5862093, 28.5273139], [77.587634, 28.5263693], [77.5888877, 28.5255381], [77.5904555, 28.5244987]], [[77.579788, 28.532496], [77.5798444, 28.5323955], [77.5798791, 28.5323276], [77.5799441, 28.532218]], [[77.5778466, 28.5414217], [77.5779609, 28.5404013], [77.5781308, 28.5382039], [77.5781686, 28.5379258], [77.5782689, 28.5371895], [77.5785326, 28.5359753], [77.5787306, 28.5352549], [77.5789931, 28.5344148], [77.5795923, 28.5328946], [77.579788, 28.532496]], [[77.5777634, 28.5418317], [77.5778466, 28.5414217]], [[77.5694099, 28.5556883], [77.5705811, 28.5541691], [77.5726863, 28.5514215], [77.5734183, 28.5503513], [77.5735834, 28.55011], [77.5740385, 28.5494577], [77.5744203, 28.5489103], [77.5747551, 28.5483786], [77.575679, 28.5467137], [77.5760473, 28.5460138], [77.5766565, 28.5447229], [77.577162, 28.5435113], [77.577634, 28.5423791], [77.5777634, 28.5418317]], [[77.5692896, 28.5558443], [77.5694099, 28.5556883]], [[77.563144, 28.5638286], [77.5639889, 28.5627195], [77.5692896, 28.5558443]], [[77.5630328, 28.5639746], [77.563144, 28.5638286]], [[77.5555266, 28.5727772], [77.5557508, 28.5725645], [77.5573272, 28.5710615], [77.5581829, 28.5701881], [77.5585095, 28.5697924], [77.5588391, 28.5693929], [77.5598086, 28.5681539], [77.5607467, 28.5669507], [77.5615673, 28.5658983], [77.5630328, 28.5639746]], [[77.5548953, 28.5733762], [77.5555266, 28.5727772]], [[77.5510813, 28.5769196], [77.5511965, 28.5768405], [77.5533387, 28.5748532], [77.5548953, 28.5733762]], [[77.5509888, 28.5769811], [77.5510813, 28.5769196]], [[77.516858, 28.5897561], [77.5168618, 28.5897525], [77.5174397, 28.5892009], [77.5176565, 28.588994], [77.5177176, 28.5889357], [77.5182102, 28.5884714], [77.5192598, 28.5874821], [77.5194031, 28.5873581], [77.5203289, 28.5864929], [77.5207679, 28.5860827], [77.5210273, 28.5858403], [77.5210722, 28.5857991], [77.5213654, 28.5855295], [77.5215536, 28.5853566], [77.5225857, 28.5844081], [77.5242747, 28.5828444], [77.5243801, 28.5827468], [77.5247644, 28.5823857], [77.5251413, 28.5820316], [77.5258641, 28.5813681], [77.5261971, 28.5810396], [77.526641, 28.5806348], [77.5272943, 28.580039], [77.5280187, 28.5793783], [77.5283738, 28.5790343], [77.5286123, 28.5788032], [77.5291135, 28.5783176], [77.5293647, 28.5780742], [77.5295113, 28.5779316], [77.5295998, 28.5778464], [77.5301971, 28.5772518], [77.5308891, 28.5765629], [77.5310824, 28.5763649], [77.5313125, 28.5761292], [77.532009, 28.5754261], [77.5327444, 28.5746996], [77.5330058, 28.5744393], [77.5330672, 28.5743835], [77.5334461, 28.5741688], [77.5338511, 28.574035], [77.5343198, 28.5739542], [77.5345865, 28.5739483], [77.5347977, 28.5739638], [77.534827, 28.5739659], [77.5352504, 28.5740439], [77.5356672, 28.5742188], [77.5362346, 28.574576], [77.5368405, 28.5751301], [77.5377477, 28.57599], [77.5387879, 28.576897], [77.5391437, 28.5771571], [77.5399638, 28.5776804], [77.5406451, 28.5780273], [77.5414653, 28.5783809], [77.5422985, 28.5786241], [77.5432217, 28.578807], [77.5437982, 28.5788801], [77.5443295, 28.5789242], [77.5454918, 28.5789483], [77.5461593, 28.578886], [77.5468505, 28.5787841], [77.5473689, 28.5786781], [77.5479938, 28.5785056], [77.548756, 28.5782166], [77.5492487, 28.578002], [77.5496247, 28.5778383], [77.5504153, 28.5773685], [77.5509888, 28.5769811]], [[77.5167541, 28.5898553], [77.516858, 28.5897561]], [[77.4904178, 28.6142893], [77.4914972, 28.6132843], [77.491838, 28.6129928], [77.4925569, 28.6123323], [77.4934163, 28.6115458], [77.493588, 28.6113888], [77.4951312, 28.6099665], [77.4955355, 28.6095923], [77.4961722, 28.609], [77.4970095, 28.608228], [77.4976658, 28.6076237], [77.4986986, 28.6066368], [77.499753, 28.6056678], [77.5005574, 28.604916], [77.5007845, 28.6047084], [77.5018127, 28.6037685], [77.5018158, 28.6037656], [77.5024306, 28.6032063], [77.5024515, 28.6031873], [77.5026203, 28.6030335], [77.5027114, 28.6029504], [77.5029681, 28.6027164], [77.5041867, 28.601574], [77.5045833, 28.6012023], [77.5060836, 28.599796], [77.5061196, 28.5997657], [77.5061866, 28.5997025], [77.5070901, 28.598848], [77.5080909, 28.5979015], [77.5082746, 28.5977307], [77.5083617, 28.5976498], [77.5099588, 28.5961907], [77.5100245, 28.5961305], [77.5102753, 28.5959008], [77.5108057, 28.595415], [77.5119839, 28.5943321], [77.5126136, 28.5937459], [77.5131635, 28.5932281], [77.5133503, 28.5930521], [77.5144261, 28.592039], [77.5154085, 28.591121], [77.5159172, 28.5906457], [77.5162273, 28.5903559], [77.5167503, 28.5898589], [77.5167541, 28.5898553]], [[77.4896507, 28.6149984], [77.4896754, 28.6149806], [77.4901691, 28.6145209], [77.4904178, 28.6142893]], [[77.4896061, 28.6150307], [77.4896507, 28.6149984]], [[77.4770163, 28.6250007], [77.4780559, 28.6242686], [77.4787681, 28.6237596], [77.4790025, 28.6235933], [77.4798817, 28.6229623], [77.480992, 28.6221656], [77.4814268, 28.6218584], [77.4818119, 28.6215864], [77.4826979, 28.6209788], [77.4832188, 28.6206085], [77.4836234, 28.6202819], [77.484227, 28.6197513], [77.484758, 28.6192846], [77.4850246, 28.6190502], [77.4853178, 28.6187947], [77.4855901, 28.6185574], [77.4865433, 28.6177245], [77.4867268, 28.6175641], [77.4869021, 28.6174109], [77.4870931, 28.617244], [77.4874503, 28.6169365], [77.48832, 28.6161565], [77.4885459, 28.6159539], [77.4887466, 28.6157739], [77.4894465, 28.6151462], [77.4895677, 28.6150585], [77.4896061, 28.6150307]], [[77.4770032, 28.6250095], [77.4770163, 28.6250007]], [[77.4768677, 28.6250899], [77.4770032, 28.6250095]], [[77.4672964, 28.6319067], [77.4674891, 28.6317577], [77.4675977, 28.6316738], [77.467704, 28.6315978], [77.4677922, 28.6315349], [77.4680175, 28.631374], [77.468608, 28.6309522], [77.4698519, 28.6300584], [77.4699596, 28.629981], [77.4700957, 28.6298897], [77.470596, 28.6295328], [77.4710476, 28.6292095], [77.4715867, 28.6288346], [77.4719053, 28.6285987], [77.4721405, 28.6284359], [77.472507, 28.6281753], [77.4728316, 28.6279466], [77.4735174, 28.6274636], [77.4742457, 28.6269506], [77.475961, 28.625748], [77.4765254, 28.6253396], [77.476835, 28.6251112], [77.4768677, 28.6250899]], [[77.4612294, 28.6362745], [77.4616698, 28.6359587], [77.4622101, 28.635567], [77.4626217, 28.6352686], [77.4628375, 28.6351207], [77.4641227, 28.6341804], [77.4643999, 28.6339794], [77.4647682, 28.6337124], [77.4647866, 28.6336971], [77.4648171, 28.6336718], [77.4655843, 28.6331256], [77.4672964, 28.6319067]], [[77.4620287, 28.6378164], [77.461971, 28.6377329], [77.4617283, 28.6373374], [77.4614279, 28.6368407], [77.4612777, 28.6366006], [77.4612482, 28.6365146], [77.4612294, 28.6364193], [77.4612294, 28.6362745]], [[77.4627923, 28.6396175], [77.4627503, 28.6394939], [77.4627194, 28.6393764], [77.4626957, 28.6392082], [77.4626885, 28.6389994], [77.4626859, 28.6389076], [77.4626724, 28.6388181], [77.4626537, 28.6387498], [77.4626134, 28.6386639], [77.4625397, 28.6385415], [77.4624901, 28.6384732], [77.462431, 28.6383802], [77.4621575, 28.6379965], [77.4620287, 28.6378164]], [[77.4629205, 28.6399481], [77.4627923, 28.6396175]], [[77.4655066, 28.6436693], [77.4653992, 28.6434574], [77.465346, 28.6433845], [77.463754, 28.6412636], [77.4636848, 28.6411714], [77.4631952, 28.6404407], [77.4629205, 28.6399481]], [[77.4655751, 28.6437667], [77.4655066, 28.6436693]], [[77.4702951, 28.650166], [77.4683354, 28.6475248], [77.4681003, 28.6471983], [77.4660277, 28.6443768], [77.4659859, 28.6443199], [77.4658692, 28.6441605], [77.4657782, 28.6440362], [77.4656416, 28.6438622], [77.4655751, 28.6437667]], [[77.4720078, 28.6524854], [77.4712223, 28.6514156], [77.4703626, 28.6502569], [77.4702951, 28.650166]], [[77.473208, 28.6542326], [77.4720871, 28.6525933], [77.4720745, 28.6525762], [77.4720078, 28.6524854]], [[78.2334792, 27.8165645], [78.2327614, 27.8169855], [78.2325114, 27.8171848], [78.2315362, 27.8180019], [78.2306593, 27.8187134], [78.2297799, 27.8194785], [78.2297642, 27.8194921], [78.2280732, 27.8209294], [78.2273465, 27.8215605], [78.2251925, 27.8234], [78.2239019, 27.8244896], [78.2238043, 27.8245774], [78.2236497, 27.824704], [78.2234712, 27.8248436], [78.2221719, 27.8256986], [78.2206583, 27.826637], [78.2201403, 27.826979]], [[78.2201403, 27.826979], [78.2185887, 27.8280021]], [[78.2185887, 27.8280021], [78.2181487, 27.8282692], [78.217846, 27.8284261], [78.2175075, 27.8285671], [78.2171071, 27.8286966], [78.2144901, 27.8294407], [78.2130433, 27.8298884], [78.2127113, 27.8299877], [78.2113832, 27.8303676], [78.2103726, 27.8306843], [78.2087776, 27.8312959], [78.2048114, 27.8328431], [78.2035501, 27.8333281], [78.2030602, 27.8335641], [78.2027445, 27.8337297], [78.202432, 27.8339168], [78.2021049, 27.8341787], [78.2014816, 27.8347184], [78.198181, 27.8374715], [78.1977872, 27.8378356], [78.197447, 27.8380889], [78.1972631, 27.8382141], [78.1970792, 27.8383278], [78.1968107, 27.838489], [78.1963224, 27.838689], [78.1960327, 27.838784], [78.1957609, 27.838856], [78.1955038, 27.8389164], [78.195061, 27.8390083], [78.1942181, 27.8391812]], [[78.1942181, 27.8391812], [78.1932692, 27.8393611], [78.1926947, 27.8395381], [78.1920307, 27.8397741], [78.1907011, 27.8403268], [78.1886699, 27.841137], [78.1849904, 27.8425536]], [[78.1849904, 27.8425536], [78.1844945, 27.8427201], [78.1834343, 27.8431272], [78.1822706, 27.8435791], [78.1818084, 27.8437417], [78.1797383, 27.8445318], [78.1790536, 27.844781], [78.1785404, 27.8449678], [78.1776372, 27.8453261], [78.1772596, 27.8455031], [78.1759185, 27.8462975], [78.1756907, 27.8464385], [78.1751357, 27.846758], [78.1728019, 27.8481222], [78.1721461, 27.8485213], [78.1717993, 27.8487323], [78.1712541, 27.8490474], [78.1709693, 27.849223], [78.1705429, 27.8494777], [78.1701247, 27.8497353], [78.1693597, 27.8501742], [78.1692637, 27.8502173], [78.1688113, 27.850439], [78.1672, 27.8510304], [78.1669882, 27.8511095]], [[78.1669882, 27.8511095], [78.1666075, 27.851252]], [[78.1666075, 27.851252], [78.1658769, 27.851511], [78.1656393, 27.8515873], [78.1654456, 27.8516419], [78.1648044, 27.851806], [78.1635577, 27.8520794], [78.1617252, 27.8524218], [78.1613525, 27.8525024], [78.1610774, 27.8525672], [78.1606998, 27.8526593], [78.1603182, 27.8527593], [78.1598764, 27.8528943], [78.1595671, 27.8529888], [78.1582391, 27.8534277], [78.1560338, 27.854104], [78.1556725, 27.8542162], [78.1554203, 27.8542982], [78.1548962, 27.8544767], [78.1543103, 27.8546781], [78.1509235, 27.8557832], [78.1503408, 27.8559674], [78.1501358, 27.8560249], [78.148453, 27.8565832], [78.145377, 27.8575617], [78.1442784, 27.8578998], [78.1434175, 27.858189], [78.1425254, 27.8584673], [78.141411, 27.8588167], [78.1406905, 27.8590426], [78.1384718, 27.8597517], [78.137886, 27.8599356], [78.1356817, 27.8606495], [78.1352035, 27.860788]], [[78.1352035, 27.860788], [78.1340917, 27.8611623], [78.1339628, 27.8612026], [78.1329112, 27.8615623], [78.1324476, 27.8616868], [78.1315488, 27.8618537], [78.1308767, 27.8619388], [78.1307286, 27.861943], [78.1304888, 27.8619499], [78.1299903, 27.8619067], [78.1299386, 27.8618988]], [[78.1299386, 27.8618988], [78.129866, 27.8618989], [78.1293529, 27.8618533], [78.1287015, 27.8617465], [78.1278054, 27.8615086], [78.1271631, 27.8612766], [78.1259692, 27.8606602]], [[78.1259692, 27.8606602], [78.1256903, 27.8605293]], [[78.1256903, 27.8605293], [78.1238177, 27.8597606], [78.1228507, 27.8593636], [78.1222743, 27.859127], [78.1217009, 27.8588744], [78.1197863, 27.8580308], [78.1197619, 27.85802], [78.1195989, 27.8579482], [78.1177451, 27.8572121], [78.1175423, 27.8571316], [78.1145585, 27.8558041], [78.1134726, 27.855321], [78.1104225, 27.8539726]], [[78.1104225, 27.8539726], [78.1100478, 27.8538031]], [[78.1100478, 27.8538031], [78.1075198, 27.8526529], [78.1051874, 27.8515917], [78.1043746, 27.8512219], [78.1018631, 27.8502852], [78.100676, 27.8498424], [78.0979085, 27.8488102], [78.0957111, 27.8478613]], [[78.0957111, 27.8478613], [78.095085, 27.8475748]], [[78.095085, 27.8475748], [78.0926424, 27.8464794], [78.0915095, 27.8460094], [78.090211, 27.8455933], [78.0893828, 27.8453645], [78.0885058, 27.8452003], [78.0874279, 27.8450388], [78.0871173, 27.8449922], [78.0859358, 27.8448945], [78.0856635, 27.8448729], [78.0844098, 27.8448593], [78.0842154, 27.8448612], [78.0830041, 27.8449768], [78.081418, 27.8452388], [78.0780281, 27.8461018]], [[78.0780281, 27.8461018], [78.0776778, 27.8461756]], [[78.0776778, 27.8461756], [78.0759976, 27.8466643], [78.0750826, 27.8469571], [78.0739497, 27.8474117], [78.0731393, 27.8477431], [78.073039, 27.8477915], [78.0704552, 27.8490376], [78.0697221, 27.8493685], [78.0694792, 27.8494768], [78.0684421, 27.8499005], [78.0677253, 27.8501523], [78.0669047, 27.850416], [78.0663419, 27.8506248], [78.0655838, 27.850987], [78.063806, 27.8519732], [78.0602243, 27.8534449]], [[78.0602243, 27.8534449], [78.0598757, 27.8535835]], [[78.0598757, 27.8535835], [78.0569912, 27.8549011], [78.0561546, 27.8552093], [78.0543943, 27.8558179], [78.0515534, 27.8569582]], [[78.0515534, 27.8569582], [78.0509346, 27.8572125]], [[78.0509346, 27.8572125], [78.0471264, 27.8585146], [78.0457321, 27.8589768], [78.0446166, 27.8595239], [78.0428259, 27.8606264]], [[78.0428259, 27.8606264], [78.0426646, 27.8607257], [78.0425395, 27.8608282]], [[78.0425395, 27.8608282], [78.040222, 27.8627275], [78.0382463, 27.8643467], [78.0376951, 27.8648238], [78.0338732, 27.8681317], [78.0331968, 27.8688032], [78.0304988, 27.8714813]], [[78.0304988, 27.8714813], [78.0302874, 27.8717041]], [[78.0302874, 27.8717041], [78.0292629, 27.8729619], [78.0284813, 27.874134], [78.0283649, 27.8743085], [78.0273521, 27.8759376], [78.0269717, 27.8767004], [78.0266695, 27.8773349], [78.0264903, 27.8777704], [78.0261743, 27.8786178], [78.0259228, 27.879292], [78.0257036, 27.879984], [78.0255847, 27.8804909], [78.0254983, 27.8809112], [78.0251783, 27.8823181], [78.0251678, 27.8823809], [78.024914, 27.8839015], [78.0249074, 27.8839408]], [[78.0249074, 27.8839408], [78.0248726, 27.8841403]], [[78.0248726, 27.8841403], [78.0248517, 27.8842346], [78.0246781, 27.8853482], [78.02454, 27.8862336], [78.0244893, 27.8865585], [78.0244727, 27.8866495], [78.0244506, 27.8867703], [78.0244307, 27.8868792], [78.024301, 27.8875897], [78.0241779, 27.8882638], [78.0241503, 27.8884151], [78.0241071, 27.8886514], [78.0240272, 27.8890893], [78.0239753, 27.8893736], [78.0237673, 27.8905641], [78.023648, 27.8912232], [78.0235704, 27.891652], [78.0234931, 27.8920789], [78.0234687, 27.8921642], [78.0234073, 27.8924114], [78.0230873, 27.8940628], [78.0230719, 27.894169], [78.0229457, 27.8950389], [78.0226963, 27.8967581], [78.0226839, 27.8968435], [78.0225811, 27.8976807], [78.0225115, 27.8987134], [78.0225905, 27.9011316], [78.022598, 27.9016702], [78.0224712, 27.9046174], [78.0223965, 27.9063553], [78.022401, 27.9065085], [78.0224302, 27.9075085], [78.0227131, 27.9109734], [78.0228062, 27.9118029], [78.0228431, 27.9122381], [78.0228756, 27.9127686], [78.0231819, 27.9159814], [78.0231887, 27.9161018], [78.0232929, 27.9176584], [78.0232782, 27.9178122], [78.0230217, 27.9204898]], [[78.0230217, 27.9204898], [78.0229478, 27.9208818]], [[78.0229478, 27.9208818], [78.0223057, 27.9236245], [78.022183, 27.9241488], [78.0219803, 27.9250144], [78.021811, 27.9257379], [78.0216282, 27.9265185], [78.0216044, 27.9266204], [78.0211361, 27.9292229]], [[78.0211361, 27.9292229], [78.0210622, 27.9296693]], [[78.0210622, 27.9296693], [78.0207664, 27.9308671], [78.0202648, 27.9325475], [78.0198791, 27.9338396]], [[78.0198791, 27.9338396], [78.018675, 27.9393455]], [[78.018675, 27.9393455], [78.0186662, 27.9393806], [78.0186456, 27.9394747], [78.0182716, 27.9409488], [78.0180263, 27.9415506], [78.0175744, 27.9423103], [78.0171093, 27.9430707], [78.0164586, 27.9440995]], [[78.0164586, 27.9440995], [78.0161159, 27.9446289], [78.0152694, 27.9459364], [78.0145993, 27.9469715], [78.0140472, 27.9478286], [78.0120808, 27.9509085], [78.0097488, 27.954635], [78.0094997, 27.9550133], [78.0092991, 27.9553178], [78.0092553, 27.9553844], [78.008502, 27.9565183], [78.0073051, 27.9584088], [78.0070693, 27.9587812], [78.0052053, 27.9617253], [78.0037378, 27.9640432], [78.0036078, 27.9642411], [78.0031352, 27.9649604], [78.0030689, 27.9650614], [78.0003248, 27.9692384], [77.9994546, 27.9705631], [77.9980092, 27.9727632], [77.9960959, 27.9756731], [77.9956414, 27.9763643], [77.9950823, 27.9772146], [77.9943705, 27.978297], [77.993664, 27.9793506], [77.9934779, 27.979617], [77.992993, 27.980321], [77.9926262, 27.9808535], [77.9926169, 27.9808702], [77.9923535, 27.9813441], [77.9921447, 27.9817569], [77.9904592, 27.9850901], [77.9889197, 27.9881343], [77.9882228, 27.9894865], [77.9881138, 27.9896605], [77.9874715, 27.9906859], [77.9873802, 27.9908317], [77.9871887, 27.9912119], [77.9870271, 27.9915646], [77.9855301, 27.9962088], [77.9845591, 27.9992211], [77.9843753, 27.9997879], [77.9843628, 27.9998265], [77.9834958, 28.002511], [77.9833461, 28.0030348], [77.9832439, 28.0035176], [77.9832181, 28.0041305], [77.9832289, 28.0042649], [77.9832608, 28.0046021], [77.9832785, 28.0047008], [77.983356, 28.0051938], [77.983629, 28.0067068], [77.9836306, 28.0067197], [77.9836935, 28.0072368], [77.9836814, 28.0076812], [77.9836221, 28.0080609], [77.983583, 28.0082896], [77.9835775, 28.0083214], [77.98346, 28.0086755], [77.9831242, 28.009331], [77.9826343, 28.0099742], [77.9825833, 28.0100297], [77.9796091, 28.0132654], [77.9793754, 28.0135197], [77.9791772, 28.0137353], [77.9787173, 28.0142665], [77.9784863, 28.0147194], [77.9783699, 28.0151552], [77.9783606, 28.0156564], [77.9784368, 28.016142], [77.9786145, 28.0166014], [77.9786318, 28.0166159]], [[77.9786318, 28.0166159], [77.9788786, 28.0172228]], [[77.9788786, 28.0172228], [77.9790025, 28.0175124], [77.9791197, 28.0179067], [77.9791859, 28.0183154], [77.9791895, 28.018591], [77.9791549, 28.0189247], [77.9790197, 28.0193777], [77.97877, 28.0198506], [77.9784895, 28.0202554], [77.9781861, 28.0205579], [77.9777305, 28.0208726], [77.9772968, 28.0211128], [77.9767323, 28.0214013], [77.9760459, 28.0217795], [77.9756736, 28.0220063], [77.9752627, 28.0223083], [77.9752254, 28.0223357], [77.9748051, 28.0227304], [77.9742891, 28.0233259], [77.9721546, 28.0264765], [77.9716018, 28.027444], [77.9712987, 28.0282514], [77.9711773, 28.0287853], [77.9711485, 28.0293144], [77.9711324, 28.0295252]], [[77.9711324, 28.0295252], [77.9711378, 28.0297761]], [[77.9711378, 28.0297761], [77.9712048, 28.0303799], [77.9713148, 28.0308747], [77.9715455, 28.0314997], [77.9717761, 28.0319519], [77.9723796, 28.0328255], [77.9728437, 28.033318], [77.9741338, 28.0347645], [77.9747394, 28.0354688], [77.9752737, 28.0360903], [77.9756493, 28.0365804], [77.9759041, 28.0370515], [77.9761079, 28.0376883], [77.9762957, 28.0385619], [77.9765528, 28.0394598], [77.976644, 28.0398954], [77.9767057, 28.0404446], [77.9767674, 28.0412424], [77.9767486, 28.041981], [77.9766923, 28.0428072], [77.9766172, 28.0431978], [77.9765421, 28.0435197], [77.9764885, 28.0437872], [77.976231, 28.0446797], [77.9758823, 28.045558], [77.9753914, 28.0464575], [77.9748711, 28.0472837], [77.9738653, 28.0488152], [77.9730821, 28.050032], [77.9725433, 28.0506965], [77.9720873, 28.051241], [77.9716957, 28.0516481], [77.9712075, 28.0520505], [77.9704833, 28.0525168], [77.9690457, 28.053414], [77.9686085, 28.0536767], [77.968072, 28.0539276], [77.967675, 28.054072], [77.9671627, 28.0542211], [77.9665029, 28.0543348], [77.9650302, 28.0544794], [77.9643089, 28.0545502], [77.961109, 28.0548792], [77.9581157, 28.0551538], [77.9566324, 28.0553076], [77.9560155, 28.0553999], [77.955361, 28.055542], [77.9547427, 28.0557372], [77.9542425, 28.055923], [77.95395, 28.0560539], [77.9538697, 28.0560934], [77.95358, 28.0562284], [77.9530919, 28.056503], [77.9525769, 28.0568272], [77.9520646, 28.0572486], [77.9511634, 28.0580522], [77.9509721, 28.058223], [77.949774, 28.0592936], [77.9471345, 28.0615912], [77.9459332, 28.0627138], [77.9445859, 28.0639718], [77.9421706, 28.066199], [77.9413602, 28.0669347], [77.9399444, 28.0682202], [77.9390028, 28.0690622], [77.9370154, 28.0708614], [77.9369564, 28.0709182]], [[77.9369564, 28.0709182], [77.936664, 28.0712449], [77.9365084, 28.0714413]], [[77.9365084, 28.0714413], [77.9362402, 28.0719075], [77.9360739, 28.0722815], [77.9359505, 28.0727122], [77.9358728, 28.073318], [77.9358379, 28.0743996], [77.9358, 28.076801], [77.9358352, 28.0781695], [77.9358728, 28.0792771], [77.935848, 28.0800758], [77.9357286, 28.0851849], [77.9357123, 28.0859301], [77.9356837, 28.0872318]], [[77.9356837, 28.0872318], [77.9357025, 28.0874922]], [[77.9357025, 28.0874922], [77.9357002, 28.0875983], [77.935683, 28.0883842], [77.9355649, 28.0934811], [77.9355613, 28.0936596], [77.9354925, 28.0970823], [77.9354063, 28.0999206], [77.9353825, 28.1007024], [77.9353795, 28.1008352], [77.9353759, 28.1009905], [77.9353377, 28.1026616], [77.9353114, 28.1038073], [77.935294, 28.1045685], [77.9352511, 28.1062932], [77.9351787, 28.1068374], [77.9351251, 28.1070905], [77.9348515, 28.1079068], [77.9345333, 28.1087883], [77.9337089, 28.1110723], [77.933273, 28.1122347], [77.9331402, 28.1125887], [77.9327272, 28.1134759], [77.9323677, 28.1140886], [77.9319171, 28.1146659], [77.9302032, 28.116866], [77.9286989, 28.1188415], [77.9278992, 28.1198916], [77.9275868, 28.1203022], [77.926432, 28.1218196], [77.9247449, 28.1239959], [77.9240569, 28.1249604]], [[77.9240569, 28.1249604], [77.9237605, 28.1256164], [77.9236432, 28.1261414], [77.9235892, 28.1266562]], [[77.9235892, 28.1266562], [77.9235863, 28.1267737]], [[77.9235863, 28.1267737], [77.9238041, 28.1319181], [77.9238265, 28.1327939]], [[77.9238265, 28.1327939], [77.9238389, 28.1334772]], [[77.9238389, 28.1334772], [77.9238946, 28.1363153], [77.9239076, 28.1371886], [77.9239237, 28.139024], [77.9239612, 28.1415878], [77.9240095, 28.1431393], [77.9240578, 28.1439719], [77.9241919, 28.1449841], [77.9243716, 28.1459135], [77.9246452, 28.1470441], [77.9247605, 28.1473941], [77.9250851, 28.148385], [77.9254981, 28.1493854], [77.9258924, 28.1502013], [77.9263457, 28.1510598], [77.9268419, 28.1518142], [77.9270592, 28.1521729], [77.927263, 28.1525094], [77.9280918, 28.1535997], [77.9288268, 28.1545834], [77.9292113, 28.1551109]], [[77.9292113, 28.1551109], [77.9292613, 28.1551794], [77.9297468, 28.1559621], [77.9300284, 28.1565297], [77.9302376, 28.1571611], [77.9303771, 28.1577925], [77.9304361, 28.1585634], [77.9303985, 28.1593154], [77.9302457, 28.1600745], [77.9300659, 28.1609872], [77.9298299, 28.1618574], [77.9297316, 28.1622437]], [[77.9297316, 28.1622437], [77.9294624, 28.1633022], [77.9294521, 28.1633429], [77.9291406, 28.1645792], [77.928875, 28.1656054], [77.9287034, 28.1663597], [77.9284325, 28.1671589], [77.9281106, 28.1677832], [77.9279121, 28.1681142], [77.9275044, 28.1686486], [77.9271826, 28.1690245], [77.9269478, 28.1692406], [77.9266944, 28.1694738], [77.9261553, 28.1699089], [77.9255706, 28.170377], [77.9248061, 28.1709611], [77.9240927, 28.1714836], [77.9233953, 28.1719943], [77.9225047, 28.1726799], [77.9219362, 28.1730938], [77.9213032, 28.173588], [77.920638, 28.1740821], [77.9196456, 28.1747891], [77.9186236, 28.1755504], [77.9179531, 28.1760659], [77.9173174, 28.176508], [77.9163491, 28.1770991], [77.915582, 28.1774939], [77.9149732, 28.1777587], [77.9139968, 28.1781039], [77.9129266, 28.1783806], [77.911725, 28.1786169], [77.9104134, 28.178851], [77.9091769, 28.1790828], [77.9078009, 28.1793286], [77.9064115, 28.1795864], [77.905564, 28.17974], [77.9046145, 28.1799292], [77.9026833, 28.180295], [77.9019433, 28.1804332]], [[77.9019433, 28.1804332], [77.9009452, 28.1806196], [77.8991427, 28.1809718], [77.8985714, 28.1811302], [77.8978982, 28.1814045], [77.8971687, 28.1818371], [77.8966912, 28.1821942], [77.8961736, 28.1827474], [77.8961124, 28.1828255]], [[77.8961124, 28.1828255], [77.8958373, 28.1832115], [77.8954637, 28.1839996], [77.8952621, 28.1845337]], [[77.8952621, 28.1845337], [77.8950606, 28.1850678], [77.8948919, 28.1855148], [77.8944402, 28.186641], [77.8940873, 28.187548], [77.8936206, 28.1884038], [77.8930734, 28.1892927], [77.892012, 28.1909839], [77.890756, 28.1929853], [77.8890148, 28.1957973], [77.8873361, 28.1985146], [77.8867878, 28.1994188], [77.8861722, 28.2004177], [77.8853352, 28.2017861], [77.8831183, 28.2054461], [77.8825833, 28.2063292], [77.8820669, 28.2071669], [77.8817748, 28.2076408], [77.880695, 28.2093925], [77.8803248, 28.2100355], [77.8800894, 28.210564], [77.8799732, 28.210824], [77.8795094, 28.2118617], [77.879333, 28.2122563], [77.8787027, 28.2135468], [77.8780455, 28.2150382], [77.8775174, 28.216266], [77.8774479, 28.2164275], [77.8769433, 28.2174872], [77.8768498, 28.2177164], [77.8766929, 28.2180791], [77.8761376, 28.219288], [77.8756611, 28.2203436], [77.875561, 28.2205655], [77.8754403, 28.2208207], [77.8754261, 28.2208464], [77.8753075, 28.2211374], [77.8752284, 28.2213276], [77.8751353, 28.2215471], [77.8749905, 28.2221427], [77.8749548, 28.2226222], [77.8749555, 28.2227485], [77.8749581, 28.2232307], [77.8749587, 28.223264], [77.8749618, 28.2233093], [77.8749859, 28.2236699], [77.8750415, 28.2245013], [77.8751836, 28.2258649], [77.8753124, 28.2267936], [77.8755362, 28.227932], [77.8756664, 28.2285944], [77.8760124, 28.2298989], [77.8762458, 28.2309127], [77.8763906, 28.2317658], [77.876522, 28.2327819], [77.8766006, 28.2334018], [77.8767527, 28.2346015], [77.8769405, 28.2356555], [77.8771309, 28.2368866], [77.8772838, 28.2377444], [77.877442, 28.2384296], [77.8776888, 28.2393607]], [[77.8776888, 28.2393607], [77.8777264, 28.239519]], [[77.8777264, 28.239519], [77.8779222, 28.2400955], [77.8781287, 28.2406981], [77.8783514, 28.2413006], [77.8788449, 28.2424797], [77.8791614, 28.2432808], [77.8794651, 28.2440107], [77.8797729, 28.2447505], [77.8801225, 28.2456004], [77.8803856, 28.24624], [77.880422, 28.2463439], [77.8804601, 28.2464461], [77.8806285, 28.2468983], [77.8808101, 28.2473224], [77.8809352, 28.2476144], [77.8812589, 28.2483703], [77.8813348, 28.2485596], [77.8818505, 28.2498465], [77.8819138, 28.2500044], [77.8819643, 28.2501305], [77.8826295, 28.2517608], [77.8832276, 28.2532658], [77.8832512, 28.2533253], [77.883933, 28.2550425], [77.8848799, 28.2574453], [77.8851642, 28.2582249], [77.8854673, 28.2591369], [77.8857346, 28.2599588], [77.8857387, 28.2599715], [77.8857623, 28.2600335], [77.8859661, 28.2605426], [77.8863604, 28.2614781], [77.8866769, 28.2624326], [77.8869183, 28.2631626], [77.887015, 28.2635114], [77.8870444, 28.2636421], [77.8871731, 28.2644761], [77.8872241, 28.2650926], [77.887212, 28.2654841], [77.8872, 28.2658746], [77.8872161, 28.2671267], [77.8871812, 28.267755], [77.8871034, 28.2684519], [77.8869773, 28.2689267], [77.8868271, 28.2693236], [77.8865777, 28.2698717], [77.8862558, 28.2703914], [77.885926, 28.2708544], [77.8854619, 28.2714496], [77.8849335, 28.2721512], [77.8846251, 28.2725434], [77.8839733, 28.2734008], [77.8835387, 28.2739064], [77.8832671, 28.2743085]], [[77.8832671, 28.2743085], [77.8831848, 28.2744303]], [[77.8831848, 28.2744303], [77.8830264, 28.2746647], [77.8824122, 28.2755363], [77.8820743, 28.2759686], [77.8816907, 28.2763914], [77.8813769, 28.2767552], [77.8808833, 28.2772702], [77.880304, 28.2777732], [77.8800657, 28.2779614], [77.8796764, 28.2782527], [77.8788118, 28.2788554], [77.8780876, 28.2793007], [77.8774291, 28.2796385], [77.8769061, 28.2799195], [77.8757863, 28.280353], [77.8746182, 28.2807274], [77.8744948, 28.2807628], [77.8732288, 28.2811478], [77.870847, 28.2819084], [77.8704178, 28.2820572], [77.868433, 28.2826737], [77.8681326, 28.2827682], [77.8664933, 28.283239], [77.8651239, 28.2836771], [77.8639023, 28.284061], [77.8618235, 28.2847413], [77.8617378, 28.2847706], [77.8598377, 28.2854201], [77.8598041, 28.2854339], [77.8587971, 28.2858477], [77.8582644, 28.2861044], [77.8581805, 28.2861448], [77.857579, 28.2864349], [77.8571677, 28.2866252], [77.8569102, 28.2867693], [77.8562048, 28.2872984], [77.8557837, 28.2876928], [77.8554618, 28.2881747], [77.855148, 28.2888194], [77.8550488, 28.2891218], [77.8545448, 28.2914543]], [[77.8545448, 28.2914543], [77.8541927, 28.2929488]], [[77.8541927, 28.2929488], [77.8535543, 28.2960804], [77.8530137, 28.2984534], [77.8528516, 28.2991648], [77.8527439, 28.2996881], [77.8526397, 28.3001945], [77.8522954, 28.3018078], [77.8522159, 28.3021806], [77.8520335, 28.3030213], [77.8518402, 28.3038823], [77.851552, 28.305166], [77.8512101, 28.3066887], [77.850679, 28.3086629], [77.8502495, 28.3104146], [77.8501104, 28.3109818], [77.8497571, 28.3124851], [77.8494345, 28.3138579], [77.8488658, 28.3163467], [77.8485796, 28.3175775], [77.8481443, 28.3194494], [77.8480836, 28.3197081], [77.8476267, 28.3216547], [77.8470419, 28.3241646], [77.8467973, 28.3251823], [77.8463767, 28.3269317], [77.8457867, 28.3294344], [77.8454154, 28.3309971], [77.8452569, 28.3316419], [77.8444484, 28.3348117], [77.8440298, 28.3365501], [77.8438334, 28.3373655], [77.8437561, 28.3377239], [77.8436558, 28.3381418], [77.8435262, 28.3386772], [77.8434744, 28.338855], [77.8432241, 28.3399645], [77.8429663, 28.3410403], [77.8427566, 28.3419082], [77.8422519, 28.3437844], [77.8421704, 28.344089], [77.841184, 28.3480655], [77.8409991, 28.348829], [77.8405795, 28.350561], [77.8405649, 28.3506211], [77.8400896, 28.3525835], [77.8398412, 28.3536246], [77.8398188, 28.3537184], [77.8394731, 28.3551674], [77.8391643, 28.3564613], [77.8391156, 28.3566656], [77.8389191, 28.3574871], [77.8387849, 28.358048], [77.8385228, 28.3591439], [77.8384612, 28.3593888], [77.8379622, 28.361372], [77.8373373, 28.363881], [77.8367713, 28.3661916], [77.8363368, 28.3679428], [77.8361947, 28.3684856], [77.8359694, 28.3690473], [77.8352452, 28.370789], [77.834462, 28.3726204], [77.8342367, 28.3729933], [77.8338665, 28.3734582], [77.8336053, 28.3736666], [77.8333193, 28.3738948], [77.8325957, 28.3742503], [77.8325173, 28.3742856], [77.8314713, 28.3747108], [77.8312621, 28.3747987], [77.8304977, 28.3751952], [77.8297735, 28.3756908], [77.8284029, 28.3768164], [77.8273541, 28.3777038], [77.827043, 28.3779728]], [[77.827043, 28.3779728], [77.8268418, 28.3781993]], [[77.8268418, 28.3781993], [77.8266621, 28.3784141], [77.8262598, 28.3790182], [77.8261767, 28.3791811], [77.8259299, 28.3796648], [77.8256214, 28.3803917], [77.8248033, 28.3826004], [77.8245733, 28.3831582]], [[77.8245733, 28.3831582], [77.8244841, 28.3833745], [77.8244482, 28.3834579]], [[77.8244482, 28.3834579], [77.8244123, 28.3835412], [77.8241945, 28.384047], [77.823937, 28.3846747], [77.8234274, 28.3856492], [77.8232021, 28.3863383], [77.8230814, 28.3868574], [77.8229875, 28.3874709], [77.8229848, 28.3881057], [77.8229928, 28.3885139], [77.8230787, 28.3890378], [77.8233415, 28.3900359], [77.8234381, 28.3905715], [77.8234488, 28.390975], [77.8234327, 28.3912971], [77.8233637, 28.3919532], [77.8233469, 28.3921135], [77.8232637, 28.3929771], [77.8231565, 28.3935906], [77.8229955, 28.3940436], [77.8224269, 28.3953768], [77.8220111, 28.3962663]], [[77.8220111, 28.3962663], [77.8219629, 28.3963819]], [[77.8219629, 28.3963819], [77.8217215, 28.3970543], [77.8214398, 28.3979462], [77.8207183, 28.4003458], [77.8200505, 28.4023559], [77.8193214, 28.4044041], [77.8186798, 28.4062063], [77.8180067, 28.4081495], [77.8178618, 28.4085679], [77.8171161, 28.4107148], [77.8165587, 28.4121217], [77.8159655, 28.4136189], [77.814745, 28.4168649], [77.8144285, 28.4176151], [77.8141845, 28.4181152], [77.8139208, 28.4185183], [77.813619, 28.418927], [77.8131838, 28.4193639]], [[77.8131838, 28.4193639], [77.8131019, 28.4194319], [77.8124519, 28.4199851], [77.812308, 28.4200972], [77.8121895, 28.4201794], [77.8119234, 28.4203468], [77.8109524, 28.4208563], [77.809787, 28.4213662], [77.8093726, 28.4215475], [77.8082943, 28.4220075], [77.8072858, 28.4223802], [77.8059528, 28.4228284], [77.8028709, 28.423779], [77.8021597, 28.4239764], [77.8020814, 28.4239981], [77.8015845, 28.424136], [77.7997944, 28.4246329], [77.7994664, 28.4247215], [77.7967823, 28.4254467], [77.7966535, 28.4254824], [77.7949325, 28.4259594], [77.7933866, 28.4263879], [77.7919015, 28.4268043]], [[77.7919015, 28.4268043], [77.7918077, 28.4268296]], [[77.7918077, 28.4268296], [77.7905596, 28.4271946], [77.7896056, 28.4274463], [77.7877152, 28.427945]], [[77.7877152, 28.427945], [77.787475, 28.4280084], [77.7863996, 28.4283089], [77.784656, 28.4287962], [77.7843741, 28.428875]], [[77.7843741, 28.428875], [77.7842644, 28.4289057]], [[77.7842644, 28.4289057], [77.7836556, 28.429076], [77.7824888, 28.4294024], [77.7812355, 28.4297696]], [[77.7812355, 28.4297696], [77.7806196, 28.42995], [77.7787928, 28.4304851], [77.778284, 28.4306319], [77.7762178, 28.4312281], [77.7757078, 28.4313796], [77.775483, 28.4314464], [77.773431, 28.432056], [77.7732908, 28.4320944], [77.7725397, 28.4323001], [77.7714757, 28.4325914], [77.7713934, 28.4326122], [77.7710935, 28.4326881], [77.7707427, 28.4327694], [77.7700555, 28.4329287], [77.7689772, 28.4332211]], [[77.7689772, 28.4332211], [77.7687707, 28.4332825]], [[77.7687707, 28.4332825], [77.7687456, 28.4332912], [77.766519, 28.4339276], [77.7644509, 28.4345226], [77.7640433, 28.4346399], [77.7628208, 28.4349895], [77.7606566, 28.4356084], [77.7594165, 28.435963], [77.7592589, 28.4360122], [77.7572198, 28.4366494], [77.755994, 28.4370079], [77.755619, 28.4371131], [77.7546041, 28.437398], [77.7537954, 28.437625], [77.7533386, 28.4377532], [77.7531517, 28.4378024], [77.7521209, 28.438074], [77.7514792, 28.4382215], [77.7509854, 28.438335], [77.7497349, 28.4386224], [77.7479881, 28.439024], [77.7465127, 28.4393631], [77.744379, 28.4398676], [77.7439732, 28.4399504]], [[77.7439732, 28.4399504], [77.7437339, 28.4399992]], [[77.7437339, 28.4399992], [77.7415823, 28.4404379], [77.7413291, 28.4404895], [77.7408422, 28.4405888], [77.7405641, 28.4406455], [77.7385375, 28.441036], [77.7367675, 28.4413771], [77.7363024, 28.441463], [77.7347806, 28.4417442], [77.7337679, 28.4419313], [77.7334244, 28.4419948], [77.7324956, 28.4421664], [77.7320627, 28.4422389], [77.7317433, 28.4422924], [77.7308311, 28.4424453], [77.7295856, 28.4426541], [77.7292124, 28.4427166], [77.7274356, 28.4430116], [77.7267165, 28.443131], [77.7259808, 28.4432805], [77.7251674, 28.4434804], [77.7247457, 28.4436265], [77.7243778, 28.4438147], [77.7239488, 28.4440758], [77.7236206, 28.4443073], [77.7235424, 28.4443538], [77.7232707, 28.4445291], [77.7227784, 28.4449108], [77.7223009, 28.4453765], [77.7217765, 28.4460665], [77.7214275, 28.4466427], [77.7212548, 28.4469188]], [[77.7212548, 28.4469188], [77.7211788, 28.4470706]], [[77.7211788, 28.4470706], [77.7207321, 28.4482748], [77.7200828, 28.4502222], [77.7200028, 28.4504623], [77.7198913, 28.4508078], [77.7193288, 28.4525503], [77.718589, 28.4546683], [77.7181783, 28.4558417], [77.7178307, 28.4568349], [77.7175701, 28.4575178], [77.7174556, 28.4577456], [77.7174462, 28.4577644], [77.7172805, 28.4580941], [77.7169724, 28.4585247], [77.71638, 28.4591681], [77.7150636, 28.4605407], [77.7141606, 28.461455], [77.713605, 28.4619688], [77.7130611, 28.4623875], [77.7125875, 28.4627522], [77.711934, 28.4631382], [77.7113285, 28.4634665], [77.7106018, 28.4637948], [77.7099054, 28.4640654], [77.7085693, 28.4644506], [77.7083062, 28.4645265], [77.7044269, 28.4656883], [77.703655, 28.4659195], [77.7029, 28.4661456], [77.7019377, 28.4664079], [77.7017724, 28.466453], [77.7008368, 28.4666492], [77.6998528, 28.4667934], [77.6992422, 28.46684], [77.6982633, 28.4668621], [77.6971077, 28.4668067]], [[77.6971077, 28.4668067], [77.6969008, 28.4667867]], [[77.6969008, 28.4667867], [77.6962675, 28.4666914], [77.6954853, 28.4665494], [77.6940976, 28.4661923], [77.6930353, 28.4658019], [77.6920739, 28.4653952], [77.6917612, 28.4652629], [77.6907841, 28.4648218], [77.689085, 28.4640549], [77.688857, 28.463952], [77.6869366, 28.4631103], [77.6862959, 28.4628295], [77.6854155, 28.4624437], [77.6846234, 28.4621093], [77.6842262, 28.4619416], [77.6840126, 28.4618514], [77.6834576, 28.4616673], [77.6826678, 28.4615032], [77.6823708, 28.4614618], [77.6820758, 28.4614477], [77.6816137, 28.4614608], [77.6810734, 28.4614993], [77.6806351, 28.461565], [77.6805499, 28.4615769], [77.6802425, 28.4616493], [77.6799609, 28.4617188], [77.6796082, 28.4618544], [77.6789872, 28.462168], [77.6782534, 28.4626997], [77.6774646, 28.4633304], [77.6764973, 28.4641038], [77.6759191, 28.4645786], [77.6755032, 28.4649201], [77.6751426, 28.4651682], [77.6749194, 28.4653218], [77.6740054, 28.4659506], [77.6737269, 28.4661422], [77.671827, 28.4674842], [77.6704191, 28.4684756], [77.6702809, 28.4685731], [77.6692128, 28.4693269], [77.6690684, 28.4694288], [77.6690286, 28.4694569], [77.6680524, 28.4701458], [77.6657185, 28.4717915], [77.6630263, 28.4737056], [77.6612269, 28.4749836], [77.6593075, 28.4763468], [77.6570897, 28.4779237], [77.6549022, 28.4794695]], [[77.6549022, 28.4794695], [77.6524913, 28.4811764], [77.6496276, 28.4832039]], [[77.6496276, 28.4832039], [77.6487317, 28.4838376], [77.6480112, 28.4843471], [77.6476042, 28.4846371], [77.6465931, 28.4853574], [77.6458916, 28.4858572], [77.6442895, 28.4870004], [77.6421272, 28.4885387], [77.6419097, 28.4886996], [77.6407712, 28.4895423], [77.6390817, 28.4907591], [77.6383703, 28.4912708], [77.6379343, 28.4915844], [77.6377846, 28.4916921], [77.6370514, 28.4921463], [77.6368836, 28.4922503], [77.635624, 28.4931503], [77.6334581, 28.4947058], [77.6326793, 28.4952636], [77.6312222, 28.4963073], [77.6307179, 28.496667], [77.6303253, 28.4969447], [77.6296504, 28.4974222], [77.6288477, 28.4979901], [77.6286529, 28.4981279], [77.6285061, 28.4982187], [77.6284357, 28.4982623], [77.6277341, 28.4986967], [77.6271956, 28.4989832], [77.6270734, 28.4990797], [77.6268548, 28.4992524], [77.6265979, 28.4995085], [77.6262888, 28.4997802], [77.6261582, 28.4998949], [77.625786, 28.5001709], [77.6244021, 28.501197], [77.62388, 28.5015691], [77.6224434, 28.5025928]], [[77.6224434, 28.5025928], [77.6220747, 28.5028725], [77.6218065, 28.503076], [77.6215937, 28.5032374]], [[77.6215937, 28.5032374], [77.6201018, 28.5043227], [77.6195682, 28.5047086], [77.6188742, 28.5052105], [77.6180912, 28.5058335], [77.6170341, 28.5066887], [77.6156436, 28.5077039], [77.6153693, 28.5079042], [77.6153273, 28.507935], [77.615223, 28.5080115], [77.6147543, 28.5083551], [77.6141717, 28.5087993], [77.6138324, 28.5090598], [77.6126093, 28.5099009], [77.6121385, 28.5102006], [77.6114371, 28.5106259], [77.611394, 28.5106496], [77.6107585, 28.5109983], [77.6100813, 28.511432], [77.6093759, 28.5118881], [77.6082153, 28.5126176], [77.6068696, 28.5134979]], [[77.6068696, 28.5134979], [77.6066703, 28.5136283]], [[77.6066703, 28.5136283], [77.6063858, 28.5138144], [77.6039454, 28.5154183], [77.6037618, 28.5155349], [77.6018223, 28.5167662], [77.6015598, 28.5169329], [77.6012482, 28.5171307], [77.5988967, 28.5186629], [77.5956511, 28.5208088], [77.5941448, 28.5217978], [77.5938958, 28.5219613], [77.5936756, 28.5221203], [77.5934572, 28.522278], [77.5918899, 28.5234098], [77.5917569, 28.5235059], [77.5905144, 28.5243252]], [[77.5905144, 28.5243252], [77.5904158, 28.5243903], [77.5903893, 28.5244078]], [[77.5903893, 28.5244078], [77.5903485, 28.5244347], [77.5894382, 28.5250167], [77.5890776, 28.5252472], [77.5887835, 28.5254352], [77.5881698, 28.5258276], [77.5863075, 28.5271016], [77.58614, 28.5272098], [77.5848497, 28.5280766], [77.5844966, 28.5283138], [77.5844206, 28.5283647], [77.5834492, 28.5290152], [77.5824376, 28.5297006], [77.5817653, 28.5301685], [77.5809632, 28.5308197], [77.5802527, 28.5315057], [77.5798164, 28.5321608]], [[77.5798164, 28.5321608], [77.5796562, 28.5324555]], [[77.5796562, 28.5324555], [77.5794313, 28.5328475], [77.5789027, 28.5343233], [77.5785475, 28.5354679], [77.57835, 28.536312], [77.5781457, 28.5371631], [77.5780496, 28.5378009], [77.5779723, 28.5385715], [77.5778207, 28.5403876], [77.5777145, 28.5413058]], [[77.5777145, 28.5413058], [77.5776232, 28.5417149]], [[77.5776232, 28.5417149], [77.5773565, 28.5426953], [77.5764158, 28.5448803], [77.5756358, 28.5464947], [77.5747989, 28.5479797], [77.5742332, 28.5489442], [77.5741843, 28.5490168], [77.5739241, 28.5494031], [77.5730448, 28.5507085], [77.5713016, 28.5529734], [77.5704233, 28.5541144], [77.5692047, 28.5556931]], [[77.5692047, 28.5556931], [77.5690953, 28.5558348]], [[77.5690953, 28.5558348], [77.5688917, 28.5560986], [77.566699, 28.5589566], [77.5638256, 28.5626277], [77.5630182, 28.5637054]], [[77.5630182, 28.5637054], [77.56291, 28.5638498]], [[77.56291, 28.5638498], [77.5623864, 28.5645487], [77.5615011, 28.565688], [77.5606274, 28.5668429], [77.5606081, 28.5668685], [77.5603247, 28.567243], [77.559794, 28.5679182], [77.5596719, 28.5680736], [77.5595175, 28.56827], [77.5591656, 28.5687449], [77.5588973, 28.5691015], [77.5586321, 28.5694063], [77.5585823, 28.5694636], [77.5584538, 28.5696113], [77.5580002, 28.5701327], [77.5575475, 28.5705921], [77.5566155, 28.571538], [77.5554118, 28.5726843]], [[77.5554118, 28.5726843], [77.5547727, 28.573293]], [[77.5547727, 28.573293], [77.5544022, 28.5736459], [77.5541471, 28.573886], [77.5527169, 28.575232], [77.5513132, 28.5765353], [77.5510177, 28.5767704]], [[77.5510177, 28.5767704], [77.5509328, 28.5768355]], [[77.5509328, 28.5768355], [77.5507607, 28.576966], [77.5504918, 28.5771756], [77.5498763, 28.5775789], [77.5494795, 28.5777731], [77.5491936, 28.5779131], [77.54901, 28.5780029], [77.5484798, 28.5782149], [77.5476229, 28.5785018], [77.5469601, 28.5786619], [77.5463044, 28.5787679], [77.5456108, 28.5788282], [77.5449853, 28.5788288], [77.5442478, 28.5788136], [77.543916, 28.578772], [77.5433739, 28.5787076], [77.5432935, 28.5786937], [77.5425952, 28.5785725], [77.5418921, 28.5783708], [77.5410873, 28.5780902], [77.5401357, 28.5776454], [77.5395034, 28.5772672], [77.5388506, 28.576791], [77.5382175, 28.5762551], [77.5379753, 28.5760501], [77.5369409, 28.575055], [77.536539, 28.5746986], [77.536258, 28.5744494], [77.5358713, 28.5741878], [77.5353089, 28.5739423], [77.5349122, 28.5738585], [77.5348651, 28.573856]], [[77.5348651, 28.573856], [77.5347528, 28.5738502]], [[77.5347528, 28.5738502], [77.5345741, 28.5738409], [77.5343097, 28.5738556], [77.5338561, 28.5739232], [77.5333296, 28.5741141], [77.5329544, 28.5743863], [77.5326536, 28.5746771], [77.5324518, 28.5748777], [77.5322975, 28.575032], [77.5319671, 28.5753693], [77.5312407, 28.5760881], [77.5310272, 28.576305], [77.5308216, 28.5765088], [77.530594, 28.5767344], [77.5295729, 28.5777505], [77.5294421, 28.5778802], [77.5290484, 28.5782706], [77.5288813, 28.5784476], [77.5279617, 28.5793097], [77.5277649, 28.5794941], [77.527269, 28.5799588], [77.5271323, 28.580087], [77.5270242, 28.5801856], [77.5263858, 28.5807673], [77.5256519, 28.5814362], [77.5253289, 28.5817305], [77.5249801, 28.5820559], [77.5244668, 28.5825348], [77.5242957, 28.5827001], [77.5242095, 28.5827799], [77.5235141, 28.5834236], [77.5227226, 28.5841624], [77.5222328, 28.5846195], [77.5218905, 28.5849391], [77.5217107, 28.5851069], [77.5215173, 28.5852997], [77.5209876, 28.585778], [77.5208508, 28.5859014], [77.5207213, 28.5860209], [77.5202656, 28.5864414], [77.519883, 28.5867944], [77.5197689, 28.5868996], [77.5196555, 28.5870052], [77.5192022, 28.5874273], [77.5177091, 28.5888178], [77.5175864, 28.5889299], [77.516809, 28.5896396], [77.5168056, 28.5896435]], [[77.5168056, 28.5896435], [77.5167195, 28.5897434]], [[77.5167195, 28.5897434], [77.5167161, 28.5897473], [77.5160659, 28.590386], [77.5158558, 28.5905925], [77.5142795, 28.5920645], [77.5142173, 28.5921226], [77.5141346, 28.5921998], [77.5139276, 28.5923931], [77.5137832, 28.5925266], [77.5130928, 28.5931649], [77.5119784, 28.5941656], [77.5119057, 28.5942348], [77.5104297, 28.5956397], [77.5102069, 28.5958444], [77.5084198, 28.5974861], [77.5083041, 28.5975875], [77.5082114, 28.5976686], [77.5070318, 28.5988024], [77.5066368, 28.599177], [77.5061133, 28.5996559], [77.5060558, 28.5997085], [77.5060206, 28.5997407], [77.5052912, 28.600408], [77.504881, 28.6007664], [77.5045068, 28.6011524], [77.5044074, 28.6012443], [77.5041188, 28.6015128], [77.5029778, 28.6025728], [77.5026334, 28.6028895], [77.5017619, 28.6036911]], [[77.5017619, 28.6036911], [77.5013559, 28.6040645], [77.5011289, 28.6042851], [77.5007235, 28.6046554], [77.4996747, 28.6056133]], [[77.4996747, 28.6056133], [77.4994502, 28.6058242], [77.498836, 28.6063883], [77.4979842, 28.6072047], [77.4979093, 28.607274], [77.497833, 28.6073446], [77.4974926, 28.6076592], [77.4970739, 28.6080462], [77.4961051, 28.6089416]], [[77.4961051, 28.6089416], [77.4958571, 28.6091708], [77.4951273, 28.6098356], [77.4940515, 28.6108157], [77.493924, 28.6109325], [77.4934997, 28.6113202], [77.4933361, 28.6114714], [77.4925725, 28.6121714], [77.4917294, 28.61294], [77.4912494, 28.6133928], [77.4910707, 28.613548], [77.4903313, 28.6141868], [77.4896231, 28.6148313], [77.4896035, 28.6148449]], [[77.4896035, 28.6148449], [77.4895582, 28.6148762]], [[77.4895582, 28.6148762], [77.4895209, 28.614902], [77.4886629, 28.6156994], [77.4884207, 28.6159245], [77.4876866, 28.6166067], [77.4870272, 28.617178], [77.4858529, 28.6182088], [77.4856482, 28.6183885], [77.4852484, 28.6187407], [77.4846958, 28.6192274], [77.484167, 28.6196932], [77.4840081, 28.6198332], [77.4837086, 28.620097], [77.4830888, 28.6205841], [77.4830168, 28.6206327], [77.4813903, 28.6217916], [77.4791173, 28.6234025], [77.4787111, 28.623689], [77.4769701, 28.6249154]], [[77.4769701, 28.6249154], [77.4767842, 28.6250399]], [[77.4767842, 28.6250399], [77.4764609, 28.6252742], [77.4758979, 28.625674], [77.4756011, 28.6258847], [77.4734284, 28.6274272], [77.4733901, 28.6274544], [77.472844, 28.6278361], [77.4726976, 28.6279384], [77.4725342, 28.6280547], [77.4719835, 28.6284465], [77.4718541, 28.6285386], [77.4716508, 28.6286856], [77.4705427, 28.6294871], [77.469909, 28.6299348], [77.4698001, 28.6300117], [77.4690867, 28.6305157], [77.4685269, 28.6309151], [77.4675271, 28.6316175], [77.4672174, 28.6318415], [77.4667893, 28.6321512], [77.4657916, 28.6328728], [77.4647554, 28.6336082], [77.4642382, 28.6339782], [77.4640171, 28.6341363], [77.4631724, 28.6347404], [77.462783, 28.6350189], [77.4625495, 28.6351859], [77.4625135, 28.6352116], [77.461615, 28.6358543], [77.4612173, 28.6361544], [77.4608847, 28.6363757]], [[77.4608847, 28.6363757], [77.4598468, 28.6371529]], [[77.4598468, 28.6371529], [77.4597926, 28.6370824], [77.4594685, 28.6366248]], [[77.4594685, 28.6366248], [77.4589654, 28.6359146], [77.4589593, 28.6358314], [77.4589927, 28.635758], [77.4590663, 28.6356964], [77.4591566, 28.6356758], [77.4592569, 28.6356817], [77.4593511, 28.6357325], [77.4596326, 28.6359534], [77.4598947, 28.6361019]], [[77.4598947, 28.6361019], [77.4603132, 28.6365505]], [[77.4603132, 28.6365505], [77.4606112, 28.636916]], [[77.4606112, 28.636916], [77.460821, 28.6372143], [77.4610397, 28.6375697], [77.4611882, 28.637838]], [[77.4611882, 28.637838], [77.4614772, 28.6383634], [77.4623224, 28.6398575], [77.4626564, 28.6404282]], [[77.4626564, 28.6404282], [77.4628436, 28.6407285], [77.4631647, 28.6412109], [77.4637429, 28.6420402], [77.4650403, 28.6437733]], [[77.4650403, 28.6437733], [77.4651995, 28.643986]], [[77.4651995, 28.643986], [77.4652615, 28.6440688]], [[77.4652615, 28.6440688], [77.4656143, 28.64454], [77.4661702, 28.6452826], [77.4661792, 28.6452946], [77.4677425, 28.6473881], [77.467979, 28.6477115], [77.4695908, 28.6498757], [77.4698026, 28.6501656], [77.4699226, 28.6503298], [77.4700225, 28.6504671]], [[77.4700225, 28.6504671], [77.4701465, 28.6506367], [77.4702416, 28.6507667], [77.4703725, 28.6509457]], [[77.4703725, 28.6509457], [77.4705049, 28.6511267]], [[77.4705049, 28.6511267], [77.4707859, 28.6514974], [77.4708644, 28.6516009]], [[77.4708644, 28.6516009], [77.4712742, 28.6521414], [77.4716813, 28.6527007]], [[77.4716813, 28.6527007], [77.4717317, 28.6527746], [77.4727377, 28.6542495], [77.4734349, 28.6554079]], [[77.4734349, 28.6554079], [77.4738548, 28.656041]], [[78.2407427, 27.8145009], [78.2421184, 27.8141198], [78.2433779, 27.8137933], [78.2442806, 27.8136271], [78.2452675, 27.8134612]], [[78.2452675, 27.8134612], [78.2455106, 27.8134204], [78.2457964, 27.8133543]], [[78.2457964, 27.8133543], [78.2459633, 27.8133157], [78.24645, 27.8131833], [78.2470508, 27.8130001], [78.2476375, 27.8127632], [78.2481106, 27.8125844], [78.2482988, 27.8124948], [78.2487964, 27.8122705], [78.2495764, 27.8119235], [78.2500125, 27.8117483], [78.250546, 27.8115398], [78.2509368, 27.8114243], [78.2513974, 27.8113439], [78.2518875, 27.8112832], [78.2522968, 27.8112448], [78.2525401, 27.8112221], [78.2540907, 27.8111172], [78.2549183, 27.8110539], [78.2553012, 27.8110246], [78.2556318, 27.8109976], [78.2558912, 27.8109765], [78.2564188, 27.8108947], [78.25707, 27.810735], [78.2580955, 27.8103975], [78.2596736, 27.8098345], [78.2612988, 27.8092547], [78.2638296, 27.808353], [78.2647274, 27.8081547], [78.2654724, 27.8080817], [78.2662225, 27.8080835], [78.2669071, 27.8081677], [78.267775, 27.8083255], [78.268517, 27.8084614], [78.2691475, 27.8085543], [78.2695123, 27.8085498], [78.2695524, 27.8085445], [78.2698717, 27.8085026], [78.2702338, 27.8084251], [78.270408, 27.8083638], [78.2706829, 27.8082153], [78.2711941, 27.8078762], [78.2719211, 27.8073405], [78.2723639, 27.8069152], [78.2724344, 27.8068269]], [[78.2724344, 27.8068269], [78.2725087, 27.8067336]], [[78.2725087, 27.8067336], [78.2726165, 27.8065985], [78.2735997, 27.8052176], [78.273863, 27.804941], [78.2739279, 27.8048836]], [[78.2739279, 27.8048836], [78.2740397, 27.8047847], [78.2742358, 27.8046362], [78.2743662, 27.8045578], [78.2744545, 27.8045173], [78.2746165, 27.8044539]], [[78.2746165, 27.8044539], [78.2757324, 27.8040173], [78.2772697, 27.8033357], [78.2776444, 27.80312], [78.2780686, 27.802823], [78.2793933, 27.801561], [78.2795386, 27.8014226], [78.2795902, 27.8013744], [78.2812173, 27.7998564], [78.282244, 27.7988935], [78.2825373, 27.7985614], [78.2829072, 27.7980257], [78.2832819, 27.7973038], [78.2837534, 27.7965152], [78.2843414, 27.7954314], [78.2847181, 27.7947645], [78.2855893, 27.7932498], [78.2859332, 27.7927749], [78.2862158, 27.7924556], [78.2866184, 27.79186], [78.2867041, 27.791665], [78.2868584, 27.791332], [78.2876, 27.7896458], [78.2881551, 27.7886481], [78.2890024, 27.7871469], [78.2901134, 27.7851914], [78.2904403, 27.7845946], [78.2914249, 27.7828479], [78.2923425, 27.7812182], [78.2926048, 27.7807565], [78.2932727, 27.7795727], [78.2938285, 27.7785875], [78.2951378, 27.7762769], [78.2957405, 27.7752076], [78.2966532, 27.7736183], [78.297748, 27.7717833], [78.2982188, 27.7709968], [78.2985119, 27.77061], [78.2998559, 27.7692888], [78.3015131, 27.767693], [78.3017752, 27.7674288], [78.3025412, 27.7666796], [78.3039738, 27.7653072], [78.3041851, 27.7651064], [78.30458, 27.7647306], [78.3057903, 27.7635784], [78.3071687, 27.7622485], [78.3094158, 27.7600785], [78.3095301, 27.7599772], [78.3112762, 27.7582778], [78.3122934, 27.7572882], [78.3136994, 27.755913], [78.314654, 27.7549768], [78.3150998, 27.7545395]], [[78.3150998, 27.7545395], [78.3152098, 27.7544316], [78.3157035, 27.7539998], [78.3160256, 27.7537609], [78.3163065, 27.7536009], [78.3168404, 27.7533362], [78.3174365, 27.7530503], [78.3177888, 27.7528614], [78.3181186, 27.7526564], [78.3184212, 27.7524355], [78.318763, 27.7521122], [78.3192886, 27.7515034], [78.3196132, 27.7510944], [78.3199228, 27.7507012], [78.3211118, 27.7492138], [78.3227124, 27.7472391], [78.3229303, 27.7469701]], [[78.3229303, 27.7469701], [78.3231854, 27.7466551], [78.3239035, 27.7457684], [78.3245226, 27.745006], [78.3256254, 27.7436152], [78.3257144, 27.7435082], [78.3273735, 27.7414696], [78.3276, 27.7411988], [78.3284125, 27.7401955], [78.32994, 27.738296], [78.3318341, 27.7359421], [78.3321745, 27.7355166], [78.3336097, 27.7337568], [78.3337665, 27.7335726], [78.3356685, 27.7312025], [78.3366314, 27.7299977], [78.3375017, 27.7289308], [78.3387755, 27.7273435], [78.3395992, 27.7263138], [78.3398736, 27.7259769], [78.3401484, 27.7256181]], [[78.3401484, 27.7256181], [78.3408233, 27.7248085], [78.3416346, 27.7237941], [78.3428665, 27.7222725], [78.3437164, 27.7212279], [78.3440969, 27.720746], [78.3443541, 27.7204204], [78.3446256, 27.7200912], [78.3457337, 27.7186989], [78.3465556, 27.717689]], [[78.3465556, 27.717689], [78.3466667, 27.7175527]], [[78.3466667, 27.7175527], [78.3468466, 27.7173335], [78.3471734, 27.7169472], [78.3473223, 27.7167688]], [[78.3473223, 27.7167688], [78.347453, 27.7166334]], [[78.347453, 27.7166334], [78.3479101, 27.7161388], [78.348025, 27.7160274], [78.3480648, 27.7159889], [78.3487096, 27.715357], [78.3495892, 27.7145005], [78.3499083, 27.7141897]], [[78.3499083, 27.7141897], [78.3501591, 27.7139461], [78.3502313, 27.713875], [78.3525172, 27.7116218]], [[78.3530064, 27.710947], [78.3523439, 27.7115957]], [[78.4080149, 27.6770772], [78.4078574, 27.6771672]], [[78.452197, 27.6557315], [78.451481, 27.6560479], [78.4502015, 27.656645], [78.4489525, 27.6571837], [78.4476911, 27.6577328], [78.4449771, 27.6589141], [78.4441468, 27.6593188], [78.4430899, 27.6597971], [78.442484, 27.6600648], [78.44135, 27.6605803], [78.4405554, 27.6609443], [78.43891, 27.6616803], [78.4371728, 27.6624659], [78.4366114, 27.6627444], [78.436252, 27.6629226], [78.4361985, 27.6629524], [78.4358553, 27.6631193], [78.4353137, 27.6633738], [78.4350907, 27.6634725], [78.4339689, 27.6639799], [78.4337374, 27.6640813], [78.4332249, 27.6643092], [78.4322521, 27.6647662], [78.4312878, 27.6652197], [78.4296514, 27.665976], [78.4287912, 27.666363], [78.4283052, 27.6665788], [78.4278399, 27.6667937], [78.4269024, 27.6672213], [78.4250282, 27.6680865], [78.4247793, 27.6682014], [78.4228149, 27.6690909], [78.4217565, 27.6695811], [78.4206734, 27.6700521], [78.4203647, 27.6701982], [78.4201889, 27.6702719], [78.4200829, 27.6703185], [78.4191281, 27.6707513], [78.4182829, 27.6711421], [78.41763, 27.6715031], [78.4173052, 27.671693], [78.41555, 27.6727182], [78.4138089, 27.6737219], [78.4129053, 27.6742408], [78.4120278, 27.6747537], [78.4107318, 27.6754966], [78.4093729, 27.676267], [78.4080625, 27.6770502], [78.4080149, 27.6770772]], [[78.4524464, 27.6556056], [78.452197, 27.6557315]], [[78.4945451, 27.6371335], [78.4924512, 27.6380481], [78.4919232, 27.6382812], [78.4913859, 27.6385131], [78.4904936, 27.638899], [78.4895947, 27.6393016], [78.4885409, 27.6397735], [78.4875056, 27.6402321], [78.4854677, 27.6411333], [78.4836791, 27.6419252], [78.4811327, 27.6430358], [78.4786122, 27.6441307], [78.4784024, 27.6442241], [78.4780409, 27.6443852], [78.4771389, 27.6447893], [78.4762074, 27.6451811], [78.4740398, 27.6461293], [78.4736019, 27.646334], [78.4721936, 27.6469317], [78.472091, 27.6469752], [78.4706039, 27.6476324], [78.4701118, 27.647836], [78.4689125, 27.6483676], [78.4677189, 27.6489025], [78.4661197, 27.6495952], [78.4658379, 27.6497244], [78.4642294, 27.6504322], [78.4624742, 27.6511999], [78.4617725, 27.651518], [78.4610859, 27.6518174], [78.4597237, 27.6524167], [78.458983, 27.6527463], [78.4582576, 27.6530675], [78.4579661, 27.653202], [78.4577535, 27.6532856], [78.4575259, 27.6533882], [78.4565395, 27.6538249], [78.4555578, 27.654255], [78.4535864, 27.6551326], [78.4524464, 27.6556056]], [[78.4946256, 27.6371003], [78.4945451, 27.6371335]], [[78.5177426, 27.6266591], [78.5174245, 27.6267887], [78.5173251, 27.6268325], [78.5166392, 27.6271343], [78.516313, 27.6272838], [78.515084, 27.6278445], [78.5135402, 27.6285433], [78.5121793, 27.6291564], [78.510849, 27.6297527], [78.5104463, 27.6299366], [78.5092904, 27.630475], [78.5089864, 27.6306078], [78.507657, 27.6312143], [78.5063544, 27.6317886], [78.5059775, 27.6319595], [78.50538, 27.6322049], [78.5045645, 27.6325926], [78.5037386, 27.6329857], [78.5029551, 27.6333601], [78.5021344, 27.6337332], [78.5005644, 27.6344314], [78.4985349, 27.6353443], [78.4976122, 27.6357609], [78.4971482, 27.6359544], [78.4966244, 27.6361843], [78.4956367, 27.6366334], [78.4946596, 27.6370814], [78.4946256, 27.6371003]], [[78.5220683, 27.6246794], [78.5215111, 27.6249403], [78.5197878, 27.6257486], [78.5194496, 27.6259057], [78.5177426, 27.6266591]], [[78.5263195, 27.6226564], [78.5261894, 27.6227235], [78.5253933, 27.6230896], [78.5251749, 27.6232007], [78.5247301, 27.6234116], [78.5233502, 27.624073], [78.5230654, 27.6242114], [78.5229094, 27.6242872], [78.5224773, 27.6244865], [78.5224297, 27.6245077], [78.5222016, 27.6246086], [78.5220683, 27.6246794]], [[78.5316618, 27.6202137], [78.5312493, 27.6203573], [78.5308072, 27.6205133], [78.5302724, 27.6207401], [78.5281483, 27.6217691], [78.5263195, 27.6226564]], [[78.5361111, 27.6193276], [78.5335845, 27.619817], [78.5320141, 27.6201355], [78.5316618, 27.6202137]], [[78.5381273, 27.6189499], [78.5369532, 27.6191815], [78.5361111, 27.6193276]], [[78.5627616, 27.6138458], [78.562063, 27.6139943], [78.5619652, 27.614018], [78.5613839, 27.6141588], [78.5607474, 27.614289], [78.5601184, 27.6144316], [78.5588598, 27.6147055], [78.5574597, 27.6150061], [78.5558257, 27.6153534], [78.5556918, 27.615384], [78.5554322, 27.6154392], [78.5552947, 27.6154593], [78.5549215, 27.615546], [78.554296, 27.615684], [78.5534485, 27.6158649], [78.5522974, 27.6161177], [78.5519443, 27.6161937], [78.5515412, 27.6162901], [78.5508245, 27.6164375], [78.5501484, 27.6165851], [78.549101, 27.6167993], [78.5473992, 27.6171388], [78.546376, 27.6173467], [78.5449945, 27.6176157], [78.5446222, 27.617688], [78.5437747, 27.6178476], [78.5434707, 27.6179104], [78.5430883, 27.6179895], [78.541697, 27.6182639], [78.5403316, 27.6185313], [78.5397443, 27.618643], [78.5391755, 27.6187489], [78.5385053, 27.6188801], [78.5384279, 27.6188962], [78.5383936, 27.6189034], [78.5381273, 27.6189499]], [[78.5627616, 27.6138458], [78.5630688, 27.6137887]], [[78.5878471, 27.6043731], [78.5872999, 27.6046393], [78.5868171, 27.6048532], [78.585948, 27.6051812], [78.5856637, 27.6052763], [78.5851595, 27.6054189], [78.5846284, 27.6055211], [78.5841483, 27.6055924], [78.5837567, 27.6056471], [78.5835367, 27.6056708], [78.5830888, 27.605678], [78.5821018, 27.605678], [78.5806292, 27.6056518], [78.5791862, 27.6056019], [78.5785156, 27.6056043], [78.577998, 27.6056352], [78.5773516, 27.6056922], [78.5767427, 27.6057849], [78.5763162, 27.60588], [78.575812, 27.6060036], [78.5753989, 27.6061177], [78.5749242, 27.6062769], [78.5745822, 27.6064124], [78.574149, 27.6066061], [78.5737306, 27.6068105], [78.5733604, 27.6070149], [78.573052, 27.6071825], [78.5726872, 27.6074273], [78.5724083, 27.6076127], [78.57214, 27.6078219], [78.5718182, 27.6080833], [78.5714883, 27.6083685], [78.5710645, 27.608775], [78.5707748, 27.6090673], [78.5701713, 27.6096805], [78.5693774, 27.6104934], [78.5684842, 27.6114203], [78.5681516, 27.6117554], [78.5677037, 27.6121571], [78.5673657, 27.6124268], [78.5669614, 27.6126831], [78.5662701, 27.6130264], [78.5659526, 27.6131259], [78.5630688, 27.6137887]], [[78.588818, 27.6038953], [78.5878471, 27.6043731]], [[78.5919186, 27.6024097], [78.5913339, 27.6026902], [78.5906473, 27.6030158], [78.5899365, 27.6033474], [78.588818, 27.6038953]], [[78.5943836, 27.6012236], [78.5919186, 27.6024097]], [[78.6100182, 27.593591], [78.6098846, 27.5936769], [78.6094496, 27.593957], [78.6087736, 27.5944134], [78.608197, 27.5948033], [78.6076471, 27.5951622], [78.6069015, 27.5956495], [78.6062416, 27.5960774], [78.6059707, 27.5962295], [78.6057106, 27.5963531], [78.6053941, 27.5964744], [78.6050159, 27.5965671], [78.6044499, 27.5967026], [78.603774, 27.5968713], [78.6034977, 27.5969427], [78.6032939, 27.5970045], [78.6031008, 27.5970781], [78.6028004, 27.5972255], [78.6020708, 27.5975678], [78.6012323, 27.5979673], [78.6011334, 27.5980147], [78.601073, 27.5980432], [78.6004588, 27.5983451], [78.6000137, 27.5985448], [78.5991928, 27.5989132], [78.5976425, 27.5996596], [78.5963336, 27.6002847], [78.5953438, 27.6007768], [78.5943836, 27.6012236]], [[78.61985, 27.5875815], [78.6192338, 27.5877765], [78.6185175, 27.588077], [78.6178338, 27.5884309], [78.615483, 27.589947], [78.6116413, 27.5924891], [78.6102284, 27.5934437], [78.6100182, 27.593591]], [[78.6201912, 27.5875071], [78.61985, 27.5875815]], [[78.6288952, 27.5885404], [78.6271972, 27.5881642], [78.6258952, 27.5879114], [78.6244405, 27.5876545], [78.6232648, 27.5874394], [78.6224357, 27.5873524], [78.621788, 27.5873329], [78.6211012, 27.5873719], [78.6206424, 27.5874198], [78.6201912, 27.5875071]], [[78.630167, 27.5888305], [78.6288952, 27.5885404]], [[78.6498274, 27.5901297], [78.6441866, 27.5907237], [78.6433543, 27.5907852], [78.6424208, 27.5908372], [78.6414854, 27.5908513], [78.6405178, 27.5908136], [78.6393554, 27.5907191], [78.6383823, 27.590606], [78.6371351, 27.590384], [78.6357123, 27.5900853], [78.630167, 27.5888305]], [[78.6501065, 27.5901012], [78.6498274, 27.5901297]], [[78.6643165, 27.5886178], [78.6556321, 27.5895244], [78.6501065, 27.5901012]], [[78.6647746, 27.5885692], [78.6643165, 27.5886178]], [[78.6703566, 27.5879751], [78.6647746, 27.5885692]], [[78.6711439, 27.5878918], [78.6703566, 27.5879751]], [[78.6778615, 27.5871949], [78.6711439, 27.5878918]], [[78.6785196, 27.5871118], [78.6778615, 27.5871949]], [[78.6864316, 27.5832751], [78.6856735, 27.5840038], [78.6847256, 27.5847688], [78.6840442, 27.5851995], [78.683402, 27.5855711], [78.6825269, 27.586013], [78.6815971, 27.586397], [78.6801693, 27.5868204], [78.6792557, 27.5870169], [78.6785196, 27.5871118]], [[78.6865627, 27.5831543], [78.6864316, 27.5832751]], [[78.6954036, 27.5738249], [78.693938, 27.5752573], [78.6933561, 27.5758638], [78.692658, 27.5766159], [78.6875566, 27.5820886], [78.6865627, 27.5831543]], [[78.6955844, 27.5736509], [78.6954036, 27.5738249]], [[78.700605, 27.5663948], [78.7004137, 27.5668142], [78.6997302, 27.5680308], [78.6991116, 27.5690945], [78.6983441, 27.570181], [78.6965675, 27.5725149], [78.6955844, 27.5736509]], [[78.700789, 27.5659731], [78.700605, 27.5663948]], [[78.7040691, 27.5532845], [78.7038976, 27.5552047], [78.7038126, 27.5559483], [78.7036154, 27.5568747], [78.7034281, 27.5577763], [78.7029042, 27.5598945], [78.7012012, 27.5649649], [78.700789, 27.5659731]], [[78.7040905, 27.5530475], [78.7040691, 27.5532845]], [[78.7054142, 27.5416156], [78.7051586, 27.5420738], [78.704969, 27.5425831], [78.7048313, 27.5432716], [78.7040905, 27.5530475]], [[78.705616, 27.5413323], [78.7054142, 27.5416156]], [[78.7120253, 27.5370579], [78.7108058, 27.5377901], [78.7066879, 27.5403037], [78.706096, 27.5407844], [78.705616, 27.5413323]], [[78.7524958, 27.5086176], [78.7518655, 27.5090208], [78.7512617, 27.5093921], [78.751173, 27.5094466], [78.749392, 27.5106028], [78.7487708, 27.5110079], [78.7485714, 27.5111379], [78.74682, 27.5122678], [78.7456768, 27.5130104], [78.7447402, 27.5136292], [78.7432362, 27.5146272], [78.7426212, 27.5150352], [78.7410973, 27.5160483], [78.7410359, 27.5160891], [78.7395794, 27.5170597], [78.7386112, 27.5177043], [78.7374842, 27.5184538], [78.7362531, 27.5192888], [78.7345741, 27.5204043], [78.7335416, 27.5211024], [78.732469, 27.5218099], [78.7312534, 27.5226214], [78.7302475, 27.5233017], [78.7283546, 27.5245626], [78.7274681, 27.5251584], [78.7271824, 27.5253511], [78.7270803, 27.5254183], [78.7268968, 27.525539], [78.7264998, 27.5258102], [78.7261511, 27.5260563], [78.7254889, 27.5265316], [78.7249106, 27.5269578], [78.7243859, 27.5273594], [78.7231468, 27.5283582], [78.7219896, 27.5293391], [78.7208146, 27.5303382], [78.7184061, 27.5324026], [78.7175923, 27.533091], [78.7166199, 27.5339147], [78.7162712, 27.5342101], [78.7154496, 27.5349054], [78.715347, 27.5349905], [78.7152609, 27.5350566], [78.7149523, 27.5352727], [78.7146269, 27.5354823], [78.7120253, 27.5370579]], [[78.7642126, 27.5010847], [78.7615874, 27.5028487], [78.7557817, 27.5064296], [78.7545874, 27.5071842], [78.7532307, 27.5081311], [78.7526352, 27.5085253], [78.7524958, 27.5086176]], [[78.7729211, 27.4955984], [78.7719579, 27.4962025], [78.7719185, 27.4962267], [78.7708732, 27.496868], [78.7697999, 27.4975298], [78.7684416, 27.4983893], [78.766422, 27.4996894], [78.7649317, 27.5006305], [78.7642126, 27.5010847]], [[78.7821814, 27.4904558], [78.779725, 27.491468], [78.77906, 27.4917641], [78.7787472, 27.4919089], [78.7783306, 27.4921335], [78.7775077, 27.4926345], [78.7770313, 27.4929162], [78.7753688, 27.4940002], [78.7729211, 27.4955984]], [[78.8182983, 27.4767341], [78.8175095, 27.4769174], [78.816387, 27.4771867], [78.8151943, 27.4774729], [78.8150457, 27.4775086], [78.8137323, 27.4779049], [78.8133604, 27.4780221], [78.8129282, 27.4781659], [78.8119595, 27.478524], [78.8104478, 27.4791124], [78.8087128, 27.479808], [78.8086906, 27.4798169], [78.8067166, 27.4805997], [78.805856, 27.4809423], [78.805174, 27.4812138], [78.8034656, 27.4819038], [78.8029586, 27.4821037], [78.8018396, 27.482556], [78.8003858, 27.4831461], [78.7995438, 27.4834863], [78.7969078, 27.4845474], [78.7964341, 27.4847333], [78.7956282, 27.4850495], [78.7930177, 27.4861086], [78.7916336, 27.4866684], [78.7897222, 27.487455], [78.7886901, 27.4878498], [78.7855824, 27.4890914], [78.7854548, 27.4891369], [78.7838394, 27.4897895], [78.7828019, 27.4902064], [78.7821814, 27.4904558]], [[78.8236374, 27.4729523], [78.8231502, 27.4734973], [78.8222359, 27.4745417], [78.8219689, 27.4748353], [78.821824, 27.4749896], [78.8215718, 27.4752321], [78.8211569, 27.4755744], [78.8209439, 27.4757288], [78.8206451, 27.4759109], [78.8203597, 27.4760602], [78.8200794, 27.4761935], [78.8198702, 27.4762827], [78.8196752, 27.4763612], [78.8194598, 27.4764372], [78.8190536, 27.4765565], [78.8182983, 27.4767341]], [[78.8267474, 27.4697765], [78.8263589, 27.4700804], [78.8253879, 27.4710091], [78.8237972, 27.4727757], [78.8236374, 27.4729523]], [[78.8268346, 27.4697147], [78.8267474, 27.4697765]], [[78.8281388, 27.46899], [78.8280157, 27.4690428], [78.827719, 27.4691865], [78.8271539, 27.4695132], [78.8268346, 27.4697147]], [[78.8282682, 27.4689341], [78.8281388, 27.46899]], [[78.8398177, 27.4667775], [78.8382599, 27.4670109], [78.8373747, 27.4671539], [78.8368695, 27.4672407], [78.8367327, 27.4672619], [78.8357129, 27.4674203], [78.8331349, 27.4678304], [78.8300381, 27.4683635], [78.8297469, 27.4684256], [78.8294533, 27.4685088], [78.829202, 27.4685787], [78.829021, 27.46864], [78.8286078, 27.4687939], [78.8282682, 27.4689341]], [[78.8468854, 27.4635782], [78.8453198, 27.4649447], [78.8447661, 27.4653486], [78.8446364, 27.4654345], [78.8444567, 27.465544], [78.843885, 27.4658421], [78.8436775, 27.4659414], [78.8434833, 27.4660203], [78.8433038, 27.4660812], [78.842881, 27.4662142], [78.8426024, 27.4662989], [78.8423591, 27.4663505], [78.8414083, 27.4665292], [78.8405114, 27.4666665], [78.8398177, 27.4667775]], [[78.8846627, 27.4441164], [78.8839088, 27.4443973], [78.8819291, 27.4451508], [78.881623, 27.4452663], [78.8812479, 27.4454078], [78.879403, 27.4461044], [78.8787289, 27.4463707], [78.8783463, 27.4465309], [78.8779173, 27.4467153], [78.8774869, 27.4469178], [78.8769365, 27.4471767], [78.8759595, 27.4476322], [78.8751218, 27.4480146], [78.8746639, 27.4482363], [78.873788, 27.4486474], [78.873412, 27.4488239], [78.8728555, 27.4490845], [78.8714927, 27.4497237], [78.8700975, 27.4503833], [78.8697407, 27.4505546], [78.8665818, 27.4520491], [78.8662491, 27.4522038], [78.8657036, 27.4524626], [78.8650471, 27.4527741], [78.8642406, 27.4531607], [78.864056, 27.4532453], [78.86255, 27.4539558], [78.8604547, 27.4549521], [78.8592828, 27.4555172], [78.858599, 27.4558385], [78.8575425, 27.4563453], [78.8571745, 27.4565145], [78.8560424, 27.4570412], [78.8557535, 27.457176], [78.8551878, 27.4574453], [78.8537217, 27.4581433], [78.8534229, 27.4582856], [78.8528757, 27.4585541], [78.8524519, 27.4587936], [78.8522668, 27.4589152], [78.8521583, 27.4589884], [78.8519826, 27.4591172], [78.8514047, 27.4596085], [78.8511691, 27.4598151], [78.8505329, 27.4603785], [78.849601, 27.4612185], [78.8494439, 27.461365], [78.8492252, 27.4615638], [78.8489916, 27.4617699], [78.8485698, 27.4621514], [78.847969, 27.4626869], [78.8468854, 27.4635782]], [[78.8917721, 27.4413625], [78.8913953, 27.4415309], [78.8905736, 27.4418606], [78.8882466, 27.4427611], [78.8858747, 27.4436595], [78.8846627, 27.4441164]], [[78.8955861, 27.4392386], [78.8947632, 27.4396882], [78.8945452, 27.4398088], [78.8940781, 27.4400733], [78.8935847, 27.4403501], [78.8926479, 27.4409087], [78.8925577, 27.4409609], [78.8922531, 27.441125], [78.8921387, 27.4411845], [78.8920183, 27.4412433], [78.8917721, 27.4413625]], [[78.8959535, 27.4390339], [78.8955861, 27.4392386]], [[78.9464976, 27.4096831], [78.945549, 27.4102143], [78.9443736, 27.4108645], [78.9436102, 27.4112868], [78.9429384, 27.4116558], [78.9416092, 27.4123868], [78.94018, 27.413165], [78.9389435, 27.4138406], [78.938385, 27.4141463], [78.9370425, 27.4148811], [78.9366831, 27.4150823], [78.9358677, 27.4155394], [78.9348653, 27.4161008], [78.9346874, 27.4162183], [78.9345333, 27.4163228], [78.9343683, 27.4164263], [78.9328288, 27.4172775], [78.9312865, 27.418143], [78.9307179, 27.4184715], [78.9300285, 27.4188406], [78.9291836, 27.4193072], [78.9289825, 27.4194179], [78.9287739, 27.4195394], [78.9280517, 27.4199739], [78.9273235, 27.420437], [78.9264853, 27.4209643], [78.9251643, 27.4218012], [78.923748, 27.4226985], [78.9237134, 27.4227209], [78.9233863, 27.4229324], [78.9226504, 27.4234083], [78.9225733, 27.4234582], [78.9214092, 27.4241844], [78.9207306, 27.4246153], [78.9195357, 27.4253783], [78.9190017, 27.425717], [78.918009, 27.4263465], [78.91773, 27.4265218], [78.9176514, 27.4265536], [78.9175139, 27.4266473], [78.9171707, 27.4268504], [78.9167561, 27.4271073], [78.9159711, 27.4275877], [78.9155821, 27.4278305], [78.9149599, 27.4282364], [78.9134297, 27.4292268], [78.9122173, 27.4300136], [78.9115636, 27.4304272], [78.9109915, 27.4307802], [78.9108843, 27.4308468], [78.9094426, 27.4316527], [78.9078862, 27.4325067], [78.907726, 27.4325918], [78.9075778, 27.4326781], [78.9071137, 27.4329489], [78.9063855, 27.4333601], [78.9050464, 27.4341184], [78.903979, 27.4347117], [78.9023427, 27.4356092], [78.9008622, 27.4364138], [78.8996834, 27.4370613], [78.8988948, 27.4374922], [78.8984533, 27.4377432], [78.8978139, 27.4380623], [78.8973843, 27.4382896], [78.8959535, 27.4390339]], [[78.9565911, 27.4041935], [78.9561438, 27.4043693], [78.9559279, 27.4044645], [78.9558069, 27.404528], [78.9556663, 27.4046013], [78.9553352, 27.4047853], [78.9545505, 27.4052199], [78.9527889, 27.4062065], [78.9525289, 27.4063458], [78.9501762, 27.4076556], [78.9495659, 27.407989], [78.9480637, 27.4088273], [78.9472583, 27.409271], [78.9464976, 27.4096831]], [[78.9580892, 27.4036912], [78.9565911, 27.4041935]], [[78.9689916, 27.4032422], [78.9688119, 27.4032374], [78.9686805, 27.4032303], [78.9685437, 27.403216], [78.9683345, 27.4031874], [78.9682218, 27.4031684], [78.9671302, 27.4028945], [78.9668915, 27.4028255], [78.9654243, 27.4024062], [78.9649455, 27.4022774], [78.9647286, 27.4022299], [78.9644517, 27.4021775], [78.9640614, 27.4021287], [78.9635688, 27.4021056], [78.9630619, 27.402125], [78.9627917, 27.4021546], [78.9625149, 27.4022013], [78.9622137, 27.4022647], [78.9620943, 27.4022957], [78.9619634, 27.4023349], [78.9584068, 27.4035846], [78.9580892, 27.4036912]], [[78.9727467, 27.4013515], [78.9719568, 27.4020421], [78.9717369, 27.4022254], [78.9712125, 27.402604], [78.9710891, 27.4026707], [78.9709765, 27.402735], [78.9708222, 27.402816], [78.9706559, 27.4028934], [78.9703301, 27.4030231], [78.9701436, 27.403085], [78.9699277, 27.403141], [78.9697145, 27.4031803], [78.9694288, 27.4032208], [78.9692008, 27.4032374], [78.9689916, 27.4032422]], [[78.9728533, 27.4012598], [78.9727467, 27.4013515]], [[78.9759198, 27.3984272], [78.9750561, 27.399319], [78.9748724, 27.3994976], [78.974741, 27.3996096], [78.9738759, 27.4003704], [78.9728533, 27.4012598]], [[78.976021, 27.3983266], [78.9759198, 27.3984272]], [[78.9827479, 27.3909356], [78.9819869, 27.3917688], [78.9816664, 27.3921284], [78.9807867, 27.3930917], [78.9789627, 27.3951088], [78.9781071, 27.3960423], [78.9773092, 27.3969103], [78.9767955, 27.3974735], [78.9765206, 27.3977819], [78.9760995, 27.3982498], [78.976021, 27.3983266]], [[78.9829686, 27.3906626], [78.9827479, 27.3909356]], [[78.9846852, 27.3880441], [78.9843674, 27.3886169], [78.9842628, 27.3887883], [78.9841528, 27.3889693], [78.9837371, 27.3896171], [78.9835788, 27.3898469], [78.9834461, 27.3900291], [78.9829686, 27.3906626]], [[78.9847617, 27.3878953], [78.9846852, 27.3880441]], [[78.9874962, 27.3805657], [78.9873634, 27.3809349], [78.9867589, 27.3826309], [78.9863992, 27.3836641], [78.9856591, 27.3857367], [78.9854586, 27.3862886], [78.9853158, 27.3866465], [78.9851048, 27.387168], [78.9850473, 27.3873046], [78.9850044, 27.3874082], [78.9848113, 27.3878083], [78.9847617, 27.3878953]], [[78.9878543, 27.3795345], [78.9874962, 27.3805657]], [[78.98895, 27.3775052], [78.9887193, 27.377766], [78.9885892, 27.3779422], [78.9884806, 27.378109], [78.9883062, 27.3784257], [78.9882056, 27.3786389], [78.9881413, 27.3787794], [78.9880635, 27.3789735], [78.9878543, 27.3795345]], [[78.9891136, 27.3773456], [78.98895, 27.3775052]], [[78.9944283, 27.3745592], [78.9933689, 27.375071], [78.9914216, 27.3760261], [78.9908597, 27.3763], [78.9905579, 27.3764512], [78.9901583, 27.3766561], [78.989823, 27.3768347], [78.9895695, 27.3769955], [78.9894247, 27.3770919], [78.9892209, 27.3772503], [78.9891136, 27.3773456]], [[79.0560025, 27.3402243], [79.0553458, 27.3405492], [79.0545474, 27.3409442], [79.0541943, 27.3411136], [79.0540176, 27.341198], [79.0524752, 27.3418948], [79.0500699, 27.3429433], [79.048891, 27.3434524], [79.0469841, 27.3443151], [79.0464154, 27.3445926], [79.0459673, 27.3448186], [79.0438309, 27.3458752], [79.0412662, 27.3471371], [79.0384631, 27.3485233], [79.0369103, 27.3492864], [79.0354834, 27.3499869], [79.0344051, 27.3505217], [79.0341489, 27.3506717], [79.0340615, 27.3507286], [79.0338227, 27.3508964], [79.0337217, 27.350974], [79.0336441, 27.351035], [79.0335374, 27.3511188], [79.0333491, 27.3512791], [79.0329036, 27.3516694], [79.0313708, 27.3530053], [79.0307877, 27.3535251], [79.0296837, 27.3544873], [79.0295653, 27.3545838], [79.0294819, 27.3546511], [79.0293541, 27.3547484], [79.0291794, 27.3548794], [79.0290105, 27.3549967], [79.0288863, 27.3550794], [79.0278517, 27.3557341], [79.0269791, 27.3562904], [79.0261076, 27.3568386], [79.0253048, 27.3573578], [79.0231714, 27.3587165], [79.0213318, 27.3598851], [79.0200869, 27.3606766], [79.0190513, 27.3613373], [79.0173929, 27.3623882], [79.0154282, 27.3636361], [79.0134436, 27.364909], [79.011654, 27.3661018], [79.0115065, 27.3661914], [79.0114017, 27.36625], [79.0112076, 27.3663552], [79.0110853, 27.3664207], [79.0109553, 27.3664879], [79.0084951, 27.3676922], [79.0047986, 27.3695011], [79.002854, 27.3704584], [79.0002626, 27.3717171], [78.9984423, 27.3725976], [78.9966777, 27.3734607], [78.9944283, 27.3745592]], [[79.0658268, 27.3356963], [79.064963, 27.3363051], [79.0647631, 27.3364344], [79.0645515, 27.3365586], [79.0642449, 27.336723], [79.0640003, 27.3368437], [79.0637713, 27.3369454], [79.0635737, 27.3370212], [79.0633603, 27.3370945], [79.0631965, 27.3371494], [79.0612563, 27.3377926], [79.0605805, 27.3380166], [79.0603087, 27.3381166], [79.0601146, 27.3381942], [79.0599342, 27.338271], [79.0598255, 27.3383244], [79.0594858, 27.3385038], [79.0593946, 27.3385538], [79.0584803, 27.3391088], [79.0581152, 27.3393118], [79.0579852, 27.3393807], [79.0578552, 27.3394428], [79.0577368, 27.3394928], [79.0566547, 27.3399417], [79.0564354, 27.3400348], [79.0560025, 27.3402243]], [[79.1111561, 27.3093097], [79.1108171, 27.3095805], [79.1096673, 27.3104924], [79.1094931, 27.3106297], [79.1092431, 27.3108269], [79.108774, 27.3111763], [79.1085128, 27.311371], [79.1083232, 27.311505], [79.107357, 27.312148], [79.1072561, 27.3122118], [79.1069563, 27.3123983], [79.1062716, 27.3128241], [79.1055863, 27.3132518], [79.1053787, 27.313369], [79.1051826, 27.3134725], [79.1049429, 27.3135951], [79.1038179, 27.314138], [79.1015273, 27.3152438], [79.0990332, 27.3164924], [79.0981153, 27.3169519], [79.0967243, 27.3176293], [79.0950522, 27.3184537], [79.0934508, 27.3192433], [79.089899, 27.3209865], [79.0879712, 27.3219576], [79.0864158, 27.3227658], [79.0848996, 27.3235245], [79.0830736, 27.3244257], [79.0804771, 27.3257284], [79.0790295, 27.3264859], [79.0781724, 27.3269431], [79.0775124, 27.3272952], [79.0771028, 27.3275211], [79.0769631, 27.3276056], [79.0765979, 27.327831], [79.0764465, 27.3279293], [79.0763592, 27.3279896], [79.0753976, 27.3286861], [79.0751902, 27.3288372], [79.0735203, 27.3300382], [79.0729209, 27.3304656], [79.0720533, 27.3310932], [79.0718936, 27.3312092], [79.070558, 27.3321779], [79.0692378, 27.3331438], [79.0680713, 27.3340114], [79.0669183, 27.3348894], [79.0661202, 27.3354811], [79.0658931, 27.3356495], [79.0658268, 27.3356963]], [[79.1115765, 27.3089739], [79.1111561, 27.3093097]], [[79.1590589, 27.2693965], [79.1581367, 27.2701909], [79.1565643, 27.2715743], [79.1555779, 27.2724322], [79.1548319, 27.2730857], [79.1540499, 27.2737907], [79.1529627, 27.2747901], [79.1520265, 27.2756411], [79.1506591, 27.2768853], [79.149775, 27.2777194], [79.1482014, 27.279208], [79.1473603, 27.2799897], [79.1472751, 27.2800594], [79.14654, 27.2806612], [79.1464017, 27.2807811], [79.1461427, 27.281006], [79.1457133, 27.2813685], [79.1446448, 27.2822755], [79.1444959, 27.2824053], [79.1444172, 27.2824727], [79.1426612, 27.2840233], [79.1423325, 27.2843054], [79.1422145, 27.2844028], [79.1399734, 27.2862344], [79.1388395, 27.2871342], [79.1387159, 27.2872341], [79.1379694, 27.2878424], [79.1377802, 27.2879916], [79.1373934, 27.288286], [79.1368813, 27.2886757], [79.1362318, 27.2892045], [79.1349518, 27.2901972], [79.1334822, 27.2913704], [79.1320191, 27.2925249], [79.1302498, 27.2939342], [79.128366, 27.2954411], [79.1265087, 27.2969309], [79.1246327, 27.2984782], [79.1237556, 27.2992272], [79.1225237, 27.3002161], [79.1215925, 27.300966], [79.1196889, 27.3024721], [79.1185824, 27.3033536], [79.1177257, 27.304032], [79.1176101, 27.3041235], [79.1164815, 27.3050262], [79.115994, 27.3054176], [79.1150477, 27.3061473], [79.1148962, 27.3062745], [79.1136167, 27.3073304], [79.1123, 27.308396], [79.1117685, 27.3088205], [79.1115765, 27.3089739]], [[79.1654688, 27.2643767], [79.1649967, 27.2645388], [79.164581, 27.2647582], [79.1638166, 27.2652636], [79.1607052, 27.2679291], [79.1601375, 27.2684545], [79.1595626, 27.2689543], [79.1590589, 27.2693965]], [[79.1658014, 27.264279], [79.1654688, 27.2643767]], [[79.1795763, 27.2639677], [79.1791186, 27.2642036], [79.1782386, 27.2645509], [79.1775368, 27.2647346], [79.1768066, 27.2648611], [79.1761713, 27.2649437], [79.1756288, 27.2649437], [79.1749745, 27.2649117], [79.1743684, 27.2648321], [79.1718509, 27.2645396], [79.1698328, 27.2643052], [79.16751, 27.2640763], [79.1669387, 27.2640834], [79.1663057, 27.2641717], [79.1658014, 27.264279]], [[79.1809686, 27.2632245], [79.1795763, 27.2639677]], [[79.185572, 27.2605953], [79.1842604, 27.2612986], [79.1828568, 27.26214], [79.1809686, 27.2632245]], [[79.1858643, 27.2604808], [79.185572, 27.2605953]], [[79.2019846, 27.2472807], [79.2017559, 27.2474812], [79.2010073, 27.2481307], [79.1990311, 27.2504441], [79.1977452, 27.251884], [79.1970411, 27.2526049], [79.1965958, 27.2530609], [79.1956134, 27.254113], [79.1948016, 27.2548785], [79.1933981, 27.2559744], [79.1892815, 27.259117], [79.1885358, 27.2595533], [79.1878384, 27.2597989], [79.1866288, 27.2601732], [79.1858643, 27.2604808]], [[79.20225, 27.2471034], [79.2019846, 27.2472807]], [[79.2086247, 27.2452989], [79.2079925, 27.2454348], [79.2037916, 27.2463215], [79.2030879, 27.2466216], [79.2023577, 27.2470314], [79.20225, 27.2471034]], [[79.274345, 27.2259937], [79.2737442, 27.2263323], [79.2730254, 27.2266328], [79.268809, 27.2278969], [79.2681256, 27.2280583], [79.2673176, 27.2283405], [79.2665827, 27.2285981], [79.2628545, 27.2302056], [79.2601473, 27.231371], [79.2592603, 27.231751], [79.2576188, 27.2324522], [79.2565995, 27.2328099], [79.2527318, 27.2341121], [79.2525572, 27.2341699], [79.2497653, 27.2350946], [79.2457688, 27.2364683], [79.2415792, 27.2378562], [79.2383552, 27.2387481], [79.236204, 27.2392585], [79.2263757, 27.2413827], [79.2195314, 27.2428928], [79.2141348, 27.2441137], [79.2086247, 27.2452989]], [[79.274624, 27.2258076], [79.274345, 27.2259937]], [[79.276818, 27.2232007], [79.2762977, 27.2239473], [79.2757773, 27.2246723], [79.2752624, 27.2252495], [79.274624, 27.2258076]], [[79.2768991, 27.223077], [79.276818, 27.2232007]], [[79.2835443, 27.2063563], [79.2833626, 27.206468], [79.2829764, 27.2067254], [79.2825901, 27.2070453], [79.2819947, 27.2076893], [79.2815816, 27.2083477], [79.2813241, 27.2090108], [79.281131, 27.2098362], [79.2807984, 27.2128322], [79.2806536, 27.2142348], [79.2803103, 27.2159379], [79.2799079, 27.2172116], [79.2790443, 27.2192772], [79.2782007, 27.2209242], [79.2778104, 27.2216862], [79.2768991, 27.223077]], [[79.283719, 27.2062488], [79.2835443, 27.2063563]], [[79.2915541, 27.2056092], [79.2898107, 27.2051607], [79.2887485, 27.2049937], [79.2875576, 27.2049699], [79.2869782, 27.2050128], [79.2862916, 27.2051178], [79.285385, 27.2053802], [79.2843711, 27.2058478], [79.283719, 27.2062488]], [[79.2919143, 27.2056995], [79.2915541, 27.2056092]], [[79.2978948, 27.2072599], [79.2919143, 27.2056995]], [[79.2985654, 27.2074222], [79.2978948, 27.2072599]], [[79.3079585, 27.2099268], [79.3073738, 27.2097694], [79.3026965, 27.2085003], [79.3016767, 27.2082237], [79.2985654, 27.2074222]], [[79.3082535, 27.2099984], [79.3079585, 27.2099268]], [[79.3124109, 27.2099221], [79.3120515, 27.2099936], [79.3114936, 27.210089], [79.3108982, 27.2101511], [79.3097556, 27.2101797], [79.309085, 27.210132], [79.3082535, 27.2099984]], [[79.3127221, 27.209841], [79.3124109, 27.2099221]], [[79.3459895, 27.1998553], [79.3447959, 27.1999173], [79.3435836, 27.1999268], [79.3413225, 27.2000127], [79.3396917, 27.2000986], [79.3377444, 27.200268], [79.335883, 27.2004254], [79.334279, 27.2005471], [79.3324015, 27.2007141], [79.3307921, 27.2008525], [79.3299419, 27.2009097], [79.329282, 27.200967], [79.3283433, 27.2010576], [79.3279664, 27.2011053], [79.327599, 27.2011829], [79.3273173, 27.2012496], [79.3270498, 27.2013391], [79.3268265, 27.2014357], [79.3263611, 27.201685], [79.3252856, 27.202341], [79.3246807, 27.2027203], [79.3238264, 27.2032523], [79.3232404, 27.2036185], [79.3226965, 27.2039566], [79.3219838, 27.2044111], [79.3210101, 27.2050415], [79.3190387, 27.2062795], [79.3180503, 27.2068807], [79.3145674, 27.2090967], [79.3135643, 27.2095595], [79.3127221, 27.209841]], [[79.3545994, 27.1991229], [79.3538162, 27.1993471], [79.3529659, 27.1995666], [79.3526226, 27.199643], [79.3523222, 27.1996883], [79.3520352, 27.1997074], [79.3511796, 27.1997312], [79.3494952, 27.1997694], [79.346467, 27.1998386], [79.3459895, 27.1998553]], [[79.3816067, 27.191659], [79.3803459, 27.1920016], [79.3784255, 27.1925694], [79.3756776, 27.193241], [79.3752793, 27.1933484], [79.3748474, 27.1935142], [79.3741983, 27.1937002], [79.3725944, 27.1941511], [79.3717233, 27.1944028], [79.3706947, 27.1947023], [79.3698974, 27.1949337], [79.3691987, 27.1951341], [79.3678864, 27.1954853], [79.367364, 27.1956231], [79.364529, 27.1964343], [79.3630832, 27.1968327], [79.3615463, 27.1972788], [79.3604547, 27.1975818], [79.3591377, 27.1979277], [79.357684, 27.1983094], [79.3562892, 27.1986792], [79.3557425, 27.1988227], [79.3545994, 27.1991229]], [[79.3873667, 27.190069], [79.3850505, 27.190699], [79.3833661, 27.1911809], [79.3816067, 27.191659]], [[79.4505214, 27.1734179], [79.4480019, 27.1747364], [79.4445341, 27.1764977], [79.4440909, 27.1767219], [79.4437616, 27.1768738], [79.4433144, 27.1770438], [79.442294, 27.1772933], [79.4391026, 27.1780384], [79.4351916, 27.178957], [79.4311505, 27.1799045], [79.4284226, 27.1805338], [79.4262476, 27.1810365], [79.4243566, 27.1814836], [79.4223935, 27.1819478], [79.4216155, 27.1821215], [79.4201575, 27.1824469], [79.4177893, 27.1829893], [79.4168889, 27.1831955], [79.4065992, 27.1855968], [79.4055719, 27.1858329], [79.404664, 27.1860416], [79.4014808, 27.1867504], [79.3994061, 27.1872159], [79.3987244, 27.1873688], [79.3981484, 27.1875032], [79.3967404, 27.1878317], [79.3954517, 27.1881716], [79.394976, 27.1882874], [79.3942117, 27.1884754], [79.3927692, 27.1887716], [79.3921948, 27.1888895], [79.3899429, 27.1894058], [79.3888754, 27.1896683], [79.3875772, 27.1900118], [79.3873667, 27.190069]], [[79.4506842, 27.173335], [79.4505214, 27.1734179]], [[79.4639537, 27.1664657], [79.4634157, 27.166747], [79.4625929, 27.1671772], [79.4621542, 27.1674082], [79.4600926, 27.1684937], [79.4572915, 27.1699369], [79.4538968, 27.1716802], [79.4517182, 27.1728004], [79.4507664, 27.1732897], [79.4506842, 27.173335]], [[79.4702769, 27.163162], [79.4670893, 27.1648261], [79.4668811, 27.164935], [79.4639537, 27.1664657]], [[79.4732891, 27.1615744], [79.4729963, 27.1617293], [79.4728762, 27.1617929], [79.4712117, 27.162674], [79.4709898, 27.1627898], [79.4705877, 27.1629997], [79.4702769, 27.163162]], [[79.4818387, 27.1580596], [79.481416, 27.1582248], [79.4781067, 27.159556], [79.4775015, 27.1597921], [79.4746389, 27.1609088], [79.4738705, 27.1612633], [79.4732891, 27.1615744]], [[79.5871726, 27.1357275], [79.5863893, 27.1361732], [79.5854681, 27.136568], [79.5843805, 27.1369876], [79.5842971, 27.1370153], [79.5838783, 27.1371548], [79.583222, 27.1373467], [79.5815397, 27.1376538], [79.5789301, 27.1379993], [79.5766255, 27.1383064], [79.5758182, 27.1383914], [79.5748878, 27.1383941], [79.5706205, 27.1383256], [79.5703665, 27.1383222], [79.5663286, 27.138268], [79.5659589, 27.1382651], [79.5639069, 27.1382488], [79.5620213, 27.1381803], [79.5587338, 27.1381282], [79.5554617, 27.1381035], [79.5525851, 27.1380586], [79.5521219, 27.1380514], [79.5498357, 27.1379966], [79.5492565, 27.1380541], [79.5488498, 27.1381528], [79.5484524, 27.1382899], [79.5479807, 27.1385099], [79.5474941, 27.1387369], [79.5468321, 27.1390461], [79.5462556, 27.1393154], [79.5461328, 27.1393678], [79.5449954, 27.1398528], [79.5445456, 27.1399296], [79.5436028, 27.1400255], [79.5433047, 27.1400561], [79.5407466, 27.1403189], [79.5378227, 27.1405876], [79.5361898, 27.1407466], [79.5350436, 27.1409468], [79.5324748, 27.1414018], [79.5317777, 27.1415253], [79.5279233, 27.1421723], [79.5257235, 27.1425452], [79.5235729, 27.1428578], [79.5190622, 27.1436967], [79.5155129, 27.1443027], [79.5120035, 27.1449003], [79.5116398, 27.145003], [79.5111963, 27.1452266], [79.5109005, 27.145424], [79.5106017, 27.1457256], [79.5104322, 27.1459213], [79.5086434, 27.1481678], [79.5067147, 27.1506179], [79.506604, 27.1507568], [79.5052086, 27.1525086], [79.5046552, 27.1530701], [79.5042279, 27.1535038], [79.5038029, 27.1538424], [79.5033298, 27.1541388], [79.5032822, 27.1541686], [79.5025187, 27.1545509], [79.5023778, 27.1546068], [79.5012718, 27.155008], [79.5008188, 27.1551264], [79.5002958, 27.1552344], [79.4993594, 27.1553342], [79.4989394, 27.1553754], [79.4974706, 27.1555194], [79.496977, 27.1555075], [79.4965667, 27.1554526], [79.4961697, 27.1553404], [79.4949198, 27.154813], [79.4926131, 27.1539514], [79.4920069, 27.1537891], [79.4917107, 27.1537246], [79.4913625, 27.1537042], [79.4910017, 27.1537198], [79.4906434, 27.1537633], [79.4904609, 27.1538089], [79.490401, 27.1538298], [79.4900429, 27.1539926], [79.4899579, 27.1540414], [79.4894819, 27.1543145], [79.4879019, 27.1552683], [79.4874695, 27.1555336], [79.4870019, 27.155809], [79.4862783, 27.1562353], [79.4857977, 27.1564665], [79.4854286, 27.1566441], [79.4846643, 27.1569552], [79.4835581, 27.1573875], [79.48336, 27.1574649], [79.4830477, 27.157587], [79.482183, 27.157925], [79.4818387, 27.1580596]], [[79.5875764, 27.1354978], [79.5871726, 27.1357275]], [[79.6073629, 27.1314175], [79.6072449, 27.1314406], [79.6058332, 27.131738], [79.6057352, 27.1317587], [79.6051467, 27.1318382], [79.6044073, 27.1318766], [79.6022721, 27.1314982], [79.5983684, 27.1308072], [79.5972315, 27.1307331], [79.5964058, 27.1307852], [79.5955462, 27.1309141], [79.5944956, 27.1311664], [79.5936513, 27.1315064], [79.5931461, 27.1317477], [79.5923635, 27.1322358], [79.5902745, 27.1336671], [79.5878158, 27.1353616], [79.5875764, 27.1354978]], [[79.6081023, 27.131273], [79.6073629, 27.1314175]], [[79.670224, 27.1232663], [79.6698029, 27.1233126], [79.6683312, 27.1234746], [79.6646859, 27.1238778], [79.6640818, 27.1239307], [79.6609803, 27.1242022], [79.6585843, 27.1243471], [79.6558414, 27.124555], [79.6540647, 27.1247503], [79.6521146, 27.1249488], [79.6497575, 27.1251567], [79.6483702, 27.1252921], [79.6460803, 27.1255189], [79.6455919, 27.1255535], [79.6449932, 27.1255679], [79.6418359, 27.1256438], [79.6403662, 27.1256822], [79.6382002, 27.1259043], [79.6358892, 27.1262536], [79.6357508, 27.1262745], [79.6338405, 27.1265432], [79.6322168, 27.1267626], [79.6294346, 27.1271465], [79.6285073, 27.1272617], [79.6274412, 27.1274509], [79.6253553, 27.1278677], [79.6236115, 27.1282187], [79.6218399, 27.1285697], [79.620414, 27.1288481], [79.6191994, 27.1290852], [79.6153358, 27.1298639], [79.6116508, 27.1305796], [79.6081023, 27.131273]], [[79.6825351, 27.1220136], [79.6800177, 27.1222902], [79.6764431, 27.1226745], [79.672957, 27.1230115], [79.6709361, 27.1231879], [79.670224, 27.1232663]], [[79.7104736, 27.125191], [79.7101446, 27.1250338], [79.7087996, 27.1243915], [79.7063212, 27.1231693], [79.7055412, 27.1227572], [79.7044866, 27.1222001], [79.7029362, 27.1214409], [79.7019492, 27.1210971], [79.7011499, 27.120868], [79.7003291, 27.1207199], [79.6992455, 27.1206292], [79.6984392, 27.1205892], [79.6967121, 27.1206238], [79.6945142, 27.1206994], [79.693686, 27.1207971], [79.6918952, 27.1210144], [79.6875986, 27.1214806], [79.6834578, 27.1219122], [79.6830343, 27.1219587], [79.6825351, 27.1220136]], [[79.7265611, 27.1314575], [79.7258691, 27.1315195], [79.7251127, 27.13151], [79.7241311, 27.1314097], [79.7230099, 27.1311854], [79.7217332, 27.1307366], [79.719169, 27.1295096], [79.7158859, 27.1278291], [79.7134773, 27.1266546], [79.710779, 27.1253369], [79.7104736, 27.125191]], [[79.7335432, 27.1281238], [79.7307829, 27.1301159], [79.729533, 27.1307461], [79.7283314, 27.1311854], [79.7272532, 27.1313954], [79.7265611, 27.1314575]], [[79.7504276, 27.1190264], [79.7502893, 27.1190891], [79.7478472, 27.1202231], [79.7420429, 27.12314], [79.7387586, 27.1247402], [79.7376897, 27.1253702], [79.7363307, 27.1262081], [79.7342162, 27.1276381], [79.7335432, 27.1281238]], [[79.7534945, 27.1175513], [79.753271, 27.1176727], [79.7529108, 27.1178684], [79.7525543, 27.1180621], [79.7511342, 27.118706], [79.7509532, 27.1187881], [79.7504276, 27.1190264]], [[79.7637833, 27.1118179], [79.7623579, 27.1126123], [79.7599513, 27.1140236], [79.7559166, 27.116235], [79.7534945, 27.1175513]], [[79.7798426, 27.1055456], [79.7794593, 27.1056436], [79.7763519, 27.1062548], [79.7734639, 27.1068156], [79.7724588, 27.1070928], [79.7718925, 27.1073575], [79.7689974, 27.1090839], [79.7657272, 27.1107347], [79.7647714, 27.1112673], [79.7637833, 27.1118179]], [[79.7844994, 27.1031585], [79.7826304, 27.1043582], [79.7814696, 27.1050198], [79.7806414, 27.1053412], [79.7798426, 27.1055456]], [[79.7851433, 27.1027451], [79.7844994, 27.1031585]], [[79.7906434, 27.0995315], [79.7902185, 27.099897], [79.7879109, 27.1011888], [79.7851433, 27.1027451]], [[79.7927117, 27.0971201], [79.7921579, 27.0978176], [79.7912661, 27.0989959], [79.7906434, 27.0995315]], [[79.7953786, 27.0943959], [79.7948583, 27.0947364], [79.7940691, 27.0954104], [79.7927117, 27.0971201]], [[79.7962303, 27.0939987], [79.7953786, 27.0943959]], [[79.8019423, 27.0918152], [79.8005104, 27.0923856], [79.7974243, 27.0935325], [79.7962303, 27.0939987]], [[79.8032533, 27.0912929], [79.8019423, 27.0918152]], [[79.804104, 27.0909173], [79.8032533, 27.0912929]], [[79.8068475, 27.089462], [79.8063936, 27.089685], [79.8057803, 27.0900361], [79.8049514, 27.0904649], [79.8046078, 27.0906427], [79.804104, 27.0909173]], [[79.8086137, 27.0888311], [79.8074147, 27.0891832], [79.8068475, 27.089462]], [[79.809116, 27.0887505], [79.8086137, 27.0888311]], [[79.8107761, 27.0886617], [79.809722, 27.0886532], [79.809116, 27.0887505]], [[79.8111369, 27.088684], [79.8107761, 27.0886617]], [[79.8163203, 27.0875385], [79.8157355, 27.0879468], [79.8149861, 27.0883601], [79.8142714, 27.0885892], [79.8133648, 27.0887465], [79.8127801, 27.0887891], [79.8122389, 27.0887764], [79.8111369, 27.088684]], [[79.81713, 27.0869732], [79.8163203, 27.0875385]], [[79.8244519, 27.0822123], [79.8226162, 27.0838904], [79.8218633, 27.0844592], [79.8209677, 27.0850048], [79.8198004, 27.0855234], [79.8188316, 27.0859294], [79.8180511, 27.0863579], [79.81713, 27.0869732]], [[79.8248957, 27.0818066], [79.8244519, 27.0822123]], [[79.8296497, 27.0793573], [79.8259052, 27.0811805], [79.8248957, 27.0818066]], [[79.8349949, 27.0769209], [79.8340618, 27.0772926], [79.8334482, 27.0775557], [79.8296497, 27.0793573]], [[79.8390502, 27.0756521], [79.8379364, 27.0760466], [79.8374644, 27.0761751], [79.8371319, 27.0762696], [79.8371077, 27.076277], [79.8349949, 27.0769209]], [[79.8462393, 27.0716714], [79.8418926, 27.0741986], [79.8399804, 27.0752663], [79.8390502, 27.0756521]], [[79.8552308, 27.0683085], [79.8547864, 27.0684357], [79.8526604, 27.0690102], [79.8524218, 27.0690798], [79.8508997, 27.0695935], [79.8505599, 27.0697117], [79.850001, 27.0699061], [79.8490881, 27.07028], [79.8462393, 27.0716714]], [[79.878329, 27.0574892], [79.878372, 27.0588732], [79.878549, 27.0610274], [79.8786572, 27.0625686], [79.8786867, 27.0634355], [79.8785785, 27.0639821], [79.878372, 27.0645739], [79.877959, 27.0652394], [79.8772903, 27.0658699], [79.8765626, 27.0663515], [79.8756088, 27.0666843], [79.8748516, 27.0667981], [79.8729636, 27.0667893], [79.8693055, 27.0666142], [79.8668497, 27.0664126], [79.8650591, 27.066267], [79.8636762, 27.0661717], [79.8625457, 27.0662502], [79.8617235, 27.0664077], [79.8594561, 27.0670768], [79.8587231, 27.0672772], [79.8567167, 27.0678831], [79.8552308, 27.0683085]], [[79.8787939, 27.0540508], [79.8786817, 27.0548536], [79.8784652, 27.0563947], [79.8783611, 27.0570292], [79.878329, 27.0574892]], [[79.8791309, 27.0447763], [79.8790659, 27.0452107], [79.8790278, 27.0456305], [79.8789945, 27.0467832], [79.8789333, 27.0483393], [79.878893, 27.0510257], [79.8788184, 27.0538755], [79.8787939, 27.0540508]], [[79.8850282, 27.0310194], [79.8849256, 27.0311813], [79.8847101, 27.0316283], [79.8837091, 27.0337521], [79.8834616, 27.034274], [79.8833519, 27.0345046], [79.8825949, 27.0361928], [79.8804641, 27.040583], [79.8803106, 27.0408993], [79.8798161, 27.042006], [79.8796203, 27.04258], [79.8795347, 27.0429488], [79.8791959, 27.0443418], [79.8791309, 27.0447763]], [[79.8933046, 27.024273], [79.8911864, 27.0253966], [79.8905664, 27.0257785], [79.8899493, 27.0261851], [79.8892991, 27.0266862], [79.8887157, 27.027176], [79.8875848, 27.0282136], [79.8868995, 27.0288907], [79.8864524, 27.0293333], [79.8863322, 27.0294662], [79.8854657, 27.0304236], [79.8851309, 27.0308575], [79.8850282, 27.0310194]], [[79.8947186, 27.0236745], [79.8940501, 27.0239495], [79.8935689, 27.0241475], [79.8933046, 27.024273]], [[79.8991121, 27.0221562], [79.8988676, 27.0222545], [79.8974265, 27.0227938], [79.8965375, 27.02308], [79.8955112, 27.0233861], [79.8947186, 27.0236745]], [[79.900045, 27.0217657], [79.8991121, 27.0221562]], [[79.9054285, 27.0193458], [79.9037967, 27.0200372], [79.900045, 27.0217657]], [[79.9065031, 27.0188267], [79.9058526, 27.0191458], [79.9056987, 27.0192313], [79.9054285, 27.0193458]], [[79.9080443, 27.0180408], [79.9078369, 27.0181509], [79.9076993, 27.0182206], [79.9065031, 27.0188267]], [[79.9126369, 27.0143015], [79.9123154, 27.0145753], [79.9114835, 27.0152835], [79.9105986, 27.0160504], [79.9095457, 27.0169201], [79.9092604, 27.0171412], [79.9082876, 27.0178692], [79.9082627, 27.0178878], [79.9080443, 27.0180408]], [[79.9167335, 27.0110928], [79.9166895, 27.0111075], [79.9162841, 27.0113018], [79.9156696, 27.0116704], [79.9151217, 27.0121434], [79.9141801, 27.0129527], [79.9128314, 27.014136], [79.9126369, 27.0143015]], [[79.9171054, 27.010968], [79.9167335, 27.0110928]], [[79.9220556, 27.0116937], [79.9211623, 27.0113242], [79.9205335, 27.0110493], [79.9198759, 27.0108289], [79.9192921, 27.0107368], [79.9189587, 27.0107062], [79.9186484, 27.0106957], [79.917951, 27.0107612], [79.9171685, 27.0109469], [79.9171054, 27.010968]], [[79.9234078, 27.0122683], [79.9226458, 27.0119445], [79.9220556, 27.0116937]], [[79.9283112, 27.015005], [79.9279783, 27.0147742], [79.9269298, 27.0140452], [79.9255538, 27.0132053], [79.9249505, 27.0128913], [79.9241448, 27.012558], [79.9234078, 27.0122683]], [[79.933127, 27.0176012], [79.9326457, 27.0174637], [79.9320879, 27.0172791], [79.9318071, 27.0171738], [79.9311895, 27.0168724], [79.9307509, 27.0166233], [79.930374, 27.0163899], [79.9295975, 27.0158969], [79.9283112, 27.015005]], [[79.9336083, 27.0177387], [79.933127, 27.0176012]], [[79.9348865, 27.0179662], [79.9346248, 27.0179377], [79.9336083, 27.0177387]], [[79.9361363, 27.0180356], [79.9348865, 27.0179662]], [[79.9366999, 27.0180185], [79.9361363, 27.0180356]], [[79.9375267, 27.0179485], [79.9366999, 27.0180185]], [[79.9424744, 27.0170851], [79.9419477, 27.0173092], [79.9410251, 27.0174835], [79.9385957, 27.0178137], [79.9375267, 27.0179485]], [[79.9446541, 27.0142966], [79.9444651, 27.0150396], [79.9441007, 27.0156996], [79.9439966, 27.0158882], [79.9436345, 27.0162778], [79.9433398, 27.0165949], [79.9425758, 27.017042], [79.9424744, 27.0170851]], [[79.9449084, 27.0107404], [79.9448214, 27.0115499], [79.9447612, 27.0126308], [79.9447108, 27.0135709], [79.9446541, 27.0142966]], [[79.9449642, 27.0104489], [79.9449084, 27.0107404]], [[79.9453727, 27.0094495], [79.9450996, 27.0100602], [79.9449642, 27.0104489]], [[79.9455564, 27.0090898], [79.9453727, 27.0094495]], [[79.9458502, 27.0085762], [79.9455564, 27.0090898]], [[79.9462824, 27.0080005], [79.9458502, 27.0085762]], [[79.949333, 27.0051619], [79.9481605, 27.0062368], [79.9480372, 27.0063431], [79.9465546, 27.0077435], [79.9462824, 27.0080005]], [[79.9500142, 27.0045438], [79.949333, 27.0051619]], [[79.9540683, 27.0006299], [79.9529522, 27.0017397], [79.9520245, 27.0026369], [79.950189, 27.0043852], [79.9500142, 27.0045438]], [[79.9550399, 26.999598], [79.9540683, 27.0006299]], [[79.9600968, 26.994754], [79.9599404, 26.9949046], [79.958322, 26.9964628], [79.9581655, 26.9966149], [79.955572, 26.9991348], [79.9550399, 26.999598]], [[79.9614825, 26.9934157], [79.9606644, 26.9942075], [79.9600968, 26.994754]], [[79.9662978, 26.9888456], [79.9660884, 26.989052], [79.9659954, 26.989137], [79.9655094, 26.9896321], [79.9628052, 26.9921355], [79.9616894, 26.9932155], [79.9614825, 26.9934157]], [[79.9668466, 26.9883046], [79.9662978, 26.9888456]], [[79.9713353, 26.9839579], [79.9706983, 26.9845737], [79.9703343, 26.9849256], [79.9682193, 26.9869517], [79.9668466, 26.9883046]], [[79.9774836, 26.978604], [79.9771867, 26.9787855], [79.9761045, 26.979447], [79.9756755, 26.9797873], [79.9750405, 26.9803684], [79.9733416, 26.98202], [79.9721061, 26.9832128], [79.9713353, 26.9839579]], [[79.9959833, 26.9615185], [79.9954966, 26.9619477], [79.9949818, 26.9624018], [79.9943675, 26.9629546], [79.9934162, 26.963893], [79.9927386, 26.9645468], [79.9919714, 26.9652914], [79.9913118, 26.965933], [79.990691, 26.9665481], [79.9899919, 26.9672773], [79.9893045, 26.9679687], [79.9888632, 26.9684127], [79.9870075, 26.9702264], [79.9850107, 26.9721254], [79.9829686, 26.974083], [79.9825711, 26.9744674], [79.9807978, 26.976182], [79.980655, 26.9763147], [79.9804734, 26.9764834], [79.9796867, 26.9772143], [79.9791376, 26.9776004], [79.978331, 26.978086], [79.9774836, 26.978604]], [[79.9991116, 26.9577784], [79.9990859, 26.9578204], [79.998525, 26.9587254], [79.997838, 26.9596397], [79.997109, 26.9604737], [79.996298, 26.9612356], [79.9962225, 26.9613076], [79.9959833, 26.9615185]], [[79.9993458, 26.957394], [79.9991116, 26.9577784]], [[80.0022061, 26.9518004], [80.0012546, 26.9533939], [80.0008266, 26.9541064], [80.0004542, 26.9548152], [79.999733, 26.9565053], [79.9993458, 26.957394]], [[80.0070195, 26.9446227], [80.0056761, 26.9465627], [80.0050466, 26.9475164], [80.0043236, 26.9486116], [80.004063, 26.9490064], [80.0032565, 26.9502034], [80.0028226, 26.950846], [80.0024199, 26.9514424], [80.0022061, 26.9518004]], [[80.0071962, 26.9443677], [80.0070195, 26.9446227]], [[80.0095721, 26.9408003], [80.0093173, 26.9412581], [80.0092097, 26.9414411], [80.008169, 26.9429691], [80.0080605, 26.943125], [80.0073728, 26.9441126], [80.0071962, 26.9443677]], [[80.0163449, 26.924383], [80.0151803, 26.9260818], [80.0146405, 26.9268112], [80.0139994, 26.9277523], [80.0138033, 26.9280834], [80.0137018, 26.92834], [80.0130948, 26.9299224], [80.0126494, 26.9312719], [80.0120501, 26.9332083], [80.0115267, 26.9348843], [80.0107803, 26.937274], [80.0098611, 26.940217], [80.0097131, 26.9405392], [80.0095721, 26.9408003]], [[80.016619, 26.924003], [80.0163449, 26.924383]], [[80.0268297, 26.9082647], [80.026814, 26.9083655], [80.0267745, 26.908699], [80.0265002, 26.9100709], [80.0262604, 26.9107369], [80.0260984, 26.9111357]], [[80.0260984, 26.9111357], [80.0257077, 26.9121823], [80.0254305, 26.9130122], [80.0249547, 26.9142566], [80.0245958, 26.9149489], [80.0244087, 26.9152049], [80.0237584, 26.9158873], [80.0228289, 26.9165884], [80.0218818, 26.9173179]], [[80.0218818, 26.9173179], [80.0213758, 26.9178001], [80.0211812, 26.9180059], [80.0209549, 26.9182803], [80.020715, 26.9185588], [80.0199018, 26.9196673], [80.0197298, 26.9199018], [80.0196965, 26.9199472], [80.0192032, 26.9207059], [80.019004, 26.9209723], [80.0186238, 26.9213719], [80.0182571, 26.9218239], [80.016619, 26.924003]], [[80.029513, 26.8984195], [80.0291366, 26.8998101], [80.0290164, 26.9002543], [80.0283827, 26.9024824], [80.0277744, 26.9045989], [80.0276436, 26.905054], [80.0275091, 26.9055219], [80.0271209, 26.9067207], [80.0269355, 26.9075849], [80.0268297, 26.9082647]], [[80.0353259, 26.8851192], [80.0351858, 26.8853945], [80.034187, 26.8875701], [80.0341312, 26.8876916], [80.0330313, 26.8901865], [80.0319585, 26.8925642], [80.0311414, 26.89439], [80.0307138, 26.8953456], [80.0300755, 26.8967262], [80.0298854, 26.8971945], [80.029804, 26.8974541], [80.0296047, 26.8980898], [80.0295867, 26.8981471], [80.029513, 26.8984195]], [[80.035386, 26.8849881], [80.0353259, 26.8851192]], [[80.0395059, 26.8760164], [80.0387434, 26.8777398], [80.0375331, 26.8803231], [80.0362948, 26.8829439], [80.0357607, 26.8841228], [80.035386, 26.8849881]], [[80.0395679, 26.8758763], [80.0395059, 26.8760164]], [[80.0426505, 26.8693043], [80.0423059, 26.8700281], [80.0410656, 26.8726768], [80.0397847, 26.8753779], [80.0395679, 26.8758763]], [[80.0515141, 26.8603615], [80.05133, 26.860555], [80.0509191, 26.8609489], [80.0502585, 26.8616103], [80.0497356, 26.8620948], [80.0487783, 26.8629141], [80.0478956, 26.8637605], [80.0468385, 26.8647741], [80.0462036, 26.8653729], [80.0445338, 26.8669477], [80.0438985, 26.8675566], [80.0434422, 26.8680902], [80.0433461, 26.8682317], [80.0429117, 26.868871], [80.0426505, 26.8693043]], [[77.7585052, 29.0156206], [77.7585619, 29.0157085], [77.7591169, 29.0160429], [77.7595045, 29.0162745], [77.7597601, 29.0164272], [77.7605764, 29.0168891], [77.7607418, 29.0169862], [77.7637059, 29.0187879], [77.7651661, 29.0196617], [77.7667743, 29.0206249], [77.7694672, 29.0222527], [77.7695656, 29.0223121], [77.7708911, 29.0230539], [77.7712376, 29.0232532], [77.7715137, 29.0234266], [77.7717667, 29.0236184], [77.7718416, 29.0236825]], [[77.7718416, 29.0236825], [77.7720198, 29.0238289], [77.7728574, 29.0245451], [77.7733946, 29.0249952], [77.7750372, 29.0263594], [77.7772806, 29.028227], [77.7787955, 29.0295152], [77.7801283, 29.0305841], [77.7803578, 29.0307681], [77.7822991, 29.0323055], [77.7835192, 29.0333049], [77.786268, 29.0355771]], [[77.786268, 29.0355771], [77.7869492, 29.0361087]], [[77.7869492, 29.0361087], [77.7872596, 29.0363566], [77.787906, 29.0369087], [77.7896995, 29.0383917], [77.7906303, 29.039156], [77.7923742, 29.0406019], [77.7926917, 29.0408615], [77.7963141, 29.0437698], [77.7984139, 29.0455292], [77.8007582, 29.0475364], [77.8010559, 29.0478084], [77.801404, 29.0480794], [77.8026102, 29.0491249], [77.8027138, 29.0492147], [77.8042343, 29.0505682], [77.8043711, 29.0506948], [77.8045964, 29.0509059], [77.8088967, 29.0547333], [77.8105107, 29.0561885], [77.8121415, 29.0576585], [77.8133404, 29.0587371], [77.8144502, 29.0597317], [77.8148264, 29.0600688], [77.8154916, 29.0606854], [77.8174496, 29.0623664], [77.8187021, 29.0634308]], [[77.8187021, 29.0634308], [77.8191045, 29.0638551]], [[77.8191045, 29.0638551], [77.8195256, 29.0642959], [77.8198689, 29.0648375], [77.8200325, 29.0651962], [77.8201371, 29.065583], [77.8202873, 29.066284], [77.8203732, 29.0668326], [77.8205448, 29.0677445], [77.8206548, 29.0682392], [77.8207406, 29.068687], [77.8208721, 29.069259], [77.820974, 29.0695755], [77.8212073, 29.070192], [77.8214394, 29.0705659]], [[77.8214394, 29.0705659], [77.8219238, 29.0711941]], [[77.8219238, 29.0711941], [77.8231941, 29.0726991], [77.8238315, 29.0733924], [77.8241735, 29.0737167], [77.8244622, 29.0739381], [77.8246595, 29.0740834], [77.8249155, 29.0742184], [77.8255047, 29.0744822], [77.8261536, 29.0746851], [77.8276194, 29.0749036], [77.8286789, 29.0750145], [77.8297108, 29.0751472], [77.8306633, 29.0753091], [77.8310446, 29.0754471], [77.8314515, 29.0756229], [77.8317595, 29.0758152], [77.8323356, 29.0761748], [77.8347803, 29.0784108]], [[77.8347803, 29.0784108], [77.8365352, 29.080022], [77.8379138, 29.0812833], [77.8382429, 29.0815942]], [[77.8382429, 29.0815942], [77.8386018, 29.0819237]], [[77.8386018, 29.0819237], [77.838783, 29.082086], [77.841137, 29.0842704], [77.8452276, 29.0880054], [77.8473382, 29.0899138], [77.8488193, 29.0912778], [77.8507076, 29.0930168], [77.8522043, 29.0943622], [77.8530616, 29.095169]], [[77.8530616, 29.095169], [77.8541978, 29.0962384]], [[77.8541978, 29.0962384], [77.8562524, 29.0980993], [77.8573996, 29.0991256], [77.8583383, 29.0999653], [77.8585001, 29.1001101], [77.8610323, 29.1023579], [77.8638484, 29.1048884], [77.8655122, 29.1063906], [77.8668598, 29.1076053], [77.8685782, 29.109176], [77.8695318, 29.110028], [77.8700964, 29.1105393], [77.8703065, 29.1106002]], [[77.8709561, 29.1112191], [77.8710308, 29.1114174], [77.8736896, 29.1138046], [77.8746223, 29.1149036], [77.8752266, 29.1155184], [77.8758987, 29.116096], [77.8771991, 29.1170665], [77.8777012, 29.1175296]], [[77.8777012, 29.1175296], [77.8780633, 29.1178635]], [[77.8780633, 29.1178635], [77.8782033, 29.1179927], [77.8791843, 29.1189412], [77.8808705, 29.1205046], [77.8810473, 29.1206685], [77.8827567, 29.1222236], [77.8848969, 29.1241812]], [[77.8848969, 29.1241812], [77.8856733, 29.1249075]], [[77.8856733, 29.1249075], [77.8861738, 29.1253636], [77.8882106, 29.1272167], [77.8893099, 29.128176], [77.889717, 29.1285313], [77.8913371, 29.1300074], [77.893179, 29.1316577], [77.8946949, 29.132998], [77.895194, 29.1334313], [77.8954756, 29.1336781], [77.8963458, 29.1344408], [77.8968771, 29.1349065], [77.8984769, 29.1362915]], [[77.8984769, 29.1362915], [77.8989525, 29.136681]], [[77.8989525, 29.136681], [77.8990771, 29.13679], [77.8999385, 29.1375435], [77.9013259, 29.1386965], [77.902354, 29.1395571], [77.9047706, 29.1415802], [77.9072046, 29.1436039], [77.908637, 29.1448207], [77.909564, 29.1456081], [77.909755, 29.1457821], [77.913295, 29.1488111]], [[77.913295, 29.1488111], [77.9138495, 29.1492856]], [[77.9138495, 29.1492856], [77.9142945, 29.1496663], [77.9159492, 29.1511221], [77.9181852, 29.1530802], [77.9203399, 29.1548732], [77.9223076, 29.1564886], [77.92432, 29.1581395], [77.9265479, 29.1599536], [77.9281212, 29.1612282], [77.9319493, 29.164153]], [[77.9319493, 29.164153], [77.9327771, 29.1647512]], [[77.9327771, 29.1647512], [77.9332156, 29.1650811], [77.9360854, 29.1672918]], [[77.9360854, 29.1672918], [77.9409227, 29.1710786]], [[77.9409227, 29.1710786], [77.9431908, 29.1728005], [77.9434734, 29.1730364], [77.9451578, 29.175177], [77.9464882, 29.1768491], [77.9468329, 29.177256], [77.9475592, 29.1780151], [77.9493291, 29.1798418], [77.9508328, 29.1813749], [77.9523044, 29.1828525], [77.9532711, 29.1838413], [77.9555444, 29.1861768], [77.9574625, 29.1881628], [77.957784, 29.1884794], [77.957954, 29.1885398]], [[78.2931485, 27.7795188], [78.2932727, 27.7795727]], [[78.3038719, 27.765232], [78.3023298, 27.7666778], [78.3016556, 27.7673412]], [[78.3149905, 27.7544712], [78.314537, 27.7549156], [78.3135911, 27.7558421], [78.3112616, 27.7581014], [78.3081922, 27.7610838], [78.306318, 27.7628898], [78.3044806, 27.7646572], [78.3043097, 27.7648216], [78.3038719, 27.765232]], [[78.3044806, 27.7646572], [78.30458, 27.7647306]], [[78.3227944, 27.7469177], [78.322739, 27.7469865], [78.3215639, 27.7484442], [78.3205888, 27.7496767], [78.3197738, 27.7506815], [78.3190298, 27.7515881], [78.3185707, 27.7521089], [78.3182687, 27.7523706], [78.317859, 27.7526638], [78.3173506, 27.7529391], [78.3163508, 27.7534231], [78.315847, 27.7537121], [78.315581, 27.7539101], [78.3153393, 27.7541296]], [[78.3400489, 27.7255474], [78.3388553, 27.7270432], [78.3374337, 27.7288072], [78.3365889, 27.7298542], [78.3352987, 27.7314568], [78.3345557, 27.7323708], [78.3336143, 27.7335721], [78.3335173, 27.7336907], [78.3319379, 27.7356209], [78.3298029, 27.7382513], [78.3274425, 27.7411713], [78.3272886, 27.7413626], [78.3255339, 27.7435442], [78.3245079, 27.7448108], [78.3236452, 27.7458579], [78.3230853, 27.746556], [78.3229673, 27.7467032], [78.3227944, 27.7469177]], [[78.3401484, 27.7256181], [78.3400489, 27.7255474]], [[78.3444408, 27.7201185], [78.3439894, 27.7206952], [78.3435901, 27.7212053], [78.3424985, 27.7224973], [78.3413378, 27.7239584], [78.3400489, 27.7255474]], [[78.3464584, 27.7176084], [78.3456829, 27.7185789], [78.3446313, 27.7198892], [78.3445303, 27.7200165], [78.3444408, 27.7201185]], [[78.3465721, 27.7174609], [78.3464584, 27.7176084]], [[78.3471993, 27.7166996], [78.3467038, 27.717292], [78.3465721, 27.7174609]], [[80.0072936, 26.9444185], [80.0074279, 26.9442252], [80.0075463, 26.9440548], [80.008682, 26.9424117], [80.0090948, 26.9417684], [80.0096449, 26.9409112], [80.0098427, 26.9405851]], [[80.0071376, 26.9446431], [80.0072936, 26.9444185]], [[80.0050389, 26.9477259], [80.0058031, 26.9465533], [80.0068831, 26.9450095], [80.0069519, 26.9449105], [80.0071376, 26.9446431]], [[80.0048032, 26.9480876], [80.0050389, 26.9477259]], [[79.9994805, 26.9573819], [79.9999159, 26.9564581], [80.0003545, 26.9553924], [80.0007801, 26.9545062], [80.0010725, 26.9539762], [80.0015891, 26.9531016], [80.0023851, 26.9517694], [80.0030572, 26.9506732], [80.0037594, 26.9496175], [80.0046952, 26.9482534], [80.0048032, 26.9480876]], [[79.9992277, 26.9578422], [79.9994805, 26.9573819]], [[79.9961006, 26.9616302], [79.996141, 26.9615954], [79.997008, 26.9607991], [79.9976546, 26.9600723], [79.9980542, 26.9596205], [79.9984896, 26.9590674], [79.9990224, 26.958216], [79.9992277, 26.9578422]], [[79.9714661, 26.9840363], [79.9716373, 26.9838677], [79.9727879, 26.9827156], [79.97397, 26.9815618], [79.9753195, 26.9802329], [79.9758125, 26.9797936], [79.976478, 26.9793158], [79.9772667, 26.9788436], [79.9785599, 26.9780539], [79.9795551, 26.9774334], [79.9799402, 26.9771259], [79.9808183, 26.9762884], [79.9808942, 26.9762162], [79.9819706, 26.9751928], [79.9832493, 26.9739901], [79.9845587, 26.9726968], [79.9858897, 26.9714254], [79.9865226, 26.9708223], [79.9871123, 26.9702604], [79.9881574, 26.9692644], [79.9888784, 26.968512], [79.9897164, 26.9676909], [79.9899077, 26.9674977], [79.9906191, 26.9667792], [79.9910699, 26.9662986], [79.9912889, 26.9660878], [79.9914492, 26.9659335], [79.9915116, 26.9658734], [79.9915805, 26.9658066], [79.9927766, 26.964646], [79.9930406, 26.9643899], [79.9942628, 26.9632224], [79.9947181, 26.9628021], [79.9952426, 26.9623383], [79.9956276, 26.9620295], [79.9957711, 26.9619143], [79.9961006, 26.9616302]], [[79.9669851, 26.9884134], [79.9683768, 26.9870195], [79.9691655, 26.9862769], [79.9706332, 26.9848567], [79.9714661, 26.9840363]], [[79.9664316, 26.9889451], [79.9669851, 26.9884134]], [[79.9621083, 26.9930173], [79.9624636, 26.9926872], [79.9636315, 26.9915835], [79.9653074, 26.990001], [79.9664316, 26.9889451]], [[79.9601663, 26.9948253], [79.9610058, 26.9940414], [79.9621083, 26.9930173]], [[79.954156, 27.0006921], [79.9544384, 27.0003841], [79.9545139, 27.0003016], [79.9550916, 26.9996825], [79.9558292, 26.9989646], [79.9562352, 26.9985707], [79.9576423, 26.9972057], [79.9582218, 26.9966564], [79.9593268, 26.9956092], [79.9600209, 26.9949611], [79.9601663, 26.9948253]], [[79.9501526, 27.0046086], [79.9505147, 27.0042704], [79.95221, 27.0026727], [79.9532514, 27.0016241], [79.954156, 27.0006921]], [[79.9494708, 27.0052453], [79.9501526, 27.0046086]], [[79.9459707, 27.0086367], [79.9461383, 27.0083794], [79.946248, 27.0082418], [79.9466293, 27.0078653], [79.9480957, 27.006459], [79.9494708, 27.0052453]], [[79.9456557, 27.0091373], [79.9456829, 27.0090785], [79.9459707, 27.0086367]], [[79.9454937, 27.0094869], [79.9456557, 27.0091373]], [[79.9451348, 27.0104934], [79.9453658, 27.009763], [79.9454937, 27.0094869]], [[79.9450651, 27.0107947], [79.9451348, 27.0104934]], [[79.9447861, 27.0143086], [79.9448363, 27.0138678], [79.9449141, 27.0126129], [79.9449516, 27.0119977], [79.9449785, 27.0115544], [79.9450651, 27.0107947]], [[79.9425464, 27.0172478], [79.9432012, 27.0168537], [79.9438301, 27.0162872], [79.9438488, 27.0162704], [79.9442311, 27.0157659], [79.9446416, 27.0149556], [79.9447549, 27.0145836], [79.9447861, 27.0143086]], [[79.9375363, 27.0181166], [79.9378428, 27.0180897], [79.9396584, 27.0178469], [79.9417572, 27.017519], [79.9425464, 27.0172478]], [[79.9366961, 27.0181906], [79.9375363, 27.0181166]], [[79.9360791, 27.0181882], [79.9366961, 27.0181906]], [[79.9348487, 27.0181244], [79.9353508, 27.0181593], [79.9360791, 27.0181882]], [[79.9335791, 27.0178614], [79.9341196, 27.0179982], [79.9348487, 27.0181244]], [[79.9330387, 27.0177245], [79.9335791, 27.0178614]], [[79.9312263, 27.0170218], [79.9315232, 27.0171795], [79.9319786, 27.0173667], [79.9330387, 27.0177245]], [[79.9424744, 27.0170851], [79.9419477, 27.0173092], [79.9410251, 27.0174835], [79.9385957, 27.0178137], [79.9375267, 27.0179485]], [[79.9375267, 27.0179485], [79.9366999, 27.0180185]], [[79.9366999, 27.0180185], [79.9361363, 27.0180356]], [[79.9361363, 27.0180356], [79.9348865, 27.0179662]], [[79.9348865, 27.0179662], [79.9346248, 27.0179377], [79.9336083, 27.0177387]], [[79.9336083, 27.0177387], [79.933127, 27.0176012]], [[79.933127, 27.0176012], [79.9326457, 27.0174637], [79.9320879, 27.0172791], [79.9318071, 27.0171738], [79.9311895, 27.0168724], [79.9307509, 27.0166233], [79.930374, 27.0163899], [79.9295975, 27.0158969], [79.9283112, 27.015005]], [[79.9219812, 27.0118115], [79.922471, 27.0120133], [79.9234401, 27.0124125], [79.9239233, 27.0126037], [79.9240363, 27.0126484], [79.9241871, 27.0127212], [79.9242463, 27.0127497], [79.925151, 27.0131564], [79.9257231, 27.0134539], [79.9267365, 27.0141008], [79.9278636, 27.014834], [79.9280604, 27.014962], [79.9282198, 27.015074]], [[79.9171552, 27.0110857], [79.9172147, 27.0110754], [79.9179786, 27.0108941], [79.9186535, 27.0108307], [79.9189481, 27.0108407], [79.9192711, 27.0108703], [79.9198357, 27.0109594], [79.9204734, 27.0111731], [79.9210971, 27.0114458], [79.9219812, 27.0118115]], [[79.9167848, 27.0112148], [79.9171552, 27.0110857]], [[79.91279, 27.0143514], [79.9129332, 27.0142295], [79.9142822, 27.013046], [79.9152233, 27.012237], [79.915762, 27.011772], [79.9163597, 27.0114135], [79.9167501, 27.0112264], [79.9167848, 27.0112148]], [[79.9065404, 27.0189398], [79.9076615, 27.0183796], [79.9081347, 27.0181432], [79.9083549, 27.0179889], [79.9093554, 27.0172402], [79.9096434, 27.017017], [79.9106993, 27.0161449], [79.9111909, 27.0157189], [79.911585, 27.0153773], [79.9123866, 27.0146948], [79.91279, 27.0143514]], [[79.9054576, 27.0194649], [79.9059185, 27.0192577], [79.9065404, 27.0189398]], [[79.9054576, 27.0194649], [79.9059185, 27.0192577], [79.9065404, 27.0189398]], [[79.9002481, 27.0218321], [79.9005986, 27.0216718], [79.902136, 27.0209939], [79.9035841, 27.0203214], [79.9051093, 27.0196215], [79.9054576, 27.0194649]], [[79.89932, 27.0222564], [79.9002481, 27.0218321]], [[79.8947797, 27.0238144], [79.8959089, 27.023425], [79.8963595, 27.0232912], [79.8975668, 27.0229206], [79.89932, 27.0222564]], [[79.893305, 27.0244052], [79.8941658, 27.0240673], [79.8947797, 27.0238144]], [[79.8851005, 27.0310787], [79.8854697, 27.03057], [79.8856499, 27.0303835], [79.8869664, 27.029021], [79.8871273, 27.0288545], [79.8882331, 27.0277518], [79.8893696, 27.0267997], [79.8906195, 27.0258918], [79.891306, 27.025453], [79.893305, 27.0244052]], [[79.8792451, 27.044792], [79.8793114, 27.0443112], [79.879604, 27.0430854], [79.8798128, 27.0424011], [79.8802608, 27.0412588], [79.8810816, 27.0394957], [79.8821008, 27.0373695], [79.8833883, 27.0347176], [79.8842519, 27.0328206], [79.8851005, 27.0310787]], [[79.8789146, 27.0538705], [79.8789519, 27.0534707], [79.8790024, 27.0516574], [79.8790777, 27.0487414], [79.8791108, 27.0467484], [79.8791596, 27.0454108], [79.8792451, 27.044792]], [[79.8788967, 27.0540629], [79.8789146, 27.0538705]], [[79.8552401, 27.0684345], [79.8572582, 27.0678786], [79.8591411, 27.0673531], [79.8617214, 27.0665649], [79.86229, 27.0664407], [79.8630786, 27.0663547], [79.8635079, 27.06633], [79.8643446, 27.0663691], [79.8666245, 27.0665745], [79.8696983, 27.0667464], [79.8714202, 27.0668563], [79.8731851, 27.0669136], [79.8749822, 27.0669471], [79.875642, 27.0668181], [79.8768222, 27.0663738], [79.8775893, 27.0658532], [79.8782652, 27.0650793], [79.8786461, 27.0643198], [79.8788339, 27.0634981], [79.8787963, 27.0621462], [79.878689, 27.0608755], [79.8785442, 27.059084], [79.8784423, 27.0575362], [79.8785549, 27.0566859], [79.8788285, 27.054794], [79.8788967, 27.0540629]], [[79.8463463, 27.0717919], [79.8481923, 27.0708306], [79.8497748, 27.070138], [79.850676, 27.0698036], [79.851337, 27.0695881], [79.8521995, 27.0693068], [79.852808, 27.0691311], [79.8547959, 27.0685569], [79.8552401, 27.0684345]], [[79.8391212, 27.0757709], [79.8404944, 27.07512], [79.8430371, 27.073687], [79.8460734, 27.071934], [79.8463463, 27.0717919]], [[79.837697, 27.0762378], [79.8384881, 27.0759989], [79.8391212, 27.0757709]], [[79.8371274, 27.0764085], [79.837209, 27.0763857], [79.8372757, 27.0763667], [79.8376178, 27.0762629], [79.837697, 27.0762378]], [[79.8350763, 27.0770736], [79.8361867, 27.0766772], [79.8371274, 27.0764085]], [[79.8296851, 27.0794857], [79.8310734, 27.0787998], [79.8331451, 27.0778331], [79.8350763, 27.0770736]], [[79.8250288, 27.0819073], [79.825533, 27.0815443], [79.8264771, 27.0810475], [79.8284298, 27.0800827], [79.8296851, 27.0794857]], [[79.8245943, 27.0823032], [79.8250288, 27.0819073]], [[79.8172182, 27.0871037], [79.8177761, 27.0867168], [79.8183393, 27.0863825], [79.8189133, 27.0860768], [79.8199111, 27.0856518], [79.821043, 27.0851121], [79.8220032, 27.0845389], [79.8228347, 27.0839037], [79.8236447, 27.0831682], [79.8245943, 27.0823032]], [[79.8165208, 27.0876386], [79.8172182, 27.0871037]], [[79.811092, 27.0888231], [79.8119288, 27.0888947], [79.812594, 27.088952], [79.8132056, 27.0889329], [79.8140317, 27.0887896], [79.8150187, 27.0884887], [79.8156891, 27.0881563], [79.8165208, 27.0876386]], [[79.8107811, 27.0888201], [79.811092, 27.0888231]], [[79.8090937, 27.0888947], [79.8095417, 27.0888374], [79.8101049, 27.0888135], [79.8107811, 27.0888201]], [[79.8086458, 27.088952], [79.8090937, 27.0888947]], [[79.8068541, 27.089592], [79.807294, 27.0893866], [79.808045, 27.0891192], [79.8086458, 27.088952]], [[79.8019656, 27.0919255], [79.8033135, 27.0913908], [79.8033754, 27.0913638], [79.8039895, 27.0910964], [79.8045474, 27.0907907], [79.8060763, 27.0899932], [79.8068541, 27.089592]], [[79.7963324, 27.0941184], [79.7991018, 27.0930446], [79.800875, 27.0923581], [79.8019656, 27.0919255]], [[79.7955039, 27.0945068], [79.7963324, 27.0941184]], [[79.7928684, 27.0972101], [79.7934589, 27.0964395], [79.7943168, 27.0954696], [79.7955039, 27.0945068]], [[79.7907959, 27.0996307], [79.7914425, 27.0990707], [79.7928684, 27.0972101]], [[79.7853239, 27.1028273], [79.7889422, 27.1008368], [79.7902432, 27.1001094], [79.7907959, 27.0996307]], [[79.7846309, 27.1032733], [79.7853239, 27.1028273]], [[79.7798325, 27.105688], [79.7807259, 27.10548], [79.7816081, 27.1051471], [79.7822139, 27.1048286], [79.7846309, 27.1032733]], [[79.7638935, 27.1119252], [79.7648209, 27.1113931], [79.7654072, 27.1110567], [79.7692653, 27.1090845], [79.7712088, 27.1079489], [79.7715135, 27.1077708], [79.772412, 27.1072859], [79.7728999, 27.1070832], [79.7744366, 27.1067431], [79.7796689, 27.1057261], [79.7798325, 27.105688]], [[79.7536018, 27.1176577], [79.7609921, 27.1135898], [79.7638935, 27.1119252]], [[79.7505132, 27.1191404], [79.7509903, 27.1189276], [79.7512371, 27.1188175], [79.7525969, 27.1182108], [79.7530335, 27.1179705], [79.7533887, 27.117775], [79.7536018, 27.1176577]], [[79.7336383, 27.1282333], [79.7343104, 27.1277489], [79.7378271, 27.125473], [79.7389857, 27.1248181], [79.7419251, 27.1233816], [79.7450921, 27.1217642], [79.7492388, 27.1197089], [79.7505132, 27.1191404]], [[79.7265901, 27.1316203], [79.7277976, 27.1314286], [79.7287977, 27.1311789], [79.7296189, 27.1308786], [79.7308914, 27.1302129], [79.7336383, 27.1282333]], [[79.7103895, 27.1253098], [79.7145726, 27.1273509], [79.7187885, 27.1294929], [79.7215977, 27.1308424], [79.7222401, 27.1310993], [79.7228092, 27.1312875], [79.7235573, 27.1314792], [79.7245574, 27.1316203], [79.7254884, 27.131671], [79.7265901, 27.1316203]], [[79.6825511, 27.1221307], [79.6830605, 27.1220759], [79.6870603, 27.1216458], [79.6883451, 27.1215251], [79.6908087, 27.1212549], [79.6919123, 27.1211293], [79.6926403, 27.1210336], [79.6943668, 27.1208524], [79.6948294, 27.1208221], [79.69485, 27.1208216], [79.6961517, 27.1207877], [79.6982585, 27.1207289], [79.6998312, 27.1208016], [79.7010956, 27.1210188], [79.7019208, 27.1212576], [79.7028884, 27.1215941], [79.7047626, 27.1225168], [79.705479, 27.1228799], [79.7063116, 27.123302], [79.710048, 27.125142], [79.710316, 27.125274], [79.7103895, 27.1253098]], [[79.6702244, 27.1233877], [79.6706238, 27.1233523], [79.6751001, 27.1229281], [79.6760296, 27.1228303], [79.6782193, 27.1226134], [79.6817602, 27.1222157], [79.6825511, 27.1221307]], [[79.64184, 27.1257721], [79.6450248, 27.1256665], [79.6461092, 27.1256305], [79.6505545, 27.1251899], [79.6558839, 27.1246728], [79.6585656, 27.1244882], [79.6620178, 27.1242579], [79.6639057, 27.124078], [79.6641265, 27.1240555], [79.6657598, 27.1238887], [79.669825, 27.1234231], [79.6702244, 27.1233877]], [[79.6081207, 27.131412], [79.6129373, 27.1304603], [79.6177838, 27.1294637], [79.621201, 27.1288156], [79.6245379, 27.1281532], [79.6260604, 27.1278529], [79.6274649, 27.1275785], [79.6314253, 27.1269974], [79.636025, 27.1263749], [79.6363993, 27.1263125], [79.6390946, 27.1259122], [79.6405298, 27.1258137], [79.6415152, 27.1257765], [79.64184, 27.1257721]], [[79.607393, 27.1315611], [79.6077783, 27.1314797], [79.6081207, 27.131412]], [[79.5937196, 27.1316382], [79.5946144, 27.1312995], [79.5955153, 27.1310704], [79.5962423, 27.1309559], [79.5972496, 27.1308685], [79.5983086, 27.1309373], [79.6018486, 27.1315708], [79.6028584, 27.1317701], [79.6038289, 27.131931], [79.6044445, 27.1320177], [79.6051639, 27.1319829], [79.6058694, 27.1318829], [79.607393, 27.1315611]], [[79.5876704, 27.1355909], [79.588153, 27.1353024], [79.5892251, 27.1345563], [79.5917724, 27.132835], [79.592816, 27.132126], [79.5937196, 27.1316382]], [[79.5872604, 27.135836], [79.5876704, 27.1355909]], [[79.5120237, 27.1449775], [79.5125966, 27.1448669], [79.514948, 27.1444727], [79.5177834, 27.1439952], [79.5197167, 27.1436751], [79.5205981, 27.1435383], [79.5219451, 27.1432861], [79.5228307, 27.1431266], [79.5235432, 27.1429988], [79.5262065, 27.1425693], [79.52897, 27.1421112], [79.530597, 27.1418346], [79.532395, 27.1415153], [79.5324664, 27.1415002], [79.533824, 27.1412649], [79.5354229, 27.1409907], [79.5362221, 27.140875], [79.537853, 27.1407064], [79.5388358, 27.1406092], [79.5407746, 27.1404252], [79.5418478, 27.1403229], [79.5433757, 27.1401637], [79.5443165, 27.1400647], [79.5444635, 27.1400489], [79.5447852, 27.1399871], [79.5450452, 27.1399286], [79.5452769, 27.1398393], [79.5455052, 27.139753], [79.5462225, 27.1394463], [79.546885, 27.1391246], [79.5475336, 27.1388281], [79.5480249, 27.1385986], [79.5485032, 27.1383795], [79.5489045, 27.1382465], [79.5491611, 27.1381879], [79.5493662, 27.1381498], [79.5496503, 27.1381161], [79.550108, 27.1380907], [79.550336, 27.1380907], [79.5515839, 27.138131], [79.5523446, 27.1381548], [79.5527831, 27.138168], [79.5551975, 27.1382079], [79.5559099, 27.1382068], [79.560483, 27.1382735], [79.5640454, 27.1383601], [79.5660204, 27.1383859], [79.5683395, 27.1384111], [79.5704149, 27.1384435], [79.5720972, 27.1384669], [79.572692, 27.1384794], [79.574261, 27.1385015], [79.5753863, 27.1385157], [79.5758554, 27.1385129], [79.5764644, 27.1384247], [79.5800239, 27.1379628], [79.5814915, 27.1377785], [79.5823018, 27.1376504], [79.5830199, 27.137499], [79.5832606, 27.1374472], [79.583939, 27.1373013], [79.5843173, 27.1371536], [79.584349, 27.1371411], [79.58647, 27.1363086], [79.5872604, 27.135836]], [[79.4900798, 27.1540858], [79.4904801, 27.1539036], [79.4906717, 27.1538452], [79.4910178, 27.1537868], [79.4913584, 27.1537699], [79.4916911, 27.153798], [79.4919616, 27.1538578], [79.4921673, 27.1539135], [79.4925811, 27.1540256], [79.4930201, 27.154188], [79.4939527, 27.1545331], [79.4957502, 27.1552614], [79.4961724, 27.1554275], [79.4965516, 27.1555254], [79.4969587, 27.1555878], [79.4974695, 27.1556013], [79.4989995, 27.1554418], [79.4990364, 27.155438], [79.4998051, 27.1553675], [79.5003233, 27.1553121], [79.5008536, 27.1552094], [79.5012857, 27.1550959], [79.5024497, 27.1546765], [79.5033797, 27.1542062], [79.5038095, 27.1539445], [79.5043192, 27.1535462], [79.5047228, 27.1531544], [79.50515, 27.1526984], [79.5056639, 27.1521291], [79.5066554, 27.1508528], [79.5080865, 27.1490107], [79.5093231, 27.1474641], [79.5096994, 27.1469923], [79.5105598, 27.1459134], [79.5109103, 27.1455281], [79.5112803, 27.1452727], [79.5115558, 27.145133], [79.5116785, 27.1450922], [79.5120237, 27.1449775]], [[79.481893, 27.1581746], [79.4822064, 27.1580494], [79.484115, 27.1572868], [79.4854956, 27.1567367], [79.4862876, 27.1563521], [79.4871472, 27.1558638], [79.4900798, 27.1540858]], [[79.4733335, 27.1617108], [79.474756, 27.1610152], [79.4775827, 27.1598966], [79.4775992, 27.1598901], [79.481893, 27.1581746]], [[79.4703542, 27.1632755], [79.4706935, 27.163099], [79.4710749, 27.1629007], [79.4730272, 27.1618606], [79.4733335, 27.1617108]], [[79.464042, 27.166558], [79.4703542, 27.1632755]], [[79.4507616, 27.1734212], [79.4517753, 27.1729051], [79.4601233, 27.1686011], [79.4623514, 27.1674371], [79.4635032, 27.1668382], [79.464042, 27.166558]], [[79.4505876, 27.1735152], [79.4507616, 27.1734212]], [[79.3926185, 27.1889403], [79.3932678, 27.1888142], [79.3940986, 27.1886426], [79.3953827, 27.1883074], [79.3967421, 27.1879546], [79.3975316, 27.1877757], [79.3988662, 27.1874733], [79.402344, 27.1866854], [79.4054656, 27.1859698], [79.4081223, 27.1853608], [79.417819, 27.1831057], [79.4225143, 27.1820151], [79.4244123, 27.1815783], [79.4300564, 27.1802584], [79.4325182, 27.1796869], [79.433922, 27.1793598], [79.4390224, 27.1781638], [79.4425289, 27.177369], [79.4429169, 27.1772703], [79.4432605, 27.1771696], [79.4438424, 27.1769742], [79.4450055, 27.1764257], [79.4488228, 27.1744572], [79.4505876, 27.1735152]], [[79.3874109, 27.1901896], [79.3882799, 27.1899594], [79.3901467, 27.1894917], [79.3921369, 27.1890337], [79.3926185, 27.1889403]], [[79.381655, 27.1918048], [79.3826687, 27.1915149], [79.3848681, 27.1908994], [79.38599, 27.1905839], [79.3867671, 27.1903602], [79.3874109, 27.1901896]], [[79.3546262, 27.199266], [79.3560025, 27.1989174], [79.3563026, 27.1988414], [79.35976, 27.197868], [79.3628901, 27.1970021], [79.3642044, 27.1966394], [79.367592, 27.1957114], [79.3680078, 27.1955897], [79.3698826, 27.1950696], [79.3707664, 27.194818], [79.3709126, 27.1947714], [79.3715899, 27.1945728], [79.3725488, 27.1942943], [79.374201, 27.1938291], [79.3750901, 27.1935822], [79.3753745, 27.1935046], [79.3755864, 27.1934271], [79.3778354, 27.1928318], [79.3808502, 27.192035], [79.381655, 27.1918048]], [[79.3459513, 27.1999936], [79.3468478, 27.1999579], [79.3475492, 27.1999412], [79.3491545, 27.1998982], [79.3509355, 27.1998767], [79.3515792, 27.1998672], [79.351991, 27.1998493], [79.3523048, 27.1998159], [79.3525958, 27.1997742], [79.3533066, 27.1996167], [79.3546262, 27.199266]], [[79.3128025, 27.209965], [79.3136179, 27.2096788], [79.3146586, 27.2092112], [79.3174535, 27.2074556], [79.323117, 27.2038129], [79.3237326, 27.2034288], [79.3240879, 27.2032118], [79.3244782, 27.2029613], [79.3253446, 27.2024198], [79.3261066, 27.201957], [79.3263155, 27.2018246], [79.3265797, 27.2016731], [79.3267742, 27.2015801], [79.3269861, 27.201481], [79.327206, 27.2013976], [79.3274273, 27.2013248], [79.3277089, 27.2012508], [79.3279839, 27.2012055], [79.3282977, 27.201165], [79.3292284, 27.2010803], [79.3300787, 27.201023], [79.3307506, 27.2009717], [79.3314077, 27.2009181], [79.3318972, 27.2008775], [79.3324336, 27.2008226], [79.3331552, 27.2007654], [79.3339933, 27.2006938], [79.3347135, 27.200633], [79.3352929, 27.20059], [79.3359299, 27.2005411], [79.33698, 27.2004493], [79.3376586, 27.2003908], [79.3382527, 27.2003372], [79.3387865, 27.200293], [79.3395495, 27.2002274], [79.3402013, 27.2001809], [79.3408518, 27.2001451], [79.3419313, 27.2001022], [79.3427588, 27.2000771], [79.3434884, 27.200058], [79.3445787, 27.2000509], [79.3452573, 27.200027], [79.3459513, 27.1999936]], [[79.3124485, 27.2100604], [79.3128025, 27.209965]], [[79.3082964, 27.2101606], [79.309085, 27.2102799], [79.3097663, 27.2103276], [79.3109143, 27.2103085], [79.3115741, 27.2102274], [79.3121052, 27.2101272], [79.3124485, 27.2100604]], [[79.3080014, 27.2100938], [79.3082964, 27.2101606]], [[79.2985493, 27.2075748], [79.302379, 27.2086067], [79.302932, 27.2087532], [79.3073952, 27.209965], [79.3080014, 27.2100938]], [[79.2978787, 27.2074128], [79.2985493, 27.2075748]], [[79.2918645, 27.2058213], [79.2978787, 27.2074128]], [[79.2914951, 27.2057189], [79.2918645, 27.2058213]], [[79.2837782, 27.2063685], [79.2844677, 27.2059766], [79.285444, 27.2054899], [79.286356, 27.2052418], [79.2869836, 27.2051369], [79.2875683, 27.2050796], [79.2887485, 27.2051178], [79.2897677, 27.2052896], [79.2914951, 27.2057189]], [[79.2836326, 27.2064513], [79.2837782, 27.2063685]], [[79.2770188, 27.2231828], [79.2776334, 27.2222443], [79.2783536, 27.2208783], [79.2791676, 27.2193344], [79.2800367, 27.2172259], [79.2804444, 27.2159379], [79.280777, 27.2142586], [79.2809701, 27.2128465], [79.2812276, 27.2098219], [79.2814475, 27.2090729], [79.2817855, 27.208362], [79.2821503, 27.2077036], [79.2826867, 27.2071502], [79.283071, 27.206845], [79.2834201, 27.2065989], [79.2836326, 27.2064513]], [[79.2769533, 27.2232828], [79.2770188, 27.2231828]], [[79.2747366, 27.225903], [79.2754125, 27.2253258], [79.2758632, 27.2248059], [79.2765713, 27.2238662], [79.2769533, 27.2232828]], [[79.2744362, 27.2261177], [79.2747366, 27.225903]], [[79.2089909, 27.2453507], [79.2142314, 27.2442091], [79.2196977, 27.2429882], [79.2267878, 27.2414235], [79.2362362, 27.2393634], [79.2375558, 27.2390465], [79.238441, 27.238834], [79.2416369, 27.23797], [79.2458187, 27.2365804], [79.2497939, 27.2352063], [79.2527574, 27.2342093], [79.2538683, 27.2338356], [79.2566586, 27.2329161], [79.2577006, 27.2325413], [79.2593749, 27.2318404], [79.2602092, 27.2314796], [79.2629692, 27.2302858], [79.2666181, 27.2286895], [79.267384, 27.2284343], [79.2684097, 27.2281558], [79.273138, 27.2267378], [79.273814, 27.2264516], [79.2744362, 27.2261177]], [[79.2023732, 27.2472168], [79.2024577, 27.2471603], [79.2031733, 27.2467588], [79.2038515, 27.2464695], [79.208137, 27.2455367], [79.2089909, 27.2453507]], [[79.2020927, 27.2474042], [79.2023732, 27.2472168]], [[79.185977, 27.2605905], [79.1866914, 27.2603196], [79.1878998, 27.2599456], [79.1886175, 27.2596929], [79.1893876, 27.2592422], [79.1935136, 27.2560926], [79.194924, 27.2549912], [79.1957453, 27.2542168], [79.19673, 27.2531622], [79.1971355, 27.2527469], [79.1978806, 27.251984], [79.1991701, 27.2505401], [79.2011413, 27.2482327], [79.2018408, 27.2476082], [79.2020927, 27.2474042]], [[79.1856908, 27.2607061], [79.185977, 27.2605905]], [[79.181161, 27.2633368], [79.1829536, 27.2622707], [79.1843566, 27.2614297], [79.1856908, 27.2607061]], [[79.1797737, 27.2640831], [79.181161, 27.2633368]], [[79.165855, 27.2644244], [79.1663071, 27.2643252], [79.1669514, 27.2642398], [79.1675015, 27.2642329], [79.1698117, 27.2644605], [79.1716649, 27.2647092], [79.1743441, 27.2649871], [79.1749568, 27.2650675], [79.175624, 27.2651002], [79.1761841, 27.2651002], [79.1768362, 27.2650154], [79.1775786, 27.2648868], [79.1782994, 27.2646981], [79.1791984, 27.2643433], [79.1797737, 27.2640831]], [[79.1655357, 27.264522], [79.165855, 27.2644244]], [[79.1591329, 27.2694794], [79.1594392, 27.2692356], [79.160158, 27.2686301], [79.1631299, 27.2660504], [79.1638058, 27.2654591], [79.164294, 27.2651254], [79.1647229, 27.2648764], [79.1650781, 27.2646782], [79.1655357, 27.264522]], [[79.1116595, 27.3090606], [79.1123291, 27.308531], [79.1137066, 27.3074264], [79.1152216, 27.3061978], [79.1159819, 27.3055761], [79.1160409, 27.305528], [79.1166495, 27.3050317], [79.1182955, 27.3037181], [79.1195098, 27.3027443], [79.1220719, 27.3006858], [79.124056, 27.299085], [79.1265309, 27.2970671], [79.1297458, 27.2944877], [79.1327838, 27.2920718], [79.1345428, 27.2906726], [79.1368901, 27.288825], [79.1376395, 27.2882254], [79.139963, 27.2863991], [79.141582, 27.2851059], [79.1424067, 27.2843999], [79.1424686, 27.2843458], [79.1430241, 27.2838601], [79.145527, 27.2816868], [79.1464408, 27.2809185], [79.147341, 27.2801408], [79.1477608, 27.2797782], [79.1489131, 27.2787017], [79.1503085, 27.2773784], [79.150978, 27.2767567], [79.1517122, 27.2760726], [79.1530269, 27.2748862], [79.1542658, 27.2737498], [79.1559564, 27.2722606], [79.1575374, 27.2708637], [79.1584068, 27.2701029], [79.1591329, 27.2694794]], [[79.1112374, 27.3093944], [79.1116595, 27.3090606]], [[79.065918, 27.3357791], [79.0661972, 27.3355669], [79.0664889, 27.3353451], [79.0685742, 27.33378], [79.0688339, 27.333581], [79.0708336, 27.3321228], [79.0734531, 27.3302313], [79.0747825, 27.3292628], [79.0760444, 27.3283591], [79.0764213, 27.3280888], [79.0765338, 27.3280135], [79.076961, 27.3277336], [79.0770723, 27.32767], [79.0780505, 27.3271244], [79.0781943, 27.327047], [79.0788277, 27.3267063], [79.0796385, 27.3262683], [79.0799827, 27.326083], [79.0829236, 27.3245982], [79.0830932, 27.3245138], [79.0839752, 27.3240747], [79.0859939, 27.3230696], [79.0903467, 27.3208894], [79.0937327, 27.3192229], [79.0968863, 27.3176683], [79.0985266, 27.3168506], [79.1014052, 27.315447], [79.1039903, 27.3141821], [79.1048485, 27.3137627], [79.1049602, 27.3137095], [79.1051811, 27.313595], [79.1054252, 27.3134614], [79.1056854, 27.3133183], [79.1060972, 27.3130721], [79.1065427, 27.3127908], [79.1070356, 27.3124807], [79.1074064, 27.3122473], [79.1082223, 27.3117412], [79.1084435, 27.311599], [79.1085625, 27.3115179], [79.108704, 27.3114169], [79.1098292, 27.3105225], [79.1109039, 27.3096582], [79.1112374, 27.3093944]], [[79.0560613, 27.3403385], [79.0563554, 27.3401975], [79.056524, 27.34012], [79.0574432, 27.3397401], [79.0579144, 27.339539], [79.0580773, 27.3394618], [79.0581953, 27.3393997], [79.0591223, 27.3388556], [79.0596287, 27.3385556], [79.0601518, 27.3382992], [79.0602957, 27.33824], [79.0605667, 27.3381426], [79.0619778, 27.3376836], [79.0622062, 27.337609], [79.0634507, 27.3372025], [79.0637916, 27.3370768], [79.0640551, 27.3369662], [79.0644871, 27.3367557], [79.0646731, 27.336656], [79.0648027, 27.3365838], [79.0649236, 27.336509], [79.0650839, 27.3364017], [79.065405, 27.3361692], [79.065918, 27.3357791]], [[79.011526, 27.3663018], [79.0116316, 27.3662401], [79.0116959, 27.3662033], [79.0118866, 27.3660846], [79.0119776, 27.3660277], [79.0124434, 27.3657113], [79.0132813, 27.3651513], [79.015487, 27.3637265], [79.0166533, 27.3629842], [79.0175268, 27.3624226], [79.019252, 27.3613332], [79.0198983, 27.3609229], [79.0212532, 27.3600608], [79.0226977, 27.3591411], [79.0246954, 27.3578758], [79.0256204, 27.3572862], [79.0265397, 27.3566966], [79.0274184, 27.3561389], [79.0277684, 27.3559169], [79.0282718, 27.3555898], [79.0291579, 27.3550039], [79.0292421, 27.3549431], [79.0295942, 27.3546754], [79.0298159, 27.354493], [79.0299397, 27.3543861], [79.0320191, 27.3525859], [79.0335165, 27.3512753], [79.0338371, 27.3510202], [79.0342027, 27.350765], [79.034447, 27.3506233], [79.0346797, 27.3504989], [79.0385005, 27.3486303], [79.0403307, 27.3477246], [79.04204, 27.3468688], [79.0454447, 27.3451938], [79.0466467, 27.3446031], [79.047476, 27.3442087], [79.0482858, 27.3438349], [79.0511145, 27.3426147], [79.0526838, 27.3419223], [79.0537757, 27.3414316], [79.0539416, 27.3413557], [79.0541192, 27.3412695], [79.0553221, 27.3406929], [79.0560613, 27.3403385]], [[78.9944914, 27.3746565], [78.9981581, 27.3728631], [78.9994009, 27.3722388], [79.0017176, 27.3711253], [79.0035169, 27.3702399], [79.0050261, 27.3695134], [79.0054538, 27.3692998], [79.009399, 27.3673814], [79.0108194, 27.3666844], [79.0109266, 27.3666319], [79.0109936, 27.3665937], [79.011526, 27.3663018]], [[78.9892383, 27.3774552], [78.9893174, 27.3773885], [78.9895347, 27.3772075], [78.9896648, 27.3771122], [78.9899062, 27.376949], [78.9902428, 27.3767668], [78.99149, 27.3761416], [78.9934252, 27.375202], [78.9944914, 27.3746565]], [[78.9890733, 27.3776136], [78.9892383, 27.3774552]], [[78.9880487, 27.379544], [78.9882244, 27.3790295], [78.9883035, 27.3788211], [78.9883532, 27.3786865], [78.9884457, 27.3784984], [78.9886147, 27.3781911], [78.9887206, 27.3780292], [78.9888614, 27.3778434], [78.9890733, 27.3776136]], [[78.9876819, 27.3805336], [78.9880487, 27.379544]], [[78.9849374, 27.3878703], [78.9851332, 27.3874463], [78.9851734, 27.3873415], [78.9852244, 27.3872046], [78.9854349, 27.3866842], [78.9855784, 27.3863246], [78.9857796, 27.3857709], [78.9865199, 27.3836977], [78.9868793, 27.3826652], [78.9875123, 27.380979], [78.9876819, 27.3805336]], [[78.9848556, 27.3880108], [78.9849374, 27.3878703]], [[78.9830786, 27.39074], [78.9835694, 27.390116], [78.9836875, 27.3899517], [78.9838618, 27.3896921], [78.9842936, 27.3890372], [78.9843929, 27.3888753], [78.9845109, 27.3886681], [78.9848556, 27.3880108]], [[78.9828479, 27.3910044], [78.9830786, 27.39074]], [[78.9761451, 27.3984284], [78.9782265, 27.3961268], [78.9797366, 27.3944551], [78.9817938, 27.392207], [78.9821076, 27.3918545], [78.9828479, 27.3910044]], [[78.9760499, 27.3985284], [78.9760914, 27.3984868], [78.9761451, 27.3984284]], [[78.9729787, 27.401361], [78.9748603, 27.3997179], [78.9749904, 27.3995965], [78.9751822, 27.3994119], [78.9760499, 27.3985284]], [[78.9728688, 27.4014563], [78.9729787, 27.401361]], [[78.9692612, 27.4033732], [78.9694972, 27.4033517], [78.9697896, 27.4033065], [78.9699572, 27.403272], [78.9701678, 27.4032136], [78.9703757, 27.4031505], [78.9706868, 27.4030338], [78.9708625, 27.4029612], [78.9710395, 27.4028719], [78.9711669, 27.4028017], [78.971297, 27.4027255], [78.9720641, 27.4021444], [78.9728688, 27.4014563]], [[78.9581314, 27.4037923], [78.9584506, 27.4036851], [78.9620018, 27.4024373], [78.9621212, 27.4024052], [78.9625423, 27.4023064], [78.9628105, 27.4022611], [78.963072, 27.4022326], [78.9635682, 27.4022135], [78.9640497, 27.4022361], [78.9644305, 27.4022838], [78.9647014, 27.4023349], [78.9649133, 27.4023814], [78.9653867, 27.4025088], [78.9668258, 27.4029529], [78.9670618, 27.4030231], [78.9674225, 27.4031231], [78.967613, 27.4031779], [78.968136, 27.4033029], [78.9682822, 27.4033339], [78.9685303, 27.4033613], [78.9688455, 27.4033791], [78.9691579, 27.4033767], [78.9692612, 27.4033732]], [[78.956632, 27.4042757], [78.9581314, 27.4037923]], [[78.9465509, 27.4097595], [78.9473113, 27.4093475], [78.9481173, 27.4089034], [78.9496194, 27.4080653], [78.9502296, 27.4077319], [78.9525819, 27.4064223], [78.9528421, 27.406283], [78.9546043, 27.405296], [78.9553888, 27.4048614], [78.9557187, 27.4046781], [78.9558582, 27.4046055], [78.9559762, 27.4045435], [78.9561868, 27.4044507], [78.956632, 27.4042757]], [[78.8960181, 27.4391252], [78.8974357, 27.438367], [78.8985045, 27.4378207], [78.8992019, 27.4374505], [78.9009199, 27.436515], [78.9023964, 27.4356854], [78.9040326, 27.4347879], [78.9051081, 27.4341856], [78.9064264, 27.4334345], [78.9071667, 27.4330298], [78.9076415, 27.4327537], [78.9079258, 27.4326013], [78.9095002, 27.4317515], [78.91028, 27.4313129], [78.9110747, 27.4308659], [78.9116594, 27.4305135], [78.9122978, 27.4301088], [78.9135128, 27.4293184], [78.9155902, 27.427965], [78.9168146, 27.4271806], [78.9172277, 27.4269246], [78.9175697, 27.4267223], [78.9177869, 27.4265961], [78.9180672, 27.4264199], [78.9195669, 27.4254889], [78.9196068, 27.4254641], [78.9226297, 27.4235499], [78.9238071, 27.4227714], [78.925226, 27.4218952], [78.9265779, 27.4210381], [78.9273339, 27.4205661], [78.928839, 27.4196263], [78.9290428, 27.4195049], [78.9292359, 27.4193953], [78.9300916, 27.4189549], [78.9307943, 27.4185692], [78.931371, 27.4182287], [78.9344448, 27.4165025], [78.934603, 27.416393], [78.9347492, 27.4162894], [78.9349222, 27.4161751], [78.9351123, 27.4160706], [78.9359187, 27.4156275], [78.9370948, 27.4149751], [78.9390099, 27.4139239], [78.940237, 27.4132501], [78.9416626, 27.4124632], [78.9429916, 27.4117322], [78.9436635, 27.4113631], [78.9456028, 27.4102904], [78.9465509, 27.4097595]], [[78.8956507, 27.4393299], [78.8960181, 27.4391252]], [[78.8918285, 27.441458], [78.8920766, 27.4413378], [78.8921987, 27.4412783], [78.8923153, 27.4412176], [78.8926224, 27.4410522], [78.892715, 27.4409986], [78.8936511, 27.4404404], [78.8941433, 27.4401642], [78.89461, 27.4399], [78.8948272, 27.4397798], [78.8956507, 27.4393299]], [[78.8847099, 27.4442157], [78.8859223, 27.4437587], [78.8882947, 27.4428601], [78.8906229, 27.4419591], [78.8914476, 27.4416282], [78.8918285, 27.441458]], [[78.8469712, 27.4636698], [78.8490768, 27.4618467], [78.8493115, 27.4616397], [78.8495314, 27.4614398], [78.8496883, 27.4612934], [78.850619, 27.4604544], [78.8512547, 27.4598916], [78.8514894, 27.4596857], [78.8520634, 27.4591978], [78.8522337, 27.4590728], [78.8523397, 27.4590014], [78.8525207, 27.4588824], [78.8529378, 27.4586468], [78.853481, 27.4583803], [78.8558105, 27.4572711], [78.8559225, 27.4572189], [78.8560988, 27.4571367], [78.8575319, 27.4564719], [78.8575995, 27.4564405], [78.8586563, 27.4559335], [78.8593402, 27.4556122], [78.8595495, 27.4555113], [78.8605124, 27.455047], [78.8614572, 27.4545977], [78.8626072, 27.4540509], [78.8630028, 27.4538616], [78.8641132, 27.4533404], [78.8651043, 27.4528691], [78.8658004, 27.4525389], [78.8663059, 27.4522991], [78.8666385, 27.4521444], [78.8697982, 27.4506496], [78.8701549, 27.4504782], [78.8715497, 27.4498189], [78.871783, 27.4497094], [78.8729122, 27.4491798], [78.8734114, 27.448946], [78.8734688, 27.4489192], [78.8739397, 27.4486981], [78.8747214, 27.4483312], [78.8751469, 27.4481253], [78.8751787, 27.4481099], [78.8760155, 27.4477278], [78.8769932, 27.447272], [78.8779722, 27.4468114], [78.8783987, 27.4466281], [78.8787796, 27.4464687], [78.8794175, 27.4462167], [78.8794515, 27.4462033], [78.8807593, 27.4457064], [78.8812955, 27.445507], [78.8819768, 27.4452499], [78.8839562, 27.4444966], [78.8847099, 27.4442157]], [[78.8398379, 27.4668838], [78.8405755, 27.4667767], [78.8419783, 27.4665459], [78.8424262, 27.4664602], [78.842673, 27.4664079], [78.8429546, 27.4663222], [78.8433784, 27.4661889], [78.8435608, 27.466127], [78.8437647, 27.4660414], [78.8439685, 27.4659462], [78.8445532, 27.4656344], [78.8448563, 27.4654488], [78.8454142, 27.4650418], [78.8469712, 27.4636698]], [[78.8283312, 27.4690257], [78.8286571, 27.4688924], [78.8290662, 27.4687401], [78.8292418, 27.4686806], [78.8294899, 27.4686116], [78.8297796, 27.4685295], [78.8300639, 27.4684688], [78.8331572, 27.4679363], [78.8357341, 27.4675264], [78.8365759, 27.4673957], [78.8367544, 27.467368], [78.8368915, 27.4673467], [78.8373971, 27.4672599], [78.8382809, 27.4671171], [78.8398379, 27.4668838]], [[78.8282099, 27.4690781], [78.8283312, 27.4690257]], [[78.8269566, 27.4697801], [78.8272235, 27.4696016], [78.8277814, 27.4692791], [78.8280711, 27.4691387], [78.8282099, 27.4690781]], [[78.8268667, 27.4698432], [78.8269566, 27.4697801]], [[78.8237232, 27.4730249], [78.8238922, 27.4728429], [78.82548, 27.4710795], [78.826443, 27.4701585], [78.8268667, 27.4698432]], [[78.8183293, 27.4768384], [78.8190883, 27.4766599], [78.8195014, 27.4765385], [78.819724, 27.47646], [78.8199252, 27.4763838], [78.8201357, 27.4762958], [78.8203865, 27.4761768], [78.8207084, 27.4760031], [78.8210168, 27.4758151], [78.8212368, 27.4756557], [78.8216579, 27.4753082], [78.8219154, 27.4750607], [78.8220629, 27.4749037], [78.8223311, 27.4746086], [78.8232458, 27.4735639], [78.8237232, 27.4730249]], [[78.7822321, 27.4905538], [78.7828461, 27.490307], [78.7838897, 27.4898876], [78.7854481, 27.489257], [78.7856305, 27.4891904], [78.7867411, 27.4887467], [78.7887391, 27.4879484], [78.7897718, 27.4875534], [78.7912617, 27.4869421], [78.7916681, 27.4867753], [78.7930682, 27.4862066], [78.795678, 27.4851478], [78.7964645, 27.4848391], [78.7969574, 27.4846457], [78.7975013, 27.4844268], [78.799594, 27.4835845], [78.8004363, 27.4832442], [78.80189, 27.4826541], [78.8030085, 27.482202], [78.8035154, 27.4820021], [78.8046613, 27.4815393], [78.805224, 27.481312], [78.8067663, 27.4806981], [78.8087404, 27.4799152], [78.810422, 27.479241], [78.8104972, 27.4792108], [78.8120073, 27.4786231], [78.8129729, 27.4782661], [78.8134021, 27.4781234], [78.8137722, 27.4780068], [78.8150811, 27.4776117], [78.8154347, 27.4775269], [78.8164214, 27.4772902], [78.8175407, 27.4770216], [78.8183293, 27.4768384]], [[78.7729919, 27.4956859], [78.7754407, 27.4940871], [78.777101, 27.4930045], [78.7775758, 27.4927238], [78.7783965, 27.4922241], [78.7788069, 27.4920028], [78.7791154, 27.4918601], [78.7797779, 27.491565], [78.7804601, 27.4912839], [78.7822321, 27.4905538]], [[78.7642804, 27.5011791], [78.7649883, 27.5007181], [78.7664929, 27.499777], [78.7685126, 27.4984768], [78.7698698, 27.4976179], [78.7709427, 27.4969565], [78.7715921, 27.4965538], [78.7721341, 27.4962177], [78.7729919, 27.4956859]], [[78.75254, 27.5086854], [78.7546563, 27.5072675], [78.7558499, 27.5065133], [78.7575092, 27.5055542], [78.757938, 27.5052766], [78.7583635, 27.5050224], [78.7616232, 27.5029586], [78.7642804, 27.5011791]], [[78.7121245, 27.5371317], [78.7142263, 27.5358516], [78.7146941, 27.5355667], [78.7150227, 27.535355], [78.7153351, 27.5351362], [78.715425, 27.5350672], [78.7155296, 27.5349804], [78.7163302, 27.5343086], [78.7176727, 27.5331657], [78.7184867, 27.5324771], [78.7207574, 27.5305305], [78.7208953, 27.5304126], [78.7220702, 27.5294137], [78.7224589, 27.5290841], [78.7232262, 27.5284337], [78.7244627, 27.5274371], [78.7255624, 27.5266117], [78.7258535, 27.526413], [78.7269625, 27.5256413], [78.7272522, 27.525451], [78.7273137, 27.5254098], [78.7275365, 27.5252607], [78.7284136, 27.5246589], [78.7303179, 27.523384], [78.7313238, 27.5227037], [78.7325388, 27.5218926], [78.7336117, 27.5211849], [78.7346444, 27.5204867], [78.7363234, 27.5193711], [78.7375545, 27.5185362], [78.7386811, 27.5177869], [78.7396494, 27.5171422], [78.7411058, 27.5161717], [78.742691, 27.5151179], [78.7438989, 27.5143165], [78.7448099, 27.513712], [78.745746, 27.5130935], [78.7464256, 27.5126438], [78.7468886, 27.5123513], [78.7471142, 27.5122057], [78.7486401, 27.5112213], [78.7494609, 27.510686], [78.7512419, 27.5095299], [78.7519057, 27.5090981], [78.75254, 27.5086854]], [[78.7057489, 27.541415], [78.7062156, 27.5408823], [78.7067896, 27.5404161], [78.7108612, 27.5378904], [78.7121245, 27.5371317]], [[78.7055558, 27.5416861], [78.7057489, 27.541415]], [[78.7042522, 27.5530393], [78.7049925, 27.543289], [78.7051266, 27.5426184], [78.705309, 27.5421285], [78.7055558, 27.5416861]], [[78.7042308, 27.5532676], [78.7042522, 27.5530393]], [[78.7009492, 27.5660264], [78.7013555, 27.5650095], [78.7014717, 27.5646633], [78.7030613, 27.5599305], [78.703587, 27.5578047], [78.7037748, 27.5569011], [78.7039733, 27.5559689], [78.7040591, 27.5552175], [78.7042308, 27.5532676]], [[78.7007601, 27.5664517], [78.7009492, 27.5660264]], [[78.6957335, 27.5737117], [78.6966991, 27.572599], [78.6984801, 27.5702594], [78.6992526, 27.5691657], [78.6998749, 27.5680957], [78.7005615, 27.5668736], [78.7007601, 27.5664517]], [[78.6955619, 27.5738828], [78.6957335, 27.5737117]], [[78.6866838, 27.58325], [78.6876816, 27.5821802], [78.6927831, 27.5767073], [78.6934805, 27.5759561], [78.6940598, 27.5753522], [78.6955619, 27.5738828]], [[78.6865497, 27.5833736], [78.6866838, 27.58325]], [[78.6785277, 27.5872524], [78.6792862, 27.5871583], [78.6802143, 27.5869586], [78.6816573, 27.5865307], [78.6826014, 27.5861408], [78.6834866, 27.5856939], [78.6841357, 27.5853183], [78.6848277, 27.5848808], [78.6857879, 27.5841058], [78.6865497, 27.5833736]], [[78.6778777, 27.5873239], [78.6785277, 27.5872524]], [[78.6711243, 27.5880443], [78.6778777, 27.5873239]], [[78.6703582, 27.5881218], [78.6711243, 27.5880443]], [[78.6647392, 27.5887177], [78.6703582, 27.5881218]], [[78.6643356, 27.5887605], [78.6647392, 27.5887177]], [[78.6501253, 27.5902439], [78.6554839, 27.5896846], [78.6643356, 27.5887605]], [[78.6498463, 27.5902724], [78.6501253, 27.5902439]], [[78.6301267, 27.5889697], [78.6356735, 27.5902249], [78.6371005, 27.5905244], [78.6383557, 27.5907479], [78.6393374, 27.590862], [78.6405069, 27.5909571], [78.6414832, 27.5909951], [78.6424273, 27.5909809], [78.6433661, 27.5909286], [78.6437186, 27.5909025], [78.6442029, 27.5908667], [78.6498463, 27.5902724]], [[78.6288553, 27.5886797], [78.6301267, 27.5889697]], [[78.620224, 27.587648], [78.6206692, 27.5875577], [78.6211199, 27.5875149], [78.6217904, 27.5874768], [78.6224234, 27.5874959], [78.6232388, 27.5875814], [78.6244082, 27.5877954], [78.625862, 27.5880521], [78.6271602, 27.5883041], [78.6288553, 27.5886797]], [[78.6198968, 27.5877193], [78.620224, 27.587648]], [[78.6100528, 27.5937004], [78.6111519, 27.592951], [78.6118662, 27.5924927], [78.6155784, 27.5900633], [78.6179227, 27.5885513], [78.6185932, 27.5882043], [78.6192959, 27.5879095], [78.6198968, 27.5877193]], [[78.5944748, 27.6013663], [78.5954685, 27.600877], [78.5957476, 27.6007388], [78.5960628, 27.6005971], [78.5967252, 27.600252], [78.598127, 27.5995662], [78.5989138, 27.5991961], [78.5995487, 27.59889], [78.5997029, 27.5988156], [78.6004373, 27.5984497], [78.6011828, 27.5980957], [78.6017454, 27.5978246], [78.6020075, 27.5977086], [78.6022177, 27.5976074], [78.6028511, 27.5972965], [78.6031785, 27.5971667], [78.6036578, 27.5969955], [78.6040668, 27.5968984], [78.6045448, 27.5967797], [78.6049721, 27.596694], [78.6055077, 27.5965294], [78.6058547, 27.5963787], [78.6061937, 27.596206], [78.6068183, 27.5958278], [78.6074504, 27.5954075], [78.6087495, 27.5945513], [78.6099043, 27.5937974], [78.6100528, 27.5937004]], [[78.5919455, 27.6025714], [78.5944748, 27.6013663]], [[78.5888519, 27.6040488], [78.5892659, 27.6038478], [78.5898072, 27.6035848], [78.5902932, 27.6033486], [78.5913098, 27.6028685], [78.5919455, 27.6025714]], [[78.5878658, 27.604518], [78.5885954, 27.6041734], [78.5888519, 27.6040488]], [[78.5630755, 27.6139004], [78.5632618, 27.6138613], [78.5639352, 27.6137019], [78.5650456, 27.6134738], [78.5655257, 27.6133692], [78.5661855, 27.6131767], [78.5666388, 27.6129889], [78.5671028, 27.6127513], [78.5676312, 27.6123971], [78.5678807, 27.6121975], [78.5683474, 27.6117364], [78.5689831, 27.6110852], [78.5695061, 27.6105433], [78.5701016, 27.6099229], [78.5707211, 27.6092955], [78.571161, 27.608851], [78.5718799, 27.6081784], [78.5724887, 27.6076864], [78.5731888, 27.6072395], [78.5736099, 27.6070066], [78.5742402, 27.6067], [78.5748705, 27.6064243], [78.5753024, 27.606265], [78.5757396, 27.6061462], [78.5764611, 27.6059632], [78.5771263, 27.6058396], [78.5778987, 27.6057588], [78.5784218, 27.6057279], [78.5787839, 27.605735], [78.5794517, 27.6057635], [78.5805058, 27.6057968], [78.5820642, 27.6058182], [78.5831398, 27.6058206], [78.5836279, 27.6057873], [78.5841107, 27.6057421], [78.584623, 27.6056661], [78.5853124, 27.6055187], [78.5858622, 27.6053642], [78.5862511, 27.6052264], [78.5869244, 27.6049625], [78.5878658, 27.604518]], [[78.5627791, 27.613961], [78.5630755, 27.6139004]], [[78.5361394, 27.6194367], [78.5370916, 27.6192537], [78.5379928, 27.6190755], [78.5387206, 27.6189499], [78.5389155, 27.6189163], [78.5392039, 27.6188643], [78.5397202, 27.6187713], [78.5413805, 27.6184338], [78.5424507, 27.6182294], [78.5441431, 27.6178991], [78.5448807, 27.6177399], [78.5466698, 27.6174048], [78.5475388, 27.6172241], [78.5493037, 27.6168724], [78.5502425, 27.6166728], [78.5522193, 27.6162569], [78.5535336, 27.615955], [78.5545072, 27.6157483], [78.5555713, 27.6155259], [78.5560437, 27.6154271], [78.5561675, 27.6154013], [78.5569909, 27.6152206], [78.5582998, 27.6149354], [78.5594264, 27.6146906], [78.5608023, 27.6143912], [78.5620177, 27.6141296], [78.5621273, 27.614106], [78.5627791, 27.613961]], [[78.5317111, 27.6203232], [78.5320947, 27.6202162], [78.5330978, 27.6200261], [78.5343638, 27.6197908], [78.5354018, 27.6195817], [78.5361394, 27.6194367]], [[78.4525055, 27.6557588], [78.454155, 27.6550128], [78.4551823, 27.6545591], [78.4570625, 27.6537228], [78.4575943, 27.6534953], [78.4588784, 27.6529459], [78.4600532, 27.6524042], [78.4613085, 27.6518577], [78.4624135, 27.6513636], [78.4636366, 27.6508219], [78.4643233, 27.6505296], [78.465592, 27.6499689], [78.4668258, 27.6494225], [78.467853, 27.6489785], [78.4686524, 27.6486194], [78.4701276, 27.6479613], [78.4712005, 27.6474885], [78.4721937, 27.6470385], [78.4723753, 27.6469562], [78.4729359, 27.646721], [78.4746954, 27.6459607], [78.4754008, 27.6456447], [78.4774366, 27.6447561], [78.4783329, 27.644373], [78.4785819, 27.6442666], [78.479459, 27.6438983], [78.4806365, 27.6433899], [78.4813982, 27.6430572], [78.4829888, 27.6423587], [78.4841394, 27.6418597], [78.4853867, 27.6412965], [78.4860706, 27.6410043], [78.4875593, 27.6403318], [78.4885436, 27.6398994], [78.4898391, 27.6393291], [78.4907189, 27.6389442], [78.4920144, 27.638362], [78.4929746, 27.6379391], [78.4941065, 27.6374448], [78.4946023, 27.6372226], [78.4946186, 27.6372153]], [[78.4946186, 27.6372153], [78.4946777, 27.6371888]], [[78.4946777, 27.6371888], [78.4947065, 27.637176], [78.4947959, 27.6371359], [78.4962469, 27.6364944], [78.497173, 27.6360815], [78.4979099, 27.635753], [78.4989855, 27.6352754], [78.4999251, 27.6348602], [78.4999967, 27.6348286], [78.5012278, 27.6342631], [78.5027513, 27.6335811], [78.503564, 27.6331962], [78.5044572, 27.6327661], [78.5051385, 27.6324571], [78.5061014, 27.6320342], [78.5063919, 27.6319037], [78.5068578, 27.6316944], [78.5082713, 27.6310528], [78.5091779, 27.6306464], [78.509945, 27.6302923], [78.5108221, 27.629905], [78.5121551, 27.6292966], [78.5131636, 27.6288428], [78.514435, 27.6282558], [78.515136, 27.6279403], [78.5156125, 27.6277259], [78.5170394, 27.6270724], [78.5173816, 27.6269264], [78.517781, 27.6267563], [78.5180479, 27.6266422], [78.5188016, 27.6263119], [78.5194641, 27.6260196], [78.520081, 27.6257083], [78.5212022, 27.6251807], [78.522377, 27.6246484], [78.5224783, 27.6246012], [78.5232472, 27.6242431], [78.5237342, 27.6240163], [78.5247025, 27.6235576], [78.5247913, 27.6235156], [78.5258827, 27.6229991], [78.5263459, 27.6227656], [78.5264335, 27.6227214], [78.5265237, 27.6226759], [78.5276502, 27.622146], [78.528817, 27.6215828], [78.529737, 27.6211478], [78.5303888, 27.6208246], [78.5311854, 27.6205014], [78.5317111, 27.6203232]], [[78.4522587, 27.6558824], [78.4525055, 27.6557588]], [[78.4081028, 27.6771624], [78.4091637, 27.6765306], [78.410022, 27.6760413], [78.4110787, 27.6754356], [78.4120175, 27.6749059], [78.412841, 27.6744047], [78.4139246, 27.6738108], [78.415153, 27.6730721], [78.4159872, 27.672578], [78.4169474, 27.6720388], [78.4176877, 27.6716041], [78.4182617, 27.6712929], [78.4189805, 27.6709437], [78.4199032, 27.6705399], [78.4202766, 27.6703705], [78.4203431, 27.6703404], [78.4215716, 27.6697987], [78.4223521, 27.6694638], [78.4229157, 27.6691951], [78.4233686, 27.6689792], [78.4243342, 27.6685469], [78.4250857, 27.6681897], [78.4256485, 27.6679221], [78.4266436, 27.6674731], [78.4277433, 27.6669719], [78.4284568, 27.6666512], [78.4293795, 27.6662189], [78.429711, 27.666072], [78.4297711, 27.6660454], [78.4311524, 27.6654207], [78.431371, 27.6653171], [78.4318095, 27.6651095], [78.4328288, 27.6646344], [78.433789, 27.6641955], [78.4339204, 27.6641355], [78.4349316, 27.6636627], [78.4351366, 27.663574], [78.4353676, 27.6634739], [78.435787, 27.6632621], [78.4362642, 27.6630327], [78.4366863, 27.662836], [78.4372193, 27.6625877], [78.4377246, 27.6623476], [78.4384253, 27.6620357], [78.439903, 27.6613951], [78.4414499, 27.6607073], [78.4418879, 27.6604931], [78.4427158, 27.6601286], [78.4445007, 27.6592909], [78.4455009, 27.6588373], [78.4464498, 27.658398], [78.4473529, 27.6580056], [78.4477392, 27.6578338], [78.4481567, 27.6576481], [78.4490213, 27.6572888], [78.4501866, 27.6567642], [78.4504831, 27.6566307], [78.4522587, 27.6558824]], [[78.407958, 27.6772456], [78.4081028, 27.6771624]], [[78.0964367, 29.3833453], [78.0977365, 29.3839673], [78.0988035, 29.3845354], [78.1019369, 29.3867584], [78.1041462, 29.3883559], [78.1108855, 29.3930472], [78.1158228, 29.396544], [78.1206456, 29.3999554], [78.1244876, 29.402633], [78.1272832, 29.4047837], [78.1290652, 29.4060798], [78.1305284, 29.4070838], [78.1315747, 29.4076037], [78.1326456, 29.4078529], [78.1339617, 29.4080523], [78.135621, 29.4082731], [78.1399208, 29.4087929], [78.1453567, 29.4094836], [78.1465665, 29.409562], [78.1482177, 29.4097329], [78.149403, 29.4100106], [78.1549043, 29.4115202], [78.1595801, 29.4128518], [78.1606673, 29.4132007], [78.1615501, 29.4135069]]]}}, {"type": "Feature", "id": "relation/5932570", "properties": {"is_in:state": "UP", "network": "IN:NH", "note": "new number", "ref": "334C", "route": "road", "type": "route", "wikidata": "Q56279156", "wikipedia": "en:National Highway 334C (India)", "@id": "relation/5932570", "@class": "other"}, "geometry": {"type": "MultiLineString", "coordinates": [[[77.6969778, 28.466936], [77.6971771, 28.466956]], [[77.6971077, 28.4668067], [77.6969008, 28.4667867]], [[77.4612294, 28.6362745], [77.4616698, 28.6359587], [77.4622101, 28.635567], [77.4626217, 28.6352686], [77.4628375, 28.6351207], [77.4641227, 28.6341804], [77.4643999, 28.6339794], [77.4647682, 28.6337124], [77.4647866, 28.6336971], [77.4648171, 28.6336718], [77.4655843, 28.6331256], [77.4672964, 28.6319067]], [[77.4672964, 28.6319067], [77.4674891, 28.6317577], [77.4675977, 28.6316738], [77.467704, 28.6315978], [77.4677922, 28.6315349], [77.4680175, 28.631374], [77.468608, 28.6309522], [77.4698519, 28.6300584], [77.4699596, 28.629981], [77.4700957, 28.6298897], [77.470596, 28.6295328], [77.4710476, 28.6292095], [77.4715867, 28.6288346], [77.4719053, 28.6285987], [77.4721405, 28.6284359], [77.472507, 28.6281753], [77.4728316, 28.6279466], [77.4735174, 28.6274636], [77.4742457, 28.6269506], [77.475961, 28.625748], [77.4765254, 28.6253396], [77.476835, 28.6251112], [77.4768677, 28.6250899]], [[77.4768677, 28.6250899], [77.4770032, 28.6250095]], [[77.4770032, 28.6250095], [77.4770163, 28.6250007]], [[77.4769701, 28.6249154], [77.4767842, 28.6250399]], [[77.5548953, 28.5733762], [77.5555266, 28.5727772]], [[77.5554118, 28.5726843], [77.5547727, 28.573293]], [[77.5630328, 28.5639746], [77.563144, 28.5638286]], [[77.5555266, 28.5727772], [77.5557508, 28.5725645], [77.5573272, 28.5710615], [77.5581829, 28.5701881], [77.5585095, 28.5697924], [77.5588391, 28.5693929], [77.5598086, 28.5681539], [77.5607467, 28.5669507], [77.5615673, 28.5658983], [77.5630328, 28.5639746]], [[77.5630182, 28.5637054], [77.56291, 28.5638498]], [[77.56291, 28.5638498], [77.5623864, 28.5645487], [77.5615011, 28.565688], [77.5606274, 28.5668429], [77.5606081, 28.5668685], [77.5603247, 28.567243], [77.559794, 28.5679182], [77.5596719, 28.5680736], [77.5595175, 28.56827], [77.5591656, 28.5687449], [77.5588973, 28.5691015], [77.5586321, 28.5694063], [77.5585823, 28.5694636], [77.5584538, 28.5696113], [77.5580002, 28.5701327], [77.5575475, 28.5705921], [77.5566155, 28.571538], [77.5554118, 28.5726843]], [[77.5692896, 28.5558443], [77.5694099, 28.5556883]], [[77.563144, 28.5638286], [77.5639889, 28.5627195], [77.5692896, 28.5558443]], [[77.5692047, 28.5556931], [77.5690953, 28.5558348]], [[77.5690953, 28.5558348], [77.5688917, 28.5560986], [77.566699, 28.5589566], [77.5638256, 28.5626277], [77.5630182, 28.5637054]], [[77.5777634, 28.5418317], [77.5778466, 28.5414217]], [[77.5694099, 28.5556883], [77.5705811, 28.5541691], [77.5726863, 28.5514215], [77.5734183, 28.5503513], [77.5735834, 28.55011], [77.5740385, 28.5494577], [77.5744203, 28.5489103], [77.5747551, 28.5483786], [77.575679, 28.5467137], [77.5760473, 28.5460138], [77.5766565, 28.5447229], [77.577162, 28.5435113], [77.577634, 28.5423791], [77.5777634, 28.5418317]], [[77.5777145, 28.5413058], [77.5776232, 28.5417149]], [[77.5776232, 28.5417149], [77.5773565, 28.5426953], [77.5764158, 28.5448803], [77.5756358, 28.5464947], [77.5747989, 28.5479797], [77.5742332, 28.5489442], [77.5741843, 28.5490168], [77.5739241, 28.5494031], [77.5730448, 28.5507085], [77.5713016, 28.5529734], [77.5704233, 28.5541144], [77.5692047, 28.5556931]], [[77.5798164, 28.5321608], [77.5796562, 28.5324555]], [[77.5796562, 28.5324555], [77.5794313, 28.5328475], [77.5789027, 28.5343233], [77.5785475, 28.5354679], [77.57835, 28.536312], [77.5781457, 28.5371631], [77.5780496, 28.5378009], [77.5779723, 28.5385715], [77.5778207, 28.5403876], [77.5777145, 28.5413058]], [[77.5904555, 28.5244987], [77.5905061, 28.5244652], [77.5905771, 28.5244181]], [[77.5799441, 28.532218], [77.5804403, 28.5315065], [77.5810058, 28.5309287], [77.5817639, 28.5302982], [77.5832481, 28.5292833], [77.5840664, 28.5287606], [77.5841686, 28.5286891], [77.5849477, 28.5281437], [77.5862093, 28.5273139], [77.587634, 28.5263693], [77.5888877, 28.5255381], [77.5904555, 28.5244987]], [[77.579788, 28.532496], [77.5798444, 28.5323955], [77.5798791, 28.5323276], [77.5799441, 28.532218]], [[77.5778466, 28.5414217], [77.5779609, 28.5404013], [77.5781308, 28.5382039], [77.5781686, 28.5379258], [77.5782689, 28.5371895], [77.5785326, 28.5359753], [77.5787306, 28.5352549], [77.5789931, 28.5344148], [77.5795923, 28.5328946], [77.579788, 28.532496]], [[77.5905144, 28.5243252], [77.5904158, 28.5243903], [77.5903893, 28.5244078]], [[77.5903893, 28.5244078], [77.5903485, 28.5244347], [77.5894382, 28.5250167], [77.5890776, 28.5252472], [77.5887835, 28.5254352], [77.5881698, 28.5258276], [77.5863075, 28.5271016], [77.58614, 28.5272098], [77.5848497, 28.5280766], [77.5844966, 28.5283138], [77.5844206, 28.5283647], [77.5834492, 28.5290152], [77.5824376, 28.5297006], [77.5817653, 28.5301685], [77.5809632, 28.5308197], [77.5802527, 28.5315057], [77.5798164, 28.5321608]], [[77.6067316, 28.5137142], [77.6069354, 28.5135797]], [[77.5905771, 28.5244181], [77.5913935, 28.5238769], [77.5918286, 28.5235884], [77.5924989, 28.5231356], [77.5932931, 28.5225719], [77.5937219, 28.5222789], [77.5938908, 28.5221383], [77.5939394, 28.5220978], [77.5942154, 28.5219029], [77.5957298, 28.5209064], [77.5975873, 28.519684], [77.5990604, 28.5187146], [77.6000089, 28.5180971], [77.6009169, 28.517506], [77.6014905, 28.5171325], [77.6023547, 28.5165698], [77.6030251, 28.5161333], [77.6038279, 28.5156108], [77.6060152, 28.5141873], [77.6067316, 28.5137142]], [[77.6068696, 28.5134979], [77.6066703, 28.5136283]], [[77.6066703, 28.5136283], [77.6063858, 28.5138144], [77.6039454, 28.5154183], [77.6037618, 28.5155349], [77.6018223, 28.5167662], [77.6015598, 28.5169329], [77.6012482, 28.5171307], [77.5988967, 28.5186629], [77.5956511, 28.5208088], [77.5941448, 28.5217978], [77.5938958, 28.5219613], [77.5936756, 28.5221203], [77.5934572, 28.522278], [77.5918899, 28.5234098], [77.5917569, 28.5235059], [77.5905144, 28.5243252]], [[77.6069354, 28.5135797], [77.6082927, 28.5126833], [77.6096468, 28.5117967], [77.6106312, 28.5111521], [77.6114477, 28.5106866], [77.612249, 28.5102297], [77.6129604, 28.5097999], [77.613072, 28.5097199], [77.6146086, 28.5086183], [77.6151463, 28.5082328], [77.6153226, 28.5081016], [77.6161761, 28.5074668], [77.6164788, 28.5072416], [77.6176411, 28.506377], [77.6190169, 28.5052527], [77.620573, 28.5041392], [77.6216054, 28.5033881], [77.6216745, 28.5033301], [77.6217526, 28.5032646]], [[77.6215937, 28.5032374], [77.6201018, 28.5043227], [77.6195682, 28.5047086], [77.6188742, 28.5052105], [77.6180912, 28.5058335], [77.6170341, 28.5066887], [77.6156436, 28.5077039], [77.6153693, 28.5079042], [77.6153273, 28.507935], [77.615223, 28.5080115], [77.6147543, 28.5083551], [77.6141717, 28.5087993], [77.6138324, 28.5090598], [77.6126093, 28.5099009], [77.6121385, 28.5102006], [77.6114371, 28.5106259], [77.611394, 28.5106496], [77.6107585, 28.5109983], [77.6100813, 28.511432], [77.6093759, 28.5118881], [77.6082153, 28.5126176], [77.6068696, 28.5134979]], [[77.6217526, 28.5032646], [77.6223796, 28.5028118]], [[77.6224434, 28.5025928], [77.6220747, 28.5028725], [77.6218065, 28.503076], [77.6215937, 28.5032374]], [[77.6223796, 28.5028118], [77.6224707, 28.5027457], [77.6234769, 28.5020161], [77.6245174, 28.5012616], [77.6258813, 28.5002609], [77.6259038, 28.5002444], [77.6265534, 28.4998732], [77.6269659, 28.4996518], [77.6272055, 28.4995085], [77.6273923, 28.4993665], [77.6276279, 28.4991873], [77.6279984, 28.4988117], [77.6286079, 28.4983254], [77.6287221, 28.4982343], [77.6304091, 28.4970295], [77.630792, 28.496756], [77.6320979, 28.4958172], [77.6326955, 28.4953876], [77.6339264, 28.4945028], [77.6348544, 28.4939082], [77.6357793, 28.4932372], [77.6360707, 28.4930157], [77.6365521, 28.492667], [77.6381897, 28.4915222], [77.6393565, 28.4906707], [77.6396593, 28.4904498], [77.6401119, 28.4901163], [77.6417835, 28.4888846], [77.6453028, 28.4863843], [77.6476559, 28.484701], [77.6479874, 28.4844638], [77.649689, 28.4832898]], [[77.6496276, 28.4832039], [77.6487317, 28.4838376], [77.6480112, 28.4843471], [77.6476042, 28.4846371], [77.6465931, 28.4853574], [77.6458916, 28.4858572], [77.6442895, 28.4870004], [77.6421272, 28.4885387], [77.6419097, 28.4886996], [77.6407712, 28.4895423], [77.6390817, 28.4907591], [77.6383703, 28.4912708], [77.6379343, 28.4915844], [77.6377846, 28.4916921], [77.6370514, 28.4921463], [77.6368836, 28.4922503], [77.635624, 28.4931503], [77.6334581, 28.4947058], [77.6326793, 28.4952636], [77.6312222, 28.4963073], [77.6307179, 28.496667], [77.6303253, 28.4969447], [77.6296504, 28.4974222], [77.6288477, 28.4979901], [77.6286529, 28.4981279], [77.6285061, 28.4982187], [77.6284357, 28.4982623], [77.6277341, 28.4986967], [77.6271956, 28.4989832], [77.6270734, 28.4990797], [77.6268548, 28.4992524], [77.6265979, 28.4995085], [77.6262888, 28.4997802], [77.6261582, 28.4998949], [77.625786, 28.5001709], [77.6244021, 28.501197], [77.62388, 28.5015691], [77.6224434, 28.5025928]], [[77.649689, 28.4832898], [77.6503339, 28.4828449], [77.6531648, 28.4808489], [77.6549628, 28.4795531]], [[77.6549022, 28.4794695], [77.6524913, 28.4811764], [77.6496276, 28.4832039]], [[77.6549628, 28.4795531], [77.6555189, 28.4791523], [77.6577191, 28.4775799], [77.6608164, 28.4753953], [77.6623857, 28.4743168], [77.6624498, 28.4742727], [77.6633882, 28.4735983], [77.6662007, 28.4715561], [77.6685245, 28.4699655], [77.6688018, 28.4697692], [77.6710249, 28.4681581], [77.6718085, 28.467601], [77.6733992, 28.4664702], [77.6735277, 28.4663842], [77.6741183, 28.4659889], [77.674642, 28.4656183], [77.6756069, 28.4649355], [77.6756448, 28.4649087], [77.6767297, 28.4640702], [77.678009, 28.4630366], [77.6783218, 28.4627992], [77.6785359, 28.4626317], [77.6790604, 28.4622742], [77.6792262, 28.4621834], [77.6798061, 28.4619174], [77.6801712, 28.4617802], [77.6804161, 28.4617114], [77.6805487, 28.4616868], [77.6806327, 28.4616745], [77.680933, 28.4616307], [77.6811982, 28.461597], [77.6816335, 28.4615743], [77.6820309, 28.4615753], [77.6826111, 28.4616103], [77.6833328, 28.4617633], [77.6839282, 28.461963], [77.6845545, 28.4622196], [77.6852276, 28.4624953], [77.6881671, 28.4637752], [77.6893231, 28.4643054], [77.6904303, 28.4648133], [77.6913989, 28.4652274], [77.6921309, 28.4655403], [77.6925472, 28.4657183], [77.693839, 28.4662085], [77.6946666, 28.466468], [77.6955043, 28.466672], [77.696284, 28.466845], [77.6969778, 28.466936]], [[77.6969008, 28.4667867], [77.6962675, 28.4666914], [77.6954853, 28.4665494], [77.6940976, 28.4661923], [77.6930353, 28.4658019], [77.6920739, 28.4653952], [77.6917612, 28.4652629], [77.6907841, 28.4648218], [77.689085, 28.4640549], [77.688857, 28.463952], [77.6869366, 28.4631103], [77.6862959, 28.4628295], [77.6854155, 28.4624437], [77.6846234, 28.4621093], [77.6842262, 28.4619416], [77.6840126, 28.4618514], [77.6834576, 28.4616673], [77.6826678, 28.4615032], [77.6823708, 28.4614618], [77.6820758, 28.4614477], [77.6816137, 28.4614608], [77.6810734, 28.4614993], [77.6806351, 28.461565], [77.6805499, 28.4615769], [77.6802425, 28.4616493], [77.6799609, 28.4617188], [77.6796082, 28.4618544], [77.6789872, 28.462168], [77.6782534, 28.4626997], [77.6774646, 28.4633304], [77.6764973, 28.4641038], [77.6759191, 28.4645786], [77.6755032, 28.4649201], [77.6751426, 28.4651682], [77.6749194, 28.4653218], [77.6740054, 28.4659506], [77.6737269, 28.4661422], [77.671827, 28.4674842], [77.6704191, 28.4684756], [77.6702809, 28.4685731], [77.6692128, 28.4693269], [77.6690684, 28.4694288], [77.6690286, 28.4694569], [77.6680524, 28.4701458], [77.6657185, 28.4717915], [77.6630263, 28.4737056], [77.6612269, 28.4749836], [77.6593075, 28.4763468], [77.6570897, 28.4779237], [77.6549022, 28.4794695]], [[77.7440074, 28.4400723], [77.7442627, 28.4400219], [77.7465597, 28.4394733], [77.7474219, 28.439272], [77.7483084, 28.4390651], [77.7489228, 28.4389217], [77.7494468, 28.4387994], [77.7499702, 28.4386772], [77.750035, 28.4386621], [77.7505191, 28.4385491], [77.7510097, 28.4384345], [77.7510488, 28.4384254], [77.7511499, 28.4384018], [77.7515133, 28.4383137], [77.7518635, 28.4382277], [77.7526116, 28.4380439], [77.7530605, 28.4379336], [77.7533627, 28.4378593], [77.7542192, 28.4376094], [77.7554055, 28.4372633], [77.7554401, 28.4372532], [77.7578782, 28.4365551], [77.7593316, 28.436123], [77.7603378, 28.4358239], [77.7617681, 28.4354134], [77.7620651, 28.4353282], [77.7628633, 28.4350991], [77.7635431, 28.434904], [77.7666196, 28.4340266], [77.7683415, 28.4335242], [77.7687145, 28.4334228]], [[77.7687145, 28.4334228], [77.7689186, 28.4333672]], [[77.7689186, 28.4333672], [77.7690659, 28.433324], [77.7703183, 28.4329865], [77.7710184, 28.4328166], [77.7712808, 28.4327462], [77.7713698, 28.4327223], [77.771929, 28.4325607], [77.7720246, 28.4325331], [77.7732243, 28.4321861], [77.7735506, 28.4320917], [77.7747185, 28.431754], [77.7755187, 28.4315238], [77.7757493, 28.4314575], [77.7777199, 28.4308908], [77.778825, 28.4305747], [77.7793401, 28.4304265], [77.7806438, 28.4300515], [77.7806874, 28.430039], [77.7812787, 28.4298689]], [[77.7812787, 28.4298689], [77.7842698, 28.4290085], [77.7843288, 28.4289924]], [[77.7843288, 28.4289924], [77.7844388, 28.4289623]], [[77.7844388, 28.4289623], [77.7876574, 28.4280815], [77.7877642, 28.4280524]], [[77.7877642, 28.4280524], [77.7891759, 28.4276676], [77.7918298, 28.4269258]], [[77.7918298, 28.4269258], [77.7919424, 28.4268933]], [[77.7919424, 28.4268933], [77.7928778, 28.4266113], [77.7930728, 28.426553], [77.794964, 28.4260387], [77.7963773, 28.4256543], [77.796589, 28.4255963], [77.7990139, 28.4249325], [77.7994401, 28.424817], [77.8007348, 28.4244641], [77.8015378, 28.4242484], [77.8021422, 28.4240723], [77.804322, 28.423437], [77.8066716, 28.4227293], [77.8077016, 28.4223708], [77.8085686, 28.4220237], [77.8086859, 28.4219768], [77.8090679, 28.4218125], [77.8097937, 28.4215003], [77.8110034, 28.4209672], [77.8113215, 28.4208158], [77.8120092, 28.4204884], [77.8122871, 28.4203093], [77.8125698, 28.4201014], [77.8128245, 28.419875], [77.8132054, 28.4195344], [77.8132764, 28.419471]], [[77.7437622, 28.4401206], [77.7440074, 28.4400723]], [[77.721401, 28.4469471], [77.721534, 28.4466942], [77.7218665, 28.4461345], [77.722351, 28.4454705], [77.7228588, 28.4449945], [77.7233642, 28.4446318], [77.7236263, 28.4444741], [77.7237192, 28.4444252], [77.7245113, 28.4439094], [77.7248852, 28.4437586], [77.7252175, 28.4436401], [77.7259895, 28.4434057], [77.7265878, 28.4432818], [77.7268649, 28.4432347], [77.7284816, 28.4429597], [77.7290933, 28.4428571], [77.7295479, 28.4427809], [77.7314652, 28.4424593], [77.7317253, 28.4424157], [77.7338863, 28.4420221], [77.7353348, 28.4417582], [77.7354753, 28.4417314], [77.7376947, 28.4413072], [77.7383994, 28.4411725], [77.7384493, 28.4411628], [77.7386918, 28.4411154], [77.7399281, 28.4408738], [77.7409209, 28.4406798], [77.7413612, 28.4405938], [77.7413851, 28.4405891], [77.7417221, 28.4405227], [77.7430207, 28.4402668], [77.7436472, 28.4401433], [77.7437622, 28.4401206]], [[77.7213165, 28.4471205], [77.721401, 28.4469471]], [[77.6971771, 28.466956], [77.6982722, 28.4670114], [77.6995565, 28.4669626], [77.700368, 28.4668624], [77.7012107, 28.4667227], [77.7019853, 28.4665208], [77.7022245, 28.4664506], [77.7039515, 28.465944], [77.7044504, 28.4657977], [77.7054037, 28.4655158], [77.7059053, 28.4653675], [77.7083588, 28.4646421], [77.7087455, 28.464531], [77.7100341, 28.4641608], [77.7109525, 28.4637948], [77.7116136, 28.4634842], [77.7125497, 28.4629297], [77.7134143, 28.4622999], [77.7134822, 28.4622505], [77.7142348, 28.4615639], [77.7143744, 28.4614258], [77.7151421, 28.4606666], [77.7158242, 28.4599449], [77.7168319, 28.4588789], [77.7169926, 28.4587089], [77.7173896, 28.4582104], [77.717599, 28.4577978], [77.7176679, 28.457662], [77.7179334, 28.4570932], [77.7188484, 28.4543129], [77.719552, 28.4523187], [77.7201368, 28.4505895], [77.7202195, 28.450345], [77.7208819, 28.448242], [77.7212489, 28.4472629], [77.7213165, 28.4471205]], [[77.8131838, 28.4193639], [77.8131019, 28.4194319], [77.8124519, 28.4199851], [77.812308, 28.4200972], [77.8121895, 28.4201794], [77.8119234, 28.4203468], [77.8109524, 28.4208563], [77.809787, 28.4213662], [77.8093726, 28.4215475], [77.8082943, 28.4220075], [77.8072858, 28.4223802], [77.8059528, 28.4228284], [77.8028709, 28.423779], [77.8021597, 28.4239764], [77.8020814, 28.4239981], [77.8015845, 28.424136], [77.7997944, 28.4246329], [77.7994664, 28.4247215], [77.7967823, 28.4254467], [77.7966535, 28.4254824], [77.7949325, 28.4259594], [77.7933866, 28.4263879], [77.7919015, 28.4268043]], [[77.7919015, 28.4268043], [77.7918077, 28.4268296]], [[77.7918077, 28.4268296], [77.7905596, 28.4271946], [77.7896056, 28.4274463], [77.7877152, 28.427945]], [[77.7877152, 28.427945], [77.787475, 28.4280084], [77.7863996, 28.4283089], [77.784656, 28.4287962], [77.7843741, 28.428875]], [[77.7843741, 28.428875], [77.7842644, 28.4289057]], [[77.7842644, 28.4289057], [77.7836556, 28.429076], [77.7824888, 28.4294024], [77.7812355, 28.4297696]], [[77.7812355, 28.4297696], [77.7806196, 28.42995], [77.7787928, 28.4304851], [77.778284, 28.4306319], [77.7762178, 28.4312281], [77.7757078, 28.4313796], [77.775483, 28.4314464], [77.773431, 28.432056], [77.7732908, 28.4320944], [77.7725397, 28.4323001], [77.7714757, 28.4325914], [77.7713934, 28.4326122], [77.7710935, 28.4326881], [77.7707427, 28.4327694], [77.7700555, 28.4329287], [77.7689772, 28.4332211]], [[77.7689772, 28.4332211], [77.7687707, 28.4332825]], [[77.7687707, 28.4332825], [77.7687456, 28.4332912], [77.766519, 28.4339276], [77.7644509, 28.4345226], [77.7640433, 28.4346399], [77.7628208, 28.4349895], [77.7606566, 28.4356084], [77.7594165, 28.435963], [77.7592589, 28.4360122], [77.7572198, 28.4366494], [77.755994, 28.4370079], [77.755619, 28.4371131], [77.7546041, 28.437398], [77.7537954, 28.437625], [77.7533386, 28.4377532], [77.7531517, 28.4378024], [77.7521209, 28.438074], [77.7514792, 28.4382215], [77.7509854, 28.438335], [77.7497349, 28.4386224], [77.7479881, 28.439024], [77.7465127, 28.4393631], [77.744379, 28.4398676], [77.7439732, 28.4399504]], [[77.7439732, 28.4399504], [77.7437339, 28.4399992]], [[77.7437339, 28.4399992], [77.7415823, 28.4404379], [77.7413291, 28.4404895], [77.7408422, 28.4405888], [77.7405641, 28.4406455], [77.7385375, 28.441036], [77.7367675, 28.4413771], [77.7363024, 28.441463], [77.7347806, 28.4417442], [77.7337679, 28.4419313], [77.7334244, 28.4419948], [77.7324956, 28.4421664], [77.7320627, 28.4422389], [77.7317433, 28.4422924], [77.7308311, 28.4424453], [77.7295856, 28.4426541], [77.7292124, 28.4427166], [77.7274356, 28.4430116], [77.7267165, 28.443131], [77.7259808, 28.4432805], [77.7251674, 28.4434804], [77.7247457, 28.4436265], [77.7243778, 28.4438147], [77.7239488, 28.4440758], [77.7236206, 28.4443073], [77.7235424, 28.4443538], [77.7232707, 28.4445291], [77.7227784, 28.4449108], [77.7223009, 28.4453765], [77.7217765, 28.4460665], [77.7214275, 28.4466427], [77.7212548, 28.4469188]], [[77.7212548, 28.4469188], [77.7211788, 28.4470706]], [[77.7211788, 28.4470706], [77.7207321, 28.4482748], [77.7200828, 28.4502222], [77.7200028, 28.4504623], [77.7198913, 28.4508078], [77.7193288, 28.4525503], [77.718589, 28.4546683], [77.7181783, 28.4558417], [77.7178307, 28.4568349], [77.7175701, 28.4575178], [77.7174556, 28.4577456], [77.7174462, 28.4577644], [77.7172805, 28.4580941], [77.7169724, 28.4585247], [77.71638, 28.4591681], [77.7150636, 28.4605407], [77.7141606, 28.461455], [77.713605, 28.4619688], [77.7130611, 28.4623875], [77.7125875, 28.4627522], [77.711934, 28.4631382], [77.7113285, 28.4634665], [77.7106018, 28.4637948], [77.7099054, 28.4640654], [77.7085693, 28.4644506], [77.7083062, 28.4645265], [77.7044269, 28.4656883], [77.703655, 28.4659195], [77.7029, 28.4661456], [77.7019377, 28.4664079], [77.7017724, 28.466453], [77.7008368, 28.4666492], [77.6998528, 28.4667934], [77.6992422, 28.46684], [77.6982633, 28.4668621], [77.6971077, 28.4668067]], [[77.8165061, 28.4194469], [77.8150098, 28.4196032]], [[77.8150098, 28.4196032], [77.8147599, 28.4196195], [77.8145544, 28.4196483], [77.8143606, 28.4196927], [77.8137855, 28.4198913], [77.8137463, 28.419895], [77.8136718, 28.419898], [77.8136265, 28.4198895], [77.8135747, 28.4198746]], [[77.8131019, 28.4194319], [77.8132054, 28.4195344], [77.8134552, 28.4198166], [77.8134802, 28.4198445], [77.8135129, 28.4198624], [77.8135747, 28.4198746]], [[77.8135747, 28.4198746], [77.8135699, 28.4198224], [77.8135377, 28.4197793], [77.8134426, 28.4196671], [77.8132764, 28.419471], [77.8131838, 28.4193639]], [[77.8245907, 28.4171184], [77.8236047, 28.4174787], [77.8222226, 28.4179837], [77.8215837, 28.4182172], [77.821528, 28.4182375], [77.8212767, 28.4183294], [77.8205862, 28.4185816], [77.820147, 28.4187421], [77.8189802, 28.4191674], [77.8183343, 28.419258], [77.8176358, 28.4193302], [77.8174867, 28.4193456], [77.8165897, 28.4194383], [77.8165061, 28.4194469]], [[77.8245907, 28.4171184], [77.8247365, 28.4171026], [77.8249483, 28.4170428], [77.8251278, 28.4170334]], [[77.8250413, 28.4168642], [77.8249104, 28.4169497], [77.8246886, 28.4170516], [77.8245907, 28.4171184]], [[77.5547727, 28.573293], [77.5544022, 28.5736459], [77.5541471, 28.573886], [77.5527169, 28.575232], [77.5513132, 28.5765353], [77.5510177, 28.5767704]], [[77.5510177, 28.5767704], [77.5509328, 28.5768355]], [[77.5509328, 28.5768355], [77.5507607, 28.576966], [77.5504918, 28.5771756], [77.5498763, 28.5775789], [77.5494795, 28.5777731], [77.5491936, 28.5779131], [77.54901, 28.5780029], [77.5484798, 28.5782149], [77.5476229, 28.5785018], [77.5469601, 28.5786619], [77.5463044, 28.5787679], [77.5456108, 28.5788282], [77.5449853, 28.5788288], [77.5442478, 28.5788136], [77.543916, 28.578772], [77.5433739, 28.5787076], [77.5432935, 28.5786937], [77.5425952, 28.5785725], [77.5418921, 28.5783708], [77.5410873, 28.5780902], [77.5401357, 28.5776454], [77.5395034, 28.5772672], [77.5388506, 28.576791], [77.5382175, 28.5762551], [77.5379753, 28.5760501], [77.5369409, 28.575055], [77.536539, 28.5746986], [77.536258, 28.5744494], [77.5358713, 28.5741878], [77.5353089, 28.5739423], [77.5349122, 28.5738585], [77.5348651, 28.573856]], [[77.5348651, 28.573856], [77.5347528, 28.5738502]], [[77.5347528, 28.5738502], [77.5345741, 28.5738409], [77.5343097, 28.5738556], [77.5338561, 28.5739232], [77.5333296, 28.5741141], [77.5329544, 28.5743863], [77.5326536, 28.5746771], [77.5324518, 28.5748777], [77.5322975, 28.575032], [77.5319671, 28.5753693], [77.5312407, 28.5760881], [77.5310272, 28.576305], [77.5308216, 28.5765088], [77.530594, 28.5767344], [77.5295729, 28.5777505], [77.5294421, 28.5778802], [77.5290484, 28.5782706], [77.5288813, 28.5784476], [77.5279617, 28.5793097], [77.5277649, 28.5794941], [77.527269, 28.5799588], [77.5271323, 28.580087], [77.5270242, 28.5801856], [77.5263858, 28.5807673], [77.5256519, 28.5814362], [77.5253289, 28.5817305], [77.5249801, 28.5820559], [77.5244668, 28.5825348], [77.5242957, 28.5827001], [77.5242095, 28.5827799], [77.5235141, 28.5834236], [77.5227226, 28.5841624], [77.5222328, 28.5846195], [77.5218905, 28.5849391], [77.5217107, 28.5851069], [77.5215173, 28.5852997], [77.5209876, 28.585778], [77.5208508, 28.5859014], [77.5207213, 28.5860209], [77.5202656, 28.5864414], [77.519883, 28.5867944], [77.5197689, 28.5868996], [77.5196555, 28.5870052], [77.5192022, 28.5874273], [77.5177091, 28.5888178], [77.5175864, 28.5889299], [77.516809, 28.5896396], [77.5168056, 28.5896435]], [[77.5168056, 28.5896435], [77.5167195, 28.5897434]], [[77.5167195, 28.5897434], [77.5167161, 28.5897473], [77.5160659, 28.590386], [77.5158558, 28.5905925], [77.5142795, 28.5920645], [77.5142173, 28.5921226], [77.5141346, 28.5921998], [77.5139276, 28.5923931], [77.5137832, 28.5925266], [77.5130928, 28.5931649], [77.5119784, 28.5941656], [77.5119057, 28.5942348], [77.5104297, 28.5956397], [77.5102069, 28.5958444], [77.5084198, 28.5974861], [77.5083041, 28.5975875], [77.5082114, 28.5976686], [77.5070318, 28.5988024], [77.5066368, 28.599177], [77.5061133, 28.5996559], [77.5060558, 28.5997085], [77.5060206, 28.5997407], [77.5052912, 28.600408], [77.504881, 28.6007664], [77.5045068, 28.6011524], [77.5044074, 28.6012443], [77.5041188, 28.6015128], [77.5029778, 28.6025728], [77.5026334, 28.6028895], [77.5017619, 28.6036911]], [[77.5017619, 28.6036911], [77.5013559, 28.6040645], [77.5011289, 28.6042851], [77.5007235, 28.6046554], [77.4996747, 28.6056133]], [[77.4996747, 28.6056133], [77.4994502, 28.6058242], [77.498836, 28.6063883], [77.4979842, 28.6072047], [77.4979093, 28.607274], [77.497833, 28.6073446], [77.4974926, 28.6076592], [77.4970739, 28.6080462], [77.4961051, 28.6089416]], [[77.4961051, 28.6089416], [77.4958571, 28.6091708], [77.4951273, 28.6098356], [77.4940515, 28.6108157], [77.493924, 28.6109325], [77.4934997, 28.6113202], [77.4933361, 28.6114714], [77.4925725, 28.6121714], [77.4917294, 28.61294], [77.4912494, 28.6133928], [77.4910707, 28.613548], [77.4903313, 28.6141868], [77.4896231, 28.6148313], [77.4896035, 28.6148449]], [[77.4896035, 28.6148449], [77.4895582, 28.6148762]], [[77.4895582, 28.6148762], [77.4895209, 28.614902], [77.4886629, 28.6156994], [77.4884207, 28.6159245], [77.4876866, 28.6166067], [77.4870272, 28.617178], [77.4858529, 28.6182088], [77.4856482, 28.6183885], [77.4852484, 28.6187407], [77.4846958, 28.6192274], [77.484167, 28.6196932], [77.4840081, 28.6198332], [77.4837086, 28.620097], [77.4830888, 28.6205841], [77.4830168, 28.6206327], [77.4813903, 28.6217916], [77.4791173, 28.6234025], [77.4787111, 28.623689], [77.4769701, 28.6249154]], [[77.4770163, 28.6250007], [77.4780559, 28.6242686], [77.4787681, 28.6237596], [77.4790025, 28.6235933], [77.4798817, 28.6229623], [77.480992, 28.6221656], [77.4814268, 28.6218584], [77.4818119, 28.6215864], [77.4826979, 28.6209788], [77.4832188, 28.6206085], [77.4836234, 28.6202819], [77.484227, 28.6197513], [77.484758, 28.6192846], [77.4850246, 28.6190502], [77.4853178, 28.6187947], [77.4855901, 28.6185574], [77.4865433, 28.6177245], [77.4867268, 28.6175641], [77.4869021, 28.6174109], [77.4870931, 28.617244], [77.4874503, 28.6169365], [77.48832, 28.6161565], [77.4885459, 28.6159539], [77.4887466, 28.6157739], [77.4894465, 28.6151462], [77.4895677, 28.6150585], [77.4896061, 28.6150307]], [[77.4896061, 28.6150307], [77.4896507, 28.6149984]], [[77.4896507, 28.6149984], [77.4896754, 28.6149806], [77.4901691, 28.6145209], [77.4904178, 28.6142893]], [[77.4904178, 28.6142893], [77.4914972, 28.6132843], [77.491838, 28.6129928], [77.4925569, 28.6123323], [77.4934163, 28.6115458], [77.493588, 28.6113888], [77.4951312, 28.6099665], [77.4955355, 28.6095923], [77.4961722, 28.609], [77.4970095, 28.608228], [77.4976658, 28.6076237], [77.4986986, 28.6066368], [77.499753, 28.6056678], [77.5005574, 28.604916], [77.5007845, 28.6047084], [77.5018127, 28.6037685], [77.5018158, 28.6037656], [77.5024306, 28.6032063], [77.5024515, 28.6031873], [77.5026203, 28.6030335], [77.5027114, 28.6029504], [77.5029681, 28.6027164], [77.5041867, 28.601574], [77.5045833, 28.6012023], [77.5060836, 28.599796], [77.5061196, 28.5997657], [77.5061866, 28.5997025], [77.5070901, 28.598848], [77.5080909, 28.5979015], [77.5082746, 28.5977307], [77.5083617, 28.5976498], [77.5099588, 28.5961907], [77.5100245, 28.5961305], [77.5102753, 28.5959008], [77.5108057, 28.595415], [77.5119839, 28.5943321], [77.5126136, 28.5937459], [77.5131635, 28.5932281], [77.5133503, 28.5930521], [77.5144261, 28.592039], [77.5154085, 28.591121], [77.5159172, 28.5906457], [77.5162273, 28.5903559], [77.5167503, 28.5898589], [77.5167541, 28.5898553]], [[77.5167541, 28.5898553], [77.516858, 28.5897561]], [[77.516858, 28.5897561], [77.5168618, 28.5897525], [77.5174397, 28.5892009], [77.5176565, 28.588994], [77.5177176, 28.5889357], [77.5182102, 28.5884714], [77.5192598, 28.5874821], [77.5194031, 28.5873581], [77.5203289, 28.5864929], [77.5207679, 28.5860827], [77.5210273, 28.5858403], [77.5210722, 28.5857991], [77.5213654, 28.5855295], [77.5215536, 28.5853566], [77.5225857, 28.5844081], [77.5242747, 28.5828444], [77.5243801, 28.5827468], [77.5247644, 28.5823857], [77.5251413, 28.5820316], [77.5258641, 28.5813681], [77.5261971, 28.5810396], [77.526641, 28.5806348], [77.5272943, 28.580039], [77.5280187, 28.5793783], [77.5283738, 28.5790343], [77.5286123, 28.5788032], [77.5291135, 28.5783176], [77.5293647, 28.5780742], [77.5295113, 28.5779316], [77.5295998, 28.5778464], [77.5301971, 28.5772518], [77.5308891, 28.5765629], [77.5310824, 28.5763649], [77.5313125, 28.5761292], [77.532009, 28.5754261], [77.5327444, 28.5746996], [77.5330058, 28.5744393], [77.5330672, 28.5743835], [77.5334461, 28.5741688], [77.5338511, 28.574035], [77.5343198, 28.5739542], [77.5345865, 28.5739483], [77.5347977, 28.5739638], [77.534827, 28.5739659], [77.5352504, 28.5740439], [77.5356672, 28.5742188], [77.5362346, 28.574576], [77.5368405, 28.5751301], [77.5377477, 28.57599], [77.5387879, 28.576897], [77.5391437, 28.5771571], [77.5399638, 28.5776804], [77.5406451, 28.5780273], [77.5414653, 28.5783809], [77.5422985, 28.5786241], [77.5432217, 28.578807], [77.5437982, 28.5788801], [77.5443295, 28.5789242], [77.5454918, 28.5789483], [77.5461593, 28.578886], [77.5468505, 28.5787841], [77.5473689, 28.5786781], [77.5479938, 28.5785056], [77.548756, 28.5782166], [77.5492487, 28.578002], [77.5496247, 28.5778383], [77.5504153, 28.5773685], [77.5509888, 28.5769811]], [[77.5509888, 28.5769811], [77.5510813, 28.5769196]], [[77.5510813, 28.5769196], [77.5511965, 28.5768405], [77.5533387, 28.5748532], [77.5548953, 28.5733762]], [[77.4767842, 28.6250399], [77.4764609, 28.6252742], [77.4758979, 28.625674], [77.4756011, 28.6258847], [77.4734284, 28.6274272], [77.4733901, 28.6274544], [77.472844, 28.6278361], [77.4726976, 28.6279384], [77.4725342, 28.6280547], [77.4719835, 28.6284465], [77.4718541, 28.6285386], [77.4716508, 28.6286856], [77.4705427, 28.6294871], [77.469909, 28.6299348], [77.4698001, 28.6300117], [77.4690867, 28.6305157], [77.4685269, 28.6309151], [77.4675271, 28.6316175], [77.4672174, 28.6318415], [77.4667893, 28.6321512], [77.4657916, 28.6328728], [77.4647554, 28.6336082], [77.4642382, 28.6339782], [77.4640171, 28.6341363], [77.4631724, 28.6347404], [77.462783, 28.6350189], [77.4625495, 28.6351859], [77.4625135, 28.6352116], [77.461615, 28.6358543], [77.4612173, 28.6361544], [77.4608847, 28.6363757]]]}}, {"type": "Feature", "id": "relation/11645417", "properties": {"type": "canal", "@id": "relation/11645417", "@class": "other"}, "geometry": {"type": "MultiLineString", "coordinates": [[[77.5519906, 28.6184947], [77.5522333, 28.6178673], [77.5559723, 28.6085994], [77.5576192, 28.604488], [77.5634503, 28.5952708], [77.5658268, 28.5918983], [77.569657, 28.5867122], [77.5712126, 28.5846113], [77.5714755, 28.5842062], [77.5720441, 28.5821806], [77.5724357, 28.580725], [77.572881, 28.5790857], [77.5731438, 28.5781906], [77.5735032, 28.5767868], [77.5739539, 28.5750343], [77.5741899, 28.5742711], [77.5746351, 28.5725751], [77.5748336, 28.571925], [77.575295, 28.5701866], [77.5756544, 28.5688722], [77.576105, 28.5672091], [77.5767594, 28.5647968], [77.5775212, 28.5621207], [77.5790179, 28.5565986], [77.580477, 28.5511328], [77.5816303, 28.5469531], [77.581684, 28.5464394], [77.5815606, 28.5458787], [77.5813246, 28.5453132], [77.580874, 28.5446959], [77.5796884, 28.5434989], [77.5779611, 28.5418025], [77.5774997, 28.5413548], [77.5753486, 28.5392577], [77.5736374, 28.5376036], [77.5721246, 28.5361945], [77.5715745, 28.5356526], [77.5709303, 28.5350092], [77.570732, 28.5348124], [77.5705796, 28.5346723], [77.5689161, 28.5330501], [77.565798, 28.5300836], [77.5630339, 28.5273942], [77.562837, 28.5271127], [77.5627537, 28.526552], [77.5624664, 28.5245878], [77.5620121, 28.5213085], [77.5616132, 28.5183211], [77.5614232, 28.5167433], [77.5612582, 28.5157343], [77.5607395, 28.5113331]], [[77.5607395, 28.5113331], [77.5607092, 28.5111126]], [[77.5607092, 28.5111126], [77.5606614, 28.5107621]], [[77.5606614, 28.5107621], [77.5605895, 28.5103727]], [[77.5605895, 28.5103727], [77.5606081, 28.5102114], [77.560605, 28.5101493], [77.5605525, 28.5098785], [77.5602555, 28.5075238], [77.5602523, 28.5073653], [77.5602585, 28.5072237], [77.5603021, 28.5070868], [77.5656015, 28.4982455], [77.579093, 28.4756893], [77.5826496, 28.4698279], [77.5924665, 28.4532651], [77.5937775, 28.4512039], [77.5953841, 28.4484211], [77.5958428, 28.4474943], [77.5963041, 28.4464766], [77.597039, 28.4445605], [77.5975667, 28.4432817], [77.5985752, 28.4410463], [77.5991824, 28.4397939], [77.5999241, 28.4382247], [77.6002656, 28.4374752], [77.6011435, 28.4359484], [77.6018809, 28.4346937], [77.601976, 28.4344546], [77.602021, 28.4341854], [77.6020195, 28.4340032], [77.6019625, 28.4338245], [77.6018323, 28.433526], [77.5989081, 28.4307741], [77.5978363, 28.4298062], [77.5970485, 28.4292867], [77.5969913, 28.42913], [77.5969588, 28.4287633], [77.5968867, 28.4279348], [77.5965863, 28.4247598], [77.5961894, 28.4205374], [77.5958192, 28.4165366], [77.5953096, 28.4111059], [77.5950736, 28.4083929], [77.5948, 28.4056231], [77.5943547, 28.4007393], [77.5940758, 28.3976202], [77.5930879, 28.386595], [77.5930834, 28.3865443], [77.5929755, 28.3851095], [77.5927073, 28.3820513], [77.5925893, 28.3806023], [77.5923371, 28.3775392], [77.5920421, 28.3741881], [77.5919616, 28.3730081]], [[77.5428284, 28.6421155], [77.5431481, 28.6412828], [77.543655, 28.6399528], [77.5443122, 28.6382178], [77.5448513, 28.6368289], [77.5455004, 28.6350963], [77.5457928, 28.6343382], [77.5460127, 28.6337921], [77.5462675, 28.6331164], [77.5466296, 28.6321559], [77.5473618, 28.630249], [77.548078, 28.6283703], [77.5486761, 28.6268117], [77.5492153, 28.625392], [77.5498858, 28.6237298], [77.5504866, 28.6222159], [77.5511733, 28.6204925], [77.5519906, 28.6184947]], [[77.5427987, 28.6421928], [77.5428284, 28.6421155]], [[77.5382229, 28.6877958], [77.5381626, 28.6873522]], [[77.5381626, 28.6873522], [77.5380304, 28.6863806], [77.5379312, 28.6855076], [77.5379044, 28.6850158], [77.5378588, 28.6837123], [77.5378239, 28.6821028], [77.537773, 28.6804438], [77.5377408, 28.6788696], [77.5376925, 28.6772788], [77.5376496, 28.6743349], [77.5375932, 28.6729018], [77.5375691, 28.6692282], [77.5375423, 28.6675314], [77.5375476, 28.6658487], [77.5375691, 28.664286], [77.5375503, 28.6627327], [77.5375181, 28.66137], [77.5374135, 28.6575359], [77.5374162, 28.6565733], [77.5375906, 28.6556107], [77.5378346, 28.6541325], [77.5379848, 28.653297], [77.5381297, 28.6527627], [77.5385883, 28.6513527], [77.5390524, 28.650004], [77.5395057, 28.6485635], [77.5399294, 28.6472594], [77.5400528, 28.6469676], [77.5402325, 28.6466333], [77.5406697, 28.6458942], [77.5408387, 28.6455811], [77.5410882, 28.6451574], [77.5417131, 28.6440722], [77.5427753, 28.6422856], [77.5427987, 28.6421928]], [[77.5421783, 28.7146292], [77.5426894, 28.7142999], [77.5428026, 28.7142497], [77.5431736, 28.7140105], [77.5435638, 28.7137282], [77.5443417, 28.713406], [77.544504, 28.7132401], [77.545031, 28.7128814], [77.5464714, 28.7117287], [77.5467476, 28.7114958], [77.5471285, 28.7110865], [77.5478876, 28.7103313], [77.5482845, 28.7098726], [77.5488719, 28.7090422], [77.5497839, 28.7075813], [77.5499586, 28.7073537]], [[77.5499586, 28.7073537], [77.5501983, 28.7069696], [77.5502477, 28.7069217]], [[77.5502477, 28.7069217], [77.5504916, 28.7064942], [77.5512162, 28.705224], [77.551699, 28.70453], [77.5519243, 28.7041795], [77.5521308, 28.7037748], [77.5524138, 28.7032326], [77.5524487, 28.703109], [77.5524956, 28.7030102], [77.5525868, 28.7028526], [77.5527357, 28.702682], [77.552796, 28.7025821], [77.5528309, 28.7024703], [77.5528671, 28.7023021], [77.5528751, 28.7020715], [77.5528979, 28.7019621], [77.5529663, 28.7017986], [77.5531125, 28.7015257], [77.5531903, 28.7013434], [77.5532439, 28.7011469], [77.5536355, 28.6997095], [77.5537777, 28.6991283], [77.5537911, 28.6986743], [77.5539145, 28.6977473], [77.5538769, 28.6973544], [77.5538691, 28.696342], [77.5538478, 28.6958813]], [[77.5421783, 28.7146292], [77.538929, 28.7130743], [77.5369488, 28.7120499], [77.535603, 28.7110183], [77.5351185, 28.710531], [77.5344988, 28.7097458], [77.5338221, 28.7086046], [77.5333561, 28.7074456], [77.5332373, 28.7058898], [77.53335, 28.7049911], [77.5335224, 28.704093], [77.5337339, 28.7031924], [77.5343199, 28.7018945], [77.5389048, 28.6944111], [77.5390175, 28.6942299], [77.5390819, 28.6940111], [77.5390792, 28.6938181], [77.5390497, 28.6935076], [77.5388861, 28.6927935], [77.5388284, 28.6922935], [77.5387225, 28.6915288], [77.5386018, 28.6905806], [77.5382229, 28.6877958]]]}}]}