{"type":"FeatureCollection","name":"snu_roads","features":[{"type":"Feature","properties":{"highway":"trunk","kind":"road","name":"Grand Trunk Road","surface":null},"geometry":{"type":"LineString","coordinates":[[77.579656,28.532456],[77.579431,28.532847],[77.578903,28.534323],[77.578547,28.535468],[77.57835,28.536312],[77.578146,28.537163],[77.57805,28.537801],[77.577972,28.538571],[77.577821,28.540388],[77.577714,28.541306]]}},{"type":"Feature","properties":{"highway":"trunk","kind":"road","name":"Grand Trunk Road","surface":null},"geometry":{"type":"LineString","coordinates":[[77.577847,28.541422],[77.577961,28.540401],[77.578131,28.538204],[77.578169,28.537926],[77.578269,28.53719],[77.578533,28.535975],[77.578731,28.535255],[77.578993,28.534415],[77.579592,28.532895],[77.579788,28.532496]]}},{"type":"Feature","properties":{"highway":"trunk","kind":"road","name":"Grand Trunk Road","surface":null},"geometry":{"type":"LineString","coordinates":[[77.579816,28.532161],[77.579656,28.532456]]}},{"type":"Feature","properties":{"highway":"trunk","kind":"road","name":"Grand Trunk Road","surface":null},"geometry":{"type":"LineString","coordinates":[[77.590389,28.524408],[77.590349,28.524435],[77.589438,28.525017],[77.589078,28.525247],[77.588784,28.525435],[77.58817,28.525828],[77.586308,28.527102],[77.58614,28.52721],[77.58485,28.528077],[77.584497,28.528314],[77.584421,28.528365],[77.583449,28.529015],[77.582438,28.529701],[77.581765,28.530168],[77.580963,28.53082],[77.580253,28.531506],[77.579816,28.532161]]}},{"type":"Feature","properties":{"highway":"secondary","kind":"road","name":null,"surface":null},"geometry":{"type":"LineString","coordinates":[[77.579174,28.532019],[77.579046,28.531904],[77.578834,28.532041],[77.578765,28.532094],[77.578682,28.532158],[77.578433,28.532328],[77.577923,28.532655],[77.577585,28.5329],[77.577373,28.533034],[77.577209,28.53314],[77.576874,28.533362],[77.576446,28.533652],[77.574144,28.53516],[77.573865,28.535343],[77.572767,28.536063],[77.572364,28.536335],[77.572329,28.536354]]}},{"type":"Feature","properties":{"highway":"secondary_link","kind":"road","name":null,"surface":null},"geometry":{"type":"LineString","coordinates":[[77.581178,28.5305],[77.581046,28.530557],[77.579432,28.531635],[77.579046,28.531904]]}},{"type":"Feature","properties":{"highway":"service","kind":"road","name":"2011 Street","surface":"asphalt"},"geometry":{"type":"LineString","coordinates":[[77.573604,28.52489],[77.57472,28.524492],[77.575049,28.524392]]}},{"type":"Feature","properties":{"highway":"service","kind":"road","name":null,"surface":null},"geometry":{"type":"LineString","coordinates":[[77.573604,28.52489],[77.573647,28.52467],[77.573653,28.524636],[77.573661,28.524596]]}},{"type":"Feature","properties":{"highway":"service","kind":"road","name":"Circular Road","surface":null},"geometry":{"type":"LineString","coordinates":[[77.57726,28.527156],[77.577122,28.527141],[77.57693,28.527111],[77.576753,28.527076],[77.576696,28.527067],[77.576529,28.526997],[77.57637,28.526937],[77.576254,28.526885],[77.576086,28.526789],[77.575936,28.526704],[77.575807,28.526619],[77.575715,28.526554],[77.575626,28.52649],[77.575606,28.526464],[77.57559,28.526443],[77.575528,28.526367],[77.575484,28.526313],[77.575439,28.52625],[77.575357,28.526137],[77.575325,28.526093],[77.57527,28.526011],[77.575204,28.525886],[77.57511,28.525712],[77.575088,28.525645],[77.575083,28.525629],[77.575043,28.525494],[77.575003,28.525359],[77.574998,28.525344],[77.574975,28.525201],[77.574961,28.525095],[77.574956,28.524954],[77.574969,28.524771],[77.574988,28.524663],[77.575049,28.524392],[77.575139,28.52417],[77.575259,28.523944],[77.57534,28.523806],[77.575435,28.52368],[77.575548,28.523552],[77.575675,28.523427],[77.575815,28.523309],[77.576031,28.523159],[77.576215,28.523059],[77.576317,28.523003],[77.57646,28.522945],[77.576575,28.522902],[77.576902,28.522807]]}},{"type":"Feature","properties":{"highway":"service","kind":"road","name":null,"surface":null},"geometry":{"type":"LineString","coordinates":[[77.576302,28.533458],[77.576328,28.533407],[77.576081,28.533152],[77.575889,28.532951],[77.575852,28.532914],[77.575817,28.532874],[77.575658,28.532661],[77.575454,28.53239],[77.575248,28.532124],[77.575018,28.531851],[77.574691,28.531496],[77.574483,28.531289],[77.574242,28.531061],[77.573949,28.530819],[77.573746,28.530636],[77.57343,28.530343],[77.573213,28.530149],[77.573041,28.53],[77.572889,28.529869],[77.572775,28.52975],[77.572506,28.529481],[77.572282,28.529225],[77.57212,28.529016],[77.571921,28.528753],[77.571824,28.528634],[77.57174,28.528599]]}},{"type":"Feature","properties":{"highway":"service","kind":"road","name":null,"surface":null},"geometry":{"type":"LineString","coordinates":[[77.57174,28.528599],[77.57175,28.528674],[77.5719,28.528881],[77.572025,28.52905],[77.572311,28.529388],[77.572514,28.529614],[77.572823,28.529912],[77.57285,28.529938],[77.572988,28.530064],[77.573613,28.530617],[77.574048,28.530979],[77.574268,28.531189],[77.574514,28.531428],[77.574679,28.531603],[77.574888,28.531838],[77.575093,28.532058],[77.575286,28.532308],[77.57542,28.532475],[77.575561,28.532678],[77.575682,28.532844],[77.575744,28.53293],[77.575802,28.533016],[77.576021,28.533239],[77.576238,28.533464],[77.576302,28.533458]]}},{"type":"Feature","properties":{"highway":"service","kind":"road","name":null,"surface":null},"geometry":{"type":"LineString","coordinates":[[77.576317,28.523003],[77.576298,28.52296],[77.575808,28.521872],[77.575489,28.52117],[77.575293,28.520739],[77.575223,28.520554],[77.575138,28.520459],[77.575001,28.520376],[77.574851,28.520341],[77.574741,28.520343],[77.574574,28.520377],[77.574281,28.520477],[77.573107,28.520885],[77.57157,28.521442],[77.571496,28.521467],[77.570454,28.521813]]}},{"type":"Feature","properties":{"highway":"service","kind":"road","name":null,"surface":null},"geometry":{"type":"LineString","coordinates":[[77.5762,28.519807],[77.57613,28.519865],[77.574912,28.520298],[77.574851,28.520341]]}},{"type":"Feature","properties":{"highway":"service","kind":"road","name":null,"surface":null},"geometry":{"type":"LineString","coordinates":[[77.570912,28.520025],[77.571229,28.520722],[77.57157,28.521442]]}},{"type":"Feature","properties":{"highway":"service","kind":"road","name":null,"surface":null},"geometry":{"type":"LineString","coordinates":[[77.573107,28.520885],[77.572384,28.519256]]}},{"type":"Feature","properties":{"highway":"service","kind":"road","name":null,"surface":null},"geometry":{"type":"LineString","coordinates":[[77.57349,28.52965],[77.573452,28.529664],[77.572945,28.529849],[77.572889,28.529869],[77.572823,28.529912]]}},{"type":"Feature","properties":{"highway":"service","kind":"road","name":null,"surface":null},"geometry":{"type":"LineString","coordinates":[[77.575448,28.528955],[77.575168,28.528331],[77.574769,28.527472],[77.574751,28.527433],[77.574267,28.526376],[77.573915,28.525555],[77.573604,28.52489]]}},{"type":"Feature","properties":{"highway":"service","kind":"road","name":null,"surface":null},"geometry":{"type":"LineString","coordinates":[[77.573949,28.530819],[77.573947,28.530733],[77.573924,28.530629],[77.573525,28.52973],[77.57349,28.52965]]}},{"type":"Feature","properties":{"highway":"service","kind":"road","name":null,"surface":null},"geometry":{"type":"LineString","coordinates":[[77.5723,28.527061],[77.574219,28.526393],[77.574267,28.526376]]}},{"type":"Feature","properties":{"highway":"service","kind":"road","name":null,"surface":null},"geometry":{"type":"LineString","coordinates":[[77.576534,28.528574],[77.576444,28.528327],[77.576273,28.527949],[77.575889,28.527084],[77.575674,28.526599],[77.575659,28.526565],[77.575626,28.52649]]}},{"type":"Feature","properties":{"highway":"service","kind":"road","name":null,"surface":null},"geometry":{"type":"LineString","coordinates":[[77.573207,28.529028],[77.574056,28.528719],[77.574166,28.528685],[77.574806,28.528458],[77.575094,28.528357],[77.575168,28.528331],[77.575376,28.528259],[77.576064,28.528021],[77.576273,28.527949]]}},{"type":"Feature","properties":{"highway":"service","kind":"road","name":null,"surface":null},"geometry":{"type":"LineString","coordinates":[[77.574325,28.52935],[77.574313,28.529321],[77.574301,28.529293],[77.574254,28.529183],[77.574157,28.528955],[77.574056,28.528719]]}},{"type":"Feature","properties":{"highway":"service","kind":"road","name":null,"surface":null},"geometry":{"type":"LineString","coordinates":[[77.57726,28.527156],[77.577408,28.527474],[77.577558,28.52781],[77.577724,28.528162]]}},{"type":"Feature","properties":{"highway":"service","kind":"road","name":null,"surface":null},"geometry":{"type":"LineString","coordinates":[[77.570777,28.526591],[77.571872,28.526215],[77.571909,28.526203]]}},{"type":"Feature","properties":{"highway":"service","kind":"road","name":null,"surface":null},"geometry":{"type":"LineString","coordinates":[[77.573207,28.529028],[77.572808,28.528176],[77.5723,28.527061],[77.571909,28.526203],[77.571653,28.525641],[77.57163,28.525589]]}},{"type":"Feature","properties":{"highway":"service","kind":"road","name":null,"surface":null},"geometry":{"type":"LineString","coordinates":[[77.57349,28.52965],[77.573473,28.529614],[77.573207,28.529028]]}},{"type":"Feature","properties":{"highway":"service","kind":"road","name":null,"surface":null},"geometry":{"type":"LineString","coordinates":[[77.57349,28.52965],[77.573555,28.529627],[77.574325,28.52935],[77.575384,28.528977],[77.575448,28.528955],[77.576534,28.528574],[77.576738,28.528536],[77.5769,28.528455],[77.576973,28.528456],[77.577394,28.528298],[77.577724,28.528162],[77.578263,28.527967],[77.57841,28.527923],[77.578485,28.527905],[77.578552,28.527917],[77.57859,28.527959],[77.578617,28.528017],[77.578618,28.528019],[77.578662,28.528115],[77.578949,28.528742],[77.579014,28.528866],[77.579143,28.528995],[77.579319,28.529136],[77.579444,28.529246],[77.579623,28.529377],[77.579894,28.529552],[77.580213,28.529765],[77.580364,28.529821],[77.580924,28.53043],[77.581046,28.530557]]}},{"type":"Feature","properties":{"highway":"service","kind":"road","name":null,"surface":null},"geometry":{"type":"LineString","coordinates":[[77.576696,28.527067],[77.576444,28.528327]]}},{"type":"Feature","properties":{"highway":"service","kind":"road","name":null,"surface":null},"geometry":{"type":"LineString","coordinates":[[77.571714,28.528559],[77.571807,28.528526],[77.572768,28.52819],[77.572808,28.528176],[77.574713,28.527492],[77.574769,28.527472]]}},{"type":"Feature","properties":{"highway":"service","kind":"road","name":null,"surface":null},"geometry":{"type":"LineString","coordinates":[[77.57726,28.527156],[77.577264,28.527115],[77.577437,28.525923],[77.57742,28.525877],[77.577382,28.525835],[77.577329,28.525793],[77.577262,28.525752],[77.577184,28.525718],[77.577082,28.525683],[77.576986,28.525646],[77.576899,28.5256],[77.576831,28.525551],[77.576824,28.525545],[77.576776,28.525504],[77.576672,28.525401],[77.576604,28.525285],[77.576548,28.52511],[77.576537,28.524985],[77.576543,28.524901],[77.57656,28.524816],[77.576589,28.524703],[77.576647,28.524597],[77.576718,28.524501],[77.576791,28.524422],[77.576895,28.524339],[77.577043,28.524256],[77.577141,28.524217],[77.577248,28.524176],[77.577455,28.524113],[77.57751,28.524082],[77.57753,28.524043],[77.577531,28.523993],[77.577009,28.522848],[77.576965,28.522814],[77.576902,28.522807]]}},{"type":"Feature","properties":{"highway":"service","kind":"road","name":null,"surface":null},"geometry":{"type":"LineString","coordinates":[[77.569451,28.522167],[77.569361,28.522261],[77.569276,28.522337],[77.569202,28.522426],[77.569151,28.522519],[77.569122,28.522605],[77.569106,28.522696],[77.569107,28.522773],[77.56912,28.522864],[77.56914,28.522923],[77.569249,28.523144],[77.569531,28.523801],[77.569733,28.524256],[77.569894,28.524627],[77.570105,28.525117],[77.570169,28.525251],[77.570515,28.525982],[77.570777,28.526591],[77.5709,28.52685],[77.571213,28.527576],[77.571539,28.528269],[77.571714,28.528559],[77.57174,28.528599]]}},{"type":"Feature","properties":{"highway":"tertiary","kind":"road","name":null,"surface":"asphalt"},"geometry":{"type":"LineString","coordinates":[[77.572364,28.536335],[77.572052,28.535998],[77.571475,28.535446],[77.570794,28.534795],[77.570507,28.534518],[77.569929,28.533928],[77.569229,28.533292],[77.568628,28.532694],[77.568185,28.532281],[77.567186,28.531292],[77.567054,28.531162],[77.565781,28.529936],[77.564812,28.529001],[77.564235,28.528442],[77.563732,28.527946],[77.563172,28.527409],[77.563041,28.527256],[77.562993,28.52719],[77.562955,28.527119],[77.562934,28.527055],[77.562921,28.526991],[77.56288,28.526736],[77.56283,28.526363],[77.562755,28.525812],[77.562665,28.525109],[77.562568,28.524494],[77.562492,28.523882],[77.562425,28.523393],[77.562344,28.52284],[77.562233,28.52201],[77.562101,28.521071],[77.562086,28.520907],[77.561985,28.520212],[77.561954,28.519987],[77.561908,28.519622],[77.561824,28.519013],[77.561747,28.518384],[77.561733,28.518298],[77.561716,28.518055]]}},{"type":"Feature","properties":{"highway":"tertiary","kind":"road","name":null,"surface":"asphalt"},"geometry":{"type":"LineString","coordinates":[[77.561716,28.518055],[77.561708,28.517912],[77.562318,28.51742],[77.563066,28.516803],[77.563705,28.516228],[77.563868,28.516074],[77.564096,28.515888],[77.564301,28.515754],[77.564414,28.515673],[77.564481,28.515625],[77.564559,28.515561],[77.564641,28.515488],[77.564717,28.515414],[77.564792,28.51533],[77.564861,28.51524],[77.564943,28.515084],[77.565053,28.514901],[77.565149,28.514785],[77.565197,28.514733],[77.565253,28.514689],[77.565417,28.514587],[77.56561,28.51448],[77.565835,28.514375],[77.566045,28.514264]]}},{"type":"Feature","properties":{"highway":"tertiary","kind":"road","name":null,"surface":null},"geometry":{"type":"LineString","coordinates":[[77.566045,28.514264],[77.566304,28.514067],[77.566367,28.514011],[77.566491,28.513899],[77.566602,28.513793],[77.566663,28.513716],[77.566681,28.513682],[77.566681,28.513644],[77.566656,28.513507],[77.566639,28.513453],[77.566557,28.513269],[77.566536,28.513229],[77.566373,28.513011],[77.566352,28.512978],[77.56629,28.512846],[77.566277,28.512801],[77.566165,28.512457],[77.56609,28.512243],[77.566035,28.512121],[77.565984,28.512031],[77.565735,28.511618],[77.56571,28.511565],[77.5657,28.511518],[77.565707,28.511478],[77.565732,28.511444],[77.565764,28.511417],[77.565806,28.511387],[77.565934,28.511328],[77.566356,28.51111],[77.566532,28.51102],[77.56663,28.510967],[77.566975,28.510794],[77.567049,28.510756],[77.567076,28.510736],[77.567121,28.510696],[77.567129,28.510676],[77.567128,28.510655],[77.567125,28.510633],[77.567112,28.510602],[77.567085,28.510567],[77.567039,28.510512],[77.566585,28.509935],[77.566462,28.50977],[77.566289,28.509553],[77.566276,28.509517],[77.566275,28.509484],[77.566284,28.509446],[77.5663,28.509421],[77.566351,28.509386],[77.566697,28.509178],[77.566827,28.509121],[77.567018,28.509046],[77.567121,28.509002],[77.567704,28.508798],[77.567753,28.508765],[77.567788,28.508722],[77.567799,28.508698],[77.567795,28.508668],[77.56776,28.508619],[77.567723,28.508572],[77.567637,28.508469],[77.567495,28.508292],[77.567388,28.508149],[77.567277,28.507969],[77.567234,28.507891],[77.567151,28.507723],[77.567137,28.507675],[77.567142,28.507641],[77.567159,28.507612],[77.567201,28.507589],[77.567305,28.507566],[77.567498,28.507513],[77.567697,28.507446],[77.56797,28.507346],[77.56817,28.507235],[77.568372,28.507097],[77.568723,28.506856],[77.569432,28.506374],[77.569595,28.506263],[77.569722,28.506174],[77.570773,28.505428],[77.570906,28.505315],[77.571225,28.505021],[77.571303,28.504949],[77.571444,28.504818],[77.571661,28.504614],[77.571818,28.504468],[77.572191,28.504107],[77.572448,28.503881],[77.572634,28.503718],[77.572811,28.503536],[77.573236,28.503122],[77.573412,28.502961],[77.573609,28.502766],[77.57416,28.502257],[77.574558,28.501867],[77.574921,28.501533],[77.575147,28.501319],[77.575507,28.500979],[77.575971,28.500553],[77.576448,28.500101],[77.576665,28.49988],[77.576844,28.499719],[77.577184,28.499406],[77.577485,28.499104],[77.577871,28.498735],[77.578222,28.498413],[77.578515,28.498123],[77.578581,28.498048],[77.578655,28.497951],[77.57869,28.497867],[77.578733,28.497725],[77.578764,28.497507],[77.578797,28.497251],[77.578872,28.49686],[77.578874,28.496761],[77.578839,28.496658],[77.57881,28.496579],[77.57879,28.496523],[77.57875,28.496428]]}},{"type":"Feature","properties":{"highway":"service","kind":"road","name":null,"surface":null},"geometry":{"type":"LineString","coordinates":[[77.574039,28.523418],[77.574002,28.523398],[77.573684,28.523233]]}},{"type":"Feature","properties":{"highway":"service","kind":"road","name":null,"surface":null},"geometry":{"type":"LineString","coordinates":[[77.573578,28.523265],[77.573607,28.523269],[77.573637,28.523265],[77.573663,28.523252],[77.573684,28.523233],[77.573696,28.523208],[77.573698,28.523181],[77.57369,28.523155],[77.573673,28.523133],[77.573649,28.523117],[77.57362,28.523109],[77.573589,28.523109],[77.573561,28.523118],[77.573537,28.523135],[77.573521,28.523158],[77.573515,28.523184],[77.573518,28.52321],[77.573531,28.523234],[77.573551,28.523253],[77.573578,28.523265]]}},{"type":"Feature","properties":{"highway":"footway","kind":"path","name":null,"surface":null},"geometry":{"type":"LineString","coordinates":[[77.573944,28.523495],[77.573606,28.523328],[77.573529,28.523288],[77.573416,28.523229],[77.573355,28.523198]]}},{"type":"Feature","properties":{"highway":"service","kind":"road","name":null,"surface":null},"geometry":{"type":"LineString","coordinates":[[77.573446,28.524551],[77.573461,28.524527],[77.573461,28.524506],[77.573461,28.524474],[77.573446,28.52445],[77.573424,28.524432],[77.573396,28.524421],[77.573365,28.524419],[77.573335,28.524426],[77.57331,28.52444],[77.573291,28.524462],[77.573281,28.524487],[77.573281,28.524514],[77.573291,28.524539],[77.57331,28.524561],[77.573335,28.524575],[77.573365,28.524582],[77.573396,28.52458],[77.573424,28.524569],[77.573446,28.524551]]}},{"type":"Feature","properties":{"highway":"service","kind":"road","name":null,"surface":null},"geometry":{"type":"LineString","coordinates":[[77.573461,28.524506],[77.573594,28.524519],[77.573649,28.5245]]}},{"type":"Feature","properties":{"highway":"footway","kind":"path","name":null,"surface":"paving_stones"},"geometry":{"type":"LineString","coordinates":[[77.573204,28.524603],[77.573237,28.524581],[77.573261,28.524379]]}},{"type":"Feature","properties":{"highway":"footway","kind":"path","name":null,"surface":null},"geometry":{"type":"LineString","coordinates":[[77.573492,28.522974],[77.573501,28.522992],[77.573513,28.52303],[77.57351,28.523073],[77.573494,28.52311],[77.57348,28.523137],[77.573464,28.523163],[77.573428,28.523187],[77.573393,28.523195],[77.573355,28.523198],[77.573346,28.523199],[77.573292,28.523197],[77.573242,28.523185],[77.57319,28.523162]]}},{"type":"Feature","properties":{"highway":"footway","kind":"path","name":null,"surface":null},"geometry":{"type":"LineString","coordinates":[[77.573156,28.523215],[77.57319,28.523162],[77.573378,28.522869],[77.57341,28.52282]]}},{"type":"Feature","properties":{"highway":"footway","kind":"path","name":null,"surface":null},"geometry":{"type":"LineString","coordinates":[[77.575325,28.526093],[77.57565,28.525864],[77.575654,28.525791],[77.575617,28.525702],[77.575557,28.525612],[77.575493,28.525582],[77.575088,28.525645]]}},{"type":"Feature","properties":{"highway":"service","kind":"road","name":null,"surface":null},"geometry":{"type":"LineString","coordinates":[[77.570958,28.524463],[77.571157,28.524394],[77.571364,28.52432],[77.571761,28.524175],[77.571985,28.524092],[77.57209,28.524056],[77.572277,28.523991],[77.57254,28.523892],[77.572653,28.523849]]}},{"type":"Feature","properties":{"highway":"tertiary","kind":"road","name":null,"surface":null},"geometry":{"type":"LineString","coordinates":[[77.586508,28.51367],[77.586362,28.513573],[77.586291,28.513537],[77.586201,28.513499],[77.586105,28.513477],[77.586019,28.51348],[77.585928,28.5135],[77.585845,28.513512],[77.585711,28.513533],[77.585623,28.513534],[77.58553,28.513517],[77.585415,28.513481],[77.585305,28.51343],[77.585191,28.513355],[77.585054,28.513236],[77.584893,28.513092],[77.584678,28.512897],[77.584501,28.512743],[77.584373,28.512631],[77.584179,28.512436],[77.583904,28.51216],[77.583714,28.511946],[77.583521,28.511725],[77.583316,28.511468],[77.583062,28.511176],[77.582987,28.511089],[77.582901,28.511003],[77.58282,28.510929],[77.582682,28.510836],[77.582629,28.510821],[77.582545,28.510801],[77.582459,28.510789],[77.582378,28.510782],[77.582228,28.510787],[77.581887,28.510826],[77.581264,28.510901],[77.580883,28.510953],[77.580739,28.510984],[77.580664,28.511015],[77.580316,28.511195],[77.580133,28.511286],[77.580005,28.511356],[77.579897,28.511395],[77.579808,28.511408],[77.579685,28.511395],[77.579525,28.511376],[77.579344,28.511356],[77.57914,28.511317],[77.578921,28.511267],[77.578821,28.511235],[77.578681,28.511217],[77.578557,28.51121],[77.578311,28.511207],[77.578169,28.511201],[77.57795,28.511202],[77.577731,28.511208],[77.577592,28.511224],[77.577412,28.511262],[77.577044,28.511349],[77.576834,28.511403],[77.576728,28.511452],[77.57663,28.511499],[77.576332,28.511676],[77.576062,28.511834],[77.575767,28.511973],[77.575592,28.51205],[77.575361,28.512144],[77.574904,28.512327],[77.574566,28.512456],[77.574164,28.51263],[77.572908,28.513026],[77.572134,28.513311],[77.572036,28.513338],[77.571961,28.513351],[77.571904,28.513351],[77.571837,28.513343],[77.571761,28.513314],[77.571697,28.513275],[77.571255,28.512911],[77.571234,28.512894],[77.571085,28.512773],[77.57096,28.512673],[77.570871,28.512623],[77.570738,28.512564],[77.570599,28.512535],[77.570496,28.512513],[77.570401,28.512491],[77.570343,28.512464],[77.570306,28.512421],[77.57027,28.512356],[77.57021,28.512183],[77.570153,28.511999],[77.570101,28.511766],[77.569999,28.511272],[77.570004,28.511159],[77.569999,28.51104],[77.56995,28.510649],[77.569884,28.510149],[77.569879,28.509963],[77.569883,28.509816],[77.569894,28.509701],[77.569913,28.509558],[77.569929,28.509491],[77.569948,28.509442],[77.569976,28.509379],[77.570017,28.509307],[77.570038,28.509259],[77.570038,28.509223],[77.570027,28.50919],[77.570004,28.509169],[77.569962,28.509136],[77.569896,28.509087],[77.569813,28.509019],[77.569754,28.508958],[77.569679,28.508866],[77.569615,28.508781],[77.569552,28.508695],[77.569442,28.50854],[77.569077,28.508017],[77.568782,28.507637],[77.568372,28.507097]]}},{"type":"Feature","properties":{"highway":"residential","kind":"road","name":null,"surface":null},"geometry":{"type":"LineString","coordinates":[[77.56505,28.532522],[77.565263,28.532397],[77.565998,28.531947],[77.566861,28.53149],[77.567037,28.531412],[77.569296,28.533547],[77.569697,28.533953],[77.570593,28.534827]]}},{"type":"Feature","properties":{"highway":"residential","kind":"road","name":null,"surface":null},"geometry":{"type":"LineString","coordinates":[[77.565423,28.532598],[77.56612,28.532172]]}},{"type":"Feature","properties":{"highway":"residential","kind":"road","name":null,"surface":null},"geometry":{"type":"LineString","coordinates":[[77.563417,28.529808],[77.563482,28.529767],[77.563512,28.529755],[77.563543,28.529754],[77.563575,28.529766],[77.563691,28.529851],[77.563886,28.529996],[77.564066,28.530107],[77.564097,28.53012],[77.564131,28.530126],[77.56419,28.530123],[77.564409,28.530094],[77.564505,28.530094],[77.564545,28.530103],[77.564585,28.530123],[77.564744,28.530247],[77.564861,28.530366],[77.565534,28.531178],[77.565674,28.531385],[77.565998,28.531947],[77.56612,28.532172],[77.566268,28.53243],[77.566516,28.53278],[77.566948,28.533324],[77.567342,28.533765],[77.567353,28.533791],[77.567357,28.53383],[77.567341,28.53386],[77.567255,28.533943],[77.567169,28.534029],[77.567139,28.534069],[77.56712,28.534114],[77.567113,28.534182],[77.567119,28.53425],[77.567162,28.534334],[77.567205,28.534425],[77.567238,28.534509],[77.567268,28.534626],[77.567278,28.53467],[77.567308,28.534796],[77.567339,28.534902],[77.567384,28.535047],[77.567429,28.535151],[77.567504,28.535315],[77.567585,28.53547],[77.567669,28.535612],[77.567798,28.535815],[77.567861,28.535912],[77.567923,28.536025],[77.568013,28.536147],[77.568097,28.536252],[77.568175,28.536341],[77.568192,28.53636],[77.568285,28.536428],[77.56836,28.536463],[77.568428,28.536489],[77.568602,28.536549],[77.568861,28.53666]]}},{"type":"Feature","properties":{"highway":"residential","kind":"road","name":null,"surface":null},"geometry":{"type":"LineString","coordinates":[[77.565263,28.532397],[77.565423,28.532598],[77.565573,28.53278]]}},{"type":"Feature","properties":{"highway":"track","kind":"path","name":null,"surface":"unpaved"},"geometry":{"type":"LineString","coordinates":[[77.5639,28.520519],[77.566569,28.519903],[77.571092,28.518934],[77.571996,28.518751],[77.572171,28.51868],[77.572272,28.518609],[77.572452,28.51842],[77.572876,28.517966],[77.572971,28.51786],[77.573107,28.517669],[77.573568,28.517192],[77.573709,28.517032],[77.574805,28.51583],[77.574822,28.515782],[77.574841,28.515739],[77.574846,28.515701],[77.574821,28.515661],[77.574753,28.515603],[77.574454,28.515395],[77.574189,28.515168],[77.574112,28.515103],[77.573952,28.514916],[77.573923,28.514894],[77.573891,28.514885],[77.573839,28.514892],[77.573802,28.514882],[77.573763,28.514863],[77.573726,28.514832],[77.57357,28.514685],[77.573102,28.514324],[77.572528,28.513896],[77.572017,28.513492],[77.571837,28.513343]]}},{"type":"Feature","properties":{"highway":"residential","kind":"road","name":null,"surface":null},"geometry":{"type":"LineString","coordinates":[[77.565781,28.529936],[77.565978,28.529788],[77.56618,28.529682],[77.566395,28.529575],[77.566545,28.529519],[77.567005,28.52938],[77.567393,28.529209],[77.567619,28.529113],[77.567808,28.529057],[77.568008,28.529]]}},{"type":"Feature","properties":{"highway":"track","kind":"path","name":null,"surface":null},"geometry":{"type":"LineString","coordinates":[[77.578921,28.511267],[77.574821,28.515661]]}},{"type":"Feature","properties":{"highway":"track","kind":"path","name":null,"surface":"unpaved"},"geometry":{"type":"LineString","coordinates":[[77.573839,28.514892],[77.573836,28.514775],[77.573817,28.51472],[77.573769,28.514643],[77.573645,28.514484],[77.573598,28.514431],[77.57357,28.514391],[77.573575,28.514353],[77.573603,28.514317],[77.573684,28.514261],[77.574253,28.513891],[77.574287,28.513852],[77.574303,28.513817],[77.574308,28.513772],[77.574303,28.513708],[77.574265,28.513424],[77.574164,28.51263]]}},{"type":"Feature","properties":{"highway":"service","kind":"road","name":null,"surface":null},"geometry":{"type":"LineString","coordinates":[[77.574281,28.520477],[77.573612,28.518986]]}},{"type":"Feature","properties":{"highway":"service","kind":"road","name":null,"surface":null},"geometry":{"type":"LineString","coordinates":[[77.570454,28.521813],[77.570145,28.521138],[77.57002,28.520825],[77.570013,28.520815],[77.570001,28.520801],[77.569992,28.520798],[77.569975,28.520796],[77.569946,28.520797],[77.569872,28.520809],[77.569447,28.520959],[77.569115,28.521074],[77.569101,28.521089],[77.569091,28.521106],[77.569089,28.521128],[77.569096,28.521155],[77.569468,28.521892],[77.569502,28.522035]]}},{"type":"Feature","properties":{"highway":"service","kind":"road","name":null,"surface":null},"geometry":{"type":"LineString","coordinates":[[77.572653,28.523849],[77.572599,28.524329],[77.572586,28.524418],[77.572565,28.524556],[77.572514,28.524849],[77.572527,28.524973],[77.572576,28.525142],[77.572597,28.52518],[77.572627,28.525234]]}},{"type":"Feature","properties":{"highway":"service","kind":"road","name":null,"surface":null},"geometry":{"type":"LineString","coordinates":[[77.571084,28.524534],[77.571157,28.524394]]}},{"type":"Feature","properties":{"highway":"footway","kind":"path","name":null,"surface":null},"geometry":{"type":"LineString","coordinates":[[77.577054,28.525333],[77.576824,28.525545],[77.576213,28.526107]]}},{"type":"Feature","properties":{"highway":"footway","kind":"path","name":null,"surface":null},"geometry":{"type":"LineString","coordinates":[[77.576254,28.526885],[77.576276,28.52686],[77.576436,28.526679],[77.576508,28.526597],[77.576526,28.526576],[77.576536,28.526566],[77.576548,28.526564],[77.576571,28.526568],[77.576767,28.526643],[77.576793,28.526654],[77.576805,28.526662],[77.576809,28.526671],[77.576807,28.526695],[77.57679,28.526813],[77.576759,28.527035],[77.576753,28.527076]]}},{"type":"Feature","properties":{"highway":"pedestrian","kind":"path","name":null,"surface":null},"geometry":{"type":"LineString","coordinates":[[77.574975,28.525201],[77.574812,28.525255],[77.574251,28.525443],[77.574123,28.525486],[77.573975,28.525536],[77.573915,28.525555]]}},{"type":"Feature","properties":{"highway":"pedestrian","kind":"path","name":null,"surface":null},"geometry":{"type":"LineString","coordinates":[[77.574769,28.527472],[77.57484,28.527448],[77.574987,28.527397],[77.5751,28.527358],[77.575561,28.527198],[77.575676,28.527158],[77.575889,28.527084]]}},{"type":"Feature","properties":{"highway":"service","kind":"road","name":null,"surface":null},"geometry":{"type":"LineString","coordinates":[[77.570145,28.521138],[77.571229,28.520722]]}},{"type":"Feature","properties":{"highway":"service","kind":"road","name":null,"surface":null},"geometry":{"type":"LineString","coordinates":[[77.569588,28.522122],[77.569588,28.5221],[77.569581,28.522078],[77.569567,28.52206],[77.569548,28.522046],[77.569524,28.522037],[77.569502,28.522035],[77.569475,28.52204],[77.569453,28.522051],[77.569435,28.522067],[77.569424,28.522087],[77.56942,28.522108],[77.569423,28.52213],[77.569434,28.52215],[77.569451,28.522167],[77.569472,28.522178],[77.569497,28.522184],[77.569522,28.522182],[77.569545,28.522174],[77.569565,28.522161],[77.56958,28.522143],[77.569588,28.522122]]}},{"type":"Feature","properties":{"highway":"footway","kind":"path","name":null,"surface":null},"geometry":{"type":"LineString","coordinates":[[77.57615,28.526161],[77.575755,28.526517],[77.575715,28.526554]]}},{"type":"Feature","properties":{"highway":"service","kind":"road","name":null,"surface":null},"geometry":{"type":"LineString","coordinates":[[77.572653,28.523849],[77.57265,28.523802],[77.572639,28.523725],[77.572591,28.523608],[77.572537,28.523482],[77.57253,28.523443],[77.572538,28.52343],[77.572555,28.523398],[77.572861,28.522923],[77.572913,28.522843],[77.572975,28.522755],[77.57317,28.522477],[77.573201,28.522433],[77.573245,28.52237],[77.573285,28.522331],[77.57334,28.522311],[77.573487,28.522337],[77.573637,28.522386],[77.573744,28.522437],[77.573813,28.522485],[77.573857,28.522537],[77.573901,28.522624],[77.574061,28.522972],[77.574158,28.523097],[77.574222,28.523161],[77.574215,28.52319],[77.574206,28.523237]]}},{"type":"Feature","properties":{"highway":"service","kind":"road","name":null,"surface":null},"geometry":{"type":"LineString","coordinates":[[77.573201,28.522433],[77.573173,28.522362],[77.573142,28.522306],[77.573096,28.522277],[77.573027,28.522254],[77.572976,28.522257],[77.572937,28.52227],[77.572879,28.522309],[77.572803,28.522349],[77.572655,28.522406],[77.572494,28.52242],[77.572331,28.522393],[77.572242,28.52235],[77.572186,28.522323],[77.572053,28.522231],[77.572034,28.522209],[77.571963,28.522128],[77.571906,28.521996],[77.571841,28.521884],[77.571797,28.521823],[77.571743,28.52176],[77.571683,28.521706],[77.571605,28.521632],[77.571563,28.521584],[77.571536,28.521544]]}},{"type":"Feature","properties":{"highway":"footway","kind":"path","name":null,"surface":null},"geometry":{"type":"LineString","coordinates":[[77.571247,28.524974],[77.571157,28.525005],[77.571122,28.52503],[77.5711,28.525061],[77.571087,28.525083],[77.57108,28.525094],[77.571054,28.52512],[77.57101,28.525139],[77.57098,28.52514],[77.570948,28.52514],[77.570913,28.525156],[77.570893,28.525165],[77.570876,28.525173],[77.570816,28.525183],[77.570789,28.525184],[77.570763,28.525184],[77.57071,28.525176],[77.570687,28.525166]]}},{"type":"Feature","properties":{"highway":"footway","kind":"path","name":null,"surface":null},"geometry":{"type":"LineString","coordinates":[[77.570893,28.525165],[77.570885,28.525147],[77.570875,28.525123],[77.570863,28.525107],[77.570848,28.525095],[77.57083,28.525074],[77.570811,28.525048],[77.570799,28.525028],[77.570797,28.525006],[77.570801,28.524993],[77.5708,28.524972],[77.570783,28.524948],[77.570756,28.524931]]}},{"type":"Feature","properties":{"highway":"footway","kind":"path","name":null,"surface":null},"geometry":{"type":"LineString","coordinates":[[77.570811,28.525048],[77.570831,28.525027],[77.570844,28.525005],[77.570847,28.524979],[77.570841,28.524952],[77.570826,28.524932],[77.570804,28.524908]]}},{"type":"Feature","properties":{"highway":"footway","kind":"path","name":null,"surface":null},"geometry":{"type":"LineString","coordinates":[[77.570804,28.524908],[77.570838,28.524914],[77.570869,28.524918],[77.570904,28.524916],[77.570949,28.5249],[77.571002,28.524874],[77.571051,28.524854],[77.571096,28.524833],[77.57117,28.524808]]}},{"type":"Feature","properties":{"highway":"footway","kind":"path","name":null,"surface":null},"geometry":{"type":"LineString","coordinates":[[77.570948,28.52514],[77.570957,28.525114],[77.570967,28.525091],[77.57099,28.525071],[77.57102,28.525063],[77.571056,28.525067],[77.571087,28.525083]]}},{"type":"Feature","properties":{"highway":"footway","kind":"path","name":null,"surface":null},"geometry":{"type":"LineString","coordinates":[[77.570586,28.525055],[77.570469,28.525034],[77.570338,28.524985],[77.570224,28.524918],[77.570147,28.524825],[77.570084,28.524697],[77.570039,28.524577],[77.569962,28.524603],[77.569894,28.524627]]}},{"type":"Feature","properties":{"highway":"footway","kind":"path","name":null,"surface":null},"geometry":{"type":"LineString","coordinates":[[77.570607,28.525115],[77.570586,28.525055],[77.570582,28.525014],[77.570621,28.52497],[77.570673,28.524936],[77.570724,28.524917],[77.570756,28.524931]]}},{"type":"Feature","properties":{"highway":"footway","kind":"path","name":null,"surface":null},"geometry":{"type":"LineString","coordinates":[[77.574267,28.526376],[77.574343,28.526349],[77.574489,28.526296],[77.574601,28.526255],[77.575042,28.526095],[77.575054,28.52609],[77.575176,28.526046],[77.57527,28.526011]]}},{"type":"Feature","properties":{"highway":"service","kind":"road","name":null,"surface":null},"geometry":{"type":"LineString","coordinates":[[77.57163,28.525589],[77.571598,28.525529],[77.571533,28.525401],[77.571499,28.525361],[77.571462,28.525337],[77.571422,28.525326],[77.571395,28.525306],[77.571381,28.525276],[77.571349,28.525194],[77.571247,28.524974],[77.57117,28.524808],[77.571084,28.524534]]}},{"type":"Feature","properties":{"highway":"service","kind":"road","name":null,"surface":null},"geometry":{"type":"LineString","coordinates":[[77.573604,28.52489],[77.57354,28.524914],[77.572693,28.525211],[77.572627,28.525234],[77.571696,28.525566],[77.57163,28.525589],[77.571596,28.525601],[77.570515,28.525982]]}},{"type":"Feature","properties":{"highway":"footway","kind":"path","name":null,"surface":null},"geometry":{"type":"LineString","coordinates":[[77.572277,28.523991],[77.572259,28.524089],[77.57223,28.524157],[77.572194,28.524198],[77.572148,28.524218],[77.572092,28.52423],[77.572058,28.524246],[77.572018,28.524283],[77.571994,28.524333],[77.571995,28.524389],[77.572019,28.524441],[77.572065,28.524482],[77.572123,28.52451],[77.572165,28.524549],[77.572177,28.524591],[77.572188,28.524657],[77.5722,28.524733],[77.572219,28.524781],[77.572254,28.524813],[77.572321,28.524842],[77.572356,28.524877],[77.572382,28.524931],[77.572407,28.524991],[77.572424,28.525064]]}},{"type":"Feature","properties":{"highway":"footway","kind":"path","name":null,"surface":null},"geometry":{"type":"LineString","coordinates":[[77.571761,28.524175],[77.57193,28.524547],[77.572036,28.524788],[77.572171,28.524894],[77.572249,28.524954],[77.572424,28.525064],[77.572576,28.525142]]}},{"type":"Feature","properties":{"highway":"footway","kind":"path","name":null,"surface":null},"geometry":{"type":"LineString","coordinates":[[77.571349,28.525194],[77.571483,28.525253],[77.57155,28.525275],[77.571602,28.525271],[77.571633,28.525242],[77.571832,28.524776],[77.57193,28.524547]]}},{"type":"Feature","properties":{"highway":"footway","kind":"path","name":null,"surface":null},"geometry":{"type":"LineString","coordinates":[[77.571677,28.524834],[77.571784,28.52479],[77.571832,28.524776],[77.571894,28.524763],[77.571938,28.524761],[77.571993,28.524775],[77.572036,28.524788]]}},{"type":"Feature","properties":{"highway":"footway","kind":"path","name":null,"surface":null},"geometry":{"type":"LineString","coordinates":[[77.572599,28.524329],[77.572789,28.524352]]}},{"type":"Feature","properties":{"highway":"footway","kind":"path","name":null,"surface":null},"geometry":{"type":"LineString","coordinates":[[77.573146,28.523859],[77.57324,28.523676],[77.573277,28.523572],[77.573301,28.523523],[77.573347,28.523508],[77.573415,28.523501],[77.57347,28.52348],[77.573513,28.523419],[77.573535,28.523377],[77.573538,28.52333],[77.573529,28.523288]]}},{"type":"Feature","properties":{"highway":"footway","kind":"path","name":null,"surface":null},"geometry":{"type":"LineString","coordinates":[[77.572653,28.523849],[77.572803,28.523816],[77.572955,28.523824],[77.573129,28.523846],[77.573146,28.523859],[77.573178,28.523885],[77.573204,28.523942],[77.573198,28.524019],[77.573205,28.524055],[77.573238,28.52409],[77.573329,28.524121],[77.57346,28.524167],[77.573539,28.524194],[77.573643,28.524228]]}},{"type":"Feature","properties":{"highway":"service","kind":"road","name":null,"surface":null},"geometry":{"type":"LineString","coordinates":[[77.573661,28.524596],[77.573694,28.524535],[77.573732,28.524306],[77.573775,28.524139],[77.573793,28.524047],[77.57391,28.523787],[77.57406,28.523534],[77.574172,28.523372],[77.574219,28.523327],[77.574229,28.523306],[77.574233,28.523282],[77.574228,28.523257],[77.574213,28.523243],[77.574206,28.523237],[77.574162,28.523233],[77.574136,28.52324],[77.574116,28.523256],[77.574103,28.523281],[77.574091,28.523333],[77.574039,28.523418],[77.57398,28.523511],[77.573913,28.523616],[77.573843,28.523754],[77.573738,28.524035],[77.573689,28.524239],[77.573654,28.524423],[77.573649,28.5245],[77.57365,28.524529],[77.573661,28.524596]]}},{"type":"Feature","properties":{"highway":"footway","kind":"path","name":null,"surface":null},"geometry":{"type":"LineString","coordinates":[[77.57319,28.523162],[77.573129,28.523128],[77.573104,28.523097],[77.573079,28.523059],[77.57305,28.523023],[77.573019,28.523002],[77.572953,28.522966],[77.572883,28.522934],[77.572861,28.522923]]}},{"type":"Feature","properties":{"highway":"footway","kind":"path","name":null,"surface":null},"geometry":{"type":"LineString","coordinates":[[77.573019,28.523002],[77.573133,28.522836]]}},{"type":"Feature","properties":{"highway":"footway","kind":"path","name":null,"surface":null},"geometry":{"type":"LineString","coordinates":[[77.572975,28.522755],[77.573021,28.522776],[77.57308,28.522807],[77.573133,28.522836],[77.57318,28.522843],[77.573239,28.522838],[77.57329,28.522843],[77.573342,28.522855],[77.573378,28.522869],[77.573415,28.52289],[77.573442,28.522912],[77.573466,28.522939],[77.573492,28.522974],[77.573553,28.523024],[77.573789,28.523141],[77.574067,28.523295]]}},{"type":"Feature","properties":{"highway":"footway","kind":"path","name":null,"surface":null},"geometry":{"type":"LineString","coordinates":[[77.57317,28.522477],[77.573154,28.522434],[77.573134,28.522394],[77.573106,28.522358],[77.573065,28.52233],[77.573032,28.522316],[77.57298,28.522312],[77.57293,28.52232],[77.572875,28.522344],[77.572827,28.522384],[77.572783,28.522422],[77.572738,28.522458],[77.572703,28.522484],[77.572683,28.522495],[77.57266,28.522502],[77.57262,28.522502],[77.572562,28.522493],[77.572505,28.522497],[77.572459,28.522509],[77.572406,28.522509],[77.57236,28.522499],[77.57232,28.522477],[77.572267,28.522448],[77.572209,28.522429],[77.572158,28.522421],[77.572106,28.522402],[77.57206,28.52238],[77.572015,28.522336],[77.571982,28.522301],[77.571955,28.522262],[77.571942,28.522244],[77.571917,28.522199],[77.571901,28.522139],[77.571896,28.522095],[77.571884,28.52205],[77.571855,28.521996],[77.5718,28.521918],[77.571761,28.521876],[77.571693,28.521801],[77.57163,28.521712],[77.571583,28.521655],[77.571547,28.521619],[77.571502,28.521539]]}},{"type":"Feature","properties":{"highway":"footway","kind":"path","name":null,"surface":null},"geometry":{"type":"LineString","coordinates":[[77.571955,28.522262],[77.572034,28.522209]]}},{"type":"Feature","properties":{"highway":"footway","kind":"path","name":null,"surface":null},"geometry":{"type":"LineString","coordinates":[[77.572209,28.522429],[77.572242,28.52235]]}},{"type":"Feature","properties":{"highway":"footway","kind":"path","name":null,"surface":null},"geometry":{"type":"LineString","coordinates":[[77.572683,28.522495],[77.572655,28.522406]]}},{"type":"Feature","properties":{"highway":"footway","kind":"path","name":null,"surface":null},"geometry":{"type":"LineString","coordinates":[[77.573065,28.52233],[77.573096,28.522277]]}},{"type":"Feature","properties":{"highway":"footway","kind":"path","name":null,"surface":null},"geometry":{"type":"LineString","coordinates":[[77.57206,28.52238],[77.57207,28.522427],[77.572086,28.522492],[77.572088,28.522528],[77.57209,28.522551],[77.572082,28.522617],[77.572068,28.522663],[77.572028,28.522725],[77.572019,28.522775],[77.57202,28.522812],[77.572041,28.52285],[77.572086,28.522878],[77.572118,28.5229],[77.572141,28.522928],[77.57215,28.522985],[77.572159,28.523027],[77.572172,28.523065],[77.572205,28.523118],[77.572231,28.523157],[77.572266,28.523186],[77.57231,28.523211],[77.572338,28.523229],[77.572362,28.523237],[77.572413,28.523275],[77.57244,28.523308],[77.572463,28.523349],[77.572467,28.523382],[77.572466,28.523396],[77.572538,28.52343]]}},{"type":"Feature","properties":{"highway":"footway","kind":"path","name":null,"surface":null},"geometry":{"type":"LineString","coordinates":[[77.572466,28.523396],[77.572435,28.523392],[77.572398,28.523384],[77.572359,28.523372],[77.572336,28.523347],[77.572328,28.523322],[77.572327,28.523293],[77.572328,28.52325],[77.572338,28.523229]]}},{"type":"Feature","properties":{"highway":"footway","kind":"path","name":null,"surface":null},"geometry":{"type":"LineString","coordinates":[[77.572088,28.522528],[77.572102,28.522493],[77.572124,28.52246],[77.572158,28.522421]]}},{"type":"Feature","properties":{"highway":"service","kind":"road","name":null,"surface":null},"geometry":{"type":"LineString","coordinates":[[77.571084,28.524534],[77.570958,28.524463]]}},{"type":"Feature","properties":{"highway":"footway","kind":"path","name":null,"surface":null},"geometry":{"type":"LineString","coordinates":[[77.573648,28.523818],[77.573711,28.52384]]}},{"type":"Feature","properties":{"highway":"footway","kind":"path","name":null,"surface":null},"geometry":{"type":"LineString","coordinates":[[77.573367,28.524391],[77.573402,28.524361],[77.573483,28.524265],[77.573517,28.524222],[77.573539,28.524194],[77.573613,28.524057],[77.573667,28.523937],[77.573711,28.52384],[77.573737,28.523781],[77.57376,28.523723],[77.573767,28.523674],[77.573756,28.523593],[77.573744,28.523532],[77.573718,28.523476],[77.573674,28.523412],[77.573647,28.523372],[77.573606,28.523328]]}},{"type":"Feature","properties":{"highway":"footway","kind":"path","name":null,"surface":null},"geometry":{"type":"LineString","coordinates":[[77.573517,28.524222],[77.573494,28.524405]]}},{"type":"Feature","properties":{"highway":"footway","kind":"path","name":null,"surface":null},"geometry":{"type":"LineString","coordinates":[[77.57351,28.524853],[77.573416,28.524624]]}},{"type":"Feature","properties":{"highway":"footway","kind":"path","name":null,"surface":null},"geometry":{"type":"LineString","coordinates":[[77.574751,28.527433],[77.57481,28.527382],[77.574929,28.527269],[77.575022,28.527185],[77.575398,28.526841],[77.575491,28.526756],[77.575674,28.526599]]}},{"type":"Feature","properties":{"highway":"footway","kind":"path","name":null,"surface":null},"geometry":{"type":"LineString","coordinates":[[77.575376,28.528259],[77.575339,28.528177],[77.575282,28.52805],[77.575226,28.527926],[77.575169,28.5278],[77.575111,28.527672],[77.575054,28.527546],[77.574987,28.527397],[77.574929,28.527269],[77.574869,28.527137],[77.574812,28.52701],[77.574755,28.526885],[77.574709,28.526783],[77.574661,28.526677],[77.574604,28.52655],[77.574547,28.526425],[77.574489,28.526296],[77.574428,28.526161],[77.574367,28.526027],[77.574311,28.525903],[77.574253,28.525775],[77.574196,28.525648],[77.574123,28.525486],[77.574004,28.525224]]}},{"type":"Feature","properties":{"highway":"footway","kind":"path","name":null,"surface":"concrete"},"geometry":{"type":"LineString","coordinates":[[77.574004,28.525224],[77.574251,28.525443],[77.575042,28.526095]]}},{"type":"Feature","properties":{"highway":"footway","kind":"path","name":null,"surface":null},"geometry":{"type":"LineString","coordinates":[[77.572693,28.525211],[77.572789,28.525244],[77.57285,28.525266],[77.572983,28.525305]]}},{"type":"Feature","properties":{"highway":"footway","kind":"path","name":null,"surface":null},"geometry":{"type":"LineString","coordinates":[[77.570039,28.524577],[77.570094,28.524559]]}},{"type":"Feature","properties":{"highway":"footway","kind":"path","name":null,"surface":null},"geometry":{"type":"LineString","coordinates":[[77.570464,28.524471],[77.570566,28.524441],[77.570647,28.524413],[77.570724,28.524397],[77.570811,28.524389]]}},{"type":"Feature","properties":{"highway":"footway","kind":"path","name":null,"surface":null},"geometry":{"type":"LineString","coordinates":[[77.57324,28.523676],[77.573295,28.523697]]}},{"type":"Feature","properties":{"highway":"footway","kind":"path","name":null,"surface":null},"geometry":{"type":"LineString","coordinates":[[77.572803,28.523816],[77.572735,28.523798],[77.572679,28.523773],[77.572639,28.523725]]}},{"type":"Feature","properties":{"highway":"footway","kind":"path","name":null,"surface":null},"geometry":{"type":"LineString","coordinates":[[77.57351,28.524853],[77.572661,28.525159],[77.572597,28.52518],[77.57251,28.525209],[77.571667,28.525504]]}},{"type":"Feature","properties":{"highway":"footway","kind":"path","name":null,"surface":"paving_stones"},"geometry":{"type":"LineString","coordinates":[[77.57351,28.524853],[77.573557,28.524836],[77.573578,28.52464]]}},{"type":"Feature","properties":{"highway":"footway","kind":"path","name":null,"surface":null},"geometry":{"type":"LineString","coordinates":[[77.573711,28.52384],[77.57376,28.523856]]}},{"type":"Feature","properties":{"highway":"service","kind":"road","name":null,"surface":null},"geometry":{"type":"LineString","coordinates":[[77.570607,28.525115],[77.570409,28.525172],[77.570243,28.525227],[77.570169,28.525251]]}},{"type":"Feature","properties":{"highway":"footway","kind":"path","name":null,"surface":null},"geometry":{"type":"LineString","coordinates":[[77.572106,28.52504],[77.572127,28.524991],[77.572161,28.524923],[77.572171,28.524894]]}},{"type":"Feature","properties":{"highway":"footway","kind":"path","name":null,"surface":null},"geometry":{"type":"LineString","coordinates":[[77.574812,28.525255],[77.57488,28.525404],[77.574937,28.52553],[77.574995,28.525658],[77.575052,28.52578],[77.575115,28.525916],[77.575176,28.526046],[77.575234,28.526179],[77.575291,28.526305],[77.575347,28.526431],[77.575394,28.526538],[77.575439,28.526639],[77.575491,28.526756],[77.575553,28.526891],[77.575609,28.527014],[77.575676,28.527158],[77.575737,28.527294],[77.575794,28.527421],[77.575852,28.52755],[77.575907,28.527673],[77.575964,28.527799],[77.576021,28.527926],[77.576064,28.528021]]}},{"type":"Feature","properties":{"highway":"footway","kind":"path","name":null,"surface":null},"geometry":{"type":"LineString","coordinates":[[77.578263,28.527967],[77.578069,28.527522],[77.577959,28.527284]]}},{"type":"Feature","properties":{"highway":"footway","kind":"path","name":null,"surface":null},"geometry":{"type":"LineString","coordinates":[[77.578069,28.527522],[77.578002,28.527531],[77.577905,28.527566],[77.577783,28.527608],[77.577725,28.527657],[77.57769,28.527703],[77.577649,28.527757],[77.577613,28.527793],[77.577558,28.52781]]}},{"type":"Feature","properties":{"highway":"footway","kind":"path","name":null,"surface":null},"geometry":{"type":"LineString","coordinates":[[77.577558,28.52781],[77.577539,28.527841],[77.577502,28.527863],[77.577442,28.527893],[77.577367,28.527908],[77.577284,28.527907],[77.577228,28.527931],[77.577191,28.527971],[77.577165,28.528023]]}},{"type":"Feature","properties":{"highway":"footway","kind":"path","name":null,"surface":null},"geometry":{"type":"LineString","coordinates":[[77.577959,28.527284],[77.578239,28.527183],[77.578627,28.527045]]}},{"type":"Feature","properties":{"highway":"footway","kind":"path","name":null,"surface":null},"geometry":{"type":"LineString","coordinates":[[77.578239,28.527183],[77.578339,28.52721],[77.578441,28.527234],[77.578535,28.527248],[77.578649,28.527255],[77.578765,28.527255],[77.578856,28.527244],[77.578987,28.52722]]}},{"type":"Feature","properties":{"highway":"footway","kind":"path","name":null,"surface":null},"geometry":{"type":"LineString","coordinates":[[77.577394,28.528298],[77.577295,28.528088],[77.577228,28.527931],[77.57721,28.527844],[77.577211,28.527765],[77.577225,28.527683],[77.577245,28.527605],[77.577267,28.527538],[77.577308,28.527503],[77.577361,28.527491],[77.577408,28.527474]]}},{"type":"Feature","properties":{"highway":"footway","kind":"path","name":null,"surface":null},"geometry":{"type":"LineString","coordinates":[[77.577959,28.527284],[77.577408,28.527474]]}},{"type":"Feature","properties":{"highway":"footway","kind":"path","name":null,"surface":null},"geometry":{"type":"LineString","coordinates":[[77.5769,28.528455],[77.576704,28.52805],[77.576789,28.528035],[77.576924,28.528053],[77.577064,28.528052],[77.577136,28.528022],[77.577163,28.527978],[77.577183,28.527915],[77.577179,28.527834],[77.577183,28.527758],[77.577194,28.527691]]}},{"type":"Feature","properties":{"highway":"footway","kind":"path","name":null,"surface":null},"geometry":{"type":"LineString","coordinates":[[77.574157,28.528955],[77.57425,28.52887],[77.574274,28.528846],[77.574421,28.528728],[77.574584,28.528635],[77.574757,28.528559],[77.574841,28.528538],[77.574951,28.528511],[77.57509,28.5285]]}},{"type":"Feature","properties":{"highway":"footway","kind":"path","name":null,"surface":null},"geometry":{"type":"LineString","coordinates":[[77.574254,28.529183],[77.574351,28.529143],[77.57437,28.529139],[77.574404,28.529131],[77.574463,28.529135],[77.57453,28.529131],[77.574599,28.52911],[77.574651,28.52908],[77.57471,28.529042],[77.574764,28.529016],[77.574822,28.528998],[77.57488,28.528997],[77.574941,28.529001],[77.574995,28.528993],[77.575058,28.528965],[77.575135,28.528927],[77.575172,28.528905],[77.575199,28.528889],[77.575237,28.528855],[77.575228,28.528826],[77.575265,28.528811],[77.5753,28.528796]]}},{"type":"Feature","properties":{"highway":"footway","kind":"path","name":null,"surface":null},"geometry":{"type":"LineString","coordinates":[[77.575358,28.528922],[77.5753,28.528796],[77.575094,28.528357],[77.574713,28.527492],[77.574692,28.527444]]}},{"type":"Feature","properties":{"highway":"footway","kind":"path","name":null,"surface":null},"geometry":{"type":"LineString","coordinates":[[77.575172,28.528905],[77.575151,28.528851],[77.575228,28.528826]]}},{"type":"Feature","properties":{"highway":"footway","kind":"path","name":null,"surface":null},"geometry":{"type":"LineString","coordinates":[[77.57437,28.529139],[77.57425,28.52887],[77.574166,28.528685]]}},{"type":"Feature","properties":{"highway":"footway","kind":"path","name":null,"surface":null},"geometry":{"type":"LineString","coordinates":[[77.574341,28.529311],[77.575358,28.528922]]}},{"type":"Feature","properties":{"highway":"service","kind":"road","name":null,"surface":null},"geometry":{"type":"LineString","coordinates":[[77.570958,28.524463],[77.570811,28.524389],[77.570745,28.524354],[77.57066,28.524338],[77.570581,28.52434],[77.570524,28.524303],[77.570489,28.52424],[77.570454,28.524185],[77.570409,28.524162],[77.570343,28.524163],[77.570226,28.524182],[77.569908,28.524203],[77.569803,28.524235],[77.569733,28.524256]]}},{"type":"Feature","properties":{"highway":"trunk_link","kind":"road","name":null,"surface":null},"geometry":{"type":"LineString","coordinates":[[77.578169,28.537926],[77.578246,28.537615],[77.578328,28.537253],[77.57845,28.53678],[77.578622,28.536164],[77.578648,28.53607],[77.578842,28.535369],[77.579214,28.534436],[77.579708,28.532928],[77.579994,28.532454],[77.580255,28.53199],[77.580582,28.531588],[77.580873,28.53126],[77.581174,28.53097],[77.581733,28.530526],[77.582542,28.529947],[77.582954,28.529672],[77.583578,28.529202],[77.583788,28.529034],[77.584066,28.528761]]}},{"type":"Feature","properties":{"highway":"trunk","kind":"road","name":"Grand Trunk Road","surface":null},"geometry":{"type":"LineString","coordinates":[[77.579788,28.532496],[77.579844,28.532395],[77.579879,28.532328],[77.579944,28.532218]]}},{"type":"Feature","properties":{"highway":"trunk","kind":"road","name":"Grand Trunk Road","surface":null},"geometry":{"type":"LineString","coordinates":[[77.579944,28.532218],[77.58044,28.531506],[77.581006,28.530929],[77.581764,28.530298],[77.583248,28.529283],[77.584066,28.528761],[77.584169,28.528689],[77.584948,28.528144],[77.586209,28.527314],[77.587634,28.526369],[77.588888,28.525538],[77.590456,28.524499]]}},{"type":"Feature","properties":{"highway":"trunk_link","kind":"road","name":null,"surface":null},"geometry":{"type":"LineString","coordinates":[[77.583449,28.529015],[77.583356,28.52905],[77.58324,28.52912],[77.583011,28.529257],[77.582724,28.529422],[77.582422,28.529605],[77.582359,28.529642],[77.581864,28.529989],[77.581482,28.530273],[77.581178,28.5305],[77.580754,28.53088],[77.580239,28.531391],[77.579799,28.531982],[77.579648,28.532228]]}},{"type":"Feature","properties":{"highway":"secondary","kind":"road","name":null,"surface":null},"geometry":{"type":"LineString","coordinates":[[77.579879,28.532328],[77.579648,28.532228],[77.579487,28.532155],[77.57926,28.532035],[77.579174,28.532019]]}},{"type":"Feature","properties":{"highway":"trunk_link","kind":"road","name":null,"surface":null},"geometry":{"type":"LineString","coordinates":[[77.579648,28.532228],[77.579609,28.532292],[77.579484,28.532518],[77.579368,28.532726],[77.579107,28.533344],[77.578828,28.534148],[77.57854,28.535018],[77.578306,28.535778],[77.578195,28.536363],[77.578146,28.536837],[77.578146,28.537163]]}},{"type":"Feature","properties":{"highway":"track","kind":"path","name":null,"surface":null},"geometry":{"type":"LineString","coordinates":[[77.573107,28.517669],[77.573069,28.516185],[77.573108,28.515943],[77.573754,28.515096],[77.573809,28.514964],[77.573839,28.514892]]}},{"type":"Feature","properties":{"highway":"footway","kind":"path","name":null,"surface":null},"geometry":{"type":"LineString","coordinates":[[77.574969,28.524771],[77.576543,28.524901],[77.576958,28.524935]]}},{"type":"Feature","properties":{"highway":"footway","kind":"path","name":null,"surface":null},"geometry":{"type":"LineString","coordinates":[[77.574961,28.525095],[77.576537,28.524985],[77.576962,28.524956]]}},{"type":"Feature","properties":{"highway":"service","kind":"road","name":null,"surface":null},"geometry":{"type":"LineString","coordinates":[[77.570001,28.520801],[77.570095,28.52075],[77.570539,28.520386],[77.570912,28.520025],[77.571378,28.519628],[77.571689,28.519355],[77.571806,28.519293],[77.571917,28.519267],[77.572086,28.519249],[77.572384,28.519256],[77.572594,28.519239],[77.572833,28.519221],[77.572998,28.519186],[77.573612,28.518986],[77.573779,28.518911],[77.573965,28.518792],[77.574459,28.518438],[77.574726,28.518278],[77.574905,28.518214],[77.575073,28.518196],[77.575205,28.518231],[77.575323,28.518276],[77.575438,28.518348],[77.575512,28.518446],[77.575607,28.518608],[77.575911,28.51918],[77.576193,28.519727],[77.5762,28.519807]]}},{"type":"Feature","properties":{"highway":"footway","kind":"path","name":null,"surface":null},"geometry":{"type":"LineString","coordinates":[[77.570607,28.525115],[77.570687,28.525166]]}},{"type":"Feature","properties":{"highway":"footway","kind":"path","name":null,"surface":null},"geometry":{"type":"LineString","coordinates":[[77.570789,28.525184],[77.570772,28.525206],[77.570751,28.525225],[77.570721,28.525226],[77.570694,28.525215],[77.570691,28.525191],[77.570687,28.525166]]}},{"type":"Feature","properties":{"highway":"footway","kind":"path","name":null,"surface":null},"geometry":{"type":"LineString","coordinates":[[77.576213,28.526107],[77.57615,28.526161]]}},{"type":"Feature","properties":{"highway":"footway","kind":"path","name":null,"surface":null},"geometry":{"type":"LineString","coordinates":[[77.575912,28.527964],[77.576021,28.527926],[77.576175,28.527873]]}},{"type":"Feature","properties":{"highway":"footway","kind":"path","name":null,"surface":null},"geometry":{"type":"LineString","coordinates":[[77.575854,28.527838],[77.575964,28.527799],[77.576118,28.527745]]}},{"type":"Feature","properties":{"highway":"footway","kind":"path","name":null,"surface":null},"geometry":{"type":"LineString","coordinates":[[77.575797,28.527712],[77.575907,28.527673],[77.576062,28.527617]]}},{"type":"Feature","properties":{"highway":"footway","kind":"path","name":null,"surface":null},"geometry":{"type":"LineString","coordinates":[[77.575003,28.525359],[77.57488,28.525404],[77.574771,28.525444]]}},{"type":"Feature","properties":{"highway":"footway","kind":"path","name":null,"surface":null},"geometry":{"type":"LineString","coordinates":[[77.575043,28.525494],[77.574937,28.52553],[77.574823,28.525569]]}},{"type":"Feature","properties":{"highway":"footway","kind":"path","name":null,"surface":null},"geometry":{"type":"LineString","coordinates":[[77.575083,28.525629],[77.574995,28.525658],[77.574884,28.525695]]}},{"type":"Feature","properties":{"highway":"footway","kind":"path","name":null,"surface":null},"geometry":{"type":"LineString","coordinates":[[77.575204,28.525886],[77.575115,28.525916],[77.574999,28.525956]]}},{"type":"Feature","properties":{"highway":"footway","kind":"path","name":null,"surface":null},"geometry":{"type":"LineString","coordinates":[[77.575357,28.526137],[77.575234,28.526179],[77.575114,28.52622]]}},{"type":"Feature","properties":{"highway":"footway","kind":"path","name":null,"surface":"concrete"},"geometry":{"type":"LineString","coordinates":[[77.575439,28.52625],[77.575291,28.526305],[77.575172,28.526348]]}},{"type":"Feature","properties":{"highway":"footway","kind":"path","name":null,"surface":null},"geometry":{"type":"LineString","coordinates":[[77.575528,28.526367],[77.575347,28.526431],[77.575229,28.526472]]}},{"type":"Feature","properties":{"highway":"footway","kind":"path","name":null,"surface":null},"geometry":{"type":"LineString","coordinates":[[77.575606,28.526464],[77.575394,28.526538],[77.575278,28.526579]]}},{"type":"Feature","properties":{"highway":"footway","kind":"path","name":null,"surface":null},"geometry":{"type":"LineString","coordinates":[[77.575659,28.526565],[77.575439,28.526639],[77.575323,28.526678]]}},{"type":"Feature","properties":{"highway":"footway","kind":"path","name":null,"surface":null},"geometry":{"type":"LineString","coordinates":[[77.575654,28.52671],[77.57552,28.526756],[77.575491,28.526756]]}},{"type":"Feature","properties":{"highway":"footway","kind":"path","name":null,"surface":null},"geometry":{"type":"LineString","coordinates":[[77.575711,28.526837],[77.575553,28.526891],[77.575438,28.52693]]}},{"type":"Feature","properties":{"highway":"footway","kind":"path","name":null,"surface":null},"geometry":{"type":"LineString","coordinates":[[77.575766,28.526961],[77.575609,28.527014],[77.575495,28.527052]]}},{"type":"Feature","properties":{"highway":"footway","kind":"path","name":null,"surface":null},"geometry":{"type":"LineString","coordinates":[[77.575891,28.527238],[77.575737,28.527294],[77.575624,28.527334]]}},{"type":"Feature","properties":{"highway":"footway","kind":"path","name":null,"surface":null},"geometry":{"type":"LineString","coordinates":[[77.575948,28.527365],[77.575794,28.527421],[77.575682,28.527461]]}},{"type":"Feature","properties":{"highway":"footway","kind":"path","name":null,"surface":null},"geometry":{"type":"LineString","coordinates":[[77.576008,28.527498],[77.575852,28.52755],[77.57574,28.527588]]}},{"type":"Feature","properties":{"highway":"footway","kind":"path","name":null,"surface":null},"geometry":{"type":"LineString","coordinates":[[77.575755,28.526517],[77.575914,28.52665],[77.57606,28.526746],[77.576187,28.526818],[77.576276,28.52686],[77.576328,28.526884],[77.576339,28.52689],[77.576535,28.526969],[77.576694,28.527019],[77.576716,28.527026],[77.576759,28.527035],[77.576953,28.527077],[77.577177,28.52711],[77.577264,28.527115]]}},{"type":"Feature","properties":{"highway":"footway","kind":"path","name":null,"surface":null},"geometry":{"type":"LineString","coordinates":[[77.576694,28.527019],[77.576728,28.526803]]}},{"type":"Feature","properties":{"highway":"footway","kind":"path","name":null,"surface":null},"geometry":{"type":"LineString","coordinates":[[77.57679,28.526813],[77.576728,28.526803],[77.576662,28.526792]]}},{"type":"Feature","properties":{"highway":"footway","kind":"path","name":null,"surface":null},"geometry":{"type":"LineString","coordinates":[[77.576662,28.526792],[77.576655,28.526812],[77.576641,28.526829],[77.576622,28.526841],[77.576601,28.526847],[77.576575,28.526848]]}},{"type":"Feature","properties":{"highway":"footway","kind":"path","name":null,"surface":null},"geometry":{"type":"LineString","coordinates":[[77.576328,28.526884],[77.576482,28.526708],[77.576436,28.526679]]}},{"type":"Feature","properties":{"highway":"footway","kind":"path","name":null,"surface":null},"geometry":{"type":"LineString","coordinates":[[77.575052,28.52578],[77.574945,28.525819]]}},{"type":"Feature","properties":{"highway":"footway","kind":"path","name":null,"surface":null},"geometry":{"type":"LineString","coordinates":[[77.57509,28.5285],[77.575107,28.528549],[77.574879,28.528624],[77.574841,28.528538],[77.574806,28.528458]]}},{"type":"Feature","properties":{"highway":"footway","kind":"path","name":null,"surface":null},"geometry":{"type":"LineString","coordinates":[[77.574308,28.525608],[77.574196,28.525648],[77.574049,28.5257]]}},{"type":"Feature","properties":{"highway":"footway","kind":"path","name":null,"surface":null},"geometry":{"type":"LineString","coordinates":[[77.574106,28.525827],[77.574253,28.525775],[77.574365,28.525735]]}},{"type":"Feature","properties":{"highway":"footway","kind":"path","name":null,"surface":null},"geometry":{"type":"LineString","coordinates":[[77.574165,28.525957],[77.574311,28.525903],[77.574423,28.525861]]}},{"type":"Feature","properties":{"highway":"footway","kind":"path","name":null,"surface":null},"geometry":{"type":"LineString","coordinates":[[77.574221,28.52608],[77.574367,28.526027],[77.574479,28.525986]]}},{"type":"Feature","properties":{"highway":"footway","kind":"path","name":null,"surface":null},"geometry":{"type":"LineString","coordinates":[[77.574282,28.526214],[77.574428,28.526161],[77.57454,28.52612]]}},{"type":"Feature","properties":{"highway":"footway","kind":"path","name":null,"surface":null},"geometry":{"type":"LineString","coordinates":[[77.574402,28.526479],[77.574547,28.526425],[77.574658,28.526382]]}},{"type":"Feature","properties":{"highway":"footway","kind":"path","name":null,"surface":null},"geometry":{"type":"LineString","coordinates":[[77.574457,28.526602],[77.574604,28.52655],[77.574717,28.526511]]}},{"type":"Feature","properties":{"highway":"footway","kind":"path","name":null,"surface":null},"geometry":{"type":"LineString","coordinates":[[77.574515,28.526728],[77.574661,28.526677],[77.574774,28.526637]]}},{"type":"Feature","properties":{"highway":"footway","kind":"path","name":null,"surface":null},"geometry":{"type":"LineString","coordinates":[[77.574724,28.52719],[77.574869,28.527137],[77.574981,28.527096]]}},{"type":"Feature","properties":{"highway":"footway","kind":"path","name":null,"surface":null},"geometry":{"type":"LineString","coordinates":[[77.574666,28.527062],[77.574812,28.52701],[77.574924,28.526969]]}},{"type":"Feature","properties":{"highway":"footway","kind":"path","name":null,"surface":null},"geometry":{"type":"LineString","coordinates":[[77.57461,28.526938],[77.574755,28.526885],[77.574868,28.526844]]}},{"type":"Feature","properties":{"highway":"footway","kind":"path","name":null,"surface":null},"geometry":{"type":"LineString","coordinates":[[77.574563,28.526834],[77.574709,28.526783],[77.574822,28.526743]]}},{"type":"Feature","properties":{"highway":"footway","kind":"path","name":null,"surface":null},"geometry":{"type":"LineString","coordinates":[[77.574779,28.527313],[77.574856,28.527291],[77.574929,28.527269]]}},{"type":"Feature","properties":{"highway":"footway","kind":"path","name":null,"surface":null},"geometry":{"type":"LineString","coordinates":[[77.571722,28.52562],[77.572789,28.525244],[77.573536,28.524976],[77.573553,28.524976],[77.573571,28.524985],[77.573583,28.524999],[77.573837,28.525557],[77.574194,28.526342]]}},{"type":"Feature","properties":{"highway":"footway","kind":"path","name":null,"surface":null},"geometry":{"type":"LineString","coordinates":[[77.571621,28.525651],[77.571851,28.526163]]}},{"type":"Feature","properties":{"highway":"footway","kind":"path","name":null,"surface":null},"geometry":{"type":"LineString","coordinates":[[77.571891,28.526258],[77.572521,28.527628],[77.572742,28.528126],[77.572725,28.528147],[77.57177,28.528488]]}},{"type":"Feature","properties":{"highway":"footway","kind":"path","name":null,"surface":null},"geometry":{"type":"LineString","coordinates":[[77.571891,28.526258],[77.571872,28.526215],[77.571851,28.526163]]}},{"type":"Feature","properties":{"highway":"footway","kind":"path","name":null,"surface":null},"geometry":{"type":"LineString","coordinates":[[77.571621,28.525651],[77.571653,28.525641],[77.571722,28.52562]]}},{"type":"Feature","properties":{"highway":"footway","kind":"path","name":null,"surface":null},"geometry":{"type":"LineString","coordinates":[[77.571722,28.52562],[77.571696,28.525566],[77.571667,28.525504]]}},{"type":"Feature","properties":{"highway":"footway","kind":"path","name":null,"surface":null},"geometry":{"type":"LineString","coordinates":[[77.571621,28.525651],[77.571596,28.525601],[77.571567,28.52554]]}},{"type":"Feature","properties":{"highway":"footway","kind":"path","name":null,"surface":null},"geometry":{"type":"LineString","coordinates":[[77.571667,28.525504],[77.571598,28.525529],[77.571567,28.52554]]}},{"type":"Feature","properties":{"highway":"footway","kind":"path","name":null,"surface":null},"geometry":{"type":"LineString","coordinates":[[77.569786,28.524199],[77.569581,28.523752],[77.569317,28.523179],[77.569198,28.52292],[77.569166,28.522825],[77.569154,28.522713],[77.56917,28.522585],[77.569215,28.522482],[77.569277,28.522397],[77.569366,28.522314],[77.569493,28.522249],[77.569657,28.522187],[77.570193,28.522003],[77.570616,28.521853],[77.571487,28.521544]]}},{"type":"Feature","properties":{"highway":"footway","kind":"path","name":null,"surface":null},"geometry":{"type":"LineString","coordinates":[[77.57424,28.526434],[77.574692,28.527444]]}},{"type":"Feature","properties":{"highway":"footway","kind":"path","name":null,"surface":null},"geometry":{"type":"LineString","coordinates":[[77.57424,28.526434],[77.574219,28.526393],[77.574194,28.526342]]}},{"type":"Feature","properties":{"highway":"service","kind":"road","name":null,"surface":null},"geometry":{"type":"LineString","coordinates":[[77.576322,28.531496],[77.576546,28.531377],[77.57662,28.531353],[77.57669,28.53136],[77.576734,28.531378],[77.57677,28.531413],[77.576797,28.531468],[77.576811,28.53151],[77.576755,28.531589],[77.576666,28.531648],[77.576506,28.531722],[77.576363,28.531802],[77.576181,28.531899],[77.575908,28.532045],[77.575841,28.532086],[77.575814,28.53214],[77.575798,28.532203],[77.575803,28.532274],[77.576024,28.53261],[77.576031,28.532641],[77.57603,28.532675],[77.576019,28.532706],[77.575906,28.532799],[77.575817,28.532874],[77.575744,28.53293]]}},{"type":"Feature","properties":{"highway":"service","kind":"road","name":null,"surface":null},"geometry":{"type":"LineString","coordinates":[[77.578617,28.528017],[77.579149,28.527829],[77.579274,28.527813]]}},{"type":"Feature","properties":{"highway":"service","kind":"road","name":null,"surface":null},"geometry":{"type":"LineString","coordinates":[[77.573852,28.524597],[77.573846,28.524569],[77.573852,28.524517],[77.573898,28.524413],[77.574334,28.524243],[77.574571,28.524156]]}},{"type":"Feature","properties":{"highway":"service","kind":"road","name":null,"surface":null},"geometry":{"type":"LineString","coordinates":[[77.573715,28.524644],[77.573852,28.524597],[77.574403,28.5244],[77.574641,28.524313]]}},{"type":"Feature","properties":{"highway":"service","kind":"road","name":null,"surface":null},"geometry":{"type":"LineString","coordinates":[[77.574571,28.524156],[77.574896,28.52404],[77.574951,28.52416],[77.57494,28.524199],[77.574641,28.524313]]}},{"type":"Feature","properties":{"highway":"service","kind":"road","name":null,"surface":null},"geometry":{"type":"LineString","coordinates":[[77.574403,28.5244],[77.574334,28.524243]]}},{"type":"Feature","properties":{"highway":"service","kind":"road","name":null,"surface":null},"geometry":{"type":"LineString","coordinates":[[77.574571,28.524156],[77.574641,28.524313],[77.57468,28.524399]]}},{"type":"Feature","properties":{"highway":"service","kind":"road","name":null,"surface":null},"geometry":{"type":"LineString","coordinates":[[77.573715,28.524644],[77.573647,28.52467]]}},{"type":"Feature","properties":{"highway":"footway","kind":"path","name":null,"surface":null},"geometry":{"type":"LineString","coordinates":[[77.573643,28.524228],[77.573656,28.524155],[77.573704,28.523992],[77.57376,28.523856],[77.57382,28.523724],[77.573887,28.523598],[77.57393,28.523519],[77.573944,28.523495],[77.574002,28.523398],[77.574015,28.523377],[77.574067,28.523295]]}},{"type":"Feature","properties":{"highway":"footway","kind":"path","name":null,"surface":null},"geometry":{"type":"LineString","coordinates":[[77.573609,28.524418],[77.573631,28.524296],[77.573643,28.524228]]}},{"type":"Feature","properties":{"highway":"footway","kind":"path","name":null,"surface":null},"geometry":{"type":"LineString","coordinates":[[77.573594,28.524519],[77.573602,28.524452],[77.573609,28.524418]]}},{"type":"Feature","properties":{"highway":"footway","kind":"path","name":null,"surface":"paving_stones"},"geometry":{"type":"LineString","coordinates":[[77.573578,28.52464],[77.573469,28.524629],[77.573416,28.524624],[77.573368,28.524619],[77.573204,28.524603],[77.573171,28.524618],[77.573049,28.524608],[77.57299,28.524604],[77.572885,28.524596],[77.572821,28.524586],[77.572767,28.524539],[77.572789,28.524352],[77.572791,28.524335],[77.572863,28.524301],[77.573036,28.52432],[77.573202,28.524339],[77.573261,28.524379],[77.573367,28.524391],[77.573494,28.524405],[77.573609,28.524418]]}},{"type":"Feature","properties":{"highway":"footway","kind":"path","name":null,"surface":null},"geometry":{"type":"LineString","coordinates":[[77.573578,28.52464],[77.573581,28.524613],[77.573594,28.524519]]}},{"type":"Feature","properties":{"highway":"footway","kind":"path","name":null,"surface":null},"geometry":{"type":"LineString","coordinates":[[77.573583,28.524999],[77.57354,28.524914],[77.57351,28.524853]]}},{"type":"Feature","properties":{"highway":"service","kind":"road","name":null,"surface":null},"geometry":{"type":"LineString","coordinates":[[77.577018,28.528584],[77.576911,28.528627],[77.576373,28.528814],[77.576325,28.528842],[77.576322,28.528872],[77.576349,28.528927],[77.577162,28.529626],[77.577735,28.530071],[77.577811,28.53012],[77.577886,28.530135],[77.577972,28.530143],[77.57807,28.530153],[77.578142,28.530184],[77.578348,28.530331],[77.578413,28.530363],[77.578472,28.530372],[77.578518,28.530359],[77.579023,28.530198],[77.579115,28.530153],[77.579148,28.530107],[77.579214,28.530031],[77.579289,28.529953],[77.579293,28.529892],[77.57928,28.529767],[77.57925,28.529689]]}},{"type":"Feature","properties":{"highway":"service","kind":"road","name":null,"surface":null},"geometry":{"type":"LineString","coordinates":[[77.576181,28.531899],[77.575959,28.531663]]}},{"type":"Feature","properties":{"highway":"footway","kind":"path","name":null,"surface":null},"geometry":{"type":"LineString","coordinates":[[77.576369,28.5287],[77.575516,28.529013],[77.574533,28.529353],[77.574296,28.529441],[77.573595,28.529701],[77.57377,28.530067],[77.573939,28.530443],[77.574065,28.530735],[77.574075,28.530803],[77.574493,28.53116],[77.574944,28.531606],[77.575349,28.53207],[77.5757,28.532537],[77.575906,28.532799]]}},{"type":"Feature","properties":{"highway":"footway","kind":"path","name":null,"surface":null},"geometry":{"type":"LineString","coordinates":[[77.571845,28.528565],[77.572782,28.528223],[77.573437,28.529628],[77.572911,28.529816],[77.572348,28.529224],[77.571979,28.528748],[77.571845,28.528565]]}},{"type":"Feature","properties":{"highway":"footway","kind":"path","name":null,"surface":null},"geometry":{"type":"LineString","coordinates":[[77.572782,28.528223],[77.572768,28.52819],[77.572742,28.528126]]}},{"type":"Feature","properties":{"highway":"footway","kind":"path","name":null,"surface":null},"geometry":{"type":"LineString","coordinates":[[77.571845,28.528565],[77.571807,28.528526],[77.57177,28.528488]]}},{"type":"Feature","properties":{"highway":"footway","kind":"path","name":null,"surface":null},"geometry":{"type":"LineString","coordinates":[[77.573019,28.529919],[77.573487,28.529752],[77.57369,28.530207],[77.573914,28.530708],[77.573928,28.53075],[77.573898,28.530733],[77.573832,28.530676],[77.573632,28.530491],[77.57323,28.530133],[77.573019,28.529919]]}},{"type":"Feature","properties":{"highway":"footway","kind":"path","name":null,"surface":null},"geometry":{"type":"LineString","coordinates":[[77.573019,28.529919],[77.572945,28.529849],[77.572911,28.529816]]}},{"type":"Feature","properties":{"highway":"footway","kind":"path","name":null,"surface":null},"geometry":{"type":"LineString","coordinates":[[77.573487,28.529752],[77.573452,28.529664],[77.573437,28.529628]]}},{"type":"Feature","properties":{"highway":"footway","kind":"path","name":null,"surface":null},"geometry":{"type":"LineString","coordinates":[[77.574341,28.529311],[77.574313,28.529321],[77.574245,28.529346]]}},{"type":"Feature","properties":{"highway":"footway","kind":"path","name":null,"surface":null},"geometry":{"type":"LineString","coordinates":[[77.574245,28.529346],[77.573935,28.529457],[77.573529,28.529592]]}},{"type":"Feature","properties":{"highway":"footway","kind":"path","name":null,"surface":null},"geometry":{"type":"LineString","coordinates":[[77.573529,28.529592],[77.573473,28.529614],[77.573437,28.529628]]}},{"type":"Feature","properties":{"highway":"footway","kind":"path","name":null,"surface":null},"geometry":{"type":"LineString","coordinates":[[77.573529,28.529592],[77.573555,28.529627],[77.573595,28.529701]]}},{"type":"Feature","properties":{"highway":"footway","kind":"path","name":null,"surface":null},"geometry":{"type":"LineString","coordinates":[[77.573595,28.529701],[77.573525,28.52973],[77.573487,28.529752]]}},{"type":"Feature","properties":{"highway":"service","kind":"road","name":null,"surface":null},"geometry":{"type":"LineString","coordinates":[[77.576506,28.531722],[77.576322,28.531496]]}},{"type":"Feature","properties":{"highway":"footway","kind":"path","name":null,"surface":null},"geometry":{"type":"LineString","coordinates":[[77.571567,28.52554],[77.571508,28.525561],[77.570548,28.525897],[77.570263,28.525273]]}},{"type":"Feature","properties":{"highway":"footway","kind":"path","name":null,"surface":null},"geometry":{"type":"LineString","coordinates":[[77.571547,28.521524],[77.573647,28.520775],[77.574519,28.520456],[77.574631,28.52042],[77.574745,28.520412],[77.574858,28.520427],[77.574954,28.520463],[77.575059,28.520524],[77.575129,28.5206],[77.575196,28.52072],[77.575758,28.521955]]}},{"type":"Feature","properties":{"highway":"footway","kind":"path","name":null,"surface":null},"geometry":{"type":"LineString","coordinates":[[77.574908,28.527598],[77.575054,28.527546],[77.575167,28.527506]]}},{"type":"Feature","properties":{"highway":"footway","kind":"path","name":null,"surface":null},"geometry":{"type":"LineString","coordinates":[[77.574965,28.527723],[77.575111,28.527672],[77.575224,28.527632]]}},{"type":"Feature","properties":{"highway":"footway","kind":"path","name":null,"surface":null},"geometry":{"type":"LineString","coordinates":[[77.575023,28.527852],[77.575169,28.5278],[77.575282,28.52776]]}},{"type":"Feature","properties":{"highway":"footway","kind":"path","name":null,"surface":null},"geometry":{"type":"LineString","coordinates":[[77.57508,28.527977],[77.575226,28.527926],[77.575339,28.527886]]}},{"type":"Feature","properties":{"highway":"footway","kind":"path","name":null,"surface":null},"geometry":{"type":"LineString","coordinates":[[77.575136,28.528101],[77.575282,28.52805],[77.575395,28.52801]]}},{"type":"Feature","properties":{"highway":"footway","kind":"path","name":null,"surface":null},"geometry":{"type":"LineString","coordinates":[[77.575194,28.528228],[77.575339,28.528177],[77.575453,28.528137]]}},{"type":"Feature","properties":{"highway":"footway","kind":"path","name":null,"surface":null},"geometry":{"type":"LineString","coordinates":[[77.575194,28.528228],[77.575136,28.528101],[77.57508,28.527977],[77.575023,28.527852],[77.574965,28.527723],[77.574908,28.527598],[77.57484,28.527448],[77.57481,28.527382],[77.574779,28.527313],[77.574724,28.52719],[77.574666,28.527062],[77.57461,28.526938],[77.574563,28.526834],[77.574515,28.526728],[77.574457,28.526602],[77.574402,28.526479],[77.574343,28.526349],[77.574282,28.526214],[77.574221,28.52608],[77.574165,28.525957],[77.574106,28.525827],[77.574049,28.5257],[77.573975,28.525536]]}},{"type":"Feature","properties":{"highway":"footway","kind":"path","name":null,"surface":null},"geometry":{"type":"LineString","coordinates":[[77.569817,28.524264],[77.569803,28.524235],[77.569786,28.524199]]}},{"type":"Feature","properties":{"highway":"service","kind":"road","name":null,"surface":null},"geometry":{"type":"LineString","coordinates":[[77.571527,28.521531],[77.571496,28.521467]]}},{"type":"Feature","properties":{"highway":"service","kind":"road","name":null,"surface":null},"geometry":{"type":"LineString","coordinates":[[77.571536,28.521544],[77.571527,28.521531]]}},{"type":"Feature","properties":{"highway":"footway","kind":"path","name":null,"surface":null},"geometry":{"type":"LineString","coordinates":[[77.571487,28.521544],[77.571502,28.521539],[77.571527,28.521531],[77.571547,28.521524]]}},{"type":"Feature","properties":{"highway":"footway","kind":"path","name":null,"surface":null},"geometry":{"type":"LineString","coordinates":[[77.574912,28.520298],[77.575029,28.520333],[77.575151,28.520411],[77.575264,28.52053],[77.575297,28.520611],[77.575364,28.520755],[77.575738,28.52158],[77.576229,28.522665],[77.576357,28.522938]]}},{"type":"Feature","properties":{"highway":"footway","kind":"path","name":null,"surface":null},"geometry":{"type":"LineString","coordinates":[[77.576225,28.522989],[77.575977,28.523122],[77.57582,28.523225],[77.575669,28.52334],[77.575485,28.523515],[77.575333,28.523687],[77.575215,28.52387],[77.575123,28.524042],[77.575024,28.524274],[77.574993,28.52434],[77.574753,28.524424]]}},{"type":"Feature","properties":{"highway":"footway","kind":"path","name":null,"surface":null},"geometry":{"type":"LineString","coordinates":[[77.576225,28.522989],[77.576298,28.52296],[77.576357,28.522938]]}},{"type":"Feature","properties":{"highway":"footway","kind":"path","name":null,"surface":null},"geometry":{"type":"LineString","coordinates":[[77.574656,28.524451],[77.574135,28.524642],[77.573748,28.524782],[77.57372,28.524797],[77.57368,28.524801],[77.573656,28.524781],[77.573663,28.524746]]}},{"type":"Feature","properties":{"highway":"footway","kind":"path","name":null,"surface":null},"geometry":{"type":"LineString","coordinates":[[77.574656,28.524451],[77.574698,28.52444],[77.574753,28.524424]]}},{"type":"Feature","properties":{"highway":"footway","kind":"path","name":null,"surface":null},"geometry":{"type":"LineString","coordinates":[[77.570233,28.525204],[77.569962,28.524603],[77.569817,28.524264]]}},{"type":"Feature","properties":{"highway":"footway","kind":"path","name":null,"surface":null},"geometry":{"type":"LineString","coordinates":[[77.570263,28.525273],[77.570243,28.525227],[77.570233,28.525204]]}},{"type":"Feature","properties":{"highway":"footway","kind":"path","name":null,"surface":null},"geometry":{"type":"LineString","coordinates":[[77.572639,28.523725],[77.572565,28.523648],[77.572477,28.52362],[77.572387,28.523607],[77.572376,28.523604],[77.572201,28.523562],[77.572102,28.523571],[77.572003,28.5236],[77.571889,28.523642],[77.571803,28.523669],[77.571239,28.523873],[77.570783,28.524033],[77.570747,28.524055],[77.570714,28.524082],[77.570688,28.524132],[77.570667,28.524256],[77.57066,28.524338]]}},{"type":"Feature","properties":{"highway":"footway","kind":"path","name":null,"surface":null},"geometry":{"type":"LineString","coordinates":[[77.572201,28.523562],[77.57231,28.523569],[77.572373,28.523553],[77.572452,28.523511],[77.572507,28.523474],[77.57253,28.523443]]}},{"type":"Feature","properties":{"highway":"footway","kind":"path","name":null,"surface":null},"geometry":{"type":"LineString","coordinates":[[77.571985,28.524092],[77.571803,28.523669]]}},{"type":"Feature","properties":{"highway":"residential","kind":"road","name":null,"surface":null},"geometry":{"type":"LineString","coordinates":[[77.572311,28.534044],[77.572078,28.533777],[77.572066,28.53376],[77.572055,28.533739],[77.572034,28.53369],[77.572014,28.533637],[77.571997,28.533576],[77.571958,28.533107],[77.571952,28.53303],[77.571938,28.532943],[77.571877,28.532681]]}},{"type":"Feature","properties":{"highway":"residential","kind":"road","name":null,"surface":null},"geometry":{"type":"LineString","coordinates":[[77.578828,28.534148],[77.578217,28.533647],[77.577373,28.533034]]}},{"type":"Feature","properties":{"highway":"residential","kind":"road","name":null,"surface":null},"geometry":{"type":"LineString","coordinates":[[77.5639,28.520519],[77.563879,28.520484],[77.563873,28.520477],[77.563865,28.520471],[77.563822,28.520458],[77.56379,28.520448],[77.563766,28.520437],[77.563715,28.520401],[77.563616,28.520309],[77.563415,28.52012],[77.562948,28.519637],[77.562837,28.519526],[77.562719,28.519398],[77.562565,28.519248],[77.562432,28.519109],[77.561747,28.518384]]}},{"type":"Feature","properties":{"highway":"residential","kind":"road","name":null,"surface":null},"geometry":{"type":"LineString","coordinates":[[77.566367,28.514011],[77.566738,28.514569],[77.566761,28.514586],[77.566786,28.514593],[77.566829,28.514595],[77.566872,28.514585],[77.568834,28.513633],[77.568818,28.513555],[77.568682,28.513161],[77.56857,28.512925],[77.568332,28.512422],[77.568294,28.512339],[77.568256,28.512267]]}},{"type":"Feature","properties":{"highway":"service","kind":"road","name":null,"surface":null},"geometry":{"type":"LineString","coordinates":[[77.575959,28.531663],[77.575872,28.531725],[77.57584,28.531722],[77.575818,28.531711],[77.575692,28.531564]]}},{"type":"Feature","properties":{"highway":"service","kind":"road","name":null,"surface":null},"geometry":{"type":"LineString","coordinates":[[77.575959,28.531663],[77.575835,28.531509]]}},{"type":"Feature","properties":{"highway":"service","kind":"road","name":null,"surface":null},"geometry":{"type":"LineString","coordinates":[[77.576322,28.531496],[77.576226,28.531397]]}},{"type":"Feature","properties":{"highway":"service","kind":"road","name":null,"surface":null},"geometry":{"type":"LineString","coordinates":[[77.576973,28.528456],[77.577018,28.528584],[77.577095,28.528763]]}},{"type":"Feature","properties":{"highway":"service","kind":"road","name":null,"surface":null},"geometry":{"type":"LineString","coordinates":[[77.577095,28.528763],[77.577179,28.528957],[77.577313,28.52925]]}},{"type":"Feature","properties":{"highway":"service","kind":"road","name":null,"surface":null},"geometry":{"type":"LineString","coordinates":[[77.579115,28.530153],[77.57915,28.530192],[77.579352,28.53038],[77.579396,28.530412],[77.579447,28.530408],[77.579482,28.530377],[77.580213,28.529765]]}},{"type":"Feature","properties":{"highway":"service","kind":"road","name":null,"surface":null},"geometry":{"type":"LineString","coordinates":[[77.579274,28.527813],[77.579452,28.527797],[77.579753,28.527834],[77.580268,28.527936]]}},{"type":"Feature","properties":{"highway":"service","kind":"road","name":null,"surface":null},"geometry":{"type":"LineString","coordinates":[[77.581115,28.528629],[77.582013,28.529421],[77.582099,28.529479],[77.582158,28.52949],[77.582187,28.529486],[77.582229,28.529469],[77.582264,28.529448]]}},{"type":"Feature","properties":{"highway":"service","kind":"road","name":null,"surface":null},"geometry":{"type":"LineString","coordinates":[[77.582616,28.529181],[77.582264,28.529448],[77.582422,28.529605]]}},{"type":"Feature","properties":{"highway":"track","kind":"path","name":null,"surface":"unpaved"},"geometry":{"type":"LineString","coordinates":[[77.569443,28.51518],[77.56955,28.515345],[77.569647,28.5155],[77.56979,28.515852],[77.569978,28.51634],[77.570063,28.516649],[77.570129,28.516881],[77.570194,28.517069],[77.570295,28.517284],[77.570318,28.517356],[77.57035,28.517456],[77.570404,28.517576],[77.570537,28.517857],[77.570786,28.518351],[77.570986,28.5187],[77.571092,28.518934]]}},{"type":"Feature","properties":{"highway":"residential","kind":"road","name":null,"surface":null},"geometry":{"type":"LineString","coordinates":[[77.568834,28.513633],[77.568929,28.513896],[77.569087,28.514354],[77.569263,28.514866],[77.569443,28.51518],[77.569836,28.514973]]}},{"type":"Feature","properties":{"highway":"service","kind":"road","name":null,"surface":null},"geometry":{"type":"LineString","coordinates":[[77.569087,28.514354],[77.569458,28.514182],[77.570002,28.513931]]}},{"type":"Feature","properties":{"highway":"service","kind":"road","name":null,"surface":null},"geometry":{"type":"LineString","coordinates":[[77.578062,28.53087],[77.578518,28.53125],[77.578722,28.53142],[77.578772,28.531471],[77.578787,28.531536],[77.57877,28.53161],[77.578751,28.531663],[77.5787,28.53169],[77.57859,28.531692],[77.578506,28.531661],[77.578441,28.531644],[77.578405,28.53165],[77.578357,28.531675],[77.578134,28.531867]]}},{"type":"Feature","properties":{"highway":"service","kind":"road","name":null,"surface":null},"geometry":{"type":"LineString","coordinates":[[77.578751,28.531663],[77.579046,28.531904]]}},{"type":"Feature","properties":{"highway":"service","kind":"road","name":null,"surface":null},"geometry":{"type":"LineString","coordinates":[[77.570454,28.521813],[77.569588,28.5221]]}},{"type":"Feature","properties":{"highway":"service","kind":"road","name":null,"surface":null},"geometry":{"type":"LineString","coordinates":[[77.566045,28.514264],[77.566444,28.514622],[77.566582,28.514753],[77.566728,28.514914]]}},{"type":"Feature","properties":{"highway":"residential","kind":"road","name":null,"surface":null},"geometry":{"type":"LineString","coordinates":[[77.567091,28.531369],[77.567148,28.531323]]}},{"type":"Feature","properties":{"highway":"residential","kind":"road","name":null,"surface":null},"geometry":{"type":"LineString","coordinates":[[77.567148,28.531323],[77.567186,28.531292]]}},{"type":"Feature","properties":{"highway":"residential","kind":"road","name":null,"surface":null},"geometry":{"type":"LineString","coordinates":[[77.567037,28.531412],[77.567091,28.531369]]}},{"type":"Feature","properties":{"highway":"residential","kind":"road","name":null,"surface":null},"geometry":{"type":"LineString","coordinates":[[77.562086,28.520907],[77.5639,28.520519]]}},{"type":"Feature","properties":{"highway":"residential","kind":"road","name":null,"surface":null},"geometry":{"type":"LineString","coordinates":[[77.565674,28.531385],[77.565069,28.531709]]}},{"type":"Feature","properties":{"highway":"trunk_link","kind":"road","name":null,"surface":null},"geometry":{"type":"LineString","coordinates":[[77.57946,28.532219],[77.579472,28.532319],[77.579481,28.532416],[77.579484,28.532518]]}},{"type":"Feature","properties":{"highway":"secondary","kind":"road","name":null,"surface":null},"geometry":{"type":"LineString","coordinates":[[77.579174,28.532019],[77.579217,28.532075],[77.57946,28.532219],[77.579609,28.532292],[77.579844,28.532395]]}},{"type":"Feature","properties":{"highway":"footway","kind":"path","name":null,"surface":null},"geometry":{"type":"LineString","coordinates":[[77.569706,28.523643],[77.569776,28.523714],[77.569831,28.523742],[77.569878,28.523773],[77.56989,28.52381],[77.569883,28.523854],[77.56988,28.523904],[77.569889,28.523942],[77.56992,28.52398],[77.569951,28.524005],[77.569992,28.524023],[77.570031,28.524031]]}},{"type":"Feature","properties":{"highway":"service","kind":"road","name":null,"surface":null},"geometry":{"type":"LineString","coordinates":[[77.569706,28.523643],[77.569983,28.523385],[77.570013,28.523337],[77.570017,28.52328],[77.570008,28.523214],[77.569967,28.523096],[77.569925,28.523044],[77.569885,28.523021],[77.569821,28.523016],[77.569721,28.523006],[77.569657,28.522983],[77.569614,28.52295],[77.569547,28.522924],[77.569461,28.522905],[77.569198,28.52292],[77.56914,28.522923]]}},{"type":"Feature","properties":{"highway":"footway","kind":"path","name":null,"surface":null},"geometry":{"type":"LineString","coordinates":[[77.575758,28.521955],[77.576225,28.522989]]}},{"type":"Feature","properties":{"highway":"service","kind":"road","name":null,"surface":null},"geometry":{"type":"LineString","coordinates":[[77.569531,28.523801],[77.569581,28.523752],[77.569706,28.523643]]}},{"type":"Feature","properties":{"highway":"footway","kind":"path","name":null,"surface":null},"geometry":{"type":"LineString","coordinates":[[77.57428,28.525547],[77.574308,28.525608],[77.574365,28.525735],[77.574423,28.525861],[77.574479,28.525986],[77.57454,28.52612],[77.574601,28.526255],[77.574658,28.526382],[77.574717,28.526511],[77.574774,28.526637],[77.574822,28.526743],[77.574868,28.526844],[77.574924,28.526969],[77.574981,28.527096],[77.575022,28.527185],[77.5751,28.527358],[77.575167,28.527506],[77.575224,28.527632],[77.575282,28.52776],[77.575339,28.527886],[77.575395,28.52801],[77.575453,28.528137],[77.575474,28.528183]]}},{"type":"Feature","properties":{"highway":"footway","kind":"path","name":null,"surface":null},"geometry":{"type":"LineString","coordinates":[[77.575054,28.52609],[77.575114,28.52622],[77.575172,28.526348],[77.575229,28.526472],[77.575278,28.526579],[77.575323,28.526678],[77.575398,28.526841],[77.575438,28.52693],[77.575495,28.527052],[77.575561,28.527198],[77.575624,28.527334],[77.575682,28.527461],[77.57574,28.527588],[77.575797,28.527712],[77.575854,28.527838],[77.575912,28.527964],[77.575932,28.528008]]}},{"type":"Feature","properties":{"highway":"service","kind":"road","name":null,"surface":null},"geometry":{"type":"LineString","coordinates":[[77.579149,28.527829],[77.57909,28.527626]]}},{"type":"Feature","properties":{"highway":"path","kind":"path","name":null,"surface":null},"geometry":{"type":"LineString","coordinates":[[77.574574,28.523975],[77.574584,28.523803]]}},{"type":"Feature","properties":{"highway":"path","kind":"path","name":null,"surface":null},"geometry":{"type":"LineString","coordinates":[[77.57391,28.523787],[77.574011,28.523837],[77.574058,28.523867],[77.574095,28.523902],[77.574174,28.523941],[77.574227,28.523957],[77.574312,28.523957],[77.574374,28.523971],[77.574441,28.523995],[77.574477,28.524027]]}},{"type":"Feature","properties":{"highway":"path","kind":"path","name":null,"surface":null},"geometry":{"type":"LineString","coordinates":[[77.579092,28.529771],[77.579144,28.529754],[77.579171,28.529842],[77.579169,28.529905],[77.579135,28.529976],[77.579115,28.530047],[77.579127,28.530084],[77.579148,28.530107]]}},{"type":"Feature","properties":{"highway":"service","kind":"road","name":null,"surface":null},"geometry":{"type":"LineString","coordinates":[[77.579243,28.529651],[77.57926,28.529602],[77.579293,28.529463],[77.579365,28.529356],[77.579444,28.529246]]}},{"type":"Feature","properties":{"highway":"path","kind":"path","name":null,"surface":null},"geometry":{"type":"LineString","coordinates":[[77.574449,28.529764],[77.574296,28.529441]]}},{"type":"Feature","properties":{"highway":"service","kind":"road","name":null,"surface":null},"geometry":{"type":"LineString","coordinates":[[77.578518,28.53125],[77.578739,28.531057],[77.578511,28.530832]]}},{"type":"Feature","properties":{"highway":"path","kind":"path","name":null,"surface":null},"geometry":{"type":"LineString","coordinates":[[77.579599,28.529783],[77.579561,28.529748],[77.579521,28.529727],[77.579251,28.529669]]}},{"type":"Feature","properties":{"highway":"path","kind":"path","name":null,"surface":null},"geometry":{"type":"LineString","coordinates":[[77.57915,28.530192],[77.579599,28.529783],[77.579805,28.529625]]}},{"type":"Feature","properties":{"highway":"service","kind":"road","name":null,"surface":null},"geometry":{"type":"LineString","coordinates":[[77.579227,28.529636],[77.579206,28.529628],[77.579184,28.529628],[77.579163,28.529635],[77.579146,28.529649],[77.579137,28.529667],[77.579137,28.529687],[77.579145,28.529705],[77.579161,28.52972],[77.579181,28.529728],[77.579204,28.529728],[77.579225,28.529721],[77.579241,28.529707],[77.57925,28.529689],[77.579251,28.529669],[77.579243,28.529651],[77.579227,28.529636]]}},{"type":"Feature","properties":{"highway":"service","kind":"road","name":null,"surface":null},"geometry":{"type":"LineString","coordinates":[[77.578827,28.528998],[77.57877,28.529016],[77.578805,28.529093],[77.578663,28.52914],[77.578602,28.529017],[77.578479,28.529059],[77.578718,28.529608],[77.578849,28.529568]]}},{"type":"Feature","properties":{"highway":"service","kind":"road","name":null,"surface":null},"geometry":{"type":"LineString","coordinates":[[77.577179,28.528957],[77.57737,28.528674],[77.577325,28.528542],[77.577408,28.528344],[77.577936,28.528158],[77.578162,28.528232],[77.578213,28.528259],[77.578237,28.528316],[77.578251,28.528357],[77.578525,28.528429],[77.578556,28.528448],[77.578778,28.528901],[77.578802,28.528953],[77.578827,28.528998],[77.5789,28.529147],[77.578931,28.529188],[77.578968,28.529201],[77.579041,28.529201],[77.579065,28.529216],[77.579221,28.529544],[77.579184,28.529628]]}},{"type":"Feature","properties":{"highway":"service","kind":"road","name":null,"surface":null},"geometry":{"type":"LineString","coordinates":[[77.57863,28.529821],[77.578609,28.529777],[77.578766,28.529722]]}},{"type":"Feature","properties":{"highway":"service","kind":"road","name":null,"surface":null},"geometry":{"type":"LineString","coordinates":[[77.578473,28.529877],[77.578317,28.529928]]}},{"type":"Feature","properties":{"highway":"service","kind":"road","name":null,"surface":null},"geometry":{"type":"LineString","coordinates":[[77.577866,28.528927],[77.578178,28.529641],[77.578337,28.52959],[77.578452,28.52983],[77.578473,28.529877],[77.578522,28.529993]]}},{"type":"Feature","properties":{"highway":"service","kind":"road","name":null,"surface":null},"geometry":{"type":"LineString","coordinates":[[77.577867,28.528604],[77.577894,28.528673],[77.57815,28.528589],[77.578231,28.528792],[77.578132,28.528829],[77.577866,28.528927]]}},{"type":"Feature","properties":{"highway":"service","kind":"road","name":null,"surface":null},"geometry":{"type":"LineString","coordinates":[[77.57468,28.524399],[77.574698,28.52444],[77.57472,28.524492]]}},{"type":"Feature","properties":{"highway":"footway","kind":"path","name":null,"surface":null},"geometry":{"type":"LineString","coordinates":[[77.572444,28.524406],[77.572586,28.524418]]}},{"type":"Feature","properties":{"highway":"footway","kind":"path","name":null,"surface":null},"geometry":{"type":"LineString","coordinates":[[77.572978,28.52468],[77.57299,28.524604],[77.573036,28.52432],[77.573049,28.524235]]}},{"type":"Feature","properties":{"highway":"footway","kind":"path","name":null,"surface":null},"geometry":{"type":"LineString","coordinates":[[77.572767,28.522781],[77.572913,28.522843]]}},{"type":"Feature","properties":{"highway":"footway","kind":"path","name":null,"surface":null},"geometry":{"type":"LineString","coordinates":[[77.570616,28.521853],[77.570624,28.521888],[77.570624,28.52191],[77.570609,28.521926],[77.570571,28.521943],[77.570543,28.521957],[77.570522,28.521982],[77.570507,28.522028],[77.570502,28.522084],[77.570511,28.522126],[77.570531,28.522165],[77.570569,28.522202],[77.570621,28.522235],[77.570681,28.522255],[77.570732,28.522261],[77.57078,28.522259],[77.570817,28.522265],[77.570849,28.522284],[77.570876,28.522314],[77.570905,28.522375],[77.570912,28.522403],[77.570908,28.522431],[77.570893,28.522453],[77.570797,28.522577],[77.57078,28.522613],[77.570772,28.522649],[77.570772,28.522684],[77.570791,28.52272],[77.570821,28.52275],[77.570858,28.522773],[77.570907,28.522802],[77.570931,28.522821],[77.570949,28.522848],[77.570966,28.522888],[77.570803,28.522935],[77.570825,28.522991],[77.570827,28.523011],[77.570821,28.523034],[77.570806,28.523068],[77.570802,28.523095],[77.570809,28.523124],[77.570823,28.523147],[77.570846,28.523173],[77.570873,28.523197],[77.570919,28.523219],[77.570986,28.523238],[77.571042,28.523251],[77.571088,28.523259],[77.571129,28.523267],[77.571161,28.523284],[77.571184,28.52331],[77.5712,28.523343],[77.571208,28.523377],[77.571207,28.523409],[77.571199,28.523437],[77.571181,28.52346],[77.57116,28.52348],[77.571105,28.523529],[77.571085,28.523562],[77.571074,28.523605],[77.571073,28.523649],[77.571081,28.523689],[77.571101,28.523726],[77.571127,28.523752],[77.571168,28.523787],[77.571203,28.523824],[77.571239,28.523873]]}},{"type":"Feature","properties":{"highway":"service","kind":"road","name":null,"surface":null},"geometry":{"type":"LineString","coordinates":[[77.574851,28.520341],[77.574875,28.519985]]}},{"type":"Feature","properties":{"highway":"service","kind":"road","name":null,"surface":"grass"},"geometry":{"type":"LineString","coordinates":[[77.574875,28.519985],[77.57488,28.519898]]}},{"type":"Feature","properties":{"highway":"service","kind":"road","name":null,"surface":null},"geometry":{"type":"LineString","coordinates":[[77.576302,28.533458],[77.576446,28.533652]]}},{"type":"Feature","properties":{"highway":"service","kind":"road","name":null,"surface":null},"geometry":{"type":"LineString","coordinates":[[77.578132,28.528829],[77.578266,28.529135],[77.578479,28.529059],[77.578461,28.529012]]}},{"type":"Feature","properties":{"highway":"service","kind":"road","name":null,"surface":null},"geometry":{"type":"LineString","coordinates":[[77.578718,28.529608],[77.578766,28.529722]]}},{"type":"Feature","properties":{"highway":"service","kind":"road","name":null,"surface":null},"geometry":{"type":"LineString","coordinates":[[77.578452,28.52983],[77.578609,28.529777]]}},{"type":"Feature","properties":{"highway":"service","kind":"road","name":null,"surface":null},"geometry":{"type":"LineString","coordinates":[[77.577866,28.528927],[77.577746,28.528968],[77.577649,28.528763],[77.577776,28.528718],[77.577894,28.528673]]}},{"type":"Feature","properties":{"highway":"service","kind":"road","name":null,"surface":null},"geometry":{"type":"LineString","coordinates":[[77.577776,28.528718],[77.577709,28.528574]]}},{"type":"Feature","properties":{"highway":"service","kind":"road","name":null,"surface":null},"geometry":{"type":"LineString","coordinates":[[77.578461,28.529012],[77.578778,28.528901]]}},{"type":"Feature","properties":{"highway":"footway","kind":"path","name":null,"surface":null},"geometry":{"type":"LineString","coordinates":[[77.571282,28.523346],[77.571264,28.523348],[77.571248,28.523343],[77.571236,28.523331],[77.571231,28.523313],[77.571238,28.523296],[77.571255,28.523285],[77.571276,28.523283],[77.571294,28.523291],[77.571305,28.523307],[77.571305,28.523323],[77.571297,28.523337],[77.571282,28.523346]]}},{"type":"Feature","properties":{"highway":"footway","kind":"path","name":null,"surface":null},"geometry":{"type":"LineString","coordinates":[[77.5712,28.523343],[77.571236,28.523331]]}},{"type":"Feature","properties":{"highway":"footway","kind":"path","name":null,"surface":null},"geometry":{"type":"LineString","coordinates":[[77.571889,28.523642],[77.571911,28.523702],[77.571942,28.523755],[77.571987,28.523783],[77.572039,28.523787],[77.572086,28.523773],[77.572127,28.523748],[77.572172,28.523743],[77.572205,28.523757],[77.572243,28.523768],[77.572276,28.523773],[77.572359,28.52377]]}},{"type":"Feature","properties":{"highway":"footway","kind":"path","name":null,"surface":null},"geometry":{"type":"LineString","coordinates":[[77.57239,28.52375],[77.572396,28.523713],[77.572397,28.523689],[77.57239,28.523666],[77.572374,28.52365],[77.57237,28.523643],[77.572365,28.523624],[77.572376,28.523604]]}},{"type":"Feature","properties":{"highway":"footway","kind":"path","name":null,"surface":null},"geometry":{"type":"LineString","coordinates":[[77.572358,28.523787],[77.572359,28.52377],[77.572366,28.52376],[77.572377,28.523753],[77.57239,28.52375],[77.572403,28.523751],[77.572415,28.523757],[77.572423,28.523766],[77.572427,28.523782],[77.57242,28.523799],[77.572404,28.523809],[77.572385,28.52381],[77.572367,28.523802],[77.572358,28.523787]]}},{"type":"Feature","properties":{"highway":"footway","kind":"path","name":null,"surface":null},"geometry":{"type":"LineString","coordinates":[[77.572423,28.523766],[77.572446,28.52377],[77.572467,28.523779],[77.572495,28.523807],[77.572521,28.523848],[77.57254,28.523892]]}},{"type":"Feature","properties":{"highway":"footway","kind":"path","name":null,"surface":null},"geometry":{"type":"LineString","coordinates":[[77.572359,28.52377],[77.572337,28.523753],[77.572328,28.523736],[77.572322,28.523722]]}},{"type":"Feature","properties":{"highway":"footway","kind":"path","name":null,"surface":null},"geometry":{"type":"LineString","coordinates":[[77.572348,28.523707],[77.572337,28.523718],[77.572322,28.523722],[77.572309,28.523719],[77.572299,28.523711],[77.572294,28.5237],[77.572295,28.523688],[77.572303,28.523678],[77.572315,28.523673],[77.572331,28.523673],[77.572339,28.523678],[77.572344,28.523681],[77.57235,28.523694],[77.572348,28.523707]]}},{"type":"Feature","properties":{"highway":"footway","kind":"path","name":null,"surface":null},"geometry":{"type":"LineString","coordinates":[[77.572339,28.523678],[77.572355,28.523659],[77.57237,28.523643]]}}]}