t_ns,gx,gy,gz
19991582345894,-0.74401516,8.702363,4.459337
19991587103915,-0.79066056,8.668151,4.517567
19991591861936,-0.81885314,8.650302,4.546663
19991596619957,-0.82445866,8.649928,4.5463624
19991601377613,-0.8053252,8.650446,4.5488043
19991606135946,-0.77195853,8.647883,4.559449
19991610893967,-0.7294328,8.647799,4.5666084
19991615651988,-0.68732995,8.652067,4.5650506
19991620410009,-0.65775824,8.652559,4.568474
19991625168030,-0.6400988,8.650477,4.57492
19991629926051,-0.6350733,8.650071,4.5763884
19991634684071,-0.6413371,8.650069,4.575519
19991639442040,-0.65401936,8.649851,4.5741353
19991644200061,-0.66607624,8.650695,4.5708003
19991648958082,-0.67293996,8.653154,4.565133
19991653716051,-0.67326,8.655787,4.560094
19991658474124,-0.6671823,8.657791,4.557182
19991663232144,-0.6555933,8.6599455,4.5547686
19991667990113,-0.6421769,8.6614685,4.553786
19991672748134,-0.63046545,8.660867,4.5565643
19991677506155,-0.6210329,8.659414,4.5606203
19991682264176,-0.6163145,8.658399,4.5631866
19991687022196,-0.61502916,8.657625,4.564829
19991691780165,-0.6163015,8.6568,4.5662208
19991696538186,-0.61895263,8.656231,4.56694
19991701296207,-0.6196897,8.656521,4.5662932
19991706054228,-0.61916035,8.657006,4.5654426
19991710812249,-0.6168276,8.657318,4.565168
19991715570217,-0.6142017,8.657577,4.5650315
19991720328238,-0.61217755,8.658348,4.56384
19991725086259,-0.61213887,8.658804,4.5629807
19991729844280,-0.61427367,8.659279,4.561792
19991734602301,-0.61746514,8.659871,4.5602374
19991739360321,-0.62204874,8.660238,4.5589175
19991744118290,-0.62700343,8.66022,4.558273
19991748876311,-0.6307861,8.66025,4.557695
19991753634332,-0.6344895,8.660378,4.556936
19991758392353,-0.63688934,8.66028,4.556788
19991763150374,-0.63945055,8.660391,4.556217
19991767908394,-0.6415468,8.660678,4.555378
19991772666363,-0.64342606,8.660746,4.5549827
19991777424384,-0.6455827,8.660494,4.555158
19991782182405,-0.64758015,8.66006,4.5557
19991786940426,-0.6488036,8.659428,4.5567245
19991791698446,-0.6498483,8.659073,4.5572515
19991796456415,-0.6510421,8.65886,4.557484
19991801214436,-0.65251213,8.659278,4.5564814
19991805972457,-0.6542285,8.660138,4.5546007
19991810730426,-0.6569406,8.661157,4.552273
19991815488499,-0.66052765,8.662019,4.5501122
19991820246519,-0.6641026,8.662751,4.548198
19991825004488,-0.66745716,8.663033,4.5471697
19991829762509,-0.67009556,8.663087,4.5466785
19991834520530,-0.6708646,8.662997,4.546736
19991839278551,-0.67005247,8.662689,4.5474434
19991844036571,-0.6677031,8.662456,4.5482335
19991848794540,-0.66465944,8.662076,4.549401
19991853552561,-0.6615392,8.661902,4.550186
19991858310582,-0.6595838,8.661663,4.550926
19991863068603,-0.65912354,8.66145,4.551396
19991867826624,-0.6603832,8.661293,4.551514
19991872584644,-0.66276395,8.6613,4.551155
19991877342613,-0.66568166,8.661416,4.5505066
19991882100634,-0.66882265,8.661651,4.5496035
19991886858655,-0.6711639,8.662094,4.5484114
19991891616676,-0.67243433,8.662659,4.5471487
19991896374696,-0.6730102,8.663173,4.5460854
19991901132665,-0.67283165,8.66366,4.5451813
19991905890686,-0.6724014,8.664169,4.5442743
19991910648707,-0.67243713,8.664557,4.5435305
19991915406728,-0.6730809,8.664922,4.5427394
19991920164749,-0.67448807,8.665243,4.5419183
19991924922769,-0.6763262,8.665339,4.541461
19991929680738,-0.67802095,8.665291,4.541301
19991934438759,-0.67891675,8.665073,4.5415826
19991939196780,-0.67880404,8.664705,4.5423
19991943954801,-0.67773056,8.664344,4.54315
19991948712821,-0.6759378,8.664268,4.543565
19991953470842,-0.6737318,8.664216,4.543988
19991958228811,-0.6717338,8.664261,4.5442014
19991962986832,-0.67073727,8.664383,4.5441127
19991967744853,-0.67055184,8.664761,4.5434203
19991972502874,-0.6712439,8.664992,4.5428762
19991977260894,-0.672586,8.664988,4.5426874
19991982018863,-0.674258,8.6647,4.542988
19991986776884,-0.6760339,8.664345,4.5434012
19991991534905,-0.6775153,8.663963,4.543908
19991996292926,-0.67845047,8.663719,4.544232
19992001050946,-0.67918545,8.663661,4.5442343
19992005808915,-0.67978317,8.663664,4.54414
19992010566936,-0.6806543,8.663646,4.5440435
19992015324957,-0.6818019,8.663676,4.5438137
19992020082978,-0.6835518,8.663658,4.5435877
19992024840999,-0.68576455,8.663538,4.5434813
19992029599019,-0.68844086,8.663412,4.5433173
19992034356988,-0.6912854,8.663467,4.5427785
19992039115009,-0.693904,8.6636305,4.5420704
19992043873030,-0.69602025,8.663697,4.5416155
19992048631051,-0.6975449,8.663826,4.54114
19992053389071,-0.6985114,8.663867,4.5409126
19992058147040,-0.69862616,8.663787,4.5410476
19992062905061,-0.69815636,8.663537,4.541594
19992067663082,-0.6976735,8.663193,4.542326
19992072421103,-0.69743717,8.662966,4.542795
19992077179124,-0.69773346,8.662748,4.5431643
19992081937144,-0.6983572,8.662617,4.5433207
19992086695113,-0.6995132,8.662713,4.5429583
19992091453134,-0.7009369,8.662836,4.542503
19992096211155,-0.7022979,8.663049,4.541888
19992100969176,-0.7030733,8.663356,4.541184
19992105727196,-0.7031303,8.663565,4.540776
19992110485165,-0.7027383,8.663543,4.5408773
19992115243186,-0.70218843,8.66333,4.541371
19992120001207,-0.7014172,8.663061,4.542002
19992124759228,-0.70063514,8.662838,4.542548
19992129517196,-0.70019054,8.66255,4.543164
19992134275269,-0.70005465,8.662269,4.5437202
19992139033238,-0.7001937,8.66199,4.5442324
19992143791259,-0.7004426,8.661731,4.5446877
19992148549280,-0.70026445,8.6613655,4.5454106
19992153307301,-0.6992982,8.661001,4.5462527
19992158065321,-0.6978356,8.66061,4.5472245
19992162823290,-0.6959065,8.66026,4.5481844
19992167581311,-0.69362724,8.660078,4.54888
19992172339332,-0.6913377,8.660004,4.5493703
19992177097353,-0.68939084,8.660092,4.549498
19992181855374,-0.687583,8.660307,4.549363
19992186613342,-0.6858585,8.660731,4.5488133
19992191371363,-0.6844395,8.661225,4.548088
19992196129384,-0.683108,8.661576,4.5476193
19992200887405,-0.68176216,8.661697,4.5475903
19992205645426,-0.6803105,8.661784,4.5476427
19992210403446,-0.67879075,8.661849,4.547745
19992215161415,-0.67718947,8.661915,4.547861
19992219919436,-0.6754856,8.662219,4.5475364
19992224677457,-0.6739922,8.662641,4.5469522
19992229435478,-0.6728005,8.663119,4.5462174
19992234193499,-0.671789,8.66351,4.5456214
19992238951467,-0.6709095,8.663714,4.5453615
19992243709488,-0.66996294,8.663691,4.545545
19992248467509,-0.6690236,8.663557,4.54594
19992253225530,-0.6681682,8.663467,4.546237
19992257983551,-0.66737837,8.663506,4.546281
19992262741519,-0.666394,8.663625,4.546197
19992267499540,-0.66526896,8.663824,4.545982
19992272257561,-0.663899,8.664019,4.545813
19992277015582,-0.6621097,8.664191,4.5457454
19992281773603,-0.66013545,8.664106,4.546192
19992286531624,-0.6579204,8.663743,4.5472064
19992291289592,-0.65568817,8.663236,4.5484943
19992296047613,-0.65360254,8.662772,4.549678
19992300805634,-0.65170497,8.662645,4.55019
19992305563655,-0.65010595,8.6627245,4.5502706
19992310321676,-0.6483961,8.663097,4.5498023
19992315079644,-0.64675814,8.663706,4.5488777
19992319837665,-0.6450492,8.664347,4.5478992
19992324595686,-0.64312595,8.664958,4.547008
19992329353707,-0.64112896,8.665514,4.546231
19992334111728,-0.6393556,8.666116,4.545333
19992338869696,-0.63804287,8.666728,4.5443506
19992343627717,-0.6370533,8.667473,4.5430675
19992348385738,-0.63635105,8.668199,4.541782
19992353143759,-0.63541937,8.668798,4.540767
19992357901780,-0.6339733,8.669336,4.539942
19992362659749,-0.6319794,8.6695795,4.539756
19992367417769,-0.6292943,8.669379,4.5405097
19992372175790,-0.6262054,8.668691,4.5422525
19992376933759,-0.6226886,8.667807,4.5444226
19992381691832,-0.6192092,8.667055,4.546329
19992386449801,-0.61638814,8.666608,4.5475674
19992391207821,-0.61428714,8.666378,4.548289
19992395965842,-0.6127334,8.666158,4.5489182
19992400723863,-0.6115614,8.66626,4.54888
19992405481884,-0.61043215,8.666537,4.5485053
19992410239905,-0.60886943,8.666863,4.548092
19992414997874,-0.60720694,8.667245,4.5475864
19992419755894,-0.6056532,8.667778,4.5467777
19992424513915,-0.6048114,8.668367,4.5457673
19992429271936,-0.60471267,8.668933,4.544702
19992434029957,-0.6047375,8.669514,4.543591
19992438787926,-0.6046873,8.670215,4.5422583
19992443545946,-0.6045485,8.6708355,4.5410924
19992448303967,-0.60412604,8.671171,4.5405083
19992453061988,-0.6032528,8.671045,4.5408645
19992457820009,-0.60200626,8.670612,4.5418553
19992462577978,-0.6003576,8.669953,4.5433326
19992467335999,-0.59891784,8.669048,4.5452476
19992472094019,-0.5978776,8.66841,4.546601
19992476852040,-0.597721,8.667894,4.5476065
19992481610061,-0.598353,8.667342,4.548576
19992486368030,-0.5989686,8.666936,4.5492682
19992491125999,-0.59932685,8.666866,4.5493526
19992495884071,-0.5990785,8.66705,4.5490346
19992500642092,-0.5983214,8.667219,4.548813
19992505400113,-0.59732795,8.6672125,4.5489573
19992510158134,-0.59663033,8.667231,4.5490146
19992514916103,-0.5963658,8.66738,4.5487633
19992519674124,-0.5968781,8.667705,4.5480795
19992524432144,-0.5977865,8.668043,4.547314
19992529190165,-0.59856,8.668401,4.5465293
19992533948134,-0.5990413,8.668842,4.545626
19992538706155,-0.5987049,8.669244,4.544903
19992543464176,-0.59964734,8.669703,4.5439043
19992548222196,-0.5941515,8.671689,4.540834
19992552980217,-0.5898364,8.675974,4.533207
19992557738238,-0.57884485,8.676162,4.5342617
19992562496207,-0.5705273,8.672402,4.5425014
19992567254228,-0.56456053,8.670067,4.5477037
19992572012249,-0.5634099,8.667072,4.5535483
19992576770269,-0.56840295,8.664488,4.5578456
19992581528290,-0.5751997,8.666653,4.5528746
19992586286259,-0.58410877,8.670199,4.5449805
19992591044280,-0.5912629,8.669415,4.5455494
19992595802301,-0.59757715,8.666252,4.550755
19992600560321,-0.6018022,8.664797,4.552968
19992605318342,-0.60349476,8.665478,4.5514493
19992610076311,-0.60389286,8.665772,4.550835
19992614834332,-0.6028448,8.665347,4.55178
19992619592353,-0.60131615,8.666131,4.550492
19992624350374,-0.5984174,8.66681,4.549581
19992629108394,-0.5942434,8.667062,4.5496497
19992633866363,-0.5881253,8.668698,4.5473256
19992638624384,-0.5804006,8.671795,4.5424104
19992643382405,-0.572535,8.674003,4.5391936
19992648140426,-0.56556755,8.674516,4.5390863
19992652898446,-0.560843,8.676125,4.5365973
19992657656415,-0.55711484,8.679771,4.530075
19992662414436,-0.5564531,8.681078,4.5276527
19992667172457,-0.55541444,8.679521,4.5307636
19992671930478,-0.550625,8.685566,4.51975
19992676688499,-0.54542065,8.692821,4.506417
19992681446467,-0.53450763,8.687509,4.517951
19992686204488,-0.52473056,8.683073,4.5276146
19992690962509,-0.5177783,8.685647,4.523475
19992695720530,-0.5142205,8.681553,4.5317326
19992700478551,-0.5159571,8.6753,4.543496
19992705236519,-0.51934856,8.676579,4.5406637
19992709994540,-0.52449894,8.679716,4.5340734
19992714752561,-0.5283982,8.675125,4.542398
19992719510582,-0.53049195,8.66846,4.554864
19992724268603,-0.53021836,8.666235,4.5591264
19992729026571,-0.5276235,8.66375,4.5641465
19992733784592,-0.52464837,8.658972,4.5735464
19992738542613,-0.5209106,8.659389,4.5731854
19992743300634,-0.5167307,8.664218,4.564504
19992748058655,-0.5125247,8.664399,4.564636
19992752816624,-0.5090849,8.661094,4.571287
19992757574644,-0.5076585,8.662098,4.5695457
19992762332665,-0.5077805,8.664178,4.5655856
19992767090686,-0.5088869,8.665138,4.563641
19992771848707,-0.50928706,8.665873,4.5621996
19992776606676,-0.5074227,8.667072,4.5601273
19992781364696,-0.5024397,8.667501,4.559864
19992786122717,-0.49425578,8.667474,4.5608115
19992790880738,-0.4840958,8.66856,4.5598364
19992795638759,-0.4732867,8.6699,4.5584245
19992800396728,-0.46297863,8.670075,4.559149
19992805154749,-0.45407298,8.669779,4.560608
19992809912769,-0.44660956,8.670385,4.560191
19992814670790,-0.44099432,8.671377,4.558852
19992819428811,-0.43655425,8.671887,4.558308
19992824186780,-0.4329554,8.672364,4.5577464
19992828944749,-0.42908671,8.672869,4.55715
19992833702821,-0.42432323,8.672481,4.5583344
19992838460842,-0.41876525,8.6718445,4.560056
19992843218863,-0.4133658,8.67203,4.560197
19992847976832,-0.4088525,8.672306,4.56008
19992852734853,-0.40575126,8.671889,4.5611486
19992857492874,-0.40378544,8.671321,4.562405
19992862250894,-0.40283865,8.671072,4.5629625
19992867008915,-0.4024626,8.670862,4.5633926
19992871766884,-0.4026959,8.670707,4.563668
19992876524853,-0.40330744,8.670913,4.5632234
19992881282926,-0.40421945,8.671264,4.5624743
19992886040946,-0.40532735,8.671325,4.562262
19992890798915,-0.40645158,8.671274,4.562258
19992895556936,-0.4074667,8.671709,4.5613403
19992900314957,-0.40778717,8.672722,4.5593863
19992905072978,-0.406841,8.673723,4.557564
19992909830999,-0.40443462,8.67449,4.5563188
19992914589019,-0.4006779,8.675168,4.55536
19992919346988,-0.39593858,8.675545,4.555058
19992924105009,-0.39121756,8.675432,4.5556803
19992928863030,-0.38638678,8.67539,4.556171
19992933621051,-0.3818723,8.675544,4.5562596
19992938379019,-0.37695366,8.675208,4.557308
19992943137040,-0.3717796,8.67466,4.5587773
19992947895061,-0.36631405,8.674282,4.559937
19992952653082,-0.36084622,8.673926,4.561052
19992957411103,-0.3557255,8.673441,4.562373
19992962169124,-0.35076123,8.673099,4.5634108
19992966927092,-0.3460365,8.673359,4.5632763
19992971685113,-0.3415473,8.673993,4.562411
19992976443134,-0.33699808,8.674508,4.561768
19992981201155,-0.3322731,8.674953,4.561268
19992985959176,-0.32690042,8.675391,4.5608225
19992990717144,-0.32076257,8.675757,4.560562
19992995475165,-0.31389406,8.676134,4.5603247
19993000233134,-0.30644482,8.676755,4.55965
19993004991207,-0.29880762,8.67762,4.5585093
19993009749176,-0.2909276,8.678502,4.5573387
19993014507196,-0.28276697,8.679493,4.555967
19993019265217,-0.2745057,8.680431,4.554685
19993024023238,-0.26615372,8.681323,4.5534806
19993028781259,-0.25765625,8.682127,4.552435
19993033539228,-0.24898529,8.682746,4.5517387
19993038297196,-0.24002819,8.683227,4.5513024
19993043055269,-0.23080224,8.683665,4.550941
19993047813290,-0.22148535,8.683945,4.55087
19993052571311,-0.21240775,8.684062,4.551082
19993057329280,-0.20335646,8.684212,4.551209
19993062087301,-0.19534175,8.684026,4.551915
19993066845321,-0.1878316,8.683411,4.553404
19993071603342,-0.18132518,8.683021,4.554411
19993076361311,-0.17518969,8.682548,4.555553
19993081119332,-0.16869658,8.682277,4.5563154
19993085877353,-0.1613706,8.68267,4.555829
19993090635374,-0.15252443,8.6833935,4.554759
19993095393394,-0.14236037,8.683926,4.55407
19993100151363,-0.1313207,8.68436,4.553576
19993104909384,-0.12035154,8.685202,4.5522714
19993109667405,-0.1100428,8.686453,4.5501447
19993114425426,-0.10154381,8.68762,4.5481124
19993119183446,-0.09515754,8.688331,4.546896
19993123941467,-0.09070129,8.6885805,4.5465083
19993128699436,-0.08750144,8.688621,4.5464954
19993133457457,-0.08428084,8.688637,4.546526
19993138215478,-0.08025609,8.68891,4.5460744
19993142973499,-0.07361888,8.689106,4.545811
19993147731467,-0.064602055,8.689013,4.546127
19993152489488,-0.054198943,8.688623,4.547006
19993157247509,-0.0447209,8.687791,4.5487
19993162005530,-0.037595887,8.687275,4.5497494
19993166763551,-0.033242565,8.687509,4.549338
19993171521519,-0.030998714,8.688045,4.548331
19993176279540,-0.029504815,8.688442,4.547579
19993181037561,-0.027153973,8.688687,4.5471287
19993185795582,-0.022747073,8.688585,4.547346
19993190553603,-0.015839888,8.688047,4.548403
19993195311571,-0.0071403063,8.687417,4.5496273
19993200069592,0.0017031379,8.687041,4.550353
19993204827613,0.008640527,8.6869545,4.550508
19993209585634,0.012552804,8.686904,4.550596
19993214343655,0.013553079,8.686827,4.550741
19993219101624,0.012506951,8.686715,4.5509567
19993223859644,0.011298266,8.686475,4.551418
19993228617665,0.010946297,8.686216,4.5519137
19993233375686,0.012236182,8.68596,4.552399
19993238133707,0.015351635,8.685764,4.5527616
19993242891676,0.020087797,8.68553,4.5531926
19993247649696,0.02609315,8.685503,4.553214
19993252407717,0.032547895,8.685654,4.552883
19993257165738,0.038349982,8.685591,4.5529575
19993261923707,0.04260395,8.685411,4.553263
19993266681728,0.04489777,8.685622,4.5528393
19993271439696,0.045716606,8.685977,4.552155
19993276197769,0.043586917,8.686172,4.5518045
19993280955790,0.040787753,8.685932,4.5522847
19993285713759,0.0398228,8.686375,4.5514503
19993290471780,0.042435963,8.687119,4.550008
19993295229801,0.049152795,8.687161,4.5498567
19993299987821,0.05870511,8.687137,4.5497904
19993304745790,0.06998993,8.687665,4.5486226
19993309503811,0.08130947,8.688119,4.547568
19993314261832,0.08640867,8.688325,4.5470805
19993319019853,0.0903965,8.688749,4.546193
19993323777874,0.09345979,8.689203,4.5452614
19993328535894,0.09590535,8.6894455,4.5447474
19993333293863,0.09815093,8.689576,4.544449
19993338051884,0.1005831,8.689698,4.544162
19993342809905,0.103251025,8.689719,4.544062
19993347567926,0.106100075,8.689624,4.544181
19993352325894,0.10868507,8.689535,4.544287
19993357083915,0.109932505,8.6893215,4.5446672
19993361841936,0.10951059,8.688572,4.5461097
19993366599957,0.10730772,8.68732,4.5485525
19993371357978,0.10351407,8.686213,4.550758
19993376115946,0.09866703,8.685557,4.5521164
19993380873967,0.09366387,8.684904,4.5534654
19993385631988,0.089371674,8.684181,4.5549316
19993390390009,0.08693995,8.683557,4.556168
19993395148030,0.08675446,8.683203,4.556847
19993399905999,0.08849877,8.68286,4.557464
19993404664019,0.09160235,8.682691,4.5577273
19993409422040,0.094732724,8.682791,4.557472
19993414180061,0.097266234,8.683156,4.5567236
19993418938030,0.09916235,8.683743,4.5555644
19993423696051,0.10057242,8.684762,4.5535893
19993428454071,0.102731906,8.686148,4.5508966
19993433212092,0.10607022,8.687643,4.547966
19993437970113,0.11221456,8.688751,4.5457015
19993442728082,0.121435635,8.68943,4.544165
19993447486103,0.13262454,8.689756,4.543229
19993452244124,0.14421298,8.689529,4.543311
19993457002144,0.15395719,8.688859,4.5442734
19993461760165,0.16130902,8.688031,4.5456023
19993466518134,0.16632013,8.687459,4.546514
19993471276155,0.1702648,8.687229,4.546807
19993476034176,0.17471297,8.687101,4.546884
19993480792196,0.18078339,8.687049,4.546745
19993485550165,0.18882768,8.687004,4.5465016
19993490308186,0.19806543,8.687113,4.5459023
19993495066207,0.20798735,8.687424,4.5448666
19993499824228,0.21723513,8.688081,4.543176
19993504582249,0.22514202,8.688882,4.5412574
19993509340217,0.2311398,8.689526,4.5397263
19993514098238,0.2354941,8.689987,4.5386205
19993518856259,0.23860435,8.690203,4.5380435
19993523614280,0.24185689,8.69028,4.537722
19993528372301,0.24612835,8.690352,4.537353
19993533130269,0.25204733,8.690498,4.53675
19993537888290,0.25945064,8.690417,4.5364866
19993542646311,0.26775008,8.690176,4.5364695
19993547404332,0.2759591,8.689942,4.5364227
19993552162301,0.2828239,8.689767,4.536337
19993556920321,0.2876214,8.689442,4.536657
19993561678342,0.2900352,8.689201,4.536966
19993566436363,0.29048342,8.689103,4.5371227
19993571194384,0.2904898,8.689034,4.537254
19993575952353,0.2911392,8.689026,4.537227
19993580710374,0.29355893,8.689216,4.5367117
19993585468394,0.29793882,8.689418,4.5360374
19993590226415,0.30384406,8.689574,4.535345
19993594984436,0.31067193,8.689838,4.534377
19993599742405,0.31713176,8.690375,4.5329013
19993604500426,0.32271007,8.690988,4.5313315
19993609258446,0.32694116,8.691701,4.529661
19993614016467,0.33000723,8.692452,4.5279965
19993618774436,0.33232474,8.6930895,4.5266047
19993623532457,0.33459535,8.693567,4.5255175
19993628290478,0.33783954,8.693996,4.524453
19993633048499,0.34250256,8.694459,4.5232134
19993637806519,0.34882045,8.694624,4.5224133
19993642564488,0.3562921,8.69462,4.5218387
19993647322509,0.36418718,8.69464,4.521172
19993652080530,0.3717025,8.694463,4.5209002
19993656838551,0.37797207,8.694165,4.5209546
19993661596519,0.3825272,8.693827,4.5212197
19993666354540,0.38547277,8.693495,4.52161
19993671112561,0.38729596,8.693105,4.522202
19993675870582,0.38857618,8.692714,4.5228443
19993680628603,0.38970667,8.692318,4.5235076
19993685386571,0.39174756,8.691889,4.5241566
19993690144592,0.3947535,8.691382,4.524866
19993694902613,0.39856413,8.690965,4.525335
19993699660634,0.40274942,8.69054,4.5257792
19993704418603,0.4065895,8.690139,4.5262103
19993709176624,0.4094233,8.689833,4.5265393
19993713934644,0.41060898,8.689742,4.5266075
19993718692665,0.4098202,8.689894,4.526388
19993723450686,0.40732563,8.690301,4.5258307
19993728208655,0.40375683,8.690925,4.524954
19993732966676,0.39960632,8.691578,4.524065
19993737724696,0.3957474,8.692378,4.52287
19993742482717,0.39322588,8.693283,4.521349
19993747240738,0.3925328,8.693985,4.5200605
19993751998759,0.39372048,8.694361,4.519233
19993756756728,0.39622372,8.694422,4.518896
19993761514749,0.39912567,8.694304,4.5188646
19993766272769,0.40158522,8.693814,4.519592
19993771030738,0.40321267,8.693021,4.5209727
19993775788759,0.4043828,8.692271,4.5223093
19993780546780,0.4055319,8.691502,4.5236864
19993785304801,0.40750945,8.690635,4.525173
19993790062821,0.41077077,8.689865,4.526356
19993794820790,0.4153769,8.689235,4.5271463
19993799578811,0.42089248,8.688628,4.5278006
19993804336832,0.42708912,8.688103,4.5282288
19993809094853,0.43330368,8.688056,4.5277267
19993813852874,0.43876895,8.688385,4.5265703
19993818610842,0.44300157,8.68891,4.5251484
19993823368863,0.44605973,8.689694,4.523344
19993828126884,0.44782886,8.690639,4.5213537
19993832884905,0.44877347,8.691524,4.519559
19993837642926,0.4495862,8.692204,4.5181684
19993842400894,0.4510339,8.69282,4.5168405
19993847158915,0.4534581,8.693238,4.515791
19993851916936,0.45680386,8.693092,4.515736
19993856674957,0.46080443,8.692486,4.5164957
19993861432926,0.46489125,8.691615,4.5177536
19993866190946,0.46828216,8.690454,4.5196376
19993870948967,0.47076324,8.689192,4.5218034
19993875706988,0.47229382,8.687858,4.5242085
19993880464957,0.47337025,8.686588,4.5265317
19993885222978,0.474161,8.68556,4.528422
19993889980999,0.47515607,8.68464,4.5300813
19993894739019,0.47704607,8.683923,4.531257
19993899497040,0.47961807,8.683378,4.5320306
19993904255009,0.48252508,8.682875,4.532685
19993909013030,0.48512942,8.682561,4.533008
19993913771051,0.48744482,8.682968,4.5319815
19993918529071,0.48937988,8.683805,4.530165
19993923287040,0.49094966,8.684668,4.5283456
19993928045061,0.49264607,8.685894,4.5258083
19993932803082,0.49516803,8.686958,4.523488
19993937561103,0.49901262,8.68725,4.5225043
19993942319124,0.50414884,8.687538,4.5213814
19993947077092,0.50991994,8.688108,4.51964
19993951835061,0.5156642,8.68809,4.5190225
19993956593134,0.5209882,8.687661,4.519236
19993961351155,0.52563584,8.687797,4.518439
19993966109176,0.5295488,8.687998,4.517595
19993970867144,0.532914,8.687944,4.5173006
19993975625165,0.5356319,8.688184,4.5165186
19993980383186,0.53744215,8.688763,4.5151887
19993985141207,0.53852504,8.689052,4.5145073
19993989899228,0.5389055,8.689425,4.5137396
19993994657196,0.5383958,8.6900625,4.5125756
19993999415217,0.537042,8.690492,4.5119114
19994004173238,0.53533036,8.690985,4.511163
19994008931259,0.53349143,8.691698,4.5100064
19994013689228,0.53197604,8.691782,4.5100236
19994018447249,0.5314145,8.691029,4.511539
19994023205269,0.53169644,8.690009,4.513472
19994027963290,0.5328787,8.689152,4.5149827
19994032721259,0.5347057,8.687893,4.51719
19994037479280,0.5365569,8.686691,4.519281
19994042237301,0.53791726,8.685839,4.5207553
19994046995321,0.5385102,8.685263,4.5217924
19994051753342,0.53813964,8.685028,4.5222883
19994056511311,0.53691363,8.685157,4.522184
19994061269332,0.53518885,8.685763,4.5212245
19994066027353,0.53385204,8.686423,4.520114
19994070785374,0.5333338,8.686652,4.5197372
19994075543342,0.5345562,8.686842,4.5192285
19994080301363,0.53746235,8.687528,4.517563
19994085059384,0.54154056,8.688099,4.5159783
19994089817405,0.5462099,8.6880245,4.51556
19994094575426,0.5506446,8.687796,4.51546
19994099333394,0.5538931,8.68801,4.514649
19994104091415,0.5559484,8.688293,4.5138526
19994108849436,0.5570813,8.687968,4.5143394
19994113607457,0.5582661,8.687794,4.5145283
19994118365426,0.56018174,8.687521,4.5148163
19994123123446,0.5630991,8.686516,4.516386
19994127881467,0.567173,8.685422,4.5179825
19994132639488,0.57196337,8.6846485,4.518862
19994137397509,0.5768067,8.683397,4.5206494
19994142155478,0.5814175,8.6818075,4.5231133
19994146913499,0.5856974,8.681157,4.523809
19994151671519,0.58955383,8.680969,4.5236692
19994156429540,0.592697,8.680343,4.5244613
19994161187509,0.595347,8.679384,4.525952
19994165945530,0.5971849,8.678886,4.5266657
19994170703551,0.5986772,8.678357,4.527482
19994175461571,0.60014385,8.6775055,4.5289187
19994180219592,0.6020367,8.677099,4.529446
19994184977561,0.6053781,8.67685,4.529482
19994189735582,0.61037874,8.676257,4.529945
19994194493603,0.6167495,8.675734,4.530083
19994199251624,0.62336564,8.675765,4.529117
19994204009644,0.6287602,8.675763,4.5283766
19994208767613,0.6329773,8.675527,4.5282397
19994213525634,0.6364005,8.675372,4.528057
19994218283655,0.64064133,8.675484,4.527244
19994223041676,0.6459057,8.675376,4.5267057
19994227799644,0.6528318,8.674777,4.526858
19994232557665,0.66086465,8.674175,4.5268445
19994237315686,0.66941416,8.673542,4.5268016
19994242073707,0.67800194,8.672773,4.5269957
19994246831728,0.68615144,8.671907,4.527427
19994251589696,0.69373673,8.67141,4.5272255
19994256347717,0.70030713,8.671174,4.526666
19994261105738,0.70560277,8.670994,4.5261874
19994265863759,0.7097815,8.67078,4.525943
19994270621728,0.71328455,8.67056,4.5258164
19994275379749,0.71607643,8.670245,4.5259786
19994280137769,0.7187145,8.669976,4.5260744
19994284895790,0.720822,8.669861,4.5259595
19994289653811,0.72229785,8.669841,4.5257635
19994294411780,0.72297883,8.669755,4.5258203
19994299169801,0.72346026,8.669656,4.525933
19994303927821,0.7239516,8.669671,4.525825
19994308685842,0.7246011,8.669739,4.5255895
19994313443863,0.72543067,8.66965,4.5256267
19994318201832,0.72620636,8.669426,4.5259304
19994322959853,0.7271447,8.66914,4.526329
19994327717874,0.72803307,8.668693,4.527045
19994332475894,0.7285887,8.668169,4.5279584
19994337233863,0.7284329,8.667725,4.5288324
19994341991884,0.72747034,8.667277,4.529843
19994346749905,0.7254445,8.666827,4.5310297
19994351507926,0.72272307,8.6664915,4.5321054
19994356265894,0.71981823,8.666451,4.5326443
19994361023915,0.7170177,8.666517,4.5329614
19994365781936,0.714657,8.666692,4.5330024
19994370539957,0.71289736,8.6669235,4.532837
19994375297978,0.7118875,8.667252,4.5323668
19994380055946,0.7114618,8.667777,4.5314293
19994384813967,0.7114525,8.668366,4.530302
19994389571988,0.7114916,8.668936,4.529209
19994394330009,0.7112979,8.669592,4.5279827
19994399087978,0.7106961,8.670235,4.5268464
19994403845999,0.7097236,8.670714,4.52608
19994408604019,0.7087025,8.670993,4.525706
19994413362040,0.70818484,8.671165,4.5254555
19994418120009,0.7081677,8.671329,4.5251446
19994422878030,0.70867205,8.671281,4.525159
19994427636051,0.70954096,8.671008,4.5255456
19994432394071,0.71065474,8.670583,4.5261836
19994437152092,0.71171796,8.670133,4.5268807
19994441910061,0.71266925,8.669605,4.5277395
19994446668082,0.7133064,8.669025,4.528751
19994451426103,0.71385497,8.668445,4.529775
19994456184124,0.7145374,8.667971,4.530576
19994460942144,0.71537554,8.667584,4.531182
19994465700113,0.7165385,8.66718,4.531771
19994470458134,0.7176921,8.666769,4.532374
19994475216155,0.7189383,8.666487,4.5327168
19994479974176,0.7197772,8.666351,4.5328426
19994484732196,0.7198379,8.666214,4.533096
19994489490165,0.7191332,8.666027,4.533563
19994494248186,0.7178454,8.665915,4.5339823
19994499006207,0.716413,8.665798,4.534432
19994503764228,0.7156931,8.665526,4.535066
19994508522196,0.7156943,8.665226,4.5356407
19994513280217,0.71671593,8.664814,4.5362644
19994518038238,0.71886826,8.664442,4.5366344
19994522796259,0.7217758,8.664098,4.5368314
19994527554228,0.7248316,8.663997,4.5365386
19994532312249,0.7278528,8.663966,4.536112
19994537070269,0.73040867,8.664055,4.535533
19994541828290,0.7319311,8.664159,4.535088
19994546586311,0.7324285,8.664295,4.5347476
19994551344280,0.7321415,8.6644335,4.5345273
19994556102301,0.7312869,8.664666,4.534222
19994560860321,0.73016304,8.664931,4.5338955
19994565618290,0.72931415,8.665144,4.533628
19994570376311,0.72936434,8.665328,4.5332675
19994575134332,0.7307352,8.665412,4.5328846
19994579892301,0.73314154,8.665318,4.532676
19994584650374,0.73617065,8.665133,4.532538
19994589408394,0.7391775,8.664791,4.5327044
19994594166363,0.74185604,8.664346,4.5331173
19994598924384,0.74367493,8.663793,4.5338764
19994603682405,0.7452246,8.663251,4.534658
19994608440426,0.74672014,8.662726,4.535413
19994613198394,0.7481679,8.66231,4.53597
19994617956415,0.74991757,8.661914,4.536436
19994622714436,0.752409,8.661655,4.5365176
19994627472457,0.75551885,8.661575,4.536154
19994632230478,0.7587966,8.661682,4.5354023
19994636988446,0.76158303,8.662041,4.534252
19994641746415,0.7632392,8.66264,4.5328255
19994646504488,0.76369923,8.663445,4.531212
19994651262509,0.7629213,8.664448,4.5294256
19994656020478,0.76131266,8.665575,4.527538
19994660778499,0.7591246,8.667292,4.524618
19994665536519,0.75640833,8.6675205,4.5246334
19994670294540,0.7565349,8.668154,4.523402
19994675052561,0.7550844,8.668575,4.522837
19994679810530,0.7575198,8.671174,4.5174427
19994684568551,0.7553764,8.673301,4.5137186
19994689326571,0.75557697,8.670345,4.5193577
19994694084592,0.75737655,8.667087,4.5253034
19994698842561,0.7650053,8.668268,4.521756
19994703600582,0.7738095,8.666868,4.522942
19994708358603,0.7812903,8.66303,4.5290055
19994713116624,0.7848766,8.664539,4.525496
19994717874644,0.7865399,8.667226,4.520059
19994722632613,0.7845748,8.664913,4.5248322
19994727390634,0.78168833,8.663758,4.527544
19994732148655,0.7771702,8.66776,4.5206566
19994736906676,0.7706291,8.669301,4.518821
19994741664644,0.7639598,8.666371,4.525568
19994746422665,0.7605458,8.66593,4.5269866
19994751180686,0.7612778,8.668451,4.5220346
19994755938707,0.7641211,8.668622,4.521227
19994760696728,0.7667374,8.667292,4.5233335
19994765454696,0.7683698,8.668313,4.521101
19994770212717,0.76747465,8.669581,4.51882
19994774970738,0.7639046,8.66892,4.520693
19994779728759,0.75859505,8.669301,4.5208573
19994784486728,0.75220704,8.671854,4.5170274
19994789244749,0.7455976,8.672954,4.5160093
19994794002769,0.7411196,8.671932,4.518708
19994798760790,0.73982453,8.672137,4.5185266
19994803518759,0.74129885,8.674355,4.5140276
19994808276780,0.74578637,8.674327,4.5133405
19994813034801,0.7527032,8.672487,4.5157256
19994817792821,0.75851953,8.67077,4.518052
19994822550842,0.76095426,8.669815,4.519474
19994827308811,0.7594556,8.668222,4.5227795
19994832066832,0.75658584,8.667708,4.524244
19994836824853,0.75104284,8.668769,4.5231385
19994841582874,0.74388486,8.669381,4.5231476
19994846340842,0.7377402,8.669793,4.5233645
19994851098863,0.7345074,8.670263,4.522989
19994855856884,0.73443085,8.66971,4.5240602
19994860614905,0.73759913,8.668035,4.5267544
19994865372926,0.74369174,8.66621,4.5292516
19994870130894,0.749533,8.66416,4.532209
19994874888915,0.7524629,8.662501,4.534894
19994879646936,0.7522262,8.663085,4.533816
19994884404957,0.7488751,8.665102,4.5305185
19994889162926,0.7428678,8.666178,4.5294476
19994893920946,0.7357299,8.665613,4.531692
19994898678967,0.7292915,8.665599,4.532762
19994903436988,0.72515994,8.666565,4.5315776
19994908195009,0.72579104,8.667297,4.530072
19994912952978,0.7300844,8.667861,4.5283065
19994917710999,0.7362334,8.669266,4.52462
19994922469019,0.7412403,8.670647,4.5211525
19994927227040,0.74386597,8.670814,4.5204034
19994931985009,0.7429608,8.670693,4.520782
19994936743030,0.7388406,8.671121,4.5206394
19994941501051,0.7328473,8.671696,4.520511
19994946259071,0.7266597,8.671828,4.5212555
19994951017092,0.7221476,8.671756,4.522117
19994955775061,0.72050285,8.67141,4.5230446
19994960533082,0.7222486,8.6707115,4.524102
19994965291103,0.72646266,8.670132,4.524539
19994970049124,0.7316426,8.66977,4.524397
19994974807092,0.7361185,8.669491,4.524205
19994979565113,0.73858446,8.66935,4.524075
19994984323134,0.73860866,8.669586,4.52362
19994989081155,0.73690325,8.670108,4.522898
19994993839176,0.7344064,8.670701,4.522165
19994998597144,0.7320444,8.671224,4.5215454
19995003355165,0.73101676,8.6716385,4.520915
19995008113186,0.7320149,8.671647,4.520739
19995012871207,0.73523015,8.671417,4.5206575
19995017629176,0.7397653,8.671183,4.520369
19995022387196,0.743992,8.6711,4.519834
19995027145217,0.74675506,8.671043,4.5194855
19995031903238,0.74692523,8.670948,4.519641
19995036661259,0.7452258,8.670981,4.519857
19995041419228,0.742392,8.671187,4.5199285
19995046177249,0.7390533,8.671313,4.5202355
19995050935269,0.7368592,8.6712265,4.5207586
19995055693290,0.73674524,8.671075,4.5210657
19995060451259,0.739051,8.670768,4.521281
19995065209280,0.74379325,8.670384,4.521238
19995069967301,0.74973685,8.670049,4.520899
19995074725321,0.755418,8.669872,4.5202913
19995079483342,0.7593308,8.669664,4.5200377
19995084241311,0.7610097,8.66956,4.519953
19995088999332,0.76027316,8.66977,4.519673
19995093757353,0.7578404,8.670073,4.5195026
19995098515374,0.7543525,8.670545,4.5191817
19995103273342,0.75101554,8.671161,4.5185547
19995108031311,0.7486953,8.671769,4.517772
19995112789384,0.74808687,8.672233,4.5169835
19995117547405,0.7488151,8.672848,4.5156813
19995122305426,0.7504283,8.6736,4.513968
19995127063394,0.75225735,8.674388,4.5121503
19995131821415,0.75387824,8.675259,4.510203
19995136579436,0.7549111,8.676198,4.5082245
19995141337457,0.75519353,8.677172,4.5063033
19995146095426,0.75527406,8.6777,4.505273
19995150853446,0.7556007,8.677867,4.504895
19995155611467,0.75781316,8.677802,4.5046487
19995160369488,0.7626978,8.677352,4.5046926
19995165127457,0.7709972,8.676312,4.50528
19995169885478,0.781525,8.676151,4.5037756
19995174643499,0.7924297,8.675221,4.5036626
19995179401519,0.7999373,8.672204,4.5081434
19995184159540,0.80322,8.669399,4.5129533
19995188917509,0.80268323,8.668469,4.514833
19995193675530,0.80072194,8.667783,4.516501
19995198433551,0.8005812,8.666554,4.5188823
19995203191571,0.8038879,8.66534,4.5206223
19995207949540,0.8105177,8.664173,4.5216775
19995212707561,0.81767416,8.662301,4.523973
19995217465582,0.8202734,8.660236,4.527455
19995222223603,0.81622833,8.660068,4.528508
19995226981624,0.80534405,8.662222,4.5263352
19995231739592,0.7917703,8.663951,4.525422
19995236497613,0.7779673,8.662796,4.530025
19995241255634,0.7690671,8.661163,4.534664
19995246013655,0.7656844,8.66192,4.533791
19995250771624,0.76679987,8.661843,4.5337496
19995255529644,0.77277416,8.661175,4.534013
19995260287665,0.78069985,8.661762,4.5315304
19995265045686,0.78962785,8.661689,4.5301247
19995269803707,0.7968681,8.66121,4.529772
19995274561676,0.800483,8.661884,4.5278444
19995279319696,0.80064803,8.663944,4.523872
19995284077717,0.7982938,8.665929,4.520486
19995288835738,0.7964767,8.666478,4.5197515
19995293593707,0.7979884,8.667661,4.5172176
19995298351728,0.80391955,8.669546,4.5125456
19995303109749,0.81373644,8.669266,4.5113263
19995307867769,0.82495075,8.668175,4.5113845
19995312625738,0.83565825,8.668258,4.509256
19995317383759,0.8436476,8.66791,4.5084357
19995322141780,0.84705776,8.666436,4.5106287
19995326899801,0.8469775,8.665774,4.5119157
19995331657821,0.84557503,8.666662,4.5104723
19995336415790,0.84498054,8.667236,4.5094795
19995341173811,0.84598756,8.667807,4.508193
19995345931832,0.8499895,8.666923,4.5091414
19995350689853,0.85647213,8.665918,4.509844
19995355447821,0.8643569,8.665968,4.508247
19995360205842,0.87015676,8.666447,4.5062084
19995364963863,0.87058973,8.666657,4.505719
19995369721884,0.8640868,8.667044,4.506229
19995374479905,0.8517818,8.667736,4.507241
19995379237874,0.8364143,8.667395,4.5107713
19995383995894,0.82069325,8.667141,4.514146
19995388753915,0.8068374,8.66829,4.5144367
19995393511936,0.79560584,8.66974,4.5136476
19995398269905,0.7874387,8.66963,4.5152893
19995403027926,0.78195727,8.668935,4.517579
19995407785946,0.7785075,8.669931,4.5162597
19995412543967,0.7757592,8.671409,4.5138974
19995417301988,0.7735353,8.672176,4.5128016
19995422059957,0.7722284,8.672291,4.512805
19995426817978,0.77263886,8.670869,4.5154676
19995431575999,0.77617896,8.667347,4.521618
19995436334019,0.7831592,8.663371,4.528029
19995441091988,0.7941358,8.660393,4.531813
19995445850009,0.807981,8.658203,4.533549
19995450608030,0.82293755,8.655916,4.535227
19995455366051,0.825569,8.6558485,4.5348773
19995460124019,0.8267765,8.656048,4.534275
19995464882040,0.82628673,8.65637,4.533751
19995469640061,0.8242882,8.656819,4.533255
19995474398082,0.821514,8.657538,4.532387
19995479156103,0.8191176,8.658249,4.531464
19995483914071,0.8178767,8.658729,4.5307703
19995488672092,0.8179047,8.659098,4.5300603
19995493430113,0.81889886,8.659395,4.5293126
19995498188134,0.8201682,8.659416,4.5290427
19995502946103,0.82139826,8.659183,4.5292654
19995507704124,0.82238156,8.658895,4.529639
19995512462144,0.8233308,8.658615,4.5300026
19995517220165,0.8246808,8.658301,4.530352
19995521978186,0.8260401,8.658012,4.5306582
19995526736155,0.82718235,8.657757,4.5309405
19995531494176,0.82802194,8.657523,4.5312304
19995536252196,0.8286418,8.657281,4.5315814
19995541010217,0.8291398,8.657155,4.53173
19995545768186,0.82948196,8.657155,4.531669
19995550526207,0.82964164,8.657144,4.5316606
19995555284228,0.82939774,8.657051,4.5318813
19995560042249,0.82876927,8.656961,4.53217
19995564800269,0.8280144,8.65693,4.532365
19995569558238,0.82720655,8.656966,4.532445
19995574316259,0.8267038,8.657083,4.5323143
19995579074280,0.82681704,8.657226,4.53202
19995583832301,0.82765424,8.657314,4.531697
19995588590269,0.82937217,8.657358,4.5312996
19995593348290,0.8314566,8.657339,4.530954
19995598106311,0.83358204,8.657273,4.530689
19995602864332,0.83551794,8.657126,4.5306144
19995607622301,0.8372639,8.656997,4.5305405
19995612380321,0.8389695,8.656818,4.5305643
19995617138342,0.84072036,8.6565,4.5308466
19995621896363,0.842372,8.656136,4.5312386
19995626654384,0.8441901,8.6558275,4.5314856
19995631412353,0.8462184,8.655491,4.5317507
19995636170374,0.8485171,8.655068,4.532129
19995640928394,0.85105586,8.6546955,4.5323668
19995645686415,0.85376954,8.654382,4.5324535
19995650444436,0.85655636,8.653975,4.5327044
19995655202405,0.85911375,8.6535425,4.5330486
19995659960426,0.86140686,8.653304,4.533065
19995664718394,0.86331445,8.653082,4.5331297
19995669476467,0.8648116,8.652752,4.533472
19995674234436,0.86628854,8.65254,4.5335956
19995678992457,0.8678596,8.652476,4.5334163
19995683750478,0.86960536,8.652291,4.533435
19995688508499,0.8714105,8.652032,4.533582
19995693266467,0.8734044,8.651922,4.533407
19995698024488,0.875478,8.651845,4.5331535
19995702782509,0.8774608,8.651635,4.533171
19995707540530,0.87940425,8.651423,4.533201
19995712298551,0.88267016,8.651251,4.532896
19995717056519,0.8855812,8.651516,4.5318213
19995721814488,0.88788813,8.651249,4.53188
19995726572561,0.88968116,8.651345,4.5313435
19995731330582,0.89142793,8.651958,4.5298295
19995736088551,0.8926756,8.651883,4.529727
19995740846571,0.89403176,8.651923,4.529384
19995745604592,0.8957608,8.653266,4.526475
19995750362613,0.89768517,8.6537285,4.5252123
19995755120634,0.8998574,8.653416,4.525377
19995759878603,0.90212864,8.654005,4.523799
19995764636624,0.9047349,8.654788,4.5217786
19995769394644,0.907012,8.654514,4.521847
19995774152665,0.9090522,8.654086,4.522257
19995778910634,0.9111809,8.654179,4.521652
19995783668655,0.9131949,8.653893,4.521792
19995788426676,0.9145855,8.653108,4.523011
19995793184696,0.9156671,8.651781,4.525332
19995797942717,0.91609496,8.650941,4.5268526
19995802700686,0.9164204,8.65036,4.5278964
19995807458707,0.9168506,8.649046,4.530317
19995812216728,0.91781527,8.647685,4.5327196
19995816974749,0.9200404,8.646781,4.5339923
19995821732717,0.92314947,8.645908,4.535024
19995826490738,0.9270884,8.644984,4.535983
19995831248759,0.9317308,8.644573,4.5358157
19995836006780,0.93610054,8.6448145,4.5344553
19995840764749,0.93989944,8.64497,4.5333714
19995845522769,0.94325715,8.64478,4.5330386
19995850280790,0.94575256,8.644885,4.5323176
19995855038811,0.94816494,8.645352,4.5309205
19995859796832,0.9504015,8.645054,4.531022
19995864554801,0.9525955,8.644885,4.530885
19995869312821,0.9543832,8.644626,4.5310016
19995874070842,0.95654476,8.645719,4.5284605
19995878828863,0.9580223,8.646316,4.5270104
19995883586832,0.958827,8.645361,4.5286603
19995888344853,0.95970356,8.645997,4.5272603
19995893102874,0.9604994,8.646667,4.525813
19995897860894,0.9619553,8.645233,4.5282426
19995902618863,0.96434736,8.645736,4.526773
19995907376884,0.96793306,8.647768,4.522123
19995912134905,0.971411,8.647942,4.521047
19995916892926,0.9740819,8.647565,4.5211916
19995921650946,0.97513634,8.649036,4.518148
19995926408915,0.9735767,8.650549,4.515588
19995931166936,0.9696683,8.650494,4.516535
19995935924957,0.96465814,8.650805,4.5170093
19995940682978,0.9601401,8.652221,4.515262
19995945440946,0.9571368,8.652773,4.514842
19995950198967,0.9563575,8.652473,4.515582
19995954956988,0.9578767,8.652928,4.5143876
19995959715009,0.96058804,8.653628,4.512469
19995964473030,0.96337897,8.653387,4.5123363
19995969230999,0.9655229,8.652981,4.512657
19995973989019,0.96663857,8.653258,4.5118837
19995978747040,0.96638584,8.653212,4.5120306
19995983505061,0.9651891,8.652481,4.513687
19995988263030,0.9642416,8.651957,4.5148945
19995993021051,0.9635855,8.651625,4.5156693
19995997779071,0.96335834,8.650801,4.517298
19996002537092,0.96351886,8.649817,4.519148
19996007295061,0.9637328,8.64939,4.519916
19996012053082,0.9632018,8.649611,4.5196066
19996016811103,0.9620398,8.650304,4.51853
19996021569124,0.9604682,8.651752,4.516089
19996026327144,0.95895433,8.653744,4.5125937
19996031085113,0.95741075,8.655713,4.509146
19996035843134,0.95651084,8.657658,4.5056
19996040601155,0.95563805,8.659727,4.5018067
19996045359176,0.9544126,8.661551,4.498555
19996050117144,0.95193064,8.662686,4.496897
19996054875165,0.94852006,8.662673,4.497644
19996059633186,0.9436747,8.661297,4.5013113
19996064391207,0.9380912,8.659163,4.50658
19996069149176,0.93241435,8.658192,4.5096264
19996073907196,0.92720294,8.658944,4.509252
19996078665217,0.9231134,8.658252,4.5114217
19996083423238,0.9202819,8.656728,4.514925
19996088181259,0.9189136,8.657134,4.5144243
19996092939228,0.91705453,8.657955,4.513224
19996097697249,0.9133473,8.657257,4.515317
19996102455269,0.907442,8.657204,4.516609
19996107213290,0.89990544,8.658918,4.5148296
19996111971259,0.89176327,8.659626,4.515088
19996116729280,0.8840539,8.659208,4.517404
19996121487301,0.87766814,8.659838,4.517442
19996126245321,0.87374264,8.660967,4.51604
19996131003342,0.87183297,8.661192,4.515975
19996135761311,0.8739205,8.660393,4.5171075
19996140519332,0.87919414,8.661117,4.5146956
19996145277301,0.8872127,8.662386,4.5106897
19996150035374,0.89570177,8.662263,4.5092483
19996154793342,0.90336186,8.661826,4.508557
19996159551363,0.9090055,8.662109,4.5068774
19996164309384,0.9121429,8.66207,4.506322
19996169067405,0.9134027,8.660996,4.508129
19996173825426,0.9129523,8.660298,4.509562
19996178583394,0.9112453,8.660216,4.510062
19996183341415,0.90899384,8.659109,4.5126405
19996188099436,0.90716773,8.657416,4.516258
19996192857457,0.9061939,8.656421,4.51836
19996197615426,0.9061208,8.655648,4.519855
19996202373446,0.90647,8.654174,4.522608
19996207131467,0.90644115,8.6530905,4.5246863
19996211889488,0.90511316,8.653143,4.5248513
19996216647457,0.90171534,8.65336,4.525112
19996221405478,0.895986,8.653639,4.5257196
19996226163499,0.88872117,8.6545315,4.525445
19996230921519,0.8809038,8.655615,4.5249014
19996235679540,0.87365067,8.65614,4.525302
19996240437509,0.86766124,8.656353,4.5260477
19996245195530,0.863419,8.6566925,4.526209
19996249953551,0.8608357,8.656858,4.526384
19996254711571,0.859517,8.65648,4.527358
19996259469540,0.85904336,8.655938,4.528484
19996264227561,0.85871565,8.655591,4.52921
19996268985582,0.85840183,8.655285,4.5298543
19996273743603,0.8591445,8.654513,4.531187
19996278501571,0.8604657,8.654174,4.531586
19996283259592,0.862687,8.654239,4.531039
19996288017613,0.864337,8.654033,4.531118
19996292775582,0.86469585,8.65368,4.531723
19996297533655,0.86334836,8.65372,4.531904
19996302291624,0.86056143,8.654219,4.531481
19996307049644,0.8570818,8.654867,4.5309014
19996311807665,0.85330695,8.655804,4.5298243
19996316565686,0.84991443,8.65714,4.52791
19996321323655,0.8474371,8.65832,4.526117
19996326081676,0.84650743,8.658889,4.5252028
19996330839696,0.8471114,8.659376,4.524158
19996335597717,0.8481947,8.660054,4.522656
19996340355686,0.8487113,8.660218,4.522244
19996345113707,0.8480623,8.659942,4.5228953
19996349871728,0.8459234,8.659802,4.5235634
19996354629749,0.8426264,8.659689,4.5243955
19996359387769,0.83893746,8.659436,4.5255656
19996364145686,0.83566636,8.659217,4.526588
19996368903759,0.83352613,8.659274,4.5268755
19996373661780,0.8325539,8.6592045,4.527187
19996378419801,0.83260065,8.659041,4.5274916
19996383177769,0.83340657,8.659052,4.5273213
19996387935790,0.8343095,8.659372,4.5265427
19996392693811,0.8345021,8.6597,4.525878
19996397451832,0.83320206,8.659883,4.5257707
19996402209801,0.8304548,8.660163,4.525739
19996406967821,0.826363,8.660586,4.525679
19996411725842,0.8216214,8.660933,4.525878
19996416483863,0.8169814,8.661318,4.525981
19996421241884,0.81318164,8.661879,4.5255947
19996425999853,0.8104391,8.662396,4.525093
19996430757874,0.8089527,8.662715,4.524749
19996435515894,0.8084619,8.662895,4.5244923
19996440273915,0.80834544,8.662973,4.524363
19996445031832,0.8078947,8.662953,4.524481
19996449789905,0.80633736,8.6628275,4.5250015
19996454547926,0.8037954,8.662791,4.5255218
19996459305946,0.8004432,8.662789,4.5261197
19996464063967,0.79695517,8.662767,4.5267777
19996468821936,0.7939296,8.6628065,4.527234
19996473579957,0.79233706,8.662939,4.527258
19996478337978,0.7923793,8.66306,4.5270205
19996483095999,0.79355705,8.663062,4.526809
19996487853967,0.79526955,8.663077,4.5264792
19996492611988,0.79633516,8.663177,4.526104
19996497370009,0.7962332,8.663297,4.5258913
19996502128030,0.7951893,8.663517,4.525653
19996506885999,0.79330003,8.664098,4.5248723
19996511644019,0.7916394,8.664697,4.524017
19996516402040,0.7908982,8.665062,4.523447
19996521160061,0.791209,8.665372,4.5227985
19996525918030,0.79247385,8.665605,4.5221305
19996530676051,0.79454803,8.665643,4.521694
19996535434071,0.7969493,8.6655855,4.5213823
19996540192092,0.79921466,8.665604,4.5209484
19996544950113,0.8009061,8.66569,4.52048
19996549708082,0.8018091,8.665832,4.5200496
19996554466103,0.80200136,8.665913,4.5198607
19996559224124,0.8020985,8.666007,4.5196633
19996563982144,0.80225724,8.66619,4.519284
19996568740113,0.80307424,8.666234,4.519055
19996573498134,0.8043579,8.666161,4.518966
19996578256155,0.80570334,8.666001,4.5190334
19996583014176,0.80679876,8.665713,4.519388
19996587772144,0.8072619,8.665389,4.519927
19996592530165,0.8070418,8.665115,4.5204916
19996597288186,0.8061884,8.66492,4.521019
19996602046207,0.8049522,8.664782,4.5215034
19996606804228,0.80410117,8.664797,4.5216265
19996611562196,0.8037588,8.664873,4.521541
19996616320217,0.8040907,8.664959,4.5213184
19996621078238,0.8051377,8.665013,4.5210266
19996625836259,0.80667347,8.665176,4.5204396
19996630594228,0.80817676,8.665335,4.5198693
19996635352249,0.8089098,8.665601,4.5192275
19996640110269,0.8088261,8.665719,4.519016
19996644868290,0.80789435,8.665891,4.518852
19996649626259,0.80652285,8.665913,4.519055
19996654384280,0.80491704,8.665895,4.519375
19996659142301,0.8039245,8.6658,4.5197363
19996663900321,0.8035939,8.665592,4.5201907
19996668658290,0.80397606,8.665326,4.520634
19996673416311,0.8049476,8.665135,4.5208273
19996678174332,0.80601114,8.665,4.520899
19996682932353,0.8068587,8.664974,4.5207953
19996687690321,0.80711746,8.665071,4.520567
19996692448342,0.8067241,8.665263,4.5202665
19996697206363,0.8057979,8.665412,4.520145
19996701964384,0.8050107,8.665564,4.519994
19996706722405,0.8043188,8.665662,4.5199294
19996711480374,0.8042495,8.665748,4.5197783
19996716238394,0.8050972,8.665698,4.5197215
19996720996415,0.8063839,8.665622,4.5196385
19996725754436,0.80793566,8.665485,4.519623
19996730512457,0.8092027,8.665356,4.519646
19996735270426,0.80998594,8.665199,4.519806
19996740028446,0.8104036,8.665032,4.52005
19996744786467,0.8102971,8.664829,4.520458
19996749544488,0.81004643,8.664624,4.5208964
19996754302457,0.81027573,8.664468,4.521154
19996759060478,0.81113696,8.664271,4.5213766
19996763818499,0.8130213,8.66403,4.5214996
19996768576519,0.8158046,8.663868,4.5213118
19996773334488,0.8190778,8.6636505,4.521136
19996778092509,0.8222332,8.663483,4.5208845
19996782850530,0.8250394,8.663313,4.5206966
19996787608551,0.82693195,8.663157,4.5206504
19996792366519,0.8276628,8.663115,4.5206003
19996797124540,0.8275343,8.663033,4.520779
19996801882561,0.8271734,8.662976,4.5209537
19996806640582,0.82671577,8.662878,4.521225
19996811398603,0.8267228,8.662737,4.5214934
19996816156571,0.8274439,8.662565,4.521692
19996820914592,0.8284452,8.662451,4.521725
19996825672613,0.8296289,8.662328,4.5217457
19996830430634,0.830788,8.662166,4.521843
19996835188603,0.8318224,8.66208,4.5218163
19996839946624,0.8326013,8.662007,4.521813
19996844704644,0.83332247,8.661801,4.522074
19996849462665,0.83399355,8.661612,4.5223145
19996854220634,0.8348062,8.661459,4.5224586
19996858978655,0.83552706,8.661269,4.522687
19996863736676,0.83610266,8.661049,4.523003
19996868494696,0.8363313,8.660975,4.5231013
19996873252665,0.83615595,8.661018,4.5230513
19996878010686,0.83567137,8.661155,4.52288
19996882768707,0.8346909,8.661373,4.522644
19996887526728,0.83359647,8.661608,4.5223947
19996892284749,0.83280057,8.661826,4.5221224
19996897042717,0.8321522,8.662,4.5219107
19996901800738,0.83177054,8.662175,4.5216455
19996906558759,0.83157575,8.662261,4.521514
19996911316780,0.8317783,8.662254,4.521493
19996916074749,0.832184,8.662188,4.521545
19996920832769,0.8324855,8.662223,4.5214224
19996925590790,0.83264625,8.66213,4.521569
19996930348811,0.8327836,8.662083,4.5216355
19996935106780,0.8325446,8.662111,4.521624
19996939864801,0.83190006,8.662175,4.5216208
19996944622821,0.8313492,8.662111,4.521846
19996949380842,0.83065283,8.662104,4.521987
19996954138811,0.83017325,8.661979,4.522313
19996958896832,0.8298704,8.661824,4.5226655
19996963654853,0.82949936,8.661647,4.523074
19996968412874,0.82921326,8.661511,4.523385
19996973170842,0.82881206,8.661423,4.523628
19996977928863,0.8284366,8.661463,4.523622
19996982686884,0.82784224,8.661531,4.5235972
19996987444905,0.8272353,8.661576,4.523624
19996992202926,0.82667863,8.661641,4.523601
19996996960894,0.82631195,8.661731,4.5234966
19997001718915,0.8260591,8.661924,4.523171
19997006476936,0.82607895,8.662068,4.52289
19997011234957,0.82629967,8.662268,4.5224705
19997015992926,0.8263808,8.662436,4.5221324
19997020750946,0.82675457,8.662566,4.5218143
19997025508967,0.8271066,8.662682,4.521528
19997030266988,0.827196,8.662751,4.5213804
19997035025009,0.8269903,8.66266,4.5215907
19997039782978,0.826241,8.662597,4.5218506
19997044540999,0.82534343,8.662427,4.5223393
19997049299019,0.82392484,8.662288,4.522864
19997054057040,0.82236326,8.66216,4.523394
19997058815009,0.8206649,8.662124,4.523773
19997063573030,0.81890184,8.662227,4.5238967
19997068331051,0.8173094,8.662327,4.523991
19997073089019,0.8161969,8.662471,4.523916
19997077847040,0.8154979,8.6626,4.523797
19997082605061,0.8151142,8.662733,4.5236096
19997087363082,0.81496584,8.662812,4.5234814
19997092121103,0.8149769,8.662968,4.523184
19997096879071,0.8149083,8.66317,4.5228076
19997101637092,0.81474113,8.663312,4.522565
19997106395113,0.8145512,8.663512,4.522217
19997111153134,0.81429595,8.663803,4.5217066
19997115911103,0.8142233,8.664049,4.521248
19997120669124,0.81419075,8.664239,4.5208907
19997125427144,0.81417125,8.664461,4.520468
19997130185165,0.8141644,8.664637,4.5201325
19997134943134,0.81402045,8.664771,4.5199003
19997139701155,0.81394327,8.664796,4.519867
19997144459176,0.81361306,8.664858,4.519808
19997149217196,0.8132187,8.664897,4.5198045
19997153975217,0.81286323,8.664836,4.519985
19997158733186,0.812406,8.664746,4.520239
19997163491207,0.8119225,8.664664,4.5204816
19997168249228,0.81156456,8.66467,4.520537
19997173007249,0.8113328,8.6647625,4.5204
19997177765217,0.8110217,8.664806,4.520372
19997182523238,0.8107523,8.66481,4.5204153
19997187281259,0.8106091,8.664861,4.5203424
19997192039280,0.81043077,8.664912,4.5202737
19997196797249,0.81010467,8.665004,4.5201573
19997201555269,0.80949754,8.665155,4.5199757
19997206313290,0.80890495,8.665296,4.5198145
19997211071311,0.8083263,8.665374,4.5197673
19997215829280,0.80780345,8.665459,4.5196977
19997220587301,0.8073939,8.665552,4.5195923
19997225345321,0.80713826,8.665544,4.519653
19997230103342,0.8069256,8.665466,4.5198402
19997234861311,0.8066643,8.665296,4.5202136
19997239619332,0.80634123,8.665075,4.520694
19997244377353,0.80590445,8.664812,4.5212765
19997249135374,0.8052108,8.664519,4.5219626
19997253893394,0.80431896,8.664299,4.5225415
19997258651363,0.8032429,8.664157,4.5230055
19997263409384,0.8026187,8.664116,4.523194
19997268167405,0.802256,8.664151,4.5231915
19997272925426,0.8023617,8.66423,4.523022
19997277683394,0.80319357,8.664309,4.522723
19997282441415,0.8043735,8.6644535,4.522237
19997287199436,0.80566746,8.664679,4.521575
19997291957457,0.80707324,8.665027,4.5206556
19997296715426,0.8084376,8.665272,4.5199413
19997301473446,0.8095671,8.665418,4.5194597
19997306231467,0.8100995,8.665468,4.519267
19997310989488,0.81007355,8.66542,4.519367
19997315747509,0.8094544,8.665274,4.5197577
19997320505478,0.80859697,8.665003,4.5204287
19997325263499,0.8075677,8.664721,4.5211554
19997330021519,0.80660224,8.664455,4.521834
19997334779540,0.805641,8.664287,4.5223303
19997339537509,0.8048371,8.664218,4.522603
19997344295530,0.80392927,8.664238,4.522728
19997349053551,0.8030122,8.664403,4.5225744
19997353811571,0.8021124,8.664606,4.522345
19997358569540,0.8011374,8.664889,4.5219746
19997363327561,0.8001932,8.665293,4.52137
19997368085582,0.7992495,8.665644,4.5208645
19997372843603,0.7986019,8.66602,4.520254
19997377601571,0.7983191,8.666373,4.519629
19997382359592,0.79837227,8.666726,4.5189433
19997387117613,0.7983545,8.666887,4.518638
19997391875634,0.7985578,8.6668625,4.518649
19997396633603,0.79836345,8.66672,4.5189548
19997401391624,0.79794115,8.666506,4.519442
19997406149644,0.7974187,8.666115,4.5202847
19997410907665,0.7970095,8.66577,4.521018
19997415665634,0.796692,8.665484,4.5216193
19997420423655,0.7965394,8.665215,4.522164
19997425181676,0.79637504,8.665002,4.5226007
19997429939696,0.79617065,8.6649065,4.52282
19997434697665,0.7957341,8.664985,4.5227456
19997439455686,0.7950117,8.665165,4.5225286
19997444213707,0.7939814,8.665399,4.5222607
19997448971728,0.7928425,8.665746,4.5217943
19997453729696,0.79177475,8.666081,4.521338
19997458487717,0.79084677,8.666314,4.521055
19997463245738,0.79028577,8.666503,4.5207925
19997468003759,0.7900399,8.666692,4.520474
19997472761780,0.7900997,8.666779,4.5202947
19997477519749,0.79016364,8.666776,4.5202904
19997482277769,0.79039913,8.666644,4.5205
19997487035790,0.79085636,8.666548,4.5206056
19997491793811,0.7915002,8.666459,4.5206637
19997496551780,0.7925359,8.666405,4.5205865
19997501309801,0.79413587,8.666284,4.5205374
19997506067821,0.7960956,8.666216,4.520324
19997510825842,0.7983098,8.666053,4.5202456
19997515583811,0.800575,8.66589,4.520158
19997520341832,0.8025205,8.66561,4.5203485
19997525099853,0.80403984,8.665403,4.520474
19997529857874,0.80510294,8.665162,4.520747
19997534615842,0.80546576,8.664868,4.521247
19997539373863,0.80525255,8.664628,4.521744
19997544131884,0.8042883,8.66447,4.52222
19997548889905,0.8030683,8.664278,4.522805
19997553647821,0.8018604,8.66424,4.523093
19997558405894,0.80076206,8.664492,4.5228033
19997563163915,0.79971766,8.6647835,4.5224276
19997567921884,0.79851145,8.664926,4.52237
19997572679905,0.79730797,8.665127,4.522197
19997577437926,0.796316,8.665481,4.521694
19997582195946,0.7958818,8.665791,4.521176
19997586953967,0.7960078,8.665895,4.520952
19997591711988,0.7964043,8.665968,4.5207434
19997596469957,0.79736924,8.665863,4.5207744
19997601227978,0.798071,8.6655,4.5213475
19997605985946,0.79842204,8.665173,4.521911
19997610744019,0.79825157,8.664941,4.5223866
19997615501988,0.7972793,8.664742,4.5229373
19997620260009,0.7956018,8.664553,4.5235963
19997625017978,0.79382604,8.664387,4.524227
19997629776051,0.7921338,8.664264,4.524759
19997634534019,0.79123896,8.664205,4.5250278
19997639292040,0.7910742,8.66416,4.525145
19997644050061,0.79188263,8.664236,4.5248556
19997648808082,0.79350626,8.664379,4.524297
19997653566051,0.7954387,8.66453,4.523669
19997658324071,0.79747856,8.664724,4.522938
19997663082092,0.79948425,8.664981,4.522093
19997667840113,0.80123174,8.665269,4.521231
19997672598082,0.80274725,8.665509,4.5205
19997677356103,0.8038943,8.665779,4.519781
19997682114124,0.80441403,8.666097,4.51908
19997686872144,0.80470407,8.666279,4.5186777
19997691630113,0.8047745,8.666317,4.5185933
19997696388134,0.80422217,8.666237,4.5188456
19997701146155,0.8033265,8.666126,4.5192146
19997705904176,0.80211514,8.665922,4.5198236
19997710662144,0.80082446,8.665717,4.520444
19997715420165,0.80019903,8.665435,4.5210958
19997720178186,0.80017644,8.665116,4.5217094
19997724936207,0.8006125,8.664705,4.522422
19997729694176,0.80132985,8.664389,4.5229
19997734452196,0.8020136,8.664184,4.523171
19997739210217,0.80237526,8.664018,4.523427
19997743968238,0.8022798,8.663951,4.523569
19997748726207,0.80187696,8.663972,4.5236006
19997753484228,0.80116284,8.664033,4.5236115
19997758242249,0.8003557,8.664015,4.523791
19997763000269,0.80008745,8.663952,4.5239587
19997767758238,0.8001949,8.663852,4.524129
19997772516259,0.8011935,8.663751,4.524147
19997777274280,0.8028599,8.663526,4.5242825
19997782032301,0.8048189,8.663295,4.524375
19997786790269,0.80671734,8.663169,4.5242796
19997791548290,0.8082001,8.663036,4.524269
19997796306311,0.80919886,8.662842,4.5244613
19997801064332,0.80986357,8.66293,4.5241737
19997805822301,0.81069744,8.663192,4.523524
19997810580321,0.81179667,8.663346,4.52303
19997815338342,0.8129827,8.66349,4.5225415
19997820096363,0.8141721,8.66373,4.5218687
19997824854332,0.81522065,8.663956,4.5212483
19997829612353,0.8159966,8.66413,4.520774
19997834370374,0.8167721,8.664349,4.5202136
19997839128394,0.8173472,8.664556,4.519712
19997843886363,0.81834966,8.664685,4.519282
19997848644384,0.81958634,8.664679,4.5190716
19997853402405,0.8215109,8.664501,4.5190635
19997858160426,0.82393306,8.6643505,4.5189114
19997862918394,0.82682115,8.664212,4.518647
19997867676415,0.8298282,8.664244,4.5180373
19997872434436,0.83255696,8.664407,4.5172224
19997877192457,0.83469933,8.66445,4.5167437
19997881950426,0.8360355,8.66446,4.516475
19997886708446,0.83654696,8.664592,4.516127
19997891466467,0.836447,8.664624,4.5160856
19997896224488,0.8365845,8.664328,4.5166283
19997900982509,0.83715963,8.664178,4.516809
19997905740478,0.8383026,8.663739,4.5174403
19997910498499,0.8398044,8.662977,4.5186214
19997915256519,0.84065247,8.662343,4.5196805
19997920014540,0.8410984,8.661837,4.5205655
19997924772509,0.84093225,8.661361,4.521509
19997929530530,0.84012055,8.660908,4.5225277
19997934288551,0.8390522,8.660495,4.5235157
19997939046467,0.8376988,8.660227,4.5242815
19997943804540,0.8364785,8.660271,4.5244217
19997948562561,0.83596176,8.660484,4.5241094
19997953320582,0.8361528,8.66071,4.523642
19997958078551,0.83649665,8.661061,4.522906
19997962836571,0.83688796,8.66149,4.5220113
19997967594592,0.8366822,8.662116,4.520852
19997972352613,0.8353716,8.662718,4.519938
19997977110634,0.8332687,8.663134,4.519532
19997981868603,0.830401,8.663641,4.5190883
19997986626624,0.8274413,8.6641245,4.518703
19997991384644,0.82513964,8.664277,4.5188313
19997996142665,0.82428026,8.664143,4.5192456
19998000900634,0.82488143,8.6641445,4.5191307
19998005658655,0.82705104,8.664108,4.5188055
19998010416676,0.8304316,8.663739,4.518894
19998015174696,0.8345483,8.663406,4.5187726
19998019932665,0.8383864,8.663391,4.5180917
19998024690634,0.84081405,8.663269,4.5178757
19998029448707,0.84156764,8.663037,4.5181785
19998034206676,0.84085584,8.663056,4.5182743
19998038964696,0.8391431,8.663289,4.5181465
19998043722717,0.83727866,8.663331,4.5184116
19998048480738,0.8361154,8.663346,4.518598
19998053238759,0.8361353,8.663393,4.5185056
19998057996728,0.83768016,8.663468,4.518071
19998062754749,0.8400003,8.663531,4.5175242
19998067512769,0.842879,8.66366,4.5167394
19998072270790,0.845167,8.663893,4.5158653
19998077028759,0.8463964,8.664101,4.515237
19998081786780,0.84665596,8.66421,4.5149755
19998086544801,0.8460805,8.664345,4.5148263
19998091302821,0.84502894,8.664493,4.514743
19998096060790,0.8441306,8.664323,4.515234
19998100818811,0.8440715,8.664053,4.5157623
19998105576832,0.84452283,8.663862,4.516043
19998110334853,0.8457918,8.663563,4.5163817
19998115092821,0.8472038,8.663165,4.5168805
19998119850842,0.8481306,8.663022,4.5169806
19998124608863,0.848764,8.662961,4.516978
19998129366832,0.8487284,8.662951,4.5170035
19998134124853,0.84833056,8.662926,4.517128
19998138882874,0.8482056,8.663004,4.5170007
19998143640894,0.8484774,8.663091,4.5167828
19998148398863,0.849402,8.663203,4.5163937
19998153156884,0.8509013,8.663314,4.5158978
19998157914905,0.8524745,8.6634865,4.5152707
19998162672926,0.8536949,8.663727,4.5145817
19998167430894,0.8545698,8.663943,4.513997
19998172188915,0.85480005,8.664173,4.513514
19998176946936,0.85414106,8.664347,4.513306
19998181704957,0.85267603,8.664483,4.513321
19998186462926,0.8509011,8.6647005,4.513238
19998191220946,0.8496254,8.664771,4.5133433
19998195978967,0.8489659,8.664789,4.5134315
19998200736988,0.8492665,8.664696,4.513553
19998205494957,0.8505002,8.664585,4.5135365
19998210252978,0.8521946,8.664511,4.5133595
19998215010999,0.85413647,8.664478,4.513054
19998219769019,0.85598624,8.664451,4.5127573
19998224526988,0.85736305,8.664403,4.512586
19998229285009,0.8584889,8.664368,4.5124426
19998234043030,0.8594781,8.6643095,4.5123634
19998238801051,0.8605985,8.664253,4.512258
19998243559019,0.86203575,8.664299,4.511898
19998248317040,0.8641012,8.664379,4.5113482
19998253075061,0.866587,8.664405,4.5108223
19998257833082,0.86935675,8.664542,4.510024
19998262591051,0.87240136,8.664745,4.509046
19998267349071,0.87533295,8.664845,4.5082846
19998272107092,0.8778277,8.664749,4.5079837
19998276865113,0.8798239,8.664746,4.5076013
19998281623082,0.88126725,8.664672,4.507462
19998286381103,0.88220847,8.6644125,4.5077777
19998291139124,0.8826296,8.66418,4.5081415
19998295897144,0.8827446,8.664021,4.5084243
19998300655113,0.8827562,8.663884,4.5086846
19998305413134,0.88265467,8.664073,4.5083413
19998310171155,0.8828817,8.665565,4.50543
19998314929176,0.88313067,8.667095,4.5024357
19998319687144,0.8828766,8.667807,4.501116
19998324445165,0.8822226,8.669079,4.498792
19998329203186,0.88047636,8.670911,4.4956036
19998333961207,0.87762696,8.672136,4.493796
19998338719176,0.87379706,8.672866,4.4931345
19998343477196,0.8693562,8.674174,4.4914694
19998348235217,0.8646207,8.6756935,4.4894505
19998352993238,0.85915816,8.676585,4.488776
19998357751207,0.85344964,8.677272,4.488539
19998362509228,0.8478918,8.678363,4.487481
19998367267249,0.8422232,8.679186,4.4869556
19998372025269,0.83673096,8.679301,4.487761
19998376783238,0.8316111,8.679602,4.488132
19998381541259,0.827025,8.680532,4.4871774
19998386299280,0.8226297,8.6810875,4.486913
19998391057301,0.81842893,8.681218,4.487429
19998395815269,0.8146784,8.6818075,4.4869704
19998400573290,0.81143165,8.682596,4.4860334
19998405331311,0.80827576,8.682718,4.486366
19998410089280,0.80520785,8.682697,4.4869576
19998414847301,0.801944,8.683345,4.4862885
19998419605321,0.7985556,8.683837,4.4859414
19998424363342,0.79546714,8.683733,4.4866924
19998429121363,0.7929638,8.684016,4.4865866
19998433879332,0.7909436,8.684608,4.4857974
19998438637353,0.78928137,8.684941,4.4854445
19998443395374,0.7878032,8.685245,4.4851184
19998448153342,0.78640443,8.685985,4.4839296
19998452911363,0.7849874,8.686973,4.4822636
19998457669384,0.78334343,8.687748,4.4810495
19998462427405,0.7814503,8.688598,4.479734
19998467185374,0.77896655,8.689856,4.4777236
19998471943394,0.77600867,8.691045,4.4759283
19998476701415,0.7727901,8.6921015,4.4744325
19998481459436,0.7696589,8.692909,4.473404
19998486217405,0.76695657,8.693321,4.4730663
19998490975426,0.7647268,8.69388,4.4723606
19998495733446,0.7627921,8.694719,4.47106
19998500491467,0.7607215,8.695358,4.470172
19998505249436,0.75831413,8.695508,4.4702888
19998510007457,0.75568306,8.695932,4.469911
19998514765478,0.7526916,8.6964245,4.4694567
19998519523499,0.7497525,8.696382,4.4700346
19998524281467,0.7467873,8.696277,4.4707346
19998529039488,0.74425447,8.696442,4.4708347
19998533797509,0.7420882,8.696861,4.47038
19998538555530,0.74064964,8.696729,4.4708767
19998543313499,0.7396847,8.696311,4.4718475
19998548071519,0.739392,8.696157,4.472194
19998552829540,0.7395835,8.695574,4.473297
19998557587561,0.73965645,8.69457,4.4752374
19998562345530,0.7401091,8.693774,4.476708
19998567103551,0.7410626,8.692849,4.478348
19998571861571,0.74262047,8.691426,4.480849
19998576619540,0.7451551,8.689898,4.4833922
19998581377561,0.74899423,8.688889,4.484708
19998586135582,0.75395554,8.687623,4.4863286
19998590893603,0.76013905,8.686034,4.488361
19998595651571,0.7669341,8.684732,4.4897223
19998600409540,0.7737226,8.683708,4.490541
19998605167613,0.7803042,8.682419,4.491893
19998609925634,0.7866641,8.681322,4.4929047
19998614683603,0.7922608,8.680729,4.4930677
19998619441624,0.79675734,8.680146,4.493398
19998624199644,0.8007952,8.6795025,4.493924
19998628957665,0.80434424,8.679192,4.49389
19998633715634,0.80748194,8.678974,4.493747
19998638473655,0.81054586,8.678605,4.493909
19998643231676,0.8136407,8.678454,4.4936404
19998647989696,0.8166511,8.678354,4.493288
19998652747665,0.81934947,8.678066,4.4933558
19998657505686,0.8213682,8.677626,4.4938335
19998662263707,0.8225865,8.6772785,4.4942827
19998667021728,0.8229127,8.677068,4.4946303
19998671779696,0.8228471,8.676462,4.4958105
19998676537717,0.8227765,8.675712,4.497272
19998681295738,0.82313925,8.674922,4.4987288
19998686053759,0.82403016,8.673918,4.5005007
19998690811728,0.8256285,8.672541,4.502862
19998695569749,0.8279715,8.67113,4.505148
19998700327769,0.83072203,8.66967,4.5074506
19998705085738,0.8337414,8.667956,4.510189
19998709843759,0.8370029,8.666282,4.5128007
19998714601780,0.8401177,8.664729,4.515203
19998719359801,0.843374,8.6632595,4.517416
19998724117769,0.8466584,8.661945,4.5193214
19998728875790,0.8498853,8.661264,4.52002
19998733633811,0.85278684,8.661112,4.519766
19998738391832,0.855031,8.660993,4.51957
19998743149801,0.85632235,8.661049,4.519218
19998747907821,0.8564769,8.66149,4.518343
19998752665842,0.8554569,8.66204,4.517482
19998757423863,0.85330534,8.662575,4.516864
19998762181832,0.8505937,8.663088,4.51639
19998766939853,0.8478073,8.66345,4.516219
19998771697874,0.84557104,8.663405,4.5167236
19998776455842,0.84432626,8.662998,4.517738
19998781213863,0.8437941,8.6624155,4.5189567
19998785971884,0.84379107,8.661805,4.520126
19998790729905,0.8437697,8.661155,4.5213757
19998795487874,0.84370095,8.660675,4.522308
19998800245894,0.8428151,8.660579,4.522658
19998805003915,0.8407871,8.660527,4.5231347
19998809761884,0.8376531,8.660645,4.5234904
19998814519905,0.8335248,8.661323,4.522953
19998819277926,0.8293428,8.662148,4.5221405
19998824035946,0.82551324,8.662995,4.5212207
19998828793967,0.82222605,8.663916,4.520054
19998833551936,0.8194971,8.664847,4.518765
19998838309957,0.8171784,8.665342,4.518235
19998843067978,0.81448716,8.665658,4.518115
19998847825999,0.8112659,8.666004,4.518031
19998852583967,0.8072807,8.666295,4.5181866
19998857341988,0.8027005,8.666502,4.518605
19998862100009,0.7976309,8.666723,4.519081
19998866857978,0.79247075,8.667025,4.5194087
19998871615999,0.78750604,8.6672,4.519942
19998876374019,0.7826823,8.66736,4.5204716
19998881132040,0.77793145,8.667596,4.5208387
19998885890009,0.7734321,8.667987,4.5208616
19998890648030,0.7684911,8.668438,4.5208387
19998895406051,0.763122,8.668872,4.5209184
19998900164071,0.75705326,8.669408,4.5209117
19998904922040,0.7504759,8.669973,4.5209227
19998909680061,0.74347824,8.67049,4.5210853
19998914438082,0.73639554,8.670998,4.5212736
19998919196051,0.72948796,8.671516,4.5213985
19998923954071,0.7230925,8.671925,4.521641
19998928712092,0.71760494,8.672236,4.521917
19998933470113,0.71307945,8.672556,4.522021
19998938228134,0.7097758,8.672738,4.5221915
19998942986103,0.70758855,8.67293,4.5221686
19998947744124,0.7060354,8.673094,4.522096
19998952502144,0.7051605,8.673248,4.521935
19998957260113,0.7045894,8.673423,4.5216894
19998962018134,0.70425874,8.673649,4.5213084
19998966776155,0.70367104,8.673751,4.5212026
19998971534176,0.7029878,8.673715,4.5213776
19998976292144,0.7025048,8.673954,4.5209956
19998981050165,0.70252407,8.674255,4.5204144
19998985808186,0.7033898,8.674247,4.520294
19998990566155,0.7049013,8.674234,4.5200853
19998995324176,0.7070714,8.674307,4.519606
19999000082196,0.70972043,8.674113,4.519563
19999004840217,0.71248466,8.6737585,4.5198097
19999009598186,0.7153451,8.673509,4.519835
19999014356207,0.71817464,8.673474,4.519454
19999019114228,0.7208022,8.673354,4.5192647
19999023872249,0.7229301,8.673199,4.519224
19999028630217,0.7244102,8.67321,4.5189643
19999033388238,0.7254133,8.67335,4.5185328
19999038146259,0.72584206,8.673504,4.518171
19999042904280,0.72578746,8.673857,4.517503
19999047662249,0.7253302,8.67436,4.516608
19999052420269,0.7245735,8.674889,4.5157146
19999057178290,0.7233895,8.675412,4.5148983
19999061936259,0.72158295,8.675994,4.5140696
19999066694280,0.7190857,8.676548,4.513405
19999071452301,0.71621186,8.67706,4.5128765
19999076210321,0.713071,8.677454,4.5126176
19999080968290,0.70976615,8.677814,4.5124464
19999085726311,0.706497,8.678003,4.5125937
19999090484332,0.7035159,8.678087,4.512898
19999095242353,0.7010939,8.678094,4.513262
19999100000321,0.6988696,8.678124,4.513549
19999104758342,0.6968674,8.678062,4.5139785
19999109516363,0.6947519,8.678018,4.5143895
19999114274332,0.6926334,8.678022,4.5147076
19999119032353,0.6902287,8.678089,4.5149465
19999123790374,0.6877977,8.6781645,4.5151725
19999128548394,0.6853749,8.678243,4.5153923
19999133306363,0.6832441,8.678254,4.515692
19999138064384,0.681526,8.678273,4.515915
19999142822405,0.68029755,8.678158,4.5163226
19999147580426,0.6791645,8.678019,4.5167603
19999152338394,0.6786105,8.677811,4.5172415
19999157096415,0.6779208,8.677618,4.517716
19999161854436,0.6767618,8.677446,4.518219
19999166612457,0.67513204,8.677247,4.5188475
19999171370426,0.6727922,8.677198,4.519289
19999176128446,0.6698151,8.677299,4.519539
19999180886467,0.6664034,8.677485,4.519685
19999185644488,0.662626,8.67782,4.5195975
19999190402457,0.6588436,8.678314,4.5192018
19999195160478,0.6546249,8.678815,4.5188503
19999199918499,0.65021485,8.679372,4.5184174
19999204676467,0.6454606,8.680033,4.517832
19999209434488,0.64098394,8.680598,4.5173826
19999214192509,0.6367138,8.681199,4.5168314
19999218950530,0.63270104,8.681707,4.516419
19999223708499,0.6289994,8.682051,4.516276
19999228466519,0.62542814,8.68222,4.5164437
19999233224540,0.62181705,8.682283,4.5168223
19999237982561,0.6182261,8.68227,4.5173407
19999242740530,0.6145316,8.682197,4.517987
19999247498551,0.61082685,8.6821375,4.518604
19999252256571,0.60702795,8.682123,4.519142
19999257014540,0.60295045,8.6823015,4.519347
19999261772561,0.5984766,8.682551,4.5194592
19999266530582,0.5935612,8.682849,4.519535
19999271288603,0.58783036,8.683163,4.519683
19999276046571,0.5817063,8.683472,4.519881
19999280804592,0.5751175,8.683789,4.5201144
19999285562613,0.5683863,8.684109,4.520351
19999290320634,0.5620924,8.684408,4.520562
19999295078603,0.5566348,8.684585,4.5209
19999299836624,0.5523681,8.68485,4.520913
19999304594644,0.54927766,8.68509,4.5208287
19999309352613,0.5471412,8.685396,4.520499
19999314110634,0.5454514,8.685685,4.5201497
19999318868655,0.5436252,8.686041,4.5196834
19999323626676,0.54148453,8.686445,4.5191627
19999328384644,0.5393332,8.686852,4.5186396
19999333142665,0.5373056,8.687244,4.5181284
19999337900686,0.5357554,8.687635,4.5175595
19999342658655,0.5350697,8.687879,4.517175
19999347416676,0.53547025,8.687997,4.5168967
19999352174696,0.5367398,8.687861,4.5170074
19999356932717,0.53855306,8.687575,4.517344
19999361690686,0.5409062,8.687238,4.51771
19999366448707,0.54344517,8.687504,4.516893
19999371206728,0.54608333,8.688498,4.514664
19999375964749,0.5481901,8.688672,4.5140724
19999380722717,0.5499853,8.6885,4.514185
19999385480738,0.55110395,8.688864,4.5133495
19999390238759,0.551579,8.689032,4.512967
19999394996780,0.5512478,8.68849,4.51405
19999399754749,0.5504697,8.688191,4.51472
19999404512769,0.54943365,8.688399,4.5144467
19999409270790,0.5482681,8.688294,4.5147924
19999414028759,0.5469326,8.687903,4.515705
19999418786780,0.54550177,8.687834,4.516012
19999423544801,0.54398865,8.688116,4.51565
19999428302821,0.5422925,8.68822,4.5156565
19999433060790,0.54022497,8.688316,4.515717
19999437818811,0.5381511,8.6884775,4.515655
19999442576780,0.5356585,8.688502,4.515905
19999447334801,0.53290015,8.688691,4.515866
19999452092821,0.5301286,8.689158,4.5152936
19999456850842,0.5272754,8.689518,4.5149345
19999461608863,0.5246407,8.6896925,4.5149074
19999466366832,0.5225504,8.690104,4.5143585
19999471124853,0.5208198,8.690444,4.513903
19999475882874,0.51940113,8.690717,4.5135417
19999480640842,0.5180792,8.691021,4.513107
19999485398863,0.5167072,8.6914015,4.512532
19999490156884,0.51491123,8.691849,4.511877
19999494914905,0.5124771,8.692221,4.511438
19999499672874,0.5089718,8.692677,4.510954
19999504430894,0.5048912,8.69335,4.5101147
19999509188915,0.50028497,8.6941,4.509181
19999513946936,0.49557254,8.694889,4.508181
19999518704905,0.49146986,8.695757,4.5069566
19999523462926,0.4883804,8.696642,4.505585
19999528220946,0.4865254,8.697503,4.5041237
19999532978915,0.48557973,8.698446,4.502404
19999537736936,0.48496336,8.699296,4.5008273
19999542494957,0.48430032,8.699927,4.4996796
19999547252978,0.48321322,8.700338,4.499002
19999552010946,0.4813691,8.700648,4.4986
19999556768967,0.47903445,8.700572,4.498996
19999561526988,0.4768408,8.700334,4.49969
19999566284957,0.47515672,8.700109,4.500303
19999571042978,0.47408304,8.699788,4.501035
19999575800999,0.47382334,8.698884,4.502811
19999580559019,0.47406888,8.697663,4.5051417
19999585316988,0.4743802,8.696834,4.506709
19999590075009,0.47426453,8.696125,4.5080905
19999594833030,0.4735703,8.695029,4.5102763
19999599591051,0.4718881,8.694074,4.5122924
19999604349019,0.47038236,8.693516,4.5135264
19999609107040,0.46906656,8.693074,4.514512
19999613865061,0.4688241,8.692517,4.5156097
19999618623030,0.4701233,8.692242,4.516006
19999623381051,0.47255498,8.69225,4.515735
19999628139071,0.4756674,8.692237,4.5154333
19999632897092,0.47906077,8.692066,4.5154033
19999637655061,0.48183617,8.692166,4.514916
19999642413082,0.4837906,8.692397,4.5142627
19999647171103,0.48460242,8.692678,4.5136337
19999651929124,0.48462734,8.693313,4.512411
19999656687092,0.4843901,8.693896,4.51131
19999661445113,0.48406494,8.694351,4.510468
19999666203134,0.48427182,8.694768,4.509644
19999670961103,0.48491096,8.695168,4.5088024
19999675719124,0.48561037,8.695444,4.5081935
19999680477144,0.48630467,8.695545,4.5079246
19999685235165,0.48665684,8.695724,4.5075445
19999689993134,0.4866164,8.695887,4.5072327
19999694751155,0.4863369,8.695928,4.507183
19999699509176,0.48631316,8.695918,4.5072045
19999704267144,0.48718148,8.695731,4.507473
19999709025165,0.48894066,8.695413,4.507897
19999713783186,0.49171275,8.694979,4.5084314
19999718541207,0.49538788,8.694487,4.5089793
19999723299176,0.49944907,8.693878,4.509703
19999728057196,0.50359744,8.693163,4.510619
19999732815217,0.5072455,8.6924305,4.5116234
19999737573238,0.5101393,8.691647,4.5128083
19999742331207,0.5125574,8.690917,4.5139375
19999747089228,0.51485133,8.690184,4.515088
19999751847249,0.51743454,8.689482,4.5161433
19999756605217,0.5206092,8.688809,4.5170727
19999761363238,0.52436966,8.688341,4.517541
19999766121259,0.5283525,8.68804,4.5176544
19999770879280,0.53228694,8.687847,4.517564
19999775637249,0.53552854,8.687712,4.51744
19999780395269,0.53766954,8.687675,4.517253
19999785153290,0.538852,8.68763,4.517204
19999789911259,0.5392234,8.687703,4.517016
19999794669280,0.5393306,8.687866,4.5166903
19999799427301,0.53959894,8.688163,4.5160875
19999804185321,0.54081446,8.688515,4.5152626
19999808943290,0.5430896,8.688838,4.514369
19999813701311,0.5463516,8.68914,4.5133963
19999818459332,0.5498689,8.689474,4.512324
19999823217301,0.55294955,8.689662,4.511587
19999827975321,0.55513614,8.689671,4.5113025
19999832733342,0.556016,8.68963,4.511271
19999837491363,0.55537665,8.689444,4.5117087
19999842249332,0.55366355,8.689074,4.5126333
19999847007353,0.55154216,8.688634,4.513737
19999851765374,0.5496364,8.688133,4.5149326
19999856523342,0.5483328,8.687509,4.516295
19999861281363,0.548136,8.686814,4.517653
19999866039384,0.54872215,8.686047,4.5190563
19999870797405,0.5499362,8.685259,4.5204225
19999875555374,0.55140746,8.684665,4.5213857
19999880313394,0.5526061,8.684153,4.522224
19999885071415,0.553428,8.683758,4.5228815
19999889829384,0.55391306,8.683615,4.523097
19999894587405,0.554349,8.68351,4.5232425
19999899345426,0.55464613,8.683578,4.523078
19999904103446,0.5552497,8.683825,4.522529
19999908861467,0.55629593,8.684195,4.5216894
19999913619436,0.557768,8.684712,4.520515
19999918377457,0.55910206,8.685388,4.51905
19999923135478,0.5603008,8.6862545,4.517239
19999927893446,0.56126153,8.687153,4.5153894
19999932651415,0.56207967,8.687985,4.5136876
19999937409488,0.5628478,8.688586,4.5124354
19999942167457,0.5637992,8.689004,4.5115113
19999946925478,0.5652086,8.689116,4.511118
19999951683446,0.5676334,8.688917,4.511198
19999956441519,0.57099795,8.688538,4.5115047
19999961199488,0.5747413,8.687842,4.5123672
19999965957509,0.5788557,8.687058,4.51335
19999970715530,0.5825294,8.686162,4.5146017
19999975473499,0.5853732,8.685235,4.5160184
19999980231519,0.58701754,8.684494,4.51723
19999984989540,0.5875551,8.683994,4.518121
19999989747561,0.58717513,8.683749,4.518641
19999994505530,0.58616126,8.683758,4.518757
19999999263551,0.58474404,8.684017,4.5184393
20000004021571,0.5833092,8.684453,4.517789
20000008779592,0.5824654,8.684999,4.5168486
20000013537561,0.5822049,8.685569,4.515785
20000018295582,0.5821425,8.686248,4.514487
20000023053603,0.58236897,8.686894,4.513214
20000027811571,0.5823319,8.687455,4.512139
20000032569592,0.5815429,8.687902,4.511379
20000037327613,0.5800237,8.688251,4.510906
20000042085634,0.5779715,8.688391,4.510897
20000046843603,0.5753249,8.688412,4.511196
20000051601624,0.57223004,8.688417,4.5115786
20000056359644,0.5693579,8.688296,4.5121756
20000061117561,0.5668411,8.68814,4.5127926
20000065875634,0.5645732,8.687903,4.5135317
20000070633655,0.5627415,8.687668,4.514215
20000075391624,0.56153476,8.687368,4.5149426
20000080149644,0.56056696,8.687066,4.5156426
20000084907665,0.559954,8.686798,4.516234
20000089665686,0.55939627,8.686633,4.5166206
20000094423655,0.55900544,8.686507,4.516911
20000099181676,0.55861765,8.686445,4.5170803
20000103939696,0.5582405,8.686455,4.517107
20000108697717,0.5581095,8.686448,4.517137
20000113455686,0.5579147,8.686602,4.5168667
20000118213707,0.5577384,8.686787,4.5165296
20000122971728,0.5572783,8.686934,4.5163026
20000127729696,0.55674106,8.687121,4.5160108
20000132487717,0.55562276,8.687387,4.5156374
20000137245738,0.5544209,8.687583,4.515407
20000142003759,0.5529848,8.687632,4.5154896
20000146761728,0.5518335,8.68767,4.5155573
20000151519749,0.55151695,8.687658,4.5156183
20000156277769,0.5516849,8.6874275,4.516042
20000161035738,0.55246913,8.687148,4.5164843
20000165793759,0.55358213,8.686769,4.517077
20000170551780,0.55459255,8.686288,4.517878
20000175309801,0.55575013,8.68584,4.518597
20000180067769,0.5563428,8.685638,4.5189104
20000184825790,0.5563437,8.685651,4.5188875
20000189583811,0.5556329,8.685754,4.518777
20000194341832,0.5545713,8.68587,4.518684
20000199099801,0.55352277,8.686037,4.5184917
20000203857821,0.55279607,8.686221,4.518225
20000208615842,0.5523701,8.686343,4.518044
20000213373811,0.5524204,8.686479,4.517776
20000218131832,0.5528847,8.686536,4.517612
20000222889853,0.5533173,8.686634,4.5173683
20000227647821,0.5537804,8.686646,4.5172896
20000232405842,0.554002,8.686657,4.5172405
20000237163863,0.5534958,8.686718,4.5171866
20000241921884,0.5524266,8.6868,4.517158
20000246679853,0.5511114,8.686949,4.5170326
20000251437874,0.5500498,8.687115,4.5168424
20000256195894,0.5492147,8.687295,4.5165963
20000260953915,0.5487252,8.687445,4.516367
20000265711884,0.5487803,8.687491,4.516271
20000270469905,0.54904276,8.687473,4.5162773
20000275227874,0.54924977,8.687425,4.516344
20000279985894,0.54927325,8.687316,4.516549
20000284743915,0.5489356,8.687182,4.516848
20000289501936,0.54816824,8.687037,4.51722
20000294259957,0.5472207,8.686969,4.5174675
20000299017926,0.546082,8.686942,4.5176573
20000303775946,0.5453849,8.686885,4.5178523
20000308533967,0.5452219,8.686914,4.517813
20000313291936,0.54550797,8.686897,4.517812
20000318049957,0.54618376,8.68681,4.517899
20000322807978,0.5472259,8.686663,4.518056
20000327565999,0.54831237,8.686577,4.518087
20000332323967,0.5495006,8.686626,4.5178475
20000337081988,0.55058056,8.686591,4.5177836
20000341840009,0.5515548,8.686685,4.5174866
20000346597978,0.5522409,8.686958,4.516876
20000351355999,0.55294895,8.687177,4.516368
20000356114019,0.5537018,8.687352,4.5159397
20000360872040,0.5542829,8.687478,4.515626
20000365630009,0.5548968,8.687606,4.515306
20000370388030,0.5558315,8.6875725,4.5152545
20000375146051,0.5566618,8.687464,4.5153613
20000379904019,0.55752075,8.687384,4.5154095
20000384662040,0.5582913,8.687321,4.5154357
20000389420009,0.5590843,8.687159,4.515649
20000394178030,0.55989957,8.687006,4.515843
20000398936051,0.5605694,8.686852,4.5160527
20000403694071,0.5608246,8.6868,4.516123
20000408452092,0.56104857,8.686746,4.5162005
20000413210061,0.5609939,8.686825,4.5160537
20000417968082,0.56077343,8.686933,4.515875
20000422726103,0.5603284,8.687025,4.515752
20000427484071,0.5600497,8.687117,4.51561
20000432242092,0.5599067,8.687243,4.5153837
20000437000113,0.55990964,8.687365,4.51515
20000441758134,0.56009275,8.6873665,4.5151234
20000446516103,0.5603762,8.687329,4.5151606
20000451274124,0.56105286,8.687259,4.5152135
20000456032144,0.5620218,8.68718,4.5152426
20000460790165,0.5632341,8.68707,4.515305
20000465548134,0.5646322,8.686952,4.515357
20000470306155,0.56614774,8.6868515,4.515359
20000475064176,0.5676931,8.686816,4.515234
20000479822144,0.56880516,8.686768,4.5151887
20000484580165,0.5696845,8.686707,4.515192
20000489338186,0.57014954,8.68667,4.5152054
20000494096207,0.57031655,8.686593,4.515334
20000498854176,0.5704479,8.6866255,4.5152545
20000503612196,0.57064706,8.686701,4.515083
20000508370217,0.57096374,8.686786,4.5148816
20000513128186,0.57134646,8.686823,4.5147605
20000517886207,0.57169276,8.686795,4.5147696
20000522644228,0.5718656,8.686626,4.515074
20000527402196,0.57182705,8.686434,4.515448
20000532160217,0.5715645,8.686146,4.516035
20000536918238,0.5711597,8.685728,4.516889
20000541676259,0.57074034,8.685323,4.517722
20000546434228,0.5700996,8.685012,4.518401
20000551192249,0.5695502,8.684725,4.519022
20000555950269,0.56937075,8.68458,4.519324
20000560708290,0.56929827,8.684441,4.519599
20000565466259,0.56928796,8.684432,4.5196157
20000570224280,0.5691045,8.684519,4.5194755
20000574982301,0.56860614,8.684591,4.5193973
20000579740269,0.56775457,8.684631,4.5194297
20000584498290,0.5665526,8.68472,4.5194063
20000589256311,0.5654361,8.68495,4.519106
20000594014280,0.5645617,8.685131,4.518866
20000598772301,0.56408,8.685374,4.518461
20000603530321,0.5644972,8.685561,4.518047
20000608288342,0.5653573,8.685696,4.5176816
20000613046311,0.56658304,8.685769,4.5173864
20000617804332,0.5677913,8.685879,4.517025
20000622562353,0.5686757,8.685873,4.516923
20000627320374,0.569078,8.685835,4.516946
20000632078342,0.5688266,8.685726,4.517189
20000636836363,0.5680301,8.685549,4.5176287
20000641594384,0.5667851,8.685478,4.5179205
20000646352353,0.56547517,8.685401,4.5182347
20000651110374,0.5640396,8.685358,4.518494
20000655868394,0.5627814,8.685375,4.51862
20000660626415,0.56168044,8.685515,4.5184875
20000665384384,0.5609441,8.68565,4.518319
20000670142405,0.5601109,8.685888,4.517965
20000674900426,0.5592706,8.686097,4.5176663
20000679658394,0.55776554,8.686384,4.5173006
20000684416415,0.55601543,8.686614,4.5170765
20000689174436,0.5539013,8.686788,4.5170026
20000693932405,0.55154586,8.686907,4.5170593
20000698690426,0.54922545,8.687112,4.5169487
20000703448446,0.54713064,8.687062,4.5173
20000708206467,0.54531604,8.687028,4.5175834
20000712964436,0.54386884,8.686966,4.5178785
20000717722457,0.5427455,8.687022,4.517904
20000722480478,0.54166573,8.687055,4.517972
20000727238499,0.54038435,8.687121,4.517996
20000731996467,0.5387962,8.687317,4.5178113
20000736754488,0.53697336,8.687499,4.5176773
20000741512457,0.535018,8.687685,4.517552
20000746270478,0.5330093,8.687777,4.517613
20000751028499,0.5310892,8.687901,4.5176015
20000755786519,0.529386,8.687918,4.51777
20000760544540,0.5284489,8.68791,4.5178933
20000765302509,0.5280474,8.687853,4.518049
20000770060530,0.52852124,8.687845,4.5180087
20000774818551,0.5292609,8.687927,4.517765
20000779576519,0.530241,8.688015,4.5174813
20000784334540,0.53079575,8.687991,4.51746
20000789092561,0.53096086,8.687992,4.5174403
20000793850582,0.53056043,8.6879635,4.5175414
20000798608551,0.52952456,8.688062,4.5174747
20000803366571,0.5282186,8.688146,4.5174665
20000808124592,0.5268387,8.688171,4.5175776
20000812882561,0.5253441,8.688201,4.5176945
20000817640582,0.52388364,8.688212,4.517841
20000822398603,0.52263093,8.688218,4.517976
20000827156624,0.5215141,8.688194,4.5181513
20000831914592,0.520532,8.688153,4.5183454
20000836672613,0.5195502,8.688097,4.518565
20000841430634,0.51867646,8.687952,4.5189433
20000846188551,0.5184938,8.687827,4.5192046
20000850946624,0.51858634,8.687759,4.5193224
20000855704644,0.5191827,8.687741,4.5192895
20000860462665,0.52005285,8.687758,4.5191574
20000865220634,0.5209127,8.687817,4.518948
20000869978655,0.5215517,8.688049,4.518426
20000874736676,0.52158624,8.688391,4.5177655
20000879494644,0.52087915,8.68872,4.5172133
20000884252665,0.51965964,8.68903,4.5167584
20000889010686,0.51814395,8.689262,4.516485
20000893768707,0.5162243,8.689479,4.5162873
20000898526676,0.51455253,8.689712,4.5160303
20000903284696,0.51314753,8.68994,4.51575
20000908042665,0.5121345,8.690093,4.5155716
20000912800686,0.51126003,8.690119,4.5156217
20000917558707,0.5105746,8.690189,4.5155635
20000922316728,0.50995207,8.690226,4.515563
20000927074749,0.50931996,8.690288,4.5155168
20000931832717,0.50892556,8.690278,4.515578
20000936590738,0.50856364,8.690254,4.515664
20000941348759,0.5085918,8.690176,4.515814
20000946106728,0.5090139,8.690008,4.5160866
20000950864749,0.5094981,8.68979,4.5164547
20000955622769,0.5101081,8.689583,4.516783
20000960380790,0.51063156,8.689414,4.517048
20000965138759,0.5106597,8.689256,4.5173516
20000969896780,0.51034945,8.689197,4.517499
20000974654801,0.5096838,8.689155,4.517653
20000979412769,0.50899804,8.689157,4.5177274
20000984170790,0.50840837,8.689166,4.5177765
20000988928811,0.5083013,8.689246,4.517633
20000993686832,0.5085498,8.689375,4.517359
20000998444801,0.50913125,8.689468,4.5171123
20001003202821,0.51004946,8.689619,4.5167184
20001007960842,0.5107798,8.689771,4.5163445
20001012718863,0.5115862,8.689858,4.5160856
20001017476832,0.5122028,8.690042,4.5156627
20001022234853,0.5126049,8.6901,4.5155067
20001026992874,0.5126146,8.690147,4.515413
20001031750842,0.51241046,8.690185,4.515365
20001036508863,0.51227367,8.69023,4.515293
20001041266884,0.5120853,8.690255,4.5152655
20001046024853,0.5118875,8.690336,4.51513
20001050782874,0.5116242,8.6903305,4.515173
20001055540894,0.5110917,8.690473,4.5149584
20001060298915,0.51019037,8.690563,4.5148892
20001065056884,0.509163,8.690623,4.5148873
20001069814905,0.5078491,8.690623,4.5150356
20001074572926,0.5065656,8.690618,4.5151925
20001079330946,0.5054538,8.690575,4.515399
20001084088915,0.50479263,8.690433,4.515744
20001088846936,0.50462186,8.690215,4.516183
20001093604957,0.5051596,8.690044,4.516451
20001098362874,0.5059788,8.689867,4.5167
20001103120946,0.5069594,8.689638,4.5170326
20001107878967,0.50776535,8.689573,4.5170655
20001112636988,0.50840604,8.68962,4.516902
20001117394957,0.508648,8.689726,4.5166707
20001122152978,0.50821644,8.689851,4.5164795
20001126910999,0.5077415,8.6900015,4.516243
20001131668967,0.5072144,8.690071,4.5161695
20001136426988,0.50707436,8.690117,4.5160985
20001141185009,0.50718147,8.6901045,4.516107
20001145943030,0.5077215,8.690017,4.516218
20001150700999,0.5086331,8.689963,4.5162177
20001155459019,0.5097965,8.689977,4.5160594
20001160217040,0.5110699,8.689915,4.516035
20001164975009,0.5122098,8.689839,4.516052
20001169733030,0.5131736,8.689709,4.5161943
20001174491051,0.51395637,8.68952,4.516467
20001179249071,0.514354,8.689327,4.5167933
20001184007040,0.51454264,8.689211,4.5169954
20001188765061,0.5145248,8.689253,4.516918
20001193523082,0.5144795,8.689351,4.516734
20001198281051,0.5142269,8.6894245,4.516619
20001203039071,0.51377803,8.689505,4.5165157
20001207797092,0.5132011,8.689729,4.5161514
20001212555113,0.51246494,8.690016,4.515684
20001217313082,0.5115535,8.690269,4.5152974
20001222071103,0.51077867,8.690548,4.5148497
20001226829124,0.50990534,8.690781,4.5144997
20001231587092,0.5090846,8.690973,4.514221
20001236345113,0.5084826,8.691116,4.514014
20001241103134,0.50841135,8.691224,4.513814
20001245861155,0.5085413,8.691288,4.513678
20001250619124,0.5085485,8.691296,4.5136604
20001255377144,0.5085287,8.691324,4.5136094
20001260135165,0.50849104,8.691305,4.5136514
20001264893082,0.5082251,8.69128,4.5137296
20001269651155,0.5079927,8.691204,4.513902
20001274409176,0.5077682,8.691028,4.514267
20001279167196,0.50750744,8.690869,4.5146
20001283925165,0.5074404,8.690686,4.5149617
20001288683186,0.5076198,8.690493,4.515314
20001293441207,0.5082046,8.690325,4.5155706
20001298199176,0.5088671,8.690117,4.515895
20001302957196,0.5095251,8.68994,4.51616
20001307715217,0.5102331,8.689886,4.5161843
20001312473238,0.51068544,8.689902,4.516104
20001317231207,0.51085734,8.689946,4.5160003
20001321989228,0.51081645,8.689994,4.515913
20001326747249,0.51060474,8.690057,4.5158157
20001331505269,0.5103131,8.690091,4.5157824
20001336263238,0.51001644,8.690086,4.515824
20001341021259,0.50980526,8.690106,4.5158105
20001345779280,0.5097513,8.690076,4.515874
20001350537249,0.5094793,8.690149,4.5157638
20001355295269,0.5093008,8.690225,4.5156374
20001360053290,0.5092104,8.690227,4.515644
20001364811311,0.5091459,8.6903715,4.515373
20001369569280,0.5093344,8.690499,4.5151057
20001374327301,0.50979596,8.6905775,4.514903
20001379085321,0.5103196,8.690647,4.5147123
20001383843290,0.51099974,8.690726,4.51448
20001388601311,0.511527,8.690798,4.5142846
20001393359332,0.5117608,8.690778,4.5142956
20001398117353,0.51151997,8.690816,4.51425
20001402875321,0.5109919,8.690906,4.5141377
20001407633342,0.5103109,8.690835,4.5143514
20001412391363,0.50959,8.690834,4.5144324
20001417149384,0.50905234,8.690817,4.514527
20001421907353,0.5088759,8.690798,4.5145826
20001426665374,0.5091692,8.690884,4.5143843
20001431423342,0.5098701,8.690884,4.514305
20001436181363,0.5108683,8.690972,4.5140243
20001440939384,0.51194304,8.690976,4.5138936
20001445697405,0.5128305,8.69089,4.513957
20001450455426,0.5135566,8.69085,4.513952
20001455213394,0.51407343,8.690791,4.5140066
20001459971415,0.514485,8.690788,4.513965
20001464729436,0.51466316,8.690722,4.5140734
20001469487405,0.514583,8.690722,4.514081
20001474245426,0.51435286,8.690716,4.5141215
20001479003446,0.5144117,8.690675,4.5141935
20001483761467,0.51443654,8.690669,4.5142026
20001488519436,0.51446843,8.690613,4.5143046
20001493277457,0.5146062,8.690632,4.5142527
20001498035478,0.51476455,8.69065,4.5142
20001502793446,0.514676,8.690583,4.5143385
20001507551467,0.514566,8.690548,4.51442
20001512309488,0.51443934,8.690444,4.514633
20001517067509,0.5145714,8.690368,4.5147667
20001521825478,0.514726,8.690398,4.5146904
20001526583499,0.5148697,8.690417,4.5146356
20001531341519,0.5154183,8.690435,4.5145392
20001536099488,0.5160948,8.69047,4.5143967
20001540857509,0.5167549,8.690504,4.514253
20001545615530,0.5173485,8.690501,4.514194
20001550373551,0.5177784,8.690455,4.5142326
20001555131519,0.51807314,8.6904335,4.5142393
20001559889540,0.5184118,8.69046,4.5141487
20001564647561,0.51901096,8.690503,4.5139976
20001569405582,0.5198589,8.69047,4.5139656
20001574163551,0.5208519,8.690406,4.513972
20001578921571,0.522129,8.69037,4.513895
20001583679592,0.52339816,8.69031,4.513863
20001588437561,0.52473235,8.690202,4.513915
20001593195582,0.52590567,8.690177,4.5138283
20001597953603,0.5268331,8.690215,4.513645
20001602711624,0.52761906,8.690274,4.5134416
20001607469592,0.52794194,8.690333,4.5132875
20001612227613,0.52785987,8.690406,4.5131593
20001616985634,0.52765363,8.690481,4.5130367
20001621743603,0.5270022,8.690502,4.513073
20001626501624,0.526171,8.690419,4.5133314
20001631259644,0.52545035,8.690329,4.513588
20001636017665,0.52511066,8.690133,4.514003
20001640775582,0.52540183,8.6898775,4.514463
20001645533655,0.52614206,8.68973,4.51466
20001650291624,0.5276154,8.68958,4.5147767
20001655049644,0.5293224,8.689435,4.514858
20001659807665,0.53091717,8.689306,4.514918
20001664565686,0.5324998,8.689224,4.5148854
20001669323707,0.533422,8.689186,4.514852
20001674081676,0.53385425,8.689197,4.51478
20001678839696,0.5339885,8.689228,4.5147038
20001683597717,0.5336164,8.689284,4.5146384
20001688355738,0.53299415,8.689429,4.5144343
20001693113707,0.5320138,8.689622,4.51418
20001697871728,0.5312476,8.689769,4.5139856
20001702629749,0.53051054,8.689912,4.513797
20001707387717,0.52984744,8.689974,4.513758
20001712145738,0.5291137,8.68998,4.513833
20001716903759,0.5285585,8.689954,4.5139456
20001721661780,0.528236,8.689906,4.5140767
20001726419749,0.52834076,8.689885,4.5141034
20001731177769,0.5286494,8.689808,4.514217
20001735935790,0.52914673,8.689795,4.514185
20001740693759,0.52965933,8.68977,4.514171
20001745451780,0.5301822,8.689814,4.5140266
20001750209801,0.5305676,8.689852,4.513907
20001754967821,0.53064287,8.689798,4.5140004
20001759725790,0.530321,8.689801,4.514033
20001764483811,0.5298298,8.689802,4.51409
20001769241832,0.52946395,8.689791,4.5141535
20001773999853,0.5289694,8.689664,4.5144567
20001778757821,0.5285797,8.689593,4.5146365
20001783515842,0.5285191,8.689627,4.5145802
20001788273863,0.5286003,8.689707,4.5144176
20001793031832,0.52875245,8.689759,4.514299
20001797789853,0.5291324,8.6898775,4.5140266
20001802547874,0.5293414,8.690086,4.513601
20001807305894,0.52911204,8.690316,4.5131845
20001812063863,0.52871543,8.690529,4.5128207
20001816821884,0.5282218,8.690622,4.512698
20001821579905,0.52757335,8.690748,4.512532
20001826337926,0.52705073,8.690863,4.5123744
20001831095894,0.52668375,8.690878,4.5123878
20001835853915,0.5262566,8.690818,4.5125537
20001840611936,0.5260168,8.690788,4.512637
20001845369905,0.5258343,8.690704,4.5128217
20001850127926,0.5255243,8.690653,4.5129538
20001854885894,0.52522653,8.690638,4.513021
20001859643967,0.52472633,8.690615,4.5131207
20001864401936,0.52409047,8.690578,4.513264
20001869159957,0.52352774,8.690541,4.5134025
20001873917978,0.5232438,8.690576,4.513367
20001878675946,0.5233046,8.690626,4.5132623
20001883433915,0.5234548,8.69067,4.513163
20001888191988,0.5239724,8.690743,4.5129614
20001892950009,0.5246135,8.690744,4.5128856
20001897707978,0.5252594,8.690721,4.512856
20001902465999,0.52582186,8.690692,4.5128465
20001907224019,0.52630305,8.690647,4.512875
20001911982040,0.5266599,8.690584,4.5129533
20001916740009,0.52669907,8.690514,4.513087
20001921498030,0.52661616,8.690513,4.5130997
20001926256051,0.5265577,8.690585,4.512965
20001931014019,0.52644175,8.690642,4.512869
20001935772040,0.52625877,8.690613,4.512946
20001940530061,0.5261093,8.690675,4.512846
20001945288082,0.5258599,8.690663,4.5128965
20001950046051,0.5255608,8.690627,4.513
20001954804071,0.5250005,8.6906,4.5131173
20001959562092,0.5244664,8.690552,4.513273
20001964320113,0.5241084,8.690567,4.5132856
20001969078082,0.5240805,8.6905775,4.5132675
20001973836103,0.5243241,8.690565,4.5132627
20001978594124,0.52463263,8.690497,4.5133595
20001983352092,0.52495825,8.690485,4.5133457
20001988110113,0.52508557,8.69053,4.5132422
20001992868134,0.5249568,8.69061,4.513104
20001997626155,0.5247143,8.690631,4.513091
20002002384124,0.52430654,8.690619,4.5131626
20002007142144,0.5236851,8.690633,4.5132065
20002011900165,0.5231988,8.690571,4.5133824
20002016658186,0.52299833,8.69047,4.513601
20002021416155,0.52301663,8.690394,4.513744
20002026174176,0.5230249,8.690333,4.513861
20002030932196,0.5233074,8.690242,4.5140057
20002035690165,0.5237257,8.690129,4.514171
20002040448186,0.52392817,8.690108,4.5141873
20002045206207,0.52403396,8.690109,4.5141745
20002049964228,0.52378595,8.690224,4.5139837
20002054722196,0.5236465,8.690338,4.513781
20002059480217,0.52319837,8.690465,4.5135884
20002064238238,0.5230019,8.690594,4.5133634
20002068996207,0.52310956,8.690741,4.513067
20002073754228,0.5234055,8.690772,4.512973
20002078512249,0.523759,8.690864,4.5127554
20002083270269,0.52425706,8.690903,4.512622
20002088028238,0.5244173,8.690947,4.5125194
20002092786259,0.524268,8.690852,4.5127163
20002097544280,0.52393407,8.690765,4.5129237
20002102302301,0.5233856,8.690639,4.5132294
20002107060269,0.5225304,8.690552,4.513497
20002111818290,0.5217345,8.690401,4.513881
20002116576311,0.52104855,8.690162,4.51442
20002121334280,0.5204673,8.689972,4.514851
20002126092301,0.5203061,8.689777,4.515245
20002130850321,0.52029026,8.689593,4.5156016
20002135608342,0.5203783,8.689518,4.515736
20002140366311,0.5206068,8.689444,4.5158544
20002145124332,0.5209205,8.6894045,4.515892
20002149882353,0.52088416,8.689475,4.51576
20002154640374,0.5204772,8.689711,4.515354
20002159398342,0.51993865,8.689895,4.515062
20002164156363,0.51938653,8.690016,4.5148926
20002168914384,0.519036,8.690265,4.514453
20002173672301,0.5188915,8.690446,4.514121
20002178430374,0.5190426,8.690526,4.51395
20002183188394,0.5194812,8.690609,4.513739
20002187946415,0.52009565,8.690559,4.5137634
20002192704384,0.5205566,8.690509,4.5138063
20002197462405,0.5212471,8.690499,4.5137477
20002202220426,0.52168626,8.690448,4.5137944
20002206978446,0.5219809,8.690399,4.5138535
20002211736415,0.5220419,8.690329,4.513983
20002216494436,0.52190447,8.69023,4.514188
20002221252457,0.521783,8.690104,4.514447
20002226010426,0.5215951,8.690037,4.5145974
20002230768446,0.52146816,8.6899605,4.51476
20002235526467,0.52157676,8.689849,4.5149627
20002240284488,0.5216569,8.689791,4.5150642
20002245042457,0.5215233,8.689781,4.5150967
20002249800478,0.52145827,8.689755,4.515154
20002254558499,0.5211461,8.689834,4.5150385
20002259316519,0.5206707,8.689951,4.514869
20002264074488,0.52004945,8.690104,4.5146484
20002268832509,0.5192785,8.690359,4.514244
20002273590530,0.5186105,8.6905155,4.514018
20002278348551,0.5178119,8.690709,4.5137386
20002283106519,0.5171915,8.690879,4.513484
20002287864540,0.5168521,8.6910515,4.5131884
20002292622561,0.51682633,8.691135,4.5130296
20002297380530,0.51687086,8.69119,4.5129204
20002302138551,0.5171546,8.691254,4.5127664
20002306896571,0.51749176,8.691198,4.512834
20002311654540,0.5178485,8.691111,4.512962
20002316412561,0.51854527,8.690951,4.513187
20002321170582,0.5191909,8.69083,4.513346
20002325928603,0.51983094,8.690703,4.5135193
20002330686571,0.52034944,8.690628,4.5136023
20002335444592,0.52084875,8.690596,4.5136104
20002340202613,0.52073246,8.69064,4.513534
20002344960634,0.5201968,8.690651,4.5135765
20002349718603,0.51963043,8.690758,4.5134354
20002354476624,0.51884013,8.690848,4.5133514
20002359234644,0.5178685,8.690915,4.513334
20002363992665,0.51702493,8.690953,4.513358
20002368750634,0.5167446,8.69097,4.5133557
20002373508655,0.5167234,8.690903,4.51349
20002378266676,0.51690024,8.690871,4.51353
20002383024696,0.5174729,8.690779,4.513642
20002387782665,0.5181805,8.690678,4.5137577
20002392540686,0.51888406,8.69061,4.513807
20002397298707,0.5195101,8.690534,4.513881
20002402056676,0.5201055,8.690495,4.5138884
20002406814696,0.52053,8.690425,4.513973
20002411572717,0.5207297,8.690376,4.514045
20002416330738,0.52064264,8.690362,4.514081
20002421088707,0.52048796,8.690316,4.514188
20002425846728,0.52015,8.690314,4.5142283
20002430604749,0.5196415,8.690324,4.51427
20002435362769,0.51928663,8.690268,4.5144186
20002440120738,0.518979,8.690311,4.51437
20002444878759,0.51859045,8.690378,4.5142875
20002449636780,0.5184626,8.690487,4.5140905
20002454394749,0.51839143,8.690507,4.514062
20002459152769,0.5182122,8.690535,4.514028
20002463910790,0.5183218,8.690507,4.514068
20002468668811,0.51845706,8.690467,4.51413
20002473426780,0.5185048,8.690349,4.5143523
20002478184801,0.5187396,8.690261,4.514495
20002482942821,0.51886636,8.6901455,4.5147004
20002487700790,0.5187614,8.690064,4.51487
20002492458811,0.5185841,8.690001,4.515013
20002497216832,0.51861334,8.690022,4.5149674
20002501974853,0.51845986,8.69014,4.5147595
20002506732821,0.51817197,8.690316,4.514453
20002511490842,0.51813984,8.69054,4.5140247
20002516248863,0.5182547,8.690684,4.513736
20002521006884,0.51817495,8.690855,4.5134134
20002525764853,0.51823753,8.691013,4.5131035
20002530522874,0.5182072,8.691109,4.5129237
20002535280894,0.5181252,8.691187,4.512782
20002540038915,0.51791555,8.691175,4.5128274
20002544796884,0.5176676,8.6911745,4.512858
20002549554905,0.51750547,8.691156,4.5129128
20002554312926,0.5175001,8.691044,4.5131307
20002559070894,0.51754326,8.690997,4.513215
20002563828915,0.5176643,8.691004,4.5131893
20002568586936,0.51796347,8.690994,4.513171
20002573344957,0.5180195,8.690975,4.5132003
20002578102926,0.51795214,8.691003,4.5131564
20002582860946,0.5179211,8.691024,4.5131183
20002587618967,0.51769215,8.690959,4.513273
20002592376936,0.5175277,8.6909,4.5134034
20002597134957,0.5174746,8.690898,4.5134125
20002601892978,0.51746696,8.690943,4.5133276
20002606650999,0.5176115,8.691005,4.513192
20002611409019,0.51792854,8.691076,4.513017
20002616166988,0.51789075,8.691229,4.5127273
20002620925009,0.5177145,8.6913395,4.5125356
20002625683030,0.51766676,8.691482,4.512267
20002630440999,0.51744914,8.691619,4.5120277
20002635199019,0.5172325,8.691684,4.511929
20002639957040,0.5168208,8.691717,4.5119095
20002644715061,0.51636636,8.691707,4.5119815
20002649473030,0.51591325,8.691668,4.5121117
20002654231051,0.515706,8.691613,4.5122375
20002658989071,0.515734,8.691572,4.512315
20002663747092,0.5156827,8.691496,4.512469
20002668505061,0.5158922,8.691385,4.512657
20002673263082,0.5160779,8.691239,4.512916
20002678021103,0.51619494,8.691053,4.5132613
20002682779071,0.516479,8.690979,4.5133705
20002687537092,0.5169742,8.69085,4.5135617
20002692295113,0.51763713,8.690761,4.5136585
20002697053134,0.51835567,8.690683,4.5137258
20002701811103,0.51898813,8.690609,4.5137954
20002706569124,0.5194551,8.690596,4.5137687
20002711327144,0.5197068,8.6905985,4.513734
20002716085165,0.51965696,8.690623,4.513692
20002720843134,0.5195124,8.690673,4.513613
20002725601155,0.5190632,8.690799,4.5134225
20002730359176,0.51860803,8.690973,4.5131373
20002735117144,0.5182564,8.691147,4.5128455
20002739875165,0.5180078,8.691418,4.5123506
20002744633134,0.5178848,8.691729,4.5117664
20002749391207,0.51794535,8.691898,4.511431
20002754149176,0.51812714,8.691976,4.511263
20002758907196,0.51864195,8.691942,4.511268
20002763665217,0.51934206,8.691886,4.5112944
20002768423238,0.52033216,8.691768,4.5114107
20002773181207,0.52148527,8.69156,4.511675
20002777939228,0.52278346,8.6913185,4.51199
20002782697249,0.52399117,8.691051,4.5123677
20002787455217,0.5249594,8.690776,4.5127826
20002792213238,0.52602047,8.690537,4.51312
20002796971259,0.5268818,8.690329,4.5134225
20002801729280,0.5275211,8.690171,4.513649
20002806487249,0.52796257,8.690099,4.5137377
20002811245269,0.5283602,8.689998,4.513886
20002816003290,0.5287362,8.689895,4.5140395
20002820761311,0.5288163,8.6898985,4.514023
20002825519280,0.5287743,8.689931,4.5139656
20002830277301,0.5286942,8.68998,4.513881
20002835035321,0.5284842,8.690073,4.5137253
20002839793342,0.528247,8.690127,4.5136495
20002844551311,0.5281963,8.690083,4.513743
20002849309332,0.52800953,8.690096,4.5137377
20002854067353,0.52806056,8.69006,4.513801
20002858825374,0.5282389,8.690033,4.513832
20002863583342,0.5285409,8.689991,4.513876
20002868341363,0.528857,8.6900215,4.513783
20002873099384,0.52938306,8.690066,4.513632
20002877857353,0.52988434,8.690034,4.513636
20002882615374,0.5303652,8.689896,4.513845
20002887373394,0.53095746,8.689765,4.514029
20002892131415,0.5315687,8.689645,4.514188
20002896889384,0.5322331,8.689501,4.514388
20002901647405,0.53287613,8.689364,4.514574
20002906405426,0.5333942,8.689256,4.514719
20002911163446,0.53396183,8.689218,4.5147276
20002915921415,0.534557,8.689244,4.514606
20002920679436,0.5353048,8.689303,4.5144043
20002925437457,0.5361134,8.689328,4.514259
20002930195426,0.53680015,8.689385,4.514066
20002934953446,0.5371281,8.6894655,4.5138764
20002939711467,0.53731066,8.689583,4.5136275
20002944469488,0.53723055,8.689645,4.5135183
20002949227457,0.5369664,8.689746,4.513355
20002953985478,0.5367276,8.689811,4.5132575
20002958743499,0.5367654,8.689792,4.513291
20002963501519,0.5367411,8.689789,4.5133
20002968259488,0.5369776,8.689721,4.5134006
20002973017509,0.537298,8.689679,4.5134435
20002977775530,0.5374764,8.6896515,4.513476
20002982533551,0.5376283,8.68962,4.513519
20002987291519,0.53757894,8.689608,4.5135493
20002992049540,0.5375452,8.689537,4.5136886
20002996807561,0.53743565,8.689437,4.5138946
20003001565530,0.5372527,8.689406,4.5139747
20003006323551,0.5373908,8.689352,4.5140624
20003011081571,0.53786844,8.689233,4.514236
20003015839592,0.53866506,8.689132,4.5143337
20003020597561,0.53951734,8.689072,4.514349
20003025355582,0.5401462,8.689031,4.514351
20003030113603,0.54048026,8.689069,4.5142384
20003034871624,0.5407924,8.6892,4.513948
20003039629592,0.5406872,8.689343,4.513685
20003044387613,0.5405261,8.689526,4.5133533
20003049145634,0.5403751,8.689743,4.512954
20003053903603,0.5400118,8.689956,4.512588
20003058661624,0.5398211,8.690125,4.5122848
20003063419644,0.53961885,8.690246,4.5120773
20003068177665,0.53966683,8.690352,4.5118656
20003072935634,0.5396059,8.690329,4.511917
20003077693655,0.5395971,8.690312,4.5119505
20003082451676,0.53942037,8.690233,4.5121236
20003087209696,0.53950053,8.690103,4.512366
20003091967665,0.53960943,8.689968,4.5126114
20003096725686,0.5400749,8.689854,4.512776
20003101483707,0.54074264,8.689726,4.5129433
20003106241728,0.54176664,8.689583,4.5130944
20003110999696,0.5428714,8.689421,4.513275
20003115757717,0.54395205,8.689243,4.5134835
20003120515738,0.5449712,8.689044,4.513747
20003125273759,0.54573435,8.6889515,4.513833
20003130031728,0.5459204,8.688934,4.5138435
20003134789749,0.5456288,8.688913,4.51392
20003139547769,0.54492205,8.688865,4.514097
20003144305738,0.5441426,8.688886,4.5141506
20003149063759,0.5434311,8.688939,4.514136
20003153821780,0.5431769,8.6889925,4.514063
20003158579801,0.54323715,8.688964,4.514109
20003163337769,0.54345715,8.688855,4.5142927
20003168095790,0.5439436,8.688807,4.5143275
20003172853811,0.5448177,8.6886635,4.5144963
20003177611832,0.5456032,8.688622,4.5144844
20003182369801,0.54625183,8.688537,4.514569
20003187127821,0.5466544,8.688526,4.5145397
20003191885842,0.5471635,8.688532,4.5144663
20003196643811,0.5477803,8.688595,4.5142713
20003201401832,0.54847,8.688635,4.514109
20003206159853,0.54915774,8.688716,4.5138717
20003210917874,0.5495666,8.688803,4.5136538
20003215675842,0.54958385,8.688861,4.51354
20003220433863,0.54939526,8.68896,4.513372
20003225191884,0.548906,8.689066,4.5132275
20003229949905,0.54818785,8.689136,4.5131807
20003234707874,0.5473174,8.689214,4.513135
20003239465894,0.54671,8.689268,4.513106
20003244223915,0.5461509,8.689298,4.5131145
20003248981936,0.5457859,8.689253,4.5132456
20003253739905,0.54549575,8.689195,4.513393
20003258497926,0.5455574,8.6891165,4.5135365
20003263255946,0.54562724,8.689002,4.5137477
20003268013863,0.54557127,8.688967,4.5138235
20003272771936,0.545705,8.688905,4.513926
20003277529957,0.5457827,8.688823,4.514075
20003282287978,0.5459341,8.688731,4.5142336
20003287045946,0.54613006,8.68867,4.514327
20003291803967,0.54638314,8.688594,4.514442
20003296561988,0.5466225,8.688504,4.5145855
20003301320009,0.54688674,8.688466,4.5146284
20003306077978,0.5472606,8.688402,4.5147023
20003310835999,0.54745334,8.688396,4.5146923
20003315594019,0.547623,8.688411,4.5146427
20003320352040,0.5477865,8.688453,4.5145435
20003325110009,0.54787874,8.688569,4.5143085
20003329868030,0.5480041,8.688708,4.5140266
20003334626051,0.54827386,8.688848,4.5137253
20003339384019,0.54854274,8.688939,4.513516
20003344142040,0.548854,8.688958,4.513442
20003348900061,0.54909784,8.6890335,4.513267
20003353658082,0.54916465,8.689012,4.513298
20003358416051,0.54917955,8.688953,4.51341
20003363174071,0.5491967,8.688771,4.513761
20003367932092,0.5492464,8.688608,4.5140676
20003372690113,0.54914707,8.688511,4.514265
20003377448082,0.5490475,8.68849,4.5143194
20003382206103,0.5489981,8.688459,4.5143824
20003386964124,0.5488138,8.688482,4.5143642
20003391722144,0.5487051,8.688502,4.514339
20003396480113,0.54854643,8.688593,4.51418
20003401238082,0.5483464,8.688665,4.514066
20003405996155,0.548125,8.688831,4.5137744
20003410754124,0.5478191,8.688898,4.513684
20003415512144,0.54754925,8.689028,4.5134664
20003420270165,0.5475097,8.689193,4.513153
20003425028186,0.54750186,8.689357,4.51284
20003429786155,0.5476769,8.689479,4.5125837
20003434544176,0.54796714,8.689548,4.5124135
20003439302196,0.5484796,8.689568,4.5123143
20003444060217,0.5490113,8.689528,4.5123224
20003448818186,0.54938555,8.689358,4.512606
20003453576207,0.549327,8.6891365,4.5130424
20003458334228,0.54881305,8.689069,4.513233
20003463092249,0.5477506,8.689036,4.513426
20003467850217,0.54669225,8.688973,4.513676
20003472608238,0.54560816,8.688939,4.5138717
20003477366259,0.5449494,8.688968,4.513895
20003482124228,0.5450179,8.689008,4.513812
20003486882249,0.5455302,8.689079,4.5136094
20003491640269,0.54628193,8.689161,4.5133634
20003496398290,0.54684484,8.689276,4.5130734
20003501156259,0.5470362,8.689501,4.512618
20003505914280,0.54667383,8.689776,4.512133
20003510672301,0.54577893,8.689978,4.511851
20003515430321,0.544267,8.690097,4.511803
20003520188290,0.5427292,8.690173,4.5118413
20003524946311,0.5412384,8.690059,4.5122423
20003529704332,0.5403974,8.689774,4.512891
20003534462353,0.5400957,8.689474,4.5135036
20003539220321,0.54034364,8.689194,4.514014
20003543978342,0.54080534,8.688854,4.5146136
20003548736363,0.54119694,8.688534,4.5151834
20003553494332,0.5412499,8.688252,4.515718
20003558252353,0.5410322,8.688085,4.516066
20003563010374,0.54021287,8.688012,4.5163045
20003567768342,0.5389665,8.688026,4.516425
20003572526363,0.5374357,8.688121,4.516425
20003577284384,0.5359669,8.688215,4.5164194
20003582042405,0.53494173,8.688455,4.5160813
20003586800426,0.534369,8.688788,4.5155087
20003591558394,0.5343557,8.689094,4.51492
20003596316415,0.53473175,8.6892805,4.514516
20003601074436,0.5350377,8.689414,4.5142226
20003605832457,0.53552175,8.68953,4.5139413
20003610590426,0.53583634,8.689566,4.513836
20003615348446,0.5360597,8.689561,4.5138187
20003620106467,0.53596497,8.689575,4.5138
20003624864436,0.5355496,8.689629,4.513749
20003629622457,0.5346071,8.689775,4.513579
20003634380478,0.53323483,8.689862,4.513574
20003639138499,0.53178823,8.689767,4.513928
20003643896467,0.5303296,8.689525,4.5145645
20003648654488,0.5293503,8.689186,4.515332
20003653412509,0.52866304,8.689054,4.5156674
20003658170530,0.5285981,8.688715,4.5163264
20003662928499,0.5288734,8.68815,4.5173807
20003667686519,0.5288428,8.687835,4.5179887
20003672444540,0.52862734,8.687941,4.517812
20003677202561,0.5283144,8.688019,4.5176997
20003681960530,0.5278434,8.688014,4.5177627
20003686718551,0.5270194,8.688486,4.5169506
20003691476571,0.5264065,8.689322,4.5154133
20003696234540,0.52595377,8.689488,4.5151453
20003700992561,0.52573156,8.6895,4.5151505
20003705750582,0.5252347,8.69029,4.513687
20003710508603,0.5246324,8.691097,4.5122023
20003715266571,0.5239758,8.691231,4.512023
20003720024592,0.5234051,8.691639,4.5113025
20003724782613,0.52325857,8.692369,4.509911
20003729540634,0.52351224,8.692493,4.5096426
20003734298603,0.5237314,8.69218,4.5102234
20003739056624,0.5241407,8.692068,4.510391
20003743814644,0.52519596,8.692078,4.5102496
20003748572665,0.526871,8.691713,4.510755
20003753330634,0.5285219,8.691303,4.5113525
20003758088655,0.52927655,8.691215,4.5114355
20003762846676,0.52863,8.690866,4.512181
20003767604696,0.5266961,8.690366,4.513371
20003772362665,0.5238672,8.690097,4.5142207
20003777120686,0.52105993,8.68983,4.515056
20003781878707,0.51866204,8.689351,4.516255
20003786636676,0.5173809,8.688991,4.5170946
20003791394696,0.5173597,8.688859,4.5173492
20003796152717,0.5180463,8.688716,4.5175457
20003800910738,0.518988,8.688686,4.5174966
20003805668707,0.5196397,8.68897,4.516877
20003810426728,0.52039844,8.6890955,4.516547
20003815184749,0.52088314,8.68885,4.516962
20003819942769,0.5215724,8.688442,4.5176682
20003824700738,0.522472,8.688203,4.518024
20003829458759,0.52418447,8.687892,4.5184245
20003834216780,0.5263697,8.687228,4.519445
20003838974749,0.52970654,8.68691,4.5196676
20003843732769,0.5337808,8.687078,4.518864
20003848490790,0.538795,8.687041,4.518339
20003853248811,0.54460955,8.686956,4.517805
20003858006832,0.5508053,8.687231,4.5165267
20003862764801,0.55760354,8.68741,4.5153494
20003867522821,0.564647,8.687239,4.5148015
20003872280842,0.57180285,8.687044,4.5142775
20003877038811,0.5788521,8.686893,4.5136676
20003881796832,0.58522034,8.686355,4.5138826
20003886554853,0.59021467,8.685443,4.514988
20003891312874,0.59345514,8.684644,4.5161004
20003896070842,0.5947847,8.683882,4.5173907
20003900828863,0.59413224,8.6833,4.5185957
20003905586884,0.5920412,8.683189,4.5190797
20003910344905,0.5883243,8.683226,4.5194983
20003915102874,0.58413976,8.682935,4.5205984
20003919860894,0.58021986,8.682676,4.521599
20003924618915,0.57743216,8.682638,4.5220304
20003929376884,0.57621515,8.682329,4.522777
20003934134905,0.57595,8.6817665,4.523892
20003938892926,0.57523626,8.681371,4.5247407
20003943650894,0.57274586,8.681172,4.5254374
20003948408915,0.56794655,8.680926,4.526516
20003953166936,0.56097203,8.680816,4.527596
20003957924957,0.55251545,8.681068,4.5281525
20003962682926,0.54390246,8.681503,4.5283613
20003967440894,0.5356306,8.682016,4.5283637
20003972198967,0.52856046,8.682567,4.528141
20003976956988,0.5227704,8.683153,4.527687
20003981714957,0.51901835,8.683739,4.526995
20003986472978,0.5177948,8.684439,4.525794
20003991230999,0.5186976,8.685353,4.523933
20003995989019,0.5211585,8.686314,4.521808
20004000746988,0.5239913,8.687205,4.5197663
20004005505009,0.52602196,8.687919,4.518158
20004010263030,0.5269523,8.6886015,4.5167356
20004015021051,0.5271407,8.689273,4.5154214
20004019779019,0.52680504,8.689994,4.514076
20004024537040,0.52635473,8.690676,4.512815
20004029295061,0.52656746,8.69117,4.5118375
20004034053030,0.52873325,8.691468,4.5110097
20004038811051,0.53416675,8.691734,4.5098577
20004043569071,0.54261553,8.691632,4.509046
20004048327092,0.55277735,8.69125,4.5085483
20004053085061,0.5631527,8.69058,4.5085535
20004057843082,0.57198966,8.689716,4.509106
20004062601103,0.57868725,8.68872,4.5101733
20004067359124,0.5834757,8.687885,4.5111628
20004072117092,0.5864656,8.687342,4.5118203
20004076875113,0.58805716,8.687051,4.5121756
20004081633134,0.5892444,8.686713,4.5126724
20004086391155,0.590369,8.6863365,4.5132494
20004091149124,0.5921579,8.686034,4.513596
20004095907144,0.59407717,8.685852,4.513694
20004100665165,0.595646,8.68576,4.5136657
20004105423186,0.5962502,8.685794,4.51352
20004110181155,0.595282,8.686158,4.512948
20004114939176,0.5927518,8.686599,4.5124316
20004119697196,0.58894074,8.6871605,4.5118465
20004124455165,0.5842326,8.687867,4.511099
20004129213186,0.57915616,8.68859,4.5103636
20004133971207,0.57432395,8.689128,4.5099435
20004138729228,0.569981,8.689561,4.50966
20004143487196,0.5662399,8.689872,4.509532
20004148245217,0.5635586,8.690094,4.5094404
20004153003238,0.56149155,8.69022,4.509457
20004157761259,0.5599806,8.690414,4.509267
20004162519228,0.55877036,8.690571,4.5091166
20004167277249,0.55754596,8.6905155,4.509376
20004172035269,0.55660594,8.690327,4.5098557
20004176793238,0.55608124,8.690069,4.5104165
20004181551207,0.55592424,8.6897545,4.511041
20004186309280,0.5562404,8.689377,4.511732
20004191067301,0.55713195,8.68886,4.5126157
20004195825321,0.5582096,8.688347,4.51347
20004200583290,0.559642,8.687792,4.51436
20004205341311,0.5608573,8.687197,4.5153565
20004210099332,0.56186754,8.686686,4.516214
20004214857301,0.5625218,8.686211,4.517045
20004219615321,0.562782,8.685828,4.5177507
20004224373342,0.56294215,8.6855955,4.5181756
20004229131363,0.562981,8.685524,4.518308
20004233889332,0.563479,8.685514,4.518265
20004238647353,0.56462216,8.685567,4.518021
20004243405374,0.56635433,8.685723,4.5175023
20004248163394,0.568631,8.685962,4.516759
20004252921363,0.571428,8.686253,4.5158453
20004257679384,0.5743657,8.686589,4.514827
20004262437405,0.5772412,8.686951,4.5137644
20004267195374,0.5798528,8.687258,4.512839
20004271953394,0.5822676,8.687615,4.5118384
20004276711415,0.58448154,8.687934,4.5109396
20004281469436,0.58656377,8.688141,4.5102706
20004286227405,0.5886457,8.688365,4.509567
20004290985426,0.59046555,8.688443,4.509179
20004295743446,0.59181654,8.688398,4.5090876
20004300501467,0.5928373,8.688246,4.5092473
20004305259436,0.59332967,8.688019,4.509621
20004310017457,0.5931943,8.687736,4.510184
20004314775478,0.5924354,8.687365,4.5109982
20004319533499,0.59126604,8.687008,4.5118384
20004324291467,0.5895624,8.686797,4.512466
20004329049488,0.5878697,8.686642,4.512987
20004333807509,0.58654165,8.686606,4.513228
20004338565530,0.58545846,8.686625,4.513332
20004343323499,0.5847439,8.686714,4.5132546
20004348081519,0.584312,8.686816,4.5131135
20004352839540,0.58363754,8.686951,4.512942
20004357597509,0.5830138,8.687,4.512927
20004362355530,0.5824817,8.687111,4.512783
20004367113551,0.5819145,8.687238,4.5126133
20004371871571,0.58143646,8.687454,4.512255
20004376629540,0.58080953,8.6878,4.5116715
20004381387561,0.5802316,8.688079,4.5112076
20004386145582,0.5800217,8.688288,4.5108337
20004390903551,0.580013,8.68847,4.510484
20004395661571,0.5800957,8.688491,4.510434
20004400419592,0.5803008,8.688385,4.5106106
20004405177613,0.5808711,8.688012,4.511255
20004409935582,0.58155286,8.687423,4.512303
20004414693603,0.5824486,8.686711,4.5135565
20004419451624,0.58352536,8.686006,4.5147753
20004424209644,0.58476424,8.685264,4.5160427
20004428967613,0.5859091,8.684659,4.5170574
20004433725634,0.58669525,8.684153,4.517928
20004438483655,0.58683366,8.68379,4.5186067
20004443241676,0.5862822,8.683361,4.5195017
20004447999644,0.58544093,8.683003,4.5202975
20004452757665,0.5843744,8.682798,4.5208306
20004457515686,0.5837152,8.682698,4.52111
20004462273655,0.5835877,8.682752,4.521022
20004467031676,0.5843206,8.682963,4.520518
20004471789696,0.5858247,8.683301,4.519678
20004476547717,0.58801866,8.683691,4.5186434
20004481305686,0.59053063,8.683989,4.517743
20004486063707,0.59281415,8.684225,4.5169907
20004490821728,0.5945927,8.684455,4.516315
20004495579749,0.59561247,8.684581,4.5159373
20004500337717,0.5960068,8.684669,4.515717
20004505095738,0.5961375,8.684758,4.515528
20004509853759,0.59620196,8.684863,4.5153165
20004514611728,0.59662277,8.684925,4.515142
20004519369749,0.5973436,8.684923,4.5150495
20004524127769,0.5986002,8.684838,4.5150466
20004528885790,0.599889,8.684765,4.5150166
20004533643759,0.6012931,8.684652,4.5150466
20004538401780,0.6023438,8.684572,4.515061
20004543159801,0.6029109,8.6844425,4.5152354
20004547917821,0.602919,8.684383,4.5153475
20004552675738,0.6028085,8.684287,4.515547
20004557433811,0.60278857,8.684258,4.515605
20004562191832,0.6029797,8.684215,4.515664
20004566949853,0.6035191,8.684148,4.5157204
20004571707821,0.60437626,8.684159,4.515583
20004576465842,0.6053356,8.684209,4.5153613
20004581223863,0.6060161,8.684205,4.515276
20004585981832,0.60650605,8.684147,4.5153203
20004590739853,0.6066273,8.684145,4.51531
20004595497874,0.6064556,8.684191,4.515244
20004600255894,0.6058236,8.684238,4.5152373
20004605013863,0.60515225,8.684344,4.515124
20004609771884,0.60452044,8.684491,4.514927
20004614529905,0.60408187,8.684549,4.5148735
20004619287926,0.6037481,8.684529,4.5149555
20004624045894,0.60383147,8.684537,4.51493
20004628803915,0.60435236,8.6844635,4.5150027
20004633561936,0.6050382,8.684385,4.5150604
20004638319905,0.6056398,8.684383,4.5149827
20004643077926,0.60617584,8.684434,4.514814
20004647835946,0.60676754,8.684454,4.5146956
20004652593967,0.6075396,8.684473,4.514556
20004657351936,0.60827434,8.684557,4.5142946
20004662109957,0.60900897,8.684661,4.513996
20004666867978,0.61013955,8.684752,4.513668
20004671625999,0.61118144,8.684747,4.513537
20004676383967,0.6119309,8.68479,4.5133533
20004681141988,0.61269945,8.684659,4.513499
20004685900009,0.61344016,8.684473,4.513758
20004690657978,0.61395377,8.684387,4.5138526
20004695415999,0.614262,8.684335,4.513912
20004700174019,0.6143855,8.684275,4.514012
20004704931988,0.61440784,8.684179,4.514193
20004709690009,0.6142705,8.684189,4.51419
20004714448030,0.6138869,8.6842165,4.5141907
20004719206051,0.613342,8.684197,4.514302
20004723964019,0.6125568,8.684271,4.514267
20004728722040,0.6116506,8.684364,4.51421
20004733480061,0.61050355,8.684403,4.514291
20004738238082,0.60922396,8.684456,4.514361
20004742996051,0.6078156,8.684677,4.5141287
20004747754071,0.60627943,8.684871,4.5139594
20004752512092,0.6045892,8.685092,4.5137606
20004757270113,0.602807,8.685311,4.5135765
20004762028082,0.60074574,8.685595,4.5133066
20004766786103,0.59862614,8.685814,4.5131674
20004771544124,0.5964161,8.686108,4.512894
20004776302144,0.59411716,8.686283,4.5128584
20004781060113,0.5920833,8.686471,4.5127635
20004785818082,0.5903822,8.686681,4.5125847
20004790576155,0.58874494,8.686834,4.512502
20004795334124,0.5874581,8.686995,4.512359
20004800092144,0.5860128,8.687168,4.5122166
20004804850165,0.5842605,8.687285,4.5122166
20004809608186,0.582654,8.687456,4.512095
20004814366155,0.5810255,8.687517,4.5121875
20004819124176,0.57939655,8.687505,4.5124216
20004823882196,0.5780592,8.687378,4.5128374
20004828640217,0.5769006,8.687307,4.5131216
20004833398186,0.57599753,8.687205,4.5134344
20004838156207,0.57517254,8.687163,4.5136194
20004842914228,0.5742768,8.687125,4.5138054
20004847672196,0.57302475,8.687194,4.513833
20004852430217,0.5714927,8.687293,4.513836
20004857188238,0.5698085,8.687457,4.5137343
20004861946259,0.5681365,8.687663,4.5135493
20004866704228,0.56657034,8.687834,4.5134172
20004871462249,0.56524706,8.688016,4.5132313
20004876220269,0.5642126,8.688198,4.5130105
20004880978290,0.5635725,8.68841,4.512683
20004885736259,0.5631989,8.688511,4.5125346
20004890494280,0.5628928,8.688609,4.512383
20004895252301,0.5624877,8.688661,4.512335
20004900010269,0.56192297,8.688713,4.5123053
20004904768290,0.56113327,8.688702,4.5124245
20004909526311,0.56006795,8.6886425,4.512672
20004914284332,0.5590975,8.688463,4.513138
20004919042301,0.55810523,8.688265,4.51364
20004923800321,0.5573092,8.688057,4.5141406
20004928558342,0.5564044,8.687808,4.51473
20004933316363,0.555582,8.687524,4.515381
20004938074332,0.55470157,8.6873045,4.5159106
20004942832353,0.55364966,8.6871605,4.516315
20004947590374,0.5524534,8.687072,4.5166326
20004952348342,0.5511968,8.687146,4.5166435
20004957106363,0.54960215,8.687268,4.516601
20004961864384,0.5476905,8.687428,4.5165253
20004966622405,0.54594165,8.687605,4.516398
20004971380374,0.54405,8.687908,4.516044
20004976138394,0.54230523,8.6881695,4.5157504
20004980896415,0.54067516,8.688421,4.5154624
20004985654332,0.53895175,8.688804,4.5149317
20004990412405,0.53773427,8.689044,4.5146155
20004995170426,0.5370188,8.689168,4.5144596
20004999928446,0.5364185,8.689206,4.514459
20005004686415,0.5361454,8.689118,4.5146604
20005009444436,0.5362356,8.68898,4.5149164
20005014202457,0.53638184,8.688832,4.5151834
20005018960478,0.5364958,8.688608,4.5155997
20005023718446,0.53647053,8.688377,4.5160475
20005028476467,0.5362196,8.688208,4.5164046
20005033234436,0.5356507,8.688081,4.5167155
20005037992509,0.5347702,8.688019,4.5169373
20005042750478,0.5336233,8.687991,4.517129
20005047508499,0.532441,8.687903,4.517435
20005052266519,0.53123546,8.687867,4.517649
20005057024488,0.5300159,8.687933,4.517663
20005061782509,0.5289313,8.688012,4.5176396
20005066540530,0.5279592,8.688159,4.517471
20005071298551,0.52700216,8.688406,4.5171065
20005076056519,0.5260525,8.688776,4.5165052
20005080814540,0.5249862,8.689215,4.515786
20005085572561,0.52364284,8.689702,4.515003
20005090330530,0.5220815,8.690178,4.5142703
20005095088551,0.52019584,8.690664,4.51355
20005099846571,0.51809704,8.691118,4.512918
20005104604592,0.51580995,8.69156,4.512327
20005109362561,0.51346546,8.691834,4.5120664
20005114120582,0.51103014,8.692064,4.5119004
20005118878603,0.50898176,8.692217,4.5118394
20005123636624,0.50712806,8.692201,4.5120783
20005128394592,0.50547427,8.691959,4.51273
20005133152613,0.50416553,8.6916895,4.513396
20005137910634,0.50307405,8.691307,4.514253
20005142668603,0.5018128,8.690966,4.515052
20005147426624,0.5001348,8.6905985,4.5159445
20005152184644,0.49782923,8.69031,4.5167556
20005156942665,0.49495235,8.690108,4.5174584
20005161700634,0.49163848,8.689943,4.518135
20005166458655,0.4881394,8.6899605,4.5184836
20005171216676,0.48431155,8.690128,4.5185738
20005175974696,0.48055187,8.690409,4.518434
20005180732665,0.47693732,8.69073,4.518201
20005185490686,0.47358122,8.691079,4.517881
20005190248707,0.47054762,8.69142,4.5175424
20005195006728,0.4679276,8.691763,4.5171556
20005199764696,0.46514082,8.691968,4.517047
20005204522717,0.4626427,8.692124,4.5170045
20005209280738,0.46049595,8.692285,4.5169153
20005214038707,0.45876512,8.692397,4.5168734
20005218796728,0.45758697,8.692455,4.516881
20005223554749,0.45664153,8.69242,4.517046
20005228312769,0.45593596,8.692452,4.517055
20005233070738,0.45541617,8.692587,4.5168476
20005237828759,0.45494077,8.692658,4.516758
20005242586780,0.45435217,8.6927395,4.5166616
20005247344749,0.45348665,8.692741,4.516744
20005252102769,0.45239267,8.692665,4.5170007
20005256860790,0.45131657,8.692554,4.517321
20005261618811,0.45002443,8.692533,4.5174913
20005266376780,0.4487396,8.6924925,4.517697
20005271134801,0.44735593,8.692443,4.5179305
20005275892821,0.44604018,8.692389,4.518167
20005280650842,0.44475898,8.6924515,4.518171
20005285408811,0.4435565,8.692556,4.5180883
20005290166832,0.4426124,8.692649,4.518001
20005294924853,0.44178918,8.692768,4.517852
20005299682821,0.4410259,8.69299,4.517501
20005304440842,0.440301,8.693114,4.5173316
20005309198863,0.43956652,8.693234,4.5171714
20005313956884,0.43875316,8.693373,4.516985
20005318714853,0.4380086,8.69354,4.5167356
20005323472874,0.4373716,8.69372,4.5164523
20005328230894,0.4368118,8.693825,4.5163045
20005332988863,0.4362653,8.693841,4.5163264
20005337746884,0.43588594,8.693832,4.516379
20005342504905,0.43514296,8.693739,4.5166297
20005347262926,0.4343514,8.6936655,4.516847
20005352020894,0.4334124,8.693509,4.5172386
20005356778915,0.4325012,8.693313,4.5177016
20005361536936,0.43129504,8.693168,4.518098
20005366294957,0.43009928,8.693009,4.518517
20005371052926,0.42876926,8.692868,4.5189133
20005375810946,0.42758462,8.692816,4.5191255
20005380568967,0.426707,8.692838,4.519168
20005385326936,0.42609298,8.692848,4.519205
20005390084957,0.42547593,8.692913,4.5191407
20005394842978,0.42513192,8.692929,4.5191407
20005399600999,0.424437,8.692992,4.5190864
20005404358967,0.4238537,8.692989,4.519145
20005409116988,0.42325932,8.692967,4.5192413
20005413875009,0.4226568,8.692983,4.51927
20005418632978,0.42209154,8.69298,4.519328
20005423390999,0.42157364,8.692936,4.519461
20005428149019,0.42092758,8.692836,4.5197134
20005432907040,0.42061222,8.692762,4.519884
20005437664957,0.42053038,8.69271,4.519991
20005442423030,0.42028016,8.692641,4.5201483
20005447181051,0.42003417,8.6926565,4.5201406
20005451939019,0.41977677,8.692729,4.5200257
20005456697040,0.419697,8.692831,4.519836
20005461455061,0.41932783,8.692966,4.519611
20005466213082,0.41866216,8.693142,4.519337
20005470971051,0.41777915,8.693334,4.5190473
20005475729071,0.4165749,8.6935425,4.5187583
20005480487092,0.41527197,8.693802,4.5183783
20005485245113,0.413995,8.694042,4.518032
20005490003082,0.41273436,8.694384,4.517492
20005494761103,0.4119902,8.694667,4.5170145
20005499519124,0.41164953,8.694913,4.516573
20005504277040,0.41160464,8.695048,4.516315
20005509035113,0.411611,8.695111,4.516191
20005513793134,0.4113456,8.69511,4.516218
20005518551155,0.4106232,8.695103,4.5162992
20005523309124,0.40946665,8.695174,4.516268
20005528067144,0.40814042,8.695254,4.516233
20005532825165,0.4067637,8.695384,4.516107
20005537583134,0.4051397,8.695596,4.515846
20005542341155,0.40358007,8.6958,4.5155926
20005547099176,0.40185523,8.695984,4.515393
20005551857196,0.39978772,8.696187,4.5151863
20005556615165,0.39739197,8.6963625,4.515059
20005561373186,0.39490277,8.696416,4.5151734
20005566131207,0.3923358,8.696471,4.51529
20005570889176,0.38980335,8.696505,4.515446
20005575647196,0.3874301,8.696438,4.5157795
20005580405217,0.3853858,8.696284,4.5162487
20005585163238,0.38362706,8.696255,4.516455
20005589921207,0.38207203,8.696242,4.5166116
20005594679228,0.38037282,8.696267,4.5167084
20005599437249,0.3787939,8.696328,4.5167212
20005604195269,0.37717277,8.696359,4.5167994
20005608953238,0.37561688,8.696496,4.516664
20005613711259,0.3744275,8.696565,4.5166287
20005618469280,0.37345415,8.69663,4.516588
20005623227249,0.37307936,8.696624,4.5166287
20005627985269,0.37291533,8.69661,4.5166674
20005632743290,0.37330467,8.696506,4.516836
20005637501311,0.37371808,8.696371,4.5170627
20005642259280,0.37428975,8.696219,4.5173073
20005647017301,0.37480456,8.69606,4.51757
20005651775321,0.37517115,8.695827,4.51799
20005656533290,0.3755626,8.695591,4.518412
20005661291311,0.37598848,8.695298,4.51894
20005666049332,0.37663153,8.695067,4.519328
20005670807353,0.37740964,8.694906,4.5195737
20005675565321,0.37817,8.69489,4.519543
20005680323342,0.3788862,8.694973,4.519322
20005685081363,0.3794095,8.695139,4.51896
20005689839332,0.37963012,8.695217,4.518791
20005694597353,0.37953866,8.69543,4.5183873
20005699355374,0.3791388,8.695638,4.518021
20005704113394,0.37859422,8.695797,4.517761
20005708871363,0.37806836,8.695828,4.517746
20005713629384,0.37752715,8.695905,4.517645
20005718387405,0.37728712,8.695838,4.5177903
20005723145426,0.37736967,8.695663,4.51812
20005727903394,0.37759382,8.695396,4.5186157
20005732661415,0.3779866,8.695132,4.519091
20005737419436,0.37843865,8.69491,4.51948
20005742177405,0.37892583,8.69478,4.519689
20005746935426,0.37949905,8.694697,4.5198016
20005751693446,0.38016412,8.694656,4.519824
20005756451467,0.3810173,8.694645,4.5197744
20005761209436,0.3819492,8.694679,4.5196285
20005765967457,0.38293955,8.694725,4.519458
20005770725426,0.38385385,8.694817,4.5192027
20005775483394,0.38472506,8.694952,4.51887
20005780241467,0.38551298,8.695137,4.518447
20005784999488,0.38631257,8.695378,4.5179143
20005789757509,0.3872296,8.695662,4.51729
20005794515478,0.38824528,8.695913,4.5167193
20005799273499,0.38941503,8.6961565,4.516151
20005804031467,0.3908056,8.696371,4.515616
20005808789488,0.39237908,8.696473,4.5152826
20005813547509,0.39404812,8.696421,4.5152383
20005818305530,0.39559802,8.696378,4.5151863
20005823063551,0.39683276,8.696252,4.5153193
20005827821519,0.3977021,8.696253,4.5152416
20005832579540,0.39849916,8.696278,4.515125
20005837337561,0.39877856,8.696328,4.5150013
20005842095530,0.39873296,8.696415,4.5148387
20005846853551,0.39840952,8.696581,4.514545
20005851611571,0.39815617,8.696654,4.5144277
20005856369592,0.39797786,8.696603,4.5145416
20005861127561,0.397986,8.696567,4.5146103
20005865885582,0.3984538,8.696499,4.5147023
20005870643603,0.39919376,8.6964035,4.5148206
20005875401571,0.3999715,8.696365,4.514823
20005880159592,0.40070096,8.69632,4.5148463
20005884917613,0.40118584,8.696182,4.5150685
20005889675634,0.4011183,8.695947,4.515529
20005894433603,0.40071192,8.695742,4.5159597
20005899191624,0.4001623,8.695557,4.5163646
20005903949644,0.39972758,8.695439,4.5166273
20005908707665,0.3994598,8.695345,4.516835
20005913465634,0.39950392,8.6952095,4.5170918
20005918223655,0.39981622,8.695166,4.5171485
20005922981676,0.40055794,8.695116,4.5171776
20005927739644,0.40147063,8.695028,4.5172653
20005932497665,0.4024225,8.694956,4.5173206
20005937255686,0.40357727,8.694864,4.517395
20005942013655,0.4045367,8.69476,4.5175076
20005946771676,0.40562475,8.694658,4.517604
20005951529696,0.40699932,8.69457,4.517654
20005956287717,0.4086231,8.694542,4.5175614
20005961045686,0.4104032,8.694475,4.517527
20005965803707,0.41222212,8.694408,4.517492
20005970561728,0.41380367,8.69432,4.5175176
20005975319749,0.41495413,8.694242,4.5175624
20005980077717,0.41562358,8.694183,4.517613
20005984835738,0.4155751,8.694182,4.5176187
20005989593759,0.41507354,8.694163,4.5176997
20005994351728,0.41439426,8.694088,4.5179086
20005999109749,0.41382998,8.693981,4.518165
20006003867769,0.41339865,8.69392,4.5183234
20006008625738,0.41318628,8.693851,4.518476
20006013383759,0.41310644,8.693801,4.5185785
20006018141780,0.41313192,8.69375,4.5186744
20006022899801,0.41336128,8.693723,4.5187044
20006027657769,0.41336703,8.69376,4.518635
20006032415790,0.41319337,8.693827,4.518522
20006037173811,0.41269892,8.693974,4.5182834
20006041931780,0.41229185,8.694142,4.517997
20006046689801,0.4117966,8.694226,4.51788
20006051447821,0.4114624,8.694223,4.517916
20006056205842,0.41144043,8.694214,4.517937
20006060963811,0.41196358,8.694179,4.5179577
20006065721832,0.41263533,8.694113,4.5180216
20006070479853,0.41359937,8.694005,4.518141
20006075237874,0.4144679,8.693807,4.5184436
20006079995842,0.41518795,8.693625,4.518727
20006084753863,0.41564134,8.693552,4.518826
20006089511884,0.41574124,8.693517,4.5188856
20006094269853,0.41524374,8.693545,4.518874
20006099027874,0.4147244,8.693658,4.5187078
20006103785894,0.41441408,8.693777,4.518506
20006108543863,0.41417304,8.693858,4.5183716
20006113301884,0.4143261,8.69392,4.51824
20006118059905,0.41485646,8.693862,4.5183015
20006122817926,0.41594157,8.693784,4.518351
20006127575894,0.41707256,8.693656,4.5184946
20006132333915,0.41803923,8.693588,4.518533
20006137091936,0.41895348,8.693602,4.518424
20006141849957,0.41955987,8.693572,4.518426
20006146607926,0.42009562,8.693499,4.518517
20006151365946,0.4207736,8.693367,4.5187063
20006156123967,0.42167443,8.693224,4.518898
20006160881936,0.42301717,8.693072,4.519064
20006165639957,0.42449698,8.693003,4.5190597
20006170397978,0.4261259,8.69292,4.519065
20006175155946,0.42765412,8.6929245,4.5189123
20006179913967,0.42905003,8.692862,4.518902
20006184671988,0.4303624,8.692832,4.518833
20006189430009,0.4317758,8.692854,4.5186563
20006194187978,0.43298167,8.692828,4.5185876
20006198945999,0.4343572,8.692704,4.5186973
20006203704019,0.4356074,8.692538,4.5188947
20006208462040,0.43706924,8.692373,4.519069
20006213220009,0.43873388,8.692363,4.5189295
20006217978030,0.44045174,8.692362,4.518765
20006222736051,0.44173497,8.692468,4.518435
20006227494019,0.44248033,8.692575,4.518156
20006232252040,0.44250944,8.692733,4.5178504
20006237010061,0.44190148,8.692979,4.517436
20006241768030,0.44087952,8.693233,4.5170493
20006246526051,0.43955356,8.693503,4.5166574
20006251284071,0.43826166,8.693854,4.516106
20006256042092,0.43724993,8.6941395,4.515655
20006260800061,0.4368214,8.694355,4.5152807
20006265558082,0.43705323,8.694462,4.515053
20006270316103,0.4378662,8.694474,4.5149517
20006275074071,0.43906832,8.694471,4.5148406
20006279832092,0.440877,8.694318,4.5149574
20006284590061,0.4427669,8.694109,4.515175
20006289348134,0.4447263,8.693872,4.5154395
20006294106103,0.44650152,8.693607,4.515774
20006298864124,0.44796842,8.693298,4.516225
20006303622144,0.4492917,8.693015,4.516636
20006308380113,0.45034477,8.692819,4.516909
20006313138134,0.45105255,8.692702,4.517064
20006317896155,0.45187733,8.6925335,4.517306
20006322654124,0.4526175,8.692461,4.5173717
20006327412144,0.4531853,8.692442,4.517353
20006332170165,0.45367715,8.692417,4.5173497
20006336928186,0.45394,8.692362,4.5174303
20006341686155,0.45433262,8.692316,4.517478
20006346444176,0.45478886,8.6923275,4.5174117
20006351202196,0.45517296,8.692312,4.5174007
20006355960165,0.45564428,8.692236,4.517501
20006360718186,0.4561474,8.692128,4.5176573
20006365476207,0.4566573,8.69201,4.517833
20006370234228,0.4573591,8.691888,4.517997
20006374992196,0.45826092,8.691698,4.5182695
20006379750217,0.45937145,8.691517,4.5185084
20006384508238,0.4604761,8.69141,4.5185995
20006389266207,0.4614152,8.691359,4.518603
20006394024228,0.4620195,8.691371,4.5185184
20006398782249,0.46252578,8.69137,4.5184684
20006403540269,0.46255553,8.691447,4.5183163
20006408298238,0.46222234,8.691485,4.5182753
20006413056259,0.4617123,8.691624,4.518061
20006417814280,0.46126217,8.691724,4.5179143
20006422572249,0.4607048,8.691853,4.5177255
20006427330269,0.46013674,8.69199,4.517516
20006432088238,0.45958403,8.692105,4.5173526
20006436846311,0.459092,8.692163,4.5172915
20006441604280,0.45872596,8.6922,4.517258
20006446362301,0.45843253,8.692195,4.5172963
20006451120321,0.45819357,8.692151,4.517406
20006455878290,0.45828807,8.691947,4.517788
20006460636311,0.45865723,8.691789,4.518057
20006465394332,0.4588977,8.691715,4.5181727
20006470152301,0.4592178,8.691643,4.51828
20006474910321,0.45990303,8.691514,4.5184593
20006479668342,0.4607974,8.6913595,4.518663
20006484426363,0.46172932,8.691185,4.518905
20006489184332,0.46236566,8.691043,4.519112
20006493942353,0.46309894,8.690998,4.5191255
20006498700374,0.4638129,8.690973,4.5190988
20006503458342,0.4644893,8.690894,4.5191813
20006508216363,0.46511292,8.690839,4.5192223
20006512974384,0.46544716,8.690756,4.51935
20006517732405,0.465825,8.690684,4.5194488
20006522490374,0.46589476,8.690694,4.5194216
20006527248394,0.46585467,8.690695,4.519423
20006532006415,0.46566477,8.6907015,4.519429
20006536764384,0.4656232,8.690729,4.5193806
20006541522405,0.46539515,8.690816,4.519239
20006546280426,0.46505833,8.690861,4.519187
20006551038446,0.46496895,8.69084,4.5192347
20006555796415,0.46494958,8.690788,4.5193367
20006560554436,0.4649684,8.690737,4.5194354
20006565312457,0.4650297,8.690755,4.519394
20006570070426,0.46521178,8.690886,4.5191245
20006574828446,0.46559027,8.690872,4.519109
20006579586467,0.46610487,8.690791,4.5192122
20006584344488,0.4669127,8.690628,4.5194426
20006589102457,0.467684,8.690538,4.5195365
20006593860478,0.4680478,8.690341,4.5198774
20006598618499,0.46805504,8.690062,4.520413
20006603376467,0.46769044,8.689928,4.5207067
20006608134488,0.46704584,8.689853,4.5209193
20006612892509,0.46621984,8.689773,4.5211573
20006617650530,0.4655184,8.689889,4.5210075
20006622408499,0.46545908,8.690153,4.5205054
20006627166519,0.4658921,8.690375,4.5200334
20006631924540,0.4670164,8.690504,4.5196695
20006636682509,0.46842432,8.690746,4.5190587
20006641440530,0.46985793,8.69117,4.5180955
20006646198551,0.47113994,8.6918,4.5167513
20006650956571,0.4716538,8.692097,4.5161257
20006655714540,0.47164834,8.69195,4.516409
20006660472561,0.4708695,8.692381,4.515659
20006665230582,0.46992725,8.694108,4.512432
20006669988551,0.46935785,8.696019,4.5088058
20006674746571,0.46928582,8.696852,4.50721
20006679504592,0.46997026,8.696533,4.5077515
20006684262561,0.4713083,8.695328,4.5099373
20006689020582,0.47290602,8.693861,4.512595
20006693778603,0.47401303,8.694211,4.511806
20006698536624,0.47501335,8.695716,4.508799
20006703294540,0.47576633,8.696496,4.5072145
20006708052613,0.47637433,8.695949,4.508209
20006712810634,0.47720087,8.697016,4.5060606
20006717568603,0.47773063,8.697788,4.5045147
20006722326624,0.47710985,8.696228,4.5075917
20006727084644,0.47597805,8.695415,4.5092783
20006731842665,0.4746391,8.696728,4.506886
20006736600634,0.47390386,8.697568,4.5053444
20006741358655,0.47403747,8.697949,4.5045934
20006746116676,0.47556615,8.69974,4.500972
20006750874644,0.47688732,8.701803,4.496842
20006755632665,0.47841883,8.70353,4.4933343
20006760390686,0.47820663,8.705201,4.4901223
20006765148707,0.4784602,8.705314,4.489874
20006769906676,0.47593823,8.707502,4.4858975
20006774664696,0.4757523,8.71133,4.478479
20006779422665,0.47209066,8.7155905,4.470572
20006784180686,0.4720348,8.713302,4.475036
20006788938707,0.4698068,8.716931,4.468197
20006793696728,0.47120133,8.721701,4.4587345
20006798454696,0.47185215,8.721335,4.459378
20006803212717,0.47362238,8.721215,4.4594254
20006807970738,0.4762569,8.725082,4.451573
20006812728759,0.47870767,8.727473,4.4466205
20006817486728,0.48266453,8.725831,4.4494143
20006822244749,0.4863126,8.726124,4.448445
20006827002769,0.48982888,8.728358,4.4436707
20006831760738,0.4931736,8.728188,4.443638
20006836518759,0.49505767,8.727378,4.445018
20006841276780,0.4963187,8.728791,4.442102
20006846034749,0.49551246,8.730461,4.438909
20006850792769,0.49372876,8.7297535,4.4405
20006855550790,0.491754,8.729461,4.4412932
20006860308811,0.4905022,8.730512,4.439365
20006865066780,0.49027228,8.730316,4.4397745
20006869824801,0.49110907,8.729107,4.4420614
20006874582821,0.49346942,8.72894,4.442125
20006879340842,0.496572,8.729394,4.4408884
20006884098811,0.49962917,8.728769,4.4417734
20006888856832,0.50186247,8.728306,4.4424305
20006893614853,0.50268155,8.728308,4.442335
20006898372821,0.5021154,8.728316,4.4423833
20006903130842,0.50039965,8.727795,4.443601
20006907888863,0.4978917,8.727367,4.444721
20006912646832,0.4955458,8.727416,4.4448886
20006917404853,0.49315584,8.727231,4.445516
20006922162874,0.49114063,8.726227,4.4477124
20006926920894,0.48956737,8.725368,4.44957
20006931678863,0.48885122,8.724798,4.4507623
20006936436884,0.48858038,8.723854,4.4526443
20006941194905,0.4883037,8.722906,4.454531
20006945952874,0.4880243,8.722225,4.455897
20006950710894,0.48735845,8.721746,4.4569054
20006955468915,0.4866403,8.721001,4.4584427
20006960226936,0.48616874,8.720962,4.4585695
20006964984905,0.48741114,8.720665,4.459016
20006969742926,0.4918885,8.718811,4.4621496
20006974500946,0.4993705,8.716126,4.4665627
20006979258915,0.5095743,8.71536,4.4669027
20006984016936,0.51841223,8.715438,4.465733
20006988774957,0.5248442,8.714433,4.466945
20006993532978,0.5271856,8.713489,4.4685116
20006998290946,0.52786607,8.71394,4.4675503
20007003048967,0.52873623,8.714635,4.4660916
20007007806988,0.5299287,8.714215,4.4667673
20007012564957,0.53287697,8.71478,4.4653144
20007017322926,0.53533334,8.716658,4.461356
20007022080999,0.53902966,8.718481,4.457343
20007026838967,0.5398048,8.723955,4.446526
20007031596988,0.53969395,8.734015,4.4267464
20007036355009,0.5363611,8.740442,4.4144506
20007041112978,0.5370133,8.743657,4.4080005
20007045870999,0.5398928,8.74817,4.398685
20007050629019,0.5450899,8.758237,4.3779616
20007055386988,0.5496052,8.766935,4.3599486
20007060145009,0.55442584,8.768514,4.3561635
20007064903030,0.5637302,8.766226,4.3595753
20007069661051,0.57450956,8.764879,4.3608756
20007074419071,0.5853411,8.764562,4.3600717
20007079177040,0.59186983,8.765299,4.357707
20007083935061,0.59035337,8.767944,4.352587
20007088693082,0.5854525,8.768454,4.3522243
20007093451051,0.58532804,8.768276,4.3525987
20007098209071,0.58970445,8.768124,4.3523164
20007102967092,0.59538466,8.768259,4.351268
20007107725061,0.59976923,8.768267,4.35065
20007112483082,0.60192865,8.768152,4.350582
20007117241103,0.6013901,8.768662,4.3496304
20007121999124,0.59904724,8.769622,4.3480177
20007126757092,0.59636533,8.76983,4.3479676
20007131515113,0.5940826,8.769633,4.3486767
20007136273134,0.59112024,8.770235,4.347865
20007141031103,0.5871483,8.770892,4.3470774
20007145789071,0.58244413,8.77096,4.3475766
20007150547144,0.57836205,8.771279,4.347474
20007155305165,0.5761324,8.772148,4.346019
20007160063134,0.57542914,8.772615,4.345167
20007164821155,0.57522976,8.772657,4.3451114
20007169579124,0.57362425,8.773177,4.3442726
20007174337144,0.56960636,8.774109,4.34292
20007179095165,0.56390566,8.774765,4.3423376
20007183853186,0.5580796,8.775096,4.3424215
20007188611207,0.5542465,8.7752495,4.3426027
20007193369176,0.55353814,8.7751465,4.3429017
20007198127196,0.5547956,8.774884,4.343269
20007202885217,0.55545443,8.774945,4.343064
20007207643186,0.55394024,8.775441,4.342254
20007212401207,0.5501841,8.775873,4.3418574
20007217159228,0.54464376,8.776281,4.341729
20007221917196,0.5389064,8.776738,4.341525
20007226675217,0.5349464,8.777079,4.341325
20007231433238,0.533729,8.777372,4.3408823
20007236191259,0.5340734,8.777834,4.3399067
20007240949228,0.5341404,8.778608,4.3383317
20007245707249,0.53273034,8.779456,4.3367887
20007250465269,0.5291292,8.780209,4.3357077
20007255223238,0.52367055,8.781005,4.334757
20007259981259,0.5172846,8.781815,4.333884
20007264739280,0.5111266,8.782493,4.333238
20007269497301,0.5060711,8.783025,4.3327537
20007274255269,0.50244504,8.7835455,4.33212
20007279013290,0.49988374,8.784163,4.331161
20007283771311,0.4974682,8.78483,4.3300877
20007288529280,0.49429548,8.785578,4.328934
20007293287301,0.48999068,8.786467,4.3276196
20007298045321,0.48457983,8.787493,4.3261447
20007302803290,0.47858506,8.788534,4.3246965
20007307561311,0.47258905,8.789575,4.3232417
20007312319332,0.4669196,8.790682,4.321607
20007317077353,0.4616916,8.791769,4.3199587
20007321835321,0.45694277,8.792804,4.3183546
20007326593342,0.45276493,8.793772,4.316825
20007331351363,0.44920632,8.794641,4.315425
20007336109332,0.44522414,8.795456,4.314176
20007340867353,0.44015047,8.79612,4.3133426
20007345625374,0.43397593,8.796765,4.312654
20007350383394,0.42706907,8.797499,4.311846
20007355141363,0.42058405,8.798194,4.3110666
20007359899332,0.41535768,8.798798,4.3103395
20007364657405,0.41198987,8.799536,4.3091545
20007369415374,0.41044238,8.800389,4.3075595
20007374173394,0.4099879,8.801141,4.3060694
20007378931415,0.40962407,8.801883,4.304583
20007383689436,0.4083825,8.802733,4.302964
20007388447405,0.4054754,8.803664,4.301335
20007393205426,0.40070656,8.804629,4.2998056
20007397963446,0.39431664,8.805618,4.29837
20007402721415,0.3870896,8.806644,4.2969255
20007407479436,0.38002327,8.8076105,4.295575
20007412237457,0.37386146,8.808457,4.2943788
20007416995426,0.3689528,8.809214,4.2932525
20007421753446,0.36496887,8.809945,4.292091
20007426511467,0.3609984,8.810525,4.2912374
20007431269488,0.35626048,8.811041,4.2905726
20007436027457,0.35013756,8.81161,4.28991
20007440785478,0.34251723,8.812203,4.2893066
20007445543499,0.33382136,8.812835,4.288693
20007450301467,0.32506716,8.813596,4.2878013
20007455059488,0.31688526,8.814457,4.2866426
20007459817509,0.3098412,8.815139,4.285758
20007464575530,0.30415118,8.81595,4.284495
20007469333499,0.2995064,8.817048,4.282563
20007474091519,0.29526287,8.818124,4.2806425
20007478849540,0.29048318,8.819012,4.279139
20007483607509,0.2846552,8.819979,4.2775373
20007488365530,0.27752808,8.820923,4.2760615
20007493123551,0.2694051,8.821633,4.275113
20007497881571,0.26114407,8.822296,4.2742577
20007502639540,0.25358504,8.823271,4.272702
20007507397561,0.2471937,8.824428,4.2706857
20007512155582,0.24230427,8.82545,4.2688537
20007516913551,0.23866448,8.826532,4.266819
20007521671571,0.23591445,8.82789,4.264163
20007526429592,0.23337767,8.829225,4.2615376
20007531187561,0.2304264,8.830314,4.259442
20007535945582,0.22692254,8.831593,4.256978
20007540703603,0.22303577,8.832954,4.254356
20007545461624,0.2193186,8.834099,4.252176
20007550219592,0.21601203,8.835154,4.2501526
20007554977613,0.2133319,8.836267,4.247968
20007559735634,0.21131456,8.837407,4.2457004
20007564493655,0.20996244,8.83838,4.243742
20007569251624,0.2092343,8.839453,4.241543
20007574009644,0.20859288,8.840818,4.2387276
20007578767665,0.20776948,8.842269,4.2357416
20007583525634,0.20665191,8.843707,4.232792
20007588283603,0.20542091,8.845166,4.2298017
20007593041676,0.20443538,8.8465605,4.226933
20007597799696,0.20361196,8.847591,4.224815
20007602557665,0.20234011,8.84811,4.22379
20007607315686,0.20035188,8.848416,4.223241
20007612073707,0.19761868,8.848816,4.2225347
20007616831676,0.1945102,8.84925,4.2217703
20007621589696,0.19141239,8.849608,4.221159
20007626347717,0.18880478,8.8501,4.2202454
20007631105686,0.1867411,8.850776,4.2189198
20007635863707,0.18449162,8.851408,4.2176924
20007640621728,0.18148564,8.852131,4.216305
20007645379749,0.17714712,8.853106,4.214443
20007650137717,0.17164215,8.853786,4.21324
20007654895738,0.16551846,8.853959,4.2131233
20007659653759,0.15992154,8.853879,4.213506
20007664411728,0.1560056,8.853822,4.213775
20007669169749,0.15437908,8.853507,4.214495
20007673927769,0.15491654,8.852969,4.2156053
20007678685790,0.15702662,8.852507,4.2164974
20007683443759,0.15989171,8.852263,4.2169013
20007688201780,0.16252702,8.852134,4.217073
20007692959801,0.16405289,8.852406,4.2164445
20007697717769,0.16456307,8.853094,4.2149763
20007702475790,0.16467518,8.853986,4.2131004
20007707233811,0.16493757,8.854986,4.210986
20007711991780,0.16576883,8.855933,4.208959
20007716749801,0.1677215,8.856698,4.2072735
20007721507821,0.17068505,8.857291,4.205907
20007726265842,0.17453538,8.857722,4.2048388
20007731023811,0.17886724,8.858078,4.2039084
20007735781832,0.1834896,8.858175,4.203504
20007740539853,0.18781175,8.858232,4.2031965
20007745297821,0.19162817,8.858587,4.2022743
20007750055842,0.19465005,8.859108,4.201033
20007754813863,0.19685365,8.859719,4.1996455
20007759571832,0.19857156,8.860707,4.1974783
20007764329853,0.20032914,8.86201,4.194644
20007769087874,0.20265375,8.862804,4.192854
20007773845894,0.20571445,8.862946,4.192405
20007778603863,0.20961212,8.862968,4.1921644
20007783361884,0.2142011,8.862841,4.1922026
20007788119905,0.21912323,8.862064,4.1935897
20007792877874,0.22422944,8.86088,4.195823
20007797635894,0.22936085,8.860187,4.1970086
20007802393915,0.23415704,8.859995,4.1971474
20007807151936,0.23822957,8.860081,4.196737
20007811909905,0.24140595,8.860742,4.1951613
20007816667926,0.2435977,8.861914,4.192559
20007821425946,0.2452447,8.862563,4.1910872
20007826183967,0.24705508,8.862488,4.1911407
20007830941936,0.24995893,8.862236,4.191501
20007835699957,0.25402442,8.861581,4.1926403
20007840457978,0.25889903,8.860565,4.194491
20007845215946,0.26360786,8.859889,4.1956267
20007849973967,0.26807743,8.8596735,4.195796
20007854731988,0.272243,8.859963,4.194916
20007859489957,0.27544495,8.860814,4.1929064
20007864247978,0.27628052,8.862295,4.1897244
20007869005999,0.2739303,8.864001,4.186267
20007873764019,0.26907754,8.865146,4.1841574
20007878521988,0.2651578,8.865565,4.1835203
20007883280009,0.2646307,8.865792,4.18307
20007888038030,0.26740524,8.865767,4.1829476
20007892795999,0.2713855,8.865271,4.183745
20007897554019,0.27383777,8.86457,4.1850677
20007902312040,0.2735852,8.864087,4.1861076
20007907070061,0.27107954,8.864019,4.186415
20007911828030,0.26765987,8.864421,4.185783
20007916586051,0.26479197,8.865273,4.1841607
20007921344071,0.26310262,8.866533,4.1815977
20007926102092,0.2623121,8.867612,4.179357
20007930860061,0.26145342,8.868277,4.1780033
20007935618082,0.26027492,8.8688545,4.176849
20007940376103,0.25917295,8.869267,4.1760397
20007945134071,0.25982192,8.869188,4.176166
20007949892092,0.26300246,8.869013,4.176342
20007954650113,0.26620153,8.8693695,4.17538
20007959408134,0.2656441,8.870511,4.1729937
20007964166103,0.25918448,8.871719,4.170828
20007968924124,0.2476587,8.872766,4.169301
20007973682144,0.23455471,8.873657,4.168162
20007978440113,0.22379026,8.874332,4.1673174
20007983198134,0.21678647,8.874342,4.1676674
20007987956155,0.21273926,8.874132,4.168322
20007992714124,0.2103529,8.874343,4.1679916
20007997472144,0.20802456,8.875036,4.166634
20008002230165,0.2053471,8.875975,4.164768
20008006988186,0.20225406,8.877146,4.1624227
20008011746155,0.19794822,8.878503,4.159736
20008016504176,0.19195044,8.879523,4.1578374
20008021262196,0.18390055,8.879645,4.1579385
20008026020217,0.174501,8.879451,4.1587596
20008030778186,0.16504885,8.879727,4.158557
20008035536207,0.15773235,8.880493,4.157203
20008040294228,0.154209,8.881333,4.155541
20008045052196,0.15408745,8.882337,4.1534
20008049810217,0.15527108,8.883508,4.150851
20008054568238,0.15510507,8.884178,4.149421
20008059326207,0.15212019,8.883877,4.15018
20008064084228,0.14604336,8.883623,4.15094
20008068842249,0.13737515,8.883962,4.1505117
20008073600269,0.12766427,8.884207,4.1502953
20008078358238,0.118410155,8.884505,4.1499343
20008083116259,0.11071647,8.885552,4.1479034
20008087874280,0.1049741,8.886905,4.1451526
20008092632301,0.101118706,8.88757,4.1438212
20008097390269,0.09841733,8.887604,4.1438146
20008102148290,0.0955134,8.887458,4.144192
20008106906311,0.09059154,8.886936,4.1454244
20008111664280,0.08275026,8.885859,4.147898
20008116422301,0.07253365,8.885216,4.149466
20008121180321,0.061209686,8.886083,4.147791
20008125938290,0.0506954,8.887434,4.145038
20008130696311,0.043388758,8.8880415,4.1438165
20008135454332,0.041046184,8.888662,4.142509
20008140212353,0.04302565,8.889592,4.1404934
20008144970321,0.047000796,8.889632,4.1403637
20008149728342,0.049917903,8.889038,4.1416063
20008154486363,0.05025456,8.889107,4.141454
20008159244384,0.048925824,8.889941,4.1396804
20008164002353,0.047159545,8.891017,4.1373873
20008168760374,0.045246005,8.891832,4.135656
20008173518394,0.043163147,8.892657,4.1339054
20008178276363,0.040868502,8.893661,4.1317687
20008183034384,0.03838517,8.894135,4.1307707
20008187792405,0.036782894,8.893898,4.1312957
20008192550426,0.037433833,8.893962,4.131155
20008197308394,0.040526703,8.894649,4.129645
20008202066415,0.045329608,8.895713,4.127303
20008206824436,0.05015192,8.896688,4.125142
20008211582405,0.05375271,8.897581,4.1231723
20008216340426,0.055729523,8.898568,4.121014
20008221098446,0.05548859,8.899381,4.119263
20008225856467,0.05316618,8.899659,4.1186924
20008230614436,0.050310023,8.899735,4.118562
20008235372457,0.049041126,8.9003725,4.1172028
20008240130478,0.05038613,8.901488,4.1147738
20008244888446,0.053968865,8.902175,4.1132407
20008249646467,0.058733016,8.902352,4.1127925
20008254404488,0.0627608,8.902715,4.111949
20008259162509,0.064913996,8.902828,4.111667
20008263920478,0.06608882,8.902477,4.1124105
20008268678499,0.0677378,8.901937,4.113553
20008273436519,0.07072404,8.902116,4.1131144
20008278194488,0.074128464,8.902356,4.112535
20008282952509,0.07689552,8.902029,4.1131916
20008287710530,0.0784844,8.902126,4.112953
20008292468551,0.079798184,8.902504,4.1121097
20008297226519,0.083393745,8.9022875,4.1125083
20008301984540,0.09068158,8.901801,4.1134048
20008306742561,0.10051562,8.90235,4.111989
20008311500530,0.109748565,8.903334,4.1096234
20008316258551,0.11576103,8.903305,4.1095185
20008321016571,0.11772565,8.903227,4.109633
20008325774592,0.11711072,8.903985,4.1080074
20008330532561,0.11823562,8.904403,4.107069
20008335290582,0.123451054,8.904358,4.1070113
20008340048603,0.13152319,8.905332,4.1046505
20008344806571,0.13959473,8.907319,4.1000705
20008349564592,0.14413032,8.908298,4.0977864
20008354322613,0.1434279,8.908605,4.097144
20008359080634,0.13945612,8.910106,4.0940146
20008363838603,0.13577133,8.911768,4.0905204
20008368596624,0.13532099,8.912589,4.088746
20008373354644,0.13857497,8.913869,4.0858455
20008378112665,0.14456154,8.916021,4.080938
20008382870634,0.15086038,8.91717,4.078201
20008387628655,0.15629016,8.917416,4.077456
20008392386676,0.16020052,8.918364,4.0752316
20008397144644,0.16333604,8.919454,4.072719
20008401902665,0.16712941,8.919899,4.071591
20008406660686,0.17173888,8.920261,4.0706058
20008411418707,0.17616156,8.920868,4.069086
20008416176676,0.17998281,8.920951,4.068737
20008420934696,0.18277168,8.92038,4.0698647
20008425692717,0.18547311,8.920228,4.0700784
20008430450634,0.19004165,8.920732,4.068761
20008435208707,0.19661814,8.920905,4.0680685
20008439966728,0.20376357,8.920875,4.067785
20008444724749,0.20964457,8.921207,4.0667534
20008449482717,0.21193162,8.921609,4.065755
20008454240738,0.21085453,8.922473,4.0639143
20008458998759,0.20857708,8.924113,4.0604277
20008463756676,0.20739074,8.925291,4.0578995
20008468514749,0.20791315,8.926193,4.0558896
20008473272769,0.20912962,8.927087,4.0538583
20008478030790,0.20945847,8.927575,4.052767
20008482788759,0.20798022,8.928301,4.0512433
20008487546780,0.20475103,8.9294815,4.0488033
20008492304801,0.20182717,8.930673,4.0463243
20008497062769,0.20088889,8.931925,4.043606
20008501820790,0.2010713,8.933121,4.0409536
20008506578811,0.20098767,8.9343,4.0383506
20008511336832,0.19923663,8.93568,4.0353813
20008516094801,0.19659062,8.937125,4.0323124
20008520852821,0.1949462,8.938553,4.029227
20008525610842,0.19553278,8.939807,4.0264125
20008530368759,0.19867237,8.940467,4.0247965
20008535126832,0.2030099,8.9409895,4.023417
20008539884853,0.20634133,8.941413,4.0223064
20008544642874,0.2084704,8.941371,4.022289
20008549400894,0.20978414,8.941902,4.02104
20008554158863,0.21089642,8.942687,4.0192356
20008558916884,0.21347849,8.9424305,4.019671
20008563674801,0.21644844,8.942319,4.0197606
20008568432874,0.21768542,8.942622,4.0190196
20008573190894,0.21750747,8.942709,4.0188355
20008577948915,0.21639743,8.943302,4.0175743
20008582706884,0.21492758,8.943837,4.016464
20008587464905,0.21450591,8.94447,4.015073
20008592222926,0.2143114,8.945412,4.0129886
20008596980946,0.21308976,8.945395,4.013089
20008601738915,0.21058989,8.946192,4.0114465
20008606496936,0.20650353,8.947794,4.008084
20008611254957,0.20178545,8.949098,4.0054107
20008616012978,0.19798517,8.950477,4.002517
20008620770946,0.19461808,8.951059,4.0013804
20008625528967,0.19181293,8.952171,3.999027
20008630286988,0.18818939,8.954292,3.9944484
20008635044957,0.18248305,8.955486,3.9920378
20008639802978,0.17581226,8.956579,3.9898815
20008644560999,0.16807884,8.957813,3.987446
20008649319019,0.16029315,8.9581585,3.9869914
20008654076988,0.15332961,8.958985,3.9854064
20008658835009,0.14634317,8.9595785,3.9843347
20008663593030,0.14040348,8.959731,3.9842062
20008668350999,0.13550816,8.960304,3.9830875
20008673109019,0.12993653,8.960278,3.9833314
20008677867040,0.123785846,8.960717,3.9825382
20008682625061,0.11635541,8.96156,3.980865
20008687383030,0.10701955,8.962083,3.9799497
20008692141051,0.09713625,8.963383,3.977276
20008696899071,0.087347016,8.964016,3.9760756
20008701657092,0.079529725,8.964376,3.9754264
20008706415061,0.074203305,8.965261,3.9735317
20008711173082,0.07000564,8.965111,3.9739473
20008715931103,0.06727701,8.964871,3.9745378
20008720689071,0.063465424,8.965345,3.9735312
20008725447092,0.05860124,8.965131,3.9740899
20008730205113,0.054475885,8.964843,3.9747977
20008734963134,0.051111218,8.964579,3.9754393
20008739721103,0.048346817,8.964536,3.9755707
20008744479124,0.045532573,8.964285,3.9761686
20008749237144,0.04169643,8.963316,3.9783924
20008753995113,0.036693573,8.962676,3.9798858
20008758753134,0.03058057,8.962015,3.981424
20008763511155,0.024327243,8.961278,3.9831252
20008768269176,0.018015366,8.961204,3.9833274
20008773027144,0.011263236,8.961135,3.9835036
20008777785165,0.0040604705,8.961734,3.9821734
20008782543186,-0.004428047,8.962386,3.9807036
20008787301155,-0.013406923,8.963428,3.9783351
20008792059176,-0.0211972,8.964709,3.9754117
20008796817196,-0.027443876,8.965249,3.9741592
20008801575217,-0.031144982,8.966239,3.9718971
20008806333186,-0.03375526,8.966839,3.9705224
20008811091207,-0.037231926,8.967356,3.9693239
20008815849176,-0.042622544,8.968413,3.966879
20008820607249,-0.05027154,8.968899,3.9656918
20008825365165,-0.057567347,8.968937,3.9655075
20008830123238,-0.062705636,8.968876,3.9655674
20008834881259,-0.0644908,8.969509,3.964106
20008839639280,-0.06272746,8.969896,3.963259
20008844397249,-0.05905994,8.969309,3.9646437
20008849155269,-0.055068206,8.968927,3.9655645
20008853913290,-0.053811684,8.968689,3.9661188
20008858671259,-0.057267018,8.968675,3.966104
20008863429280,-0.06594871,8.968389,3.9666188
20008868187301,-0.07751574,8.968108,3.967039
20008872945321,-0.084686846,8.966845,3.9697497
20008877703290,-0.0888743,8.96596,3.9716575
20008882461311,-0.09366053,8.9662,3.9710047
20008887219332,-0.10292492,8.966675,3.9696996
20008891977353,-0.1155593,8.966572,3.9695885
20008896735321,-0.12910017,8.965421,3.9717715
20008901493342,-0.13941735,8.964448,3.9736152
20008906251363,-0.14246966,8.965142,3.9719412
20008911009280,-0.13704835,8.964649,3.9732435
20008915767353,-0.12422395,8.962842,3.9777408
20008920525374,-0.107963175,8.961604,3.9810004
20008925283394,-0.09327245,8.962281,3.9798493
20008930041363,-0.08489064,8.961497,3.9818006
20008934799384,-0.083846,8.959373,3.9866014
20008939557405,-0.08928027,8.95826,3.9889855
20008944315374,-0.09873665,8.958195,3.988909
20008949073394,-0.10815069,8.957843,3.9894536
20008953831415,-0.11465441,8.956232,3.9928892
20008958589436,-0.1179911,8.95518,3.9951503
20008963347405,-0.119889505,8.95459,3.9964166
20008968105426,-0.12221684,8.954711,3.9960725
20008972863446,-0.12638232,8.955049,3.9951882
20008977621415,-0.13179046,8.955448,3.9941163
20008982379436,-0.13766485,8.956271,3.992071
20008987137457,-0.14346299,8.957503,3.9891016
20008991895478,-0.14902973,8.959057,3.9854093
20008996653446,-0.15399233,8.959724,3.9837196
20009001411467,-0.15708072,8.959941,3.9831107
20009006169488,-0.15852419,8.959664,3.9836757
20009010927457,-0.15827698,8.959952,3.9830365
20009015685478,-0.15580447,8.960124,3.9827464
20009020443499,-0.15121889,8.960113,3.9829514
20009025201519,-0.14430602,8.960017,3.9834235
20009029959540,-0.13619633,8.959434,3.9850216
20009034717509,-0.12946427,8.958822,3.9866197
20009039475530,-0.12641154,8.958211,3.9880924
20009044233551,-0.12619202,8.9574375,3.9898334
20009048991519,-0.12884322,8.95647,3.9919217
20009053749540,-0.13271916,8.956035,3.9927702
20009058507561,-0.13487116,8.955564,3.9937546
20009063265582,-0.13368359,8.955611,3.9936905
20009068023446,-0.13181332,8.95607,3.9927227
20009072781571,-0.13172418,8.956055,3.9927573
20009077539592,-0.1315742,8.955519,3.9939666
20009082297613,-0.1299523,8.955517,3.994022
20009087055582,-0.120340295,8.9564495,3.9922323
20009091813603,-0.10851882,8.957919,3.9892707
20009096571624,-0.0980131,8.956538,3.9926455
20009101329592,-0.09618483,8.954098,3.9981573
20009106087613,-0.10836354,8.953172,3.9999204
20009110845634,-0.13118322,8.952759,4.0001616
20009115603603,-0.15418424,8.951731,4.0016384
20009120361624,-0.16741994,8.950677,4.003465
20009125119644,-0.16870204,8.949821,4.0053253
20009129877665,-0.16059545,8.948117,4.009464
20009134635634,-0.14502814,8.944849,4.017341
20009139393655,-0.12486614,8.942481,4.0232854
20009144151676,-0.10081941,8.9417715,4.025536
20009148909696,-0.07812463,8.94162,4.026376
20009153667665,-0.062433723,8.941604,4.026686
20009158425686,-0.057460386,8.942146,4.0255566
20009163183707,-0.06395758,8.942639,4.024363
20009167941728,-0.07886262,8.942787,4.02377
20009172699696,-0.09694373,8.943677,4.021396
20009177457717,-0.11518795,8.944771,4.0184813
20009182215738,-0.12919329,8.945095,4.017335
20009186973707,-0.1327027,8.945333,4.01669
20009191731728,-0.12362665,8.945905,4.0157046
20009196489749,-0.10608489,8.946783,4.014248
20009201247769,-0.08952894,8.94729,4.013522
20009206005738,-0.07897916,8.947764,4.01269
20009210763759,-0.07452398,8.948028,4.012185
20009215521780,-0.07580445,8.948318,4.011515
20009220279801,-0.08221607,8.948554,4.0108614
20009225037769,-0.09104421,8.948408,4.010996
20009229795790,-0.098932505,8.947763,4.012248
20009234553811,-0.10460147,8.946804,4.0142426
20009239311832,-0.10625486,8.946502,4.014874
20009244069801,-0.101982385,8.94632,4.015389
20009248827821,-0.090645514,8.945878,4.016645
20009253585842,-0.07519164,8.944579,4.0198545
20009258343863,-0.059908852,8.943958,4.021495
20009263101832,-0.04702124,8.943922,4.0217443
20009267859853,-0.03795252,8.943,4.0238914
20009272617874,-0.03374697,8.940584,4.029292
20009277375842,-0.033215284,8.938609,4.033677
20009282133863,-0.03386954,8.937357,4.036444
20009286891884,-0.03352072,8.93499,4.041683
20009291649905,-0.031310905,8.931805,4.048739
20009296407874,-0.026196135,8.929625,4.053579
20009301165894,-0.018265283,8.928262,4.056623
20009305923915,-0.008917432,8.9259,4.0618505
20009310681936,-9.604703E-4,8.924041,4.0659413
20009315439905,0.003755834,8.923652,4.066795
20009320197926,0.003689859,8.923654,4.066789
20009324955946,4.6244092E-4,8.922832,4.068596
20009329713967,-0.002403823,8.922752,4.068769
20009334471936,-0.0021231456,8.923353,4.067451
20009339229957,7.698377E-4,8.923419,4.0673065
20009343987978,0.005089977,8.922754,4.068763
20009348745946,0.008987635,8.922956,4.068312
20009353503967,0.012308762,8.924118,4.065755
20009358261988,0.01455602,8.9248705,4.0640936
20009363020009,0.01649293,8.9240675,4.06585
20009367777978,0.018172316,8.924062,4.0658565
20009372535999,0.020323014,8.9246645,4.0645213
20009377294019,0.022491004,8.924551,4.0647583
20009382052040,0.024775878,8.923611,4.06681
20009386809957,0.027786644,8.923784,4.0664105
20009391568030,0.032184806,8.924454,4.0649076
20009396326051,0.037526716,8.924478,4.0648093
20009401084019,0.042307716,8.924214,4.0653405
20009405842040,0.046135914,8.924358,4.064981
20009410600061,0.049170952,8.924421,4.064811
20009415358082,0.051212408,8.924053,4.065593
20009420116051,0.051499356,8.924427,4.0647674
20009424874071,0.050899398,8.925206,4.063065
20009429632092,0.051463474,8.926289,4.060679
20009434390061,0.05426488,8.927703,4.0575323
20009439148082,0.05855363,8.929474,4.053574
20009443906103,0.06330291,8.93063,4.050954
20009448664124,0.06699121,8.93129,4.049438
20009453422092,0.069530934,8.93316,4.0452695
20009458180113,0.070516385,8.935077,4.041016
20009462938134,0.07013262,8.936083,4.038798
20009467696155,0.069397554,8.9375925,4.0354676
20009472454124,0.06875186,8.94061,4.028791
20009477212144,0.06958797,8.943629,4.022069
20009481970165,0.072172046,8.946022,4.0166993
20009486728186,0.077327006,8.947864,4.012497
20009491486155,0.0843122,8.949774,4.008095
20009496244176,0.09154282,8.951176,4.0048046
20009501002196,0.09707065,8.951932,4.002983
20009505760165,0.1009353,8.95258,4.001437
20009510518186,0.103740655,8.952953,4.0005317
20009515276207,0.106622905,8.95208,4.002409
20009520034228,0.10896276,8.951522,4.0035934
20009524792196,0.11095836,8.951418,4.0037737
20009529550217,0.113130055,8.950907,4.0048547
20009534308238,0.116712354,8.94915,4.008673
20009539066259,0.121880434,8.949023,4.0088058
20009543824228,0.12787777,8.950227,4.00593
20009548582249,0.13211216,8.949691,4.0069876
20009553340269,0.13356829,8.948283,4.0100846
20009558098290,0.13074125,8.94938,4.00773
20009562856259,0.1249197,8.950119,4.006265
20009567614280,0.11763065,8.948836,4.00935
20009572372301,0.11091881,8.9478245,4.0117984
20009577130321,0.10577189,8.949434,4.0083447
20009581888290,0.103040576,8.950366,4.006333
20009586646259,0.1033175,8.948765,4.0099025
20009591404332,0.10615405,8.947635,4.012349
20009596162301,0.10919596,8.948529,4.010274
20009600920321,0.11058789,8.948218,4.0109267
20009605678342,0.10871137,8.946459,4.014903
20009610436363,0.10439808,8.945394,4.017392
20009615194332,0.098071545,8.946261,4.015617
20009619952353,0.091679014,8.945989,4.016376
20009624710374,0.08708555,8.945228,4.018175
20009629468342,0.08527014,8.945017,4.018678
20009634226363,0.08648809,8.945853,4.016793
20009638984384,0.090029545,8.94569,4.0170774
20009643742353,0.09417133,8.946073,4.016131
20009648500374,0.097839564,8.94733,4.013238
20009653258394,0.09932129,8.94946,4.0084524
20009658016415,0.09787933,8.950926,4.0052123
20009662774436,0.0933392,8.952706,4.001342
20009667532405,0.08674364,8.954807,3.9967833
20009672290426,0.07941892,8.9570675,3.99187
20009677048446,0.07251125,8.958605,3.9885523
20009681806467,0.06730128,8.960371,3.9846714
20009686564436,0.06471023,8.962025,3.9809942
20009691322457,0.06460787,8.963505,3.97766
20009696080478,0.066195495,8.964288,3.975871
20009700838499,0.06882527,8.965425,3.9732647
20009705596467,0.071888775,8.966445,3.9709072
20009710354488,0.074430585,8.966782,3.9700978
20009715112509,0.07593053,8.966725,3.9701962
20009719870478,0.07638877,8.967923,3.9674788
20009724628499,0.07667938,8.968013,3.9672718
20009729386519,0.07684229,8.96747,3.9684973
20009734144540,0.07760839,8.967873,3.967573
20009738902509,0.079333015,8.969696,3.9634128
20009743660530,0.081840664,8.969957,3.9627707
20009748418551,0.08469249,8.970206,3.962148
20009753176571,0.087844305,8.972222,3.9575136
20009757934540,0.09011869,8.974527,3.9522307
20009762692561,0.09203344,8.974409,3.952454
20009767450582,0.09350529,8.975913,3.9490018
20009772208551,0.094130725,8.978791,3.9424376
20009776966571,0.09313927,8.9801445,3.9393804
20009781724592,0.09093908,8.9801655,3.9393828
20009786482613,0.08837233,8.982253,3.9346812
20009791240582,0.08666471,8.984894,3.9286833
20009795998603,0.0871277,8.984951,3.928543
20009800756624,0.09073762,8.984509,3.9294703
20009805514644,0.09551348,8.9858885,3.9262037
20009810272613,0.09857416,8.986793,3.9240563
20009815030634,0.09896741,8.985514,3.9269767
20009819788655,0.097413495,8.9857025,3.926583
20009824546676,0.094222486,8.986302,3.925287
20009829304644,0.09035634,8.985191,3.9279203
20009834062665,0.0874841,8.983294,3.932324
20009838820686,0.08647207,8.983487,3.931905
20009843578707,0.08665786,8.983679,3.9314623
20009848336676,0.087680295,8.982024,3.9352179
20009853094696,0.08969896,8.981072,3.9373455
20009857852717,0.09182617,8.981637,3.9360077
20009862610686,0.092512295,8.981689,3.935872
20009867368707,0.09142762,8.97984,3.940112
20009872126728,0.09029437,8.979976,3.9398332
20009876884749,0.08920468,8.981568,3.9362257
20009881642717,0.08785104,8.981197,3.937101
20009886400738,0.08824585,8.980165,3.939449
20009891158759,0.09153939,8.98216,3.934821
20009895916780,0.09685763,8.985149,3.927861
20009900674749,0.101841286,8.985934,3.92594
20009905432769,0.106977515,8.987279,3.9227228
20009910190790,0.11160202,8.990464,3.9152873
20009914948811,0.11365415,8.992823,3.909808
20009919706780,0.114001855,8.992688,3.910109
20009924464801,0.114751205,8.993998,3.9070716
20009929222821,0.11554254,8.995778,3.9029486
20009933980790,0.11558249,8.995195,3.9042907
20009938738811,0.11745407,8.993997,3.9069946
20009943496832,0.12130691,8.994585,3.9055228
20009948254853,0.12632214,8.994008,3.9066923
20009953012821,0.13092978,8.992205,3.9106917
20009957770842,0.13331454,8.991374,3.9125185
20009962528863,0.131821,8.9913845,3.9125452
20009967286884,0.12793918,8.990636,3.9143958
20009972044853,0.12489446,8.98966,3.9167325
20009976802874,0.12496783,8.989269,3.9176273
20009981560894,0.12726459,8.989339,3.9173923
20009986318915,0.12967026,8.988987,3.9181237
20009991076884,0.1314708,8.987653,3.9211202
20009995834905,0.13326746,8.986902,3.9227798
20010000592926,0.13451512,8.98684,3.9228795
20010005350946,0.1337933,8.986554,3.9235606
20010010108915,0.12997928,8.985019,3.9272046
20010014866936,0.12277343,8.985131,3.9271793
20010019624957,0.11324799,8.986105,3.9252353
20010024382926,0.10302807,8.985594,3.9266872
20010029140946,0.09569464,8.984352,3.9297137
20010033898967,0.09242457,8.984589,3.9292514
20010038656988,0.09304725,8.984728,3.9289184
20010043414957,0.09525823,8.982941,3.9329505
20010048172978,0.09719106,8.982315,3.9343312
20010052930999,0.09633178,8.983382,3.9319153
20010057688967,0.09164366,8.983074,3.9327314
20010062446988,0.08431605,8.982059,3.935212
20010067205009,0.07553268,8.983279,3.9326036
20010071963030,0.06572712,8.98494,3.9289844
20010076721051,0.055901244,8.983755,3.9318464
20010081479019,0.04754852,8.983141,3.9333587
20010086237040,0.042438194,8.985257,3.9285805
20010090995061,0.040531795,8.985862,3.9272168
20010095753082,0.04150914,8.984622,3.930043
20010100511051,0.042998184,8.985669,3.9276297
20010105269071,0.043227836,8.988087,3.9220948
20010110027092,0.041721486,8.987935,3.9224577
20010114785061,0.038301714,8.988405,3.9214149
20010119543082,0.03332133,8.992007,3.9131925
20010124301103,0.026258735,8.994564,3.9073663
20010129059124,0.018580748,8.995032,3.9063334
20010133817092,0.0114733,8.996076,3.9039564
20010138575113,0.00696931,8.997719,3.9001775
20010143333134,0.0056607737,8.998191,3.8990917
20010148091051,0.0060551544,8.998389,3.898632
20010152849124,0.0068877097,9.000121,3.894633
20010157607144,0.007808181,9.000388,3.8940117
20010162365165,0.010749369,8.9988,3.8976743
20010167123186,0.01269344,8.998463,3.8984473
20010171881155,0.009945577,8.998742,3.89781
20010176639176,0.0028008707,8.997764,3.9000835
20010181397196,-0.0047523775,8.99714,3.9015179
20010186155165,-0.011980225,8.997376,3.9009554
20010190913186,-0.020282941,8.996293,3.9034202
20010195671207,-0.028411798,8.993919,3.9088356
20010200429228,-0.034016047,8.99259,3.9118476
20010205187196,-0.036683246,8.991275,3.9148457
20010209945217,-0.037430037,8.990462,3.9167051
20010214703238,-0.036526036,8.989676,3.918516
20010219461259,-0.03537789,8.989278,3.9194412
20010224219228,-0.03853113,8.989949,3.917871
20010228977249,-0.04506126,8.9901085,3.9174356
20010233735269,-0.050300892,8.989747,3.9182003
20010238493290,-0.052868176,8.990094,3.9173706
20010243251259,-0.05288919,8.9904785,3.9164891
20010248009280,-0.052059144,8.990484,3.9164872
20010252767301,-0.05249511,8.990677,3.91604
20010257525321,-0.05443585,8.991626,3.913834
20010262283290,-0.058182895,8.99196,3.913014
20010267041311,-0.06288507,8.991113,3.9148855
20010271799332,-0.06978502,8.991741,3.913327
20010276557301,-0.07767165,8.993306,3.909578
20010281315321,-0.083933875,8.992807,3.9105954
20010286073342,-0.087466806,8.992865,3.9103868
20010290831363,-0.08849494,8.994586,3.9064035
20010295589332,-0.08792954,8.994527,3.9065516
20010300347353,-0.08715061,8.993168,3.9096937
20010305105374,-0.08653097,8.993117,3.9098237
20010309863394,-0.08840581,8.993215,3.9095607
20010314621363,-0.09369405,8.992023,3.912175
20010319379384,-0.10128374,8.990288,3.915975
20010324137405,-0.1086201,8.989888,3.9166944
20010328895426,-0.11315018,8.989181,3.918191
20010333653394,-0.11438576,8.987384,3.922274
20010338411415,-0.11351558,8.987077,3.9230018
20010343169436,-0.11111972,8.987758,3.9215124
20010347927405,-0.10848128,8.988156,3.9206715
20010352685426,-0.10806874,8.98828,3.9203987
20010357443446,-0.11109765,8.988222,3.9204478
20010362201467,-0.11672655,8.988281,3.9201486
20010366959436,-0.12379701,8.987948,3.9206946
20010371717457,-0.13067353,8.987891,3.9206023
20010376475478,-0.13733585,8.987881,3.920398
20010381233499,-0.14372511,8.988139,3.9195764
20010385991467,-0.15052564,8.988542,3.9183984
20010390749488,-0.15728024,8.9881525,3.9190257
20010395507509,-0.16210303,8.987624,3.9200408
20010400265478,-0.16547959,8.987774,3.9195557
20010405023499,-0.16869512,8.987768,3.9194336
20010409781519,-0.17160375,8.98722,3.9205623
20010414539540,-0.17307955,8.985985,3.92333
20010419297561,-0.17240293,8.984984,3.9256475
20010424055530,-0.17167291,8.984805,3.926092
20010428813551,-0.17082235,8.984194,3.9275272
20010433571571,-0.1701622,8.983596,3.928924
20010438329540,-0.16960308,8.982943,3.9304402
20010443087561,-0.16956362,8.983104,3.930073
20010447845582,-0.1697817,8.983263,3.9297001
20010452603603,-0.16729999,8.982661,3.931183
20010457361571,-0.16227585,8.982845,3.930972
20010462119592,-0.15579927,8.983966,3.9286728
20010466877613,-0.14939778,8.984256,3.9282568
20010471635634,-0.14424114,8.984005,3.929025
20010476393603,-0.14110169,8.984755,3.9274223
20010481151624,-0.14064686,8.985957,3.924688
20010485909644,-0.14066747,8.985981,3.9246325
20010490667665,-0.13861488,8.986528,3.923453
20010495425634,-0.1336292,8.989122,3.9176786
20010500183655,-0.12704986,8.99055,3.91462
20010504941676,-0.12119248,8.991366,3.9129288
20010509699696,-0.11698275,8.993607,3.9079084
20010514457665,-0.11566757,8.995362,3.9039028
20010519215686,-0.11793129,8.99538,3.903795
20010523973707,-0.12417341,8.996092,3.9019578
20010528731728,-0.13155948,8.998242,3.896757
20010533489696,-0.13763636,8.998834,3.895179
20010538247717,-0.14199975,8.99874,3.895241
20010543005738,-0.14479049,8.999864,3.8925414
20010547763707,-0.1450718,9.000812,3.8903399
20010552521728,-0.14314507,9.001105,3.88973
20010557279749,-0.14220056,9.002014,3.887659
20010562037769,-0.14348787,9.003465,3.8842542
20010566795738,-0.14604431,9.004497,3.8817663
20010571553759,-0.15047811,9.004894,3.8806734
20010576311780,-0.15634865,9.005438,3.8791807
20010581069801,-0.16193277,9.006833,3.8757086
20010585827769,-0.16457215,9.007904,3.8731084
20010590585790,-0.1638979,9.008528,3.8716886
20010595343811,-0.16120058,9.009789,3.8688629
20010600101832,-0.15612336,9.0107765,3.8667707
20010604859801,-0.14828347,9.011102,3.866324
20010609617821,-0.13941118,9.0116625,3.8653448
20010614375842,-0.13106473,9.012258,3.8642514
20010619133863,-0.124360725,9.013181,3.8623176
20010623891832,-0.119974576,9.013205,3.8624012
20010628649853,-0.117492594,9.0125065,3.8641062
20010633407874,-0.11592495,9.012574,3.8639941
20010638165842,-0.11302275,9.012763,3.863641
20010642923863,-0.10815709,9.011577,3.8665466
20010647681884,-0.10154812,9.010511,3.869206
20010652439905,-0.094394155,9.010046,3.870469
20010657197874,-0.086888954,9.008413,3.8744447
20010661955894,-0.079067335,9.006344,3.8794205
20010666713915,-0.07088841,9.0054655,3.8816185
20010671471936,-0.06375758,9.004816,3.883249
20010676229905,-0.056860372,9.00328,3.8869135
20010680987926,-0.051382396,9.00287,3.8879423
20010685745946,-0.047441397,9.002693,3.8884008
20010690503915,-0.044656105,9.001428,3.89136
20010695261936,-0.042023517,9.001047,3.8922718
20010700019957,-0.03734314,9.000845,3.8927877
20010704777978,-0.030778421,8.999795,3.89527
20010709535946,-0.0234436,8.999194,3.8967092
20010714293967,-0.01706415,8.998742,3.8977845
20010719051988,-0.014025286,8.997938,3.899655
20010723810009,-0.0138181755,8.998253,3.8989313
20010728567978,-0.01516116,8.998847,3.8975508
20010733325999,-0.016132535,8.998471,3.898416
20010738084019,-0.014275182,8.998968,3.8972754
20010742841988,-0.009523736,9.000429,3.8939142
20010747600009,-0.0027914548,9.0004225,3.8939414
20010752358030,0.0042469115,8.999882,3.895189
20010757116051,0.010480504,9.000918,3.8927805
20010761874071,0.01481714,9.001086,3.8923805
20010766632040,0.016519539,8.999509,3.8960183
20010771390061,0.016301172,8.998313,3.8987799
20010776148082,0.015565696,8.997925,3.8996778
20010780906103,0.016177507,8.996396,3.9032004
20010785664071,0.019679667,8.993902,3.9089274
20010790422092,0.02622898,8.991916,3.9134595
20010795180113,0.03414576,8.99001,3.9177701
20010799938134,0.040160537,8.9881115,3.92207
20010804696103,0.044087023,8.986192,3.9264245
20010809454124,0.04667882,8.984848,3.929467
20010814212144,0.049460378,8.984421,3.93041
20010818970165,0.05321632,8.9846325,3.9298773
20010823728134,0.05690662,8.984543,3.9300313
20010828486155,0.061474696,8.98445,3.9301736
20010833244176,0.06688256,8.985591,3.9274771
20010838002144,0.07242138,8.9864,3.925526
20010842760165,0.07981519,8.985843,3.9266603
20010847518186,0.08936451,8.986365,3.9252577
20010852276207,0.09887501,8.987008,3.9235551
20010857034176,0.10585623,8.985881,3.9259558
20010861792196,0.1108842,8.984821,3.9282413
20010866550217,0.11494098,8.985097,3.9274917
20010871308238,0.11872544,8.98473,3.928222
20010876066207,0.123642445,8.983732,3.9303513
20010880824228,0.1292705,8.984683,3.9279938
20010885582249,0.13458453,8.986483,3.9236977
20010890340217,0.13837728,8.988393,3.919186
20010895098238,0.14106919,8.989955,3.915507
20010899856259,0.14414391,8.99085,3.9133396
20010904614280,0.14875233,8.992309,3.9098136
20010909372249,0.15583216,8.993751,3.9062202
20010914130269,0.1642654,8.99349,3.9064722
20010918888290,0.17284474,8.993377,3.906365
20010923646311,0.18029694,8.9938965,3.904831
20010928404280,0.18542857,8.992804,3.9071078
20010933162301,0.18869734,8.991582,3.9097614
20010937920321,0.19293886,8.990993,3.9109094
20010942678342,0.19929573,8.98994,3.9130085
20010947436311,0.20668201,8.989074,3.9146152
20010952194332,0.21449018,8.988351,3.9158561
20010956952353,0.22148459,8.986971,3.9186337
20010961710374,0.22634257,8.986628,3.919142
20010966468342,0.23024745,8.985777,3.9208648
20010971226363,0.23539504,8.983678,3.925366
20010975984384,0.2419667,8.982496,3.9276688
20010980742405,0.24805018,8.98136,3.929889
20010985500374,0.25079623,8.979579,3.9337838
20010990258394,0.2497253,8.978436,3.9364583
20010995016415,0.24679753,8.977861,3.9379513
20010999774384,0.24437551,8.977152,3.939723
20011004532405,0.24520914,8.976549,3.941045
20011009290426,0.24834195,8.976174,3.9417014
20011014048446,0.25334382,8.9761305,3.9414835
20011018806415,0.2586168,8.976674,3.9399028
20011023564436,0.26304224,8.976413,3.9402027
20011028322457,0.26630947,8.975956,3.941024
20011033080478,0.2677207,8.976853,3.9388852
20011037838446,0.26756552,8.977376,3.9377024
20011042596467,0.26592797,8.977101,3.9384398
20011047354488,0.26369894,8.977755,3.9371045
20011052112509,0.26309618,8.978221,3.9360762
20011056870478,0.26483798,8.977498,3.9376104
20011061628499,0.26947173,8.976909,3.9386377
20011066386519,0.2755614,8.976543,3.9390507
20011071144488,0.280415,8.975669,3.9407003
20011075902509,0.282765,8.975048,3.9419453
20011080660530,0.2840565,8.974657,3.942742
20011085418499,0.28538394,8.973593,3.9450717
20011090176519,0.28629878,8.9729,3.9465783
20011094934488,0.28676528,8.97275,3.9468873
20011099692561,0.28722945,8.971884,3.948822
20011104450582,0.28793308,8.971605,3.949403
20011109208551,0.289082,8.972501,3.947283
20011113966571,0.29051653,8.972676,3.9467795
20011118724592,0.29195356,8.972428,3.9472384
20011123482613,0.29236835,8.973035,3.9458275
20011128240582,0.29096928,8.973447,3.9449937
20011132998603,0.2887295,8.97323,3.9456484
20011137756624,0.28696582,8.973419,3.9453497
20011142514644,0.28591794,8.974074,3.9439375
20011147272613,0.28546286,8.974577,3.9428236
20011152030634,0.2851332,8.974549,3.9429111
20011156788655,0.28467837,8.973946,3.9443178
20011161546624,0.28288504,8.973618,3.9451926
20011166304644,0.2806368,8.973325,3.9460213
20011171062665,0.2792456,8.972677,3.9475896
20011175820686,0.2791326,8.972211,3.9486587
20011180578655,0.27844492,8.972144,3.9488575
20011185336676,0.2756034,8.971988,3.9494135
20011190094696,0.27110597,8.971734,3.9503007
20011194852717,0.26564094,8.971236,3.9518037
20011199610686,0.2592752,8.970285,3.954383
20011204368707,0.25337163,8.969734,3.9560156
20011209126728,0.24954557,8.969403,3.957009
20011213884749,0.24820332,8.968771,3.9585247
20011218642717,0.2482369,8.969074,3.957836
20011223400738,0.24840075,8.969696,3.9564185
20011228158759,0.24694489,8.96993,3.9559786
20011232916780,0.24251603,8.9707775,3.9543307
20011237674749,0.23541518,8.971509,3.9531
20011242432769,0.22734995,8.971237,3.9541903
20011247190790,0.2202543,8.971131,3.9548314
20011251948811,0.21479192,8.970872,3.9557188
20011256706780,0.2109055,8.970093,3.9576945
20011261464801,0.20951523,8.969751,3.9585404
20011266222821,0.20953381,8.968851,3.9605806
20011270980790,0.20868537,8.9670925,3.964605
20011275738811,0.20638521,8.9657545,3.967751
20011280496832,0.202232,8.964707,3.9703295
20011285254853,0.19647066,8.9631405,3.9741538
20011290012821,0.18945105,8.961611,3.9779418
20011294770842,0.18297039,8.960791,3.9800928
20011299528863,0.17799881,8.9598255,3.9824898
20011304286884,0.17429422,8.957814,3.987176
20011309044853,0.17071427,8.955894,3.9916415
20011313802874,0.16588733,8.955144,3.993527
20011318560894,0.1602848,8.954473,3.9952614
20011323318915,0.15452926,8.952749,3.9993494
20011328076884,0.14823943,8.951402,4.002603
20011332834905,0.14068879,8.951055,4.0036497
20011337592926,0.13389413,8.949678,4.0069566
20011342350894,0.12876561,8.947474,4.012048
20011347108915,0.12426841,8.945809,4.015898
20011351866936,0.12031387,8.944155,4.0197015
20011356624957,0.11660874,8.941948,4.0247183
20011361382926,0.112801366,8.939546,4.030159
20011366140946,0.1093694,8.937521,4.034743
20011370898967,0.10684865,8.935904,4.038391
20011375656988,0.10475798,8.933929,4.04281
20011380414957,0.10238841,8.931561,4.0481014
20011385172978,0.09893783,8.930053,4.051514
20011389930999,0.09372895,8.928769,4.054465
20011394688967,0.087924324,8.926859,4.058799
20011399446988,0.082720034,8.925647,4.0615726
20011404205009,0.07911612,8.925341,4.062318
20011408963030,0.078073665,8.924589,4.063989
20011413721051,0.07947215,8.923809,4.065673
20011418479019,0.08209771,8.923587,4.066108
20011423237040,0.0840349,8.923437,4.066397
20011427995061,0.08371989,8.923745,4.065729
20011432753030,0.0812549,8.924443,4.0642457
20011437511051,0.0772108,8.924791,4.0635614
20011442269071,0.07367945,8.925935,4.0611134
20011447027092,0.07188279,8.927832,4.056973
20011451785061,0.070994616,8.928902,4.0546346
20011456543082,0.06972422,8.93,4.052237
20011461301103,0.068013914,8.931821,4.0482526
20011466059124,0.06637476,8.932679,4.0463834
20011470817092,0.06506973,8.932797,4.046144
20011475575113,0.06331672,8.933176,4.0453377
20011480333134,0.0600564,8.932895,4.0460086
20011485091155,0.055484664,8.932299,4.047389
20011489849124,0.051025875,8.932062,4.0479693
20011494607144,0.046476588,8.931297,4.0497084
20011499365165,0.041871,8.930111,4.0523744
20011504123134,0.039370976,8.929342,4.054094
20011508881155,0.038848918,8.927826,4.0574403
20011513639176,0.03826105,8.926218,4.060981
20011518397196,0.03655952,8.925728,4.0620694
20011523155165,0.033945546,8.925535,4.062519
20011527913186,0.031941053,8.925877,4.0617847
20011532671207,0.030484078,8.926747,4.0598817
20011537429228,0.0283734,8.927344,4.0585866
20011542187196,0.024758529,8.928623,4.055794
20011546945217,0.018510293,8.930167,4.0524254
20011551703238,0.011885211,8.93116,4.0502615
20011556461259,0.0071462113,8.9323635,4.0476184
20011561219228,0.0047153444,8.933596,4.044903
20011565977249,0.004901342,8.934413,4.043096
20011570735269,0.00650134,8.935419,4.04087
20011575493238,0.00843787,8.93632,4.038871
20011580251259,0.0093373945,8.937665,4.035893
20011585009280,0.008615283,8.939289,4.032299
20011589767301,0.0066626444,8.9398775,4.0309954
20011594525269,0.0034827972,8.942002,4.0262856
20011599283290,-1.598903E-5,8.945925,4.017563
20011604041311,-0.0027345216,8.947644,4.0137315
20011608799332,-0.0041728653,8.948842,4.0110583
20011613557301,-0.0044665188,8.951767,4.004526
20011618315321,-0.0039195637,8.953738,4.000117
20011623073342,-0.0021263456,8.953739,4.0001187
20011627831363,-3.7142355E-4,8.954002,3.9995308
20011632589332,-1.502072E-4,8.954404,3.9986296
20011637347353,-0.0014020235,8.953824,3.9999266
20011642105374,-0.004011345,8.952452,4.0029984
20011646863342,-0.0078014275,8.951343,4.0054717
20011651621363,-0.013285691,8.9505005,4.007338
20011656379384,-0.01937012,8.948371,4.0120645
20011661137405,-0.02338053,8.946306,4.0166454
20011665895374,-0.024423944,8.94485,4.01988
20011670653394,-0.024836775,8.942853,4.024319
20011675411415,-0.025944883,8.940407,4.029747
20011680169436,-0.027559385,8.937906,4.0352764
20011684927405,-0.028946593,8.935621,4.040324
20011689685426,-0.029927786,8.933918,4.0440817
20011694443446,-0.030971276,8.932554,4.047087
20011699201415,-0.031868953,8.931317,4.0498095
20011703959436,-0.03466781,8.930966,4.0505595
20011708717457,-0.039117176,8.930335,4.0519094
20011713475478,-0.04307204,8.929333,4.0540776
20011718233446,-0.044363596,8.929257,4.054231
20011722991467,-0.044009034,8.929779,4.053086
20011727749488,-0.04340501,8.929652,4.0533705
20011732507509,-0.042935748,8.929982,4.0526495
20011737265478,-0.043041337,8.930882,4.050665
20011742023499,-0.046160497,8.932047,4.0480604
20011746781519,-0.052115858,8.93315,4.0455523
20011751539540,-0.058283154,8.934554,4.0423675
20011756297509,-0.061850924,8.934616,4.042178
20011761055530,-0.06183274,8.9342785,4.042923
20011765813551,-0.06025833,8.934879,4.0416183
20011770571571,-0.05904593,8.935238,4.0408454
20011775329540,-0.058909323,8.934984,4.04141
20011780087561,-0.06052871,8.934959,4.04144
20011784845582,-0.06299623,8.934654,4.042077
20011789603603,-0.06622312,8.933579,4.044399
20011794361571,-0.06960577,8.932334,4.0470934
20011799119592,-0.07380439,8.931487,4.048886
20011803877613,-0.078607805,8.931009,4.04985
20011808635582,-0.08346791,8.930659,4.050521
20011813393603,-0.087505184,8.929939,4.0520253
20011818151624,-0.0897121,8.929449,4.053058
20011822909644,-0.090408504,8.929433,4.0530787
20011827667613,-0.09091775,8.928665,4.0547585
20011832425634,-0.093155466,8.928229,4.0556674
20011837183655,-0.0971624,8.927657,4.0568323
20011841941624,-0.10164718,8.926085,4.0601788
20011846699644,-0.10480689,8.924737,4.0630636
20011851457665,-0.10707614,8.923687,4.065306
20011856215686,-0.109476425,8.922222,4.0684605
20011860973655,-0.112605095,8.920471,4.0722113
20011865731676,-0.115581624,8.918687,4.0760336
20011870489696,-0.11694359,8.91719,4.0792704
20011875247717,-0.11594562,8.915696,4.0825624
20011880005686,-0.113595866,8.913441,4.0875487
20011884763707,-0.11121643,8.911656,4.0915027
20011889521728,-0.110676035,8.910553,4.09392
20011894279749,-0.11288721,8.908878,4.0975013
20011899037717,-0.11548331,8.90685,4.10184
20011903795738,-0.11616162,8.905534,4.1046753
20011908553759,-0.11526687,8.9046,4.1067266
20011913311728,-0.11371464,8.903308,4.1095695
20011918069749,-0.11273453,8.902615,4.1110973
20011922827717,-0.112557545,8.902273,4.1118426
20011927585790,-0.11265048,8.901811,4.112843
20011932343759,-0.11282297,8.900685,4.1152725
20011937101780,-0.112586506,8.899928,4.116915
20011941859801,-0.11186527,8.899953,4.1168814
20011946617821,-0.11141699,8.899046,4.118853
20011951375790,-0.11121307,8.897053,4.1231637
20011956133811,-0.11125299,8.896594,4.1241508
20011960891832,-0.11260703,8.896366,4.124606
20011965649801,-0.11464132,8.895115,4.1272483
20011970407821,-0.11656035,8.8948765,4.127708
20011975165842,-0.1182394,8.895317,4.126712
20011979923863,-0.11980079,8.894935,4.127491
20011984681884,-0.12089026,8.894503,4.128389
20011989439853,-0.1200538,8.894704,4.1279807
20011994197874,-0.11824207,8.895568,4.126169
20011998955894,-0.117174305,8.896971,4.123175
20012003713863,-0.11756027,8.898039,4.1208577
20012008471884,-0.11882756,8.8990345,4.1186724
20012013229853,-0.121021464,8.90061,4.1152024
20012017987926,-0.122726694,8.901884,4.112395
20012022745894,-0.122917384,8.90315,4.1096487
20012027503915,-0.12132002,8.904556,4.106648
20012032261936,-0.11909514,8.905484,4.1047
20012037019905,-0.116506174,8.90628,4.1030474
20012041777926,-0.11322936,8.907454,4.1005917
20012046535946,-0.10996457,8.908585,4.0982203
20012051293967,-0.107701875,8.910071,4.0950484
20012056051936,-0.10730797,8.911236,4.0925217
20012060809957,-0.10781758,8.9121275,4.090568
20012065567978,-0.10863165,8.913391,4.0877934
20012070325999,-0.10826586,8.914849,4.08462
20012075083967,-0.106053084,8.916301,4.0815105
20012079841988,-0.10230082,8.917898,4.078112
20012084600009,-0.097875014,8.919624,4.0744457
20012089357978,-0.09330599,8.921389,4.0706887
20012094115999,-0.088384636,8.922912,4.0674596
20012098874019,-0.08289696,8.925041,4.062901
20012103632040,-0.077634424,8.9274025,4.057812
20012108390009,-0.073868915,8.929178,4.0539737
20012113148030,-0.071862124,8.930723,4.0506053
20012117906051,-0.071148016,8.932947,4.0457106
20012122664071,-0.06830238,8.935013,4.041198
20012127422040,-0.06180941,8.936007,4.039104
20012132180061,-0.052667163,8.937477,4.035979
20012136938082,-0.041806452,8.939141,4.0324187
20012141696103,-0.032168448,8.939664,4.031348
20012146454071,-0.027598152,8.940216,4.0301547
20012151212092,-0.028570421,8.940894,4.028644
20012155970113,-0.031807948,8.941032,4.0283127
20012160728082,-0.033712056,8.940378,4.0297503
20012165486103,-0.033958662,8.938941,4.032937
20012170244124,-0.033103835,8.937701,4.0356913
20012175002144,-0.030533202,8.935909,4.039676
20012179760113,-0.02613291,8.933323,4.04542
20012184518134,-0.020996673,8.931561,4.0493402
20012189276155,-0.014892122,8.929896,4.05304
20012194034176,-0.007683415,8.928088,4.0570393
20012198792144,-0.0011011116,8.926976,4.059493
20012203550165,0.002330319,8.926554,4.06042
20012208308186,0.003050694,8.926137,4.0613356
20012213066155,0.0026326657,8.925894,4.061869
20012217824176,0.0021256926,8.925827,4.062019
20012222582196,0.0030497734,8.926106,4.061403
20012227340217,0.0072950264,8.926296,4.060981
20012232098186,0.014564168,8.926258,4.061045
20012236856207,0.023444012,8.926373,4.060752
20012241614228,0.032221586,8.927002,4.0593095
20012246372249,0.040573075,8.927304,4.0585694
20012251130217,0.047019176,8.927569,4.0579157
20012255888238,0.050125614,8.928601,4.055608
20012260646259,0.051007893,8.930381,4.0516753
20012265404228,0.05053476,8.932446,4.04713
20012270162249,0.049801044,8.933715,4.0443344
20012274920269,0.05017317,8.935036,4.0414114
20012279678290,0.05120196,8.937373,4.0362277
20012284436259,0.052608322,8.939677,4.0311036
20012289194280,0.053804442,8.941556,4.026917
20012293952301,0.05561794,8.942965,4.0237656
20012298710321,0.059624802,8.943847,4.021745
20012303468238,0.06410584,8.943938,4.021474
20012308226311,0.06830079,8.942176,4.0253215
20012312984332,0.0703867,8.940388,4.0292563
20012317742353,0.0688905,8.938868,4.032653
20012322500321,0.06483541,8.936014,4.0390387
20012327258342,0.058523525,8.934068,4.0434375
20012332016363,0.051950756,8.931186,4.0498886
20012336774332,0.047194205,8.928036,4.0568867
20012341532353,0.045099143,8.926255,4.0608253
20012346290374,0.047591694,8.924662,4.0643024
20012351048394,0.053200535,8.923337,4.0671372
20012355806363,0.06132265,8.92167,4.070681
20012360564384,0.071622826,8.921717,4.070408
20012365322405,0.08140998,8.923083,4.067229
20012370080374,0.08761263,8.922835,4.067644
20012374838394,0.08742623,8.923277,4.0666757
20012379596415,0.08090878,8.924221,4.0647416
20012384354436,0.069532774,8.924432,4.06449
20012389112405,0.056557544,8.924339,4.0648937
20012393870426,0.04586541,8.924676,4.0642877
20012398628446,0.04112506,8.92525,4.06308
20012403386467,0.044436704,8.92536,4.0628023
20012408144436,0.055442743,8.925171,4.0630817
20012412902457,0.07093247,8.926605,4.059689
20012417660478,0.08606943,8.928052,4.056214
20012422418446,0.096321195,8.928461,4.0550823
20012427176467,0.09906689,8.929872,4.0519075
20012431934488,0.09311569,8.931748,4.047912
20012436692509,0.08082851,8.932156,4.047279
20012441450478,0.067407876,8.931326,4.0493546
20012446208499,0.05676955,8.930274,4.051836
20012450966519,0.049110852,8.929117,4.0544834
20012455724488,0.04606091,8.926413,4.0604706
20012460482509,0.04932057,8.923172,4.0675483
20012465240530,0.059460625,8.920865,4.0724707
20012469998551,0.07285193,8.918478,4.077477
20012474756519,0.085929535,8.915126,4.0845494
20012479514540,0.09553939,8.91254,4.089973
20012484272561,0.09893857,8.910181,4.0950294
20012489030582,0.096026324,8.907563,4.100792
20012493788551,0.08809442,8.90566,4.1051025
20012498546571,0.07808285,8.904301,4.1082506
20012503304592,0.0696493,8.903483,4.110172
20012508062613,0.06508332,8.901937,4.113596
20012512820582,0.066314526,8.899931,4.117914
20012517578603,0.07289721,8.8991585,4.119474
20012522336624,0.08261741,8.898382,4.120966
20012527094592,0.09381949,8.896767,4.1242137
20012531852613,0.103659086,8.896242,4.1251097
20012536610634,0.11024136,8.895383,4.1267905
20012541368655,0.11219841,8.894473,4.128699
20012546126624,0.109969854,8.894499,4.1287036
20012550884644,0.10443931,8.894382,4.1290965
20012555642665,0.097061396,8.8953085,4.1272817
20012560400686,0.091386765,8.895944,4.1260433
20012565158655,0.08887232,8.896075,4.125815
20012569916676,0.090237066,8.897175,4.123412
20012574674696,0.0945614,8.897505,4.1226034
20012579432665,0.100502476,8.8977375,4.121962
20012584190686,0.10620619,8.898178,4.120865
20012588948707,0.10983243,8.897821,4.1215415
20012593706728,0.11067523,8.897786,4.1215944
20012598464696,0.108787455,8.897432,4.122407
20012603222717,0.106052585,8.896753,4.1239433
20012607980738,0.10286596,8.89672,4.124096
20012612738707,0.09904486,8.896074,4.1255846
20012617496728,0.096078,8.895394,4.127119
20012622254749,0.09540742,8.895062,4.127848
20012627012769,0.09704185,8.894613,4.128782
20012631770686,0.10070099,8.89404,4.129926
20012636528759,0.106296346,8.893211,4.1315713
20012641286780,0.11188748,8.893176,4.1314993
20012646044801,0.11469247,8.893125,4.131534
20012650802769,0.11608079,8.893334,4.131043
20012655560790,0.11741029,8.893289,4.131104
20012660318811,0.11653387,8.893616,4.1304245
20012665076780,0.11282806,8.894157,4.129362
20012669834801,0.110068016,8.893723,4.1303716
20012674592821,0.109611735,8.893525,4.1308084
20012679350842,0.1116784,8.893287,4.1312666
20012684108811,0.115900904,8.892619,4.1325893
20012688866832,0.121631294,8.892221,4.133277
20012693624853,0.12619443,8.89144,4.1348205
20012698382821,0.12745635,8.890807,4.1361465
20012703140842,0.1258173,8.890347,4.1371856
20012707898863,0.1219834,8.889591,4.1389227
20012712656884,0.116713084,8.889124,4.140077
20012717414853,0.11376392,8.8886,4.1412845
20012722172874,0.11372918,8.8876,4.143432
20012726930894,0.11572257,8.886564,4.145598
20012731688915,0.11782332,8.885514,4.147789
20012736446884,0.11957292,8.8851385,4.1485434
20012741204905,0.12144976,8.884925,4.1489434
20012745962926,0.12177098,8.884168,4.1505575
20012750720894,0.12124167,8.883578,4.151834
20012755478915,0.12045368,8.884141,4.1506534
20012760236936,0.12011912,8.884339,4.150239
20012764994957,0.11971027,8.883351,4.1523633
20012769752926,0.118207976,8.883067,4.1530147
20012774510946,0.116739176,8.883735,4.151629
20012779268967,0.116487466,8.884611,4.1497574
20012784026936,0.117767565,8.884802,4.149314
20012788784957,0.119766526,8.885042,4.1487412
20012793542978,0.121529795,8.886165,4.1462865
20012798300999,0.12289737,8.886179,4.146217
20012803058967,0.12223866,8.88513,4.1484847
20012807816988,0.11707236,8.884766,4.1494126
20012812574957,0.10998727,8.8847885,4.149557
20012817333030,0.105073914,8.8844795,4.1503453
20012822090999,0.10255813,8.883599,4.1522927
20012826849019,0.10182342,8.884087,4.151267
20012831607040,0.102859735,8.88578,4.147614
20012836365009,0.105904445,8.886775,4.1454077
20012841123030,0.10871951,8.888572,4.14148
20012845881051,0.1107706,8.891288,4.1355925
20012850639071,0.112987705,8.893656,4.130436
20012855397040,0.1147265,8.895704,4.1259747
20012860155061,0.11637515,8.898469,4.1199613
20012864913082,0.11868859,8.9019375,4.1123977
20012869671051,0.122288294,8.904246,4.1072893
20012874429071,0.12680572,8.906283,4.102736
20012879187092,0.13208404,8.909409,4.095776
20012883945113,0.13845977,8.912083,4.089744
20012888703082,0.14552832,8.914977,4.083183
20012893461103,0.15151943,8.918478,4.075312
20012898219124,0.15502764,8.921417,4.068744
20012902977092,0.15646958,8.923964,4.063102
20012907735113,0.15538092,8.92625,4.058117
20012912493134,0.15277821,8.92875,4.052711
20012917251155,0.15046248,8.930622,4.0486712
20012922009124,0.15167952,8.931666,4.0463233
20012926767144,0.15628709,8.932866,4.0434957
20012931525165,0.16356312,8.933021,4.042866
20012936283186,0.17039514,8.9330435,4.0425334
20012941041155,0.1740831,8.932621,4.043311
20012945799176,0.17327052,8.931605,4.045589
20012950557196,0.16789098,8.930949,4.047265
20012955315165,0.16109556,8.929681,4.0503373
20012960073134,0.15609215,8.928297,4.0535836
20012964831207,0.154626,8.926667,4.057227
20012969589228,0.15539262,8.924977,4.060912
20012974347196,0.1566416,8.923363,4.064411
20012979105217,0.15765348,8.921503,4.0684543
20012983863238,0.15824686,8.920737,4.0701084
20012988621207,0.15830807,8.920302,4.071059
20012993379228,0.15816057,8.919842,4.0720725
20012998137249,0.15720358,8.9200115,4.071742
20013002895217,0.15492536,8.920117,4.071597
20013007653238,0.15110861,8.920315,4.0713067
20013012411259,0.14662696,8.921115,4.0697174
20013017169228,0.14206187,8.921742,4.0685043
20013021927249,0.13788675,8.922625,4.066714
20013026685269,0.13588999,8.9238205,4.064154
20013031443290,0.13725355,8.924472,4.0626774
20013036201259,0.14133036,8.924991,4.0613985
20013040959280,0.14435108,8.925629,4.05989
20013045717301,0.14474626,8.926785,4.0573297
20013050475321,0.14222932,8.927312,4.056261
20013055233290,0.14025846,8.926274,4.058614
20013059991259,0.14004728,8.92711,4.0567827
20013064749332,0.1409659,8.928171,4.0544167
20013069507353,0.14250241,8.927515,4.0558066
20013074265321,0.14328553,8.927508,4.0557923
20013079023342,0.14292726,8.928387,4.053871
20013083781363,0.14192076,8.929381,4.0517154
20013088539332,0.1404391,8.92964,4.051198
20013093297353,0.13969894,8.9301195,4.0501637
20013098055374,0.13919266,8.930766,4.048755
20013102813394,0.13998142,8.930489,4.049341
20013107571363,0.14189313,8.9304495,4.0493617
20013112329384,0.14247906,8.930801,4.0485644
20013117087405,0.14088307,8.931505,4.0470676
20013121845426,0.13858634,8.931653,4.046819
20013126603394,0.13689229,8.931407,4.047423
20013131361415,0.1364435,8.932007,4.046112
20013136119436,0.13687344,8.932365,4.045304
20013140877405,0.13725735,8.932261,4.0455227
20013145635426,0.13605253,8.933148,4.043606
20013150393394,0.13325743,8.934147,4.0414906
20013155151415,0.130705,8.93476,4.0402184
20013159909436,0.12919492,8.935106,4.039503
20013164667457,0.1282688,8.935624,4.0383835
20013169425478,0.12706691,8.935934,4.0377374
20013174183394,0.12487728,8.936197,4.0372243
20013178941467,0.12231126,8.937282,4.0349007
20013183699488,0.119592436,8.937722,4.0340056
20013188457457,0.11689184,8.937884,4.033727
20013193215478,0.11543482,8.939008,4.0312786
20013197973499,0.114069805,8.939778,4.0296097
20013202731467,0.111477405,8.939091,4.031205
20013207489488,0.10691778,8.938612,4.0323906
20013212247509,0.10122371,8.938549,4.032676
20013217005530,0.09658756,8.937804,4.0344415
20013221763499,0.09249363,8.936805,4.0367494
20013226521519,0.08995887,8.935366,4.0399914
20013231279540,0.08954349,8.934232,4.0425076
20013236037561,0.08855292,8.933573,4.043987
20013240795530,0.085868254,8.93221,4.0470543
20013245553551,0.081235394,8.930725,4.0504236
20013250311571,0.075797416,8.9296255,4.0529537
20013255069540,0.07082185,8.928919,4.0546
20013259827561,0.06576078,8.927443,4.057936
20013264585582,0.061121322,8.9253645,4.062574
20013269343603,0.056087088,8.924397,4.0647726
20013274101571,0.052135523,8.922583,4.068807
20013278859592,0.05051693,8.920183,4.0740867
20013283617613,0.05064989,8.919118,4.0764127
20013288375582,0.05195585,8.917923,4.0790124
20013293133603,0.053502638,8.915342,4.084629
20013297891624,0.052682336,8.912628,4.0905585
20013302649644,0.04824233,8.911311,4.0934815
20013307407613,0.043159634,8.909915,4.096576
20013312165634,0.039471127,8.90749,4.1018844
20013316923655,0.0355278,8.905083,4.107144
20013321681624,0.030241005,8.903755,4.1100626
20013326439644,0.025845435,8.901333,4.1153355
20013331197665,0.022834338,8.89868,4.1210866
20013335955686,0.021588922,8.896732,4.125298
20013340713655,0.02225426,8.89421,4.1307297
20013345471676,0.024082491,8.891654,4.136216
20013350229696,0.0245271,8.889801,4.140196
20013354987665,0.020961098,8.888979,4.14198
20013359745686,0.014696837,8.888548,4.142932
20013364503707,0.008625342,8.887757,4.144645
20013369261676,0.003993977,8.888251,4.1435943
20013374019696,0.0012237098,8.888583,4.142882
20013378777717,0.0015107465,8.888088,4.1439443
20013383535738,0.0043378524,8.888693,4.1426444
20013388293655,0.006280206,8.889124,4.141718
20013393051728,0.00591301,8.888678,4.1426764
20013397809749,0.0035021645,8.88835,4.143384
20013402567717,-6.921329E-4,8.88763,4.144925
20013407325738,-0.0057993573,8.886494,4.14736
20013412083759,-0.010205928,8.88399,4.15271
20013416841780,-0.012474489,8.881626,4.157758
20013421599749,-0.013636343,8.879424,4.1624537
20013426357769,-0.014298163,8.87566,4.170474
20013431115790,-0.0135139,8.87309,4.1759405
20013435873811,-0.012928625,8.871626,4.179051
20013440631780,-0.013073413,8.870793,4.1808186
20013445389801,-0.013974086,8.870139,4.1822014
20013450147821,-0.0146749085,8.870314,4.1818295
20013454905790,-0.015364072,8.871389,4.179546
20013459663811,-0.016978392,8.871867,4.1785264
20013464421832,-0.019124217,8.872335,4.1775208
20013469179801,-0.020264462,8.873795,4.174414
20013473937821,-0.020839605,8.87476,4.172359
20013478695842,-0.020205714,8.874935,4.1719913
20013483453863,-0.017596869,8.874939,4.1719933
20013488211832,-0.012622733,8.874983,4.1719184
20013492969853,-0.006545958,8.876058,4.1696453
20013497727874,-0.0014911396,8.877271,4.167068
20013502485894,5.7227694E-4,8.87865,4.1641273
20013507243863,-0.0022498982,8.8800955,4.161044
20013512001884,-0.007938437,8.881585,4.1578565
20013516759905,-0.013719869,8.882846,4.1551466
20013521517874,-0.018008858,8.88327,4.154224
20013526275894,-0.02007211,8.883559,4.153595
20013531033915,-0.018584982,8.882719,4.155398
20013535791884,-0.014117835,8.881902,4.157162
20013540549905,-0.00792578,8.8808975,4.1593227
20013545307926,-0.0015216185,8.87933,4.162678
20013550065894,0.0026808819,8.878101,4.1652946
20013554823915,0.0027845341,8.876348,4.1690326
20013559581936,-9.150216E-4,8.874932,4.172046
20013564339957,-0.007436268,8.873479,4.1751304
20013569097926,-0.014992986,8.872027,4.178194
20013573855946,-0.020491924,8.8706255,4.181144
20013578613967,-0.021443564,8.869415,4.1837044
20013583371936,-0.018365769,8.869098,4.184394
20013588129957,-0.014246631,8.869205,4.1841836
20013592887978,-0.011310357,8.868854,4.184938
20013597645999,-0.010421022,8.869061,4.1844993
20013602403967,-0.0118353395,8.870213,4.1820536
20013607161988,-0.014415366,8.87156,4.1791863
20013611920009,-0.016658904,8.872358,4.1774855
20013616677926,-0.017574593,8.873036,4.176038
20013621435999,-0.018167367,8.875248,4.171335
20013626194019,-0.016652841,8.877784,4.1659417
20013630951884,-0.012171049,8.879345,4.1626263
20013635710009,-0.0044986415,8.88047,4.1602407
20013640468030,0.0059696543,8.882845,4.155166
20013645226051,0.01619073,8.885307,4.1498723
20013649984019,0.023630949,8.886524,4.1472306
20013654742040,0.026888678,8.888035,4.1439734
20013659500061,0.026232325,8.889794,4.140201
20013664258030,0.024314363,8.890733,4.138197
20013669016051,0.022959005,8.890759,4.1381464
20013673774071,0.02296517,8.891643,4.1362486
20013678532092,0.024757395,8.893229,4.132829
20013683290061,0.029192876,8.893493,4.13223
20013688048082,0.03581815,8.893949,4.131197
20013692806103,0.042622168,8.894655,4.1296105
20013697564071,0.04607343,8.894936,4.1289687
20013702322092,0.045245685,8.894728,4.129426
20013707080113,0.0409389,8.894574,4.129802
20013711838082,0.034054752,8.895225,4.128462
20013716596103,0.026318464,8.894836,4.129355
20013721354124,0.020052547,8.894429,4.130269
20013726112144,0.017034782,8.894956,4.129147
20013730870113,0.018930905,8.895364,4.1282597
20013735628134,0.02595621,8.895228,4.128515
20013740386155,0.035676952,8.894961,4.129016
20013745144124,0.044617783,8.895877,4.126959
20013749902144,0.052449707,8.896718,4.1250496
20013754660165,0.058295935,8.897241,4.1238446
20013759418186,0.06052861,8.898656,4.1207576
20013764176155,0.058093138,8.900153,4.117557
20013768934176,0.053030137,8.901579,4.1145425
20013773692196,0.048231214,8.902631,4.1123247
20013778450165,0.04569114,8.904305,4.1087284
20013783208186,0.047877472,8.90608,4.1048536
20013787966207,0.054569677,8.906459,4.1039505
20013792724176,0.063348904,8.906942,4.102772
20013797482196,0.07187149,8.90756,4.101292
20013802240217,0.079926856,8.907751,4.1007295
20013806998238,0.085362606,8.907404,4.1013727
20013811756207,0.085929774,8.907941,4.1001954
20013816514228,0.08240857,8.908026,4.1000814
20013821272249,0.07730644,8.906494,4.103507
20013826030217,0.07323114,8.905029,4.1067595
20013830788238,0.07074482,8.903871,4.1093144
20013835546259,0.071725495,8.902511,4.1122427
20013840304280,0.07547317,8.901719,4.1138873
20013845062249,0.08233306,8.901049,4.1152105
20013849820269,0.09166098,8.900336,4.116553
20013854578290,0.10063229,8.89943,4.1183023
20013859336259,0.10603454,8.898562,4.1200395
20013864094280,0.10793192,8.898014,4.121176
20013868852301,0.10787316,8.8973,4.1227174
20013873610269,0.1067664,8.896834,4.1237507
20013878368290,0.10615341,8.896736,4.1239786
20013883126311,0.107108966,8.896475,4.124516
20013887884332,0.10994601,8.895507,4.126529
20013892642301,0.112298176,8.895055,4.1274433
20013897400321,0.115801334,8.894845,4.127796
20013902158342,0.1210984,8.893252,4.131075
20013906916311,0.12768966,8.8911,4.1355104
20013911674332,0.13389717,8.889863,4.1379704
20013916432353,0.13995662,8.888555,4.14058
20013921190321,0.14329733,8.886478,4.144918
20013925948342,0.14364764,8.883951,4.1503205
20013930706363,0.14175884,8.882249,4.154027
20013935464384,0.14030261,8.880425,4.1579742
20013940222353,0.14020936,8.878503,4.1620827
20013944980374,0.14284141,8.877877,4.163326
20013949738394,0.14958201,8.877034,4.164885
20013954496363,0.15744954,8.876547,4.165633
20013959254384,0.16356313,8.876357,4.1658044
20013964012405,0.16791198,8.876805,4.164676
20013968770374,0.17179717,8.877616,4.1627874
20013973528394,0.17524333,8.878128,4.1615543
20013978286415,0.17728904,8.878854,4.159919
20013983044384,0.17847037,8.879,4.1595554
20013987802405,0.17830426,8.878645,4.1603208
20013992560426,0.17914626,8.877891,4.1618924
20013997318446,0.18253274,8.876589,4.164521
20014002076415,0.18896443,8.874453,4.168787
20014006834436,0.1952261,8.87116,4.175501
20014011592457,0.19993845,8.868284,4.1813803
20014016350426,0.20208932,8.865536,4.1871037
20014021108446,0.20161684,8.862318,4.1939306
20014025866467,0.19991446,8.860278,4.198321
20014030624488,0.1981112,8.8589115,4.2012887
20014035382457,0.19741043,8.8581085,4.2030134
20014040140478,0.19831783,8.856998,4.20531
20014044898499,0.19949283,8.857177,4.2048798
20014049656467,0.20096438,8.858075,4.202915
20014054414488,0.20328782,8.858049,4.202859
20014059172509,0.20650259,8.858738,4.2012506
20014063930478,0.2114951,8.859219,4.19999
20014068688446,0.21731187,8.85953,4.1990337
20014073446519,0.22292054,8.86,4.197749
20014078204488,0.22690734,8.860614,4.1962395
20014082962509,0.22914,8.862246,4.192671
20014087720530,0.23066202,8.862917,4.191169
20014092478551,0.23069628,8.863652,4.189612
20014097236519,0.23176675,8.863828,4.1891785
20014101994540,0.23440678,8.865259,4.1860013
20014106752561,0.23752499,8.866992,4.1821566
20014111510530,0.2410996,8.867054,4.1818175
20014116268551,0.24544227,8.867257,4.181134
20014121026571,0.2501906,8.867065,4.1812606
20014125784592,0.2515623,8.866918,4.181492
20014130542561,0.24827121,8.86633,4.182934
20014135300582,0.24316981,8.865464,4.185069
20014140058603,0.23844768,8.864594,4.1871815
20014144816571,0.2360617,8.86318,4.1903086
20014149574592,0.23568238,8.861096,4.1947355
20014154332613,0.23672849,8.858336,4.200502
20014159090582,0.23808096,8.856813,4.2036366
20014163848603,0.24003595,8.855596,4.206091
20014168606624,0.24316719,8.853588,4.210134
20014173364592,0.24586159,8.852496,4.212274
20014178122613,0.24586798,8.8531885,4.2108183
20014182880634,0.24282217,8.85507,4.2070384
20014187638603,0.2383525,8.855968,4.205403
20014192396624,0.23449226,8.856662,4.2041574
20014197154644,0.23246934,8.858427,4.2005506
20014201912665,0.23163424,8.861085,4.194986
20014206670634,0.23221405,8.863725,4.1893754
20014211428655,0.23432748,8.865847,4.1847634
20014216186676,0.23814185,8.868699,4.178499
20014220944644,0.2418897,8.872683,4.1698165
20014225702665,0.2437706,8.875905,4.1628437
20014230460686,0.2436719,8.878697,4.156891
20014235218707,0.24119708,8.880693,4.1527715
20014239976676,0.23707904,8.882813,4.1484694
20014244734696,0.23221649,8.884367,4.1454186
20014249492717,0.22867729,8.886488,4.141065
20014254250686,0.227847,8.889691,4.1342306
20014259008707,0.22956927,8.892837,4.127363
20014263766728,0.23470794,8.894712,4.123031
20014268524696,0.24150462,8.897092,4.1175017
20014273282717,0.24829459,8.9007015,4.1092877
20014278040738,0.25225917,8.903423,4.1031446
20014282798707,0.2527895,8.906154,4.097183
20014287556728,0.25042474,8.909106,4.090902
20014292314749,0.24379225,8.912359,4.084215
20014297072717,0.23456272,8.915234,4.0784774
20014301830738,0.22594284,8.917093,4.0748944
20014306588759,0.22113518,8.919178,4.070597
20014311346780,0.2210756,8.920239,4.0682735
20014316104749,0.22465742,8.92023,4.0680957
20014320862769,0.22937787,8.920393,4.067476
20014325620790,0.23440342,8.920343,4.067298
20014330378759,0.2379146,8.919741,4.068415
20014335136780,0.2382389,8.918943,4.070145
20014339894801,0.23364037,8.918929,4.0704417
20014344652769,0.22504446,8.918486,4.0718994
20014349410790,0.21458669,8.91768,4.0742264
20014354168811,0.20313904,8.917398,4.0754294
20014358926780,0.1924745,8.917367,4.076016
20014363684801,0.18433887,8.917443,4.0762253
20014368442821,0.17947616,8.917146,4.077094
20014373200842,0.17723775,8.9167,4.0781646
20014377958811,0.17728333,8.916601,4.078381
20014382716832,0.17856552,8.916191,4.07922
20014387474853,0.17759706,8.915874,4.079956
20014392232821,0.17256574,8.916235,4.0793834
20014396990842,0.16456154,8.916288,4.0795984
20014401748863,0.15652816,8.915558,4.0815077
20014406506780,0.15068026,8.914402,4.0842533
20014411264853,0.14752337,8.914295,4.084602
20014416022874,0.14579321,8.913761,4.0858274
20014420780894,0.14303054,8.912168,4.0894
20014425538863,0.13968389,8.9115925,4.090769
20014430296884,0.13814694,8.911181,4.0917172
20014435054905,0.1386526,8.910396,4.09341
20014439812874,0.13956353,8.909802,4.094669
20014444570894,0.13992068,8.909799,4.094667
20014449328915,0.1373609,8.909308,4.0958204
20014454086884,0.13103895,8.908635,4.097492
20014458844905,0.12139463,8.908628,4.0978036
20014463602926,0.11257192,8.908449,4.098447
20014468360894,0.108045824,8.908215,4.099076
20014473118915,0.10911923,8.9071665,4.1013265
20014477876936,0.11358064,8.905826,4.104116
20014482634905,0.11807182,8.905779,4.1040897
20014487392926,0.12031056,8.905944,4.103666
20014492150946,0.11848096,8.905606,4.104454
20014496908915,0.111879595,8.904722,4.106554
20014501666936,0.10145092,8.90481,4.106635
20014506424957,0.09094722,8.904854,4.1067853
20014511182978,0.08466106,8.904653,4.107358
20014515940946,0.08069097,8.905267,4.106105
20014520698967,0.07613608,8.906086,4.104417
20014525456988,0.071827196,8.906848,4.102838
20014530214957,0.068672545,8.907851,4.1007137
20014534972978,0.066175975,8.908607,4.0991154
20014539730999,0.06441352,8.908255,4.099907
20014544488967,0.06292351,8.907952,4.100589
20014549246988,0.05844312,8.907762,4.1010685
20014554004957,0.05085216,8.906069,4.1048436
20014558762978,0.04308273,8.903094,4.1113787
20014563520999,0.035084017,8.900182,4.117757
20014568279019,0.02647202,8.896255,4.1262994
20014573036988,0.018785091,8.891608,4.136344
20014577795009,0.013976026,8.886103,4.1481757
20014582553030,0.01017769,8.880789,4.15955
20014587311051,0.006907841,8.875712,4.170378
20014592069019,0.004996785,8.871641,4.179035
20014596827040,0.0039431024,8.868907,4.1848364
20014601585061,0.0010959131,8.866824,4.1892495
20014606343030,-0.0035711066,8.865905,4.1911917
20014611101051,-0.008425527,8.866389,4.190162
20014615859071,-0.012258896,8.866591,4.189724
20014620617040,-0.015683893,8.867046,4.18875
20014625375061,-0.018528203,8.867944,4.1868386
20014630133082,-0.019068224,8.86829,4.186103
20014634891051,-0.017655218,8.869865,4.1827703
20014639649071,-0.016686857,8.871794,4.1786833
20014644407040,-0.0169659,8.873639,4.1747594
20014649165061,-0.018296788,8.876187,4.169334
20014653923082,-0.02094215,8.880218,4.160734
20014658681103,-0.025251402,8.883471,4.1537557
20014663439124,-0.03034939,8.885677,4.1490006
20014668197092,-0.034629717,8.888026,4.1439314
20014672955113,-0.036601104,8.890244,4.1391573
20014677713134,-0.036811955,8.891801,4.1358075
20014682471103,-0.035314493,8.891435,4.1366076
20014687229124,-0.034203064,8.891836,4.1357565
20014691987144,-0.034881003,8.891615,4.136226
20014696745113,-0.037722018,8.890657,4.1382565
20014701503134,-0.04259736,8.890256,4.139072
20014706261155,-0.046944406,8.889538,4.1405683
20014711019124,-0.05053722,8.888367,4.143037
20014715777144,-0.05289053,8.885838,4.1484323
20014720535165,-0.05490977,8.884723,4.150792
20014725293134,-0.055911515,8.883313,4.153793
20014730051155,-0.054749638,8.881303,4.1581087
20014734809176,-0.052150793,8.88002,4.160879
20014739567144,-0.05008459,8.87994,4.1610746
20014744325165,-0.05275156,8.880277,4.1603236
20014749083186,-0.060272634,8.880665,4.1593933
20014753841155,-0.06881188,8.8810625,4.1584115
20014758599176,-0.075873904,8.8821335,4.1559997
20014763357196,-0.079915404,8.883766,4.152431
20014768115217,-0.07831477,8.885046,4.149726
20014772873186,-0.07233973,8.886656,4.146385
20014777631207,-0.06669199,8.88834,4.142867
20014782389228,-0.06318488,8.889822,4.139741
20014787147196,-0.060601164,8.8907795,4.137723
20014791905217,-0.058656156,8.892095,4.134924
20014796663238,-0.059710193,8.893781,4.1312795
20014801421207,-0.06356737,8.893447,4.1319413
20014806179228,-0.06919983,8.892972,4.132873
20014810937249,-0.075120404,8.892561,4.1336546
20014815695217,-0.07916384,8.892118,4.134533
20014820453238,-0.07935925,8.890995,4.136945
20014825211259,-0.07415139,8.88893,4.141472
20014829969228,-0.065493934,8.887037,4.145682
20014834727249,-0.057917397,8.885192,4.1497474
20014839485269,-0.055258494,8.883346,4.1537337
20014844243238,-0.057895906,8.881403,4.157847
20014849001259,-0.06365552,8.878904,4.163099
20014853759280,-0.06985195,8.876969,4.167123
20014858517301,-0.07510765,8.875363,4.1704507
20014863275269,-0.07801883,8.873736,4.1738596
20014868033290,-0.07689363,8.873,4.175445
20014872791311,-0.07211958,8.87243,4.176742
20014877549280,-0.065915905,8.8722105,4.17731
20014882307301,-0.05993445,8.872659,4.1764507
20014887065321,-0.055790927,8.873551,4.1746106
20014891823290,-0.053492814,8.873883,4.1739345
20014896581311,-0.055052694,8.874181,4.1732783
20014901339332,-0.059706185,8.874878,4.1717334
20014906097301,-0.065073326,8.876145,4.1689553
20014910855321,-0.067978546,8.8775015,4.166021
20014915613342,-0.06745059,8.878587,4.1637163
20014920371311,-0.06435922,8.879239,4.1623745
20014925129332,-0.059457064,8.8804245,4.1599193
20014929887353,-0.05746408,8.883246,4.1539173
20014934645321,-0.059416052,8.884953,4.1502385
20014939403342,-0.06157598,8.884895,4.1503296
20014944161363,-0.061687116,8.885146,4.1497893
20014948919332,-0.05763037,8.885163,4.1498117
20014953677353,-0.049980775,8.884775,4.150743
20014958435374,-0.040650718,8.88392,4.1526766
20014963193342,-0.03310918,8.883914,4.152754
20014967951363,-0.028617201,8.883746,4.1531467
20014972709384,-0.027195618,8.882939,4.1548815
20014977467353,-0.026313439,8.8823395,4.1561685
20014982225374,-0.024443693,8.881756,4.1574273
20014986983394,-0.021826103,8.881068,4.1589103
20014991741363,-0.018709596,8.880711,4.1596894
20014996499384,-0.015918037,8.880852,4.1593976
20015001257405,-0.015046705,8.881869,4.1572294
20015006015426,-0.016988669,8.882957,4.1548986
20015010773394,-0.020852407,8.882976,4.154839
20015015531415,-0.023952642,8.88317,4.1544085
20015020289384,-0.024379978,8.883244,4.1542473
20015025047405,-0.023251273,8.882795,4.1552124
20015029805426,-0.02355922,8.882874,4.1550436
20015034563446,-0.02483701,8.883138,4.154473
20015039321415,-0.02560769,8.883428,4.153848
20015044079436,-0.024585268,8.883167,4.154409
20015048837405,-0.021740697,8.883278,4.154188
20015053595426,-0.01940459,8.883322,4.154107
20015058353446,-0.020299206,8.882261,4.1563697
20015063111467,-0.025475608,8.881475,4.158023
20015067869436,-0.03186159,8.88089,4.1592264
20015072627457,-0.03553013,8.881636,4.157604
20015077385478,-0.034325257,8.881939,4.156966
20015082143446,-0.029807573,8.881805,4.1572847
20015086901467,-0.024615556,8.883237,4.154259
20015091659488,-0.021213546,8.884533,4.1515074
20015096417457,-0.021690328,8.884873,4.1507773
20015101175478,-0.025242804,8.884987,4.1505136
20015105933499,-0.030475602,8.88568,4.148993
20015110691467,-0.035672568,8.88614,4.147968
20015115449488,-0.03999634,8.885149,4.1500487
20015120207509,-0.04324389,8.884981,4.150376
20015124965478,-0.044578366,8.884107,4.1522326
20015129723499,-0.043116566,8.881831,4.157116
20015134481519,-0.038768027,8.8793335,4.1624923
20015139239488,-0.032931793,8.876722,4.1681046
20015143997509,-0.02811793,8.874663,4.172522
20015148755530,-0.026265532,8.8724,4.1773443
20015153513499,-0.028305354,8.871963,4.17826
20015158271519,-0.032933015,8.871997,4.1781554
20015163029540,-0.037187926,8.872493,4.1770673
20015167787509,-0.038059365,8.873665,4.174568
20015172545530,-0.037051346,8.875529,4.1706133
20015177303551,-0.034539677,8.877191,4.1670938
20015182061467,-0.02984951,8.877783,4.1658697
20015186819540,-0.023467803,8.880017,4.1611443
20015191577561,-0.016388474,8.881194,4.1586657
20015196335530,-0.010035252,8.881774,4.1574473
20015201093551,-0.005601533,8.883179,4.154454
20015205851571,-0.003654393,8.885991,4.1484356
20015210609540,-0.0032542413,8.888996,4.141996
20015215367561,-0.003588832,8.891495,4.136627
20015220125582,-0.0042187585,8.894613,4.1299186
20015224883603,-0.0046648323,8.897105,4.124548
20015229641571,-0.002413347,8.8988285,4.120829
20015234399592,0.0022754464,8.89954,4.1192913
20015239157561,0.007045222,8.900708,4.1167603
20015243915582,0.0102859475,8.900521,4.117159
20015248673603,0.01368331,8.897872,4.1228714
20015253431571,0.016940217,8.89662,4.1255636
20015258189592,0.020477692,8.89635,4.126129
20015262947613,0.024576802,8.894092,4.1309714
20015267705634,0.028587185,8.8905945,4.138465
20015272463603,0.031201782,8.888647,4.1426272
20015277221624,0.032851644,8.886647,4.146902
20015281979644,0.03499196,8.883188,4.1542892
20015286737613,0.03777089,8.880215,4.1606193
20015291495634,0.04181005,8.8787155,4.1637774
20015296253655,0.047813646,8.87746,4.166393
20015301011624,0.054811276,8.875496,4.1704874
20015305769644,0.06128517,8.874021,4.173534
20015310527665,0.06723534,8.873604,4.1743307
20015315285634,0.07374169,8.872931,4.175648
20015320043603,0.07908404,8.871363,4.1788807
20015324801676,0.081676774,8.87102,4.1795597
20015329559644,0.08326137,8.872229,4.176961
20015334317665,0.085803464,8.871885,4.1776414
20015339075634,0.09143873,8.871095,4.1791987
20015343833655,0.10049702,8.87159,4.177938
20015348591676,0.11010948,8.872533,4.175694
20015353349696,0.11840342,8.872038,4.176519
20015358107665,0.12436442,8.871395,4.177713
20015362865686,0.12782218,8.872354,4.175571
20015367623707,0.1294753,8.872268,4.1757016
20015372381676,0.13159955,8.870973,4.178387
20015377139696,0.13529013,8.869648,4.1810794
20015381897665,0.13813771,8.868756,4.1828785
20015386655686,0.13998556,8.867558,4.185357
20015391413707,0.14215986,8.865767,4.1890774
20015396171728,0.14685713,8.864323,4.191969
20015400929696,0.15434183,8.862706,4.195117
20015405687717,0.1621155,8.861,4.1984277
20015410445738,0.16767232,8.859312,4.20177
20015415203707,0.16993892,8.857966,4.204513
20015419961728,0.1691141,8.857261,4.206032
20015424719749,0.16642326,8.856121,4.208542
20015429477717,0.16507411,8.855382,4.210149
20015434235738,0.16762145,8.855706,4.2093644
20015438993707,0.17384887,8.856395,4.207663
20015443751728,0.18087482,8.8559675,4.2082663
20015448509749,0.18591635,8.855341,4.209366
20015453267769,0.1875252,8.855949,4.208016
20015458025738,0.18659253,8.856606,4.2066746
20015462783759,0.18583316,8.858004,4.2037625
20015467541728,0.18612948,8.8586645,4.202357
20015472299749,0.18684916,8.859127,4.2013483
20015477057769,0.18736443,8.860013,4.1994576
20015481815790,0.18752089,8.861029,4.197307
20015486573707,0.18753718,8.861709,4.1958704
20015491331780,0.18944918,8.861507,4.1962104
20015496089749,0.19295743,8.861501,4.1960635
20015500847769,0.19623345,8.861574,4.1957555
20015505605790,0.19822533,8.861723,4.1953497
20015510363759,0.19879088,8.860899,4.197062
20015515121780,0.19663651,8.860388,4.1982446
20015519879801,0.1911218,8.860789,4.1976485
20015524637769,0.18547013,8.860317,4.1988997
20015529395790,0.18300746,8.859327,4.2010984
20015534153811,0.18393183,8.858737,4.202302
20015538911832,0.18858744,8.858319,4.2029743
20015543669801,0.19567582,8.857519,4.2043376
20015548427821,0.20049523,8.857289,4.204595
20015553185790,0.20001845,8.857413,4.2043567
20015557943811,0.19494244,8.857135,4.2051806
20015562701832,0.18939675,8.856974,4.205774
20015567459801,0.1858205,8.856941,4.2060013
20015572217821,0.18330005,8.856778,4.206457
20015576975842,0.1818788,8.856661,4.206765
20015581733811,0.18130422,8.856247,4.2076607
20015586491832,0.18143933,8.855486,4.209255
20015591249853,0.1813333,8.854685,4.210943
20015596007821,0.18042707,8.85409,4.2122364
20015600765842,0.18057697,8.852877,4.214778
20015605523863,0.18212852,8.851925,4.2167106
20015610281832,0.18353978,8.851566,4.2174006
20015615039853,0.18341275,8.851051,4.2184873
20015619797874,0.18174566,8.850879,4.218922
20015624555842,0.17961647,8.851404,4.2179117
20015629313863,0.17755498,8.852487,4.215726
20015634071884,0.17712381,8.8525715,4.2155647
20015638829853,0.17898147,8.853841,4.2128215
20015643587874,0.18148988,8.856323,4.207492
20015648345894,0.18331848,8.858197,4.203466
20015653103863,0.18229237,8.859307,4.2011685
20015657861884,0.17908886,8.860948,4.1978455
20015662619905,0.1747948,8.8627825,4.194153
20015667377874,0.1716215,8.8637905,4.192154
20015672135894,0.17096446,8.8642235,4.1912627
20015676893915,0.17139958,8.864202,4.1912937
20015681651884,0.17267632,8.86371,4.1922817
20015686409905,0.17362666,8.86241,4.1949906
20015691167926,0.1750072,8.860037,4.1999426
20015695925894,0.17506568,8.857759,4.20474
20015700683915,0.17317647,8.856082,4.2083507
20015705441936,0.17039539,8.854923,4.2109013
20015710199905,0.16842587,8.854276,4.212341
20015714957926,0.16964325,8.855211,4.2103257
20015719715946,0.17170724,8.856653,4.2072077
20015724473915,0.17300898,8.858165,4.2039733
20015729231936,0.1737742,8.859735,4.2006316
20015733989905,0.17348221,8.861645,4.1966105
20015738747926,0.1734194,8.863883,4.191884
20015743505946,0.17398734,8.865247,4.1889763
20015748263967,0.17542595,8.867109,4.18497
20015753021936,0.17591523,8.869158,4.180608
20015757779957,0.17514722,8.8717,4.1752415
20015762537926,0.17302424,8.8744135,4.1695604
20015767295946,0.17104179,8.877057,4.1640134
20015772053967,0.16910663,8.879503,4.158872
20015776811936,0.16766548,8.881792,4.1540394
20015781569957,0.16631073,8.883304,4.1508603
20015786327978,0.16469122,8.8836775,4.150126
20015791085946,0.16069911,8.883159,4.1513925
20015795843967,0.1542053,8.882207,4.153672
20015800601988,0.14880513,8.880476,4.1575704
20015805359957,0.14576654,8.878489,4.161921
20015810117926,0.14400585,8.876796,4.16559
20015814875999,0.1432385,8.873839,4.171911
20015819633967,0.14221345,8.871924,4.1760154
20015824391988,0.13960879,8.870374,4.1793976
20015829150009,0.13369927,8.867545,4.185588
20015833907978,0.12654334,8.864937,4.1913314
20015838665999,0.12013661,8.863622,4.194302
20015843424019,0.1143369,8.861989,4.19791
20015848181988,0.10850383,8.858954,4.204466
20015852940009,0.10335421,8.857114,4.208472
20015857698030,0.100000605,8.856672,4.2094836
20015862455999,0.0990482,8.856009,4.210901
20015867214019,0.10059357,8.854214,4.21464
20015871971988,0.10469492,8.8533745,4.2163
20015876730009,0.109496705,8.854751,4.2132874
20015881488030,0.11229848,8.855436,4.2117743
20015886245999,0.11297339,8.85561,4.2113895
20015891004019,0.11408008,8.856985,4.2084675
20015895762040,0.11742133,8.859195,4.2037206
20015900520009,0.12078515,8.860062,4.201799
20015905278030,0.12147579,8.859894,4.2021327
20015910036051,0.12054993,8.861428,4.198922
20015914794019,0.119738996,8.86232,4.1970615
20015919552040,0.119739585,8.861393,4.1990194
20015924310061,0.122028634,8.859631,4.202671
20015929068030,0.12811747,8.858876,4.2040796
20015933826051,0.13627943,8.85841,4.2048044
20015938584071,0.1427052,8.856894,4.2077875
20015943342040,0.14611168,8.855582,4.210428
20015948100061,0.14547369,8.854898,4.211886
20015952858082,0.1427843,8.854235,4.213377
20015957616051,0.13887306,8.852193,4.2177925
20015962374071,0.13368122,8.85146,4.2194996
20015967132092,0.12772614,8.851595,4.2194004
20015971890061,0.123500295,8.851158,4.2204413
20015976648082,0.123672105,8.85089,4.2209992
20015981406103,0.1267634,8.851626,4.219362
20015986164071,0.13204566,8.853293,4.215701
20015990922092,0.13675362,8.853616,4.2148757
20015995680061,0.13736162,8.853787,4.2144938
20016000438082,0.13318455,8.854722,4.212664
20016005196103,0.12654582,8.85584,4.2105203
20016009954071,0.12087469,8.856966,4.2083178
20016014712092,0.11623392,8.8575115,4.2072997
20016019470113,0.11302277,8.858295,4.205736
20016024228082,0.11112158,8.85982,4.202573
20016028986103,0.10964262,8.860929,4.200274
20016033744124,0.109225854,8.861138,4.199844
20016038502092,0.10954222,8.861496,4.1990795
20016043260113,0.11202862,8.861353,4.199316
20016048018082,0.117552474,8.86137,4.199131
20016052776103,0.12358916,8.860762,4.2002406
20016057534124,0.12586948,8.859464,4.202909
20016062292144,0.12278499,8.858642,4.204732
20016067050113,0.116967194,8.85797,4.206314
20016071808134,0.11142545,8.855909,4.210801
20016076566103,0.110049136,8.853684,4.215513
20016081324124,0.11504017,8.852916,4.216995
20016086082144,0.12467254,8.852068,4.218499
20016090840113,0.13252974,8.850957,4.2205915
20016095598134,0.13335039,8.851314,4.2198176
20016100356155,0.12913442,8.852196,4.218097
20016105114124,0.1227808,8.850992,4.2208123
20016109872144,0.11683166,8.849482,4.2241454
20016114630165,0.113171235,8.8487625,4.225751
20016119388134,0.11314703,8.848127,4.2270846
20016124146155,0.11505538,8.846962,4.229469
20016128904176,0.11615552,8.845835,4.2317953
20016133662144,0.11741911,8.846661,4.230035
20016138420165,0.12135901,8.8478365,4.2274623
20016143178186,0.12797344,8.847684,4.227588
20016147936155,0.13330881,8.84827,4.2261944
20016152694176,0.13522154,8.849731,4.2230744
20016157452196,0.13385597,8.850678,4.2211323
20016162210165,0.12986377,8.85051,4.221612
20016166968186,0.12490519,8.851715,4.2192345
20016171726155,0.121156335,8.85383,4.2149024
20016176484176,0.11945881,8.855188,4.212096
20016181242196,0.11956438,8.856548,4.209232
20016186000165,0.120916605,8.858759,4.2045403
20016190758186,0.12378058,8.861407,4.198872
20016195516207,0.1279517,8.862975,4.195439
20016200274176,0.13074046,8.864456,4.19222
20016205032196,0.1320427,8.866332,4.1882114
20016209790217,0.13159962,8.868348,4.183953
20016214548186,0.12851582,8.869705,4.181174
20016219306207,0.12396368,8.870162,4.180342
20016224064228,0.11948873,8.871003,4.1786847
20016228822196,0.1174677,8.870637,4.179521
20016233580217,0.117890954,8.869598,4.1817107
20016238338238,0.11879858,8.867305,4.1865454
20016243096207,0.12150289,8.864959,4.1914363
20016247854228,0.127715,8.863727,4.193855
20016252612196,0.13570046,8.862404,4.196399
20016257370217,0.142358,8.861302,4.1985035
20016262128238,0.14508015,8.861507,4.1979785
20016266886207,0.14446169,8.862909,4.195039
20016271644228,0.1421588,8.863169,4.19457
20016276402249,0.14204548,8.863293,4.1943107
20016281160217,0.14561129,8.864313,4.192033
20016285918186,0.15242776,8.864874,4.1906037
20016290676259,0.16065529,8.864918,4.1902056
20016295434228,0.16734685,8.866249,4.1871243
20016300192249,0.1710753,8.867577,4.1841626
20016304950217,0.17315327,8.867913,4.183362
20016309708238,0.17526749,8.870353,4.1781006
20016314466259,0.17908154,8.873431,4.171394
20016319224228,0.18277375,8.874612,4.168722
20016323982249,0.1840915,8.874239,4.169458
20016328740269,0.18400905,8.875493,4.1667905
20016333498238,0.18482678,8.877056,4.163425
20016338256259,0.18604846,8.875482,4.1667247
20016343014280,0.18861273,8.872523,4.1729074
20016347772249,0.19188102,8.87064,4.1767573
20016352530269,0.19490688,8.868804,4.180516
20016357288290,0.19482088,8.865081,4.1884108
20016362046259,0.19291058,8.861164,4.196778
20016366804280,0.19163235,8.859378,4.200606
20016371562249,0.19323795,8.8566675,4.2062435
20016376320269,0.19614181,8.851595,4.2167745
20016381078290,0.19926819,8.848123,4.22391
20016385836259,0.20191166,8.846201,4.227806
20016390594280,0.20163387,8.84306,4.2343864
20016395352301,0.19846134,8.839746,4.2414474
20016400110269,0.19598657,8.838464,4.2442365
20016404868290,0.19506392,8.839144,4.2428627
20016409626311,0.19429618,8.838159,4.2449484
20016414384280,0.19330299,8.837461,4.2464447
20016419142301,0.19228445,8.839165,4.2429447
20016423900321,0.19230638,8.841825,4.237396
20016428658290,0.1947605,8.843867,4.233021
20016433416311,0.20043705,8.844502,4.2314296
20016438174280,0.20671102,8.846997,4.2259064
20016442932301,0.21068275,8.84921,4.2210765
20016447690321,0.2100785,8.850239,4.2189484
20016452448290,0.20607378,8.851681,4.2161207
20016457206311,0.20197842,8.853882,4.2116957
20016461964332,0.20106101,8.855731,4.207848
20016466722301,0.20427197,8.854943,4.2093515
20016471480321,0.2079012,8.855153,4.2087326
20016476238342,0.21031365,8.856431,4.2059216
20016480996311,0.21272872,8.856474,4.20571
20016485754332,0.21649642,8.854768,4.2091093
20016490512353,0.2204987,8.854181,4.2101345
20016495270321,0.22431503,8.854784,4.2086673
20016500028342,0.22746591,8.853693,4.210793
20016504786311,0.22902295,8.852276,4.2136874
20016509544332,0.22838664,8.852466,4.2133207
20016514302353,0.22596715,8.853563,4.2111444
20016519060321,0.224546,8.853061,4.212278
20016523818342,0.22584549,8.852232,4.21395
20016528576363,0.22958651,8.853561,4.210955
20016533334332,0.23323546,8.854618,4.2085304
20016538092353,0.23478734,8.854633,4.2084126
20016542850321,0.23543401,8.854752,4.208128
20016547608342,0.23652124,8.8573,4.2026997
20016552366363,0.23911767,8.858126,4.2008114
20016557124332,0.2420686,8.857968,4.2009764
20016561882353,0.24342588,8.859326,4.1980333
20016566640374,0.2434967,8.860861,4.19479
20016571398342,0.24418499,8.861435,4.193536
20016576156363,0.24764667,8.861946,4.19225
20016580914384,0.25251064,8.863303,4.1890893
20016585672353,0.2569022,8.86346,4.188492
20016590430374,0.2597272,8.863023,4.1892424
20016595188342,0.260974,8.86206,4.1912007
20016599946363,0.26073715,8.861319,4.192785
20016604704384,0.26063114,8.861226,4.1929874
20016609462353,0.26308572,8.860011,4.195399
20016614220374,0.26651767,8.858515,4.1983414
20016618978394,0.2708802,8.857782,4.199606
20016623736363,0.27683333,8.857125,4.200605
20016628494384,0.28278512,8.855971,4.20264
20016633252405,0.28619647,8.85462,4.205257
20016638010374,0.2880429,8.853891,4.2066665
20016642768394,0.28874126,8.852696,4.209131
20016647526363,0.28857446,8.850951,4.212812
20016652284384,0.28850538,8.849522,4.215819
20016657042405,0.29055876,8.848974,4.2168274
20016661800374,0.294476,8.84845,4.2176538
20016666558394,0.30071703,8.847047,4.2201576
20016671316415,0.3090382,8.845871,4.222018
20016676074384,0.31553242,8.844759,4.2238693
20016680832405,0.31845504,8.842661,4.22804
20016685590374,0.31947592,8.839825,4.233888
20016690348394,0.3196286,8.838052,4.237578
20016695106415,0.31787664,8.836818,4.2402797
20016699864384,0.31578788,8.835073,4.244071
20016704622405,0.3163968,8.833585,4.2471223
20016709380426,0.32016695,8.832801,4.2484703
20016714138342,0.32609165,8.83182,4.2500606
20016718896415,0.33195105,8.831824,4.2495956
20016723654436,0.3349717,8.832233,4.2485104
20016728412405,0.3346533,8.832843,4.2472672
20016733170426,0.3323836,8.8335705,4.2459345
20016737928394,0.3290533,8.834773,4.2436886
20016742686415,0.3250096,8.836504,4.240395
20016747444436,0.32387626,8.837916,4.2375402
20016752202405,0.32536936,8.83923,4.2346816
20016756960426,0.3275352,8.84006,4.2327843
20016761718394,0.33013526,8.840414,4.231842
20016766476415,0.3328975,8.840332,4.2317977
20016771234436,0.335655,8.839574,4.2331643
20016775992405,0.3373057,8.838117,4.2360697
20016780750426,0.33647385,8.835915,4.24073
20016785508446,0.3316517,8.834424,4.2442126
20016790266415,0.32515326,8.833651,4.2463255
20016795024436,0.3196884,8.833157,4.2477684
20016799782457,0.31631967,8.83309,4.2481585
20016804540426,0.31566215,8.833707,4.2469244
20016809298446,0.31867868,8.83445,4.245153
20016814056415,0.32157692,8.83541,4.242935
20016818814436,0.32152757,8.837941,4.237666
20016823572457,0.31938896,8.840049,4.2334294
20016828330426,0.31633013,8.841767,4.2300687
20016833088446,0.31438732,8.844126,4.2252817
20016837846467,0.31328818,8.847846,4.2175665
20016842604436,0.31324562,8.850564,4.211862
20016847362457,0.3127271,8.852611,4.2075963
20016852120478,0.3105691,8.856168,4.2002635
20016856878446,0.30683962,8.860241,4.1919403
20016861636467,0.30363262,8.862751,4.186864
20016866394436,0.3021689,8.863837,4.1846724
20016871152457,0.30224434,8.865578,4.1809764
20016875910478,0.30247098,8.86705,4.1778364
20016880668446,0.30254403,8.866722,4.1785274
20016885426467,0.30094275,8.866077,4.18001
20016890184436,0.29688555,8.864859,4.1828856
20016894942457,0.2921936,8.862491,4.188228
20016899700478,0.28846902,8.860594,4.1924996
20016904458446,0.2866841,8.858695,4.1966314
20016909216467,0.287116,8.855724,4.2028675
20016913974488,0.28811237,8.85211,4.2104073
20016918732457,0.2874278,8.849505,4.215923
20016923490478,0.28492683,8.846887,4.221587
20016928248446,0.28271085,8.843183,4.22949
20016933006467,0.28051704,8.840586,4.235061
20016937764488,0.27874973,8.839208,4.2380524
20016942522457,0.27636394,8.83809,4.2405396
20016947280478,0.27169284,8.837154,4.242791
20016952038499,0.26446998,8.837532,4.242461
20016956796467,0.25596574,8.838276,4.241433
20016961554488,0.24964668,8.838605,4.2411256
20016966312509,0.24781115,8.840314,4.237668
20016971070478,0.24938773,8.842442,4.2331343
20016975828499,0.2534416,8.84296,4.231809
20016980586415,0.25692663,8.843437,4.2306027
20016985344488,0.25862265,8.844686,4.2278905
20016990102457,0.25693786,8.846127,4.2249784
20016994860478,0.2534823,8.846292,4.2248383
20016999618499,0.25135067,8.845602,4.2264094
20017004376467,0.25002882,8.845327,4.2270627
20017009134488,0.24921675,8.844511,4.228819
20017013892509,0.24849062,8.842479,4.233107
20017018650478,0.24901329,8.839169,4.239984
20017023408499,0.25124997,8.83682,4.2447476
20017028166519,0.2548707,8.83595,4.24634
20017032924488,0.26033288,8.833706,4.250677
20017037682509,0.2654763,8.830286,4.2574587
20017042440478,0.26809514,8.827853,4.262339
20017047198499,0.26866105,8.827306,4.2634354
20017051956519,0.26928064,8.826093,4.2659063
20017056714488,0.2697116,8.823447,4.2713475
20017061472509,0.26965123,8.823072,4.2721276
20017066230530,0.27030584,8.823962,4.270246
20017070988499,0.27189028,8.823392,4.2713265
20017075746519,0.27293998,8.822387,4.2733355
20017080504488,0.27492636,8.823162,4.271606
20017085262509,0.27934968,8.824579,4.2683873
20017090020530,0.2848929,8.824566,4.2680516
20017094778499,0.2892501,8.824702,4.267476
20017099536519,0.29053172,8.825966,4.2647743
20017104294488,0.2901166,8.826426,4.2638507
20017109052509,0.2884749,8.825822,4.2652135
20017113810530,0.2885028,8.825633,4.2656026
20017118568499,0.29245442,8.825218,4.2661905
20017123326519,0.29918802,8.824778,4.266634
20017128084540,0.306866,8.824638,4.266379
20017132842509,0.31222808,8.824628,4.2660108
20017137600530,0.31649113,8.824441,4.2660837
20017142358551,0.32014194,8.824077,4.2665634
20017147116519,0.32400683,8.823232,4.268019
20017151874540,0.3290516,8.822621,4.2688956
20017156632509,0.33331007,8.822274,4.2692804
20017161390530,0.33613813,8.821022,4.2716475
20017166148551,0.33715227,8.820335,4.272983
20017170906519,0.33780092,8.8206005,4.272385
20017175664540,0.34019116,8.82055,4.2723017
20017180422509,0.34420624,8.819426,4.274299
20017185180530,0.34868318,8.818694,4.275445
20017189938551,0.352377,8.818814,4.274898
20017194696519,0.3551581,8.81821,4.275912
20017199454540,0.35732037,8.817879,4.276416
20017204212509,0.35963574,8.817469,4.277067
20017208970530,0.36301062,8.817215,4.277304
20017213728551,0.36589372,8.816566,4.278394
20017218486519,0.36732522,8.815232,4.281021
20017223244540,0.36772022,8.814471,4.282553
20017228002561,0.3678294,8.814055,4.2834015
20017232760530,0.36905247,8.8134575,4.2845225
20017237518551,0.37115932,8.812959,4.285368
20017242276519,0.37343505,8.813016,4.285054
20017247034540,0.37568077,8.812529,4.2858605
20017251792561,0.37885752,8.813034,4.28454
20017256550530,0.38194466,8.814504,4.2812433
20017261308551,0.3836772,8.8164835,4.2770076
20017266066571,0.38476303,8.8176565,4.27449
20017270824540,0.38666964,8.818189,4.2732215
20017275582561,0.38797238,8.819813,4.269752
20017280340530,0.38834766,8.820472,4.2683554
20017285098551,0.38824657,8.820789,4.267708
20017289856519,0.38832352,8.821265,4.2667165
20017294614540,0.38888234,8.822118,4.2649016
20017299372561,0.3904735,8.822095,4.264805
20017304130530,0.39231715,8.820627,4.26767
20017308888551,0.39337894,8.820383,4.2680764
20017313646571,0.3942019,8.819277,4.2702875
20017318404540,0.39454383,8.816743,4.275485
20017323162561,0.39478076,8.814129,4.280849
20017327920530,0.3942798,8.812728,4.2837787
20017332678551,0.39489663,8.810659,4.2879744
20017337436571,0.39668187,8.808279,4.2926984
20017342194540,0.39737076,8.80816,4.2928767
20017346952561,0.39705345,8.808635,4.291934
20017351710582,0.39737117,8.808923,4.291313
20017356468551,0.3994434,8.809666,4.289596
20017361226571,0.40181383,8.81123,4.286158
20017365984540,0.4029806,8.812375,4.283695
20017370742561,0.40415004,8.813154,4.2819824
20017375500582,0.40683255,8.814077,4.2798266
20017380258551,0.40875906,8.815331,4.2770586
20017385016571,0.40605444,8.816118,4.2756953
20017389774540,0.4018496,8.816931,4.2744164
20017394532561,0.39952448,8.819739,4.268838
20017399290582,0.40041262,8.8216915,4.2647166
20017404048551,0.40157855,8.822332,4.263283
20017408806571,0.40241987,8.822303,4.263263
20017413564540,0.4031279,8.823694,4.260316
20017418322561,0.40146068,8.824243,4.2593374
20017423080582,0.39810953,8.822883,4.2624683
20017427838551,0.39468497,8.821167,4.2663374
20017432596571,0.39254823,8.820083,4.2687736
20017437354540,0.3906517,8.819906,4.269313
20017442112561,0.38930225,8.817549,4.2743015
20017446870582,0.38868213,8.81521,4.279179
20017451628551,0.3874807,8.813658,4.282487
20017456386571,0.3851183,8.812546,4.284987
20017461144592,0.38289762,8.810134,4.2901406
20017465902561,0.38127944,8.807247,4.2962084
20017470660582,0.3801486,8.805139,4.300628
20017475418551,0.37837923,8.805298,4.3004603
20017480176571,0.37505955,8.805675,4.2999783
20017484934592,0.37180233,8.805122,4.301391
20017489692561,0.36904743,8.806627,4.2985473
20017494450582,0.36572868,8.808787,4.294403
20017499208551,0.36118892,8.80979,4.292731
20017503966571,0.35594952,8.811435,4.289792
20017508724592,0.35075557,8.814664,4.283579
20017513482561,0.34548298,8.8166895,4.2798386
20017518240582,0.34190091,8.816751,4.2799993
20017522998551,0.34120694,8.818234,4.2769976
20017527756571,0.3414928,8.820543,4.272212
20017532514592,0.34166732,8.822414,4.268331
20017537272561,0.34046942,8.822863,4.2675004
20017542030582,0.33636716,8.822758,4.2680435
20017546788603,0.33148053,8.823036,4.2678485
20017551546571,0.32776305,8.823569,4.267035
20017556304592,0.3255097,8.822588,4.2692347
20017561062561,0.32312828,8.821196,4.272291
20017565820582,0.31900808,8.820569,4.2738943
20017570578603,0.31356788,8.820237,4.274983
20017575336571,0.30828747,8.820462,4.2749033
20017580094592,0.304423,8.820062,4.2760034
20017584852561,0.30137122,8.819464,4.2774563
20017589610582,0.2967817,8.819262,4.278191
20017594368603,0.29202095,8.819574,4.277875
20017599126571,0.28767565,8.819189,4.278964
20017603884592,0.2825675,8.818443,4.28084
20017608642561,0.2764607,8.819407,4.2792535
20017613400582,0.27165002,8.82056,4.2771864
20017618158603,0.26918238,8.821731,4.274926
20017622916571,0.26831302,8.821721,4.2750015
20017627674592,0.26685992,8.822028,4.274458
20017632432561,0.2646957,8.8222065,4.274225
20017637190530,0.2624286,8.822537,4.2736826
20017641948603,0.25896296,8.822927,4.2730875
20017646706571,0.25562024,8.823671,4.271752
20017651464592,0.25284111,8.824964,4.2692485
20017656222561,0.25149438,8.826648,4.265844
20017660980582,0.2517064,8.828698,4.2615857
20017665738603,0.25308213,8.829278,4.2603054
20017670496571,0.25380093,8.829592,4.259611
20017675254592,0.25189826,8.830008,4.2588625
20017680012613,0.247286,8.830334,4.258456
20017684770582,0.23988271,8.829919,4.259739
20017689528603,0.23221558,8.830116,4.2597547
20017694286571,0.22848327,8.831091,4.2579355
20017699044592,0.2286104,8.831443,4.2572002
20017703802561,0.22965072,8.831495,4.257035
20017708560582,0.22961774,8.831563,4.256894
20017713318603,0.22841942,8.832354,4.2553205
20017718076571,0.22683124,8.832286,4.2555447
20017722834592,0.22642606,8.831934,4.256296
20017727592561,0.22612663,8.833031,4.2540355
20017732350582,0.22539361,8.8348255,4.2503467
20017737108603,0.22286077,8.835305,4.2494802
20017741866571,0.21866019,8.835289,4.249734
20017746624592,0.21488671,8.835606,4.249269
20017751382613,0.21156958,8.834612,4.2515
20017756140582,0.20940702,8.833243,4.2544518
20017760898603,0.20803389,8.831941,4.2572203
20017765656571,0.2072948,8.8304,4.2604513
20017770414592,0.2070763,8.828034,4.2653613
20017775172613,0.20543449,8.826797,4.2680016
20017779930582,0.20456955,8.826653,4.2683406
20017784688603,0.20575278,8.825481,4.270706
20017789446571,0.20688757,8.825391,4.2708387
20017794204592,0.20777708,8.825592,4.2703815
20017798962561,0.20803168,8.825959,4.269609
20017803720582,0.20633018,8.825112,4.271441
20017808478551,0.2030509,8.824675,4.2725024
20017813236571,0.20058948,8.825137,4.2716627
20017817994592,0.20068638,8.824891,4.272167
20017822752613,0.20350182,8.823797,4.2742934
20017827510582,0.20790662,8.823401,4.274898
20017832268603,0.21165653,8.824559,4.272322
20017837026571,0.2121987,8.824522,4.272373
20017841784592,0.2107222,8.822692,4.276222
20017846542613,0.20904884,8.821486,4.2787933
20017851300582,0.20721787,8.820375,4.2811728
20017856058603,0.20554274,8.817377,4.287424
20017860816571,0.20676427,8.813641,4.2950406
20017865574592,0.21136671,8.811792,4.2986064
20017870332613,0.21742623,8.810195,4.3015785
20017875090582,0.22286153,8.80784,4.3061204
20017879848603,0.22665241,8.805694,4.310309
20017884606571,0.22816768,8.805843,4.3099246
20017889364592,0.22641665,8.806424,4.3088317
20017894122561,0.22363997,8.806183,4.309468
20017898880582,0.22154883,8.806428,4.309076
20017903638603,0.2249992,8.807062,4.3075995
20017908396571,0.23287944,8.808275,4.304699
20017913154592,0.24074031,8.808447,4.3039174
20017917912561,0.24713637,8.808708,4.303019
20017922670582,0.25228205,8.808162,4.303839
20017927428603,0.2554839,8.808508,4.3029413
20017932186571,0.2567671,8.809858,4.3001003
20017936944592,0.25714302,8.811698,4.296305
20017941702561,0.25833005,8.81257,4.294448
20017946460582,0.25907627,8.812701,4.2941313
20017951218603,0.25938383,8.813163,4.2931643
20017955976571,0.25903,8.812153,4.295258
20017960734592,0.25866657,8.809164,4.3014064
20017965492561,0.26038855,8.806693,4.3063617
20017970250582,0.26690346,8.805315,4.30878
20017975008603,0.27809152,8.803183,4.312428
20017979766571,0.28877938,8.800128,4.317955
20017984524592,0.29397532,8.798318,4.3212914
20017989282561,0.2942521,8.796321,4.325338
20017994040582,0.29088128,8.792996,4.332319
20017998798551,0.28803056,8.78881,4.3409963
20018003556571,0.2872967,8.785432,4.347878
20018008314592,0.28921688,8.78364,4.3513694
20018013072561,0.29355097,8.781754,4.354885
20018017830582,0.29945606,8.779507,4.3590083
20018022588551,0.3067862,8.77979,4.35793
20018027346571,0.31489766,8.781469,4.353965
20018032104592,0.3220462,8.783263,4.3498225
20018036862561,0.3271932,8.784504,4.346933
20018041620582,0.32919255,8.787531,4.34066
20018046378603,0.32947838,8.791689,4.332208
20018051136571,0.33023036,8.793939,4.3275833
20018055894592,0.33185798,8.795818,4.323636
20018060652509,0.33399245,8.799682,4.315603
20018065410582,0.3372069,8.802289,4.310033
20018070168551,0.34229678,8.803234,4.3077016
20018074926571,0.34828135,8.804389,4.30486
20018079684592,0.35316324,8.805994,4.3011785
20018084442561,0.35699922,8.806659,4.2994995
20018089200582,0.36002365,8.807187,4.298166
20018093958551,0.36134744,8.807157,4.298116
20018098716571,0.361111,8.808252,4.295891
20018103474592,0.36126333,8.808996,4.294354
20018108232561,0.36383492,8.80905,4.294026
20018112990582,0.36620954,8.809559,4.2927775
20018117748551,0.36627293,8.810775,4.290279
20018122506571,0.36402455,8.812295,4.287345
20018127264540,0.3607739,8.81377,4.284585
20018132022561,0.3574471,8.815846,4.280593
20018136780582,0.3560199,8.817622,4.277053
20018141538551,0.35835418,8.81945,4.2730875
20018146296571,0.36316526,8.821351,4.2687554
20018151054592,0.36760446,8.824188,4.2625036
20018155812561,0.37040335,8.8264065,4.257667
20018160570582,0.37263584,8.827333,4.2555513
20018165328551,0.37295175,8.828262,4.253595
20018170086571,0.37226525,8.83088,4.248219
20018174844540,0.3719444,8.833027,4.2437806
20018179602561,0.37092075,8.834105,4.241626
20018184360582,0.36909992,8.836726,4.2363224
20018189118551,0.36702323,8.840415,4.228799
20018193876571,0.3661851,8.842659,4.2241764
20018198634540,0.36673635,8.8429365,4.223547
20018203392561,0.36714962,8.843825,4.2216516
20018208150582,0.36626685,8.845237,4.2187705
20018212908551,0.36460578,8.844282,4.2209163
20018217666571,0.3622603,8.842325,4.225215
20018222424540,0.35893834,8.841075,4.2281137
20018227182561,0.35675088,8.839727,4.231114
20018231940582,0.35662824,8.837826,4.235097
20018236698551,0.35570878,8.836336,4.2382817
20018241456571,0.35235268,8.83609,4.2390733
20018246214540,0.34784025,8.835099,4.2415113
20018250972561,0.3428778,8.834116,4.243961
20018255730582,0.33836567,8.834055,4.244452
20018260488551,0.33484286,8.833696,4.245476
20018265246571,0.3324131,8.831872,4.2494607
20018270004540,0.3308709,8.830385,4.2526727
20018274762561,0.32843572,8.829791,4.2540946
20018279520530,0.32380894,8.828708,4.2566943
20018284278551,0.3179382,8.827663,4.2593017
20018289036519,0.3120929,8.826746,4.261637
20018293794540,0.30692834,8.82586,4.2638474
20018298552561,0.30365762,8.82391,4.268114
20018303310664,0.3036686,8.821893,4.2722797
20018308068685,0.3047313,8.819805,4.2765117
20018312826653,0.30485275,8.817423,4.281415
20018317584674,0.30440894,8.815549,4.285303
20018322342695,0.30320483,8.813925,4.288726
20018327100664,0.30149308,8.812213,4.292364
20018331858633,0.29921225,8.810611,4.2958117
20018336616653,0.29593614,8.809727,4.297851
20018341374674,0.2913819,8.808424,4.30083
20018346132695,0.28662178,8.807558,4.302925
20018350890612,0.2838622,8.807844,4.302522
20018355648685,0.28355736,8.80731,4.303636
20018360406653,0.28538594,8.8065195,4.305133
20018365164674,0.28728002,8.806161,4.3057394
20018369922643,0.28647396,8.806282,4.305543
20018374680664,0.2809745,8.806228,4.3060184
20018379438685,0.27306238,8.8054285,4.3081617
20018384196653,0.2658667,8.805428,4.3086147
20018388954674,0.26072893,8.804397,4.311034
20018393712643,0.25912216,8.80214,4.315737
20018398470664,0.26234147,8.799004,4.321932
20018403228685,0.26776704,8.796737,4.3262105
20018407986653,0.26990327,8.794006,4.331627
20018412744674,0.26596648,8.791499,4.3369575
20018417502643,0.2588214,8.791681,4.3370185
20018422260664,0.25152138,8.792359,4.336075
20018427018685,0.24570929,8.792296,4.336535
20018431776653,0.24074379,8.793098,4.335188
20018436534674,0.23881021,8.794984,4.3314686
20018441292643,0.23931183,8.796132,4.3291097
20018446050664,0.24000686,8.796442,4.3284383
20018450808633,0.23946106,8.79733,4.326665
20018455566653,0.238898,8.798399,4.3245225
20018460324674,0.23794927,8.799023,4.323304
20018465082643,0.2365138,8.799619,4.322172
20018469840664,0.2351586,8.801807,4.317787
20018474598633,0.2323404,8.803811,4.31385
20018479356653,0.2278809,8.804904,4.311859
20018484114622,0.22227184,8.805599,4.3107314
20018488872643,0.21687208,8.807351,4.3074255
20018493630664,0.21236302,8.807293,4.3077703
20018498388633,0.20905928,8.806451,4.3096533
20018503146653,0.2067726,8.80675,4.30915
20018507904622,0.20431468,8.806474,4.309832
20018512662643,0.20060806,8.80578,4.3114223
20018517420612,0.19668737,8.804156,4.3149176
20018522178633,0.19356366,8.802981,4.3174596
20018526936653,0.19061798,8.801055,4.321514
20018531694622,0.18716452,8.798164,4.3275466
20018536452643,0.18459938,8.79457,4.334955
20018541210612,0.18295889,8.792617,4.338987
20018545968633,0.1795932,8.791492,4.341404
20018550726601,0.17380619,8.789779,4.345107
20018555484622,0.16908245,8.78987,4.3451104
20018560242643,0.1668238,8.7910385,4.3428345
20018565000612,0.16682181,8.791487,4.3419247
20018569758633,0.16823228,8.792253,4.3403196
20018574516601,0.17093085,8.794954,4.3347354
20018579274622,0.1730296,8.79729,4.3299117
20018584032643,0.17290227,8.799128,4.3261805
20018588790612,0.17118035,8.801535,4.3213496
20018593548633,0.17026818,8.804382,4.3155828
20018598306601,0.17203702,8.806662,4.310859
20018603064622,0.17455672,8.807998,4.308027
20018607822591,0.17610481,8.809963,4.303943
20018612580612,0.17651209,8.810544,4.3027368
20018617338633,0.17606406,8.810451,4.3029466
20018622096601,0.1762929,8.809463,4.304958
20018626854622,0.1784818,8.808757,4.306316
20018631612591,0.18227318,8.807647,4.3084235
20018636370612,0.18581617,8.806115,4.3114023
20018641128580,0.18710084,8.805692,4.312212
20018645886601,0.18549685,8.805054,4.3135853
20018650644622,0.18246895,8.80447,4.3149033
20018655402591,0.1791245,8.804371,4.3152456
20018660160612,0.17669143,8.804833,4.3144045
20018664918580,0.17494869,8.804831,4.314481
20018669676601,0.17144991,8.804898,4.314484
20018674434570,0.16563617,8.805614,4.3132467
20018679192591,0.16151103,8.806438,4.3117223
20018683950612,0.16379558,8.807674,4.3091106
20018688708580,0.170991,8.80798,4.3082056
20018693466601,0.17794542,8.808344,4.3071795
20018698224570,0.18205424,8.808884,4.305905
20018702982591,0.18325637,8.809361,4.304877
20018707740612,0.18237482,8.8096695,4.304283
20018712498580,0.18010688,8.810098,4.3035016
20018717256601,0.17985418,8.8102,4.3033037
20018722014570,0.18214262,8.811215,4.301129
20018726772591,0.18609679,8.812037,4.299273
20018731530560,0.19012459,8.811811,4.29956
20018736288580,0.19365926,8.811622,4.2997937
20018741046601,0.197911,8.812072,4.298677
20018745804570,0.20303103,8.811257,4.300106
20018750562591,0.20751813,8.809808,4.3028607
20018755320560,0.20967217,8.809168,4.304067
20018760078580,0.21023181,8.808612,4.305177
20018764836549,0.21024583,8.807842,4.3067484
20018769594570,0.21005328,8.807031,4.3084188
20018774352539,0.21021357,8.8065405,4.309413
20018779110560,0.2112461,8.805643,4.3111963
20018783868580,0.21271414,8.804922,4.312594
20018788626549,0.21455,8.80445,4.313468
20018793384570,0.21708566,8.803899,4.314466
20018798142539,0.21965636,8.803263,4.3156343
20018802900560,0.22208236,8.80212,4.31784
20018807658528,0.22366463,8.802074,4.3178535
20018812416497,0.22415851,8.80154,4.318914
20018817174570,0.22331506,8.800392,4.3212986
20018821932539,0.22330877,8.799599,4.322912
20018826690560,0.22493798,8.799102,4.32384
20018831448528,0.2285841,8.798024,4.3258414
20018836206549,0.2324665,8.796585,4.3285604
20018840964570,0.23546575,8.796109,4.329366
20018845722539,0.23753256,8.795168,4.331164
20018850480560,0.23946495,8.794402,4.3326144
20018855238528,0.24078633,8.793996,4.333364
20018859996549,0.24270076,8.793728,4.3338017
20018864754518,0.2460999,8.793531,4.3340096
20018869512539,0.24952723,8.793913,4.333038
20018874270508,0.25071093,8.794635,4.331504
20018879028528,0.2501284,8.795479,4.329824
20018883786549,0.25011098,8.797286,4.3261514
20018888544518,0.25230882,8.79819,4.324186
20018893302539,0.2570296,8.798855,4.322555
20018898060508,0.26459557,8.799544,4.3206935
20018902818528,0.27279237,8.80076,4.3177066
20018907576549,0.27840245,8.801434,4.315975
20018912334518,0.27911222,8.801053,4.316706
20018917092539,0.2769728,8.801412,4.3161135
20018921850508,0.275376,8.800903,4.317251
20018926608528,0.27584237,8.798997,4.3211036
20018931366497,0.27909485,8.797048,4.324865
20018936124518,0.28495374,8.796449,4.325701
20018940882487,0.29126775,8.794568,4.329101
20018945640508,0.29508996,8.791987,4.334082
20018950398528,0.29541296,8.792128,4.333775
20018955156497,0.29393885,8.792325,4.3334746
20018959914518,0.2918602,8.791611,4.3350635
20018964672487,0.29086113,8.791861,4.334627
20018969430508,0.2918368,8.794508,4.329188
20018974188476,0.29456422,8.795305,4.3273816
20018978946497,0.2983264,8.794983,4.3277764
20018983704518,0.30271122,8.795802,4.3258095
20018988462487,0.30698207,8.797939,4.3211584
20018993220508,0.31055543,8.797975,4.3208337
20018997978476,0.312332,8.797923,4.32081
20019002736497,0.31127176,8.800409,4.3158193
20019007494466,0.30784273,8.802825,4.311134
20019012252487,0.30315164,8.803117,4.3108716
20019017010508,0.2978951,8.803382,4.310698
20019021768476,0.29486477,8.804797,4.308014
20019026526497,0.29586247,8.804576,4.308399
20019031284466,0.300371,8.803595,4.310091
20019036042487,0.30718815,8.802564,4.311716
20019040800455,0.31542808,8.801314,4.313669
20019045558476,0.3223241,8.799619,4.31662
20019050316445,0.32509694,8.797546,4.320634
20019055074466,0.32404777,8.796459,4.322926
20019059832487,0.3213973,8.7942095,4.327698
20019064590455,0.3182868,8.791041,4.334359
20019069348476,0.31525454,8.788182,4.340375
20019074106393,0.31329775,8.7869625,4.3429847
20019078864414,0.31412533,8.784731,4.347438
20019083622435,0.31633127,8.783231,4.3503075
20019088380455,0.31915736,8.78357,4.349416
20019093138424,0.32413378,8.784035,4.348111
20019097896445,0.33184406,8.784828,4.3459253
20019102654466,0.34019148,8.786181,4.3425436
20019107412435,0.34572667,8.788192,4.3380337
20019112170455,0.34724045,8.789799,4.334656
20019116928372,0.34632418,8.792316,4.3296213
20019121686445,0.34398398,8.7948,4.3247614
20019126444414,0.34305212,8.796879,4.3206058
20019131202435,0.34536913,8.798483,4.3171535
20019135960403,0.34978652,8.799638,4.3144417
20019140718424,0.35418284,8.80157,4.3101397
20019145476445,0.35835403,8.80285,4.3071795
20019150234414,0.36394933,8.803335,4.305719
20019154992435,0.3710046,8.803135,4.305526
20019159750403,0.37813216,8.803404,4.3043585
20019164508424,0.38401756,8.803195,4.3042626
20019169266393,0.38753122,8.802639,4.3050833
20019174024414,0.38859975,8.802636,4.304995
20019178782435,0.38866267,8.802405,4.3054605
20019183540403,0.392579,8.801719,4.3065085
20019188298424,0.4027515,8.800796,4.307456
20019193056393,0.41557008,8.800638,4.306558
20019197814414,0.42648283,8.799807,4.307192
20019202572383,0.43315607,8.79893,4.3083158
20019207330403,0.43554112,8.797921,4.3101373
20019212088424,0.4346038,8.797497,4.3110967
20019216846393,0.43301943,8.796517,4.313257
20019221605143,0.43177757,8.7949,4.3166747
20019226362383,0.4291145,8.793665,4.319455
20019231120403,0.42498517,8.792487,4.322262
20019235878372,0.4230247,8.791553,4.3243527
20019240636393,0.42462513,8.790872,4.3255806
20019245394362,0.4282661,8.790897,4.3251715
20019250152383,0.4335159,8.790832,4.3247814
20019254910403,0.43901765,8.791579,4.322706
20019259668372,0.44354907,8.792031,4.321324
20019264426393,0.44592807,8.792516,4.3200927
20019269184362,0.44730365,8.793253,4.318452
20019273942330,0.44833708,8.7936735,4.3174853
20019278700351,0.44839516,8.793694,4.31744
20019283458372,0.44845518,8.793989,4.316831
20019288216341,0.4501804,8.793613,4.317417
20019292974362,0.45200765,8.79325,4.3179655
20019297732330,0.45284647,8.793066,4.3182545
20019302490351,0.45425737,8.793074,4.31809
20019307248372,0.45735946,8.792164,4.319614
20019312006341,0.4617892,8.791083,4.3213434
20019316764362,0.46682915,8.790884,4.3212047
20019321522330,0.47128487,8.790255,4.322003
20019326280351,0.4724831,8.789259,4.3238935
20019331038320,0.47108656,8.78848,4.325632
20019335796341,0.46924657,8.788215,4.32637
20019340554362,0.46731517,8.787326,4.3283844
20019345312330,0.46538642,8.786117,4.3310475
20019350070351,0.4641149,8.785083,4.3332787
20019354828320,0.4645561,8.783547,4.336343
20019359586341,0.46540785,8.781889,4.339609
20019364344310,0.46461865,8.781181,4.3411274
20019369102330,0.46311274,8.780478,4.3427114
20019373860299,0.46149677,8.778985,4.3458967
20019378618320,0.4590699,8.777739,4.348672
20019383376289,0.45649648,8.777992,4.34843
20019388134310,0.45381013,8.778083,4.3485293
20019392892330,0.450855,8.777187,4.3506446
20019397650299,0.4465218,8.7765465,4.3523827
20019402408320,0.4417796,8.776878,4.352196
20019407166289,0.4378558,8.777269,4.351805
20019411924310,0.43460605,8.777496,4.351676
20019416682278,0.43226162,8.778065,4.350762
20019421440299,0.4300609,8.77929,4.348505
20019426198268,0.42825934,8.780795,4.3456464
20019430956289,0.4248067,8.782052,4.343442
20019435714258,0.4183406,8.783828,4.340476
20019440472278,0.41014576,8.785099,4.3386865
20019445230299,0.40168166,8.7852955,4.3390813
20019449988268,0.39548314,8.785323,4.3395925
20019454746289,0.3942578,8.785158,4.3400397
20019459504258,0.3975635,8.783019,4.344066
20019464262278,0.40205872,8.779119,4.3515306
20019469020247,0.40361935,8.775667,4.3583446
20019473778268,0.40136513,8.772136,4.365651
20019478536237,0.39687395,8.768136,4.3740897
20019483294258,0.39214882,8.767036,4.3767195
20019488052226,0.38850734,8.767871,4.375373
20019492810247,0.3838149,8.769158,4.373207
20019497568268,0.37799856,8.771555,4.368903
20019502326237,0.37347767,8.776103,4.360151
20019507084258,0.37260416,8.780013,4.352348
20019511842226,0.37459636,8.781519,4.349137
20019516600247,0.37893298,8.783277,4.3452106
20019521358268,0.3838125,8.787005,4.3372364
20019526116237,0.3875271,8.789511,4.3318267
20019530874258,0.38717395,8.790461,4.3299294
20019535632226,0.3821904,8.793648,4.323896
20019540390247,0.37404665,8.798353,4.315028
20019545148216,0.36566502,8.801027,4.31029
20019549906237,0.3587847,8.80277,4.3073087
20019554664205,0.35568956,8.804883,4.303243
20019559422226,0.35715428,8.806092,4.300648
20019564180195,0.36233687,8.805201,4.3020396
20019568938216,0.36691236,8.803921,4.3042707
20019573696237,0.36799425,8.802878,4.3063087
20019578454205,0.36491433,8.801499,4.3093877
20019583212226,0.35913524,8.799759,4.3134274
20019587970195,0.35255042,8.7983675,4.3168073
20019592728216,0.34776646,8.7962675,4.3214736
20019597486185,0.3460016,8.792625,4.32902
20019602244205,0.34555107,8.789948,4.334489
20019607002174,0.34461394,8.787679,4.339161
20019611760195,0.3433559,8.784929,4.3448253
20019616518164,0.34406134,8.7826805,4.349313
20019621276185,0.34641537,8.7817,4.351108
20019626034153,0.34964764,8.782068,4.3501034
20019630792174,0.35356346,8.782644,4.3486257
20019635550195,0.35850525,8.782905,4.347696
20019640308164,0.36243078,8.783202,4.346768
20019645066185,0.36380228,8.784464,4.3441024
20019649824153,0.360951,8.7874,4.338398
20019654582174,0.35257,8.790257,4.333294
20019659340143,0.34304816,8.791458,4.3316245
20019664098164,0.3365139,8.791997,4.331042
20019668856133,0.3339592,8.793196,4.328806
20019673614153,0.33458912,8.794589,4.325927
20019678372122,0.341125,8.794976,4.324628
20019683130143,0.35329917,8.794131,4.32537
20019687888112,0.3683391,8.793982,4.3244214
20019692646133,0.38104784,8.793764,4.3237586
20019697404153,0.38584217,8.79255,4.325804
20019702162122,0.38279882,8.791318,4.328579
20019706920143,0.37375382,8.790457,4.3311157
20019711678112,0.36376137,8.789709,4.333483
20019716436133,0.3566539,8.788135,4.337264
20019721194101,0.35426188,8.787287,4.3391786
20019725952122,0.35661238,8.787294,4.338971
20019730710143,0.3599894,8.786914,4.3394628
20019735468112,0.3638143,8.787217,4.33853
20019740226080,0.36728626,8.789237,4.334143
20019744984101,0.37134647,8.791355,4.3294983
20019749742122,0.3748067,8.791593,4.3287177
20019754500091,0.37609038,8.792368,4.327033
20019759258112,0.37280223,8.794914,4.3221393
20019764016080,0.3642163,8.796613,4.319416
20019768774101,0.35422748,8.798003,4.317413
20019773532070,0.3470304,8.799964,4.3140006
20019778290091,0.3441484,8.801507,4.311081
20019783048060,0.3447375,8.801934,4.3101616
20019787806080,0.3475842,8.802747,4.3082743
20019792564049,0.35186088,8.803964,4.30544
20019797322070,0.35608408,8.804903,4.3031693
20019802080091,0.3632536,8.805117,4.302135
20019806838060,0.3730749,8.806253,4.2989655
20019811596028,0.38421687,8.807023,4.2964063
20019816354049,0.39565483,8.807013,4.295391
20019821112070,0.40895385,8.806058,4.2960997
20019825870039,0.422715,8.805224,4.2964773
20019830628060,0.4310949,8.804503,4.2971234
20019835386028,0.43043396,8.803114,4.3000345
20019840144049,0.4214285,8.802328,4.302537
20019844902018,0.4089942,8.80229,4.3038144
20019849660039,0.4000998,8.802979,4.3032393
20019854418060,0.40007278,8.802775,4.303657
20019859176028,0.40919018,8.802733,4.302887
20019863934049,0.4238753,8.802162,4.302635
20019868692018,0.4401112,8.801106,4.3031626
20019873450039,0.45216542,8.799772,4.3046417
20019878208008,0.45688426,8.798941,4.3058414
20019882966028,0.45265594,8.799356,4.30544
20019887723997,0.442085,8.799514,4.3062177
20019892482018,0.42852437,8.799464,4.3076887
20019897239987,0.41611558,8.799856,4.308106
20019901998008,0.40814263,8.800551,4.307448
20019906755976,0.4072007,8.799716,4.309243
20019911513997,0.41645712,8.798676,4.310482
20019916271966,0.4366982,8.79856,4.308716
20019921029987,0.46518996,8.797627,4.307637
20019925787955,0.49641222,8.795806,4.3078713
20019930545976,0.5282434,8.7933445,4.3091106
20019935303997,0.55806524,8.792313,4.3074584
20019940061966,0.5851709,8.791276,4.305977
20019944819987,0.6089824,8.790836,4.3035707
20019949577955,0.63112634,8.789954,4.302184
20019954335976,0.65363556,8.789162,4.3004394
20019959093945,0.6772835,8.789109,4.296886
20019963851966,0.70590186,8.788251,4.2940354
20019968609935,0.74021393,8.787646,4.2894926
20019973367955,0.7780643,8.785816,4.2865405
20019978125976,0.8190062,8.7841015,4.282427
20019982883945,0.8587834,8.782847,4.2772036
20019987641914,0.8958247,8.780503,4.2744174
20019992399935,0.9267356,8.777576,4.2738376
20019997157955,0.9530361,8.773672,4.2760725
20020001915924,0.97516936,8.77062,4.2773404
20020006673945,0.9956661,8.766986,4.28007
20020011431914,1.0177357,8.762971,4.283101
20020016189935,1.04073,8.759172,4.2853446
20020020947851,1.0630144,8.755971,4.2864156
20020025705924,1.0888548,8.753089,4.2858167
20020030463893,1.1199042,8.749749,4.2846355
20020035221914,1.1601571,8.746244,4.281079
20020039979883,1.2049767,8.741571,4.2782407
20020044737903,1.2539667,8.734247,4.2791204
20020049495872,1.3071257,8.723372,4.285393
20020054253893,1.362154,8.710204,4.2950277
20020059011862,1.4164602,8.695557,4.307126
20020063769883,1.4715265,8.678364,4.3233085
20020068527903,1.5305533,8.657805,4.343984
20020073285872,1.5895214,8.634538,4.3690476
20020078043893,1.6427798,8.60884,4.3999467
20020082801862,1.6883953,8.580262,4.438335
20020087559883,1.7252427,8.548702,4.4848204
20020092317851,1.7407773,8.515087,4.542397
20020097075976,1.7323092,8.483934,4.6035166
20020101833841,1.7118119,8.452998,4.667645
20020106591862,1.7015152,8.42002,4.7305913
20020111349830,1.7121105,8.384248,4.7899327
20020116107851,1.7379589,8.347722,4.844112
20020120865820,1.7686884,8.316037,4.8872943
20020125623841,1.7925177,8.292593,4.91835
20020130381810,1.8077686,8.278072,4.937193
20020135139830,1.6810863,8.240439,5.0437584
20020139897851,1.4118991,8.277618,5.065369
20020144655820,1.2381524,8.329076,5.0263166
20020149413841,0.9994832,8.376301,5.000901
20020154171810,0.7107093,8.470528,4.890342
20020158929830,0.29354158,8.597204,4.708748
20020163687799,-0.1516002,8.705765,4.5118814
20020168445820,-0.42462674,8.782196,4.3431697
20020173203789,-0.46484095,8.846555,4.20628
20020177961810,-0.2751651,8.900396,4.108239
20020182719778,-0.020804808,8.939227,4.032392
20020187477799,0.21006845,8.956481,3.9884443
20020192235768,0.4111156,8.951813,3.9832675
20020196993789,0.5652972,8.93159,4.0096817
20020201751758,0.642949,8.901216,4.06514
20020206509778,0.6275962,8.865714,4.1443496
20020211267747,0.5188856,8.834136,4.226012
20020216025768,0.3565197,8.808931,4.2948813
20020220783737,0.1752818,8.782931,4.358874
20020225541758,0.01574824,8.756914,4.414361
20020230299726,-0.11548042,8.732915,4.460184
20020235057747,-0.18967359,8.708678,4.504812
20020239815768,-0.20124273,8.688198,4.5436897
20020244573737,-0.15092634,8.669554,4.581097
20020249331758,-0.04880406,8.654245,4.612163
20020254089674,0.085282214,8.640241,4.637817
20020258847747,0.23587374,8.628161,4.6550584
20020263605716,0.36835563,8.615508,4.6698747
20020268363737,0.48332742,8.603896,4.680785
20020273121705,0.5518768,8.593551,4.692196
20020277879726,0.5590838,8.584526,4.707837
20020282637695,0.5111369,8.579343,4.7227116
20020287395716,0.41877845,8.575406,4.7389255
20020292153685,0.30198473,8.574952,4.74862
20020296911705,0.18675604,8.574901,4.7546396
20020301669674,0.089302436,8.5776,4.7525992
20020306427695,0.018474832,8.580666,4.747865
20020311185716,-0.022190647,8.582943,4.74373
20020315943685,-0.024259422,8.584833,4.740299
20020320701705,0.008771323,8.585085,4.7398996
20020325459674,0.0738849,8.582833,4.7434063
20020330217695,0.15828097,8.574544,4.756313
20020334975664,0.25148663,8.564761,4.7699075
20020339733685,0.33310345,8.553375,4.7853107
20020344491653,0.40343738,8.543228,4.798009
20020349249674,0.44697115,8.535978,4.807045
20020354007643,0.45791695,8.530091,4.8164563
20020358765664,0.43461454,8.524757,4.8280425
20020363523633,0.3828772,8.52114,4.838798
20020368281653,0.31688446,8.520944,4.8439116
20020373039622,0.25063106,8.520821,4.8480086
20020377797643,0.1955906,8.523185,4.8463864
20020382555612,0.1542321,8.527689,4.8399496
20020387313633,0.13289447,8.533202,4.830856
20020392071601,0.12945941,8.5386715,4.821277
20020396829622,0.13829671,8.543519,4.8124356
20020401587643,0.16458425,8.54749,4.8045506
20020406345612,0.2113365,8.542628,4.811364
20020411103633,0.26760486,8.534286,4.8233547
20020415861601,0.3174838,8.525395,4.8360353
20020420619622,0.35442096,8.515251,4.851317
20020425377591,0.37835914,8.506544,4.8647647
20020430135612,0.38435394,8.498487,4.8783574
20020434893580,0.3724189,8.490842,4.8925757
20020439651601,0.3452377,8.483105,4.907966
20020444409570,0.30737942,8.474024,4.9261355
20020449167591,0.26457635,8.464081,4.945676
20020453925560,0.22366801,8.454967,4.9632545
20020458683580,0.1922784,8.445745,4.980241
20020463441549,0.17453508,8.436138,4.9971504
20020468199570,0.17379132,8.428177,5.0105915
20020472957539,0.18792784,8.418998,5.025489
20020477715560,0.21442905,8.41076,5.0382066
20020482473528,0.24548948,8.402085,5.0512466
20020487231549,0.27363634,8.39459,5.062249
20020491989518,0.29867673,8.384457,5.0776043
20020496747487,0.31429216,8.373527,5.094671
20020501505560,0.31727514,8.362941,5.111844
20020506263528,0.3057358,8.354523,5.1262903
20020511021549,0.28209913,8.349229,5.13626
20020515779518,0.24888442,8.3439245,5.146589
20020520537539,0.2132122,8.341693,5.151803
20020525295508,0.1812214,8.339164,5.157121
20020530053528,0.16229545,8.337926,5.1597514
20020534811497,0.1556645,8.335329,5.1641493
20020539569518,0.16024688,8.332135,5.1691604
20020544327487,0.16930167,8.326764,5.177521
20020549085508,0.19765835,8.317836,5.1908507
20020553843476,0.21472509,8.310724,5.2015533
20020558601497,0.2419533,8.297048,5.222151
20020563359466,0.25949615,8.282983,5.243591
20020568117487,0.2686784,8.265829,5.2701283
20020572875455,0.27017006,8.246319,5.30053
20020577633476,0.25658715,8.224317,5.3352747
20020582391445,0.23339479,8.196763,5.3785667
20020587149466,0.2067293,8.166249,5.425866
20020591907435,0.18140359,8.130368,5.480382
20020596665455,0.16526927,8.0929365,5.5360155
20020601423424,0.15436903,8.052777,5.594581
20020606181445,0.15133584,8.011981,5.652932
20020610939414,0.15551631,7.965854,5.717638
20020615697435,0.16095857,7.9157114,5.7867084
20020620455403,0.16644755,7.8614783,5.8600197
20020625213424,0.16962738,7.8021364,5.9387107
20020629971445,0.1728423,7.7403026,6.018989
20020634729414,0.17623751,7.674171,6.102986
20020639487383,0.17909387,7.60769,6.1855774
20020644245403,0.18020076,7.5387707,6.2693586
20020649003424,0.17677973,7.4640017,6.3582864
20020653761393,0.17124468,7.3826447,6.452722
20020658519414,0.16474642,7.2943683,6.5525136
20020663277383,0.15494795,7.2011075,6.655106
20020668035403,0.14820659,7.1041408,6.758669
20020672793372,0.14635372,7.000384,6.86612
20020677551393,0.14957446,6.8924265,6.974415
20020682309362,0.15067512,6.777835,7.085805
20020687067383,0.14623621,6.6548495,7.2015276
20020691825351,0.13877778,6.52109,7.323013
20020696583372,0.13387465,6.376596,7.449261
20020701341341,0.13145594,6.2226195,7.578397
20020706099362,0.13310589,6.061425,7.707906
20020710857330,0.13485079,5.896557,7.8347178
20020715615351,0.13541171,5.7282205,7.9586134
20020720373320,0.1335293,5.5600524,8.077027
20020725131341,0.13095266,5.3968344,8.187027
20020729889310,0.12750016,5.2425294,8.286737
20020734647330,0.12631753,5.1072717,8.370794
20020739405299,0.12511738,4.9951634,8.438192
20020744163320,0.12526493,4.9231334,8.480415
20020748921289,0.12486929,4.9001136,8.493743
20020753679310,0.12717745,4.9206104,8.481853
20020758437278,0.12460121,4.9638124,8.45668
20020763195299,0.12457623,5.006416,8.431527
20020767953268,0.12598722,5.0413547,8.410664
20020772711289,0.13232376,5.0605025,8.39906
20020777469258,0.13858615,5.063316,8.397263
20020782227278,0.14235644,5.0558767,8.40168
20020786985299,0.14583257,5.045402,8.407915
20020791743268,0.14793354,5.0403924,8.410882
20020796501289,0.14611895,5.039757,8.411296
20020801259258,0.14090489,5.0453467,8.408032
20020806017278,0.139585,5.047708,8.406637
20020810775247,0.13953719,5.0458045,8.40778
20020815533268,0.14160542,5.0376053,8.412662
20020820291237,0.14409372,5.034209,8.414652
20020825049258,0.1472359,5.035486,8.413833
20020829807226,0.14811319,5.03704,8.412888
20020834565247,0.1542429,5.041566,8.410067
20020839323216,0.16026665,5.0465846,8.406943
20020844081237,0.16638109,5.046924,8.40662
20020848839205,0.1706486,5.04979,8.404813
20020853597226,0.16975184,5.052549,8.403173
20020858355195,0.16186318,5.05734,8.400446
20020863113216,0.1538705,5.0567513,8.400951
20020867871185,0.14714444,5.0585923,8.399962
20020872629205,0.14490736,5.0656667,8.395738
20020877387174,0.14745723,5.0679626,8.394307
20020882145195,0.15516175,5.0707974,8.392456
20020886903164,0.16231652,5.072383,8.391364
20020891661185,0.17102493,5.0738297,8.390316
20020896419153,0.17739408,5.076965,8.388287
20020901177174,0.181774,5.075641,8.388994
20020905935143,0.18256378,5.0723844,8.390945
20020910693164,0.18472579,5.0682583,8.393392
20020915451133,0.18356276,5.0669546,8.394205
20020920209153,0.17852052,5.067696,8.393865
20020924967122,0.17726329,5.0665164,8.394604
20020929725143,0.18006271,5.065388,8.395226
20020934483112,0.18855347,5.061627,8.397307
20020939241133,0.19924971,5.0591903,8.398529
20020943999101,0.20561582,5.0573225,8.3995
20020948757122,0.20770389,5.0589995,8.3984375
20020953515091,0.20231825,5.060297,8.397788
20020958273112,0.19772157,5.0593104,8.398493
20020963031080,0.19297649,5.060068,8.398146
20020967789101,0.1917439,5.060711,8.397786
20020972547070,0.1938775,5.0621276,8.396884
20020977305091,0.19573343,5.0614634,8.397242
20020982063060,0.19881678,5.059198,8.398534
20020986821080,0.20425595,5.0595202,8.39821
20020991579049,0.21069506,5.059319,8.398171
20020996337070,0.21347171,5.0608296,8.397191
20021001095039,0.21470049,5.058754,8.398411
20021005853060,0.21389043,5.0575404,8.399162
20021010611028,0.21342914,5.0559626,8.400124
20021015369049,0.2149621,5.0568986,8.399521
20021020127018,0.2173245,5.056986,8.399408
20021024885039,0.22048232,5.053831,8.401223
20021029643008,0.22292827,5.0531816,8.40155
20021034401028,0.22905235,5.0510216,8.402684
20021039158997,0.23656262,5.0516634,8.40209
20021043917018,0.24327576,5.0521245,8.401622
20021048674987,0.24938366,5.053779,8.400447
20021053433008,0.25280097,5.0559707,8.399027
20021058190976,0.25701234,5.058824,8.39718
20021062948997,0.2576095,5.064458,8.393765
20021067706966,0.25931087,5.065395,8.3931465
20021072464987,0.25948048,5.0683722,8.391345
20021077222955,0.2576198,5.070614,8.390047
20021081980976,0.25487033,5.071539,8.389572
20021086738945,0.25197002,5.0730267,8.388761
20021091496966,0.25210336,5.072537,8.389052
20021096254935,0.25236744,5.0709157,8.390025
20021101012955,0.25529844,5.068704,8.391273
20021105770924,0.26323304,5.064895,8.393328
20021110528945,0.27022362,5.060808,8.39557
20021115286914,0.27355522,5.0565953,8.397999
20021120044935,0.27182975,5.055384,8.398785
20021124802903,0.27226332,5.0563807,8.39817
20021129560924,0.27392334,5.0559134,8.398398
20021134318893,0.2770876,5.057761,8.3971815
20021139076914,0.28037438,5.061534,8.394798
20021143834883,0.28523546,5.0653324,8.392344
20021148592903,0.29022068,5.0694113,8.38971
20021153350872,0.29412714,5.071048,8.388585
20021158108893,0.2986398,5.0713224,8.388259
20021162866862,0.302942,5.070826,8.388404
20021167624883,0.30931655,5.0708046,8.3881855
20021172382903,0.3146973,5.069451,8.3888035
20021177140872,0.31642282,5.072849,8.386684
20021181898893,0.31683618,5.074591,8.385614
20021186656862,0.31296438,5.0777264,8.383862
20021191414830,0.31086946,5.0780134,8.383765
20021196172851,0.31295744,5.0746665,8.3857155
20021200930872,0.31910026,5.0743,8.385704
20021205688841,0.3273777,5.0712905,8.387206
20021210446862,0.33215585,5.070083,8.387748
20021215204830,0.33542386,5.066191,8.38997
20021219962851,0.33387223,5.06386,8.3914385
20021224720820,0.3264417,5.060139,8.393975
20021229478789,0.31785133,5.0546107,8.3976345
20021234236810,0.3081802,5.0546045,8.397999
20021238994830,0.30496016,5.0479183,8.402138
20021243752799,0.30356908,5.0431385,8.405057
20021248510820,0.30733004,5.037162,8.408504
20021253268789,0.3140249,5.032114,8.411279
20021258026810,0.3205248,5.0305214,8.411985
20021262784778,0.32330307,5.0270896,8.413931
20021267542799,0.31998497,5.0284996,8.413216
20021272300716,0.31303975,5.0286326,8.413398
20021277058789,0.30170035,5.0311375,8.412313
20021281816758,0.29110673,5.0313687,8.412548
20021286574726,0.28359017,5.030314,8.413436
20021291332747,0.280937,5.030382,8.413485
20021296090716,0.28402147,5.0286303,8.414428
20021300848737,0.29056346,5.0309577,8.412813
20021305606705,0.30008033,5.030043,8.413026
20021310364726,0.30658925,5.030828,8.412321
20021315122695,0.30947685,5.0310774,8.412067
20021319880716,0.30657318,5.030942,8.412253
20021324638685,0.2964008,5.0350533,8.410159
20021329396705,0.28554377,5.0355453,8.410239
20021334154674,0.27563033,5.0377097,8.409274
20021338912695,0.27150816,5.0356736,8.410627
20021343670664,0.27247888,5.034492,8.4113035
20021348428685,0.2767923,5.034417,8.411207
20021353186653,0.28151497,5.0350194,8.41069
20021357944674,0.28339884,5.0373864,8.40921
20021362702643,0.27991572,5.0366616,8.40976
20021367460664,0.2726587,5.0327983,8.412311
20021372218633,0.2641403,5.0297213,8.414423
20021376976653,0.2557358,5.0290265,8.415099
20021381734622,0.24828607,5.032722,8.413112
20021386492643,0.24173851,5.035044,8.411914
20021391250612,0.23900883,5.0333285,8.413017
20021396008633,0.24195917,5.0303845,8.414694
20021400766549,0.24565406,5.0300837,8.414766
20021405524622,0.24712625,5.033428,8.412724
20021410282591,0.24462724,5.0360913,8.411202
20021415040560,0.23973429,5.038149,8.410111
20021419798580,0.23205926,5.0369124,8.411067
20021424556601,0.22331786,5.0363336,8.411651
20021429314570,0.2179147,5.036469,8.411711
20021434072591,0.21732172,5.0361233,8.411933
20021438830560,0.21682547,5.0378327,8.410923
20021443588580,0.21302858,5.036722,8.411684
20021448346549,0.20684105,5.03856,8.410738
20021453104570,0.19886534,5.0417066,8.409044
20021457862539,0.19155176,5.0457697,8.406777
20021462620560,0.18479227,5.048442,8.405325
20021467378528,0.18244892,5.0458474,8.406932
20021472136549,0.17961997,5.0460587,8.406868
20021476894518,0.17536648,5.044843,8.407687
20021481652539,0.16965534,5.046339,8.406905
20021486410508,0.16373861,5.0476604,8.40623
20021491168528,0.15502053,5.046377,8.407166
20021495926497,0.14410919,5.047785,8.406514
20021500684518,0.13797222,5.045796,8.407811
20021505442487,0.13488315,5.050556,8.405004
20021510200508,0.1352289,5.0524487,8.40386
20021514958476,0.13366857,5.050439,8.405093
20021519716497,0.12845036,5.0476513,8.40685
20021524474466,0.12065365,5.043814,8.409266
20021529232487,0.11248494,5.044656,8.408875
20021533990455,0.1062336,5.0453343,8.408548
20021538748476,0.09983393,5.047558,8.407293
20021543506445,0.09561683,5.0477386,8.407233
20021548264466,0.09635709,5.0464683,8.407989
20021553022435,0.09886087,5.045899,8.408301
20021557780455,0.10126815,5.042238,8.410467
20021562538424,0.1027249,5.0419726,8.410609
20021567296445,0.102591656,5.039067,8.412353
20021572054362,0.09991994,5.037908,8.413078
20021576812383,0.0967306,5.0424566,8.410391
20021581570403,0.0933578,5.0456676,8.408502
20021586328372,0.08693212,5.047797,8.407293
20021591086393,0.08218355,5.0454836,8.408729
20021595844362,0.08092639,5.0464783,8.408144
20021600602383,0.08416452,5.049954,8.406026
20021605360351,0.08713556,5.052311,8.404578
20021610118372,0.086918205,5.0540757,8.403521
20021614876341,0.08682677,5.053293,8.403992
20021619634362,0.08570633,5.054207,8.403454
20021624392330,0.080978,5.057473,8.401536
20021629150351,0.074526444,5.0613956,8.399232
20021633908320,0.06916696,5.065844,8.396596
20021638666341,0.068048105,5.066221,8.396378
20021643424310,0.06845197,5.0675964,8.395545
20021648182330,0.07046163,5.0678496,8.395374
20021652940299,0.07339906,5.068515,8.394948
20021657698320,0.07556455,5.0712023,8.393307
20021662456289,0.0749337,5.0710063,8.39343
20021667214310,0.074296586,5.0684757,8.394963
20021671972278,0.07462279,5.0656476,8.3966675
20021676730299,0.072474085,5.063046,8.398255
20021681488268,0.06863795,5.061271,8.399358
20021686246289,0.06794424,5.0602956,8.399952
20021691004258,0.06710749,5.063595,8.397969
20021695762278,0.06831841,5.0648904,8.397179
20021700520247,0.07087649,5.069543,8.394349
20021705278268,0.07408132,5.072664,8.392435
20021710036237,0.076501094,5.076715,8.389964
20021714794258,0.07738037,5.0815167,8.387049
20021719552226,0.07868258,5.081175,8.387243
20021724310247,0.08140209,5.0829086,8.386167
20021729068216,0.08396545,5.081899,8.386753
20021733826185,0.087492794,5.082257,8.386501
20021738584205,0.0914616,5.079485,8.388138
20021743342174,0.094250254,5.076472,8.389931
20021748100195,0.09470991,5.0776134,8.389235
20021752858164,0.09573342,5.07691,8.389649
20021757616185,0.0978327,5.0791764,8.388253
20021762374153,0.101625286,5.077177,8.389418
20021767132174,0.10798059,5.0768456,8.389539
20021771890143,0.11655846,5.07624,8.389791
20021776648164,0.12169613,5.073226,8.391541
20021781406133,0.12514423,5.0720124,8.392223
20021786164153,0.12542279,5.068984,8.394049
20021790922122,0.12474596,5.065917,8.39591
20021795680143,0.12273156,5.0639586,8.397121
20021800438112,0.12290074,5.0600863,8.399452
20021805196133,0.12554882,5.0584483,8.4004
20021809954101,0.13075887,5.053125,8.403524
20021814712122,0.13587834,5.047399,8.406884
20021819470091,0.13736036,5.0433164,8.409309
20021824228112,0.13743985,5.038137,8.412412
20021828986080,0.13700017,5.0370383,8.413076
20021833744101,0.13833137,5.0344076,8.414629
20021838502070,0.14034571,5.032339,8.415833
20021843260091,0.14130186,5.0303664,8.416996
20021848018060,0.14130972,5.028124,8.418337
20021852776080,0.14100921,5.031677,8.416219
20021857534049,0.14127484,5.0321465,8.415933
20021862292070,0.14281327,5.0335217,8.415085
20021867050039,0.14468096,5.032608,8.4156
20021871808008,0.1460701,5.033879,8.414815
20021876566028,0.14700496,5.036933,8.4129715
20021881323997,0.14876544,5.0375714,8.412559
20021886082018,0.1510617,5.0394864,8.411369
20021890839987,0.15356301,5.0387588,8.41176
20021895598008,0.15619558,5.0403285,8.410772
20021900355924,0.15947108,5.042192,8.409593
20021905113997,0.16227512,5.0408635,8.410336
20021909871966,0.16421519,5.040245,8.410668
20021914629987,0.16427119,5.037099,8.412552
20021919387955,0.16231881,5.034527,8.414129
20021924145976,0.15980557,5.034309,8.414309
20021928903945,0.15812968,5.033262,8.414966
20021933661966,0.15946084,5.0347056,8.414077
20021938419935,0.16223975,5.033532,8.414726
20021943177955,0.16407534,5.031641,8.415822
20021947935924,0.16497745,5.03133,8.41599
20021952693945,0.16806099,5.0295544,8.416991
20021957451914,0.17061158,5.0311565,8.415981
20021962209935,0.17113301,5.0290303,8.417241
20021966967903,0.16907239,5.028376,8.417674
20021971725872,0.16819191,5.0281906,8.417802
20021976483893,0.16935939,5.025652,8.419295
20021981241862,0.17069241,5.0258408,8.419156
20021985999883,0.17538868,5.0242934,8.419982
20021990757851,0.18137531,5.022717,8.420795
20021995515872,0.18569851,5.020196,8.422205
20022000273841,0.18725696,5.0179853,8.423489
20022005031862,0.18650404,5.017145,8.4240055
20022009789830,0.18747772,5.0148764,8.425334
20022014547851,0.18788695,5.0147214,8.425418
20022019305820,0.18851443,5.0132117,8.426301
20022024063841,0.19068797,5.011964,8.426995
20022028821810,0.19307362,5.012044,8.426893
20022033579830,0.19600976,5.011502,8.427148
20022038337799,0.19845305,5.0112543,8.4272375
20022043095820,0.20237428,5.0098987,8.42795
20022047853789,0.20684633,5.008457,8.428699
20022052611810,0.2093369,5.0088334,8.428412
20022057369778,0.20838587,5.0096555,8.427949
20022062127799,0.2044366,5.00962,8.428066
20022066885768,0.20031662,5.0090947,8.428477
20022071643737,0.1992962,5.007446,8.4294815
20022076401758,0.2004336,5.007223,8.429587
20022081159726,0.2037055,5.007845,8.429139
20022085917747,0.20696172,5.0064797,8.429871
20022090675716,0.20786424,5.0053177,8.430538
20022095433737,0.20617068,5.003026,8.43194
20022100191705,0.20239274,5.002515,8.432335
20022104949726,0.19853118,5.0014896,8.433036
20022109707695,0.19480346,5.0008936,8.4334755
20022114465716,0.18846774,5.00047,8.43387
20022119223685,0.18284163,4.997815,8.435568
20022123981705,0.17906381,4.99658,8.43638
20022128739674,0.17959586,4.996876,8.436194
20022133497695,0.1849571,4.996704,8.436179
20022138255664,0.18944497,4.995892,8.436561
20022143013685,0.18861358,4.994002,8.437699
20022147771653,0.18277559,4.994417,8.437581
20022152529674,0.1747444,4.994779,8.437537
20022157287643,0.166763,4.99497,8.437586
20022162045612,0.16058594,4.993165,8.438773
20022166803633,0.1558045,4.991815,8.439663
20022171561601,0.15192786,4.9913387,8.440014
20022176319622,0.14925046,4.989718,8.441021
20022181077591,0.14801651,4.9889545,8.441493
20022185835612,0.1484341,4.9870176,8.442632
20022190593580,0.14968902,4.985955,8.443235
20022195351601,0.1500437,4.987635,8.442237
20022200109570,0.14619994,4.9871926,8.442566
20022204867591,0.13999805,4.9881825,8.442087
20022209625560,0.1327282,4.9867287,8.443063
20022214383580,0.1265654,4.9862323,8.443451
20022219141549,0.12072874,4.98808,8.442444
20022223899518,0.11536517,4.9891977,8.441859
20022228657539,0.11269492,4.991798,8.440358
20022233415508,0.11233505,4.9926186,8.439877
20022238173528,0.11231312,4.991203,8.440716
20022242931497,0.10999922,4.990557,8.441128
20022247689518,0.10482227,4.989596,8.441762
20022252447487,0.098841876,4.987751,8.442924
20022257205508,0.09431893,4.987444,8.443157
20022261963476,0.09006186,4.9834776,8.445544
20022266721497,0.0835931,4.983197,8.445777
20022271479466,0.07712479,4.983109,8.44589
20022276237487,0.07416139,4.981694,8.446752
20022280995455,0.0694438,4.984873,8.444917
20022285753476,0.061768863,4.982021,8.446658
20022290511445,0.049891107,4.9817605,8.446891
20022295269414,0.042374652,4.9795,8.448264
20022300027435,0.03811424,4.981391,8.44717
20022304785403,0.03469864,4.9860907,8.444411
20022309543424,0.033527214,4.986707,8.444052
20022314301393,0.031886473,4.9881763,8.443191
20022319059414,0.03202143,4.9882593,8.443141
20022323817383,0.029784674,4.9909005,8.441588
20022328575403,0.026520396,4.9943047,8.439586
20022333333372,0.021029087,4.9976406,8.437626
20022338091393,0.014772252,5.0015836,8.435304
20022342849362,0.008934724,5.0063896,8.432459
20022347607383,0.0029803445,5.0099874,8.430326
20022352365351,-0.0031884706,5.015384,8.427116
20022357123372,-0.0076369136,5.017515,8.425845
20022361881341,-0.01006759,5.0194693,8.424679
20022366639310,-0.011963343,5.0207095,8.423938
20022371397330,-0.014488511,5.02042,8.424106
20022376155299,-0.01834588,5.020939,8.423789
20022380913320,-0.023753082,5.018692,8.425115
20022385671237,-0.030416438,5.0154424,8.427029
20022390429310,-0.036991738,5.0129857,8.428464
20022395187278,-0.04206802,5.0106287,8.429841
20022399945299,-0.044116836,5.008238,8.431252
20022404703268,-0.04719216,5.004971,8.433174
20022409461289,-0.049057886,4.9999456,8.436144
20022414219258,-0.052490678,4.996818,8.437976
20022418977226,-0.054872513,4.9922824,8.440645
20022423735247,-0.056323584,4.9914465,8.441131
20022428493268,-0.05799476,4.990032,8.441955
20022433251237,-0.06158458,4.989134,8.442461
20022438009205,-0.06871685,4.9906306,8.441522
20022442767174,-0.0752273,4.9912887,8.441076
20022447525195,-0.079296716,4.994234,8.439297
20022452283216,-0.08094609,4.9957857,8.438362
20022457041185,-0.081931114,4.9988256,8.436552
20022461799205,-0.08272483,5.0002923,8.435675
20022466557174,-0.08414404,5.0022187,8.434519
20022471315195,-0.084741175,5.004636,8.433079
20022476073164,-0.08460664,5.008722,8.430655
20022480831185,-0.08500131,5.0121117,8.428635
20022485589153,-0.08447946,5.0116553,8.428912
20022490347174,-0.0843329,5.010368,8.429679
20022495105143,-0.08236002,5.007555,8.431371
20022499863112,-0.08317979,5.0074735,8.43141
20022504621133,-0.08452688,5.0057583,8.432416
20022509379101,-0.08542492,5.0057216,8.432427
20022514137122,-0.08323116,5.001585,8.434905
20022518895091,-0.077978075,4.9977503,8.437227
20022523653112,-0.072024465,4.994695,8.439089
20022528411080,-0.06626248,4.992149,8.440642
20022533169101,-0.06303297,4.993275,8.4400015
20022537927070,-0.060595006,4.991811,8.440886
20022542685091,-0.06277246,4.9934096,8.439923
20022547443060,-0.06801838,4.9936385,8.439748
20022552201080,-0.07266577,4.993697,8.439674
20022556959049,-0.07441184,4.9971075,8.437639
20022561717018,-0.07418107,4.9994597,8.436249
20022566475039,-0.07368002,5.0001936,8.435818
20022571233008,-0.07411408,4.9980116,8.437106
20022575991028,-0.075212404,4.9963994,8.438052
20022580748997,-0.07347292,4.9960556,8.4382715
20022585507018,-0.0711975,4.995155,8.438824
20022590264987,-0.06758573,4.9910655,8.441273
20022595023008,-0.06747814,4.9886327,8.442711
20022599780976,-0.07189906,4.9859867,8.444239
20022604538997,-0.077414386,4.985623,8.444404
20022609296966,-0.08321721,4.985415,8.444471
20022614054987,-0.08592577,4.9834304,8.445616
20022618812955,-0.08721524,4.9819956,8.446449
20022623570924,-0.08653843,4.9800534,8.447601
20022628328945,-0.08276678,4.979533,8.447946
20022633086914,-0.07671336,4.9796267,8.447948
20022637844935,-0.07291172,4.978866,8.448429
20022642602903,-0.07190001,4.9772,8.44942
20022647360924,-0.073143765,4.9766555,8.44973
20022652118893,-0.0753985,4.976102,8.450037
20022656876914,-0.077735744,4.9766116,8.449715
20022661634883,-0.08048822,4.9763966,8.449817
20022666392903,-0.08282285,4.9749055,8.450672
20022671150872,-0.08524274,4.973847,8.451269
20022675908841,-0.08491904,4.971131,8.452871
20022680666862,-0.08103543,4.9687705,8.454298
20022685424830,-0.0743465,4.9663906,8.455757
20022690182851,-0.06746068,4.9635167,8.457501
20022694940820,-0.064172275,4.959472,8.4599
20022699698841,-0.06401479,4.955544,8.462202
20022704456810,-0.06531389,4.9548817,8.462581
20022709214830,-0.06518488,4.9567084,8.461512
20022713972799,-0.064359285,4.9565353,8.461619
20022718730820,-0.06308981,4.9534817,8.463416
20022723488789,-0.05990586,4.950625,8.465111
20022728246758,-0.055652797,4.9481325,8.466598
20022733004778,-0.049314093,4.947208,8.467176
20022737762747,-0.041831676,4.9473886,8.467113
20022742520768,-0.03362138,4.9461775,8.467856
20022747278737,-0.0287991,4.9452996,8.468386
20022752036758,-0.027402433,4.9434714,8.469459
20022756794726,-0.027985053,4.9420347,8.470295
20022761552747,-0.0279578,4.940481,8.471201
20022766310716,-0.027107142,4.93763,8.472866
20022771068737,-0.023939775,4.935404,8.474173
20022775826705,-0.019076249,4.9340043,8.474999
20022780584674,-0.014385551,4.932663,8.475791
20022785342695,-0.009953459,4.9321327,8.476105
20022790100664,-0.0063173603,4.9301023,8.477289
20022794858685,-0.0015811286,4.9292665,8.477778
20022799616653,0.0017633903,4.9307046,8.476941
20022804374674,0.0013881198,4.930993,8.476775
20022809132643,-0.0015478135,4.934031,8.475005
20022813890664,-0.002406083,4.935708,8.47403
20022818648633,-4.6090744E-4,4.9346232,8.474661
20022823406653,0.004785426,4.934231,8.474889
20022828164622,0.008540897,4.934979,8.474449
20022832922591,0.011589882,4.9344053,8.47478
20022837680612,0.014094169,4.934718,8.474594
20022842438580,0.015618393,4.934512,8.474711
20022847196601,0.01668301,4.934036,8.474986
20022851954570,0.01880684,4.9352875,8.474253
20022856712591,0.021348406,4.9349623,8.474437
20022861470560,0.023842491,4.9324493,8.475893
20022866228580,0.025336212,4.928623,8.478114
20022870986549,0.024236526,4.923767,8.480938
20022875744518,0.023608867,4.9174843,8.484585
20022880502539,0.02495182,4.914534,8.48629
20022885260508,0.028005674,4.909989,8.488911
20022890018528,0.03249421,4.906267,8.491046
20022894776497,0.03609021,4.90346,8.492654
20022899534518,0.036823396,4.901111,8.494006
20022904292487,0.037363194,4.900385,8.494422
20022909050508,0.03811259,4.8994646,8.49495
20022913808476,0.039312717,4.898425,8.495544
20022918566497,0.04163777,4.898849,8.495288
20022923324466,0.044935904,4.898852,8.495271
20022928082383,0.046866708,4.898373,8.495536
20022932840455,0.048330147,4.8999267,8.494632
20022937598424,0.050581113,4.8971047,8.496246
20022942356445,0.05310562,4.8935394,8.498284
20022947114414,0.055359904,4.889804,8.500421
20022951872435,0.057359457,4.8846626,8.503363
20022956630403,0.058089357,4.8816814,8.505069
20022961388424,0.058123037,4.8792152,8.506484
20022966146393,0.056860667,4.8778887,8.507253
20022970904414,0.058190443,4.8768625,8.507833
20022975662383,0.062416553,4.8763895,8.508074
20022980420351,0.06672751,4.8752623,8.508686
20022985178372,0.07191254,4.873706,8.509536
20022989936341,0.075800695,4.8736897,8.509512
20022994694362,0.076756835,4.872256,8.5103245
20022999452330,0.07302453,4.8711658,8.510981
20023004210351,0.06681261,4.8715277,8.510825
20023008968320,0.061262187,4.8718147,8.510703
20023013726341,0.059415083,4.8701596,8.5116625
20023018484310,0.061045498,4.8677487,8.51303
20023023242330,0.06453918,4.8636303,8.515358
20023028000299,0.06867164,4.8585963,8.5182
20023032758268,0.07196251,4.8545785,8.520462
20023037516289,0.07279917,4.850516,8.522768
20023042274258,0.071929775,4.846072,8.525302
20023047032278,0.06765363,4.842602,8.527309
20023051790247,0.058848124,4.837732,8.530139
20023056548268,0.046450365,4.832871,8.53297
20023061306237,0.03283831,4.828416,8.535555
20023066064205,0.029425578,4.8254914,8.537221
20023070822226,0.035183124,4.820588,8.539969
20023075580195,0.045729443,4.813966,8.5436535
20023080338216,0.052321468,4.8099065,8.545902
20023085096185,0.05179663,4.8085904,8.546647
20023089854205,0.04812326,4.814461,8.543363
20023094612174,0.04393017,4.8182325,8.541258
20023099370195,0.0391688,4.82259,8.538822
20023104128164,0.034112003,4.8266487,8.53655
20023108886185,0.029389394,4.830578,8.534345
20023113644153,0.026651476,4.8378096,8.530257
20023118402122,0.028495781,4.8418765,8.527944
20023123160143,0.035083912,4.8421946,8.527737
20023127918112,0.041288547,4.842138,8.527742
20023132676133,0.043607358,4.8413696,8.528167
20023137434101,0.042941105,4.842339,8.527619
20023142192122,0.040972464,4.8439856,8.526695
20023146950091,0.039059382,4.8436966,8.526868
20023151708112,0.03821459,4.8437204,8.526857
20023156466080,0.040865332,4.843935,8.526723
20023161224049,0.044737402,4.84482,8.526201
20023165982070,0.04974549,4.8469367,8.52497
20023170740039,0.05257116,4.846437,8.525237
20023175498060,0.051600955,4.8440247,8.526614
20023180256028,0.047717676,4.8414025,8.528127
20023185014049,0.04262055,4.836183,8.531115
20023189772018,0.038456444,4.832494,8.533224
20023194530039,0.03452854,4.831153,8.534
20023199288008,0.0314194,4.830094,8.534611
20023204045976,0.030546082,4.8307548,8.534241
20023208803997,0.03328058,4.832335,8.533336
20023213561966,0.03636516,4.832587,8.53318
20023218319987,0.036952093,4.831333,8.533888
20023223077955,0.029657755,4.8292766,8.53508
20023227835976,0.018233595,4.82815,8.535749
20023232593945,0.006780042,4.827643,8.536054
20023237351966,-0.0035108805,4.828145,8.535771
20023242109935,-0.010695527,4.8285317,8.535546
20023246867955,-0.014548017,4.828805,8.535387
20023251625924,-0.01618212,4.82718,8.536303
20023256383893,-0.018632721,4.824985,8.537539
20023261141914,-0.024808487,4.824818,8.537617
20023265899883,-0.03367492,4.8222895,8.539015
20023270657903,-0.045055818,4.8221965,8.539015
20023275415872,-0.06770677,4.820634,8.539747
20023280173893,-0.077709086,4.825365,8.536989
20023284931862,-0.082942076,4.8288913,8.534947
20023289689830,-0.074535325,4.833083,8.532652
20023294447851,-0.063216776,4.8372016,8.530409
20023299205820,-0.046863712,4.8349547,8.531789
20023303963841,-0.03843193,4.8369675,8.530688
20023308721810,-0.038206052,4.83197,8.533521
20023313479830,-0.046126094,4.829867,8.534673
20023318237799,-0.057924833,4.8285923,8.535323
20023322995820,-0.06766257,4.8308063,8.5339985
20023327753789,-0.071761996,4.832997,8.532724
20023332511758,-0.0659287,4.8324213,8.533097
20023337269778,-0.05821315,4.8337493,8.5324
20023342027747,-0.048085026,4.8325386,8.53315
20023346785768,-0.04205966,4.8332443,8.532782
20023351543737,-0.037505753,4.8303146,8.534463
20023356301758,-0.03696332,4.8294067,8.534979
20023361059726,-0.038501307,4.82733,8.536146
20023365817747,-0.041337468,4.824339,8.537824
20023370575716,-0.044993598,4.820575,8.53993
20023375333685,-0.048353586,4.815584,8.5427265
20023380091705,-0.051428337,4.811191,8.545184
20023384849674,-0.053188216,4.8051267,8.548585
20023389607695,-0.054538075,4.7968717,8.553211
20023394365664,-0.056015275,4.789215,8.557492
20023399123685,-0.055581518,4.787503,8.558453
20023403881653,-0.054709308,4.788808,8.557729
20023408639674,-0.056180093,4.791971,8.555948
20023413397643,-0.060540795,4.7952085,8.554104
20023418155612,-0.065855235,4.7976966,8.55267
20023422913633,-0.07021505,4.801348,8.550587
20023427671601,-0.07285986,4.8028965,8.549693
20023432429622,-0.07427803,4.8066454,8.547574
20023437187591,-0.07389994,4.80996,8.545713
20023441945612,-0.07553138,4.8122096,8.544433
20023446703580,-0.08004234,4.812521,8.544216
20023451461601,-0.08583931,4.811139,8.544937
20023456219570,-0.09052783,4.809847,8.545616
20023460977539,-0.09279706,4.8073792,8.546981
20023465735560,-0.09258738,4.804714,8.548481
20023470493528,-0.08932549,4.8017087,8.550205
20023475251549,-0.08570809,4.798072,8.552284
20023480009518,-0.08346172,4.793936,8.554625
20023484767539,-0.082410544,4.7910304,8.556262
20023489525508,-0.08207403,4.7894354,8.557159
20023494283476,-0.0814881,4.788565,8.5576515
20023499041497,-0.080956005,4.7888665,8.5574875
20023503799466,-0.079060696,4.790581,8.556545
20023508557487,-0.07597388,4.7918406,8.555869
20023513315455,-0.07181597,4.792252,8.555674
20023518073424,-0.068464406,4.793387,8.555064
20023522831445,-0.065261714,4.7959146,8.553674
20023527589466,-0.061867673,4.7969627,8.553111
20023532347435,-0.059121512,4.798333,8.552362
20023537105403,-0.057370666,4.8004074,8.55121
20023541863424,-0.05584822,4.8015714,8.550566
20023546621393,-0.053575,4.8012195,8.550777
20023551379414,-0.049649063,4.800747,8.551067
20023556137383,-0.04407535,4.8010406,8.550933
20023560895403,-0.0394552,4.8009357,8.551014
20023565653372,-0.035531268,4.8012166,8.550874
20023570411341,-0.033184905,4.8022423,8.550306
20023575169362,-0.033050925,4.8023267,8.55026
20023579927330,-0.03341746,4.8013053,8.550833
20023584685351,-0.03408616,4.802073,8.5504
20023589443320,-0.03324067,4.803585,8.549553
20023594201341,-0.030440658,4.8032765,8.549737
20023598959310,-0.025680931,4.8026633,8.5500965
20023603717330,-0.020216158,4.8019423,8.550515
20023608475299,-0.015087777,4.8037276,8.549524
20023613233268,-0.011681173,4.802783,8.550059
20023617991289,-0.010721607,4.801697,8.550672
20023622749258,-0.01035096,4.802735,8.550088
20023627507278,-0.011286202,4.8037815,8.549499
20023632265247,-0.01173025,4.8022094,8.550383
20023637023268,-0.012823337,4.798918,8.552229
20023641781237,-0.010789898,4.796609,8.553527
20023646539258,-0.007942345,4.794443,8.554745
20023651297226,-0.0024075143,4.7899604,8.557258
20023656055195,0.001951462,4.7873597,8.558713
20023660813216,0.0058627664,4.78601,8.559466
20023665571185,0.007488205,4.7849765,8.560042
20023670329205,0.0076859538,4.7835016,8.560867
20023675087174,0.006350214,4.7840858,8.56054
20023679845195,0.0062799132,4.7852488,8.559892
20023684603164,0.009482672,4.786949,8.558937
20023689361133,0.01572199,4.787537,8.558599
20023694119153,0.02384805,4.790065,8.557166
20023698877122,0.031063523,4.789835,8.557272
20023703635143,0.03471714,4.7915382,8.556305
20023708393112,0.036355168,4.7926764,8.55566
20023713151133,0.036364574,4.7946196,8.554572
20023717909101,0.036944922,4.795894,8.553853
20023722667122,0.037380736,4.7966704,8.553417
20023727425091,0.039475176,4.7977123,8.552823
20023732183060,0.04207957,4.7992196,8.551964
20023736941080,0.045725428,4.796967,8.553209
20023741699049,0.047998007,4.792768,8.555552
20023746457070,0.04988513,4.791328,8.556347
20023751215039,0.051680785,4.790352,8.556883
20023755973060,0.05400249,4.788682,8.557804
20023760731028,0.05472926,4.787666,8.558367
20023765488997,0.05512026,4.7865295,8.559001
20023770247018,0.05660412,4.78613,8.559214
20023775004987,0.05771436,4.789566,8.557284
20023779763008,0.059287887,4.7940636,8.554753
20023784520976,0.06351291,4.7961926,8.553532
20023789278997,0.06861176,4.794512,8.554434
20023794036966,0.0719251,4.791617,8.556029
20023798794935,0.07471886,4.791592,8.556018
20023803552955,0.07761626,4.793195,8.555095
20023808310976,0.0799742,4.794028,8.554606
20023813068945,0.08109127,4.793317,8.554994
20023817826914,0.08159827,4.7916465,8.555924
20023822584935,0.080825664,4.795087,8.554005
20023827342903,0.07927672,4.799007,8.551821
20023832100924,0.07592282,4.804577,8.548723
20023836858893,0.07149704,4.806399,8.547736
20023841616862,0.06825944,4.807227,8.547298
20023846374883,0.06864023,4.806093,8.547932
20023851132851,0.07284745,4.80246,8.549939
20023855890872,0.0788166,4.798233,8.552259
20023860648841,0.08382388,4.7949786,8.554037
20023865406862,0.08649054,4.790789,8.556356
20023870164830,0.087232985,4.783891,8.560208
20023874922851,0.08724267,4.7773147,8.56388
20023879680820,0.08701218,4.7708335,8.567495
20023884438789,0.08666804,4.7650213,8.570731
20023889196810,0.086330086,4.7573266,8.575009
20023893954778,0.08378706,4.751731,8.578136
20023898712799,0.083101094,4.7491007,8.579599
20023903470768,0.08641111,4.747562,8.580418
20023908228789,0.0916153,4.746312,8.581057
20023912986758,0.095863074,4.744078,8.582244
20023917744778,0.09691864,4.7432103,8.582712
20023922502747,0.09369691,4.745797,8.581319
20023927260716,0.089157976,4.748748,8.579735
20023932018737,0.08263156,4.75206,8.577966
20023936776705,0.07945263,4.7520237,8.578015
20023941534726,0.08245211,4.750599,8.578776
20023946292695,0.09254545,4.748903,8.579612
20023951050716,0.104223534,4.7481427,8.5799
20023955808685,0.113545306,4.7458563,8.581045
20023960566705,0.116844214,4.7429748,8.582594
20023965324674,0.11439048,4.741435,8.583479
20023970082643,0.10885405,4.7420826,8.583192
20023974840664,0.099915676,4.743256,8.582652
20023979598633,0.09170872,4.7420626,8.583403
20023984356653,0.08771569,4.741053,8.584003
20023989114622,0.09128128,4.741408,8.58377
20023993872643,0.09976446,4.742207,8.583234
20023998630612,0.109401174,4.7405763,8.584018
20024003388580,0.11620342,4.739645,8.584443
20024008146601,0.11525195,4.741068,8.583669
20024012904570,0.1092703,4.7439013,8.582182
20024017662591,0.09945459,4.7445693,8.581932
20024022420560,0.0921711,4.741596,8.583656
20024027178580,0.09018893,4.738708,8.585273
20024031936549,0.0928737,4.7370315,8.586168
20024036694570,0.09654262,4.7365465,8.586396
20024041452539,0.098751165,4.7338767,8.587844
20024046210508,0.09964368,4.729013,8.590511
20024050968528,0.10078193,4.7247005,8.592872
20024055726497,0.102558814,4.7231803,8.593686
20024060484518,0.10353569,4.7229676,8.593792
20024065242487,0.1015042,4.7204194,8.595216
20024070000508,0.09641365,4.7140226,8.598784
20024074758476,0.08966219,4.7079105,8.602205
20024079516445,0.08556694,4.703279,8.60478
20024084274466,0.08599116,4.6997833,8.606685
20024089032383,0.08779015,4.6950145,8.60927
20024093790455,0.08831777,4.687902,8.613138
20024098548424,0.087028906,4.6807485,8.617042
20024103306445,0.08550168,4.67665,8.619282
20024108064414,0.0845532,4.6755514,8.619887
20024112822383,0.08469982,4.675786,8.619759
20024117580403,0.08613512,4.672864,8.621329
20024122338372,0.08708952,4.669275,8.623262
20024127096341,0.08613798,4.6689334,8.623458
20024131854362,0.08430305,4.6704116,8.622676
20024136612383,0.084116116,4.671991,8.621822
20024141370351,0.08625327,4.6720824,8.621751
20024146128372,0.09052221,4.669693,8.623002
20024150886341,0.09510352,4.6654854,8.62523
20024155644310,0.09893051,4.6625957,8.62675
20024160402330,0.1008641,4.661987,8.627056
20024165160299,0.102999434,4.661233,8.627438
20024169918320,0.105758905,4.658846,8.628694
20024174676289,0.10896948,4.6557965,8.6303
20024179434310,0.111897975,4.6538973,8.631286
20024184192278,0.11404816,4.654891,8.630723
20024188950299,0.11531825,4.656897,8.629622
20024193708268,0.116957575,4.658674,8.628642
20024198466237,0.1197905,4.6602283,8.627766
20024203224258,0.124264374,4.6592836,8.628211
20024207982226,0.12907808,4.6582303,8.628709
20024212740247,0.13369311,4.658069,8.628726
20024217498216,0.13621673,4.659146,8.628105
20024222256237,0.13738781,4.659715,8.627779
20024227014205,0.13782904,4.6586633,8.62834
20024231772226,0.13972129,4.6547203,8.630437
20024236530195,0.1436779,4.6512713,8.632232
20024241288164,0.15022148,4.6496506,8.632993
20024246046185,0.15634398,4.649454,8.63299
20024250804153,0.15931486,4.648995,8.633183
20024255562174,0.15935913,4.646875,8.634324
20024260320143,0.15647525,4.6435,8.636191
20024265078112,0.15203887,4.639247,8.6385565
20024269836133,0.14864226,4.6349354,8.640929
20024274594101,0.14680183,4.6315517,8.642776
20024279352122,0.14849113,4.6304383,8.643344
20024284110091,0.15278365,4.6287374,8.64418
20024288868112,0.15693949,4.625812,8.64567
20024293626080,0.15845539,4.6226044,8.647359
20024298384101,0.15743598,4.61983,8.648859
20024303142070,0.1549448,4.618835,8.649436
20024307900039,0.15457273,4.61882,8.649451
20024312658060,0.15588023,4.6184235,8.649639
20024317416028,0.15862064,4.61701,8.650344
20024322174049,0.16157626,4.6129017,8.65248
20024326932018,0.16310708,4.609431,8.654302
20024331690039,0.16313675,4.6067324,8.655738
20024336448008,0.161325,4.6058083,8.656263
20024341206028,0.15761463,4.6051993,8.656655
20024345963997,0.14821523,4.602699,8.658152
20024350721966,0.14024973,4.5983872,8.660575
20024355479987,0.1333355,4.596719,8.66157
20024360237955,0.13469194,4.5958824,8.661992
20024364995976,0.14071232,4.5966196,8.661506
20024369753945,0.15335642,4.597181,8.660994
20024374511966,0.16545205,4.596327,8.661223
20024379269935,0.1759055,4.5948005,8.661827
20024384027903,0.1787707,4.5936418,8.662383
20024388785924,0.17508797,4.590828,8.66395
20024393543893,0.16620502,4.588439,8.66539
20024398301914,0.1581664,4.5869627,8.666323
20024403059883,0.15308653,4.5854506,8.667213
20024407817903,0.15290791,4.5835247,8.668237
20024412575872,0.15610687,4.58097,8.669529
20024417333893,0.16068776,4.57853,8.670734
20024422091862,0.16451675,4.5740447,8.673029
20024426849883,0.1665435,4.57051,8.674854
20024431607851,0.16458508,4.569052,8.675659
20024436365820,0.16153547,4.568251,8.676138
20024441123841,0.15847474,4.5696774,8.675444
20024445881810,0.15804641,4.5699067,8.675331
20024450639830,0.16043067,4.5699286,8.675276
20024455397799,0.16290298,4.569472,8.675469
20024460155820,0.16231985,4.5683284,8.676083
20024464913789,0.16045849,4.5672374,8.676693
20024469671810,0.15886214,4.565417,8.677679
20024474429778,0.15649696,4.5630546,8.678965
20024479187747,0.15185516,4.5610003,8.680127
20024483945768,0.14659038,4.5616393,8.679882
20024488703737,0.14605075,4.5617795,8.679817
20024493461705,0.15174124,4.560223,8.680537
20024498219726,0.15787491,4.560125,8.68048
20024502977747,0.15877503,4.560931,8.680039
20024507735716,0.15397723,4.562484,8.67931
20024512493685,0.14918715,4.5634084,8.678907
20024517251705,0.1464425,4.563509,8.678901
20024522009674,0.14639929,4.562195,8.679592
20024526767695,0.14443198,4.562597,8.679416
20024531525664,0.1391966,4.5635343,8.679008
20024536283685,0.13199884,4.5630865,8.679355
20024541041653,0.12573603,4.560344,8.680889
20024545799674,0.12254814,4.557255,8.682557
20024550557643,0.12288513,4.5551505,8.683656
20024555315612,0.12485668,4.555607,8.683388
20024560073633,0.12652785,4.556943,8.682663
20024564831601,0.12810956,4.557428,8.682386
20024569589622,0.12844026,4.5573287,8.682434
20024574347591,0.12724584,4.5568657,8.6826935
20024579105612,0.12362653,4.5572553,8.682542
20024583863580,0.11741284,4.5580893,8.68219
20024588621601,0.11065395,4.5589895,8.681806
20024593379570,0.10513473,4.5601506,8.681266
20024598137591,0.10330777,4.5614276,8.680615
20024602895560,0.10410484,4.5629344,8.679814
20024607653528,0.10465785,4.5639925,8.679252
20024612411549,0.10312507,4.5638824,8.679328
20024617169518,0.09912268,4.5625625,8.680068
20024621927539,0.0924599,4.560949,8.680989
20024626685508,0.084143735,4.5597515,8.681704
20024631443528,0.07596311,4.558344,8.682518
20024636201497,0.068603605,4.5566306,8.683477
20024640959518,0.06310739,4.554904,8.684425
20024645717487,0.059607197,4.553784,8.685039
20024650475455,0.057957537,4.552399,8.685775
20024655233476,0.05641149,4.5497723,8.687161
20024659991445,0.053467497,4.5464478,8.68892
20024664749466,0.04841109,4.543318,8.690587
20024669507435,0.04093179,4.541452,8.6916
20024674265455,0.032561757,4.540552,8.692106
20024679023424,0.026156096,4.540267,8.692277
20024683781445,0.023420688,4.540569,8.692128
20024688539414,0.024192007,4.541373,8.691705
20024693297330,0.026845515,4.5427136,8.690997
20024698055403,0.02885864,4.5433526,8.690656
20024702813372,0.028288454,4.5435367,8.690562
20024707571393,0.024939802,4.544184,8.690233
20024712329310,0.019279964,4.5447984,8.689927
20024717087383,0.011233326,4.5456605,8.689489
20024721845351,0.002847652,4.5459085,8.689367
20024726603372,-0.0043889745,4.5458508,8.689396
20024731361341,-0.009427094,4.546037,8.689295
20024736119362,-0.011830834,4.5464354,8.689084
20024740877330,-0.012535147,4.546282,8.689164
20024745635299,-0.011956486,4.5462832,8.689163
20024750393320,-0.011484313,4.546976,8.688801
20024755151289,-0.012305216,4.5482907,8.688112
20024759909310,-0.016807156,4.549727,8.687352
20024764667278,-0.025409026,4.55058,8.686885
20024769425299,-0.035984073,4.5506587,8.686807
20024774183268,-0.04505561,4.5498486,8.687189
20024778941237,-0.05058002,4.5497437,8.687212
20024783699258,-0.052574392,4.5503483,8.686884
20024788457226,-0.050987624,4.550723,8.686697
20024793215247,-0.04507689,4.551294,8.68643
20024797973216,-0.040648405,4.5509434,8.686637
20024802731237,-0.04159357,4.5521464,8.686002
20024807489205,-0.048457365,4.5536222,8.685192
20024812247226,-0.058619887,4.555295,8.684253
20024817005195,-0.06944281,4.557638,8.682943
20024821763216,-0.07691297,4.559208,8.682055
20024826521185,-0.080316745,4.56134,8.680905
20024831279153,-0.08019686,4.563823,8.679601
20024836037174,-0.07822035,4.565555,8.678709
20024840795143,-0.07524656,4.5661693,8.6784115
20024845553164,-0.07310975,4.566615,8.678194
20024850311133,-0.07208574,4.5662937,8.678372
20024855069153,-0.07460427,4.5660925,8.678457
20024859827122,-0.0817367,4.5665274,8.678164
20024864585143,-0.093609765,4.56668,8.677963
20024869343112,-0.105883226,4.566644,8.677841
20024874101080,-0.11490594,4.566455,8.677826
20024878859101,-0.11870867,4.567671,8.677135
20024883617070,-0.11897793,4.5697594,8.676031
20024888375091,-0.11579195,4.570797,8.675529
20024893133060,-0.11415194,4.570688,8.675608
20024897891080,-0.1193215,4.5701885,8.675801
20024902649049,-0.12619263,4.5692368,8.676206
20024907407018,-0.13794723,4.5678697,8.676745
20024912165039,-0.14944237,4.569002,8.67596
20024916923060,-0.15968698,4.5694866,8.675521
20024921681028,-0.16627565,4.5706735,8.674773
20024926438997,-0.1705246,4.570326,8.674873
20024931197018,-0.1705218,4.569709,8.675199
20024935954987,-0.16826607,4.569359,8.6754265
20024940713008,-0.16061491,4.569381,8.675561
20024945470976,-0.15886705,4.568453,8.676082
20024950228997,-0.16166331,4.5677395,8.676405
20024954986966,-0.17211516,4.5661573,8.677037
20024959744987,-0.18599172,4.5664034,8.676621
20024964502955,-0.20126942,4.5684204,8.675218
20024969260976,-0.20768143,4.569861,8.674308
20024974018945,-0.20738761,4.570243,8.674114
20024978776914,-0.19992867,4.5701113,8.674359
20024983534935,-0.19071086,4.568568,8.675379
20024988292903,-0.18251438,4.567946,8.675883
20024993050924,-0.17865053,4.5669417,8.676492
20024997808893,-0.17936444,4.5672035,8.676339
20025002566914,-0.18698385,4.5689807,8.675243
20025007324883,-0.19505838,4.57057,8.674228
20025012082903,-0.2010503,4.5720067,8.673335
20025016840872,-0.20374824,4.572764,8.672872
20025021598893,-0.20296936,4.5730934,8.672717
20025026356862,-0.19852048,4.5730524,8.672842
20025031114830,-0.19218287,4.572908,8.67306
20025035872851,-0.18744308,4.5728927,8.673172
20025040630820,-0.18621242,4.5734124,8.672924
20025045388841,-0.1904801,4.573964,8.672541
20025050146810,-0.19962852,4.575076,8.671749
20025054904830,-0.2109198,4.5763016,8.670834
20025059662799,-0.22066706,4.577157,8.670139
20025064420820,-0.2252291,4.576647,8.670291
20025069178789,-0.22295608,4.5746536,8.671402
20025073936758,-0.21502842,4.5724535,8.672763
20025078694778,-0.20482004,4.571112,8.673717
20025083452747,-0.19649711,4.570486,8.674239
20025088210768,-0.19389443,4.5697894,8.674665
20025092968737,-0.19781812,4.569331,8.674818
20025097726758,-0.20769708,4.5698686,8.674304
20025102484726,-0.21831581,4.570572,8.673673
20025107242747,-0.22721645,4.571827,8.672782
20025112000716,-0.23234397,4.571872,8.672623
20025116758737,-0.23335837,4.5711527,8.672976
20025121516705,-0.22880648,4.5704255,8.673479
20025126274726,-0.22117688,4.571118,8.673313
20025131032695,-0.21218045,4.5723643,8.67288
20025135790664,-0.20466363,4.5741124,8.672139
20025140548685,-0.19698587,4.575698,8.671481
20025145306653,-0.19683696,4.577725,8.670414
20025150064674,-0.1995895,4.5796237,8.669348
20025154822643,-0.21708861,4.5863767,8.665358
20025159580664,-0.23934484,4.5964,8.659458
20025164338633,-0.24805512,4.603437,8.655474
20025169096653,-0.23101221,4.606583,8.654271
20025173854622,-0.2037525,4.6081142,8.654141
20025178612643,-0.18334492,4.608509,8.6543865
20025183370612,-0.1766992,4.612551,8.652371
20025188128633,-0.17535324,4.61288,8.652224
20025192886601,-0.17973974,4.6163583,8.650279
20025197644570,-0.1864323,4.619599,8.648406
20025202402591,-0.19444336,4.6220827,8.646903
20025207160560,-0.20714806,4.6250844,8.645003
20025211918580,-0.22052643,4.626611,8.643855
20025216676549,-0.23110048,4.6271315,8.6433
20025221434570,-0.2326122,4.626094,8.643815
20025226192539,-0.22455932,4.625339,8.644432
20025230950560,-0.21174867,4.6249976,8.6449375
20025235708528,-0.20326905,4.626258,8.644466
20025240466497,-0.2021382,4.6271152,8.644033
20025245224518,-0.21056741,4.62727,8.64375
20025249982539,-0.2258555,4.6275277,8.643226
20025254740508,-0.24004129,4.6270075,8.643123
20025259498528,-0.24739872,4.6259604,8.6434765
20025264256497,-0.24732831,4.6248016,8.644097
20025269014466,-0.24299662,4.6242685,8.6445055
20025273772487,-0.23916681,4.624558,8.644458
20025278530455,-0.23696758,4.6256948,8.643909
20025283288476,-0.23709734,4.627458,8.642962
20025288046445,-0.23963454,4.629343,8.641883
20025292804466,-0.24407938,4.631652,8.640521
20025297562435,-0.24837483,4.6339917,8.639144
20025302320455,-0.24980675,4.6363626,8.637831
20025307078424,-0.24873203,4.635905,8.638107
20025311836393,-0.24641861,4.634249,8.639063
20025316594414,-0.24461024,4.6323004,8.640159
20025321352435,-0.24343471,4.631332,8.640712
20025326110403,-0.24176088,4.6318326,8.640491
20025330868372,-0.2393932,4.6320376,8.640446
20025335626393,-0.23759365,4.6315966,8.640733
20025340384310,-0.23563547,4.6308284,8.641197
20025345142383,-0.23289952,4.630452,8.641473
20025349900351,-0.23014663,4.6302204,8.641671
20025354658372,-0.22763939,4.6300316,8.641839
20025359416341,-0.22502735,4.629806,8.642028
20025364174310,-0.22206035,4.6289816,8.642546
20025368932330,-0.21945871,4.628847,8.642684
20025373690351,-0.21760656,4.628802,8.642756
20025378448320,-0.21735051,4.6290236,8.642644
20025383206341,-0.21897382,4.630276,8.641932
20025387964310,-0.22199759,4.6314993,8.641198
20025392722330,-0.22381493,4.6327353,8.64049
20025397480299,-0.22274213,4.633814,8.639937
20025402238320,-0.21819201,4.634765,8.6395445
20025406996289,-0.2132551,4.6362376,8.638878
20025411754310,-0.20812929,4.6378274,8.63815
20025416512278,-0.20573549,4.639901,8.637093
20025421270247,-0.20552365,4.641092,8.636458
20025426028268,-0.20623791,4.642154,8.635871
20025430786237,-0.20593165,4.6429987,8.635425
20025435544258,-0.20313346,4.6436667,8.635131
20025440302226,-0.19825305,4.6446123,8.634735
20025445060247,-0.19337633,4.6459184,8.634144
20025449818216,-0.19045869,4.647599,8.633304
20025454576237,-0.18962106,4.648998,8.632569
20025459334205,-0.18892068,4.6504097,8.6318245
20025464092226,-0.18673824,4.6514997,8.631284
20025468850195,-0.18291369,4.6526265,8.630759
20025473608216,-0.17863564,4.653468,8.630395
20025478366185,-0.17494567,4.654608,8.629856
20025483124205,-0.17327812,4.654859,8.629754
20025487882174,-0.17394075,4.654724,8.629813
20025492640143,-0.17569393,4.655005,8.629625
20025497398164,-0.17604625,4.6555333,8.6293335
20025502156185,-0.17471501,4.656443,8.628871
20025506914153,-0.17177637,4.656569,8.62886
20025511672122,-0.16808854,4.655906,8.629292
20025516430143,-0.1638925,4.6551785,8.629765
20025521188112,-0.16004051,4.65481,8.630036
20025525946133,-0.15689257,4.655076,8.629951
20025530704101,-0.15405847,4.6552205,8.629924
20025535462122,-0.15078415,4.6550145,8.630092
20025540220091,-0.14702062,4.653856,8.630782
20025544978112,-0.14343305,4.6521854,8.631743
20025549736080,-0.14011037,4.650737,8.632578
20025554494101,-0.13671742,4.6497784,8.633149
20025559252070,-0.1334709,4.648764,8.633745
20025564010091,-0.12998536,4.646798,8.634858
20025568768060,-0.12585397,4.6446366,8.636082
20025573526080,-0.12161789,4.6424694,8.637306
20025578284049,-0.11848752,4.6410265,8.638126
20025583042070,-0.116478056,4.639899,8.63876
20025587800039,-0.11469357,4.6383376,8.639622
20025592558008,-0.11209776,4.6369863,8.640381
20025597316028,-0.108922936,4.6362004,8.640843
20025602074049,-0.10534897,4.6356335,8.641192
20025606832018,-0.101737246,4.634536,8.641824
20025611589987,-0.09868048,4.633534,8.642397
20025616348008,-0.09653497,4.633291,8.642551
20025621105976,-0.09460797,4.633226,8.642607
20025625863997,-0.09217377,4.6333346,8.642575
20025630621966,-0.08881064,4.6337442,8.642391
20025635379987,-0.08529912,4.6337056,8.6424465
20025640137955,-0.08178757,4.6336756,8.642496
20025644895924,-0.07771036,4.6337376,8.642501
20025649653945,-0.07342308,4.632976,8.642947
20025654411966,-0.06857803,4.633205,8.642863
20025659169935,-0.063788936,4.633816,8.642572
20025663927955,-0.059122626,4.634831,8.642062
20025668685924,-0.05514785,4.635587,8.641682
20025673443945,-0.051330145,4.6363955,8.641272
20025678201914,-0.048374187,4.637627,8.640629
20025682959935,-0.045269154,4.6386256,8.640109
20025687717903,-0.04161,4.6390615,8.639894
20025692475872,-0.03712907,4.63826,8.640345
20025697233893,-0.0325275,4.6373973,8.640826
20025701991914,-0.027896224,4.636015,8.641584
20025706749883,-0.022526003,4.6349196,8.642187
20025711507851,-0.017524607,4.6341305,8.642622
20025716265872,-0.012862437,4.633589,8.6429205
20025721023841,-0.008936968,4.6320066,8.643774
20025725781862,-0.005097513,4.629825,8.644946
20025730539830,-7.004583E-4,4.628183,8.645825
20025735297851,0.005512212,4.6269116,8.646504
20025740055820,0.012575428,4.6256995,8.647146
20025744813841,0.020530991,4.6243987,8.647826
20025749571810,0.028135499,4.6237645,8.648145
20025754329830,0.0327199,4.6235695,8.648232
20025759087799,0.03593953,4.6238623,8.648063
20025763845820,0.038527228,4.6248126,8.647543
20025768603789,0.039815933,4.6255126,8.647163
20025773361810,0.04026479,4.626697,8.646528
20025778119778,0.0390325,4.627747,8.645971
20025782877799,0.03759203,4.625934,8.646948
20025787635768,0.03552366,4.625753,8.647054
20025792393789,0.033328425,4.62373,8.648145
20025797151758,0.03401595,4.622134,8.648994
20025801909778,0.041125953,4.6200833,8.65006
20025806667747,0.05190425,4.6166587,8.65183
20025811425768,0.061381754,4.6147804,8.652768
20025816183737,0.06766801,4.612717,8.653822
20025820941758,0.07002014,4.6110106,8.654714
20025825699726,0.06932108,4.6089664,8.6558075
20025830457747,0.067112565,4.607466,8.656624
20025835215716,0.067140535,4.6063986,8.657192
20025839973737,0.07096286,4.6059604,8.657394
20025844731705,0.07752217,4.6055646,8.657548
20025849489726,0.08522993,4.6055303,8.657495
20025854247695,0.0921344,4.6051803,8.65761
20025859005716,0.096687436,4.605043,8.657633
20025863763685,0.098133,4.605636,8.657302
20025868521705,0.09700539,4.6058383,8.6572075
20025873279674,0.09405579,4.6061816,8.657058
20025878037643,0.090594895,4.60669,8.656823
20025882795664,0.087934315,4.60686,8.65676
20025887553633,0.08751093,4.6067743,8.656811
20025892311653,0.09012029,4.605842,8.657279
20025897069622,0.095273815,4.605647,8.657328
20025901827643,0.100692816,4.6054564,8.657369
20025906585612,0.10529873,4.605516,8.657282
20025911343633,0.10749747,4.6053457,8.657346
20025916101601,0.10753073,4.6055098,8.657257
20025920859622,0.10582757,4.605848,8.657098
20025925617591,0.10390966,4.6053553,8.657384
20025930375612,0.10323473,4.604978,8.657593
20025935133580,0.10446446,4.604402,8.657885
20025939891601,0.10757634,4.6035056,8.658322
20025944649570,0.11225412,4.601949,8.659091
20025949407591,0.116648346,4.6005554,8.659774
20025954165560,0.1194773,4.5995836,8.660251
20025958923580,0.120221026,4.5987473,8.660685
20025963681549,0.11905999,4.5978794,8.661161
20025968439570,0.11690226,4.5966024,8.661869
20025973197539,0.11425761,4.5948772,8.66282
20025977955560,0.11242121,4.593624,8.663508
20025982713528,0.11175077,4.592829,8.663938
20025987471549,0.11314002,4.591467,8.664641
20025992229518,0.11621801,4.5903416,8.665197
20025996987539,0.120169915,4.588709,8.666008
20026001745508,0.12365186,4.587327,8.66669
20026006503528,0.12525912,4.5859303,8.667407
20026011261497,0.12468111,4.584609,8.668114
20026016019518,0.12182993,4.58318,8.66891
20026020777487,0.11901226,4.581743,8.669709
20026025535508,0.11762673,4.580795,8.670229
20026030293476,0.11898422,4.579661,8.67081
20026035051497,0.12201883,4.579047,8.671091
20026039809466,0.12568186,4.578319,8.671424
20026044567487,0.12882854,4.5773134,8.671907
20026049325455,0.13100672,4.576253,8.672436
20026054083476,0.13213654,4.5753136,8.672914
20026058841445,0.13181914,4.5750885,8.673038
20026063599466,0.13073055,4.574487,8.673371
20026068357435,0.12974736,4.5738487,8.673721
20026073115455,0.12944542,4.5730143,8.674167
20026077873424,0.13041219,4.5723333,8.674511
20026082631445,0.13268027,4.5716887,8.674817
20026087389414,0.13538422,4.571097,8.675087
20026092147435,0.13741273,4.5706377,8.675297
20026096905403,0.1384048,4.569997,8.675618
20026101663424,0.13871059,4.5696216,8.675812
20026106421393,0.13827007,4.569362,8.675955
20026111179414,0.13768665,4.5691376,8.676083
20026115937383,0.13723683,4.5687,8.67632
20026120695403,0.13723144,4.5679555,8.676712
20026125453320,0.1373862,4.567484,8.676958
20026130211393,0.13770528,4.566974,8.677221
20026134969362,0.13792591,4.566167,8.677643
20026139727383,0.13724758,4.5668793,8.6772785
20026144485351,0.13467187,4.5673943,8.677049
20026149243372,0.13510196,4.5687237,8.676341
20026154001341,0.13545312,4.5710607,8.675105
20026158759362,0.1374483,4.5718775,8.6746435
20026163517330,0.13905257,4.5732064,8.673917
20026168275351,0.14085229,4.573291,8.673843
20026173033320,0.14129144,4.5739756,8.673475
20026177791341,0.1409124,4.5740542,8.67344
20026182549310,0.14075577,4.5740905,8.673423
20026187307330,0.14269663,4.5738277,8.67353
20026192065299,0.14690606,4.573675,8.67354
20026196823320,0.15205292,4.573685,8.673446
20026201581289,0.15643786,4.5742607,8.673064
20026206339310,0.15853712,4.5753236,8.672466
20026211097278,0.15863624,4.5765033,8.671842
20026215855299,0.15774684,4.5778203,8.671163
20026220613268,0.15714201,4.578832,8.67064
20026225371289,0.15732475,4.579907,8.670068
20026230129258,0.15813246,4.580757,8.669605
20026234887278,0.15959844,4.5815816,8.669142
20026239645247,0.16189963,4.5822268,8.668757
20026244403268,0.16464294,4.5829577,8.668321
20026249161237,0.16739738,4.583856,8.667793
20026253919258,0.16926125,4.584979,8.667162
20026258677226,0.16960429,4.5862384,8.66649
20026263435247,0.16841786,4.587604,8.66579
20026268193216,0.16669503,4.5889583,8.665105
20026272951237,0.16655324,4.5941944,8.6623335
20026277709205,0.16677834,4.59981,8.659349
20026282467226,0.16793859,4.605417,8.656346
20026287225195,0.17015813,4.6112103,8.653217
20026291983216,0.17223103,4.616763,8.650215
20026296741237,0.17388496,4.6219974,8.647386
20026301499205,0.17547604,4.6274705,8.644427
20026306257226,0.1766564,4.632973,8.641456
20026311015195,0.17748408,4.6379833,8.638749
20026315773216,0.1774637,4.642746,8.636191
20026320531185,0.17627452,4.6468534,8.6340065
20026325289205,0.17436281,4.650366,8.632154
20026330047174,0.17222893,4.653168,8.630687
20026334805195,0.1704642,4.6559653,8.629212
20026339563164,0.16960509,4.658671,8.627769
20026344321185,0.16882978,4.661116,8.626464
20026349079153,0.16815181,4.663106,8.6254015
20026353837174,0.16851135,4.665849,8.623911
20026358595091,0.15935461,4.6795974,8.616632
20026363353164,0.16603558,4.6726127,8.6202965
20026368111133,0.16814645,4.674422,8.619274
20026372869153,0.17606615,4.6712165,8.620853
20026377627122,0.17955352,4.6790414,8.616537
20026382385143,0.17974935,4.6875715,8.611896
20026387143112,0.18509921,4.687024,8.612081
20026391901133,0.17214908,4.6887197,8.611426
20026396659101,0.16396268,4.687506,8.6122465
20026401417122,0.16897295,4.6877317,8.612027
20026406175091,0.19015053,4.6866684,8.6121645
20026410933112,0.1961207,4.687452,8.611604
20026415691080,0.19606677,4.6858764,8.612463
20026420449101,0.17852801,4.6889243,8.611184
20026425207070,0.1592906,4.689362,8.611324
20026429965091,0.15780587,4.692004,8.609912
20026434723060,0.16627572,4.6929975,8.60921
20026439481080,0.18359934,4.6912193,8.609828
20026444239101,0.20280373,4.6893044,8.610441
20026448997070,0.21154067,4.6876755,8.611117
20026453755039,0.20626886,4.6882725,8.61092
20026458513060,0.20122923,4.688778,8.610764
20026463271080,0.19610643,4.691686,8.609298
20026468029049,0.19101405,4.691822,8.609339
20026472787070,0.18925592,4.692163,8.609191
20026477545039,0.18366703,4.689099,8.610982
20026482303060,0.18134244,4.689098,8.611032
20026487061028,0.18010959,4.6895857,8.610791
20026491819049,0.18039893,4.6904435,8.610318
20026496577018,0.18042913,4.6929784,8.608937
20026501335039,0.18369456,4.693937,8.608345
20026506093008,0.1848786,4.696185,8.607093
20026510851028,0.18393609,4.6972103,8.606554
20026515608997,0.1833443,4.6971745,8.6065855
20026520367018,0.18443389,4.69541,8.607526
20026525124987,0.1838987,4.694864,8.607835
20026529883008,0.1821259,4.694569,8.608033
20026534640976,0.18073687,4.6951666,8.607737
20026539398997,0.17934203,4.6962337,8.6071825
20026544156966,0.17980184,4.696895,8.606813
20026548914987,0.1851228,4.6977425,8.606238
20026553672955,0.19441353,4.697957,8.605916
20026558430976,0.2028284,4.6987553,8.605287
20026563188893,0.20819938,4.6995053,8.604748
20026567946966,0.21096994,4.7007103,8.604023
20026572704987,0.21194379,4.702036,8.603274
20026577462955,0.21178329,4.703287,8.602594
20026582220976,0.21287219,4.704388,8.601965
20026586978945,0.21560417,4.705161,8.601473
20026591736966,0.21827412,4.7058964,8.601006
20026596494935,0.22018185,4.7064767,8.600637
20026601252955,0.22141363,4.7068334,8.600412
20026606010924,0.22206588,4.7066474,8.600496
20026610768945,0.22227032,4.7065196,8.600561
20026615526914,0.2231341,4.706255,8.600683
20026620284935,0.22381058,4.7061334,8.600733
20026625042903,0.22300215,4.705858,8.600904
20026629800924,0.22074601,4.705235,8.601303
20026634558893,0.21893448,4.70445,8.601779
20026639316914,0.2183094,4.7037697,8.602167
20026644074883,0.21916498,4.7043376,8.601834
20026648832903,0.22073595,4.704732,8.60158
20026653590820,0.22202443,4.705175,8.601303
20026658348893,0.22070341,4.705594,8.601108
20026663106862,0.21793826,4.70692,8.600453
20026667864883,0.21476887,4.7083697,8.59974
20026672622851,0.21265191,4.7087483,8.599584
20026677380872,0.21119282,4.7095294,8.599194
20026682138893,0.21021457,4.709279,8.599353
20026686896862,0.20920107,4.709605,8.5992
20026691654883,0.2082043,4.709844,8.599093
20026696412851,0.20724751,4.710472,8.598773
20026701170872,0.20684065,4.710912,8.59854
20026705928841,0.20643611,4.711297,8.598341
20026710686862,0.20520686,4.7118583,8.5980625
20026715444830,0.2035922,4.712151,8.5979395
20026720202851,0.20225525,4.712312,8.597883
20026724960820,0.20194203,4.712097,8.598008
20026729718841,0.20292176,4.711985,8.598046
20026734476862,0.20491381,4.7118034,8.598099
20026739234830,0.20723513,4.7117815,8.598056
20026743992799,0.20932055,4.7116413,8.598082
20026748750820,0.21122293,4.7113643,8.598187
20026753508841,0.21327984,4.7111673,8.598244
20026758266810,0.21545498,4.7113075,8.598113
20026763024830,0.2173315,4.711825,8.597783
20026767782799,0.21912053,4.7123895,8.597427
20026772540820,0.22080371,4.713001,8.597049
20026777298789,0.22277991,4.713689,8.596621
20026782056810,0.22523686,4.7146187,8.596047
20026786814778,0.22816953,4.7156663,8.595395
20026791572799,0.2310629,4.7166944,8.594754
20026796330768,0.23365541,4.717605,8.594183
20026801088789,0.23534721,4.7185316,8.593629
20026805846810,0.23484145,4.719865,8.592911
20026810604778,0.23231672,4.7211375,8.592279
20026815362747,0.23013607,4.721874,8.591934
20026820120664,0.2305435,4.7217875,8.591971
20026824878789,0.2342128,4.7212615,8.59216
20026829636758,0.2400866,4.7209897,8.592148
20026834394778,0.2464476,4.7209806,8.591971
20026839152747,0.25127622,4.7211175,8.591757
20026843910768,0.2530411,4.7213583,8.591573
20026848668737,0.25147066,4.721826,8.591363
20026853426758,0.24785851,4.7225475,8.59107
20026858184726,0.2438029,4.723547,8.590637
20026862942747,0.24104762,4.7245655,8.590155
20026867700716,0.2404476,4.7254114,8.589706
20026872458737,0.24204478,4.726087,8.589291
20026877216705,0.24523216,4.7267804,8.588819
20026881974726,0.2492494,4.727813,8.588134
20026886732747,0.25301197,4.729154,8.587287
20026891490716,0.2554102,4.7305145,8.586465
20026896248737,0.2561157,4.7319226,8.585668
20026901006705,0.2554873,4.7332683,8.584946
20026905764726,0.2545588,4.73447,8.584311
20026910522695,0.25432009,4.735448,8.583778
20026915280716,0.25559467,4.736195,8.583328
20026920038685,0.2585045,4.7366467,8.582991
20026924796705,0.26275924,4.7369795,8.582679
20026929554622,0.26755574,4.7373166,8.582343
20026934312695,0.27197498,4.7376833,8.582003
20026939070664,0.27530083,4.7381306,8.58165
20026943828685,0.27746457,4.7385697,8.581338
20026948586705,0.2785739,4.7389717,8.58108
20026953344674,0.28225294,4.741364,8.579638
20026958102695,0.28588176,4.7432566,8.578473
20026962860664,0.2901685,4.7450085,8.57736
20026967618685,0.2957918,4.746684,8.57624
20026972376653,0.3026227,4.7485785,8.574952
20026977134674,0.31022033,4.750676,8.573519
20026981892643,0.31741887,4.7533393,8.571779
20026986650664,0.32307673,4.7564154,8.569861
20026991408685,0.3264373,4.75993,8.567782
20026996166653,0.32805517,4.7636213,8.565668
20027000924674,0.32863194,4.7674193,8.563533
20027005682643,0.328763,4.7710314,8.561517
20027010440664,0.32900134,4.7743835,8.559638
20027015198580,0.32993713,4.77748,8.557875
20027019956653,0.3318436,4.780174,8.556296
20027024714622,0.3344659,4.782674,8.554797
20027029472643,0.33728126,4.784917,8.5534315
20027034230612,0.33936095,4.7870197,8.552174
20027038988633,0.34047547,4.7888794,8.551087
20027043746549,0.3405294,4.790634,8.550102
20027048504622,0.34028164,4.792308,8.549174
20027053262591,0.34035718,4.7939177,8.548269
20027058020612,0.3412959,4.7954345,8.5473795
20027062778633,0.34316945,4.79713,8.546354
20027067536601,0.3461702,4.798792,8.5453
20027072294622,0.34980065,4.800644,8.544112
20027077052591,0.35358897,4.8024535,8.542937
20027081810612,0.35689604,4.804615,8.541586
20027086568633,0.35942385,4.8065133,8.540412
20027091326601,0.36105,4.8083506,8.5393095
20027096084622,0.36216956,4.809998,8.538333
20027100842591,0.3633268,4.81137,8.537511
20027105600612,0.36505625,4.812497,8.536802
20027110358580,0.3673107,4.813451,8.536168
20027115116601,0.36912403,4.813779,8.535904
20027119874570,0.3735505,4.8146443,8.535224
20027124632591,0.3742288,4.8148065,8.535103
20027129390560,0.37260357,4.8120503,8.536728
20027134148580,0.38941553,4.807159,8.5387335
20027138906549,0.38868997,4.802074,8.541627
20027143664570,0.39688393,4.799193,8.5428705
20027148422539,0.39944386,4.8010945,8.541681
20027153180560,0.39848366,4.804485,8.53982
20027157938580,0.39651346,4.8032393,8.540612
20027162696549,0.39338273,4.8014393,8.541769
20027167454570,0.39318347,4.800704,8.5421915
20027172212539,0.39231402,4.800621,8.542278
20027176970560,0.39435256,4.799628,8.542742
20027181728528,0.3964556,4.7987995,8.543112
20027186486549,0.39923465,4.7991624,8.542777
20027191244570,0.40166122,4.8012643,8.541482
20027196002539,0.40309432,4.806243,8.538614
20027200760560,0.4035252,4.8123302,8.535165
20027205518528,0.40305522,4.817881,8.532055
20027210276549,0.4024388,4.8216043,8.52998
20027215034518,0.40239018,4.8243446,8.528433
20027219792539,0.40331277,4.825654,8.527648
20027224550508,0.40563458,4.8257165,8.527503
20027229308528,0.4085308,4.825121,8.527702
20027234066549,0.41117266,4.824472,8.527942
20027238824518,0.41288134,4.824189,8.528019
20027243582539,0.41299516,4.824843,8.527644
20027248340508,0.41033167,4.8259935,8.527121
20027253098528,0.4054631,4.8284273,8.525977
20027257856497,0.4013387,4.830969,8.524733
20027262614518,0.3972864,4.831801,8.52445
20027267372487,0.39531717,4.829912,8.525613
20027272130455,0.39599147,4.8272066,8.527113
20027276888528,0.398793,4.8261847,8.52756
20027281646497,0.40245813,4.8274493,8.526673
20027286404518,0.406106,4.830112,8.524993
20027291162487,0.4082052,4.831729,8.523975
20027295920508,0.4083793,4.8322945,8.523646
20027300678476,0.407764,4.8330917,8.523224
20027305436497,0.40702832,4.8353853,8.521958
20027310194466,0.40759537,4.8385487,8.520135
20027314952487,0.40998885,4.8423247,8.517875
20027319710508,0.4142592,4.8461313,8.515503
20027324468476,0.41940308,4.8503385,8.512856
20027329226497,0.4219128,4.8548207,8.510177
20027333984466,0.42695546,4.8580036,8.508108
20027338742487,0.42600554,4.8612337,8.5063095
20027343500455,0.42736605,4.863561,8.504911
20027348258476,0.4218133,4.865521,8.504068
20027353016393,0.41831887,4.8647876,8.50466
20027357774466,0.41304052,4.8640532,8.505338
20027362532487,0.4110046,4.8646107,8.505117
20027367290455,0.41210592,4.8661404,8.5041895
20027372048476,0.417983,4.867013,8.503404
20027376806445,0.4271391,4.867082,8.502909
20027381564466,0.4377994,4.8668222,8.502515
20027386322435,0.447531,4.86718,8.501803
20027391080455,0.45410496,4.8680496,8.5009575
20027395838476,0.45691192,4.868671,8.500451
20027400596445,0.45780757,4.8689156,8.500263
20027405354466,0.4500967,4.8706,8.499708
20027410112435,0.44735047,4.872949,8.4985075
20027414870403,0.44093817,4.8762445,8.496953
20027419628424,0.43910694,4.878434,8.4957905
20027424386445,0.43937835,4.879391,8.495226
20027429144466,0.4428148,4.880166,8.494602
20027433902435,0.44803593,4.8808823,8.493918
20027438660455,0.45232052,4.8817763,8.493176
20027443418424,0.45590165,4.882079,8.492811
20027448176445,0.4559349,4.8821726,8.492756
20027452934414,0.45457163,4.8823586,8.4927225
20027457692435,0.4524472,4.882408,8.492807
20027462450455,0.45797193,4.8807077,8.493487
20027467208424,0.4618983,4.8791356,8.494179
20027471966445,0.47008142,4.87758,8.494622
20027476724414,0.47965357,4.880244,8.4925585
20027481482435,0.4845629,4.883251,8.49055
20027486240403,0.48885733,4.884232,8.48974
20027490998424,0.486971,4.8840413,8.489959
20027495756393,0.48468503,4.8831315,8.490613
20027500514414,0.47994882,4.884232,8.490249
20027505272435,0.4770775,4.8901906,8.4869795
20027510030403,0.47863117,4.8989,8.481868
20027514788424,0.4892879,4.908738,8.47557
20027519546393,0.5074234,4.9200425,8.467945
20027524304414,0.5316469,4.930491,8.460379
20027529062435,0.5631388,4.9441304,8.450375
20027533820403,0.587095,4.9612637,8.438695
20027538578424,0.6024055,4.980754,8.426126
20027543336393,0.60901153,5.000934,8.413688
20027548094414,0.609883,5.0228977,8.400532
20027552852383,0.6088294,5.0463643,8.386532
20027557610403,0.60716164,5.069151,8.372899
20027562368424,0.60750604,5.099276,8.354563
20027567126393,0.6103373,5.1330304,8.333659
20027571884414,0.6127819,5.169379,8.310981
20027576642383,0.6086894,5.2005415,8.291819
20027581400403,0.60351866,5.229038,8.274256
20027586158372,0.5982677,5.254781,8.258314
20027590916341,0.5934618,5.2775536,8.244126
20027595674362,0.5905345,5.2981486,8.231116
20027600432383,0.58900326,5.3174787,8.218752
20027605190403,0.58806586,5.336424,8.20653
20027609948372,0.5874209,5.3559165,8.193869
20027614706393,0.58662426,5.3764534,8.180466
20027619464362,0.5855238,5.3983555,8.166107
20027624222383,0.58444345,5.421596,8.150774
20027628980403,0.5839999,5.4457407,8.134693
20027633738372,0.5847607,5.4701395,8.118253
20027638496393,0.5868912,5.4944444,8.101668
20027643254362,0.59052646,5.5184026,8.085104
20027648012383,0.5953519,5.5419097,8.068654
20027652770351,0.6014004,5.5648074,8.052429
20027657528372,0.6083302,5.5870543,8.036489
20027662286393,0.6163967,5.6086164,8.02084
20027667044362,0.6258616,5.629621,8.005376
20027671802383,0.6371096,5.6501184,7.9900346
20027676560351,0.65071994,5.669871,7.974931
20027681318372,0.6663341,5.688146,7.9606133
20027686076341,0.68400234,5.703752,7.9479384
20027690834362,0.70249206,5.716107,7.9374447
20027695592383,0.7204738,5.725231,7.929252
20027700350351,0.7371337,5.7318807,7.922914
20027705108372,0.752208,5.7375097,7.917421
20027709866341,0.765352,5.7433257,7.9119425
20027714624362,0.7765096,5.750207,7.905855
20027719382383,0.7852966,5.7580857,7.8992496
20027724140351,0.7915045,5.766596,7.8924193
20027728898372,0.7950593,5.7752285,7.8857465
20027733656341,0.79638803,5.783592,7.879481
20027738414362,0.7960205,5.7914004,7.873781
20027743172330,0.79395133,5.7985873,7.8686986
20027747930351,0.79083055,5.804962,7.8643117
20027752688372,0.7863683,5.810552,7.8606286
20027757446341,0.78107566,5.815241,7.857689
20027762204362,0.7753878,5.8190694,7.8554177
20027766962330,0.76938665,5.82211,7.853755
20027771720351,0.7632443,5.824296,7.8527327
20027776478372,0.7571698,5.8254666,7.8524537
20027781236341,0.75141025,5.8256316,7.852883
20027785994362,0.7463986,5.824404,7.8542724
20027790752330,0.74274415,5.82152,7.856756
20027795510351,0.7408406,5.8172255,7.860116
20027800268320,0.7408456,5.8118525,7.8640895
20027805026289,0.74255204,5.8061085,7.8681703
20027809784362,0.7451609,5.800526,7.8720403
20027814542330,0.74767953,5.795922,7.8751917
20027819300351,0.74916035,5.7928042,7.8773446
20027824058320,0.7491385,5.791782,7.878099
20027828816341,0.7475789,5.793187,7.8772135
20027833574362,0.74500513,5.79721,7.874497
20027838332330,0.7420071,5.8036404,7.8700433
20027843090351,0.73925436,5.812021,7.8641148
20027847848320,0.7373831,5.821803,7.857052
20027852606341,0.7376043,5.8327155,7.848933
20027857364310,0.7414341,5.8445067,7.839797
20027862122330,0.7493125,5.856782,7.8298798
20027866880351,0.76119244,5.869345,7.8193197
20027871638320,0.7763313,5.8821416,7.808208
20027876396341,0.79364485,5.8951383,7.796657
20027881154362,0.8103878,5.9086094,7.784728
20027885912330,0.8241818,5.9224586,7.7727466
20027890670351,0.8357403,5.937309,7.760173
20027895428320,0.8465074,5.9538717,7.7463036
20027900186341,0.8579223,5.9721975,7.7309256
20027904944310,0.868874,5.9922094,7.7141995
20027909702330,0.87836903,6.0134416,7.6965823
20027914460299,0.8863824,6.0358152,7.678128
20027919218320,0.8938321,6.059311,7.658734
20027923976341,0.90185636,6.0840254,7.6381726
20027928734310,0.9111996,6.110066,7.616245
20027933492330,0.9219826,6.1372814,7.593031
20027938250351,0.93363327,6.1653996,7.5687885
20027943008320,0.9458437,6.193938,7.5439315
20027947766341,0.9586212,6.222441,7.5188212
20027952524310,0.9724281,6.250295,7.4939027
20027957282330,0.9871707,6.277222,7.469428
20027962040299,1.0026888,6.3026147,7.4459424
20027966798320,1.0179328,6.3254476,7.42448
20027971556341,1.0307407,6.3399224,7.4103546
20027976314310,1.0407838,6.346385,7.4034147
20027981072330,1.0528901,6.3475895,7.4006705
20027985830299,1.065702,6.3491554,7.397492
20027990588320,1.0773625,6.3523965,7.3930197
20027995346341,1.0856512,6.356036,7.3886766
20028000104310,1.0901531,6.3593564,7.3851566
20028004862330,1.0919696,6.3624334,7.3822374
20028009620299,1.0921688,6.3656473,7.3794374
20028014378320,1.0914638,6.368774,7.376843
20028019136341,1.0902148,6.371667,7.3745284
20028023894310,1.0884566,6.374249,7.372557
20028028652330,1.0862547,6.3764467,7.3709803
20028033410299,1.0840514,6.377921,7.3700294
20028038168320,1.0824214,6.3785467,7.369728
20028042926341,1.0819285,6.3787003,7.369668
20028047684310,1.0824581,6.378773,7.3695273
20028052442330,1.083116,6.3788276,7.369383
20028057200299,1.0831708,6.378905,7.3693085
20028061958320,1.0819669,6.379063,7.369348
20028066716341,1.0791612,6.3792973,7.369557
20028071474310,1.0746372,6.3794756,7.370064
20028076232330,1.0686493,6.379497,7.3709154
20028080990299,1.0616878,6.3793097,7.3720837
20028085748320,1.0541615,6.378979,7.3734493
20028090506289,1.0462004,6.378621,7.3748927
20028095264310,1.037959,6.378298,7.3763366
20028100022330,1.0297053,6.3779664,7.3777804
20028104780299,1.0221359,6.377494,7.379241
20028109538320,1.0161484,6.376801,7.3806667
20028114296289,1.0122107,6.375953,7.3819404
20028119054310,1.0102623,6.375118,7.3829284
20028123812278,1.0096749,6.3742685,7.383742
20028128570299,1.0097443,6.373425,7.384461
20028133328320,1.0104146,6.372506,7.385162
20028138086289,1.0116884,6.3715153,7.385842
20028142844310,1.0137279,6.370428,7.3865004
20028147602330,1.0162354,6.3693905,7.387051
20028152360299,1.0189306,6.3685803,7.3873787
20028157118320,1.0215414,6.3682694,7.3872857
20028161876289,1.0238224,6.368476,7.3867917
20028166634310,1.0255221,6.369297,7.385848
20028171392330,1.0265721,6.3707247,7.3844695
20028176150299,1.0272661,6.37257,7.3827815
20028180908320,1.0281836,6.374621,7.3808827
20028185666289,1.0297343,6.376884,7.3787107
20028190424310,1.03215,6.3793,7.376285
20028195182330,1.0353459,6.381592,7.3738546
20028199940299,1.0395801,6.3838644,7.371291
20028204698320,1.0448477,6.386501,7.368263
20028209456289,1.0504384,6.3898425,7.364568
20028214214310,1.0554276,6.3937464,7.3604665
20028218972330,1.0594316,6.3977213,7.3564363
20028223730299,1.0630655,6.401359,7.3527465
20028228488320,1.0669943,6.4045157,7.3494287
20028233246289,1.0714228,6.4071383,7.346497
20028238004310,1.0761007,6.4092407,7.3439794
20028242762330,1.0805054,6.410915,7.3418713
20028247520299,1.0841507,6.4121475,7.3402576
20028252278320,1.0869147,6.412883,7.3392053
20028257036341,1.0884911,6.4131365,7.3387504
20028261794310,1.0883206,6.4129605,7.3389297
20028266552330,1.0858195,6.4124045,7.339786
20028271310299,1.0805348,6.411668,7.341209
20028276068320,1.0726271,6.4107223,7.343194
20028280826341,1.0627649,6.4095116,7.3456845
20028285584310,1.0517817,6.407816,7.3487444
20028290342330,1.0400512,6.405589,7.352354
20028295100299,1.0274248,6.402834,7.356528
20028299858320,1.0138571,6.399696,7.36114
20028304616341,0.9996904,6.396291,7.3660345
20028309374310,0.98549134,6.3928914,7.370898
20028314132330,0.9718242,6.3894243,7.375717
20028318890299,0.9595548,6.3859878,7.3802986
20028323648320,0.94931376,6.382858,7.38433
20028328406341,0.941093,6.3804665,7.3874474
20028333164310,0.9341535,6.3792024,7.389419
20028337922330,0.92793334,6.3788896,7.390473
20028342680299,0.92224413,6.379357,7.390782
20028347438320,0.9176112,6.3803716,7.390483
20028352196341,0.91528887,6.381524,7.3897758
20028356954310,0.9161716,6.3825603,7.3887715
20028361712330,0.92064637,6.3834124,7.3874793
20028366470351,0.92862344,6.384137,7.385854
20028371228320,0.93996465,6.3847337,7.3839045
20028375986341,0.9543749,6.3851576,7.381688
20028380744310,0.9709047,6.3852825,7.379424
20028385502330,0.987591,6.385037,7.3774223
20028390260351,1.0026097,6.3844986,7.375861
20028395018320,1.0146921,6.383991,7.3746495
20028399776341,1.023618,6.3838477,7.3735404
20028404534310,1.0297732,6.383946,7.372597
20028409292330,1.033899,6.3837156,7.372219
20028414050351,1.0368446,6.383012,7.372414
20028418808320,1.0391034,6.3821397,7.3728514
20028423566341,1.0408099,6.3813176,7.3733225
20028428324362,1.0419815,6.3803587,7.373987
20028433082330,1.0429674,6.379186,7.374863
20028437840351,1.0439501,6.378065,7.375693
20028442598320,1.0442501,6.3771853,7.3764105
20028447356341,1.0496994,6.3760448,7.3766236
20028452114362,1.0520518,6.375472,7.3767834
20028456872330,1.0511358,6.3753376,7.3770294
20028461630351,1.0463725,6.3759303,7.377195
20028466388320,1.038953,6.3772554,7.377098
20028471146289,1.0310835,6.378924,7.3767605
20028475904362,1.0239804,6.3808937,7.376045
20028480662330,1.0177742,6.383636,7.3745313
20028485420351,1.0129088,6.386828,7.3724375
20028490178372,1.0098752,6.390245,7.3698926
20028494936341,1.0097541,6.3927917,7.3677
20028499694362,1.0133694,6.394497,7.365723
20028504452330,1.0211979,6.3956323,7.3636565
20028509210351,1.0323236,6.3964276,7.361413
20028513968372,1.0450873,6.396683,7.35939
20028518726341,1.0575573,6.3969483,7.3573785
20028523484362,1.0687546,6.3978305,7.3549943
20028528242330,1.0786259,6.3992815,7.3522882
20028533000351,1.0878481,6.4007387,7.34966
20028537758372,1.0961795,6.402251,7.3471065
20028542516341,1.1035537,6.4034634,7.3449454
20028547274362,1.110227,6.4044437,7.343084
20028552032383,1.1174831,6.4060698,7.3405643
20028556790351,1.1264796,6.408221,7.3373113
20028561548372,1.1374418,6.4099026,7.3341503
20028566306393,1.1492094,6.411234,7.331152
20028571064362,1.1615291,6.413086,7.3275895
20028575822383,1.1749943,6.4154196,7.3233986
20028580580351,1.1899801,6.418069,7.318656
20028585338372,1.2070946,6.421175,7.3131266
20028590096393,1.2276814,6.424803,7.306511
20028594854362,1.2504177,6.428794,7.299141
20028599612383,1.2735852,6.4312563,7.292964
20028604370351,1.293165,6.4332037,7.2877975
20028609128372,1.3073527,6.435081,7.283609
20028613886393,1.3142715,6.4379454,7.27983
20028618644362,1.3161163,6.4416385,7.2762294
20028623402383,1.314633,6.445528,7.273053
20028628160403,1.3118346,6.449392,7.2701325
20028632918372,1.3119963,6.4525185,7.2673283
20028637676393,1.3198268,6.451973,7.2663937
20028642434414,1.3282204,6.455844,7.261425
20028647192383,1.3331233,6.4638867,7.2533674
20028651950403,1.3311585,6.468286,7.249805
20028656708372,1.3265917,6.4684157,7.250527
20028661466393,1.3215798,6.466063,7.25354
20028666224414,1.3147504,6.4634857,7.2570777
20028670982383,1.3039539,6.4628496,7.2595916
20028675740403,1.2896264,6.4643846,7.260784
20028680498424,1.2747284,6.4668846,7.2611885
20028685256393,1.2618028,6.469348,7.261252
20028690014414,1.2521943,6.4723783,7.2602153
20028694772383,1.2509873,6.4678874,7.2644234
20028699530403,1.2525951,6.463725,7.2678514
20028704288424,1.2585424,6.4623313,7.2680626
20028709046393,1.269976,6.460668,7.267553
20028713804414,1.2861983,6.4557686,7.2690525
20028718562435,1.311689,6.449137,7.270384
20028723320403,1.3497192,6.442604,7.269216
20028728078424,1.3992112,6.4354205,7.26622
20028732836445,1.4543474,6.4280696,7.2618995
20028737594414,1.5095445,6.420918,7.2569604
20028742352435,1.5575086,6.4138737,7.253053
20028747110403,1.5903802,6.4070635,7.2519393
20028751868424,1.6042199,6.399918,7.2551994
20028756626445,1.5992764,6.3936405,7.2618217
20028761384414,1.5823078,6.3878264,7.270651
20028766142435,1.5612735,6.3817563,7.280522
20028770900455,1.5445033,6.371236,7.2933016
20028775658372,1.532572,6.3592167,7.3062973
20028780416445,1.52505,6.346792,7.3186636
20028785174414,1.5211357,6.3371153,7.327858
20028789932435,1.5171124,6.331382,7.333646
20028794690455,1.5107669,6.3294563,7.3366165
20028799448424,1.4992871,6.3321347,7.336662
20028804206445,1.4833035,6.3374424,7.335326
20028808964466,1.4637622,6.344024,7.3335624
20028813722435,1.442971,6.3505526,7.332033
20028818480455,1.4223452,6.3562765,7.3311024
20028823238424,1.4022926,6.3613725,7.3305454
20028827996445,1.3834449,6.366603,7.3295856
20028832754466,1.3657707,6.3717337,7.3284416
20028837512435,1.3490932,6.3757486,7.32804
20028842270455,1.3329818,6.3784924,7.3286004
20028847028476,1.3177055,6.380938,7.329234
20028851786445,1.3038828,6.384035,7.3290095
20028856544466,1.2927493,6.3873115,7.328126
20028861302487,1.2861694,6.3902426,7.3267293
20028866060455,1.2847582,6.3937373,7.323927
20028870818476,1.2886325,6.3978825,7.319626
20028875576445,1.296617,6.402575,7.31411
20028880334466,1.3066334,6.407769,7.307777
20028885092487,1.317722,6.4131064,7.3011003
20028889850455,1.3292273,6.4186535,7.294137
20028894608476,1.3412122,6.423857,7.2873588
20028899366497,1.3533874,6.428454,7.2810516
20028904124466,1.3651258,6.432636,7.2751646
20028908882487,1.3754978,6.4366617,7.269648
20028913640455,1.3839653,6.440507,7.264634
20028918398476,1.3901172,6.4442477,7.260139
20028923156497,1.393748,6.4481354,7.2559905
20028927914466,1.394714,6.4522524,7.252144
20028932672487,1.39319,6.4566183,7.2485504
20028937430508,1.3895491,6.4612117,7.245156
20028942188476,1.3846751,6.4662127,7.2416263
20028946946497,1.3785757,6.471629,7.237951
20028951704518,1.371467,6.477205,7.2343125
20028956462487,1.3638474,6.482633,7.2308903
20028961220508,1.3563,6.4878755,7.2276077
20028965978528,1.3494351,6.4932137,7.2240973
20028970736497,1.3440948,6.498697,7.2201624
20028975494518,1.3406683,6.504171,7.215868
20028980252539,1.3392074,6.5094857,7.211346
20028985010508,1.3393538,6.514514,7.2067766
20028989768528,1.3408113,6.519068,7.202386
20028994526549,1.3430408,6.5231485,7.1982756
20028999284518,1.3457993,6.526723,7.194518
20029004042539,1.3486559,6.5299478,7.1910567
20029008800560,1.3512645,6.5329623,7.1878276
20029013558580,1.3533871,6.5357647,7.18488
20029018316549,1.3552614,6.538493,7.1820445
20029023074570,1.35652,6.5413976,7.179161
20029027832591,1.3570086,6.5443835,7.176347
20029032590560,1.3572328,6.547396,7.1735563
20029037348580,1.3574166,6.5506687,7.1705337
20029042106601,1.3576318,6.554113,7.1673455
20029046864570,1.3577033,6.5577154,7.1640353
20029051622591,1.3575172,6.5613327,7.1607575
20029056380612,1.3573222,6.5649223,7.157504
20029061138580,1.3569006,6.568637,7.1541743
20029065896601,1.3566175,6.572499,7.1506805
20029070654622,1.3564143,6.5766406,7.14691
20029075412643,1.3563541,6.580982,7.1429243
20029080170612,1.3563775,6.585566,7.1386933
20029084928633,1.3562912,6.5902305,7.134404
20029089686653,1.3561124,6.59504,7.129993
20029094444622,1.3559508,6.6000524,7.125385
20029099202643,1.3557097,6.605225,7.1206365
20029103960664,1.3552787,6.610369,7.115941
20029108718685,1.3546237,6.615643,7.1111636
20029113476653,1.3538445,6.621151,7.106185
20029118234674,1.3530371,6.6270494,7.1008377
20029122992695,1.3528564,6.6332035,7.095124
20029127750716,1.3532419,6.6397147,7.0889564
20029132508685,1.3542055,6.646512,7.0824018
20029137266705,1.3552424,6.6537695,7.0753827
20029142024726,1.3554959,6.661723,7.0678473
20029146782747,1.3543001,6.6702547,7.0600266
20029151540716,1.3513794,6.6793056,7.0520234
20029156298737,1.34675,6.6889434,7.043769
20029161056758,1.3405565,6.699238,7.035162
20029165814778,1.3339442,6.709988,7.0261674
20029170572799,1.3278302,6.720825,7.016962
20029175330768,1.322309,6.731701,7.007573
20029180088789,1.3171563,6.7428937,6.997777
20029184846810,1.312788,6.754355,6.9875364
20029189604830,1.3094928,6.7659545,6.9769254
20029194362799,1.3064879,6.777728,6.966052
20029199120768,1.3038815,6.789174,6.9553866
20029203878841,1.3012081,6.800364,6.9449472
20029208636862,1.2985755,6.8110676,6.9349437
20029213394830,1.2953122,6.822075,6.924727
20029218152851,1.2911325,6.8332286,6.914503
20029222910872,1.2853235,6.844266,6.9046626
20029227668893,1.2783697,6.8547864,6.8955107
20029232426914,1.2702532,6.865203,6.886642
20029237184883,1.2606176,6.8765254,6.877109
20029241942903,1.2492126,6.889885,6.865811
20029246700924,1.2395706,6.903175,6.854198
20029251458945,1.228735,6.919768,6.839402
20029256216914,1.2159466,6.936348,6.824877
20029260974935,1.2012985,6.954664,6.8088117
20029265732955,1.1859204,6.974394,6.7913036
20029270490976,1.1715912,6.9960127,6.7715273
20029275248997,1.1588475,7.0205064,6.7483287
20029280007018,1.1475149,7.0502176,6.719228
20029284764987,1.1358734,7.080768,6.6890135
20029289523008,1.1176733,7.106758,6.6644735
20029294281028,1.092816,7.1263175,6.647686
20029299039049,1.0771414,7.149963,6.6248155
20029303797070,1.0718148,7.1821685,6.5907564
20029308555091,1.0651461,7.2182937,6.5522575
20029313313060,1.0498276,7.2562275,6.512711
20029318071080,1.033749,7.295214,6.4715986
20029322829101,1.0340911,7.339435,6.4213505
20029327587122,1.0363469,7.383441,6.3703356
20029332345143,1.0385798,7.425805,6.320534
20029337103112,1.0395513,7.4653487,6.2736177
20029341861133,1.0389878,7.5012465,6.230746
20029346619153,1.0373001,7.5328526,6.1927795
20029351377174,1.0354656,7.559642,6.160359
20029356135195,1.0339437,7.581397,6.1338224
20029360893164,1.0325027,7.598445,6.1129336
20029365651133,1.030307,7.611637,6.096872
20029370409205,1.0265198,7.621515,6.0851593
20029375167226,1.0212014,7.6288886,6.0768075
20029379925247,1.0149364,7.6343513,6.070995
20029384683216,1.0093259,7.6377273,6.0676827
20029389441237,1.0054334,7.6396112,6.0659566
20029394199258,1.003007,7.6412616,6.0642796
20029398957278,1.0019366,7.6435413,6.061583
20029403715299,1.0024816,7.6462045,6.0581326
20029408473320,1.0048616,7.649204,6.0539513
20029413231289,1.0088863,7.6527424,6.0488067
20029417989310,1.0145144,7.6570525,6.0424075
20029422747330,1.0212827,7.6623645,6.0345287
20029427505351,1.028735,7.668919,6.0249305
20029432263372,1.0366378,7.676721,6.013628
20029437021341,1.0452245,7.6855044,6.000909
20029441779362,1.0549428,7.6950054,5.987017
20029446537383,1.0668985,7.704838,5.972234
20029451295403,1.0818824,7.714545,5.9569883
20029456053424,1.1003803,7.723332,5.9421964
20029460811445,1.1208061,7.730569,5.928954
20029465569466,1.1429466,7.7361298,5.9174614
20029470327435,1.1666534,7.739756,5.9080863
20029475085455,1.192998,7.7408204,5.901427
20029479843476,1.2227914,7.738593,5.898248
20029484601497,1.2496548,7.7333765,5.899461
20029489359518,1.2705996,7.728279,5.901665
20029494117539,1.2883108,7.725015,5.9020996
20029498875508,1.3057437,7.7215953,5.9027443
20029503633528,1.3224995,7.7165236,5.905645
20029508391549,1.3359487,7.7093797,5.911945
20029513149570,1.3444861,7.7003894,5.9217186
20029517907591,1.3487918,7.6898265,5.934453
20029522665612,1.3504597,7.677914,5.9494777
20029527423580,1.3514422,7.6651354,5.96571
20029532181601,1.3521936,7.651645,5.9828324
20029536939622,1.3520223,7.636629,6.0020266
20029541697643,1.3484981,7.6203594,6.0234594
20029546455664,1.3400921,7.6050305,6.044672
20029551213685,1.3285795,7.5924487,6.063001
20029555971653,1.3164587,7.582391,6.078212
20029560729674,1.3029488,7.5728006,6.0930614
20029565487695,1.2859423,7.5632157,6.10856
20029570245716,1.266668,7.5537186,6.124319
20029575003737,1.2448084,7.5452433,6.1392293
20029579761758,1.2210866,7.539665,6.150837
20029584519726,1.1945205,7.535532,6.1611085
20029589277747,1.1760255,7.5261645,6.1760993
20029594035768,1.1559905,7.51927,6.1882663
20029598793789,1.1283225,7.5136833,6.200149
20029603551810,1.1080106,7.5064244,6.212593
20029608309830,1.0819572,7.4997983,6.2251735
20029613067851,1.0617818,7.49188,6.2381687
20029617825872,1.0401678,7.484413,6.2507596
20029622583893,1.0182948,7.477837,6.26222
20029627341914,1.0029918,7.470527,6.273405
20029632099883,0.98890793,7.461523,6.286344
20029636857903,0.9750421,7.4512286,6.3007045
20029641615924,0.96385,7.4396873,6.316045
20029646373945,0.95787257,7.4256005,6.333508
20029651131966,0.9574001,7.408786,6.3532395
20029655889987,0.9583327,7.3895044,6.375516
20029660648008,0.95691144,7.36862,6.3998547
20029665406028,0.95518565,7.3466516,6.4253182
20029670164049,0.9508897,7.3220444,6.4539814
20029674922018,0.94353855,7.2975416,6.4827476
20029679680039,0.9383032,7.2737026,6.510241
20029684438060,0.93903387,7.251239,6.5351467
20029689196080,0.93481666,7.233651,6.555211
20029693954101,0.9253087,7.2218966,6.569505
20029698712070,0.90846443,7.218035,6.576096
20029703470091,0.8854224,7.220882,6.576114
20029708228112,0.85955006,7.2277813,6.5719657
20029712986133,0.8331607,7.2373176,6.564867
20029717744153,0.8072481,7.248863,6.5553584
20029722502122,0.7828338,7.262588,6.5431166
20029727260143,0.7615715,7.2785788,6.527839
20029732018164,0.7441935,7.296911,6.5093513
20029736776185,0.7309138,7.317659,6.4875283
20029741534205,0.72123444,7.3406343,6.4626064
20029746292174,0.71498954,7.3655176,6.434931
20029751050195,0.7124539,7.39179,6.405017
20029755808216,0.7134934,7.419003,6.3733606
20029760566237,0.7175565,7.4468236,6.3403716
20029765324205,0.7236205,7.475017,6.3064156
20029770082226,0.7310031,7.5035105,6.271631
20029774840247,0.7394193,7.5321445,6.236221
20029779598268,0.74896353,7.560509,6.2006564
20029784356289,0.7592712,7.5883627,6.1652765
20029789114258,0.7697086,7.615383,6.1305695
20029793872278,0.7799141,7.6411247,6.097158
20029798630299,0.78937817,7.665259,6.0655637
20029803388320,0.7971561,7.687531,6.0362897
20029808146289,0.8029313,7.7077494,6.009683
20029812904310,0.80714923,7.725779,5.9859195
20029817662330,0.8100724,7.74163,5.9650087
20029822420351,0.81191534,7.755303,5.94697
20029827178320,0.8132543,7.766926,5.9315987
20029831936341,0.8148694,7.7766604,5.9186087
20029836694362,0.8177396,7.7848086,5.90749
20029841452383,0.8222499,7.791481,5.898061
20029846210403,0.8286183,7.7966466,5.8903375
20029850968372,0.8365759,7.800206,5.884497
20029855726393,0.84589356,7.8020706,5.880692
20029860484414,0.8563374,7.8020597,5.879195
20029865242435,0.8678695,7.8000636,5.880153
20029870000351,0.8800356,7.7961354,5.8835535
20029874758424,0.8925902,7.7904863,5.8891425
20029879516445,0.90542084,7.7832727,5.896716
20029884274466,0.9181499,7.774846,5.905858
20029889032487,0.93086857,7.765456,5.916211
20029893790455,0.94326186,7.7555103,5.927284
20029898548476,0.95521563,7.745282,5.938732
20029903306497,0.96715516,7.735019,5.9501657
20029908064518,0.9791406,7.7249236,5.961311
20029912822539,0.9914834,7.7153087,5.971713
20029917580508,1.0038186,7.7063866,5.9811645
20029922338528,1.0160993,7.698448,5.9893093
20029927096549,1.0279993,7.6914515,5.996263
20029931854570,1.0396777,7.685714,6.001606
20029936612591,1.0511532,7.681407,6.0051193
20029941370560,1.063074,7.678489,6.0067515
20029946128580,1.075319,7.6767716,6.0067677
20029950886601,1.0875816,7.6759973,6.005549
20029955644622,1.0994076,7.6758337,6.0036044
20029960402591,1.1102041,7.675918,6.0015097
20029965160612,1.1190652,7.675777,6.000045
20029969918633,1.125343,7.6751246,5.999703
20029974676653,1.1289427,7.6740146,6.000448
20029979434674,1.129808,7.672586,6.0021105
20029984192643,1.1283259,7.671084,6.004311
20029988950664,1.1240187,7.6702585,6.0061727
20029993708685,1.116639,7.6715164,6.005943
20029998466705,1.1055357,7.675978,6.002295
20030003224726,1.0938426,7.683321,5.995037
20030007982695,1.0828571,7.6935134,5.9839506
20030012740716,1.071425,7.7068014,5.9688897
20030017498737,1.05909,7.7232356,5.9498196
20030022256758,1.0459619,7.742513,5.9270444
20030027014778,1.0314475,7.7640986,5.901295
20030031772747,1.0148159,7.787357,5.8734665
20030036530768,0.99821126,7.8109465,5.8449187
20030041288789,0.97328395,7.83961,5.810646
20030046046810,0.9412298,7.872792,5.77093
20030050804830,0.9087592,7.90744,5.728607
20030055562747,0.87987256,7.941118,5.6863756
20030060320820,0.852997,7.9742365,5.6439652
20030065078841,0.8177209,8.012978,5.5940957
20030069836862,0.78160846,8.051335,5.543959
20030074594830,0.7475986,8.086232,5.4976664
20030079352851,0.71093404,8.127724,5.4410534
20030084110872,0.67245525,8.17016,5.382069
20030088868893,0.6419163,8.211009,5.323313
20030093626914,0.61155814,8.255359,5.257893
20030098384883,0.5832768,8.298245,5.1931973
20030103142903,0.56346875,8.337897,5.1315074
20030107900924,0.553251,8.376258,5.0697746
20030112658893,0.54048115,8.414883,5.0067983
20030117416914,0.53119004,8.449475,4.9492
20030122174935,0.5250821,8.478413,4.900123
20030126932955,0.5212712,8.5022745,4.8590107
20030131690976,0.51837945,8.521529,4.825476
20030136448945,0.5129162,8.537587,4.797594
20030141206966,0.5092075,8.5504265,4.77507
20030145964987,0.51036304,8.55846,4.760535
20030150723008,0.511432,8.561356,4.7552114
20030155480976,0.5100018,8.55886,4.759852
20030160238997,0.5068297,8.55256,4.7715025
20030164997018,0.50356346,8.544555,4.7861676
20030169755039,0.5006343,8.536213,4.801335
20030174513008,0.498009,8.528176,4.815867
20030179271028,0.49502352,8.520699,4.829394
20030184029049,0.49102846,8.513857,4.8418508
20030188787070,0.48574993,8.507474,4.8535886
20030193545039,0.47895917,8.501125,4.865373
20030198303060,0.47040817,8.494267,4.878168
20030203061080,0.45964438,8.48639,4.8928814
20030207819101,0.44618765,8.476986,4.910399
20030212577070,0.42903072,8.46562,4.9314885
20030217335091,0.40839604,8.451551,4.9573054
20030222093112,0.38504618,8.437243,4.983478
20030226851133,0.36405933,8.42418,5.0070987
20030231609101,0.34704298,8.411547,5.029495
20030236367122,0.33197907,8.398856,5.0516715
20030241125143,0.3177257,8.385265,5.075113
20030245883164,0.3056831,8.371066,5.0992365
20030250641133,0.3010664,8.362702,5.113214
20030255399153,0.2986946,8.361581,5.115188
20030260157174,0.30360118,8.363158,5.112318
20030264915195,0.31105056,8.365932,5.1073294
20030269673164,0.32096773,8.371384,5.097776
20030274431185,0.32778376,8.380708,5.0819955
20030279189205,0.33564448,8.393345,5.0605807
20030283947226,0.3485141,8.407899,5.0354905
20030288705195,0.3622987,8.424492,5.0067015
20030293463216,0.3707006,8.43966,4.980472
20030298221237,0.37099934,8.450439,4.9621396
20030302979258,0.36782202,8.457631,4.9501076
20030307737226,0.36269543,8.463545,4.9403687
20030312495247,0.35886413,8.468464,4.9322133
20030317253268,0.35570872,8.472313,4.9258275
20030322011289,0.34842807,8.47552,4.920829
20030326769258,0.33452356,8.474994,4.9227
20030331527278,0.32154846,8.470781,4.9308066
20030336285299,0.31347486,8.465255,4.940808
20030341043320,0.31009096,8.459891,4.950201
20030345801289,0.31113863,8.456315,4.9562397
20030350559310,0.31618017,8.453828,4.9601626
20030355317330,0.32152805,8.453182,4.9609175
20030360075351,0.32602736,8.454166,4.958947
20030364833372,0.3303656,8.456175,4.9552364
20030369591341,0.3360513,8.459006,4.950015
20030374349362,0.34340104,8.46256,4.9434342
20030379107383,0.34990275,8.466507,4.936213
20030383865403,0.35380217,8.470293,4.9294367
20030388623372,0.35534102,8.473753,4.9233747
20030393381393,0.3557029,8.476904,4.9179235
20030398139414,0.35727403,8.4801,4.9122963
20030402897435,0.36331254,8.484129,4.90489
20030407655403,0.37610346,8.490702,4.8925366
20030412413424,0.39244014,8.501805,4.8719277
20030417171445,0.4046769,8.515626,4.8467245
20030421929466,0.40966046,8.527685,4.8250546
20030426687487,0.41565228,8.538754,4.804923
20030431445455,0.4238195,8.550141,4.783916
20030436203476,0.43198794,8.561117,4.76351
20030440961497,0.43819657,8.571326,4.744549
20030445719518,0.4437496,8.580908,4.7266793
20030450477487,0.4495903,8.591001,4.7077556
20030455235508,0.45406073,8.603714,4.6840487
20030459993528,0.4540406,8.619099,4.655682
20030464751549,0.44901392,8.634937,4.62673
20030469509570,0.4442938,8.650572,4.597891
20030474267539,0.4418067,8.666236,4.5685396
20030479025560,0.4397704,8.680931,4.54075
20030483783528,0.4370408,8.693288,4.5173154
20030488541601,0.4327175,8.703325,4.498364
20030493299570,0.4278966,8.711555,4.482868
20030498057591,0.4238041,8.718369,4.4699926
20030502815612,0.42087153,8.724026,4.4592175
20030507573633,0.41867048,8.728527,4.4506087
20030512331601,0.41668987,8.731812,4.4443474
20030517089622,0.41474107,8.73391,4.440406
20030521847643,0.4127611,8.734996,4.4384513
20030526605664,0.41095287,8.73529,4.438043
20030531363685,0.40929717,8.735176,4.4384193
20030536121653,0.40796214,8.734987,4.438913
20030540879674,0.40683112,8.73517,4.438655
20030545637695,0.40557897,8.736129,4.436885
20030550395716,0.40385088,8.738215,4.4329324
20030555153685,0.4013837,8.741464,4.4267473
20030559911705,0.39833614,8.745803,4.4184446
20030564669726,0.39537024,8.751093,4.4082236
20030569427747,0.39364395,8.756943,4.3967447
20030574185768,0.39235204,8.763172,4.3844337
20030578943737,0.3854828,8.77032,4.3707285
20030583701758,0.36542943,8.7788925,4.355214
20030588459778,0.32860294,8.789092,4.3375416
20030593217799,0.28068635,8.802042,4.314586
20030597975768,0.22942826,8.817871,4.285195
20030602733789,0.18337543,8.838228,4.2452884
20030607491810,0.14714472,8.862814,4.1951466
20030612249830,0.1214021,8.884242,4.1504087
20030617007799,0.100498155,8.888639,4.141544
20030621765820,0.08544301,8.887935,4.143393
20030626523841,0.07272906,8.886315,4.1471095
20030631281862,0.06500161,8.883902,4.1524034
20030636039883,0.06308624,8.881679,4.1571865
20030640797851,0.06732014,8.879711,4.1613193
20030645555872,0.07549524,8.878199,4.164405
20030650313893,0.084611915,8.876743,4.167331
20030655071914,0.09243094,8.875309,4.1702194
20030659829935,0.09875813,8.874088,4.172672
20030664587903,0.10414974,8.873186,4.174459
20030669345924,0.108671345,8.872529,4.1757407
20030674103945,0.1117797,8.8719845,4.176815
20030678861966,0.11246822,8.8714485,4.1779323
20030683619935,0.110668816,8.871057,4.1788144
20030688377903,0.10688186,8.871143,4.178729
20030693135976,0.10205866,8.871732,4.1775994
20030697893997,0.09666461,8.872688,4.1756983
20030702651966,0.091105536,8.873645,4.173788
20030707409987,0.085508,8.874219,4.1726894
20030712168008,0.0808885,8.874159,4.1729054
20030716926028,0.07846069,8.873452,4.174455
20030721684049,0.079490654,8.8723135,4.1768556
20030726442070,0.08441059,8.870932,4.179694
20030731200039,0.09285553,8.8693905,4.182784
20030735958060,0.10395799,8.867697,4.1861134
20030740716080,0.11690781,8.865722,4.18995
20030745474101,0.13092746,8.86346,4.1943207
20030750232070,0.14551686,8.860885,4.1992784
20030754990091,0.16051528,8.857996,4.204822
20030759748112,0.17567442,8.854911,4.210711
20030764506133,0.19056419,8.851747,4.2167115
20030769264153,0.20467253,8.848602,4.2226424
20030774022174,0.21782567,8.845633,4.228206
20030778780143,0.22991662,8.8429365,4.2332015
20030783538164,0.24092318,8.840604,4.237458
20030788296185,0.25096682,8.838743,4.2407565
20030793054205,0.26008624,8.837497,4.2428045
20030797812226,0.26799655,8.836938,4.243475
20030802570143,0.27447787,8.83696,4.2430153
20030807328216,0.27911583,8.837409,4.2417784
20030812086237,0.28167868,8.837937,4.240507
20030816844258,0.2821586,8.838429,4.2394485
20030821602226,0.28097054,8.838838,4.238678
20030826360247,0.27858675,8.83923,4.238019
20030831118268,0.27548227,8.839689,4.237261
20030835876289,0.27213737,8.840267,4.2362733
20030840634258,0.2688934,8.84081,4.2353463
20030845392278,0.26621354,8.841173,4.2347565
20030850150299,0.2646053,8.841318,4.2345552
20030854908320,0.26439485,8.841262,4.2346864
20030859666289,0.26572338,8.840982,4.2351866
20030864424310,0.2688774,8.840582,4.2358255
20030869182330,0.27391893,8.840177,4.2363477
20030873940351,0.28076616,8.839766,4.2367578
20030878698320,0.2895328,8.839299,4.2371383
20030883456341,0.29968023,8.83876,4.237558
20030888214362,0.31127736,8.838221,4.237845
20030892972330,0.32358763,8.837719,4.2379727
20030897730351,0.3357555,8.837238,4.238028
20030902488372,0.34752035,8.836705,4.23819
20030907246393,0.3590442,8.835995,4.2387114
20030912004362,0.37076244,8.835246,4.2392635
20030916762383,0.38280308,8.834547,4.239649
20030921520403,0.39466625,8.83389,4.2399316
20030926278372,0.40510312,8.833065,4.2406654
20030931036393,0.41246516,8.83214,4.2418833
20030935794414,0.41735387,8.831409,4.242925
20030940552435,0.42095506,8.830896,4.2436366
20030945310403,0.42309996,8.830539,4.244168
20030950068424,0.41815034,8.8305855,4.2445602
20030954826445,0.4133284,8.830736,4.2447205
20030959584414,0.40701616,8.830506,4.245807
20030964342435,0.40568683,8.829968,4.247053
20030969100455,0.40976474,8.830075,4.2464385
20030973858476,0.41671148,8.830524,4.244829
20030978616445,0.42574966,8.830718,4.2435303
20030983374466,0.43213883,8.830984,4.2423306
20030988132435,0.434968,8.831333,4.2413144
20030992890455,0.43336582,8.831778,4.2405543
20030997648476,0.42824358,8.832229,4.240133
20031002406497,0.42194104,8.8327465,4.239687
20031007164466,0.41641146,8.83339,4.2388926
20031011922487,0.413324,8.834109,4.237695
20031016680508,0.41061828,8.835865,4.2342973
20031021438528,0.40372583,8.839998,4.2263255
20031026196497,0.38702923,8.843953,4.219609
20031030954518,0.36334974,8.844426,4.2207203
20031035712539,0.33900765,8.843884,4.223882
20031040470508,0.32059613,8.845345,4.222261
20031045228528,0.3121432,8.846935,4.2195597
20031049986549,0.31470335,8.846363,4.220569
20031054744518,0.3262993,8.845325,4.2218633
20031059502487,0.34213316,8.845578,4.220081
20031064260560,0.3566568,8.845963,4.2180696
20031069018580,0.36436206,8.845672,4.218022
20031073776549,0.36328518,8.845857,4.2177277
20031078534570,0.35448945,8.847045,4.215982
20031083292591,0.34175164,8.84822,4.21457
20031088050560,0.3293784,8.848796,4.2143464
20031092808580,0.32085702,8.84922,4.2141123
20031097566601,0.31734154,8.849365,4.2140746
20031102324570,0.31850645,8.8489485,4.2148585
20031107082591,0.32265308,8.848313,4.2158804
20031111840612,0.32711023,8.847067,4.218149
20031116598633,0.3296768,8.844698,4.222915
20031121356601,0.33150956,8.842464,4.227447
20031126114622,0.334642,8.840617,4.231064
20031130872643,0.34089693,8.838628,4.2347198
20031135630612,0.35088336,8.836749,4.2378225
20031140388633,0.3633601,8.835269,4.239856
20031145146653,0.3750997,8.834481,4.240475
20031149904622,0.38391438,8.834585,4.2394686
20031154662643,0.38857284,8.835547,4.2370396
20031159420664,0.3894924,8.837038,4.2338448
20031164178685,0.38741133,8.838824,4.2303057
20031168936653,0.38326618,8.840835,4.22648
20031173694674,0.3776752,8.842631,4.2232237
20031178452695,0.37129483,8.84396,4.221008
20031183210664,0.36392903,8.844932,4.219613
20031187968685,0.35651222,8.845339,4.2193923
20031192726705,0.34906113,8.845197,4.220312
20031197484726,0.34164578,8.844822,4.221703
20031202242695,0.33495167,8.844481,4.2229557
20031207000716,0.32988596,8.844116,4.224118
20031211758737,0.3268669,8.843641,4.225346
20031216516705,0.32557064,8.84309,4.2266
20031221274726,0.32561058,8.842405,4.22803
20031226032747,0.32662854,8.8415575,4.2297235
20031230790768,0.32835388,8.840543,4.231709
20031235548737,0.33075616,8.839364,4.2339854
20031240306758,0.33389533,8.837858,4.23688
20031245064778,0.3380522,8.835991,4.240443
20031249822799,0.34341976,8.83358,4.245035
20031254580768,0.35025084,8.830629,4.2506104
20031259338789,0.35748953,8.826785,4.257987
20031264096810,0.36531845,8.8219795,4.267271
20031268854778,0.37324327,8.816473,4.277952
20031273612799,0.38229826,8.810708,4.2890167
20031278370820,0.39463264,8.804929,4.299754
20031283128841,0.40602997,8.797936,4.312984
20031287886810,0.41568545,8.789704,4.32882
20031292644830,0.4238471,8.780269,4.347139
20031297402851,0.43034685,8.769418,4.3683534
20031302160872,0.43426034,8.757472,4.391866
20031306918841,0.4355381,8.7452345,4.4160585
20031311676862,0.43493637,8.733486,4.4393063
20031316434883,0.43283406,8.722788,4.4604964
20031321192903,0.42929283,8.713483,4.478986
20031325950872,0.4230248,8.705477,4.495122
20031330708893,0.41306403,8.69834,4.5098367
20031335466914,0.39815167,8.691565,4.524219
20031340224935,0.37778154,8.684402,4.5396957
20031344982903,0.35272878,8.6763735,4.557029
20031349740924,0.32354656,8.667531,4.575982
20031354498945,0.29096338,8.658074,4.596029
20031359256966,0.25566784,8.648222,4.616632
20031364014935,0.2190808,8.638006,4.6375885
20031368772955,0.18313873,8.627637,4.6584044
20031373530976,0.14838861,8.617525,4.678315
20031378288997,0.11610323,8.607865,4.696973
20031383047018,0.08700827,8.598855,4.714076
20031387804987,0.061995756,8.5906925,4.7293277
20031392563008,0.040970113,8.583727,4.7421865
20031397321028,0.024090078,8.578065,4.7525373
20031402079049,0.0119330445,8.573693,4.760463
20031406837070,0.004910851,8.570473,4.7662735
20031411595039,0.003106022,8.568226,4.7703133
20031416353060,0.0055438112,8.566857,4.7727675
20031421111080,0.011245386,8.566183,4.7739663
20031425869101,0.018855784,8.566132,4.774036
20031430627122,0.027140025,8.566566,4.773217
20031435385091,0.034879476,8.567369,4.7717237
20031440143112,0.041233167,8.568421,4.7697845
20031444901133,0.04575036,8.569572,4.7676744
20031449659153,0.048325166,8.570807,4.7654305
20031454417174,0.04928297,8.572156,4.7629952
20031459175143,0.04918763,8.573573,4.760442
20031463933164,0.049055334,8.574873,4.7581024
20031468691185,0.049458094,8.575897,4.7562504
20031473449205,0.05063182,8.5764675,4.7552114
20031478207174,0.052465104,8.576541,4.7550573
20031482965195,0.054846253,8.576055,4.755908
20031487723216,0.057802618,8.575066,4.7576566
20031492481237,0.06142083,8.573764,4.759957
20031497239258,0.06543039,8.57226,4.7626114
20031501997226,0.0694031,8.570655,4.765444
20031506755247,0.07294096,8.568812,4.768703
20031511513268,0.07583943,8.56663,4.7725744
20031516271289,0.07845116,8.56398,4.7772865
20031521029310,0.0811456,8.560855,4.7828426
20031525787330,0.08432861,8.557345,4.789062
20031530545299,0.0880182,8.553511,4.7958417
20031535303320,0.09210876,8.549381,4.8031216
20031540061341,0.09677706,8.545037,4.810755
20031544819362,0.102312125,8.5406475,4.818429
20031549577383,0.109104425,8.536618,4.8254147
20031554335403,0.11756169,8.5331955,4.831268
20031559093372,0.1278437,8.530605,4.835577
20031563851393,0.14006203,8.52897,4.838123
20031568609414,0.15417656,8.528357,4.838775
20031573367435,0.16977169,8.528612,4.8378034
20031578125403,0.1862239,8.529544,4.8355546
20031582883424,0.20300657,8.530838,4.832596
20031587641445,0.21958971,8.532212,4.829444
20031592399466,0.23551202,8.53335,4.8266816
20031597157487,0.25040296,8.534027,4.824736
20031601915455,0.26356858,8.534116,4.823877
20031606673476,0.27435827,8.533684,4.824038
20031611431497,0.28227785,8.532826,4.8250995
20031616189518,0.28736386,8.531781,4.826647
20031620947539,0.29000553,8.530798,4.828227
20031625705508,0.2908823,8.530069,4.829459
20031630463528,0.29024974,8.529726,4.8301053
20031635221549,0.28829992,8.529702,4.8302646
20031639979570,0.28517586,8.529873,4.8301473
20031644737539,0.28109184,8.5302105,4.8297915
20031649495560,0.27608436,8.53068,4.8292513
20031654253580,0.27025726,8.531292,4.8284993
20031659011601,0.26373357,8.532006,4.8275976
20031663769622,0.25689214,8.532773,4.826612
20031668527591,0.25042105,8.533526,4.8256183
20031673285612,0.24508862,8.534338,4.8244586
20031678043633,0.24157295,8.535211,4.8230906
20031682801653,0.24051641,8.536105,4.821561
20031687559622,0.24238908,8.536962,4.8199506
20031692317643,0.24747814,8.537731,4.81833
20031697075664,0.25596502,8.538235,4.8169923
20031701833685,0.2673778,8.538292,4.816272
20031706591653,0.28108343,8.537646,4.8166366
20031711349674,0.2964677,8.536297,4.8181047
20031716107695,0.313209,8.534385,4.8204317
20031720865716,0.33123243,8.532069,4.8233256
20031725623685,0.35031313,8.529636,4.82628
20031730381705,0.36995316,8.527366,4.8288255
20031735139726,0.3894188,8.525488,4.830611
20031739897747,0.4078214,8.524184,4.8313923
20031744655768,0.42449364,8.523501,4.83116
20031749413737,0.43877962,8.523274,4.830286
20031754171758,0.45019156,8.523349,4.829105
20031758929778,0.45830598,8.523582,4.8279276
20031763687799,0.46283215,8.52382,4.8270755
20031768445716,0.4644348,8.523856,4.826859
20031773203789,0.4638747,8.523615,4.8273396
20031777961810,0.46196005,8.523168,4.8283105
20031782719830,0.45898303,8.52258,4.8296323
20031787477799,0.45494512,8.521915,4.8311872
20031792235820,0.4500002,8.521121,4.833051
20031796993841,0.44458082,8.520168,4.8352323
20031801751862,0.43917352,8.519107,4.837595
20031806509830,0.4342082,8.518063,4.8398824
20031811267851,0.430317,8.516994,4.8421087
20031816025872,0.42763755,8.51577,4.8444996
20031820783893,0.4263181,8.514362,4.84709
20031825541862,0.42626885,8.5128,4.849836
20031830299883,0.42739016,8.511048,4.852811
20031835057903,0.42956904,8.509014,4.856184
20031839815924,0.4326865,8.506581,4.860169
20031844573945,0.43634918,8.503648,4.864972
20031849331914,0.43935084,8.500176,4.870767
20031854089935,0.44089612,8.49601,4.877889
20031858847955,0.44059604,8.49124,4.8862166
20031863605976,0.43884122,8.486305,4.89494
20031868363945,0.43603435,8.481434,4.9036245
20031873121966,0.43213457,8.476512,4.9124737
20031877879987,0.42682207,8.4713125,4.9218984
20031882638008,0.4198279,8.465875,4.931845
20031887395976,0.41133034,8.460153,4.9423685
20031892153997,0.40181178,8.4541,4.9534965
20031896912018,0.39159626,8.447744,4.965145
20031901670039,0.38096774,8.441152,4.977169
20031906428060,0.3704346,8.434268,4.989618
20031911186028,0.3602453,8.4270315,5.0025744
20031915944049,0.35055223,8.419632,5.015704
20031920702070,0.34204227,8.411161,5.0304832
20031925460091,0.33127853,8.403166,5.044546
20031930218060,0.32366732,8.396321,5.056423
20031934976080,0.31805563,8.389995,5.0672693
20031939734101,0.31434268,8.384036,5.077352
20031944492122,0.31216994,8.378318,5.086918
20031949250143,0.3112979,8.372588,5.096395
20031954008112,0.31179926,8.366623,5.1061506
20031958766133,0.31379145,8.360312,5.1163545
20031963524153,0.31726745,8.353647,5.127016
20031968282174,0.32201472,8.346654,5.138098
20031973040143,0.3280499,8.339421,5.149449
20031977798164,0.3353964,8.332134,5.16076
20031982556185,0.34378666,8.325019,5.17168
20031987314205,0.35282084,8.318453,5.1816254
20031992072226,0.36205223,8.312799,5.190056
20031996830195,0.3712234,8.30824,5.196704
20032001588216,0.38045958,8.304814,5.201508
20032006346237,0.38961497,8.302452,5.2046037
20032011104258,0.398713,8.30105,5.2061477
20032015862278,0.40753546,8.300429,5.206456
20032020620247,0.41592756,8.300413,5.205817
20032025378268,0.42398384,8.30093,5.204343
20032030136289,0.43180835,8.301845,5.2022414
20032034894310,0.43956828,8.3030815,5.199615
20032039652278,0.44699454,8.304444,5.196805
20032044410299,0.45360452,8.305863,5.1939654
20032049168320,0.45901978,8.307245,5.1912775
20032053926341,0.46275112,8.308725,5.188577
20032058684362,0.4647458,8.3104105,5.185698
20032063442330,0.465181,8.312299,5.182633
20032068200351,0.46444625,8.314378,5.179365
20032072958372,0.46326035,8.316663,5.1758003
20032077716393,0.46195057,8.319164,5.1718936
20032082474362,0.4606525,8.321862,5.1676693
20032087232383,0.45939305,8.324707,5.1631966
20032091990403,0.45825177,8.3275,5.158791
20032096748424,0.4572783,8.330481,5.1540647
20032101506445,0.45659125,8.333656,5.1489882
20032106264414,0.45610058,8.336992,5.1436286
20032111022435,0.4557582,8.340475,5.1380105
20032115780455,0.4555927,8.344181,5.132003
20032120538476,0.45514682,8.348275,5.125381
20032125296445,0.45508108,8.352628,5.118291
20032130054466,0.45520344,8.357376,5.110523
20032134812487,0.45579055,8.362215,5.1025486
20032139570508,0.45652655,8.366628,5.095245
20032144328528,0.456349,8.370326,5.089183
20032149086497,0.4550714,8.373146,5.0846562
20032153844518,0.4527023,8.375134,5.081591
20032158602539,0.44962704,8.376383,5.0798063
20032163360560,0.44639617,8.376832,5.079351
20032168118528,0.44318965,8.376859,5.079587
20032172876549,0.4401661,8.376723,5.080073
20032177634570,0.43714985,8.376718,5.080345
20032182392591,0.4336504,8.377016,5.0801525
20032187150560,0.42960715,8.377693,5.0793777
20032191908580,0.42566538,8.378704,5.078044
20032196666601,0.4217678,8.379913,5.076372
20032201424622,0.41820192,8.381325,5.0743375
20032206182591,0.41492206,8.382729,5.072285
20032210940612,0.41186112,8.3839245,5.070558
20032215698633,0.40867415,8.385025,5.068997
20032220456653,0.40630776,8.386154,5.0673165
20032225214674,0.40573913,8.387623,5.0649323
20032229972643,0.4078031,8.389552,5.061571
20032234730664,0.41277504,8.392026,5.0570664
20032239488685,0.42028496,8.395074,5.051385
20032244246653,0.42918682,8.398415,5.0450797
20032249004674,0.43909508,8.401889,5.038436
20032253762695,0.4492789,8.4054,5.0316772
20032258520716,0.45941427,8.408646,5.0253363
20032263278685,0.4689486,8.4118,5.0191717
20032268036705,0.47778,8.414806,5.013296
20032272794726,0.48553547,8.417701,5.0076904
20032277552747,0.4925049,8.420435,5.002409
20032282310716,0.49870223,8.423088,4.997325
20032287068737,0.5044819,8.425993,4.991848
20032291826758,0.5092773,8.428891,4.9864626
20032296584778,0.5131661,8.431637,4.9814186
20032301342799,0.5165728,8.433895,4.9772444
20032306100768,0.5197345,8.435833,4.973628
20032310858789,0.5225271,8.437714,4.970145
20032315616810,0.52524805,8.439615,4.966627
20032320374830,0.5277524,8.441754,4.9627256
20032325132799,0.5303089,8.444169,4.9583435
20032329890820,0.53248423,8.446796,4.9536333
20032334648789,0.53379107,8.449805,4.9483585
20032339406862,0.53447855,8.453201,4.942481
20032344164830,0.53504926,8.45707,4.9357953
20032348922851,0.53577435,8.46124,4.9285645
20032353680872,0.5371541,8.465597,4.9209275
20032358438893,0.53903383,8.470322,4.9125853
20032363196862,0.5411874,8.475243,4.903852
20032367954883,0.5432378,8.480157,4.895124
20032372712903,0.5457558,8.485106,4.886257
20032377470872,0.54858905,8.489897,4.877611
20032382228893,0.55239385,8.49447,4.869213
20032386986914,0.5569477,8.498959,4.8608537
20032391744935,0.5623492,8.503254,4.8527117
20032396502903,0.56824315,8.50729,4.8449464
20032401260924,0.57448626,8.510779,4.838076
20032406018945,0.5807005,8.513823,4.831976
20032410776966,0.5866995,8.516538,4.8264637
20032415534935,0.59210116,8.519365,4.8208117
20032420292955,0.5966263,8.522549,4.814623
20032425050976,0.60009176,8.526053,4.8079824
20032429808997,0.60248655,8.529854,4.800937
20032434566966,0.6040154,8.533825,4.793683
20032439324987,0.6048809,8.537627,4.786798
20032444083008,0.60599095,8.54101,4.780619
20032448841028,0.60711664,8.544042,4.7750554
20032453598997,0.6081937,8.546874,4.7698464
20032458357018,0.60891354,8.54967,4.76474
20032463115039,0.6089854,8.552441,4.7597575
20032467873060,0.60830027,8.555294,4.7547135
20032472631028,0.60752743,8.557424,4.7509794
20032477389049,0.6051719,8.560172,4.746328
20032482147070,0.60460985,8.56343,4.740517
20032486905091,0.60358304,8.566591,4.7349324
20032491663060,0.6029768,8.569492,4.729757
20032496421080,0.60299116,8.572986,4.723422
20032501179101,0.6039132,8.576601,4.7167354
20032505937070,0.6046492,8.579638,4.711116
20032510695091,0.60575974,8.581994,4.706679
20032515453112,0.605112,8.588384,4.695093
20032520211133,0.60123545,8.595355,4.6828175
20032524969153,0.59598964,8.601079,4.672967
20032529727122,0.5899061,8.606302,4.6641145
20032534485091,0.5849599,8.611601,4.6549478
20032539243164,0.5819925,8.616211,4.6467834
20032544001133,0.58175164,8.619623,4.6404815
20032548759153,0.58536476,8.620487,4.638419
20032553517174,0.5909634,8.625737,4.627937
20032558275195,0.59288394,8.634291,4.6117125
20032563033164,0.59156775,8.640974,4.599349
20032567791185,0.58683467,8.645365,4.591696
20032572549205,0.58089817,8.648961,4.585675
20032577307226,0.5749611,8.652905,4.5789785
20032582065195,0.5703838,8.656758,4.572261
20032586823216,0.568,8.660006,4.566406
20032591581237,0.5680766,8.662783,4.561127
20032596339258,0.5701231,8.665438,4.5558248
20032601097226,0.57311726,8.668177,4.5502343
20032605855247,0.57574475,8.6707945,4.5449114
20032610613268,0.5771203,8.673446,4.539677
20032615371289,0.5768194,8.675952,4.534923
20032620129258,0.57456243,8.678479,4.530371
20032624887278,0.5710208,8.680968,4.526049
20032629645299,0.56711406,8.683192,4.5222697
20032634403320,0.5638295,8.685181,4.5188627
20032639161289,0.5615997,8.68718,4.515296
20032643919310,0.5606265,8.689048,4.5118217
20032648677330,0.5605949,8.690849,4.5083547
20032653435351,0.56092,8.692435,4.505254
20032658193320,0.5608116,8.694067,4.50212
20032662951341,0.55981845,8.695737,4.4990153
20032667709362,0.5574636,8.697352,4.496185
20032672467383,0.5537727,8.698832,4.493779
20032677225351,0.5488682,8.700099,4.491926
20032681983372,0.5431795,8.701327,4.4902406
20032686741393,0.53706396,8.702579,4.4885497
20032691499414,0.5315208,8.70394,4.48657
20032696257383,0.5271215,8.705529,4.484005
20032701015403,0.5241159,8.708027,4.479504
20032705773424,0.52318054,8.708262,4.479156
20032710531445,0.5240902,8.707102,4.4813046
20032715289414,0.5267642,8.707726,4.479779
20032720047435,0.52998054,8.709951,4.475071
20032724805455,0.5329885,8.711418,4.471857
20032729563424,0.5342118,8.7116585,4.471243
20032734321445,0.5336988,8.711959,4.4707184
20032739079466,0.5316715,8.713233,4.468477
20032743837487,0.52895975,8.7146,4.4661326
20032748595455,0.52551854,8.715264,4.4652424
20032753353476,0.5223824,8.715646,4.464865
20032758111497,0.52021223,8.716333,4.463778
20032762869518,0.51949114,8.717389,4.461799
20032767627487,0.52004343,8.718179,4.46019
20032772385508,0.52136225,8.718588,4.4592366
20032777143528,0.52308095,8.718926,4.4583716
20032781901549,0.5243843,8.719531,4.4570384
20032786659518,0.52467257,8.72021,4.4556737
20032791417539,0.52389044,8.72081,4.4545937
20032796175560,0.5218368,8.721304,4.453866
20032800933580,0.5186398,8.721688,4.453488
20032805691549,0.5152195,8.722219,4.4528427
20032810449570,0.5119227,8.722861,4.4519663
20032815207591,0.5091435,8.723421,4.4511886
20032819965612,0.50727683,8.723899,4.4504657
20032824723580,0.5063984,8.7242985,4.4497824
20032829481601,0.50638425,8.724839,4.448723
20032834239622,0.5071263,8.7253,4.4477363
20032838997643,0.5083583,8.725783,4.446645
20032843755612,0.5092629,8.726208,4.445709
20032848513633,0.5097482,8.72651,4.4450603
20032853271653,0.5098401,8.726814,4.444454
20032858029674,0.5097244,8.727088,4.4439287
20032862787591,0.50939333,8.727365,4.443424
20032867545664,0.5091721,8.727667,4.442855
20032872303685,0.5092175,8.728059,4.44208
20032877061705,0.50974715,8.728405,4.4413376
20032881819674,0.5107327,8.72872,4.4406075
20032886577695,0.51205564,8.729042,4.43982
20032891335716,0.5131975,8.729485,4.43882
20032896093737,0.51393306,8.729873,4.4379716
20032900851705,0.51418173,8.7302065,4.437284
20032905609726,0.513764,8.73061,4.4365387
20032910367747,0.512915,8.731082,4.4357076
20032915125768,0.51160955,8.731662,4.4347177
20032919883789,0.51039726,8.732159,4.4338803
20032924641758,0.5091647,8.732576,4.433198
20032929399778,0.50805956,8.732899,4.432691
20032934157799,0.50734407,8.733304,4.4319744
20032938915768,0.50663465,8.733832,4.4310117
20032943673789,0.5060307,8.73434,4.430082
20032948431810,0.5055924,8.734746,4.42933
20032953189830,0.5050967,8.735094,4.4287014
20032957947799,0.50457895,8.73541,4.428137
20032962705820,0.50405806,8.735701,4.4276233
20032967463841,0.50339645,8.735968,4.4271736
20032972221862,0.50258744,8.736107,4.426988
20032976979830,0.5020581,8.7360735,4.4271154
20032981737851,0.5016462,8.736009,4.42729
20032986495872,0.50150776,8.73597,4.4273834
20032991253893,0.5012669,8.735943,4.4274616
20032996011862,0.5011877,8.7359495,4.427458
20033000769883,0.50139064,8.735981,4.427374
20033005527903,0.50169885,8.736035,4.42723
20033010285924,0.50210536,8.7361,4.427056
20033015043893,0.50242174,8.736366,4.4264956
20033019801914,0.50242746,8.736822,4.425595
20033024559935,0.5019759,8.73729,4.424722
20033029317955,0.5012389,8.737765,4.423867
20033034075924,0.50006694,8.738253,4.423036
20033038833945,0.49884534,8.738814,4.422065
20033043591966,0.49747333,8.739562,4.4207435
20033048349987,0.4961143,8.740285,4.419465
20033053108008,0.49524292,8.740982,4.4181848
20033057865976,0.49423528,8.741601,4.4170723
20033062623997,0.49375254,8.74206,4.4162173
20033067382018,0.49315596,8.74239,4.4156322
20033072139987,0.49265754,8.742638,4.415197
20033076898008,0.4922244,8.742857,4.414811
20033081656028,0.49141714,8.742907,4.414802
20033086414049,0.49064848,8.742815,4.4150696
20033091172070,0.4903399,8.742493,4.4157424
20033095930039,0.49082646,8.742136,4.4163957
20033100688060,0.49182194,8.741734,4.41708
20033105446080,0.49317974,8.741294,4.4177995
20033110204101,0.4948078,8.740978,4.418243
20033114962070,0.4964622,8.740967,4.4180784
20033119720091,0.49766833,8.741125,4.417629
20033124478112,0.49859586,8.741612,4.4165597
20033129236133,0.49867958,8.742371,4.415049
20033133994101,0.49799576,8.743401,4.413087
20033138752122,0.4963976,8.74459,4.410911
20033143510143,0.49412274,8.745674,4.409017
20033148268164,0.49162582,8.74652,4.4076166
20033153026133,0.48927146,8.747137,4.4066544
20033157784153,0.48688176,8.747712,4.405777
20033162542174,0.48480257,8.748197,4.4050426
20033167300195,0.48326543,8.7485485,4.4045134
20033172058164,0.4824132,8.748679,4.404349
20033176816185,0.48213196,8.748603,4.404528
20033181574205,0.48223853,8.748453,4.404814
20033186332226,0.48260862,8.748294,4.4050927
20033191090195,0.48307234,8.748141,4.405342
20033195848216,0.4831735,8.748006,4.4056015
20033200606237,0.48301023,8.7480755,4.4054804
20033205364258,0.48240203,8.748437,4.4048295
20033210122278,0.4816878,8.749102,4.403588
20033214880247,0.48065513,8.749878,4.4021587
20033219638268,0.47941178,8.750586,4.4008865
20033224396289,0.47817105,8.75113,4.3999395
20033229154310,0.47693163,8.751567,4.3992057
20033233912278,0.4759386,8.752083,4.398286
20033238670299,0.47509423,8.752612,4.3973246
20033243428320,0.4744019,8.753133,4.3963623
20033248186341,0.47390518,8.753543,4.395599
20033252944310,0.473534,8.753852,4.3950224
20033257702330,0.47295278,8.754084,4.3946247
20033262460351,0.472545,8.75428,4.394277
20033267218372,0.47206375,8.754234,4.394419
20033271976341,0.47157466,8.754066,4.3948064
20033276734362,0.47121993,8.75381,4.3953547
20033281492383,0.47071174,8.753678,4.39567
20033286250403,0.47045162,8.75362,4.395816
20033291008372,0.4702005,8.753666,4.395752
20033295766393,0.47002035,8.753744,4.395613
20033300524414,0.46974054,8.753906,4.395322
20033305282435,0.46936452,8.754171,4.3948336
20033310040403,0.46886632,8.75455,4.3941336
20033314798424,0.46843767,8.754945,4.3933926
20033319556445,0.4680499,8.755534,4.392259
20033324314466,0.4676991,8.756209,4.39095
20033329072435,0.46735922,8.756939,4.389532
20033333830455,0.46695715,8.757736,4.387984
20033338588476,0.46628255,8.758483,4.386564
20033343346497,0.46505773,8.759182,4.385298
20033348104518,0.4634029,8.75971,4.384417
20033352862487,0.461364,8.760036,4.38398
20033357620508,0.4591553,8.760183,4.383921
20033362378528,0.45720553,8.759976,4.3845367
20033367136549,0.4560043,8.759539,4.3855357
20033371894518,0.45539612,8.759009,4.386656
20033376652539,0.45565805,8.758438,4.3877707
20033381410560,0.45664173,8.757898,4.388746
20033386168580,0.45774567,8.757545,4.3893313
20033390926549,0.45865852,8.757494,4.389342
20033395684570,0.4589247,8.757842,4.388619
20033400442591,0.45832762,8.75841,4.3875475
20033405200612,0.4567325,8.759187,4.3861628
20033409958580,0.45469025,8.759936,4.3848786
20033414716601,0.4524751,8.760613,4.383755
20033419474622,0.45061994,8.761092,4.38299
20033424232643,0.44955337,8.761482,4.3823185
20033428990612,0.44907996,8.761734,4.381863
20033433748633,0.44896328,8.7618265,4.381692
20033438506653,0.44903085,8.761978,4.3813806
20033443264674,0.44903758,8.762216,4.3809037
20033448022643,0.4487274,8.762556,4.380255
20033452780664,0.44788596,8.762849,4.379756
20033457538685,0.44661352,8.762936,4.3797126
20033462296705,0.44496,8.762808,4.380138
20033467054726,0.4434152,8.762642,4.3806243
20033471812695,0.442091,8.762496,4.381048
20033476570716,0.44146863,8.762177,4.381749
20033481328737,0.4416543,8.761862,4.3823624
20033486086758,0.44249576,8.761742,4.3825192
20033490844726,0.44390094,8.761775,4.382308
20033495602747,0.44553676,8.761867,4.3819623
20033500360768,0.44714186,8.762266,4.380998
20033505118789,0.44814488,8.762843,4.379742
20033509876758,0.44841036,8.763538,4.3783226
20033514634778,0.44759604,8.764133,4.3772154
20033519392799,0.44632646,8.764656,4.3762965
20033524150820,0.4451582,8.765073,4.3755803
20033528908789,0.44442353,8.765436,4.374931
20033533666810,0.44419175,8.765716,4.3743906
20033538424830,0.4445946,8.765776,4.374231
20033543182851,0.44553307,8.765641,4.3744044
20033547940820,0.44664228,8.765476,4.374624
20033552698841,0.44784486,8.765371,4.37471
20033557456862,0.4483154,8.765352,4.3747015
20033562214883,0.44794428,8.765364,4.374716
20033566972903,0.44673494,8.765442,4.3746834
20033571730872,0.44528824,8.765517,4.3746796
20033576488841,0.44387317,8.765489,4.374878
20033581246914,0.4427228,8.765418,4.375138
20033586004935,0.4427397,8.7653055,4.375362
20033590762903,0.44370353,8.765244,4.375388
20033595520924,0.44538742,8.765182,4.3753405
20033600278945,0.4476494,8.765277,4.374918
20033605036966,0.45006523,8.765546,4.3741317
20033609794935,0.45207,8.765997,4.373021
20033614552903,0.45349884,8.766357,4.3721495
20033619310976,0.45418057,8.766692,4.3714085
20033624068997,0.45420074,8.767024,4.37074
20033628826966,0.45382008,8.767263,4.370301
20033633584987,0.4530168,8.767589,4.3697324
20033638343008,0.4523566,8.767883,4.369209
20033643100976,0.45179415,8.768124,4.368785
20033647859049,0.4516147,8.768386,4.3682766
20033652617018,0.45181134,8.768574,4.3678784
20033657375039,0.45227295,8.768657,4.367664
20033662133060,0.452582,8.768609,4.3677287
20033666891080,0.45250264,8.768531,4.367894
20033671649049,0.45192647,8.76853,4.3679557
20033676407070,0.4509851,8.768607,4.367895
20033681165091,0.44991484,8.768562,4.3680983
20033685923112,0.44858465,8.768588,4.3681846
20033690681080,0.44805703,8.769176,4.367057
20033695439101,0.44786015,8.769766,4.3658943
20033700197122,0.44740784,8.769275,4.366924
20033704955143,0.4469935,8.7683935,4.3687363
20033709713164,0.4471256,8.768468,4.3685746
20033714471133,0.44827577,8.7688875,4.3676143
20033719229153,0.4504866,8.768591,4.3679805
20033723987174,0.4536526,8.767954,4.3689313
20033728745195,0.4571603,8.7677555,4.3689666
20033733503164,0.46081153,8.767889,4.3683143
20033738261185,0.46407652,8.767661,4.368424
20033743019205,0.46645567,8.767257,4.3689833
20033747777226,0.46798518,8.7671,4.3691344
20033752535247,0.46869516,8.767132,4.368995
20033757293216,0.46869802,8.767084,4.369089
20033762051237,0.46819812,8.766782,4.369751
20033766809258,0.4680489,8.766397,4.370537
20033771567278,0.46862182,8.766083,4.371106
20033776325247,0.47036126,8.765948,4.3711877
20033781083268,0.47313243,8.765869,4.3710504
20033785841289,0.47618237,8.765674,4.3711123
20033790599310,0.47875088,8.76561,4.3709583
20033795357278,0.47983885,8.7659,4.3702555
20033800115299,0.47914252,8.766307,4.3695164
20033804873320,0.4768173,8.766719,4.3689446
20033809631341,0.47382295,8.767288,4.3681273
20033814389362,0.47123185,8.767787,4.3674073
20033819147330,0.4712167,8.767983,4.3670115
20033823905351,0.47351736,8.767442,4.367853
20033828663372,0.47693935,8.766991,4.3683863
20033833421393,0.4813931,8.767375,4.3671265
20033838179362,0.4854523,8.768011,4.3654003
20033842937383,0.48911437,8.768299,4.3644104
20033847695403,0.49158025,8.768669,4.3633914
20033852453424,0.49321136,8.76965,4.361234
20033857211445,0.49420217,8.771228,4.3579483
20033861969414,0.49449128,8.772801,4.3547463
20033866727435,0.49357206,8.77618,4.3480377
20033871485455,0.49704635,8.776044,4.3479185
20033876243476,0.4968971,8.771462,4.3571706
20033881001393,0.50186086,8.770837,4.35786
20033885759466,0.5072194,8.774253,4.3503556
20033890517487,0.5133279,8.773974,4.350202
20033895275508,0.51766944,8.7710285,4.355624
20033900033528,0.5213564,8.770701,4.355842
20033904791497,0.5232942,8.772721,4.3515425
20033909549518,0.5238671,8.772993,4.3509235
20033914307539,0.5231433,8.771086,4.354856
20033919065560,0.5233689,8.770169,4.356673
20033923823528,0.52466065,8.770989,4.354869
20033928581549,0.53101826,8.772488,4.3510766
20033933339570,0.5411688,8.776164,4.3424034
20033938097591,0.54569906,8.77434,4.345521
20033942855560,0.54091257,8.766909,4.361089
20033947613580,0.5317015,8.762806,4.370457
20033952371601,0.52146345,8.764715,4.3678637
20033957129622,0.51473194,8.765834,4.366417
20033961887591,0.514075,8.762131,4.3739185
20033966645612,0.5224793,8.757377,4.3824363
20033971403580,0.53897053,8.755129,4.384931
20033976161653,0.55870026,8.754886,4.3829455
20033980919674,0.576442,8.754613,4.381195
20033985677643,0.586579,8.754666,4.3797407
20033990435664,0.58616257,8.756832,4.3754644
20033995193685,0.5761423,8.76077,4.368907
20033999951705,0.56196475,8.763758,4.36476
20034004709622,0.5538089,8.764686,4.36394
20034009467695,0.5493785,8.76555,4.362763
20034014225716,0.5441731,8.767362,4.3597727
20034018983737,0.54300076,8.768047,4.358542
20034023741758,0.5427106,8.768843,4.3569775
20034028499726,0.5454022,8.769631,4.355053
20034033257747,0.54892606,8.770775,4.3523073
20034038015768,0.5521389,8.771627,4.3501825
20034042773789,0.55476016,8.772169,4.3487563
20034047531758,0.5546995,8.772905,4.3472795
20034052289778,0.5534947,8.773507,4.3462167
20034057047799,0.5504972,8.773868,4.345871
20034061805820,0.54771876,8.773832,4.3462934
20034066563841,0.54539335,8.773654,4.346947
20034071321810,0.54461896,8.773335,4.347684
20034076079830,0.545593,8.772815,4.3486137
20034080837851,0.5478899,8.772328,4.3493056
20034085595872,0.55095667,8.771981,4.349618
20034090353841,0.5538662,8.771794,4.3496256
20034095111862,0.5556039,8.771681,4.349633
20034099869622,0.5556328,8.771579,4.3498373
20034104627903,0.55373216,8.771768,4.349696
20034109385924,0.5503644,8.772307,4.3490357
20034114143893,0.546163,8.773035,4.3480973
20034118901914,0.54196554,8.773774,4.3471313
20034123659935,0.5384139,8.774406,4.346296
20034128417955,0.5364921,8.774772,4.345796
20034133175924,0.5362822,8.775023,4.345314
20034137933945,0.53734255,8.775114,4.3450003
20034142691966,0.53905845,8.775175,4.344664
20034147449987,0.5406234,8.774989,4.3448462
20034152207955,0.5412265,8.774694,4.345366
20034156965976,0.5407848,8.774345,4.3461256
20034161723997,0.539604,8.77391,4.3471527
20034166482018,0.53801537,8.773428,4.348321
20034171240039,0.5365609,8.772731,4.349907
20034175998008,0.53557485,8.771716,4.3520737
20034180756028,0.53557605,8.770532,4.35446
20034185514049,0.5363875,8.769386,4.3566656
20034190272070,0.537842,8.7682705,4.3587317
20034195030039,0.53900415,8.767179,4.3607864
20034199787799,0.5395999,8.766353,4.3623714
20034204546080,0.53893024,8.766037,4.3630886
20034209304101,0.5367461,8.766357,4.362715
20034214062122,0.53334594,8.767125,4.36159
20034218820091,0.52917963,8.768122,4.3600907
20034223578112,0.5249915,8.769306,4.3582163
20034228336133,0.5211206,8.770647,4.3559804
20034233094153,0.5180956,8.772197,4.3532205
20034237852122,0.52054083,8.772689,4.3519354
20034242610143,0.52368724,8.773092,4.350746
20034247368164,0.52771896,8.77339,4.3496585
20034252126185,0.5324863,8.773536,4.348782
20034256884205,0.5374853,8.773619,4.348
20034261642174,0.5418056,8.773662,4.347379
20034266400195,0.5445558,8.773674,4.347008
20034271158216,0.54616743,8.773669,4.346815
20034275916237,0.5478612,8.773571,4.346803
20034280674205,0.55045056,8.77338,4.346859
20034285432226,0.5543642,8.773125,4.3468785
20034290190247,0.5590295,8.772809,4.346918
20034294948268,0.56365174,8.772558,4.346828
20034299706289,0.5679632,8.772337,4.34671
20034304464258,0.57285124,8.77216,4.3464284
20034309222226,0.57801574,8.771976,4.3461156
20034313980299,0.5817899,8.771909,4.3457456
20034318738320,0.5827335,8.772033,4.345371
20034323496341,0.58097696,8.772348,4.344968
20034328254310,0.5781665,8.772684,4.3446655
20034333012330,0.57630646,8.772929,4.344417
20034337770351,0.5766159,8.773063,4.3441095
20034342528372,0.5790214,8.773071,4.3437705
20034347286341,0.5820261,8.773029,4.3434553
20034352044362,0.5863653,8.772496,4.343946
20034356802272,0.591175,8.771943,4.3444095
20034361560241,0.59591556,8.771559,4.3445387
20034366318210,0.5992727,8.771292,4.344618
20034371076231,0.6005088,8.770884,4.345272
20034375834252,0.5987946,8.770582,4.3461165
20034380592273,0.5957647,8.77041,4.3468795
20034385350293,0.59094954,8.770278,4.3478017
20034390108262,0.58462924,8.7705965,4.348014
20034394866283,0.5796895,8.770874,4.348115
20034399624304,0.5790168,8.770541,4.348877
20034404382325,0.5823157,8.769576,4.3503814
20034409140346,0.5853173,8.768941,4.351259
20034413898314,0.585063,8.7688465,4.3514857
20034418656335,0.58440787,8.768468,4.3523355
20034423414356,0.58532596,8.76771,4.353741
20034428172377,0.5876048,8.766889,4.355086
20034432930346,0.5901778,8.766693,4.3551326
20034437688314,0.59060115,8.766621,4.3552194
20034442446387,0.5949505,8.766714,4.3544393
20034447204408,0.596499,8.76698,4.353691
20034451962429,0.5950433,8.768593,4.3506403
20034456720398,0.6059533,8.768192,4.349944
20034461478418,0.6197708,8.765334,4.3537564
20034466236387,0.639242,8.762034,4.3575797
20034470994460,0.6518109,8.764629,4.3504963
20034475752481,0.6632117,8.76906,4.33983
20034480510398,0.6652924,8.77032,4.3369656
20034485268471,0.663172,8.768532,4.3409023
20034490026491,0.6545449,8.7676735,4.343947
20034494784512,0.6432969,8.767375,4.346227
20034499542481,0.6364628,8.76743,4.3471193
20034504300502,0.6320587,8.767559,4.3475056
20034509058523,0.63219666,8.76763,4.3473425
20034513816543,0.63674295,8.767474,4.34699
20034518574564,0.6436283,8.767147,4.3466396
20034523332533,0.65151626,8.766846,4.3460712
20034528090554,0.65826267,8.766494,4.345764
20034532848575,0.6628764,8.766046,4.345966
20034537606596,0.66503686,8.765773,4.346187
20034542364564,0.66433895,8.765918,4.346
20034547122585,0.6604623,8.766178,4.3460684
20034551880606,0.65555936,8.766373,4.346418
20034556638627,0.6527261,8.766422,4.346741
20034561396648,0.6533274,8.766403,4.3466935
20034566154616,0.6573133,8.766389,4.3461185
20034570912637,0.6635445,8.766331,4.3452907
20034575670658,0.6708252,8.766123,4.34459
20034580428679,0.67765415,8.765905,4.343969
20034585186700,0.68315005,8.76578,4.343361
20034589944668,0.68640095,8.765891,4.342624
20034594702689,0.6863525,8.766239,4.3419294
20034599460710,0.6824868,8.766851,4.3413033
20034604218731,0.67587686,8.767618,4.340789
20034608976700,0.668739,8.768339,4.340439
20034613734721,0.6631745,8.768801,4.3403583
20034618492741,0.6606221,8.768913,4.340521
20034623250762,0.66151357,8.7688265,4.340561
20034628008783,0.66469336,8.76864,4.340454
20034632766752,0.6687402,8.7682905,4.340535
20034637524773,0.67227715,8.767922,4.3407335
20034642282793,0.67468846,8.767684,4.3408427
20034647040710,0.67547107,8.767649,4.340791
20034651798835,0.67445505,8.767777,4.34069
20034656556804,0.67164487,8.768096,4.340481
20034661314825,0.66755605,8.768591,4.340112
20034666072846,0.6634542,8.769116,4.3396783
20034670830866,0.6610787,8.769571,4.3391232
20034675588887,0.6612226,8.769908,4.3384194
20034680346856,0.6636473,8.7701845,4.337489
20034685104877,0.66733044,8.770426,4.3364367
20034689862898,0.6709976,8.770592,4.3355346
20034694620918,0.6737903,8.770775,4.334733
20034699378887,0.6752037,8.771016,4.3340244
20034704136908,0.6754087,8.771269,4.3334804
20034708894929,0.6744771,8.771535,4.3330874
20034713652950,0.6724449,8.771801,4.3328624
20034718410971,0.66994727,8.772076,4.3326964
20034723168939,0.6677152,8.772318,4.3325496
20034727926960,0.666597,8.772523,4.3323064
20034732684981,0.66685313,8.772636,4.3320355
20034737442950,0.66854924,8.772663,4.3317213
20034742200971,0.6710801,8.772631,4.331397
20034746958991,0.6736089,8.772622,4.331022
20034751717012,0.67564225,8.77266,4.3306265
20034756475033,0.6767915,8.772732,4.330304
20034761233054,0.676935,8.772815,4.3301115
20034765991023,0.67627156,8.772954,4.3299336
20034770749043,0.6750698,8.773124,4.3297763
20034775507064,0.67361957,8.773373,4.3295
20034780265085,0.6724471,8.773603,4.3292127
20034785023106,0.6717367,8.773831,4.3288617
20034789781075,0.6716356,8.774039,4.328456
20034794539096,0.6720097,8.774221,4.3280277
20034799297116,0.672188,8.774444,4.32755
20034804055137,0.67163736,8.774682,4.3271513
20034808813106,0.6701902,8.774963,4.3268065
20034813571127,0.6678576,8.775265,4.326556
20034818329148,0.66528445,8.775555,4.3263655
20034823087168,0.6628379,8.775856,4.3261275
20034827845189,0.6608708,8.776097,4.325939
20034832603158,0.65944815,8.776278,4.3257914
20034837361179,0.65841395,8.776427,4.3256445
20034842119200,0.6577871,8.776506,4.3255773
20034846877221,0.6573617,8.7765255,4.3256054
20034851635241,0.65683675,8.77656,4.325615
20034856393262,0.6559969,8.7765875,4.3256865
20034861151231,0.6547563,8.7766485,4.325752
20034865909252,0.6533439,8.776724,4.325811
20034870667273,0.65203214,8.776791,4.3258753
20034875425293,0.6511164,8.776829,4.3259335
20034880183262,0.65091985,8.776846,4.325929
20034884941283,0.6513231,8.7768135,4.325935
20034889699304,0.65218735,8.77679,4.3258514
20034894457325,0.65318596,8.776799,4.325682
20034899215346,0.65395206,8.776841,4.325481
20034903973314,0.65435874,8.776928,4.325245
20034908731335,0.65420604,8.777052,4.325014
20034913489356,0.6535723,8.777234,4.3247414
20034918247481,0.652664,8.777465,4.3244104
20034923005398,0.65161806,8.7777405,4.324008
20034927763366,0.65070087,8.778008,4.3236027
20034932521387,0.65025926,8.778213,4.323253
20034937279408,0.6502187,8.778392,4.322896
20034942037429,0.6505734,8.778583,4.3224583
20034946795450,0.6510486,8.778767,4.3220124
20034951553418,0.6513695,8.778948,4.3215933
20034956311439,0.65132713,8.779135,4.3212194
20034961069460,0.65087444,8.779335,4.320883
20034965827481,0.6500195,8.779526,4.320623
20034970585450,0.64908624,8.779691,4.320429
20034975343471,0.6483499,8.77982,4.320277
20034980101491,0.64787614,8.779964,4.320054
20034984859512,0.6462213,8.780313,4.3195953
20034989617533,0.6452598,8.780569,4.3192167
20034994375554,0.6449335,8.780899,4.318594
20034999133523,0.6450091,8.781204,4.317962
20035003891543,0.64512926,8.781413,4.3175206
20035008649564,0.6449353,8.78159,4.31719
20035013407533,0.64385027,8.781713,4.3171034
20035018165606,0.6420707,8.781824,4.317139
20035022923575,0.6399697,8.781809,4.317482
20035027681596,0.6377679,8.781725,4.31798
20035032439616,0.6361324,8.781582,4.3185115
20035037197637,0.63563174,8.781344,4.319067
20035041955606,0.63580275,8.781138,4.319461
20035046713627,0.6346467,8.781024,4.3198633
20035051471648,0.6319669,8.780952,4.3204026
20035056229668,0.6316278,8.780606,4.321157
20035060987689,0.6362221,8.7802725,4.3211613
20035065745658,0.6442012,8.780268,4.319987
20035070503679,0.65358526,8.780346,4.31842
20035075261700,0.6629526,8.7801,4.3174934
20035080019721,0.67106146,8.780009,4.316423
20035084777741,0.67607945,8.780523,4.314592
20035089535710,0.67622,8.781558,4.312464
20035094293679,0.6712634,8.7825775,4.311164
20035099051752,0.66314965,8.7836485,4.310236
20035103809773,0.6544365,8.784903,4.3090134
20035108567793,0.64698046,8.785972,4.3079586
20035113325762,0.6418499,8.786487,4.3076773
20035118083783,0.63935643,8.786623,4.30777
20035122841804,0.6396436,8.786588,4.3077984
20035127599825,0.6419828,8.786304,4.308028
20035132357846,0.6453052,8.785709,4.308743
20035137115814,0.64846057,8.784984,4.309752
20035141873835,0.65051013,8.784349,4.3107347
20035146631856,0.65142024,8.783825,4.311667
20035151389877,0.6516796,8.783591,4.312102
20035156147898,0.6519291,8.783535,4.312179
20035160905866,0.6527854,8.783619,4.311878
20035165663887,0.6544924,8.783745,4.3113637
20035170421908,0.65712714,8.78386,4.310727
20035175179929,0.66029495,8.784037,4.3098855
20035179937950,0.663093,8.784233,4.309054
20035184695918,0.6654375,8.784144,4.3088713
20035189453939,0.6665007,8.783906,4.309194
20035194211960,0.6656349,8.783697,4.3097544
20035198969981,0.6634785,8.783452,4.3105884
20035203728002,0.6601615,8.783385,4.3112297
20035208485971,0.6558698,8.783483,4.31169
20035213243991,0.6511802,8.783645,4.312069
20035218002012,0.6465748,8.783868,4.3123097
20035222760033,0.6426739,8.784314,4.3119802
20035227518054,0.64018124,8.784957,4.3110423
20035232276023,0.6394742,8.785397,4.3102508
20035237034043,0.64034694,8.785475,4.3099623
20035241792064,0.64208096,8.785484,4.3096857
20035246550085,0.6444165,8.785496,4.3093143
20035251308106,0.64653665,8.785421,4.309148
20035256066075,0.6481578,8.785147,4.3094635
20035260824096,0.649109,8.784854,4.309919
20035265582116,0.6494236,8.784589,4.3104105
20035270340137,0.64910376,8.784404,4.310836
20035275098158,0.6482836,8.784397,4.3109736
20035279856127,0.6486283,8.784555,4.310599
20035284614148,0.6511117,8.784777,4.309772
20035289372168,0.6533171,8.785025,4.308933
20035294130189,0.65466,8.785263,4.3082438
20035298888210,0.6561808,8.78547,4.307589
20035303646179,0.6572403,8.785863,4.306627
20035308404200,0.6581808,8.786222,4.3057504
20035313162221,0.6588967,8.7864,4.305277
20035317920241,0.65866446,8.786458,4.3051934
20035322678262,0.6580476,8.786482,4.305242
20035327436283,0.6576741,8.78641,4.3054433
20035332194252,0.6577476,8.78619,4.305883
20035336952273,0.658369,8.785757,4.306671
20035341710293,0.659903,8.785132,4.307711
20035346468314,0.6622113,8.784262,4.3091326
20035351226283,0.66561145,8.783299,4.31057
20035355984304,0.66940755,8.782379,4.3118544
20035360742325,0.6730313,8.7815075,4.3130684
20035365500346,0.67601055,8.78071,4.314224
20035370258366,0.6780617,8.780092,4.3151565
20035375016387,0.67929393,8.779604,4.3159604
20035379774356,0.68002254,8.7792,4.3166666
20035384532377,0.6805485,8.778967,4.3170567
20035389290398,0.6808101,8.778943,4.3170643
20035394048418,0.6812595,8.779101,4.316671
20035398806439,0.6816436,8.779489,4.3158226
20035403564408,0.6819682,8.78006,4.31461
20035408322429,0.68173873,8.780795,4.3131504
20035413080450,0.6813392,8.781337,4.3121095
20035417838471,0.68082136,8.781717,4.311415
20035422596439,0.68054354,8.781929,4.3110275
20035427354460,0.6808042,8.781981,4.310881
20035432112481,0.6817671,8.781724,4.3112555
20035436870502,0.68353,8.781181,4.312079
20035441628523,0.68578523,8.780519,4.3130727
20035446386491,0.68824565,8.779768,4.3142066
20035451144512,0.6904662,8.778981,4.315453
20035455902533,0.6914644,8.778212,4.316858
20035460660554,0.69089067,8.777572,4.3182507
20035465418575,0.68869925,8.777023,4.319716
20035470176596,0.68571347,8.776745,4.3207555
20035474934616,0.68287325,8.776859,4.320975
20035479692585,0.68064576,8.777265,4.3205004
20035484450606,0.6788931,8.777865,4.3195558
20035489208627,0.67741835,8.778426,4.318649
20035493966648,0.67615646,8.778998,4.317684
20035498724668,0.6755606,8.779608,4.3165364
20035503482637,0.676558,8.780025,4.3155336
20035508240606,0.6797185,8.780233,4.3146105
20035512998679,0.68514293,8.780301,4.313617
20035517756700,0.6925141,8.780162,4.3127227
20035522514721,0.70068794,8.779859,4.3120193
20035527272689,0.7081507,8.779537,4.311454
20035532030710,0.71417725,8.77917,4.311207
20035536788731,0.7180963,8.7788925,4.311122
20035541546752,0.71996784,8.778664,4.311277
20035546304773,0.7203728,8.778647,4.311243
20035551062741,0.71976024,8.77876,4.3111153
20035555820762,0.71841884,8.778952,4.310948
20035560578783,0.71664995,8.779076,4.310989
20035565336804,0.7148588,8.77924,4.3109546
20035570094825,0.713281,8.779408,4.3108706
20035574852846,0.71191484,8.7795105,4.3108883
20035579610814,0.7106909,8.779613,4.310883
20035584368835,0.70976937,8.77967,4.3109193
20035589126856,0.7088453,8.779889,4.310624
20035593884877,0.7071839,8.780243,4.310175
20035598642898,0.7043347,8.780607,4.3099
20035603400866,0.70016795,8.781075,4.309628
20035608158887,0.69456685,8.78171,4.309238
20035612916908,0.68801624,8.782527,4.3086247
20035617674929,0.68095523,8.783461,4.307841
20035622432950,0.673656,8.784339,4.3072
20035627190971,0.666406,8.7852955,4.3063755
20035631948939,0.659479,8.786182,4.3056335
20035636706960,0.6523933,8.786947,4.3051505
20035641464981,0.6446704,8.787543,4.305098
20035646223002,0.63613695,8.78795,4.3055387
20035650980971,0.6264174,8.788317,4.3062153
20035655738991,0.61575025,8.788705,4.3069615
20035660497012,0.6049902,8.788978,4.3079286
20035665255033,0.5942083,8.789135,4.3091087
20035670013054,0.5843145,8.789315,4.310094
20035674771075,0.5757928,8.789527,4.310809
20035679529043,0.56729203,8.789847,4.3112803
20035684287064,0.5594648,8.790198,4.3115907
20035689045085,0.55301034,8.790673,4.311454
20035693803106,0.54772776,8.791089,4.311278
20035698561127,0.5436725,8.791527,4.3109
20035703319148,0.54064053,8.792026,4.3102646
20035708077116,0.53897834,8.792441,4.3096256
20035712835137,0.53847474,8.7927685,4.309019
20035717593158,0.5385743,8.793018,4.308496
20035722351179,0.5388311,8.793244,4.308005
20035727109200,0.539036,8.793409,4.3076406
20035731867168,0.5392403,8.793481,4.3074718
20035736625189,0.53977054,8.793402,4.3075657
20035741383210,0.54067653,8.793191,4.307883
20035746141231,0.5421391,8.793084,4.3079176
20035750899252,0.54383653,8.793074,4.307724
20035755657273,0.5457338,8.7930155,4.3076034
20035760415241,0.5476822,8.792907,4.307576
20035765173262,0.54920965,8.792912,4.307372
20035769931283,0.5506303,8.793036,4.3069396
20035774689304,0.55184865,8.793299,4.306244
20035779447325,0.5525866,8.793518,4.305704
20035784205346,0.55314136,8.79371,4.30524
20035788963314,0.55362576,8.793939,4.304712
20035793721335,0.5546412,8.794059,4.3043337
20035798479356,0.55605084,8.794118,4.3040314
20035803237377,0.5583076,8.794102,4.30377
20035807995398,0.5611569,8.794013,4.303581
20035812753418,0.56400156,8.793932,4.303377
20035817511387,0.5663464,8.79385,4.3032365
20035822269408,0.56753963,8.793812,4.3031564
20035827027429,0.56747055,8.793847,4.3030944
20035831785450,0.5659816,8.793928,4.303124
20035836543471,0.5631426,8.7940035,4.3033433
20035841301439,0.5593978,8.794127,4.303578
20035846059460,0.55472696,8.79431,4.3038096
20035850817481,0.5493789,8.794601,4.3038983
20035855575502,0.5435419,8.79493,4.30397
20035860333523,0.53808963,8.795185,4.3041325
20035865091491,0.53357506,8.795416,4.3042254
20035869849512,0.5304032,8.795572,4.304296
20035874607533,0.5285706,8.795549,4.30457
20035879365554,0.5281674,8.796121,4.3034515
20035884123575,0.5292706,8.797359,4.3007812
20035888881596,0.5310105,8.798178,4.298893
20035893639564,0.5330886,8.798229,4.2985306
20035898397585,0.53492945,8.798335,4.298086
20035903155606,0.5368573,8.798649,4.297202
20035907913627,0.53850645,8.798843,4.296599
20035912671648,0.53970146,8.798693,4.296755
20035917429668,0.54021627,8.798427,4.2972364
20035922187689,0.5401279,8.7984085,4.297285
20035926945658,0.53972846,8.798355,4.297444
20035931703627,0.5388447,8.798115,4.2980475
20035936461700,0.5378578,8.797835,4.2987423
20035941219721,0.5372216,8.797613,4.2992754
20035945977741,0.5370441,8.7974615,4.2996106
20035950735710,0.53709316,8.797332,4.299868
20035955493731,0.5373541,8.797311,4.29988
20035960251752,0.5379663,8.797461,4.299495
20035965009773,0.53869784,8.797571,4.29918
20035969767793,0.53970855,8.797632,4.2989254
20035974525814,0.54082716,8.797637,4.2987766
20035979283783,0.5421562,8.797662,4.298556
20035984041804,0.5435752,8.797762,4.298174
20035988799825,0.54539675,8.797787,4.2978916
20035993557846,0.5470763,8.797703,4.297852
20035998315866,0.54828215,8.79764,4.2978263
20036003073887,0.5491005,8.797659,4.297683
20036007831856,0.549293,8.797778,4.2974124
20036012589877,0.5485875,8.797962,4.2971277
20036017347898,0.54713434,8.798155,4.2969174
20036022105866,0.54572946,8.798347,4.296702
20036026863939,0.5448913,8.79856,4.296373
20036031621960,0.5443705,8.798721,4.2961082
20036036379929,0.5441097,8.798733,4.296117
20036041137950,0.54405904,8.798616,4.2963634
20036045895971,0.5440006,8.798498,4.296612
20036050653991,0.5437317,8.798388,4.2968726
20036055412012,0.5435273,8.798297,4.297084
20036060170033,0.54358125,8.798171,4.2973356
20036064928002,0.5437165,8.798078,4.297512
20036069686023,0.5441521,8.798078,4.297455
20036074444043,0.54457515,8.798041,4.2974744
20036079202064,0.5449894,8.797983,4.2975426
20036083960085,0.5451667,8.797934,4.2976203
20036088718106,0.5451189,8.797944,4.2976074
20036093476075,0.5446754,8.7980585,4.2974257
20036098234096,0.544144,8.798159,4.2972894
20036102992116,0.5434479,8.798278,4.2971344
20036107750137,0.54289365,8.798355,4.2970448
20036112508158,0.5422743,8.798372,4.2970905
20036117266179,0.5420346,8.798366,4.2971334
20036122024148,0.5417252,8.7984,4.2971
20036126782168,0.54157627,8.798415,4.297089
20036131540189,0.5415513,8.798368,4.2971897
20036136298210,0.54156375,8.798263,4.297403
20036141056231,0.5418039,8.798198,4.2975054
20036145814252,0.5419615,8.798077,4.2977343
20036150572221,0.54240215,8.797929,4.2979784
20036155330241,0.54314727,8.797867,4.298013
20036160088262,0.54390395,8.797869,4.2979136
20036164846283,0.5448058,8.797877,4.2977815
20036169604304,0.545893,8.797921,4.2975564
20036174362325,0.54730064,8.79806,4.2970915
20036179120293,0.54861367,8.798341,4.296348
20036183878314,0.54997396,8.79858,4.295684
20036188636335,0.5512504,8.798821,4.295027
20036193394356,0.5523298,8.799148,4.294218
20036198152377,0.5533839,8.79947,4.2934227
20036202910398,0.5540676,8.799667,4.2929296
20036207668418,0.5545787,8.799653,4.2928934
20036212426387,0.55526656,8.79961,4.292892
20036217184408,0.55647415,8.799404,4.29316
20036221942429,0.55799234,8.799245,4.293288
20036226700450,0.559531,8.799116,4.2933536
20036231458471,0.5610476,8.799066,4.293257
20036236216491,0.5622996,8.799094,4.2930365
20036240974460,0.56485486,8.799164,4.2925553
20036245732481,0.5678086,8.799042,4.2924175
20036250490502,0.5669607,8.799175,4.292257
20036255248523,0.5643727,8.799293,4.292355
20036260006543,0.56050956,8.799565,4.292304
20036264764564,0.5575773,8.799787,4.2922316
20036269522533,0.5564307,8.799801,4.2923493
20036274280554,0.5578213,8.799733,4.2923093
20036279038575,0.56094396,8.799705,4.2919607
20036283796596,0.5649707,8.799706,4.291429
20036288554616,0.56802356,8.799754,4.2909284
20036293312637,0.5695102,8.799795,4.290646
20036298070658,0.5687798,8.800029,4.290264
20036302828627,0.5664895,8.800415,4.2897744
20036307586648,0.5636324,8.800687,4.2895956
20036312344668,0.5608837,8.800871,4.289577
20036317102689,0.55873406,8.800955,4.2896852
20036321860710,0.55778575,8.800984,4.2897468
20036326618731,0.5578213,8.800897,4.289923
20036331376700,0.5588676,8.800718,4.2901525
20036336134721,0.55983746,8.800697,4.2900677
20036340892741,0.5633473,8.800984,4.2890205
20036345650762,0.5689596,8.801016,4.2882147
20036350408783,0.56614405,8.800857,4.288914
20036355166804,0.55880815,8.801213,4.289144
20036359924773,0.5480631,8.802479,4.287934
20036364682793,0.5371216,8.803124,4.287995
20036369440814,0.5271988,8.80321,4.289047
20036374198835,0.52146083,8.803337,4.2894893
20036378956856,0.52117616,8.803645,4.288891
20036383714877,0.5259191,8.803429,4.288757
20036388472898,0.53368884,8.8027935,4.2891006
20036393230866,0.54228055,8.802441,4.2887483
20036397988887,0.5491352,8.802431,4.2878933
20036402746908,0.55252635,8.802416,4.28749
20036407504929,0.55185145,8.80229,4.2878366
20036412262950,0.5483383,8.802319,4.2882295
20036417020971,0.5434176,8.8026705,4.288133
20036421778991,0.5393016,8.802906,4.2881703
20036426536960,0.5376778,8.802853,4.288481
20036431294981,0.53926224,8.802622,4.288757
20036436053002,0.5437468,8.8022785,4.2888947
20036440811023,0.5496938,8.801815,4.289089
20036445569043,0.5552889,8.801416,4.289184
20036450327064,0.55903906,8.801402,4.2887273
20036455085085,0.55988914,8.801728,4.287948
20036459843054,0.5576635,8.802089,4.287497
20036464601075,0.5533837,8.802249,4.2877207
20036469359096,0.54907686,8.80232,4.2881327
20036474117064,0.5461116,8.802357,4.288432
20036478875137,0.5454371,8.802198,4.2888465
20036483633158,0.5473649,8.801828,4.2893577
20036488391179,0.5509602,8.801335,4.2899103
20036493149096,0.5550689,8.800887,4.290301
20036497907116,0.55853605,8.800527,4.2905893
20036502665189,0.5602546,8.800343,4.290742
20036507423210,0.5596298,8.80038,4.290748
20036512181231,0.55712974,8.800617,4.2905855
20036516939252,0.55385864,8.800881,4.290469
20036521697221,0.5510778,8.80127,4.290032
20036526455241,0.54974955,8.801723,4.2892714
20036531213262,0.5501184,8.802244,4.288151
20036535971283,0.55171555,8.802735,4.286939
20036540729304,0.5537329,8.803167,4.285794
20036545487325,0.55543554,8.803515,4.2848573
20036550245346,0.5557049,8.803836,4.2841635
20036555003366,0.5546038,8.804133,4.2836933
20036559761335,0.5522383,8.804429,4.283393
20036564519356,0.5489176,8.804727,4.283208
20036569277377,0.5452922,8.805067,4.282971
20036574035398,0.5422645,8.805235,4.28301
20036578793418,0.5403174,8.805166,4.2833977
20036583551439,0.53976125,8.804971,4.2838693
20036588309460,0.5405957,8.804799,4.2841153
20036593067429,0.5425059,8.804637,4.2842097
20036597825450,0.54481894,8.804484,4.2842293
20036602583471,0.5470359,8.804445,4.2840266
20036607341491,0.54875076,8.804351,4.284001
20036612099512,0.5500721,8.804333,4.2838693
20036616857533,0.5510025,8.804401,4.283608
20036621615502,0.55162734,8.804595,4.28313
20036626373523,0.55223787,8.804873,4.2824793
20036631131543,0.5531376,8.805103,4.2818894
20036635889564,0.5543716,8.805333,4.281258
20036640647533,0.55613375,8.805616,4.2804456
20036645405606,0.5581789,8.805863,4.2796717
20036650163627,0.5599512,8.806049,4.279056
20036654921648,0.5612011,8.806307,4.278364
20036659679616,0.56195563,8.806613,4.2776346
20036664437637,0.56206894,8.806874,4.2770824
20036669195658,0.56166565,8.806943,4.2769957
20036673953679,0.56109273,8.806862,4.2772355
20036678711700,0.5606204,8.806684,4.277664
20036683469721,0.5604416,8.8064575,4.278156
20036688227741,0.56084484,8.806054,4.2789326
20036692985710,0.5618658,8.805698,4.2795296
20036697743731,0.56321263,8.805438,4.2798877
20036702501752,0.56463933,8.805262,4.280062
20036707259773,0.5658114,8.805287,4.2798543
20036712017793,0.5661326,8.805418,4.279544
20036716775814,0.56563723,8.805716,4.2789974
20036721533835,0.5644536,8.806039,4.2784867
20036726291856,0.5634298,8.806362,4.2779584
20036731049825,0.5625612,8.806777,4.277218
20036735807846,0.5623033,8.807228,4.276321
20036740565866,0.56293714,8.807605,4.2754636
20036745323887,0.5638986,8.807906,4.2747154
20036750081908,0.5652443,8.808053,4.2742352
20036754839929,0.56612617,8.808171,4.2738748
20036759597950,0.56646454,8.808303,4.273558
20036764355918,0.56630963,8.808483,4.2732077
20036769113939,0.5657294,8.808674,4.272892
20036773871960,0.5650567,8.808875,4.2725644
20036778629929,0.56470335,8.808845,4.272676
20036783388002,0.56523764,8.808705,4.272891
20036788145971,0.566428,8.808499,4.2731586
20036792904043,0.5682055,8.808178,4.2735844
20036797662064,0.57014954,8.807796,4.2741156
20036802420033,0.57169265,8.807498,4.274521
20036807178054,0.5726201,8.807256,4.274897
20036811936075,0.5729038,8.807029,4.2753267
20036816694096,0.57270783,8.806879,4.2756615
20036821452116,0.5722582,8.806768,4.2759514
20036826210137,0.5719236,8.806624,4.2762904
20036830968158,0.5718868,8.8064,4.276757
20036835726179,0.5724268,8.806016,4.2774763
20036840484148,0.57330614,8.805663,4.278085
20036845242116,0.5743309,8.805306,4.278681
20036850000189,0.5755006,8.805032,4.279089
20036854758210,0.57674485,8.804734,4.2795343
20036859516231,0.57780063,8.804507,4.279859
20036864274252,0.5787748,8.804352,4.2800474
20036869032273,0.5789006,8.804428,4.279872
20036873790293,0.5787322,8.804615,4.279511
20036878548262,0.5784732,8.804828,4.2791076
20036883306283,0.57843614,8.805093,4.278566
20036888064304,0.578702,8.805377,4.277945
20036892822325,0.5809691,8.806034,4.276288
20036897580346,0.5833701,8.806735,4.2745156
20036902338366,0.5802011,8.807153,4.2740846
20036907096387,0.574601,8.807142,4.2748647
20036911854408,0.5695932,8.807146,4.275528
20036916612377,0.56930673,8.806855,4.276163
20036921370398,0.57425296,8.806378,4.2764835
20036926128418,0.5831917,8.805706,4.2766595
20036930886439,0.5927872,8.804952,4.276893
20036935644460,0.6003889,8.804165,4.277454
20036940402481,0.60421056,8.803458,4.27837
20036945160502,0.6035975,8.803075,4.279243
20036949918471,0.6000169,8.802906,4.2800937
20036954676491,0.5953332,8.802922,4.280715
20036959434512,0.5914457,8.803112,4.2808623
20036964192533,0.5896846,8.803334,4.2806506
20036968950554,0.5906401,8.80355,4.280074
20036973708575,0.5939296,8.803789,4.2791276
20036978466596,0.59853864,8.804042,4.2779665
20036983224616,0.60289496,8.804313,4.276797
20036987982637,0.60583013,8.804686,4.2756133
20036992740658,0.6067453,8.805075,4.274684
20036997498627,0.6058183,8.805407,4.2741313
20037002256648,0.6042508,8.8057375,4.2736683
20037007014668,0.6022801,8.805928,4.273557
20037011772689,0.60059345,8.805975,4.273695
20037016530710,0.5990459,8.805957,4.273952
20037021288731,0.5976064,8.805662,4.2747607
20037026046752,0.59612834,8.805229,4.2758574
20037030804773,0.59504664,8.804777,4.276938
20037035562741,0.5945426,8.804446,4.2776914
20037040320762,0.594464,8.804068,4.2784796
20037045078783,0.59466416,8.803751,4.2791038
20037049836804,0.5948599,8.803528,4.279535
20037054594825,0.59501314,8.803518,4.2795353
20037059352846,0.59522426,8.803671,4.2791905
20037064110866,0.59531504,8.803925,4.278654
20037068868887,0.5952941,8.804192,4.27811
20037073626908,0.595037,8.804556,4.2773967
20037078384877,0.59465843,8.804885,4.2767706
20037083142898,0.5939614,8.805204,4.276211
20037087900918,0.5929918,8.805459,4.2758226
20037092658939,0.59186417,8.805693,4.275495
20037097416960,0.59078526,8.805911,4.2751956
20037102174981,0.58958644,8.80601,4.2751555
20037106933002,0.5885106,8.8059025,4.2755265
20037111691023,0.5877931,8.805749,4.275942
20037116448991,0.58778024,8.805636,4.276174
20037121207012,0.58830583,8.805276,4.2768464
20037125965033,0.58911383,8.804949,4.2774057
20037130723054,0.58980066,8.804641,4.2779427
20037135481075,0.59051245,8.80427,4.278612
20037140239096,0.5913312,8.803958,4.2791395
20037144997116,0.59250206,8.803688,4.279534
20037149755137,0.5941697,8.8035965,4.2794914
20037154513158,0.59608716,8.80356,4.2792974
20037159271179,0.59844697,8.803481,4.2791305
20037164029148,0.60086346,8.803369,4.279026
20037168787168,0.603087,8.803258,4.2789416
20037173545189,0.605073,8.803125,4.2789316
20037178303158,0.60627455,8.803085,4.278843
20037183061231,0.6069678,8.803134,4.2786465
20037187819252,0.6070493,8.80321,4.2784777
20037192577273,0.6065125,8.803306,4.278358
20037197335293,0.6056814,8.8034935,4.2780886
20037202093314,0.60447073,8.803674,4.277888
20037206851335,0.6029279,8.803883,4.2776766
20037211609304,0.60139406,8.804043,4.2775636
20037216367325,0.5999311,8.804137,4.277573
20037221125346,0.59890836,8.804194,4.277598
20037225883366,0.59820974,8.804264,4.277554
20037230641387,0.598037,8.804237,4.2776318
20037235399408,0.59823614,8.80412,4.2778473
20037240157429,0.5989657,8.803959,4.2780757
20037244915450,0.5999602,8.803803,4.278255
20037249673471,0.60065866,8.803651,4.278472
20037254431439,0.6012285,8.803488,4.278728
20037259189460,0.60146517,8.803466,4.2787404
20037263947481,0.6014717,8.803648,4.2783656
20037268705502,0.6013759,8.803811,4.2780423
20037273463523,0.6014124,8.80394,4.277771
20037278221543,0.6016723,8.804097,4.277411
20037282979564,0.60190976,8.804328,4.276905
20037287737585,0.6020173,8.804552,4.2764263
20037292495606,0.60219127,8.804802,4.2758865
20037297253627,0.6021543,8.805066,4.275348
20037302011596,0.60195124,8.805333,4.274827
20037306769616,0.60152763,8.805555,4.2744303
20037311527637,0.6007915,8.805662,4.2743115
20037316285606,0.5997979,8.805797,4.2741733
20037321043679,0.59869975,8.806043,4.2738223
20037325801700,0.5975271,8.806216,4.2736297
20037330559721,0.5965202,8.806326,4.2735434
20037335317689,0.59551495,8.806407,4.2735176
20037340075762,0.5946272,8.806494,4.2734632
20037344833783,0.59342396,8.806539,4.273537
20037349591804,0.5921663,8.806466,4.2738605
20037354349773,0.5906277,8.806425,4.274156
20037359107793,0.5890498,8.806379,4.27447
20037363865814,0.5877999,8.806317,4.274769
20037368623835,0.58699024,8.806241,4.275037
20037373381856,0.58645606,8.806196,4.275203
20037378139877,0.586113,8.806193,4.275255
20037382897898,0.58588076,8.806242,4.2751884
20037387655918,0.5859445,8.80641,4.274836
20037392413939,0.5855563,8.806649,4.2743945
20037397171960,0.58489543,8.806895,4.273978
20037401929981,0.58405745,8.807102,4.273665
20037406687950,0.58273524,8.807249,4.2735434
20037411445971,0.58139366,8.807338,4.2735434
20037416203991,0.58041835,8.807449,4.2734466
20037420962012,0.57974976,8.807446,4.2735434
20037425720033,0.5794495,8.807382,4.2737155
20037430478054,0.57924324,8.807193,4.274136
20037435236075,0.57934797,8.806884,4.274756
20037439994096,0.57943845,8.806568,4.275393
20037444752116,0.57907754,8.806402,4.275784
20037449510137,0.57828766,8.806394,4.27591
20037454268158,0.57744557,8.806465,4.275875
20037459026127,0.57631093,8.806715,4.275513
20037463784148,0.5751624,8.806912,4.2752624
20037468542168,0.57426536,8.80712,4.2749553
20037473300189,0.573589,8.80728,4.274719
20037478058210,0.57308555,8.807486,4.27436
20037482816231,0.5725833,8.807715,4.2739544
20037487574252,0.57191586,8.80804,4.2733765
20037492332273,0.5710575,8.808357,4.272836
20037497090293,0.5704156,8.808637,4.2723436
20037501848314,0.57041913,8.808738,4.2721367
20037506606335,0.5707303,8.808741,4.272089
20037511364356,0.5712275,8.808659,4.2721934
20037516122325,0.57160974,8.808454,4.272562
20037520880346,0.57207507,8.808144,4.273139
20037525638366,0.5726764,8.807716,4.273941
20037530396387,0.5730707,8.807337,4.2746696
20037535154408,0.5736085,8.807096,4.2750945
20037539912429,0.5739,8.806867,4.2755256
20037544670450,0.5739499,8.806746,4.27577
20037549428471,0.57391316,8.806776,4.27571
20037554186491,0.5734483,8.806975,4.2753625
20037558944512,0.5726635,8.807203,4.274999
20037563702533,0.5715271,8.807472,4.2745957
20037568460554,0.56996506,8.807798,4.2741346
20037573218523,0.56801856,8.808078,4.2738166
20037577976543,0.5659468,8.80823,4.2737765
20037582734564,0.5646945,8.808348,4.2737017
20037587492585,0.5641857,8.808433,4.273594
20037592250606,0.5645547,8.8083935,4.2736278
20037597008627,0.56532365,8.808223,4.273876
20037601766648,0.5660667,8.808107,4.274014
20037606524668,0.5661702,8.808105,4.274005
20037611282689,0.5655581,8.808094,4.274108
20037616040710,0.56453514,8.807958,4.274524
20037620798731,0.56338006,8.80795,4.2746944
20037625556752,0.5628357,8.808038,4.2745852
20037630314721,0.5627736,8.808157,4.274348
20037635072741,0.5632318,8.8082695,4.2740555
20037639830762,0.56397265,8.80841,4.273669
20037644588783,0.5645337,8.808579,4.273244
20037649346804,0.56507957,8.80866,4.2730064
20037654104825,0.56521785,8.808719,4.272869
20037658862846,0.5651441,8.808777,4.2727566
20037663620866,0.5647138,8.808992,4.2723694
20037668378887,0.5644647,8.809267,4.271836
20037673136908,0.56420237,8.809489,4.2714133
20037677894929,0.5641005,8.809624,4.2711496
20037682652950,0.56432456,8.809749,4.27086
20037687410971,0.56492233,8.80985,4.2705736
20037692168991,0.5656206,8.809814,4.2705536
20037696927012,0.5665685,8.809641,4.2707872
20037701684981,0.5673715,8.809385,4.271206
20037706443002,0.5680992,8.809064,4.2717724
20037711201023,0.56835943,8.808782,4.2723193
20037715959043,0.5683543,8.808512,4.2728767
20037720717064,0.5681891,8.80839,4.2731504
20037725475085,0.56806266,8.80839,4.2731695
20037730233106,0.5678815,8.808438,4.2730904
20037734991127,0.5676499,8.808587,4.2728167
20037739749148,0.5674138,8.808813,4.272379
20037744507168,0.5667847,8.809196,4.271672
20037749265189,0.5658144,8.809551,4.2710714
20037754023210,0.5641618,8.809969,4.270429
20037758781231,0.56177217,8.810361,4.269936
20037763539252,0.55877835,8.810833,4.2693524
20037768297221,0.55545855,8.8112545,4.268915
20037773055241,0.55232596,8.811557,4.2686973
20037777813262,0.5497731,8.811692,4.268747
20037782571283,0.5480742,8.811612,4.2691336
20037787329304,0.5471702,8.811419,4.2696495
20037792087325,0.5471989,8.811136,4.2702284
20037796845346,0.54793906,8.8106985,4.271035
20037801603366,0.54891044,8.810241,4.271857
20037806361387,0.549771,8.809874,4.272503
20037811119408,0.55050564,8.809559,4.273056
20037815877429,0.5512384,8.809175,4.2737527
20037820635450,0.5518309,8.809121,4.273787
20037825393471,0.55218893,8.809328,4.2733145
20037830151491,0.55201185,8.809569,4.2728395
20037834909512,0.5513914,8.80975,4.272548
20037839667533,0.5507551,8.809849,4.2724266
20037844425554,0.54984015,8.809992,4.2722473
20037849183523,0.54823166,8.810188,4.27205
20037853941543,0.54631364,8.810317,4.2720313
20037858699564,0.5442476,8.810389,4.2721467
20037863457585,0.5418131,8.810406,4.272423
20037868215606,0.5391899,8.8105135,4.2725296
20037872973627,0.5364133,8.810642,4.272613
20037877731648,0.5330611,8.810677,4.2729626
20037882489668,0.5288011,8.810677,4.273492
20037887247689,0.52379674,8.810789,4.2738743
20037892005710,0.5187662,8.810893,4.274275
20037896763731,0.51574206,8.811167,4.274075
20037901521752,0.5161068,8.811225,4.273913
20037906279773,0.51944315,8.811034,4.2739024
20037911037793,0.5241821,8.810974,4.2734485
20037915795814,0.52847123,8.810971,4.272925
20037920553835,0.53080565,8.810993,4.272591
20037925311856,0.53053445,8.811087,4.272431
20037930069825,0.52759045,8.8115,4.2719455
20037934827846,0.5233271,8.811987,4.2714643
20037939585866,0.5192116,8.81239,4.2711353
20037944343887,0.517166,8.812569,4.2710156
20037949101908,0.51789784,8.812609,4.270844
20037953859929,0.52136976,8.812683,4.2702684
20037958617950,0.52670264,8.812588,4.2698092
20037963375971,0.53254443,8.81227,4.269738
20037968133991,0.5380518,8.8118305,4.269957
20037972892012,0.5421165,8.811375,4.270384
20037977650033,0.5439059,8.8110285,4.2708683
20037982408054,0.5436832,8.810956,4.2710495
20037987166075,0.54204565,8.811035,4.2710915
20037991924043,0.53973544,8.811092,4.271268
20037996682116,0.5376398,8.811206,4.2712984
20038001440137,0.53611803,8.811339,4.271212
20038006198158,0.5352982,8.811561,4.2708592
20038010956179,0.53489745,8.811795,4.2704268
20038015714200,0.53422856,8.811996,4.270096
20038020472221,0.5329323,8.812213,4.2698097
20038025230241,0.53118145,8.81255,4.2693315
20038029988210,0.52937526,8.813023,4.26858
20038034746231,0.5301885,8.814165,4.26612
20038039504252,0.53002924,8.813394,4.267735
20038044262273,0.5299082,8.812472,4.269649
20038049020293,0.52680224,8.813642,4.2676225
20038053778314,0.5252005,8.81394,4.2672005
20038058536335,0.5246798,8.813106,4.268989
20038063294356,0.5260649,8.81243,4.2702136
20038068052377,0.5276483,8.813093,4.2686477
20038072810398,0.527471,8.813487,4.2678576
20038077568418,0.52645457,8.812619,4.269775
20038082326439,0.52501786,8.812169,4.270882
20038087084460,0.5245046,8.81246,4.2703433
20038091842481,0.52403474,8.812827,4.2696447
20038096600502,0.5240791,8.812678,4.2699447
20038101358523,0.5242628,8.812821,4.269627
20038106116543,0.5244962,8.813547,4.268102
20038110874564,0.52428514,8.814034,4.2671194
20038115632585,0.52313304,8.814263,4.266789
20038120390606,0.52181137,8.814755,4.265935
20038125148627,0.5197091,8.815335,4.264992
20038129906648,0.5145051,8.815546,4.2651873
20038134664668,0.51204526,8.815998,4.264548
20038139422689,0.5123337,8.816263,4.263964
20038144180658,0.5147654,8.815625,4.2649913
20038148938679,0.5171075,8.815024,4.2659516
20038153696700,0.5195129,8.814666,4.266399
20038158454721,0.5205376,8.81443,4.266761
20038163212741,0.5196336,8.813999,4.267762
20038167970762,0.5177913,8.813541,4.26893
20038172728783,0.51535106,8.813391,4.269537
20038177486804,0.5137257,8.813158,4.2702127
20038182244825,0.51338476,8.812931,4.270722
20038187002846,0.5146973,8.812681,4.2710805
20038191760866,0.5173388,8.812728,4.270664
20038196518887,0.5205021,8.812701,4.2703342
20038201276908,0.5233699,8.812752,4.26988
20038206034929,0.52483416,8.813049,4.269086
20038210792950,0.5246354,8.813548,4.268081
20038215550971,0.5223323,8.814021,4.267385
20038220308991,0.51867247,8.814505,4.2668347
20038225067012,0.5141644,8.815065,4.2662206
20038229825033,0.50978196,8.8156185,4.2656035
20038234583054,0.5062355,8.815945,4.2653537
20038239341075,0.5038543,8.816145,4.265221
20038244099096,0.5031064,8.816201,4.2651935
20038248857116,0.5035545,8.816108,4.2653327
20038253615137,0.5047191,8.81579,4.2658525
20038258373158,0.505774,8.815429,4.2664742
20038263131179,0.50630826,8.815185,4.2669153
20038267889200,0.50612247,8.815014,4.2672896
20038272647221,0.50545424,8.814814,4.2677827
20038277405241,0.50451154,8.814683,4.2681646
20038282163262,0.5035893,8.814667,4.268303
20038286921283,0.5034271,8.814854,4.2679405
20038291679304,0.504277,8.814961,4.267615
20038296437273,0.50572973,8.815124,4.267109
20038301195293,0.50783217,8.815355,4.2663803
20038305953314,0.5099838,8.815569,4.265682
20038310711387,0.51194924,8.815849,4.2648673
20038315469356,0.51311374,8.816186,4.2640324
20038320227377,0.513241,8.8164015,4.2635713
20038324985398,0.51254517,8.816587,4.263271
20038329743366,0.51127803,8.816808,4.2629657
20038334501439,0.5101593,8.816898,4.2629137
20038339259460,0.5095069,8.816933,4.2629194
20038344017481,0.5093263,8.81678,4.2632575
20038348775502,0.509665,8.816421,4.263961
20038353533523,0.51051766,8.815903,4.2649302
20038358291543,0.5115796,8.815334,4.2659774
20038363049564,0.5122914,8.814764,4.2670703
20038367807585,0.5123846,8.814432,4.267744
20038372565606,0.5116866,8.814129,4.2684536
20038377323627,0.5102163,8.813857,4.26919
20038382081648,0.50856435,8.813903,4.2692943
20038386839668,0.5072357,8.814243,4.2687488
20038391597689,0.50645834,8.814616,4.2680707
20038396355710,0.5064698,8.814934,4.2674146
20038401113731,0.50744766,8.815178,4.2667947
20038405871752,0.5090144,8.815501,4.26594
20038410629773,0.51058656,8.815923,4.264878
20038415387793,0.5115596,8.816391,4.2637935
20038420145762,0.5117011,8.816866,4.262794
20038424903835,0.5107887,8.817353,4.261897
20038429661856,0.5094821,8.817689,4.26136
20038434419877,0.50810087,8.817799,4.261296
20038439177898,0.5072077,8.817697,4.2616115
20038443935918,0.5072879,8.817326,4.2623715
20038448693939,0.50837696,8.816791,4.2633505
20038453451960,0.5100796,8.816216,4.264332
20038458209981,0.51194537,8.81581,4.26495
20038462968002,0.5132493,8.815697,4.265026
20038467726023,0.51375204,8.81595,4.2644405
20038472484043,0.51293033,8.816412,4.2635875
20038477242064,0.5111229,8.817014,4.262557
20038482000085,0.5086047,8.817862,4.2611065
20038486758106,0.50625837,8.8185835,4.259891
20038491516127,0.50471663,8.818972,4.2592688
20038496274148,0.50470567,8.819178,4.258845
20038501032168,0.5062714,8.819206,4.2586
20038505790137,0.5092379,8.818888,4.2589073
20038510548210,0.5129375,8.818394,4.2594857
20038515306231,0.51635337,8.818,4.259889
20038520064252,0.51843965,8.817907,4.259826
20038524822273,0.5185397,8.81804,4.259539
20038529580293,0.5167639,8.818348,4.2591195
20038534338314,0.5134804,8.818873,4.258425
20038539096335,0.50951016,8.819548,4.257508
20038543854356,0.50620735,8.820117,4.2567205
20038548612377,0.5042352,8.820389,4.256394
20038553370398,0.50400025,8.820409,4.2563796
20038558128418,0.5057972,8.820206,4.2565856
20038562886439,0.5091912,8.819642,4.25735
20038567644460,0.5134405,8.818964,4.2582426
20038572402481,0.51724696,8.818433,4.2588825
20038577160502,0.5197628,8.818134,4.259195
20038581918523,0.5201207,8.81808,4.2592626
20038586676543,0.5185701,8.818408,4.258772
20038591434564,0.5153909,8.819017,4.2578955
20038596192585,0.51182705,8.819795,4.2567177
20038600950606,0.5084634,8.820661,4.2553267
20038605708627,0.506392,8.821449,4.2539387
20038610466648,0.50596297,8.821982,4.2528834
20038615224668,0.5070273,8.822189,4.252328
20038619982689,0.50924045,8.822115,4.2522173
20038624740710,0.51159817,8.82192,4.252337
20038629498731,0.5132813,8.821743,4.252503
20038634256752,0.51380897,8.821563,4.252815
20038639014773,0.5127637,8.821326,4.253429
20038643772793,0.511121,8.820884,4.2545466
20038648530814,0.5093665,8.820476,4.2555995
20038653288835,0.508453,8.820177,4.256329
20038658046856,0.5089061,8.819993,4.2566576
20038662804877,0.51105356,8.81983,4.256737
20038667562898,0.514732,8.819314,4.2573624
20038672320918,0.51923126,8.818772,4.257938
20038677078939,0.52400047,8.818849,4.257196
20038681836960,0.52783734,8.81898,4.2564516
20038686594981,0.5301939,8.818688,4.256761
20038691353002,0.53062356,8.818525,4.2570453
20038696111023,0.5299108,8.818933,4.2562923
20038700869043,0.5283344,8.819507,4.255298
20038705627064,0.5267062,8.819655,4.2551913
20038710385085,0.52583754,8.819704,4.2551975
20038715143106,0.5262689,8.8199,4.2547383
20038719901127,0.5279478,8.819841,4.2546506
20038724659148,0.530805,8.819347,4.255318
20038729417168,0.53433996,8.818991,4.2556167
20038734175189,0.5377551,8.818863,4.25545
20038738933210,0.54063654,8.818598,4.255635
20038743691231,0.5424836,8.818346,4.2559195
20038748449252,0.54362065,8.818258,4.255958
20038753207273,0.544461,8.818435,4.2554855
20038757965398,0.5454696,8.8185425,4.2551336
20038762723314,0.54699606,8.818523,4.2549787
20038767481335,0.5492855,8.818266,4.255215
20038772239356,0.5530343,8.818579,4.254082
20038776997377,0.5571655,8.819795,4.251023
20038781755398,0.56183493,8.818514,4.2530637
20038786513418,0.56559885,8.816907,4.2558966
20038791271439,0.5685133,8.817479,4.254319
20038796029460,0.569339,8.817832,4.2534785
20038800787481,0.56893295,8.816625,4.2560334
20038805545502,0.5675719,8.816676,4.2561088
20038810303523,0.5662268,8.817702,4.254161
20038815061543,0.5656335,8.818257,4.253091
20038819819564,0.56584096,8.819328,4.2508416
20038824577585,0.5669877,8.820008,4.249278
20038829335606,0.5690434,8.820591,4.2477937
20038834093627,0.5713902,8.821549,4.245487
20038838851648,0.57357377,8.823023,4.242129
20038843609668,0.57533675,8.824032,4.2397923
20038848367689,0.5761566,8.825257,4.237129
20038853125762,0.57661086,8.826736,4.233985
20038857883783,0.57650477,8.828228,4.230889
20038862641804,0.5768213,8.829323,4.228559
20038867399773,0.5774985,8.83045,4.226114
20038872157846,0.5799294,8.8322935,4.2219267
20038876915866,0.58336675,8.833832,4.218234
20038881673887,0.5900312,8.835,4.214858
20038886431908,0.59694916,8.837144,4.2093854
20038891189929,0.6045007,8.837184,4.208225
20038895947950,0.6116515,8.837812,4.205869
20038900705971,0.61658543,8.840461,4.199579
20038905463991,0.6206516,8.842046,4.1956415
20038910222012,0.62386274,8.84276,4.1936603
20038914980033,0.6271504,8.844334,4.189847
20038919738054,0.6304729,8.845832,4.1861863
20038924496075,0.63405854,8.846427,4.184384
20038929254096,0.6389573,8.847181,4.1820464
20038934012116,0.6459223,8.848111,4.179006
20038938770137,0.65465736,8.848512,4.1768003
20038943528158,0.6635102,8.848473,4.1754856
20038948286179,0.6712358,8.848475,4.174244
20038953044200,0.67649883,8.848923,4.1724453
20038957802221,0.67938316,8.84925,4.1712847
20038962560241,0.68070275,8.849474,4.170591
20038967318262,0.6817564,8.849836,4.169652
20038972076283,0.68389857,8.849983,4.1689873
20038976834304,0.68754005,8.8501625,4.1680093
20038981592325,0.69313407,8.850462,4.166445
20038986350346,0.6995295,8.849957,4.1664476
20038991108366,0.7062417,8.848612,4.168175
20038995866387,0.7118902,8.848316,4.16784
20039000624356,0.7154546,8.8485565,4.166721
20039005382429,0.7168727,8.848331,4.1669555
20039010140450,0.7164817,8.848431,4.166813
20039014898471,0.71554834,8.848678,4.1664476
20039019656491,0.71491,8.848293,4.1673717
20039024414564,0.71515137,8.847422,4.169183
20039029172585,0.71681386,8.846735,4.170354
20039033930606,0.7198539,8.84616,4.1710496
20039038688627,0.7241194,8.845154,4.172444
20039043446648,0.72849643,8.844147,4.1738167
20039048204668,0.73261774,8.843947,4.173517
20039052962689,0.73564774,8.84415,4.1725583
20039057720710,0.73778343,8.843982,4.172537
20039062478731,0.7400433,8.843898,4.1723127
20039067236752,0.74359196,8.844505,4.1703935
20039071994773,0.74864805,8.845253,4.167903
20039076752793,0.75458866,8.844245,4.168972
20039081510814,0.7605543,8.842998,4.170533
20039086268835,0.765864,8.843142,4.169254
20039091026856,0.76962453,8.843944,4.1668606
20039095784877,0.77171874,8.843947,4.1664634
20039100542898,0.77170485,8.844301,4.1657157
20039105300918,0.7704179,8.845535,4.163335
20039110058939,0.76829654,8.846403,4.1618824
20039114816960,0.7659303,8.846663,4.1617637
20039119574981,0.7643612,8.847114,4.161097
20039124333002,0.76351464,8.848112,4.1591287
20039129091023,0.76311684,8.848725,4.1578984
20039133849043,0.762811,8.849181,4.1569815
20039138607116,0.7619541,8.849712,4.1560087
20039143365137,0.7597329,8.849965,4.1558747
20039148123158,0.7573054,8.850067,4.156102
20039152881179,0.7539095,8.850941,4.154859
20039157639200,0.7522523,8.851986,4.152934
20039162397221,0.75121146,8.852278,4.1524982
20039167155241,0.7522419,8.851735,4.1534696
20039171913262,0.7546488,8.851245,4.1540747
20039176671283,0.7589852,8.850547,4.1547737
20039181429304,0.7660601,8.848997,4.156776
20039186187325,0.7744202,8.847679,4.1580315
20039190945346,0.78323084,8.846817,4.1582155
20039195703366,0.7906974,8.845482,4.159642
20039200461387,0.79528016,8.843859,4.1622195
20039205219408,0.7970937,8.843123,4.163435
20039209977429,0.796542,8.843757,4.1621957
20039214735450,0.79535204,8.843775,4.1623845
20039219493523,0.79429245,8.84323,4.163745
20039224251491,0.7946005,8.843118,4.163923
20039229009512,0.7964288,8.843002,4.16382
20039233767585,0.79914606,8.842221,4.1649575
20039238525606,0.8019555,8.8411665,4.1666555
20039243283575,0.80388695,8.840668,4.167345
20039248041648,0.80487835,8.83985,4.1688857
20039252799668,0.8036851,8.838834,4.171268
20039257557689,0.8000777,8.83849,4.1726937
20039262315710,0.79351795,8.8392935,4.172241
20039267073731,0.78538656,8.839307,4.1737537
20039271831752,0.7772909,8.838243,4.1775227
20039276589773,0.77102846,8.837104,4.181088
20039281347793,0.7679898,8.836209,4.183538
20039286105814,0.76769847,8.834642,4.186898
20039290863835,0.7695672,8.832566,4.190934
20039295621856,0.7723845,8.830982,4.1937537
20039300379877,0.7748394,8.829417,4.1965938
20039305137898,0.77612555,8.827356,4.2006907
20039309895971,0.77580583,8.825091,4.205508
20039314653991,0.7740707,8.822735,4.2107654
20039319412012,0.7717941,8.819684,4.217569
20039324170033,0.76917213,8.816193,4.2253423
20039328928054,0.76860946,8.813829,4.23037
20039333686075,0.77068317,8.811962,4.2338815
20039338444096,0.7743937,8.8089695,4.2394295
20039343202116,0.778639,8.805988,4.24484
20039347960137,0.7815447,8.804119,4.248184
20039352718158,0.7827966,8.802157,4.252015
20039357476179,0.78183866,8.799962,4.2567334
20039362234200,0.77995265,8.798048,4.261036
20039366992221,0.7775142,8.796327,4.265031
20039371750241,0.7741399,8.794217,4.269992
20039376508314,0.7711325,8.792167,4.2747583
20039381266335,0.7686383,8.791037,4.2775307
20039386024356,0.7675175,8.78956,4.2807612
20039390782377,0.76745766,8.78756,4.2848754
20039395540398,0.76773375,8.786225,4.2875648
20039400298418,0.76728535,8.784743,4.29068
20039405056439,0.76518154,8.78342,4.293768
20039409814460,0.76164675,8.782886,4.295489
20039414572481,0.7570042,8.782822,4.2964387
20039419330502,0.75254023,8.782063,4.298774
20039424088523,0.74838865,8.781642,4.300357
20039428846543,0.74567115,8.781862,4.3003783
20039433604564,0.74386275,8.782009,4.3003907
20039438362637,0.7429303,8.781376,4.3018475
20039443120658,0.7420674,8.78083,4.303108
20039447878679,0.74121183,8.781486,4.301919
20039452636700,0.7400063,8.782339,4.3003826
20039457394721,0.7378149,8.782659,4.300107
20039462152741,0.73453236,8.782709,4.3005652
20039466910762,0.73040676,8.783535,4.299582
20039471668783,0.72550213,8.784344,4.2987595
20039476426804,0.72002995,8.784519,4.299321
20039481184825,0.71462953,8.784678,4.299897
20039485942846,0.70996165,8.785095,4.2998185
20039490700866,0.7059018,8.78555,4.2995567
20039495458939,0.7024643,8.785368,4.3004937
20039500216908,0.69974256,8.785171,4.30134
20039504974981,0.69707894,8.785226,4.3016605
20039509733002,0.6944742,8.785072,4.302394
20039514491023,0.6916453,8.785053,4.302889
20039519249043,0.6884323,8.785103,4.3033032
20039524007064,0.6850131,8.785345,4.3033543
20039528765085,0.6811103,8.785631,4.303391
20039533523106,0.6768016,8.785683,4.303966
20039538281127,0.6719582,8.786478,4.3031
20039543039148,0.66701937,8.787455,4.301874
20039547797168,0.66223544,8.787943,4.301616
20039552555189,0.65768665,8.788746,4.300672
20039557313262,0.65344226,8.789622,4.299526
20039562071283,0.6496963,8.789817,4.2996993
20039566829304,0.64613885,8.790221,4.2994065
20039571587325,0.64269996,8.791301,4.2977138
20039576345346,0.63883156,8.792141,4.296575
20039581103366,0.63423353,8.792388,4.2967477
20039585861387,0.62910485,8.79261,4.2970486
20039590619408,0.6239049,8.793112,4.2967796
20039595377429,0.61884356,8.79372,4.2962666
20039600135450,0.6141331,8.79438,4.2955914
20039604893471,0.61008805,8.794983,4.294933
20039609651543,0.60700774,8.795681,4.2939396
20039614409564,0.6046321,8.796429,4.2927427
20039619167585,0.60304254,8.796894,4.2920127
20039623925606,0.601552,8.7972,4.2915964
20039628683627,0.599732,8.797717,4.2907896
20039633441648,0.5972765,8.798295,4.2899475
20039638199668,0.5943324,8.798496,4.289944
20039642957689,0.59126556,8.798529,4.2902994
20039647715710,0.588192,8.798851,4.290065
20039652473731,0.5851704,8.799124,4.289915
20039657231752,0.58210164,8.799219,4.290138
20039661989825,0.57896864,8.799412,4.290167
20039666747846,0.57561094,8.799981,4.28945
20039671505866,0.57207584,8.8005085,4.2888412
20039676263887,0.568141,8.800928,4.2885046
20039681021908,0.56403154,8.801602,4.2876616
20039685779929,0.55978024,8.802429,4.2865233
20039690537950,0.55564004,8.803078,4.2857285
20039695295971,0.55187273,8.803619,4.2851033
20039700053991,0.5484866,8.804242,4.284257
20039704812012,0.54567325,8.804768,4.2835383
20039709570085,0.54313517,8.80517,4.2830324
20039714328106,0.5410304,8.805536,4.282547
20039719086127,0.539134,8.805901,4.2820377
20039723844043,0.5372232,8.806225,4.2816105
20039728602168,0.53552264,8.806482,4.281294
20039733360189,0.5342342,8.806834,4.2807317
20039738118210,0.53312176,8.807148,4.280223
20039742876231,0.5323322,8.807425,4.2797523
20039747634252,0.53161526,8.807711,4.279253
20039752392325,0.5310492,8.808082,4.2785587
20039757150346,0.530392,8.808386,4.278012
20039761908366,0.52936494,8.80869,4.2775164
20039766666387,0.52766484,8.809109,4.276864
20039771424408,0.5251353,8.809613,4.276133
20039776182429,0.52171046,8.809982,4.275794
20039780940450,0.5176393,8.81045,4.275327
20039785698471,0.5134163,8.811017,4.2746673
20039790456491,0.5092858,8.811536,4.2740917
20039795214512,0.5060162,8.811937,4.2736516
20039799972585,0.5031919,8.812454,4.272919
20039804730606,0.50103146,8.812938,4.272176
20039809488627,0.499126,8.813343,4.271562
20039814246648,0.49729386,8.81379,4.2708535
20039819004668,0.49520957,8.814214,4.2702236
20039823762689,0.49245685,8.814573,4.2697973
20039828520710,0.48905334,8.814946,4.26942
20039833278731,0.48544395,8.815411,4.268872
20039838036752,0.48195085,8.815877,4.268306
20039842794825,0.47855175,8.816272,4.2678723
20039847552846,0.47577214,8.816645,4.26741
20039852310866,0.47333384,8.817112,4.266718
20039857068887,0.47127366,8.817557,4.2660246
20039861826908,0.46921024,8.817802,4.265748
20039866584929,0.46705478,8.817883,4.265816
20039871342950,0.4646073,8.817856,4.266139
20039876100971,0.46175447,8.817757,4.266652
20039880858991,0.45890957,8.817615,4.267255
20039885617064,0.45613673,8.817508,4.2677746
20039890375085,0.45385447,8.817504,4.268023
20039895133106,0.45209265,8.817602,4.268007
20039899891127,0.45092696,8.817752,4.2678204
20039904649148,0.45016167,8.818,4.267391
20039909407168,0.44942728,8.81839,4.2666607
20039914165085,0.44858888,8.818853,4.2657933
20039918923210,0.4473835,8.81939,4.2648096
20039923681231,0.44549188,8.819902,4.2639465
20039928439304,0.44311827,8.820429,4.2631063
20039933197325,0.44038957,8.820891,4.2624297
20039937955346,0.4374892,8.821278,4.261931
20039942713366,0.43477145,8.821651,4.261432
20039947471387,0.4320462,8.821929,4.261136
20039952229408,0.4293941,8.822146,4.260956
20039956987429,0.42669013,8.822349,4.260808
20039961745502,0.42367676,8.82256,4.260673
20039966503523,0.4204288,8.822607,4.260895
20039971261543,0.4170438,8.8226795,4.261079
20039976019564,0.4135461,8.822703,4.261369
20039980777585,0.41011626,8.822712,4.261684
20039985535606,0.4069035,8.822802,4.2618074
20039990293627,0.40418786,8.822853,4.2619576
20039995051648,0.40172884,8.8228855,4.2621217
20039999809668,0.39942715,8.822904,4.262302
20040004567741,0.3973486,8.82295,4.2623973
20040009325762,0.39547873,8.822973,4.2625275
20040014083783,0.39333686,8.822879,4.2629204
20040018841804,0.3910646,8.822797,4.2632985
20040023599825,0.3889536,8.822753,4.2635818
20040028357846,0.38690606,8.822818,4.2636356
20040033115866,0.38517508,8.822959,4.263499
20040037873939,0.38353953,8.823179,4.26319
20040042631960,0.382587,8.823449,4.262718
20040047389981,0.38192686,8.823833,4.2619815
20040052148002,0.38136297,8.824134,4.2614083
20040056906023,0.38082108,8.824327,4.261056
20040061664043,0.37983683,8.824431,4.260929
20040066422064,0.3783847,8.824509,4.260901
20040071180085,0.37646303,8.824499,4.2610874
20040075938158,0.37409243,8.824471,4.2613573
20040080696179,0.3717174,8.824385,4.261741
20040085454200,0.3693442,8.824388,4.2619433
20040090212221,0.36694428,8.824391,4.2621427
20040094970241,0.36465305,8.82438,4.2623625
20040099728262,0.3623823,8.824464,4.2623825
20040104486283,0.35980785,8.824651,4.262215
20040109244304,0.35701677,8.824815,4.262108
20040114002377,0.3540012,8.824918,4.262145
20040118760346,0.3506578,8.825078,4.262091
20040123518418,0.34718385,8.825238,4.262045
20040128276387,0.3438959,8.825336,4.262106
20040133034460,0.34112534,8.8254175,4.2621636
20040137792481,0.3389082,8.82548,4.2622104
20040142550554,0.33721507,8.82555,4.2621994
20040147308575,0.3359789,8.82562,4.2621536
20040152066596,0.3349543,8.825665,4.2621365
20040156824564,0.33377084,8.825708,4.262142
20040161582637,0.33218965,8.82576,4.2621584
20040166340658,0.32989013,8.8258095,4.2622347
20040171098679,0.32685822,8.82596,4.262156
20040175856700,0.32341513,8.826099,4.2621307
20040180614773,0.31971216,8.826282,4.2620335
20040185372793,0.31657678,8.826455,4.2619066
20040190130814,0.3138982,8.826698,4.2616
20040194888835,0.31178853,8.82692,4.261299
20040199646856,0.3103425,8.827136,4.2609563
20040204404877,0.30934036,8.827405,4.260472
20040209162898,0.3085784,8.827653,4.2600136
20040213920971,0.30713388,8.827881,4.2596455
20040218678991,0.305239,8.828029,4.2594748
20040223437012,0.3028799,8.828148,4.2593975
20040228195033,0.3001757,8.8282995,4.2592745
20040232953054,0.29725558,8.828428,4.2592106
20040237711075,0.29446068,8.828547,4.2591605
20040242469096,0.29201072,8.828587,4.259246
20040247227168,0.28986993,8.828603,4.2593594
20040251985189,0.28800333,8.82866,4.2593665
20040256743210,0.28637606,8.828741,4.2593083
20040261501231,0.2844835,8.828857,4.2591934
20040266259252,0.28230655,8.829019,4.259005
20040271017273,0.28007597,8.829325,4.2585177
20040275775293,0.27780434,8.82957,4.2581587
20040280533366,0.2755912,8.829791,4.2578416
20040285291387,0.2737342,8.830005,4.25752
20040290049408,0.2723238,8.830285,4.2570267
20040294807429,0.27149355,8.830441,4.2567577
20040299565450,0.27123737,8.830602,4.2564387
20040304323523,0.27137053,8.83077,4.2560835
20040309081543,0.2716704,8.83095,4.2556887
20040313839512,0.27179563,8.831117,4.255338
20040318597585,0.27158612,8.831317,4.2549343
20040323355606,0.2710094,8.831446,4.254705
20040328113627,0.27004427,8.83154,4.2545705
20040332871648,0.26902118,8.831618,4.2544723
20040337629721,0.26799974,8.831651,4.254468
20040342387741,0.26686373,8.83171,4.254417
20040347145762,0.26601973,8.831778,4.2543316
20040351903783,0.26539516,8.831869,4.254179
20040356661804,0.26513985,8.832073,4.253772
20040361419825,0.2652397,8.832315,4.253263
20040366177898,0.2655674,8.832611,4.252628
20040370935918,0.2658471,8.832935,4.251937
20040375693939,0.26625434,8.833182,4.2513976
20040380451960,0.26654667,8.833431,4.250863
20040385209981,0.26654518,8.833644,4.2504215
20040389968002,0.26645103,8.8338,4.250102
20040394726023,0.26638573,8.833883,4.2499347
20040399484096,0.26630402,8.833948,4.249803
20040404242116,0.2661382,8.83397,4.24977
20040409000137,0.26587743,8.833984,4.249755
20040413758158,0.2658244,8.833998,4.249732
20040418516179,0.2654469,8.834006,4.249736
20040423274200,0.2646844,8.8340845,4.2496204
20040428032273,0.2637479,8.834139,4.249564
20040432790293,0.2624803,8.834171,4.2495775
20040437548314,0.26109296,8.834225,4.2495503
20040442306335,0.25946978,8.834316,4.249462
20040447064356,0.25790334,8.834397,4.249386
20040451822377,0.25669417,8.834543,4.2491584
20040456580398,0.25562063,8.8346,4.2491045
20040461338418,0.2547635,8.834646,4.249059
20040466096491,0.25409305,8.8347025,4.248982
20040470854512,0.25338146,8.834746,4.248935
20040475612533,0.25261703,8.834827,4.248813
20040480370554,0.25158343,8.834966,4.2485847
20040485128627,0.2503406,8.835091,4.2483974
20040489886648,0.24872336,8.835189,4.2482896
20040494644616,0.24687113,8.835179,4.2484174
20040499402689,0.24493615,8.835079,4.2487373
20040504160710,0.2429966,8.834896,4.2492304
20040508918783,0.24114019,8.8347,4.2497435
20040513676804,0.23930049,8.83453,4.250201
20040518434825,0.23763756,8.834305,4.250761
20040523192846,0.23611493,8.834175,4.2511163
20040527950866,0.23459989,8.834126,4.2513
20040532708887,0.23289992,8.834169,4.2513065
20040537466908,0.23122557,8.83425,4.2512293
20040542224981,0.22962065,8.834303,4.251207
20040546983002,0.22838488,8.834296,4.2512856
20040551741023,0.22738846,8.834348,4.251232
20040556499043,0.22644387,8.834349,4.2512827
20040561257064,0.22562402,8.834407,4.2512054
20040566015085,0.22453657,8.83449,4.2510886
20040570773158,0.22316755,8.834586,4.2509627
20040575531179,0.22147489,8.834665,4.2508855
20040580289200,0.21967308,8.834729,4.2508454
20040585047221,0.21734864,8.834825,4.2507644
20040589805241,0.21508604,8.834909,4.250706
20040594563314,0.21272674,8.834999,4.2506404
20040599321335,0.21068431,8.835023,4.2506886
20040604079356,0.20871507,8.8350115,4.250811
20040608837377,0.20689714,8.835021,4.25088
20040613595398,0.20526516,8.83501,4.2509828
20040618353418,0.20383465,8.835007,4.251059
20040623111491,0.20282632,8.834963,4.2511983
20040627869512,0.2017823,8.834895,4.251387
20040632627533,0.20069286,8.834945,4.2513366
20040637385554,0.19961452,8.83506,4.2511506
20040642143575,0.19823402,8.835152,4.2510195
20040646901648,0.19696133,8.835294,4.2507854
20040651659668,0.1958038,8.835463,4.2504888
20040656417689,0.19436093,8.83561,4.2502456
20040661175710,0.19267303,8.835715,4.250105
20040665933731,0.19094174,8.835755,4.250103
20040670691752,0.1891824,8.835723,4.250247
20040675449825,0.18756625,8.8356905,4.2503867
20040680207846,0.18607493,8.835637,4.250564
20040684965866,0.18480001,8.835572,4.2507534
20040689723887,0.18360148,8.835607,4.2507343
20040694481908,0.18215664,8.835653,4.2506976
20040699239981,0.18074015,8.835625,4.250819
20040703998002,0.17884812,8.835714,4.2507114
20040708756023,0.17669952,8.835815,4.2505927
20040713514043,0.17445825,8.835956,4.2503924
20040718272064,0.17212333,8.836151,4.2500825
20040723030085,0.16981047,8.836326,4.2498136
20040727788158,0.1674419,8.836541,4.2494574
20040732546179,0.16542427,8.836723,4.249157
20040737304200,0.16364728,8.836894,4.2488713
20040742062221,0.16221386,8.837048,4.2486053
20040746820293,0.1610069,8.837173,4.248392
20040751578314,0.15972488,8.837263,4.2482533
20040756336283,0.15870872,8.837267,4.2482834
20040761094356,0.15783423,8.837257,4.2483377
20040765852377,0.15674455,8.837233,4.248428
20040770610398,0.15564011,8.837192,4.2485547
20040775368471,0.15435192,8.8370695,4.2488556
20040780126491,0.1529584,8.836964,4.249124
20040784884512,0.1516795,8.836903,4.249297
20040789642533,0.1505145,8.836848,4.24945
20040794400554,0.14945668,8.8368635,4.2494593
20040799158627,0.14824441,8.836832,4.249566
20040803916648,0.14687133,8.836853,4.2495694
20040808674668,0.14549753,8.836914,4.2494907
20040813432689,0.14379266,8.83697,4.249431
20040818190710,0.14186944,8.837119,4.249185
20040822948783,0.13997176,8.837235,4.2490063
20040827706804,0.13791673,8.837341,4.2488523
20040832464825,0.13604958,8.8375025,4.2485776
20040837222846,0.13441785,8.837695,4.24823
20040841980866,0.13319021,8.837814,4.2480226
20040846738939,0.13236779,8.837944,4.2477756
20040851496960,0.13157651,8.838056,4.24757
20040856254981,0.13093477,8.838132,4.2474284
20040861013002,0.13016753,8.838233,4.2472434
20040865771023,0.12909806,8.838274,4.2471914
20040870529096,0.12796935,8.838284,4.2472076
20040875287116,0.12637997,8.838349,4.247116
20040880045137,0.12460705,8.83849,4.2468777
20040884803158,0.12287446,8.838498,4.2469096
20040889561179,0.121026486,8.838553,4.2468467
20040894319252,0.11934902,8.838624,4.2467494
20040899077273,0.11772312,8.8386,4.2468443
20040903835293,0.11629186,8.838545,4.2469993
20040908593314,0.11485135,8.838555,4.247016
20040913351335,0.11326902,8.838509,4.2471523
20040918109408,0.11194324,8.838454,4.247305
20040922867429,0.11075902,8.838427,4.24739
20040927625450,0.10987112,8.838469,4.247328
20040932383471,0.10926541,8.838544,4.247184
20040937141491,0.1089258,8.838571,4.2471395
20040941899564,0.108598664,8.838559,4.2471714
20040946657585,0.10838402,8.83862,4.2470493
20040951415606,0.10828829,8.838757,4.246769
20040956173627,0.10821091,8.838873,4.2465267
20040960931700,0.107947975,8.839063,4.246141
20040965689721,0.10767172,8.839155,4.2459545
20040970447741,0.107243724,8.839221,4.245828
20040975205762,0.10655415,8.839328,4.245622
20040979963783,0.105750315,8.839397,4.2455
20040984721856,0.104895286,8.8393345,4.24565
20040989479877,0.10419154,8.839285,4.245773
20040994237898,0.10383034,8.839252,4.245847
20040998995918,0.10372411,8.839255,4.2458453
20041003753939,0.103619754,8.839275,4.245805
20041008512012,0.10364475,8.839208,4.2459455
20041013270033,0.10371765,8.839101,4.246166
20041018028054,0.103855886,8.83898,4.2464147
20041022786075,0.103898376,8.838825,4.246736
20041027544096,0.10406111,8.838715,4.246961
20041032302168,0.10447005,8.838619,4.24715
20041037060189,0.10488334,8.838591,4.2472005
20041041818210,0.1051995,8.838617,4.247135
20041046576231,0.105482526,8.838666,4.2470284
20041051334304,0.10553609,8.838731,4.246891
20041056092325,0.10537924,8.838797,4.2467585
20041060850346,0.104979515,8.838829,4.2467003
20041065608366,0.104258426,8.838874,4.2466273
20041070366387,0.10332142,8.838953,4.2464833
20041075124460,0.10228085,8.839022,4.2463675
20041079882481,0.1010666,8.839053,4.2463307
20041084640502,0.10031172,8.839047,4.2463584
20041089398523,0.09985658,8.839045,4.2463756
20041094156596,0.09967751,8.839001,4.2464724
20041098914616,0.099809445,8.838958,4.246557
20041103672637,0.10000669,8.838912,4.2466474
20041108430658,0.100313075,8.838793,4.24689
20041113188679,0.10056741,8.838635,4.247211
20041117946752,0.1009654,8.8383875,4.2477174
20041122704773,0.10142179,8.838234,4.2480273
20041127462793,0.10188797,8.838056,4.2483854
20041132220814,0.10249107,8.838002,4.248482
20041136978887,0.10330646,8.838024,4.2484155
20041141736908,0.10415882,8.838144,4.248149
20041146494929,0.10484392,8.838349,4.247701
20041151252950,0.10536938,8.838566,4.2472377
20041156010971,0.10562838,8.838776,4.246797
20041160769043,0.10578332,8.838962,4.246403
20041165527064,0.10567991,8.839136,4.246044
20041170285085,0.10550473,8.839285,4.245738
20041175043106,0.105327494,8.83935,4.2456083
20041179801127,0.10520206,8.839318,4.2456775
20041184559200,0.10537698,8.839285,4.245742
20041189317221,0.105680496,8.839205,4.245901
20041194075241,0.10616016,8.839115,4.2460747
20041198833262,0.10668687,8.839035,4.246229
20041203591335,0.1070155,8.83898,4.246336
20041208349356,0.10756156,8.838865,4.246561
20041213107377,0.107929066,8.838852,4.246579
20041217865398,0.10817906,8.838914,4.246445
20041222623471,0.108128145,8.838996,4.246274
20041227381491,0.10785176,8.839096,4.246073
20041232139512,0.10760674,8.83922,4.245822
20041236897533,0.10742247,8.839359,4.245537
20041241655606,0.10731993,8.839457,4.245335
20041246413627,0.10745856,8.839593,4.245049
20041251171648,0.107791625,8.83963,4.244961
20041255929668,0.108012654,8.839665,4.244883
20041260687689,0.10838233,8.839595,4.245021
20041265445762,0.108945005,8.839359,4.245499
20041270203783,0.10938006,8.839173,4.245873
20041274961804,0.110068016,8.838952,4.246317
20041279719825,0.11050108,8.838733,4.2467623
20041284477898,0.11115604,8.838575,4.2470737
20041289235918,0.11170578,8.838539,4.247131
20041293993939,0.11227888,8.838641,4.2469034
20041298751960,0.112739004,8.838764,4.246637
20041303509929,0.11323823,8.838935,4.2462683
20041308268054,0.11349921,8.839182,4.245747
20041313026075,0.11327348,8.839387,4.245326
20041317784096,0.11276686,8.839594,4.24491
20041322542116,0.111933015,8.839711,4.244685
20041327300189,0.11121421,8.8398485,4.24442
20041332058210,0.11057975,8.839974,4.244175
20041336816231,0.10996812,8.840122,4.243883
20041341574252,0.10984787,8.840186,4.243752
20041346332325,0.11000415,8.840163,4.2437944
20041351090346,0.11059972,8.840173,4.24376
20041355848366,0.1116209,8.840145,4.2437897
20041360606335,0.112774804,8.840026,4.2440104
20041365364460,0.11398529,8.839878,4.2442846
20041370122481,0.115072146,8.83974,4.2445445
20041374880502,0.11580149,8.839642,4.244726
20041379638523,0.11623042,8.839626,4.244748
20041384396596,0.11646721,8.839579,4.2448416
20041389154616,0.116189905,8.839594,4.2448163
20041393912637,0.11569987,8.839589,4.2448378
20041398670658,0.11521441,8.8395815,4.244868
20041403428731,0.114527404,8.839585,4.2448807
20041408186752,0.11404632,8.839601,4.24486
20041412944773,0.11354294,8.839613,4.2448497
20041417702793,0.11303253,8.839632,4.244823
20041422460866,0.112500355,8.839713,4.2446666
20041427218887,0.11204855,8.839763,4.244575
20041431976908,0.11172266,8.839849,4.244405
20041436734929,0.11139545,8.839963,4.2441783
20041441493002,0.111356705,8.839952,4.2442
20041446251023,0.11168384,8.839895,4.2443094
20041451009043,0.11201728,8.83982,4.2444587
20041455767064,0.1124333,8.839717,4.2446613
20041460525085,0.112922795,8.839704,4.2446756
20041465283158,0.113468796,8.83973,4.2446046
20041470041179,0.11412496,8.839776,4.2444935
20041474799200,0.11446862,8.839781,4.2444754
20041479557273,0.11463896,8.839872,4.244278
20041484315293,0.11469239,8.839875,4.2442727
20041489073314,0.114633836,8.839829,4.2443676
20041493831335,0.11454324,8.839828,4.2443757
20041498589408,0.114543684,8.839871,4.244284
20041503347429,0.114407614,8.839943,4.2441382
20041508105450,0.11442186,8.839945,4.2441335
20041512863471,0.11469138,8.839984,4.244045
20041517621543,0.11509085,8.839983,4.2440357
20041522379564,0.115546,8.839937,4.2441206
20041527137585,0.11621739,8.8398485,4.2442856
20041531895606,0.11686302,8.839808,4.2443523
20041536653679,0.11761005,8.839808,4.2443323
20041541411700,0.118446045,8.839784,4.2443585
20041546169721,0.11938635,8.839821,4.244256
20041550927741,0.1204406,8.83984,4.244185
20041555685814,0.12136243,8.839892,4.244049
20041560443835,0.122166194,8.839915,4.243981
20041565201856,0.12283827,8.839907,4.243979
20041569959877,0.12323721,8.839828,4.2441287
20041574717950,0.12343559,8.8397455,4.2442927
20041579475971,0.12358396,8.839646,4.2444973
20041584233991,0.12374784,8.839585,4.2446203
20041588992012,0.12361633,8.839616,4.2445617
20041593750085,0.12377045,8.839656,4.244475
20041598508106,0.1240825,8.839623,4.2445326
20041603266127,0.124581456,8.839627,4.244509
20041608024148,0.12536749,8.839718,4.2442985
20041612782221,0.12612094,8.839795,4.244116
20041617540241,0.12708116,8.839887,4.2438965
20041622298262,0.12806626,8.83995,4.243733
20041627056283,0.1289086,8.839968,4.243669
20041631814356,0.12968521,8.840041,4.2434936
20041636572377,0.13006897,8.840054,4.243456
20041641330398,0.13012287,8.840008,4.2435513
20041646088471,0.13011362,8.83996,4.243651
20041650846491,0.13005973,8.839936,4.2436996
20041655604512,0.13005312,8.839889,4.2437997
20041660362533,0.12993471,8.839927,4.2437243
20041665120606,0.1300973,8.839909,4.2437577
20041669878627,0.13028815,8.8399,4.243771
20041674636648,0.13067329,8.839845,4.2438726
20041679394668,0.13106258,8.839827,4.243901
20041684152741,0.13133517,8.839866,4.2438087
20041688910762,0.13153256,8.839913,4.2437024
20041693668783,0.13182794,8.839953,4.243613
20041698426804,0.13234445,8.839988,4.2435236
20041703184877,0.13289168,8.839997,4.2434855
20041707942898,0.13350222,8.839951,4.243565
20041712700918,0.13397591,8.839958,4.2435327
20041717458991,0.13443825,8.839925,4.2435884
20041722217012,0.13483252,8.839961,4.2435
20041726975033,0.1352205,8.840074,4.2432513
20041731733054,0.13558455,8.840163,4.2430553
20041736491127,0.13570872,8.840156,4.2430677
20041741249096,0.13579293,8.840303,4.2427573
20041746007168,0.13586031,8.840435,4.24248
20041750765189,0.13585824,8.840512,4.242319
20041755523262,0.13601325,8.840526,4.2422853
20041760281283,0.13629302,8.840523,4.2422843
20041765039304,0.13667111,8.840478,4.242364
20041769797325,0.13704355,8.840435,4.2424417
20041774555398,0.13766348,8.840373,4.242551
20041779313418,0.13836892,8.84029,4.242701
20041784071387,0.13898578,8.840255,4.242756
20041788829460,0.1396722,8.840302,4.242633
20041793587533,0.14034876,8.840391,4.2424245
20041798345554,0.14093877,8.84044,4.2423043
20041803103575,0.1414558,8.84051,4.242142
20041807861648,0.14200349,8.840563,4.242015
20041812619668,0.14232229,8.84061,4.241905
20041817377689,0.14241469,8.84063,4.241859
20041822135710,0.14248541,8.840595,4.241928
20041826893783,0.14232707,8.840548,4.242032
20041831651804,0.14224276,8.840472,4.2421937
20041836409825,0.14237261,8.840333,4.2424784
20041841167898,0.14298162,8.840175,4.2427893
20041845925918,0.14388816,8.840048,4.2430234
20041850683939,0.144825,8.839932,4.24323
20041855441960,0.14582242,8.839816,4.24344
20041860200033,0.1469767,8.83977,4.243494
20041864958054,0.14833173,8.839769,4.2434464
20041869716075,0.1494417,8.83983,4.243283
20041874474096,0.1502968,8.839996,4.2429066
20041879232168,0.15108065,8.840127,4.242607
20041883990189,0.15189697,8.840231,4.242361
20041888748210,0.15268001,8.840345,4.2420955
20041893506283,0.1534624,8.840457,4.241836
20041898264304,0.15418269,8.84056,4.2415924
20041903022325,0.15472221,8.840637,4.241414
20041907780346,0.15523617,8.840631,4.241406
20041912538418,0.15559685,8.840573,4.2415123
20041917296439,0.15593627,8.840482,4.2416916
20041922054460,0.15641567,8.840382,4.2418814
20041926812533,0.15713783,8.840286,4.242054
20041931570554,0.15781623,8.840163,4.242286
20041936328575,0.1586515,8.840051,4.2424893
20041941086596,0.15962148,8.839974,4.2426114
20041945844668,0.16077876,8.839816,4.2429
20041950602689,0.16182208,8.839793,4.242907
20041955360710,0.16247128,8.839792,4.242885
20041960118783,0.1628446,8.839794,4.242865
20041964876804,0.16304833,8.839792,4.2428613
20041969634825,0.16302505,8.839774,4.2428985
20041974392846,0.16291007,8.8399,4.2426424
20041979150918,0.16294824,8.840063,4.2423015
20041983908939,0.16294141,8.840173,4.2420735
20041988666960,0.16295269,8.8402405,4.2419305
20041993425033,0.16304238,8.840357,4.2416854
20041998183054,0.16305387,8.840386,4.2416234
20042002941075,0.16330716,8.840365,4.2416587
20042007699096,0.1634198,8.840293,4.2418027
20042012457168,0.16362543,8.840218,4.2419515
20042017215189,0.16411322,8.840067,4.242247
20042021973210,0.1646311,8.840005,4.2423587
20042026731283,0.16535328,8.83992,4.2425065
20042031489304,0.16600847,8.839913,4.242494
20042036247325,0.16664222,8.8398285,4.2426467
20042041005346,0.16716947,8.839819,4.242645
20042045763418,0.16752942,8.839754,4.2427673
20042050521439,0.16774224,8.839781,4.2427025
20042055279460,0.16782625,8.839823,4.2426114
20042060037533,0.1677496,8.839935,4.2423787
20042064795554,0.16755585,8.840041,4.2421656
20042069553575,0.16746819,8.840172,4.2418966
20042074311648,0.16722324,8.84033,4.2415776
20042079069668,0.1671061,8.840535,4.241156
20042083827689,0.16712797,8.84064,4.2409363
20042088585710,0.16727185,8.840719,4.2407665
20042093343731,0.16725644,8.840647,4.2409163
20042098101804,0.16727848,8.840558,4.2411017
20042102859825,0.16748977,8.840436,4.241348
20042107617846,0.1679438,8.840302,4.241607
20042112375918,0.16852121,8.840194,4.241814
20042117133939,0.16925739,8.84005,4.2420826
20042121891960,0.16977891,8.8399725,4.2422223
20042126650033,0.17053272,8.83997,4.2421985
20042131408002,0.1710081,8.840058,4.241994
20042136166075,0.17167616,8.840166,4.241743
20042140924148,0.17221147,8.840248,4.241548
20042145682168,0.17286557,8.840347,4.2413163
20042150440189,0.17341055,8.840411,4.241159
20042155198210,0.17374566,8.840406,4.2411566
20042159956283,0.17385279,8.840451,4.241061
20042164714304,0.17398135,8.840479,4.2409964
20042169472377,0.17398503,8.840438,4.241082
20042174230398,0.17378594,8.840455,4.241052
20042178988418,0.17366399,8.840449,4.2410717
20042183746439,0.17384377,8.8404455,4.2410717
20042188504512,0.17427522,8.840486,4.2409706
20042193262533,0.17509146,8.84046,4.2409906
20042198020554,0.17615174,8.840396,4.2410808
20042202778627,0.17744271,8.840406,4.2410045
20042207536648,0.17878324,8.84039,4.240982
20042212294668,0.18012933,8.840381,4.240946
20042217052741,0.18150201,8.840363,4.2409253
20042221810762,0.18273431,8.840315,4.2409697
20042226568783,0.1837392,8.840266,4.2410293
20042231326804,0.18441856,8.840187,4.2411647
20042236084877,0.18490316,8.840174,4.2411704
20042240842898,0.18517019,8.840145,4.2412186
20042245600918,0.18504022,8.840184,4.2411413
20042250358991,0.1849739,8.840202,4.241107
20042255117012,0.184763,8.840223,4.2410727
20042259875033,0.1845776,8.840208,4.2411146
20042264633054,0.18439521,8.840203,4.241131
20042269391127,0.18414322,8.840166,4.2412176
20042274149148,0.18391666,8.840183,4.2411947
20042278907168,0.18384825,8.840281,4.240995
20042283665241,0.18383254,8.840323,4.240906
20042288423262,0.18403748,8.840282,4.240984
20042293181283,0.18439214,8.840215,4.2411056
20042297939356,0.18482178,8.840186,4.241149
20042302697377,0.18563737,8.840099,4.2412925
20042307455398,0.18651217,8.840009,4.241443
20042312213471,0.18758722,8.839997,4.2414207
20042316971491,0.1884806,8.83993,4.241522
20042321729512,0.18907078,8.839888,4.241583
20042326487585,0.18947788,8.839887,4.2415667
20042331245606,0.18947746,8.839935,4.241468
20042336003627,0.18944776,8.839963,4.241409
20042340761648,0.18941668,8.840035,4.2412605
20042345519721,0.18913518,8.840215,4.2408986
20042350277741,0.18873149,8.840289,4.2407594
20042355035762,0.18820642,8.840303,4.240755
20042359793835,0.18765453,8.840347,4.240688
20042364551856,0.1869752,8.840306,4.2408013
20042369309877,0.18668033,8.840328,4.2407713
20042374067950,0.18662052,8.840359,4.2407074
20042378825971,0.18689246,8.840367,4.240679
20042383583991,0.18736032,8.840364,4.2406654
20042388342064,0.18793504,8.840369,4.2406287
20042393100085,0.18866023,8.840401,4.240532
20042397858106,0.18939665,8.840356,4.240591
20042402616127,0.1898441,8.840264,4.2407627
20042407374200,0.1901181,8.840248,4.240787
20042412132221,0.19005828,8.840254,4.240774
20042416890241,0.18969753,8.840271,4.240756
20042421648314,0.18903294,8.840278,4.240771
20042426406335,0.18830939,8.84024,4.240885
20042431164304,0.18741171,8.840215,4.2409754
20042435922429,0.186423,8.840272,4.240899
20042440680450,0.18556443,8.840356,4.2407603
20042445438471,0.18483426,8.840504,4.2404847
20042450196543,0.18426932,8.84067,4.2401633
20042454954564,0.18376696,8.8407955,4.239922
20042459712585,0.18366921,8.840933,4.2396398
20042464470658,0.18388005,8.841045,4.239397
20042469228679,0.18420494,8.841102,4.2392654
20042473986700,0.1846355,8.841167,4.239111
20042478744773,0.18523382,8.84121,4.238994
20042483502793,0.1858024,8.841284,4.238817
20042488260814,0.18622683,8.841366,4.238628
20042493018835,0.18671997,8.8414345,4.2384624
20042497776908,0.1870734,8.841409,4.2385
20042502534929,0.18724771,8.8414,4.2385106
20042507293002,0.18725288,8.841398,4.238515
20042512051023,0.18724339,8.841279,4.2387643
20042516809043,0.1872779,8.841194,4.238941
20042521567116,0.18752958,8.841062,4.239203
20042526325137,0.18780892,8.840902,4.239523
20042531083158,0.18827994,8.840694,4.2399354
20042535841179,0.1886475,8.840577,4.2401657
20042540599252,0.18938655,8.840438,4.2404227
20042545357273,0.19028518,8.840344,4.240577
20042550115293,0.1915114,8.840264,4.2406898
20042554873366,0.1930621,8.840315,4.240514
20042559631387,0.19473705,8.840283,4.240502
20042564389408,0.1966126,8.840265,4.2404556
20042569147481,0.1985297,8.840225,4.2404475
20042573905502,0.20053636,8.840269,4.240261
20042578663523,0.2025769,8.840294,4.240112
20042583421596,0.20419772,8.840358,4.239899
20042588179616,0.20558104,8.840358,4.2398343
20042592937637,0.2064686,8.840278,4.239959
20042597695710,0.20722607,8.840181,4.2401233
20042602453731,0.20823835,8.83999,4.2404723
20042607211752,0.20945597,8.8398075,4.2407913
20042611969825,0.21083151,8.8396225,4.241108
20042616727846,0.2121178,8.839358,4.2415957
20042621485866,0.21340841,8.839021,4.242235
20042626243939,0.2145591,8.8386545,4.2429395
20042631001960,0.21552368,8.838324,4.2435794
20042635759981,0.21605183,8.838143,4.243928
20042640518054,0.21653499,8.8381195,4.2439523
20042645276075,0.21665807,8.838142,4.2438984
20042650034096,0.21652225,8.838265,4.243651
20042654792168,0.21598144,8.838535,4.243116
20042659550189,0.21547048,8.8388405,4.242506
20042664308210,0.21488427,8.839217,4.2417507
20042669066231,0.21434398,8.839601,4.2409773
20042673824304,0.21401829,8.8399725,4.2402225
20042678582325,0.2139772,8.8403845,4.239364
20042683340398,0.21433562,8.840807,4.238464
20042688098418,0.21495494,8.841188,4.2376366
20042692856439,0.21593472,8.841539,4.236856
20042697614512,0.21703565,8.841838,4.236176
20042702372533,0.21772274,8.842145,4.2354994
20042707130554,0.21803103,8.84238,4.2349954
20042711888627,0.21793108,8.842491,4.2347655
20042716646648,0.21746334,8.842456,4.2348647
20042721404668,0.21695384,8.842429,4.2349463
20042726162741,0.21677871,8.842405,4.235006
20042730920762,0.2170758,8.84235,4.2351055
20042735678783,0.21797131,8.842308,4.2351465
20042740436856,0.21923664,8.842255,4.235193
20042745194877,0.22057858,8.842217,4.2351995
20042749952898,0.22172268,8.842149,4.235285
20042754710971,0.22265351,8.841999,4.235548
20042759468991,0.22339296,8.841797,4.2359304
20042764227012,0.22375102,8.841642,4.2362356
20042768985085,0.2243103,8.84148,4.2365437
20042773743106,0.22495203,8.841207,4.237081
20042778501127,0.22589575,8.840979,4.2375064
20042783259200,0.22742817,8.840848,4.237695
20042788017221,0.22903827,8.840781,4.23775
20042792775241,0.23077855,8.840722,4.2377763
20042797533314,0.23232965,8.840683,4.2377768
20042802291335,0.23364362,8.84066,4.237751
20042807049356,0.23456861,8.840659,4.2377014
20042811807429,0.23507406,8.840576,4.237847
20042816565450,0.23567294,8.840561,4.2378445
20042821323471,0.23641472,8.840548,4.2378316
20042826081543,0.23753951,8.840483,4.2379045
20042830839564,0.23908444,8.840429,4.2379293
20042835597533,0.24096343,8.840396,4.237894
20042840355658,0.24305454,8.8403425,4.2378836
20042845113679,0.24514116,8.840158,4.2381473
20042849871700,0.24703133,8.840018,4.238331
20042854629773,0.24839734,8.839771,4.2387624
20042859387793,0.24924816,8.839557,4.239163
20042864145866,0.24973574,8.839276,4.239718
20042868903887,0.24998958,8.839009,4.24026
20042873661908,0.2502194,8.838794,4.2406955
20042878419929,0.2503699,8.838606,4.2410784
20042883178002,0.25041914,8.838419,4.2414656
20042887936023,0.2504767,8.838246,4.241821
20042892694043,0.25068572,8.838163,4.241982
20042897452116,0.25091112,8.838119,4.242063
20042902210137,0.2511491,8.838184,4.24191
20042906968210,0.25141472,8.838255,4.241749
20042911726231,0.25149035,8.838289,4.2416725
20042916484252,0.25140837,8.8382225,4.2418184
20042921242325,0.25125593,8.838211,4.241848
20042926000346,0.25122973,8.8382,4.2418733
20042930758366,0.25080928,8.838225,4.2418456
20042935516439,0.25036138,8.838287,4.2417436
20042940274460,0.24976885,8.838423,4.2414937
20042945032481,0.2491651,8.838418,4.24154
20042949790554,0.24857777,8.838398,4.2416186
20042954548575,0.2478391,8.838291,4.2418823
20042959306596,0.24721532,8.838163,4.2421846
20042964064668,0.24706912,8.838056,4.2424207
20042968822689,0.2470598,8.837951,4.2426395
20042973580762,0.24743155,8.8378105,4.2429075
20042978338783,0.2478737,8.83771,4.243092
20042983096804,0.24856633,8.837669,4.2431374
20042987854825,0.249375,8.837731,4.242959
20042992612898,0.24999246,8.837816,4.2427483
20042997370918,0.25023946,8.837878,4.2426023
20043002128939,0.2501407,8.838005,4.2423444
20043006887012,0.24968694,8.838062,4.2422514
20043011645033,0.24891435,8.838131,4.2421546
20043016403106,0.24792455,8.838206,4.2420554
20043021161127,0.24674737,8.838346,4.241834
20043025919148,0.24557672,8.838521,4.241536
20043030677168,0.24456865,8.838591,4.2414494
20043035435241,0.2435707,8.838639,4.241402
20043040193262,0.24272196,8.838748,4.241227
20043044951335,0.24219404,8.838836,4.241075
20043049709356,0.24167103,8.838932,4.2409043
20043054467377,0.24112862,8.839043,4.240705
20043059225450,0.24087232,8.839134,4.240526
20043063983471,0.24075441,8.839189,4.24042
20043068741491,0.24119487,8.839171,4.240431
20043073499564,0.24140441,8.839102,4.240567
20043078257585,0.24161275,8.839085,4.2405906
20043083015658,0.24195653,8.839105,4.2405252
20043087773627,0.24206227,8.839116,4.2404976
20043092531700,0.24208263,8.839178,4.2403693
20043097289773,0.24199925,8.839284,4.2401514
20043102047793,0.24194361,8.839396,4.2399187
20043106805814,0.24197628,8.83955,4.239597
20043111563887,0.242129,8.839779,4.239112
20043116321908,0.24232489,8.839927,4.238792
20043121079929,0.24263684,8.840145,4.2383194
20043125838002,0.24293448,8.840328,4.2379193
20043130596023,0.24344844,8.84048,4.237576
20043135354096,0.2439598,8.840567,4.2373652
20043140112116,0.24465366,8.84062,4.237214
20043144870137,0.2452806,8.840642,4.23713
20043149628210,0.2460017,8.8406515,4.2370677
20043154386231,0.24695273,8.840687,4.2369413
20043159144252,0.24795645,8.8407345,4.236781
20043163902325,0.2488984,8.840795,4.236602
20043168660346,0.24989526,8.840889,4.2363453
20043173418366,0.25090235,8.840973,4.2361107
20043178176439,0.25184923,8.841018,4.2359595
20043182934460,0.25281203,8.841099,4.235733
20043187692481,0.25369012,8.841087,4.2357044
20043192450554,0.25483403,8.841004,4.23581
20043197208523,0.25621954,8.84089,4.235965
20043201966648,0.25761935,8.840771,4.2361283
20043206724668,0.2589886,8.840753,4.2360835
20043211482689,0.26057157,8.840736,4.2360215
20043216240762,0.26208124,8.840769,4.2358594
20043220998783,0.26344284,8.840694,4.23593
20043225756856,0.26462707,8.840711,4.2358246
20043230514877,0.26568127,8.84067,4.235843
20043235272898,0.26666254,8.840644,4.2358356
20043240030971,0.26793745,8.840465,4.2361293
20043244788991,0.2693152,8.840369,4.236239
20043249547012,0.27097467,8.840235,4.236417
20043254305085,0.27290836,8.840144,4.236479
20043259063106,0.2748825,8.84012,4.2364016
20043263821127,0.27672142,8.840093,4.2363377
20043268579200,0.27845022,8.840088,4.2362366
20043273337221,0.2800679,8.840016,4.2362795
20043278095241,0.28135186,8.839869,4.2365026
20043282853314,0.28231454,8.839741,4.236705
20043287611335,0.28318766,8.839691,4.2367506
20043292369408,0.28416908,8.839641,4.2367887
20043297127429,0.2852009,8.839697,4.2366004
20043301885398,0.2865909,8.839718,4.2364664
20043306643523,0.28820005,8.839783,4.23622
20043311401543,0.29001492,8.839734,4.236198
20043316159564,0.29202622,8.839632,4.236274
20043320917637,0.29386437,8.839483,4.2364573
20043325675658,0.2956266,8.839194,4.2369385
20043330433731,0.29726788,8.8389,4.237437
20043335191752,0.29859594,8.838586,4.237997
20043339949773,0.299704,8.83837,4.2383695
20043344707846,0.3006205,8.838167,4.238728
20043349465814,0.3014607,8.838006,4.2390027
20043354223887,0.30223355,8.837836,4.239302
20043358981960,0.30294248,8.837685,4.239568
20043363739981,0.30349895,8.837569,4.2397704
20043368498002,0.3040258,8.837454,4.2399716
20043373256075,0.30456546,8.837322,4.240207
20043378014096,0.30535868,8.837237,4.240328
20043382772168,0.3058356,8.837177,4.2404194
20043387530189,0.30639616,8.837151,4.240435
20043392288210,0.3070407,8.837191,4.2403045
20043397046283,0.30792403,8.837233,4.240152
20043401804304,0.30886143,8.837308,4.239926
20043406562377,0.3099619,8.837428,4.2395964
20043411320398,0.31118622,8.837586,4.239177
20043416078418,0.31257054,8.837794,4.23864
20043420836491,0.3141373,8.837967,4.2381673
20043425594512,0.31536782,8.83814,4.2377133
20043430352533,0.31655914,8.838289,4.2373137
20043435110606,0.3174826,8.838424,4.2369633
20043439868627,0.3181997,8.838441,4.236875
20043444626648,0.31865415,8.838448,4.2368255
20043449384721,0.31896958,8.838367,4.2369704
20043454142741,0.31903952,8.838164,4.2373896
20043458900814,0.31909537,8.837937,4.237857
20043463658835,0.3191404,8.837742,4.238262
20043468416856,0.31920707,8.837506,4.2387486
20043473174929,0.31935892,8.837297,4.239171
20043477932950,0.3196883,8.837184,4.239383
20043482690971,0.3202362,8.837177,4.2393565
20043487449043,0.32077137,8.837119,4.239435
20043492207064,0.32138765,8.8370285,4.239578
20043496965137,0.32218108,8.837052,4.239469
20043501723158,0.32323316,8.8371525,4.239179
20043506481179,0.3241638,8.837338,4.23872
20043511239252,0.32503578,8.83756,4.2381935
20043515997273,0.32620507,8.837789,4.2376256
20043520755346,0.32723525,8.838059,4.236982
20043525513366,0.328346,8.838222,4.23656
20043530271387,0.32931435,8.838325,4.236266
20043535029460,0.32984585,8.83833,4.2362137
20043539787481,0.33023462,8.838333,4.2361765
20043544545502,0.33021924,8.83832,4.236206
20043549303575,0.33009097,8.838282,4.2362957
20043554061596,0.32994685,8.83818,4.236521
20043558819668,0.330156,8.838021,4.2368355
20043563577689,0.33065432,8.837854,4.2371426
20043568335710,0.33172086,8.837719,4.237343
20043573093783,0.33317187,8.83759,4.237497
20043577851804,0.33456475,8.837521,4.237533
20043582609825,0.3360319,8.837368,4.2377353
20043587367898,0.33742124,8.837241,4.2378883
20043592125918,0.3384384,8.837113,4.238074
20043596883991,0.33926702,8.837001,4.23824
20043601642012,0.33981812,8.836981,4.238242
20043606400033,0.34039187,8.836983,4.238191
20043611158106,0.34114757,8.837072,4.237942
20043615916127,0.3421989,8.837161,4.2376723
20043620674200,0.34310853,8.837329,4.237248
20043625432221,0.34369394,8.837531,4.2367797
20043630190241,0.3442435,8.837645,4.2365003
20043634948314,0.3443706,8.837748,4.236275
20043639706335,0.3443976,8.837841,4.2360773
20043644464356,0.3441614,8.837793,4.2361946
20043649222429,0.34385338,8.837784,4.2362413
20043653980450,0.34349713,8.837731,4.2363772
20043658738523,0.34326035,8.837648,4.236571
20043663496543,0.34330854,8.837431,4.2370205
20043668254564,0.34347993,8.837265,4.237353
20043673012637,0.34376043,8.836998,4.237886
20043677770658,0.34416968,8.8368,4.238266
20043682528731,0.34452295,8.836692,4.238463
20043687286752,0.34480262,8.836631,4.2385683
20043692044773,0.34502298,8.836626,4.238559
20043696802846,0.34532627,8.836684,4.2384133
20043701560866,0.3454812,8.836775,4.238214
20043706318939,0.34537712,8.836871,4.238022
20043711076960,0.3451476,8.836958,4.237857
20043715834981,0.34476098,8.836996,4.237808
20043720593054,0.34421724,8.837087,4.237666
20043725351075,0.3436001,8.837134,4.237616
20043730109096,0.34298941,8.837135,4.2376614
20043734867168,0.3425097,8.837137,4.2376957
20043739625189,0.342144,8.837143,4.237715
20043744383262,0.3419754,8.837058,4.237905
20043749141283,0.3418606,8.836968,4.2381015
20043753899304,0.34181085,8.836908,4.238231
20043758657377,0.3418745,8.83694,4.23816
20043763415398,0.34208238,8.836958,4.2381063
20043768173471,0.34221599,8.837051,4.237899
20043772931491,0.34223711,8.837145,4.2377057
20043777689512,0.34213433,8.8372965,4.237395
20043782447585,0.34194848,8.837508,4.2369704
20043787205606,0.34178033,8.837644,4.236699
20043791963679,0.34161827,8.837721,4.236551
20043796721700,0.34159318,8.837823,4.2363415
20043801479721,0.3412623,8.837849,4.2363143
20043806237793,0.34116346,8.837833,4.236354
20043810995814,0.3408321,8.837797,4.2364554
20043815753887,0.34063578,8.837789,4.23649
20043820511908,0.3403723,8.837839,4.2364078
20043825269929,0.34035477,8.837902,4.236274
20043830028002,0.34052804,8.837962,4.2361364
20043834786023,0.34082922,8.837982,4.23607
20043839544096,0.34109256,8.8379965,4.236018
20043844302116,0.34136304,8.838003,4.2359834
20043849060137,0.34139538,8.837982,4.236025
20043853818210,0.34131494,8.837979,4.2360387
20043858576231,0.34105334,8.837916,4.2361894
20043863334252,0.34047022,8.837854,4.2363653
20043868092325,0.3396676,8.837852,4.236437
20043872850346,0.3387888,8.83787,4.2364697
20043877608418,0.33766276,8.837812,4.236677
20043882366439,0.33662555,8.837676,4.2370443
20043887124460,0.3355028,8.83757,4.237358
20043891882533,0.3345311,8.837501,4.2375765
20043896640554,0.33366597,8.837489,4.2376695
20043901398627,0.33312234,8.837421,4.2378535
20043906156648,0.3327268,8.837471,4.237781
20043910914668,0.3324841,8.837618,4.2374945
20043915672741,0.33257812,8.837659,4.2374
20043920430762,0.33266434,8.837668,4.237374
20043925188835,0.3326508,8.837653,4.237407
20043929946856,0.3327542,8.837638,4.2374287
20043934704877,0.33261117,8.837569,4.2375855
20043939462950,0.33243957,8.837449,4.2378488
20043944220971,0.33205846,8.837363,4.2380576
20043948979043,0.33152723,8.837237,4.2383614
20043953737064,0.33102587,8.83714,4.2386055
20043958495137,0.3305738,8.837103,4.2387176
20043963253158,0.3299877,8.837197,4.238565
20043968011179,0.32947952,8.837306,4.2383795
20043972769252,0.3290538,8.837439,4.238135
20043977527273,0.32869482,8.837579,4.2378716
20043982285293,0.32859513,8.837646,4.237739
20043987043366,0.32857385,8.837711,4.237603
20043991801387,0.32878727,8.837686,4.23764
20043996559460,0.32921034,8.837634,4.2377143
20044001317481,0.32961497,8.837611,4.2377334
20044006075554,0.3299534,8.837613,4.237698
20044010833575,0.33003536,8.837625,4.2376695
20044015591596,0.3296859,8.837639,4.237667
20044020349668,0.32896474,8.837745,4.2375045
20044025107689,0.32799432,8.837829,4.237404
20044029865710,0.3267305,8.837872,4.2374125
20044034623783,0.32496464,8.838008,4.237265
20044039381804,0.32311755,8.838135,4.2371397
20044044139825,0.3210759,8.838247,4.2370615
20044048897898,0.31884548,8.838313,4.237091
20044053655918,0.316264,8.8384495,4.2370014
20044058413991,0.31336462,8.8386345,4.23683
20044063172012,0.31029192,8.838684,4.236955
20044067930085,0.30714455,8.838776,4.2369905
20044072688106,0.30402035,8.838876,4.237009
20044077446179,0.30104482,8.838894,4.237183
20044082204200,0.29865143,8.838986,4.2371593
20044086962221,0.2966798,8.839102,4.237058
20044091720293,0.29522204,8.83907,4.2372227
20044096478314,0.29411232,8.838994,4.237458
20044101236387,0.29345903,8.838919,4.2376623
20044105994408,0.29289985,8.838854,4.237836
20044110752429,0.29236192,8.838847,4.237889
20044115510502,0.29169226,8.838847,4.237932
20044120268523,0.29088116,8.838823,4.2380395
20044125026596,0.28996968,8.838824,4.238099
20044129784616,0.2888616,8.838869,4.2380824
20044134542637,0.28777248,8.838897,4.238099
20044139300710,0.28662205,8.838944,4.238076
20044144058731,0.2854286,8.838996,4.2380524
20044148816804,0.28404376,8.839128,4.2378683
20044153574825,0.28239524,8.839248,4.237728
20044158332846,0.28058168,8.839378,4.2375774
20044163090866,0.27814645,8.839464,4.237559
20044167848939,0.27554852,8.839523,4.2376046
20044172607012,0.27258033,8.839551,4.23774
20044177365033,0.2696436,8.839609,4.237805
20044182123106,0.2669351,8.839615,4.237966
20044186881127,0.26456118,8.839631,4.2380795
20044191639148,0.26255825,8.839708,4.2380424
20044196397221,0.26089785,8.83976,4.2380366
20044201155241,0.25949827,8.839842,4.2379518
20044205913314,0.25798148,8.839924,4.237873
20044210671335,0.25631428,8.840021,4.237773
20044215429356,0.2543537,8.840052,4.2378273
20044220187429,0.2521153,8.840071,4.2379203
20044224945450,0.24980094,8.840147,4.2378964
20044229703523,0.24755213,8.840183,4.237954
20044234461543,0.24554594,8.840222,4.2379885
20044239219616,0.24382477,8.840152,4.2382355
20044243977637,0.24226804,8.840139,4.2383513
20044248735658,0.24089116,8.840147,4.2384157
20044253493731,0.23973043,8.840225,4.238316
20044258251752,0.23867142,8.84028,4.2382646
20044263009825,0.23768345,8.840291,4.2382975
20044267767846,0.2366108,8.840393,4.2381425
20044272525866,0.23564371,8.840533,4.2379055
20044277283939,0.23473898,8.840566,4.237888
20044282041960,0.2340391,8.840631,4.237791
20044286800033,0.23333517,8.840679,4.2377286
20044291558054,0.2327008,8.840689,4.237742
20044296316127,0.23195219,8.840813,4.237525
20044301074148,0.23094764,8.840877,4.2374487
20044305832168,0.2296826,8.840859,4.23755
20044310590241,0.22824167,8.840811,4.2377295
20044315348262,0.22682841,8.840735,4.2379622
20044320106335,0.22545286,8.840734,4.2380395
20044324864304,0.2242176,8.8406,4.2383842
20044329622377,0.22313659,8.840483,4.238687
20044334380450,0.22222783,8.840366,4.2389765
20044339138471,0.22141537,8.840237,4.239289
20044343896543,0.22051875,8.840047,4.239734
20044348654564,0.21937613,8.839896,4.240106
20044353412585,0.21811819,8.839774,4.240424
20044358170658,0.21667315,8.83972,4.240612
20044362928679,0.21527138,8.839748,4.240622
20044367686752,0.21420276,8.839829,4.24051
20044372444773,0.21308964,8.839938,4.2403393
20044377202846,0.21203272,8.840146,4.2399583
20044381960866,0.21109737,8.840373,4.2395315
20044386718887,0.21016736,8.840555,4.2391973
20044391476960,0.20887937,8.840777,4.2387996
20044396234981,0.20756641,8.840874,4.2386622
20044400993054,0.20603183,8.840917,4.2386465
20044405751075,0.20451863,8.840918,4.238717
20044410509148,0.20306985,8.84087,4.2388873
20044415267168,0.2018424,8.84081,4.239073
20044420025189,0.20089261,8.840764,4.239213
20044424783262,0.20026714,8.840627,4.239528
20044429541283,0.19979562,8.840476,4.239866
20044434299356,0.19945358,8.84032,4.2402062
20044439057377,0.19897492,8.840221,4.240435
20044443815398,0.19839542,8.840103,4.2407074
20044448573471,0.19784673,8.839936,4.2410817
20044453331491,0.19717196,8.839838,4.2413173
20044458089564,0.19653617,8.839755,4.241519
20044462847585,0.19572599,8.839718,4.2416344
20044467605658,0.1949122,8.83971,4.241688
20044472363679,0.19419755,8.839664,4.2418184
20044477121700,0.19329235,8.8397665,4.241646
20044481879773,0.19232288,8.839818,4.241582
20044486637793,0.19116396,8.839931,4.2413993
20044491395866,0.19002622,8.840067,4.2411666
20044496153887,0.1887665,8.840255,4.240832
20044500911960,0.1873385,8.840378,4.240637
20044505669981,0.18602979,8.840579,4.2402754
20044510428002,0.1848007,8.840833,4.2398005
20044515186075,0.18366428,8.841056,4.2393847
20044519944096,0.18274896,8.841266,4.2389865
20044524702168,0.18235043,8.841382,4.238763
20044529460189,0.1824229,8.841491,4.2385325
20044534218210,0.18309842,8.841483,4.238518
20044538976283,0.18435529,8.841424,4.2385874
20044543734304,0.18601029,8.841283,4.2388096
20044548492377,0.18792354,8.841084,4.2391424
20044553250398,0.18978134,8.840843,4.239559
20044558008418,0.19181144,8.840712,4.2397428
20044562766491,0.19359635,8.840557,4.239983
20044567524564,0.19530219,8.840437,4.240155
20044572282585,0.1966759,8.840302,4.2403717
20044577040606,0.1978172,8.840255,4.2404184
20044581798679,0.19876881,8.840306,4.240267
20044586556700,0.19949204,8.840349,4.240144
20044591314773,0.20002456,8.840432,4.2399487
20044596072793,0.2003794,8.8405485,4.239685
20044600830814,0.2005566,8.84061,4.23955
20044605588887,0.20058054,8.84066,4.2394447
20044610346908,0.20063426,8.840746,4.239262
20044615104981,0.20055678,8.840862,4.2390237
20044619863002,0.20058134,8.840999,4.238737
20044624621075,0.20071359,8.84099,4.23875
20044629379096,0.20121692,8.840966,4.2387767
20044634137116,0.20202923,8.840844,4.238992
20044638895189,0.20323636,8.840757,4.2391133
20044643653210,0.20495863,8.840693,4.2391653
20044648411283,0.20699587,8.8406105,4.239239
20044653169304,0.20928355,8.840522,4.2393107
20044657927377,0.21158308,8.84047,4.2393045
20044662685346,0.21361473,8.840469,4.2392054
20044667443418,0.21570143,8.840448,4.2391443
20044672201491,0.21744822,8.840431,4.23909
20044676959512,0.2190351,8.840373,4.23913
20044681717585,0.22057258,8.840281,4.239241
20044686475606,0.22198057,8.840209,4.239317
20044691233679,0.22334027,8.840109,4.239455
20044695991700,0.22485921,8.839993,4.239618
20044700749773,0.22634448,8.839836,4.239865
20044705507793,0.22767036,8.839722,4.2400327
20044710265814,0.22895564,8.839547,4.2403264
20044715023887,0.22987492,8.839402,4.2405787
20044719781908,0.23074844,8.839316,4.2407103
20044724539981,0.23132351,8.8392105,4.240901
20044729298002,0.23213658,8.839249,4.2407775
20044734056075,0.23295736,8.839294,4.240635
20044738814096,0.2337113,8.839404,4.2403655
20044743572116,0.23415464,8.839505,4.2401295
20044748330189,0.23461892,8.839598,4.239911
20044753088210,0.23504178,8.839744,4.239583
20044757846283,0.23523578,8.839835,4.239382
20044762604304,0.23486747,8.839906,4.2392564
20044767362377,0.23447552,8.839915,4.239257
20044772120398,0.23409441,8.839929,4.2392516
20044776878418,0.2335306,8.839866,4.2394137
20044781636491,0.23303156,8.839697,4.239793
20044786394512,0.2326648,8.839539,4.240142
20044791152585,0.23252735,8.839457,4.240322
20044795910606,0.23255257,8.8393955,4.240449
20044800668679,0.2326534,8.839402,4.2404294
20044805426700,0.23282133,8.839442,4.240335
20044810184721,0.23300286,8.839524,4.2401543
20044814942793,0.23300804,8.839583,4.2400312
20044819700814,0.232903,8.839605,4.239992
20044824458887,0.23268427,8.839605,4.2400026
20044829216908,0.2323681,8.839629,4.2399707
20044833974981,0.23195763,8.839661,4.239928
20044838733002,0.23156023,8.8396845,4.239899
20044843491023,0.2313799,8.839755,4.239763
20044848249096,0.23145539,8.839789,4.239687
20044853007116,0.23168094,8.839774,4.239706
20044857765189,0.2318771,8.839772,4.2397
20044862523210,0.23190011,8.839846,4.239546
20044867281231,0.2315389,8.839871,4.2395124
20044872039304,0.2308695,8.839838,4.2396164
20044876797377,0.23028544,8.839843,4.239637
20044881555398,0.22961524,8.839855,4.2396474
20044886313418,0.2292351,8.839867,4.2396455
20044891071491,0.228925,8.839833,4.2397337
20044895829512,0.2289191,8.839815,4.2397704
20044900587585,0.22882034,8.839871,4.2396593
20044905345606,0.22868894,8.8399515,4.2394977
20044910103679,0.22829576,8.840034,4.2393484
20044914861700,0.22747712,8.839998,4.239467
20044919619721,0.22631013,8.839984,4.239558
20044924377793,0.22459835,8.839905,4.2398133
20044929135814,0.22268131,8.839816,4.2401032
20044933893887,0.22068553,8.839704,4.240438
20044938651908,0.2188937,8.839601,4.240748
20044943409981,0.21751912,8.839533,4.2409606
20044948168002,0.21668316,8.839518,4.241032
20044952926075,0.21627547,8.839456,4.2411833
20044957684096,0.21646456,8.839438,4.241211
20044962442116,0.21690032,8.839475,4.241113
20044967200189,0.2172554,8.839447,4.2411494
20044971958210,0.21736692,8.839488,4.2410603
20044976716283,0.21753371,8.839575,4.240869
20044981474304,0.21769516,8.839593,4.240823
20044986232377,0.21778482,8.839558,4.240894
20044990990398,0.21775196,8.839493,4.2410297
20044995748471,0.21796523,8.839472,4.241063
20045000506491,0.21840669,8.839453,4.2410793
20045005264512,0.21885134,8.839442,4.2410808
20045010022585,0.21940254,8.83942,4.2410955
20045014780606,0.21956514,8.839367,4.2411976
20045019538679,0.21972835,8.839385,4.241153
20045024296700,0.21965142,8.839451,4.24102
20045029054773,0.21962282,8.839489,4.240943
20045033812793,0.21963014,8.839467,4.2409863
20045038570866,0.21975479,8.839504,4.240902
20045043328887,0.22024775,8.839536,4.2408133
20045048086908,0.22086065,8.839513,4.2408285
20045052844981,0.22163875,8.839484,4.2408466
20045057603002,0.22270714,8.83944,4.2408834
20045062361075,0.22383434,8.839367,4.2409763
20045067119096,0.2246657,8.839338,4.2409906
20045071877168,0.22522691,8.839309,4.241024
20045076635189,0.22541384,8.839355,4.240915
20045081393262,0.22541405,8.839445,4.2407303
20045086151283,0.22531876,8.839518,4.2405853
20045090909304,0.22519945,8.839543,4.2405357
20045095667377,0.22514623,8.839491,4.2406473
20045100425398,0.22539136,8.839517,4.2405806
20045105183471,0.2256881,8.8396225,4.240345
20045109941491,0.226102,8.839633,4.2403016
20045114699564,0.22656152,8.839583,4.240381
20045119457585,0.22701132,8.839553,4.24042
20045124215658,0.22773938,8.839547,4.2403917
20045128973679,0.22855371,8.839452,4.2405477
20045133731700,0.22911283,8.83936,4.2407084
20045138489773,0.2297944,8.839279,4.24084
20045143247793,0.23084915,8.839209,4.240929
20045148005866,0.23210669,8.839206,4.2408695
20045152763887,0.23353945,8.839195,4.240811
20045157521960,0.23486052,8.839267,4.240587
20045162279981,0.23614408,8.839343,4.2403593
20045167038054,0.23713149,8.839393,4.2402
20045171796075,0.23771787,8.839399,4.240153
20045176554096,0.23846748,8.839436,4.240035
20045181312168,0.23895507,8.839458,4.2399607
20045186070189,0.23936886,8.839435,4.2399874
20045190828262,0.23963761,8.83941,4.2400227
20045195586283,0.2398785,8.839496,4.239829
20045200344356,0.24034646,8.839562,4.2396646
20045205102377,0.24094716,8.83957,4.2396173
20045209860450,0.2414367,8.839533,4.239665
20045214618471,0.24205971,8.83952,4.2396564
20045219376543,0.24263945,8.83952,4.2396216
20045224134564,0.24340023,8.839478,4.2396674
20045228892585,0.24397832,8.839471,4.23965
20045233650658,0.24480802,8.839412,4.2397246
20045238408679,0.24567756,8.8393545,4.2397933
20045243166752,0.24654339,8.839325,4.2398033
20045247924773,0.24735823,8.839271,4.2398705
20045252682846,0.24816914,8.839197,4.239974
20045257440866,0.2489507,8.839113,4.240104
20045262198939,0.24977879,8.839022,4.2402477
20045266956960,0.25068066,8.838979,4.2402844
20045271714981,0.2514564,8.83892,4.240361
20045276473054,0.25218445,8.83888,4.2403984
20045281231075,0.2529819,8.838821,4.240473
20045285989148,0.25390896,8.8387785,4.2405076
20045290747168,0.2551032,8.8387575,4.240481
20045295505241,0.25635204,8.838743,4.2404366
20045300263262,0.2579751,8.838763,4.240295
20045305021335,0.25976765,8.838806,4.240096
20045309779356,0.26152134,8.838878,4.2398396
20045314537429,0.2633414,8.838848,4.23979
20045319295450,0.26494664,8.838881,4.239618
20045324053471,0.26647514,8.839041,4.2391906
20045328811543,0.26788518,8.839041,4.2391005
20045333569564,0.26896328,8.83898,4.2391605
20045338327637,0.2699875,8.8389435,4.2391715
20045343085658,0.27118024,8.838854,4.2392817
20045347843731,0.2723427,8.838711,4.2395053
20045352601752,0.27377227,8.838521,4.239808
20045357359825,0.27547276,8.838363,4.240028
20045362117846,0.27754685,8.838264,4.2400994
20045366875866,0.27961448,8.838205,4.2400856
20045371633939,0.28199166,8.838215,4.2399073
20045376391960,0.2843996,8.838167,4.239847
20045381150033,0.28667474,8.838152,4.2397246
20045385908054,0.28891474,8.8381815,4.2395105
20045390666127,0.2910866,8.838089,4.239555
20045395424148,0.29327834,8.837962,4.2396703
20045400182221,0.295218,8.837883,4.239699
20045404940241,0.29720047,8.837762,4.2398133
20045409698314,0.29911977,8.837722,4.239764
20045414456335,0.30115885,8.837677,4.2397118
20045419214408,0.30310604,8.837632,4.239666
20045423972429,0.30481103,8.837639,4.2395296
20045428730450,0.30632162,8.837561,4.2395844
20045433488523,0.30763423,8.837496,4.2396245
20045438246543,0.3089096,8.837352,4.239833
20045443004616,0.31015033,8.837195,4.240068
20045447762637,0.31142485,8.836952,4.2404814
20045452520710,0.31292582,8.8367405,4.24081
20045457278731,0.31474036,8.836567,4.241039
20045462036804,0.31630805,8.8364725,4.2411184
20045466794825,0.31797633,8.836409,4.2411275
20045471552898,0.31949118,8.836397,4.2410374
20045476310918,0.32070637,8.836403,4.2409334
20045481068991,0.3217298,8.836448,4.240763
20045485827012,0.32257146,8.836471,4.240651
20045490585033,0.32313985,8.836635,4.240264
20045495343106,0.32362127,8.836811,4.2398624
20045500101127,0.3243431,8.83707,4.239266
20045504859200,0.32484323,8.837365,4.238613
20045509617221,0.32522494,8.837629,4.2380323
20045514375293,0.32556927,8.837828,4.237593
20045519133314,0.32557058,8.837942,4.2373548
20045523891387,0.32527795,8.837994,4.2372694
20045528649408,0.3250391,8.837977,4.2373195
20045533407429,0.32498783,8.837815,4.2376637
20045538165502,0.32493737,8.837675,4.2379603
20045542923523,0.32513672,8.837588,4.2381244
20045547681596,0.32537106,8.837531,4.2382264
20045552439616,0.32574496,8.83749,4.238282
20045557197689,0.32600847,8.837369,4.238515
20045561955710,0.3263796,8.837277,4.2386765
20045566713783,0.32652208,8.837222,4.2387824
20045571471804,0.32651997,8.837219,4.238788
20045576229877,0.32646087,8.83718,4.238875
20045580987898,0.32646418,8.837224,4.238783
20045585745971,0.32653776,8.837368,4.2384763
20045590503991,0.32688582,8.8374195,4.2383413
20045595262064,0.32727644,8.837548,4.2380424
20045600020085,0.32785252,8.837654,4.2377787
20045604778158,0.32841122,8.837652,4.237739
20045609536179,0.32904205,8.837648,4.2376995
20045614294200,0.32958886,8.837647,4.237659
20045619052273,0.3302499,8.837513,4.237887
20045623810293,0.331202,8.837333,4.238187
20045628568366,0.33233714,8.837137,4.238507
20045633326387,0.333745,8.836976,4.2387323
20045638084460,0.33524546,8.836852,4.2388735
20045642842481,0.3369766,8.836738,4.238976
20045647600554,0.33863804,8.836603,4.2391214
20045652358575,0.34015846,8.836485,4.239248
20045657116648,0.34167,8.836371,4.2393622
20045661874668,0.34319374,8.836349,4.239287
20045666632689,0.3447425,8.8364105,4.239033
20045671390762,0.3465724,8.836412,4.2388773
20045676148783,0.3485497,8.836431,4.238681
20045680906856,0.3508748,8.836451,4.2384458
20045685664877,0.3533102,8.836525,4.2380877
20045690422950,0.35573468,8.836544,4.2378454
20045695180971,0.35813797,8.836553,4.237626
20045699939043,0.360552,8.836497,4.237537
20045704697064,0.3629557,8.836353,4.23763
20045709455137,0.3652649,8.836229,4.237692
20045714213158,0.36757004,8.836067,4.2378306
20045718971231,0.36991003,8.835927,4.2379184
20045723729252,0.37241423,8.835727,4.2381177
20045728487273,0.37489104,8.835498,4.2383757
20045733245346,0.377188,8.835261,4.238664
20045738003418,0.37938035,8.83504,4.238929
20045742761439,0.38143256,8.834835,4.239172
20045747519408,0.38331795,8.8346615,4.2393637
20045752277533,0.38522336,8.834472,4.239588
20045757035554,0.38705385,8.8343315,4.2397146
20045761793627,0.3888358,8.834183,4.2398596
20045766551648,0.3906828,8.834121,4.2398186
20045771309721,0.39241725,8.834064,4.239778
20045776067741,0.39422587,8.834031,4.239679
20045780825814,0.3958905,8.833989,4.2396097
20045785583835,0.39783847,8.833909,4.239595
20045790341908,0.39997566,8.833903,4.2394056
20045795099929,0.40235507,8.833841,4.239309
20045799858002,0.40496412,8.833839,4.2390656
20045804616023,0.40774223,8.8337965,4.2388883
20045809374096,0.41068646,8.833778,4.2386413
20045814132116,0.41372263,8.833716,4.2384763
20045818890137,0.41668266,8.833659,4.238305
20045823648210,0.41965228,8.833514,4.2383146
20045828406231,0.4224577,8.833406,4.2382603
20045833164304,0.42545182,8.833295,4.238193
20045837922325,0.42878804,8.833205,4.2380447
20045842680398,0.43210626,8.833141,4.2378397
20045847438418,0.435558,8.83306,4.2376547
20045852196491,0.43931872,8.8329,4.2376018
20045856954512,0.443421,8.832812,4.237357
20045861712585,0.44739127,8.832768,4.2370305
20045866470554,0.45156914,8.832612,4.2369127
20045871228679,0.45551828,8.83248,4.236764
20045875986700,0.45940447,8.832364,4.236587
20045880744773,0.46310925,8.8322,4.236528
20045885502793,0.46671718,8.831983,4.236585
20045890260866,0.47029823,8.831748,4.2366786
20045895018887,0.47396666,8.831512,4.236758
20045899776908,0.47818127,8.831296,4.2367373
20045904534981,0.4826023,8.831163,4.2365136
20045909293002,0.48710826,8.83106,4.23621
20045914051075,0.4918611,8.830898,4.2359996
20045918809096,0.4964771,8.830734,4.235805
20045923567168,0.50100666,8.830633,4.2354803
20045928325189,0.50504255,8.830578,4.235116
20045933083262,0.5086387,8.830511,4.2348256
20045937841283,0.51185894,8.830471,4.2345243
20045942599356,0.5147677,8.8305,4.23411
20045947357377,0.5175069,8.83049,4.2337947
20045952115450,0.52036476,8.830418,4.233598
20045956873471,0.52332526,8.83028,4.2335176
20045961631543,0.52635854,8.830095,4.233525
20045966389564,0.5295124,8.829901,4.2335405
20045971147637,0.5329282,8.829588,4.2337627
20045975905658,0.53626823,8.829377,4.233783
20045980663731,0.5394363,8.8291445,4.2338657
20045985421752,0.5422922,8.82901,4.233781
20045990179825,0.5450244,8.828875,4.2337103
20045994937846,0.5477477,8.828717,4.2336864
20045999695866,0.5505862,8.828562,4.233645
20046004453939,0.5535545,8.828431,4.2335296
20046009212012,0.55683595,8.828338,4.2332935
20046013970033,0.56027025,8.82833,4.2328568
20046018728054,0.5635078,8.82834,4.232407
20046023486127,0.5663775,8.828285,4.232137
20046028244148,0.5689313,8.828255,4.2318583
20046033002221,0.5710508,8.82819,4.2317095
20046037760241,0.57277876,8.828132,4.231595
20046042518314,0.574089,8.828032,4.2316284
20046047276335,0.57536197,8.8279295,4.2316666
20046052034408,0.5765796,8.827851,4.231665
20046056792429,0.57778007,8.827913,4.2313704
20046061550502,0.5794001,8.827958,4.2310567
20046066308523,0.58129156,8.828065,4.2305727
20046071066596,0.5834786,8.828209,4.2299724
20046075824616,0.58596176,8.82827,4.2295012
20046080582689,0.5884674,8.828311,4.22907
20046085340710,0.5909552,8.828354,4.2286315
20046090098783,0.5937292,8.828325,4.2283034
20046094856804,0.5965245,8.828165,4.228244
20046099614877,0.59910536,8.828039,4.2281423
20046104372898,0.6014924,8.827927,4.228038
20046109130971,0.6037809,8.827729,4.2281237
20046113888991,0.60606956,8.827566,4.2281365
20046118647064,0.6080788,8.827373,4.2282524
20046123405085,0.609864,8.827224,4.228305
20046128163106,0.61167395,8.827036,4.2284374
20046132921179,0.61326474,8.8269,4.2284923
20046137679200,0.61505157,8.826848,4.228339
20046142437273,0.61672103,8.826794,4.228207
20046147195293,0.6185464,8.826791,4.2279487
20046151953366,0.6204283,8.826742,4.2277737
20046156711335,0.622469,8.826673,4.2276206
20046161469460,0.62442493,8.826544,4.2276006
20046166227481,0.6258684,8.8263645,4.227762
20046170985554,0.6273067,8.826262,4.2277594
20046175743575,0.6284259,8.826147,4.2278357
20046180501648,0.62914383,8.826028,4.227976
20046185259668,0.6296946,8.825871,4.228223
20046190017741,0.6301117,8.825754,4.2284055
20046194775762,0.6307849,8.825639,4.2285457
20046199533835,0.63155544,8.825532,4.228652
20046204291856,0.63251495,8.825398,4.228789
20046209049929,0.633676,8.825356,4.2287054
20046213807950,0.63494253,8.825359,4.2285056
20046218566023,0.6361955,8.825375,4.2282863
20046223324043,0.63738126,8.825337,4.2281866
20046228082116,0.6384317,8.82534,4.228022
20046232840137,0.6394528,8.825274,4.2280054
20046237598210,0.64068085,8.8251705,4.228035
20046242356231,0.64199054,8.825129,4.227926
20046247114304,0.6437462,8.825014,4.227894
20046251872325,0.645795,8.824943,4.2277327
20046256630398,0.6476006,8.824937,4.227468
20046261388418,0.6492592,8.824869,4.2273564
20046266146491,0.6505583,8.824814,4.227271
20046270904512,0.65135974,8.824785,4.2272058
20046275662533,0.6515881,8.82476,4.227223
20046280420606,0.6514897,8.824738,4.2272887
20046285178627,0.6512707,8.824712,4.227374
20046289936700,0.6509981,8.824772,4.2272906
20046294694721,0.6508574,8.82475,4.227359
20046299452793,0.65121764,8.824714,4.2273793
20046304210814,0.6519609,8.8246975,4.2272973
20046308968887,0.6530755,8.824693,4.2271366
20046313726908,0.65419245,8.824689,4.226971
20046318484981,0.65514517,8.824694,4.2268147
20046323243002,0.6556548,8.824671,4.226782
20046328001075,0.6558316,8.824652,4.226795
20046332759096,0.65560037,8.82459,4.2269607
20046337517168,0.6550062,8.8245945,4.2270412
20046342275189,0.6544072,8.824501,4.2273297
20046347033262,0.65383786,8.824417,4.227594
20046351791283,0.65346706,8.8243265,4.2278385
20046356549356,0.6534538,8.824302,4.227894
20046361307377,0.6534468,8.824297,4.2279053
20046366065450,0.65334725,8.824317,4.2278795
20046370823471,0.65319365,8.8243265,4.227881
20046375581543,0.652568,8.824401,4.2278233
20046380339564,0.6516765,8.824434,4.2278895
20046385097637,0.65048724,8.82443,4.228083
20046389855658,0.649399,8.824466,4.228176
20046394613731,0.6486623,8.824477,4.2282653
20046399371752,0.6485921,8.824471,4.228288
20046404129773,0.6489781,8.824472,4.228227
20046408887846,0.6497784,8.82449,4.2280664
20046413645918,0.65083194,8.824518,4.227846
20046418403939,0.6517811,8.824486,4.227767
20046423162012,0.65241575,8.824504,4.227632
20046427920033,0.6523088,8.824471,4.227716
20046432678106,0.65162563,8.824523,4.2277145
20046437436127,0.65079534,8.824639,4.2276
20046442194200,0.65008277,8.824693,4.2275953
20046446952221,0.649422,8.824747,4.227585
20046451710293,0.6491528,8.824737,4.2276473
20046456468314,0.64904803,8.824669,4.2278066
20046461226387,0.64907295,8.824542,4.228067
20046465984408,0.6491314,8.824425,4.228302
20046470742481,0.64898914,8.824356,4.2284675
20046475500502,0.648085,8.824383,4.2285504
20046480258575,0.64667296,8.82437,4.2287917
20046485016596,0.645172,8.824434,4.228888
20046489774668,0.64345086,8.8245945,4.2288175
20046494532689,0.6417476,8.824761,4.228726
20046499290762,0.6404357,8.82504,4.228346
20046504048783,0.6396241,8.8253565,4.227807
20046508806856,0.63911664,8.825586,4.227403
20046513564877,0.63898605,8.825891,4.2267885
20046518322950,0.63890517,8.82619,4.226176
20046523080971,0.63882875,8.826496,4.225548
20046527839043,0.63858855,8.826919,4.224701
20046532597064,0.6381996,8.82727,4.224026
20046537355085,0.63752115,8.827562,4.223516
20046542113158,0.6366099,8.827884,4.2229853
20046546871179,0.6357035,8.828088,4.2226925
20046551629252,0.63483715,8.82807,4.222862
20046556387325,0.6340095,8.827938,4.223261
20046561145346,0.63299596,8.827774,4.223755
20046565903418,0.6318556,8.827532,4.2244334
20046570661439,0.6305838,8.827196,4.2253222
20046575419512,0.6291674,8.826801,4.2263584
20046580177533,0.62774026,8.826391,4.2274284
20046584935606,0.62612057,8.826056,4.2283697
20046589693627,0.62442833,8.825808,4.229136
20046594451700,0.6228205,8.825653,4.2296953
20046599209721,0.62134576,8.825614,4.2299943
20046603967793,0.62005943,8.825614,4.2301836
20046608725814,0.61875856,8.825757,4.230077
20046613483887,0.6175954,8.825877,4.229994
20046618241908,0.61623436,8.826208,4.2295017
20046622999981,0.6147845,8.826604,4.228887
20046627758002,0.61338663,8.827051,4.2281575
20046632516023,0.6119459,8.827466,4.2274985
20046637274096,0.6104818,8.827833,4.2269435
20046642032168,0.6089267,8.828211,4.226379
20046646790189,0.6073315,8.828485,4.226039
20046651548262,0.60583013,8.828706,4.225791
20046656306283,0.60448486,8.82876,4.2258706
20046661064356,0.6032553,8.828724,4.226124
20046665822377,0.60202676,8.828733,4.226276
20046670580450,0.60075605,8.828729,4.226468
20046675338471,0.5996056,8.828665,4.2267656
20046680096543,0.5982792,8.828647,4.2269907
20046684854564,0.5966249,8.828649,4.227219
20046689612637,0.5949307,8.828633,4.227492
20046694370658,0.59305125,8.828583,4.2278605
20046699128679,0.59105366,8.828626,4.2280526
20046703886752,0.58904356,8.828741,4.228091
20046708644825,0.58713,8.828808,4.2282195
20046713402846,0.58545136,8.828872,4.228316
20046718160918,0.5838454,8.82896,4.2283506
20046722918939,0.5822646,8.829047,4.2283897
20046727677012,0.5808652,8.829101,4.2284718
20046732435033,0.579514,8.829145,4.2285624
20046737193054,0.57833785,8.829176,4.2286615
20046741951127,0.57726717,8.829233,4.228688
20046746709200,0.57660687,8.829318,4.228601
20046751467221,0.57620746,8.829417,4.228446
20046756225293,0.57620174,8.829483,4.22831
20046760983314,0.5765642,8.829619,4.2279754
20046765741387,0.5767823,8.829856,4.2274523
20046770499408,0.5770181,8.8301325,4.2268424
20046775257481,0.57696646,8.830394,4.2263055
20046780015502,0.5764354,8.830663,4.225816
20046784773575,0.5754279,8.83095,4.2253513
20046789531596,0.57383454,8.831233,4.2249775
20046794289668,0.5718397,8.831576,4.2245297
20046799047689,0.56975025,8.831768,4.224409
20046803805762,0.5676105,8.831899,4.2244277
20046808563783,0.56551576,8.831942,4.2246184
20046813321856,0.56334674,8.831984,4.224817
20046818079877,0.56154996,8.8320265,4.2249675
20046822837950,0.5597741,8.831902,4.2254667
20046827595971,0.55787635,8.831685,4.226168
20046832354043,0.55601794,8.831634,4.226521
20046837112064,0.55417794,8.831692,4.2266417
20046841870137,0.5523279,8.831825,4.226606
20046846628158,0.5500527,8.831823,4.2269053
20046851386231,0.5471485,8.831708,4.2275214
20046856144252,0.54403055,8.831587,4.2281775
20046860902325,0.5406066,8.8312645,4.2292905
20046865660346,0.537371,8.830702,4.2308774
20046870418418,0.53461957,8.830194,4.2322874
20046875176439,0.53236884,8.829637,4.2337337
20046879934512,0.5308086,8.829064,4.2351203
20046884692533,0.529682,8.828571,4.2362914
20046889450606,0.5288175,8.828255,4.237058
20046894208627,0.5277864,8.828013,4.2376876
20046898966700,0.52650464,8.8278475,4.2381954
20046903724721,0.52519566,8.827912,4.2382207
20046908482793,0.52356786,8.827996,4.2382503
20046913240814,0.52216715,8.828076,4.2382536
20046917998887,0.521082,8.828268,4.2379875
20046922756908,0.52041066,8.8285885,4.2374053
20046927514929,0.52004874,8.828973,4.2366476
20046932273002,0.5198635,8.829416,4.235745
20046937031075,0.51958054,8.829927,4.2347136
20046941789148,0.51891726,8.830612,4.233369
20046946547168,0.517567,8.831102,4.23251
20046951305241,0.51567703,8.831426,4.2320657
20046956063262,0.5136603,8.831747,4.2316394
20046960821335,0.5119455,8.83193,4.231466
20046965579304,0.510721,8.831818,4.231852
20046970337429,0.51012033,8.831774,4.2320137
20046975095450,0.50947547,8.831999,4.231621
20046979853523,0.5087228,8.832169,4.231357
20046984611543,0.5074661,8.832274,4.231287
20046989369616,0.5055606,8.832416,4.2312217
20046994127637,0.50287473,8.832694,4.2309604
20046998885710,0.49958995,8.832897,4.2309246
20047003643731,0.4958189,8.833215,4.2307067
20047008401804,0.49214262,8.833685,4.2301545
20047013159825,0.48906884,8.83415,4.2295384
20047017917898,0.4867302,8.83444,4.2292013
20047022675918,0.4847914,8.834829,4.228613
20047027433991,0.4828402,8.835347,4.2277536
20047032191960,0.4807831,8.835731,4.2271857
20047036950085,0.47848052,8.835981,4.226922
20047041708106,0.47605026,8.836312,4.2265034
20047046466179,0.47374213,8.836619,4.2261224
20047051224200,0.47163716,8.83682,4.2259393
20047055982221,0.46967673,8.836928,4.2259307
20047060740293,0.46805236,8.836962,4.2260404
20047065498366,0.46689835,8.83694,4.226215
20047070256439,0.46620136,8.837018,4.226125
20047075014460,0.46589106,8.837154,4.2258773
20047079772533,0.46585596,8.837339,4.225492
20047084530554,0.46573907,8.837538,4.2250915
20047089288627,0.46509704,8.837668,4.224889
20047094046648,0.46385288,8.837912,4.2245164
20047098804721,0.46223718,8.838109,4.2242804
20047103562741,0.4608238,8.838295,4.224046
20047108320814,0.45959547,8.838652,4.2234354
20047113078835,0.45869,8.839136,4.2225184
20047117836908,0.4580753,8.8393545,4.2221293
20047122594929,0.45737445,8.839799,4.221273
20047127353002,0.45716652,8.841086,4.218599
20047132111023,0.4565009,8.841882,4.217005
20047136869096,0.45529783,8.842273,4.216314
20047141627116,0.45385844,8.843021,4.2148995
20047146385189,0.45224547,8.844196,4.212608
20047151143210,0.45054296,8.844657,4.2118225
20047155901283,0.44880152,8.844854,4.2115927
20047160659304,0.44706586,8.845438,4.2105503
20047165417325,0.445447,8.846069,4.2093973
20047170175398,0.44392926,8.846325,4.20902
20047174933471,0.44247434,8.846592,4.2086134
20047179691491,0.44110745,8.847119,4.207647
20047184449564,0.43926632,8.84752,4.2069983
20047189207637,0.43722793,8.847543,4.207161
20047193965658,0.43536994,8.847542,4.2073565
20047198723731,0.43402717,8.847619,4.207333
20047203481752,0.4330958,8.847536,4.2076025
20047208239825,0.43257952,8.847184,4.2083964
20047212997846,0.43241444,8.846861,4.209092
20047217755918,0.43248266,8.846573,4.2096896
20047222513939,0.4325949,8.845915,4.2110624
20047227272012,0.43244296,8.845047,4.2129
20047232030033,0.43250948,8.844211,4.2146482
20047236788106,0.43263006,8.84349,4.216149
20047241546127,0.43325764,8.842528,4.2180986
20047246304200,0.43412602,8.841544,4.2200737
20047251062221,0.43533167,8.840839,4.2214255
20047255820293,0.4363968,8.840148,4.222761
20047260578366,0.4373722,8.839424,4.224177
20047265336387,0.438019,8.838791,4.225436
20047270094460,0.43780828,8.838513,4.226035
20047274852481,0.43679598,8.838353,4.2264767
20047279610554,0.43560666,8.838188,4.2269454
20047284368575,0.43418747,8.838195,4.2270756
20047289126648,0.4328634,8.838373,4.22684
20047293884668,0.43182504,8.838534,4.2266097
20047298642741,0.43109512,8.838719,4.2262993
20047303400762,0.43066376,8.839065,4.2256184
20047308158835,0.43056488,8.839436,4.2248535
20047312916856,0.43053454,8.839852,4.2239823
20047317674929,0.4303508,8.840385,4.2228875
20047322432950,0.42996436,8.840847,4.221961
20047327191023,0.42935848,8.84114,4.2214074
20047331949043,0.42820814,8.841446,4.220884
20047336707116,0.42671975,8.841673,4.220559
20047341465137,0.4250236,8.841736,4.2205987
20047346223210,0.4231764,8.841571,4.2211304
20047350981231,0.4212993,8.841334,4.2218127
20047355739304,0.41949177,8.840938,4.222822
20047360497377,0.41798177,8.840385,4.2241297
20047365255398,0.41665226,8.839766,4.225558
20047370013471,0.41565502,8.839214,4.22681
20047374771491,0.41496098,8.838617,4.228124
20047379529564,0.41447538,8.838054,4.2293506
20047384287585,0.41413432,8.837916,4.229672
20047389045658,0.4141407,8.838063,4.229364
20047393803679,0.41435885,8.838051,4.2293687
20047398561752,0.4150003,8.83793,4.2295585
20047403319773,0.4157429,8.837883,4.229582
20047408077846,0.41664654,8.837938,4.229378
20047412835918,0.41735935,8.837918,4.229349
20047417593939,0.41773003,8.837827,4.229504
20047422352012,0.41736358,8.8378525,4.2294874
20047427110033,0.41649857,8.83796,4.2293463
20047431868106,0.41518566,8.8380785,4.229226
20047436626127,0.4134624,8.838374,4.22878
20047441384200,0.41166005,8.838777,4.228114
20047446142221,0.40986937,8.839142,4.2275243
20047450900293,0.40797386,8.839444,4.2270756
20047455658314,0.40621394,8.839716,4.226677
20047460416387,0.40460536,8.84004,4.2261558
20047465174460,0.40301868,8.840203,4.225965
20047469932481,0.40148497,8.840262,4.225985
20047474690554,0.40016404,8.84033,4.2259707
20047479448575,0.39872584,8.840422,4.225914
20047484206648,0.39726704,8.84036,4.2261815
20047488964668,0.39575902,8.840261,4.2265296
20047493722741,0.39389184,8.840218,4.2267947
20047498480762,0.39220268,8.840171,4.227048
20047503238835,0.39060652,8.840027,4.227496
20047507996856,0.38935044,8.839932,4.2278123
20047512754929,0.38844174,8.839897,4.227967
20047517512950,0.3877734,8.839957,4.227904
20047522271023,0.38726142,8.840053,4.2277513
20047527029096,0.38676798,8.840213,4.227462
20047531787116,0.38639012,8.840468,4.2269626
20047536545189,0.3857527,8.840676,4.2265863
20047541303210,0.38463157,8.840869,4.226287
20047546061283,0.38327423,8.841065,4.225997
20047550819304,0.38187775,8.84126,4.225715
20047555577377,0.38018227,8.841441,4.225491
20047560335398,0.37837917,8.841543,4.2254386
20047565093471,0.37653965,8.841595,4.2254953
20047569851491,0.37493563,8.841741,4.2253327
20047574609564,0.37337083,8.8417635,4.225423
20047579367585,0.37213668,8.841757,4.2255473
20047584125658,0.37076348,8.841704,4.2257786
20047588883731,0.36935368,8.841717,4.225873
20047593641752,0.367925,8.841723,4.2259836
20047598399825,0.36646402,8.841654,4.226256
20047603157846,0.36510283,8.841627,4.2264295
20047607915918,0.36392826,8.841746,4.226282
20047612673887,0.3631154,8.841835,4.2261667
20047617432012,0.36262393,8.841959,4.2259502
20047622190033,0.3624787,8.842101,4.225666
20047626948106,0.3627197,8.842228,4.2253814
20047631706127,0.36287743,8.842336,4.2251406
20047636464200,0.36309227,8.842475,4.2248297
20047641222273,0.36304563,8.842539,4.2247005
20047645980293,0.3629269,8.842493,4.224807
20047650738366,0.36264598,8.842415,4.224993
20047655496387,0.36231023,8.842306,4.2252507
20047660254460,0.3621112,8.842184,4.2255225
20047665012481,0.3620986,8.842091,4.2257175
20047669770554,0.36223334,8.841956,4.225989
20047674528575,0.36235285,8.841795,4.2263155
20047679286648,0.36228862,8.841714,4.2264915
20047684044668,0.3621497,8.841623,4.2266927
20047688802741,0.36162114,8.841528,4.226936
20047693560814,0.3608309,8.841454,4.227161
20047698318835,0.35986286,8.841439,4.2272706
20047703076908,0.35867873,8.841546,4.227151
20047707834929,0.357842,8.841695,4.226909
20047712593002,0.35708842,8.841882,4.2265825
20047717351023,0.35654148,8.842136,4.226095
20047722109096,0.35616198,8.842456,4.22546
20047726867116,0.35588226,8.842838,4.224682
20047731625189,0.35562187,8.843224,4.2238984
20047736383262,0.35508338,8.843548,4.2232656
20047741141283,0.35438424,8.843731,4.22294
20047745899356,0.3537018,8.843742,4.2229743
20047750657377,0.35303134,8.843735,4.223047
20047755415450,0.3524252,8.843629,4.223317
20047760173471,0.35222387,8.843356,4.223903
20047764931543,0.35215065,8.843074,4.224501
20047769689564,0.35237667,8.842806,4.225045
20047774447637,0.35286513,8.842441,4.225767
20047779205658,0.35341835,8.842054,4.22653
20047783963731,0.35368964,8.841637,4.2273803
20047788721804,0.35383353,8.841264,4.22815
20047793479825,0.35376498,8.840998,4.22871
20047798237898,0.35337287,8.840934,4.2288785
20047802995918,0.35272267,8.840957,4.228885
20047807753991,0.35220045,8.841111,4.2286043
20047812512012,0.35150272,8.841352,4.228159
20047817270085,0.35104454,8.841705,4.2274575
20047822028106,0.35076088,8.842027,4.226808
20047826786179,0.3506681,8.842222,4.2264094
20047831544252,0.350776,8.842258,4.226323
20047836302273,0.35093573,8.842195,4.2264423
20047841060346,0.35125747,8.842048,4.2267237
20047845818366,0.35153875,8.841749,4.2273273
20047850576439,0.35198116,8.841434,4.227949
20047855334512,0.35270372,8.841135,4.2285104
20047860092533,0.35356337,8.840839,4.229059
20047864850606,0.35481215,8.840601,4.2294536
20047869608627,0.35588586,8.840448,4.229679
20047874366700,0.3567521,8.840486,4.229533
20047879124721,0.35746652,8.840603,4.229226
20047883882793,0.35763884,8.840876,4.2286406
20047888640814,0.35731688,8.841247,4.227892
20047893398887,0.3565048,8.841632,4.227153
20047898156960,0.35522133,8.841924,4.226653
20047902914981,0.3536012,8.842142,4.2263317
20047907673054,0.3518204,8.842294,4.226163
20047912431075,0.34993765,8.842337,4.226229
20047917189148,0.34798428,8.8422575,4.226557
20047921947168,0.34604633,8.842115,4.2270126
20047926705241,0.34454718,8.841935,4.2275114
20047931463262,0.3431077,8.8417845,4.2279434
20047936221335,0.3416115,8.841644,4.2283587
20047940979408,0.34019345,8.841538,4.228693
20047945737429,0.3387639,8.841512,4.228864
20047950495450,0.33761263,8.841497,4.228988
20047955253523,0.33664736,8.841594,4.228864
20047960011596,0.336004,8.841706,4.2286787
20047964769616,0.335606,8.841942,4.228219
20047969527689,0.33523917,8.84226,4.2275815
20047974285762,0.33489034,8.842594,4.2269106
20047979043783,0.33429262,8.842915,4.2262874
20047983801856,0.3334663,8.84324,4.2256727
20047988559877,0.3320959,8.843471,4.2252955
20047993317950,0.33042583,8.843616,4.2251225
20047998075971,0.3285973,8.843701,4.2250857
20048002834043,0.32680774,8.843782,4.2250557
20048007592064,0.32514825,8.843769,4.2252097
20048012350137,0.32391828,8.8436985,4.2254534
20048017108210,0.32302096,8.843498,4.225941
20048021866231,0.32244667,8.84335,4.2262955
20048026624304,0.32188937,8.84317,4.2267146
20048031382377,0.32142043,8.84297,4.22717
20048036140398,0.32075906,8.842802,4.2275715
20048040898471,0.3197784,8.842721,4.227814
20048045656491,0.31834018,8.842704,4.2279587
20048050414564,0.3165256,8.84276,4.227976
20048055172585,0.3144483,8.842902,4.2278357
20048059930658,0.3124098,8.843059,4.2276583
20048064688679,0.3102261,8.843345,4.227222
20048069446752,0.30830148,8.84362,4.226786
20048074204825,0.30647555,8.843842,4.226456
20048078962846,0.30465448,8.844057,4.226135
20048083720918,0.30291495,8.8442745,4.225806
20048088478887,0.30102208,8.844456,4.2255626
20048093237012,0.29918236,8.844626,4.2253346
20048097995033,0.29747286,8.844787,4.225121
20048102753106,0.2959075,8.84487,4.225057
20048107511127,0.29439065,8.844905,4.2250896
20048112269200,0.2929721,8.844872,4.225257
20048117027273,0.29162708,8.844852,4.2253895
20048121785293,0.29054278,8.844839,4.2254934
20048126543366,0.28976697,8.844767,4.225698
20048131301387,0.28920949,8.8446865,4.225906
20048136059460,0.28865474,8.844562,4.2262015
20048140817533,0.2881964,8.84439,4.2265935
20048145575554,0.28774792,8.8442745,4.2268677
20048150333627,0.287262,8.844101,4.2272615
20048155091648,0.28706026,8.843825,4.2278523
20048159849721,0.2870169,8.843538,4.2284555
20048164607741,0.28725687,8.843301,4.228937
20048169365814,0.2877729,8.843043,4.2294393
20048174123887,0.2883883,8.8427725,4.2299647
20048178881908,0.2886251,8.84252,4.2304764
20048183639981,0.28847817,8.84217,4.23122
20048188398002,0.28783196,8.841827,4.231978
20048193156075,0.2864563,8.841479,4.2328
20048197914096,0.2845856,8.841256,4.23339
20048202672168,0.2824004,8.841119,4.2338233
20048207430241,0.27992737,8.841213,4.2337904
20048212188262,0.27744305,8.84168,4.23298
20048216946335,0.27506074,8.842222,4.232
20048221704356,0.27267933,8.842837,4.230869
20048226462429,0.27033174,8.843548,4.2295327
20048231220502,0.26803464,8.84424,4.228234
20048235978523,0.26595756,8.8447075,4.2273874
20048240736596,0.26437476,8.844926,4.2270303
20048245494616,0.2631964,8.845021,4.226904
20048250252689,0.26255095,8.845001,4.2269845
20048255010762,0.2625904,8.844838,4.2273226
20048259768783,0.26292318,8.844723,4.227545
20048264526856,0.26368698,8.8446,4.2277546
20048269284877,0.2645333,8.84457,4.227766
20048274042950,0.2656025,8.8445425,4.227755
20048278800971,0.26657894,8.844504,4.227772
20048283559043,0.26744723,8.844597,4.227526
20048288317116,0.26778832,8.844683,4.227324
20048293075085,0.26767808,8.844821,4.2270417
20048297833210,0.26715896,8.8450165,4.2266636
20048302591231,0.2663936,8.84521,4.2263103
20048307349304,0.2654678,8.845352,4.2260695
20048312107325,0.26465845,8.84542,4.225979
20048316865398,0.26404202,8.845517,4.2258124
20048321623471,0.26369008,8.845587,4.2256894
20048326381491,0.26395324,8.845564,4.225719
20048331139564,0.26420063,8.845512,4.225813
20048335897585,0.2650162,8.845482,4.2258253
20048340655658,0.2659709,8.845323,4.226101
20048345413679,0.26698247,8.845202,4.226288
20048350171752,0.26780424,8.845088,4.2264743
20048354929773,0.26843795,8.845024,4.226566
20048359687846,0.26859984,8.8450575,4.226487
20048364445918,0.26830503,8.84507,4.2264805
20048369203991,0.26757,8.845123,4.226415
20048373962012,0.26666903,8.845282,4.226141
20048378720085,0.26565412,8.845423,4.22591
20048383478106,0.26467502,8.845559,4.2256856
20048388236179,0.26404524,8.845781,4.225259
20048392994200,0.26356497,8.846038,4.224753
20048397752273,0.26348615,8.846208,4.224403
20048402510346,0.26349244,8.846349,4.2241063
20048407268366,0.2636168,8.846535,4.223709
20048412026439,0.26367941,8.846605,4.2235584
20048416784460,0.26372096,8.846472,4.223835
20048421542533,0.2637703,8.846341,4.224103
20048426300606,0.26391038,8.84615,4.2244954
20048431058627,0.2638324,8.845958,4.2249036
20048435816700,0.263695,8.845762,4.2253194
20048440574721,0.26349366,8.845684,4.2254977
20048445332793,0.2632605,8.8456955,4.225489
20048450090866,0.2629878,8.845742,4.225406
20048454848887,0.26258084,8.84579,4.2253346
20048459606960,0.26232368,8.845881,4.2251573
20048464364981,0.26214984,8.845993,4.2249346
20048469123054,0.2622901,8.8460245,4.2248616
20048473881127,0.26261145,8.846029,4.2248287
20048478639148,0.2631059,8.846013,4.224834
20048483397221,0.2638927,8.845855,4.2251143
20048488155241,0.26496094,8.845787,4.225189
20048492913314,0.26609752,8.845625,4.22546
20048497671335,0.2671821,8.845486,4.2256813
20048502429408,0.26824716,8.8453665,4.2258635
20048507187481,0.26947045,8.845237,4.226058
20048511945502,0.27056044,8.84511,4.226252
20048516703575,0.27158317,8.845018,4.226379
20048521461596,0.27258205,8.844936,4.226487
20048526219668,0.2735923,8.84493,4.2264347
20048530977741,0.2742165,8.845006,4.226237
20048535735762,0.27462757,8.845085,4.226042
20048540493835,0.2747851,8.845108,4.2259836
20048545251856,0.2749017,8.845097,4.226001
20048550009929,0.2747865,8.845174,4.225847
20048554768002,0.274766,8.845194,4.2258067
20048559526023,0.27482253,8.845208,4.225775
20048564284096,0.27511224,8.845213,4.2257442
20048569042116,0.275692,8.845161,4.2258153
20048573800189,0.27624452,8.845187,4.2257233
20048578558262,0.27690995,8.845157,4.225744
20048583316283,0.27768263,8.845114,4.225781
20048588074356,0.2783479,8.844984,4.22601
20048592832377,0.2787556,8.844906,4.226147
20048597590450,0.27926144,8.844813,4.226308
20048602348523,0.27980575,8.844678,4.2265553
20048607106543,0.2802318,8.844543,4.2268085
20048611864616,0.28073362,8.844508,4.226849
20048616622637,0.2813636,8.844443,4.226943
20048621380710,0.28197035,8.84431,4.227183
20048626138783,0.28281447,8.844131,4.2275
20048630896804,0.2837341,8.843981,4.2277536
20048635654877,0.28455105,8.84389,4.227887
20048640412898,0.28531983,8.84374,4.228148
20048645170971,0.28605446,8.843626,4.228339
20048649929043,0.28685662,8.843622,4.22829
20048654687064,0.28791046,8.843657,4.2281446
20048659445137,0.28934678,8.843658,4.228046
20048664203210,0.29100883,8.84376,4.2277207
20048668961231,0.2930943,8.844004,4.2270646
20048673719304,0.2954722,8.844132,4.226631
20048678477325,0.29790416,8.844206,4.226306
20048683235398,0.30029464,8.844335,4.2258673
20048687993471,0.30241877,8.844469,4.225433
20048692751491,0.30402356,8.84465,4.22494
20048697509564,0.3051427,8.844712,4.22473
20048702267585,0.30545914,8.844723,4.2246857
20048707025658,0.30541798,8.8447,4.224735
20048711783731,0.30516428,8.844626,4.224908
20048716541752,0.304771,8.844527,4.2251444
20048721299825,0.30458623,8.844402,4.2254176
20048726057846,0.3045838,8.844257,4.225722
20048730815918,0.30478975,8.844139,4.225956
20048735573991,0.30509385,8.843997,4.22623
20048740332012,0.30547947,8.84392,4.2263646
20048745090085,0.3057472,8.843747,4.226707
20048749848106,0.30580646,8.843698,4.226805
20048754606179,0.30561733,8.84365,4.2269173
20048759364200,0.30546057,8.843754,4.226713
20048764122273,0.3052467,8.843857,4.2265115
20048768880346,0.3049977,8.844007,4.2262177
20048773638366,0.30464455,8.844116,4.226014
20048778396439,0.30438632,8.844173,4.225911
20048783154512,0.30425584,8.844146,4.22598
20048787912533,0.30444586,8.844101,4.22606
20048792670606,0.30516264,8.844145,4.225916
20048797428627,0.30606225,8.844361,4.2253976
20048802186700,0.30714864,8.844581,4.2248588
20048806944773,0.30827388,8.844805,4.224308
20048811702793,0.3096189,8.844975,4.223855
20048816460866,0.31122047,8.844965,4.223757
20048821218939,0.31288677,8.844762,4.2240586
20048825976960,0.31440488,8.844392,4.2247224
20048830735033,0.3161085,8.843907,4.2256074
20048835493054,0.3176028,8.84338,4.226601
20048840251127,0.31876925,8.842814,4.2276955
20048845009200,0.3196072,8.8423605,4.228579
20048849767221,0.32021883,8.84213,4.2290177
20048854525241,0.32062626,8.842035,4.229183
20048859283314,0.32095248,8.842125,4.2289724
20048864041387,0.32114977,8.842313,4.228565
20048868799460,0.32137316,8.842556,4.228038
20048873557481,0.3213758,8.842839,4.2274456
20048878315554,0.32135773,8.843089,4.226924
20048883073575,0.32130933,8.843234,4.226626
20048887831648,0.32095063,8.84335,4.226409
20048892589721,0.32059884,8.843337,4.226464
20048897347741,0.31982622,8.843267,4.2266665
20048902105814,0.31947386,8.843131,4.2269793
20048906863887,0.31911746,8.842889,4.227513
20048911621908,0.3192237,8.842557,4.228199
20048916379981,0.319653,8.842216,4.2288814
20048921138002,0.3206904,8.841824,4.229622
20048925896075,0.32201162,8.841447,4.2303076
20048930654148,0.323493,8.8412,4.2307096
20048935412168,0.32492608,8.84117,4.2306643
20048940170241,0.32568654,8.841261,4.230416
20048944928314,0.3261335,8.841338,4.2302217
20048949686335,0.32602978,8.8414755,4.2299414
20048954444408,0.32552892,8.841694,4.229522
20048959202429,0.32483533,8.842012,4.22891
20048963960502,0.3242989,8.8423,4.2283487
20048968718575,0.32379553,8.842607,4.227749
20048973476596,0.32334852,8.84285,4.227275
20048978234668,0.32279083,8.843048,4.2269025
20048982992689,0.3220462,8.843206,4.2266264
20048987750762,0.32117653,8.843264,4.2265725
20048992508835,0.32006064,8.843187,4.226818
20048997266856,0.31874543,8.843123,4.22705
20049002024929,0.31717765,8.84312,4.227176
20049006783002,0.31578633,8.843091,4.227342
20049011541023,0.31456828,8.84303,4.2275596
20049016299096,0.3134818,8.843043,4.227612
20049021057116,0.31247872,8.843021,4.227731
20049025815189,0.31154484,8.842975,4.227898
20049030573262,0.31046256,8.842924,4.228084
20049035331283,0.30919018,8.842918,4.22819
20049040089356,0.30761558,8.842954,4.2282295
20049044847429,0.3059031,8.843063,4.2281256
20049049605450,0.3040605,8.843139,4.2281
20049054363523,0.3021654,8.843239,4.2280273
20049059121543,0.30020353,8.843335,4.2279644
20049063879616,0.2985484,8.843471,4.227797
20049068637689,0.29721293,8.843595,4.227635
20049073395658,0.2962742,8.843725,4.2274275
20049078153783,0.2954598,8.843876,4.227168
20049082911856,0.29480758,8.844092,4.226759
20049087669877,0.2942382,8.844354,4.226253
20049092427950,0.29364732,8.844538,4.2259088
20049097185971,0.29312295,8.844717,4.225569
20049101944043,0.29268348,8.844796,4.225436
20049106702116,0.2925749,8.844676,4.225695
20049111460137,0.29278752,8.844498,4.226053
20049116218210,0.29324275,8.844312,4.2264094
20049120976283,0.29384667,8.844097,4.226816
20049125734304,0.2947873,8.843934,4.227094
20049130492377,0.29614255,8.843719,4.227448
20049135250398,0.29743162,8.843619,4.227567
20049140008471,0.29858753,8.843565,4.227596
20049144766543,0.299768,8.843501,4.227648
20049149524564,0.30094925,8.843544,4.227474
20049154282637,0.30218768,8.843585,4.2273016
20049159040710,0.30319118,8.8436,4.2271967
20049163798731,0.30402026,8.843703,4.22692
20049168556804,0.30471566,8.843848,4.2265677
20049173314825,0.3052043,8.844031,4.2261515
20049178072898,0.30567098,8.844209,4.225746
20049182830971,0.30601564,8.844427,4.225263
20049187588991,0.3064296,8.844682,4.2247024
20049192347064,0.30664662,8.844742,4.2245607
20049197105137,0.30664578,8.844803,4.2244315
20049201863158,0.3065885,8.844855,4.224326
20049206621231,0.3067615,8.844807,4.224415
20049211379304,0.3072922,8.844652,4.2246995
20049216137325,0.30816776,8.844439,4.2250814
20049220895398,0.30937463,8.844218,4.2254543
20049225653418,0.31097302,8.843981,4.225836
20049230411491,0.31284842,8.843759,4.226162
20049235169564,0.31476232,8.843567,4.226422
20049239927585,0.31667665,8.843366,4.2267017
20049244685658,0.3182794,8.843235,4.226853
20049249443731,0.31961414,8.843104,4.2270236
20049254201752,0.32065538,8.843069,4.227019
20049258959825,0.3212839,8.843176,4.226748
20049263717846,0.32174125,8.84328,4.2264953
20049268475918,0.3222103,8.843443,4.22612
20049273233991,0.32258162,8.843666,4.225625
20049277992012,0.32285923,8.843869,4.2251782
20049282750085,0.32314712,8.844052,4.224773
20049287508158,0.32353407,8.84415,4.2245393
20049292266179,0.3238177,8.844165,4.224484
20049297024252,0.32426482,8.844041,4.224712
20049301782325,0.3247055,8.843835,4.225109
20049306540346,0.32533848,8.843571,4.2256103
20049311298418,0.32631007,8.843274,4.226158
20049316056439,0.32730466,8.842969,4.226718
20049320814512,0.32867137,8.842649,4.2272825
20049325572585,0.32989267,8.842395,4.227719
20049330330606,0.3311389,8.842215,4.2279983
20049335088679,0.33224684,8.842096,4.228161
20049339846752,0.33292663,8.842072,4.228157
20049344604773,0.33332276,8.842041,4.228191
20049349362846,0.33343393,8.842073,4.2281146
20049354120918,0.3335538,8.842116,4.228013
20049358878939,0.3338784,8.842155,4.2279053
20049363637012,0.33464864,8.842238,4.2276735
20049368395033,0.33566052,8.842271,4.2275257
20049373153106,0.33690313,8.8423195,4.227323
20049377911179,0.33839008,8.842342,4.2271595
20049382669200,0.33965755,8.84233,4.227082
20049387427273,0.34061605,8.842372,4.2269187
20049392185346,0.3414682,8.8424635,4.226656
20049396943366,0.34189183,8.842526,4.226491
20049401701439,0.34221354,8.842551,4.2264123
20049406459512,0.34266832,8.842536,4.226407
20049411217533,0.34327936,8.842571,4.226286
20049415975606,0.3441972,8.842667,4.226009
20049420733679,0.34513655,8.842794,4.225666
20049425491700,0.34591112,8.842874,4.225436
20049430249773,0.3464953,8.84291,4.2253127
20049435007793,0.3465992,8.842964,4.2251897
20049439765866,0.3461869,8.843097,4.224948
20049444523939,0.3452919,8.8432665,4.224665
20049449281960,0.3439536,8.843313,4.224676
20049454040033,0.34282115,8.843265,4.224871
20049458798106,0.3422565,8.843125,4.2252073
20049463556127,0.34202766,8.843003,4.225482
20049468314200,0.34219545,8.842849,4.225793
20049473072273,0.34263566,8.84261,4.226255
20049477830293,0.3431932,8.842402,4.2266464
20049482588366,0.34347704,8.84225,4.226939
20049487346387,0.34318408,8.842174,4.2271233
20049492104460,0.34247512,8.842164,4.227199
20049496862533,0.3411436,8.842195,4.227245
20049501620554,0.33968437,8.842318,4.227106
20049506378627,0.3384268,8.842403,4.227026
20049511136700,0.33718702,8.842565,4.2267895
20049515894721,0.33648822,8.8426695,4.226626
20049520652793,0.33592758,8.842795,4.2264056
20049525410866,0.33559072,8.842843,4.2263327
20049530168887,0.33523983,8.842893,4.2262588
20049534926960,0.33452007,8.842928,4.2262397
20049539684981,0.3337243,8.842883,4.2263966
20049544443054,0.3327496,8.842794,4.22666
20049549201127,0.33177134,8.842699,4.226937
20049553959148,0.33104646,8.842584,4.227234
20049558717221,0.3308594,8.842437,4.227556
20049563475293,0.33094588,8.8422,4.2280445
20049568233314,0.33137032,8.842077,4.22827
20049572991387,0.33171234,8.841964,4.2284784
20049577749460,0.33215526,8.841878,4.2286243
20049582507481,0.33253336,8.841796,4.228765
20049587265554,0.3326078,8.841744,4.228867
20049592023627,0.33225298,8.841769,4.2288413
20049596781648,0.3318196,8.841829,4.2287498
20049601539721,0.33140436,8.841838,4.2287664
20049606297793,0.33096397,8.841905,4.228661
20049611055814,0.33065328,8.842006,4.228475
20049615813835,0.33032686,8.842075,4.228355
20049620571960,0.3300572,8.842209,4.2280955
20049625329981,0.3297636,8.842386,4.2277493
20049630088054,0.32952255,8.84251,4.227506
20049634846127,0.3292124,8.842543,4.2274647
20049639604148,0.32857504,8.842567,4.227462
20049644362221,0.32780436,8.842554,4.2275496
20049649120293,0.32695988,8.842493,4.2277417
20049653878314,0.3263186,8.842438,4.2279077
20049658636387,0.3258691,8.842427,4.227965
20049663394408,0.3255279,8.842403,4.228038
20049668152481,0.32543367,8.842428,4.2279963
20049672910554,0.32543415,8.842502,4.2278423
20049677668575,0.32576156,8.842624,4.227561
20049682426648,0.32626632,8.842758,4.22724
20049687184721,0.32670307,8.842858,4.226998
20049691942741,0.32678607,8.843028,4.2266364
20049696700814,0.32681984,8.843152,4.226374
20049701458887,0.32666004,8.843353,4.2259655
20049706216908,0.32635343,8.843458,4.2257705
20049710974981,0.3261186,8.843468,4.2257667
20049715733054,0.32584155,8.843531,4.2256565
20049720491075,0.3255697,8.843557,4.2256217
20049725249148,0.3254907,8.843492,4.225766
20049730007221,0.32556996,8.843441,4.225865
20049734765241,0.3257186,8.843389,4.2259626
20049739523314,0.32594478,8.843355,4.2260146
20049744281335,0.32616585,8.843321,4.226072
20049749039408,0.3261614,8.843322,4.226071
20049753797481,0.3260649,8.843344,4.2260323
20049758555502,0.32590908,8.843441,4.225842
20049763313575,0.32575777,8.843504,4.225721
20049768071648,0.32558593,8.843538,4.2256603
20049772829668,0.32537356,8.843633,4.2254806
20049777587741,0.3252644,8.843726,4.225293
20049782345814,0.32529828,8.84382,4.225093
20049787103835,0.32509524,8.843864,4.2250175
20049791861908,0.3247151,8.84388,4.2250123
20049796619981,0.324278,8.843943,4.224915
20049801378002,0.32351375,8.843921,4.225021
20049806136075,0.32248244,8.843867,4.2252097
20049810894148,0.32134327,8.843806,4.2254252
20049815652168,0.320266,8.843748,4.22563
20049820410241,0.3197257,8.843681,4.225809
20049825168314,0.31955817,8.843579,4.2260356
20049829926335,0.31965187,8.843453,4.2262945
20049834684408,0.31996325,8.8434105,4.2263575
20049839442481,0.3205825,8.843349,4.226438
20049844200502,0.3213067,8.843263,4.226566
20049848958575,0.32224274,8.8432455,4.2265296
20049853716648,0.323103,8.84321,4.2265396
20049858474668,0.32377815,8.843188,4.2265325
20049863232741,0.32451886,8.843152,4.226552
20049867990814,0.32535508,8.843127,4.226539
20049872748835,0.32577685,8.843158,4.226444
20049877506908,0.3264155,8.843128,4.226457
20049882264981,0.32696903,8.843081,4.22651
20049887023002,0.3272048,8.843096,4.2264624
20049891781075,0.327363,8.84309,4.2264624
20049896539148,0.32710013,8.843138,4.2263837
20049901297168,0.32676348,8.843166,4.2263484
20049906055241,0.3262389,8.843094,4.226539
20049910813314,0.32579485,8.84313,4.2265
20049915571335,0.32512388,8.843113,4.226586
20049920329408,0.32439604,8.843198,4.2264647
20049925087377,0.32372662,8.843256,4.2263947
20049929845502,0.3232249,8.843341,4.2262545
20049934603575,0.32292446,8.843469,4.2260113
20049939361596,0.3226139,8.843584,4.2257934
20049944119668,0.32210615,8.843759,4.2254686
20049948877741,0.32137486,8.844016,4.224982
20049953635814,0.32044315,8.844184,4.2247024
20049958393835,0.31919336,8.844276,4.224606
20049963151908,0.3180303,8.844311,4.2246194
20049967909929,0.31676745,8.844368,4.224596
20049972668002,0.31557506,8.844385,4.2246475
20049977426075,0.31472108,8.844463,4.2245502
20049982184096,0.31440905,8.844504,4.224486
20049986942168,0.31443572,8.844489,4.224514
20049991700241,0.3145822,8.84431,4.2248797
20049996458262,0.31455234,8.844033,4.225461
20050001216335,0.3143352,8.843883,4.225794
20050005974408,0.31380886,8.843799,4.2260056
20050010732429,0.31317523,8.843733,4.22619
20050015490502,0.31246892,8.843566,4.226594
20050020248575,0.31179133,8.843453,4.226879
20050025006596,0.31143278,8.843364,4.227092
20050029764668,0.3114826,8.843312,4.227198
20050034522741,0.31176952,8.8432045,4.2274
20050039280762,0.31219438,8.843155,4.2274756
20050044038835,0.31224462,8.843066,4.227653
20050048796908,0.3117494,8.842949,4.227938
20050053554929,0.31104895,8.84287,4.2281556
20050058313002,0.3102761,8.84284,4.228274
20050063071075,0.30923226,8.842796,4.2284408
20050067829096,0.30854675,8.842812,4.228459
20050072587168,0.30820405,8.842882,4.2283373
20050077345241,0.30813497,8.842873,4.2283616
20050082103262,0.30858156,8.842869,4.2283363
20050086861335,0.30901572,8.8429365,4.2281637
20050091619408,0.30934206,8.843062,4.2278776
20050096377377,0.30965218,8.843097,4.2277822
20050101135502,0.3094797,8.843169,4.2276454
20050105893314,0.3088347,8.843269,4.227483
20050110651596,0.30820674,8.843303,4.227457
20050115409668,0.3075024,8.843176,4.2277727
20050120167741,0.3068654,8.843057,4.2280703
20050124925762,0.30642116,8.84302,4.2281775
20050129683835,0.30618995,8.842898,4.22845
20050134441908,0.30621764,8.842768,4.22872
20050139199929,0.3066043,8.842709,4.228816
20050143958002,0.30691954,8.84263,4.2289577
20050148716075,0.3069733,8.842531,4.2291584
20050153474096,0.30668288,8.842552,4.2291384
20050158232168,0.30615804,8.842602,4.2290716
20050162990241,0.30537012,8.84275,4.2288184
20050167748262,0.30463234,8.84287,4.2286215
20050172506335,0.3041331,8.8430605,4.2282586
20050177264408,0.30363855,8.843278,4.2278395
20050182022481,0.30323786,8.843486,4.2274323
20050186780502,0.30300137,8.843548,4.2273226
20050191538575,0.303034,8.843694,4.2270117
20050196296596,0.30283585,8.843972,4.2264447
20050201054668,0.30258995,8.84384,4.226741
20050205812741,0.30220994,8.843592,4.227287
20050210570762,0.30171484,8.843585,4.2273345
20050215328835,0.30132845,8.843612,4.2273073
20050220086908,0.30094382,8.843435,4.227704
20050224844929,0.30098915,8.843186,4.228219
20050229603002,0.30124682,8.843131,4.228318
20050234361075,0.30154702,8.843116,4.228328
20050239119148,0.30184478,8.842971,4.2286105
20050243877168,0.30199376,8.842952,4.2286386
20050248635241,0.30183986,8.843059,4.2284265
20050253393262,0.30148175,8.843047,4.2284765
20050258151335,0.30125242,8.843025,4.228538
20050262909408,0.3011672,8.843071,4.22845
20050267667481,0.3013506,8.843138,4.2282968
20050272425502,0.30177295,8.843264,4.2280035
20050277183575,0.30244732,8.843239,4.2280045
20050281941648,0.30314133,8.843195,4.2280464
20050286699668,0.3040412,8.843106,4.228171
20050291457741,0.30492783,8.843061,4.2281995
20050296215814,0.30552086,8.843009,4.2282667
20050300973835,0.30588222,8.842998,4.228263
20050305731908,0.30615237,8.843042,4.22815
20050310489981,0.30635887,8.84309,4.228036
20050315248002,0.3068057,8.843178,4.2278204
20050320006075,0.30710128,8.843269,4.227609
20050324764148,0.3076086,8.843371,4.227358
20050329522168,0.30817744,8.843456,4.227137
20050334280241,0.30850393,8.843582,4.226852
20050339038314,0.30856007,8.843662,4.22668
20050343796335,0.30824628,8.843715,4.226594
20050348554408,0.307515,8.843682,4.2267137
20050353312481,0.30669025,8.843642,4.2268577
20050358070502,0.30578417,8.843578,4.2270546
20050362828575,0.30486685,8.843516,4.2272525
20050367586648,0.30400366,8.843488,4.2273736
20050372344668,0.30324787,8.843578,4.227239
20050377102741,0.30262724,8.843636,4.227165
20050381860814,0.30202842,8.843675,4.2271247
20050386618835,0.3016367,8.843658,4.227186
20050391376908,0.30118203,8.843672,4.227193
20050396134981,0.30064192,8.843626,4.227326
20050400893002,0.30028468,8.843637,4.2273264
20050405651075,0.3001342,8.84359,4.2274365
20050410409148,0.29972193,8.843563,4.2275248
20050415167168,0.2994814,8.84356,4.2275443
20050419925241,0.299353,8.8435955,4.227481
20050424683314,0.2990274,8.843632,4.2274275
20050429441387,0.29849496,8.843661,4.227404
20050434199408,0.29781103,8.843702,4.2273664
20050438957481,0.29698607,8.843739,4.2273483
20050443715554,0.2958737,8.8436985,4.227511
20050448473575,0.29477242,8.843664,4.22766
20050453231648,0.29382318,8.843603,4.227853
20050457989721,0.2929879,8.843549,4.228024
20050462747741,0.29229197,8.843506,4.2281623
20050467505814,0.29191223,8.84355,4.228094
20050472263887,0.2917023,8.843664,4.227871
20050477021908,0.2914839,8.843755,4.227698
20050481779981,0.29130977,8.843851,4.2275076
20050486538054,0.2912967,8.843948,4.2273054
20050491296075,0.29105785,8.844078,4.2270527
20050496054148,0.29055998,8.844084,4.2270713
20050500812221,0.28988063,8.844069,4.2271514
20050505570241,0.28916752,8.844076,4.227185
20050510328314,0.2882131,8.844044,4.2273173
20050515086387,0.2872712,8.843964,4.2275486
20050519844408,0.286548,8.843892,4.2277465
20050524602481,0.28614253,8.843865,4.2278304
20050529360554,0.28583318,8.843838,4.227908
20050534118627,0.28562623,8.843834,4.227934
20050538876648,0.2853999,8.843859,4.2278957
20050543634721,0.28500518,8.8439865,4.2276554
20050548392793,0.28470823,8.84414,4.227353
20050553150814,0.28435627,8.844301,4.22704
20050557908887,0.28391147,8.8444395,4.226781
20050562666960,0.28349635,8.844579,4.2265162
20050567424929,0.28326395,8.844715,4.2262454
20050572183054,0.28313646,8.844852,4.2259684
20050576941127,0.28297555,8.845003,4.2256627
20050581699148,0.28306758,8.845081,4.2254944
20050586457221,0.28303188,8.845038,4.2255845
20050591215293,0.2830995,8.8449745,4.225715
20050595973314,0.28310725,8.844932,4.225806
20050600731387,0.28293806,8.844839,4.226009
20050605489460,0.28270084,8.844685,4.2263484
20050610247481,0.28232968,8.844549,4.226656
20050615005554,0.28188837,8.844437,4.2269216
20050619763627,0.28158835,8.844308,4.227212
20050624521648,0.28116414,8.844222,4.2274184
20050629279721,0.2808546,8.844208,4.2274685
20050634037793,0.2807547,8.844257,4.2273717
20050638795866,0.28084606,8.844298,4.227281
20050643553887,0.28101492,8.844351,4.227158
20050648311960,0.28107753,8.844368,4.22712
20050653070033,0.28077477,8.844344,4.227189
20050657828054,0.28039455,8.844432,4.227031
20050662586127,0.2800417,8.844508,4.2268944
20050667344200,0.27983564,8.8445,4.226927
20050672102221,0.2793506,8.8444195,4.227127
20050676860293,0.2791066,8.844419,4.2271433
20050681618366,0.27894968,8.844406,4.2271814
20050686376387,0.2786888,8.844389,4.2272344
20050691134460,0.27863848,8.844286,4.2274528
20050695892533,0.27852297,8.844303,4.227423
20050700650554,0.27825817,8.844175,4.2277083
20050705408627,0.27774164,8.844079,4.2279453
20050710166700,0.27741975,8.844009,4.2281113
20050714924773,0.2771482,8.843897,4.2283654
20050719682793,0.27694988,8.843903,4.228365
20050724440866,0.27690336,8.843875,4.228427
20050729198939,0.27699533,8.843762,4.228657
20050733956960,0.27703273,8.843667,4.2288527
20050738715033,0.27735636,8.843626,4.2289157
20050743473106,0.2774919,8.843599,4.228965
20050748231127,0.27742124,8.84358,4.22901
20050752989200,0.27729112,8.843588,4.2290025
20050757747273,0.27702707,8.843643,4.2289042
20050762505293,0.27661872,8.843646,4.228923
20050767263366,0.27618268,8.843778,4.2286777
20050772021439,0.2758652,8.843896,4.2284503
20050776779460,0.27585083,8.843925,4.2283893
20050781537533,0.27605698,8.843993,4.2282343
20050786295606,0.276394,8.84407,4.2280517
20050791053679,0.27697557,8.844172,4.2278004
20050795811700,0.27752453,8.844204,4.227697
20050800569721,0.27807704,8.844221,4.227627
20050805327846,0.2783935,8.844312,4.2274137
20050810085866,0.27859566,8.844265,4.227499
20050814843939,0.2786209,8.844139,4.2277613
20050819602012,0.27853256,8.8441,4.2278476
20050824360033,0.27836177,8.844133,4.2277884
20050829118106,0.2781228,8.844121,4.227833
20050833876179,0.2778119,8.8441105,4.2278743
20050838634200,0.2776806,8.844146,4.2278094
20050843392273,0.27749115,8.844175,4.2277603
20050848150346,0.27750447,8.844149,4.227813
20050852908366,0.2774713,8.844209,4.227691
20050857666439,0.277239,8.844289,4.2275395
20050862424512,0.27689686,8.84428,4.2275805
20050867182585,0.27666065,8.844297,4.227556
20050871940606,0.27655402,8.844333,4.2274923
20050876698679,0.27660072,8.844268,4.227625
20050881456752,0.27659768,8.84421,4.227747
20050886214773,0.27676812,8.844142,4.227879
20050890972846,0.27692905,8.844108,4.227939
20050895730918,0.2770174,8.844071,4.2280087
20050900488939,0.27717265,8.844009,4.228126
20050905247012,0.27718604,8.843973,4.2282043
20050910005085,0.27712584,8.84391,4.228338
20050914763106,0.277227,8.8438835,4.228386
20050919521179,0.27745512,8.843893,4.228351
20050924279773,0.27783367,8.843835,4.2284474
20050929037273,0.2784735,8.843806,4.228467
20050933795346,0.27906987,8.843793,4.2284565
20050938553418,0.27982208,8.843787,4.228417
20050943311439,0.28039178,8.843859,4.2282295
20050948069512,0.28078133,8.843914,4.2280884
20050952827585,0.28108233,8.843996,4.227896
20050957585606,0.28111812,8.844028,4.227825
20050962343679,0.28105134,8.844046,4.2277927
20050967101752,0.2812134,8.844046,4.227783
20050971859825,0.28142837,8.843898,4.228081
20050976617846,0.28146508,8.843721,4.228446
20050981375918,0.2817116,8.84357,4.2287483
20050986133991,0.28203812,8.843485,4.2289023
20050990892012,0.2825474,8.843432,4.228979
20050995650085,0.28300247,8.843433,4.2289453
20051000408158,0.28351107,8.843427,4.2289267
20051005166179,0.2839283,8.843461,4.228827
20051009924252,0.28411025,8.843587,4.2285504
20051014682325,0.28424343,8.843716,4.228273
20051019440398,0.2840917,8.843841,4.2280235
20051024198418,0.2841699,8.843923,4.2278447
20051028956491,0.28450075,8.844051,4.2275534
20051033714564,0.28490236,8.844107,4.2274084
20051038472585,0.28535944,8.844107,4.2273784
20051043230606,0.28592613,8.844088,4.227383
20051047988731,0.28636694,8.843997,4.22754
20051052746752,0.2867331,8.843921,4.227677
20051057504825,0.28708297,8.843845,4.227809
20051062262898,0.28728905,8.843774,4.227944
20051067020971,0.28736332,8.843727,4.2280383
20051071778991,0.2874038,8.843739,4.22801
20051076537064,0.28756818,8.843746,4.2279835
20051081295137,0.2878833,8.843684,4.2280917
20051086053158,0.2883497,8.843717,4.2279925
20051090811231,0.28888148,8.843641,4.2281146
20051095569304,0.28953022,8.843613,4.22813
20051100327377,0.29036364,8.84354,4.228224
20051105085398,0.29098335,8.843471,4.2283278
20051109843471,0.29134774,8.843439,4.2283673
20051114601491,0.29155958,8.84337,4.228498
20051119359564,0.29172152,8.843368,4.228491
20051124117637,0.2917299,8.843338,4.228554
20051128875710,0.29172403,8.84334,4.228548
20051133633731,0.29182076,8.843329,4.2285643
20051138391804,0.29223463,8.843289,4.228617
20051143149877,0.2927357,8.84332,4.228521
20051147907898,0.29314622,8.843256,4.228625
20051152665971,0.29341772,8.843266,4.228587
20051157424043,0.29368395,8.843261,4.228578
20051162182064,0.2938739,8.843198,4.2286954
20051166940137,0.2938393,8.84312,4.2288623
20051171698210,0.2938847,8.84304,4.2290273
20051176456283,0.29415733,8.8429,4.2292986
20051181214252,0.29427272,8.842802,4.229494
20051185972377,0.2944081,8.842682,4.2297373
20051190730450,0.29454967,8.842676,4.229741
20051195488471,0.29480615,8.842724,4.2296214
20051200246543,0.29507115,8.842795,4.229454
20051205004616,0.29537952,8.84292,4.2291713
20051209762637,0.29579544,8.842996,4.228986
20051214520710,0.2961837,8.843088,4.228765
20051219278783,0.29663196,8.843114,4.228679
20051224036856,0.29701662,8.843101,4.2286816
20051228794877,0.29748324,8.843058,4.2287397
20051233552950,0.2980795,8.84293,4.2289634
20051238311023,0.29856923,8.842769,4.229264
20051243069043,0.29921943,8.842637,4.229495
20051247827116,0.2997399,8.842566,4.2296076
20051252585189,0.30016735,8.842523,4.229669
20051257343210,0.30084518,8.842524,4.2296143
20051262101283,0.30151087,8.842604,4.229402
20051266859356,0.30203962,8.842779,4.2289968
20051271617429,0.30271637,8.842956,4.228578
20051276375450,0.30328682,8.8431425,4.2281485
20051281133523,0.30377066,8.843326,4.2277308
20051285891596,0.30437952,8.843493,4.227335
20051290649616,0.30488402,8.843638,4.2269955
20051295407689,0.3052329,8.843654,4.2269397
20051300165710,0.30557767,8.84361,4.227007
20051304923783,0.3058611,8.843495,4.2272253
20051309681856,0.30630738,8.843305,4.2275896
20051314439929,0.30663174,8.843155,4.227881
20051319198002,0.30704188,8.842969,4.228239
20051323956023,0.3073735,8.842823,4.2285213
20051328714096,0.3077715,8.842725,4.2286983
20051333472168,0.3079686,8.842738,4.2286563
20051338230189,0.3082535,8.842772,4.228565
20051342988262,0.30861196,8.842824,4.228429
20051347746335,0.308638,8.842848,4.2283773
20051352504356,0.30873886,8.842855,4.228353
20051357262429,0.30899724,8.842849,4.2283483
20051362020502,0.30933258,8.842881,4.2282553
20051366778523,0.30965704,8.842839,4.228319
20051371536596,0.31008756,8.842705,4.2285705
20051376294668,0.31036356,8.842535,4.2289066
20051381052689,0.31078961,8.842406,4.2291427
20051385810762,0.3112889,8.842206,4.2295246
20051390568835,0.31215376,8.841975,4.229942
20051395326908,0.3132641,8.841856,4.2301116
20051400084929,0.31444892,8.841788,4.2301655
20051404843002,0.3157414,8.841797,4.230051
20051409601075,0.31680435,8.841764,4.2300367
20051414359096,0.31776506,8.84174,4.2300177
20051419117168,0.31855732,8.841769,4.229896
20051423875241,0.3191137,8.841846,4.2296944
20051428633314,0.31910747,8.841957,4.2294617
20051433391335,0.31874144,8.842013,4.2293715
20051438149408,0.31824934,8.842005,4.2294273
20051442907481,0.31760654,8.841942,4.2296057
20051447665502,0.31703115,8.841942,4.22965
20051452423575,0.3165913,8.841965,4.2296357
20051457181648,0.31627306,8.841984,4.229618
20051461939616,0.3163237,8.841988,4.229605
20051466697741,0.31649956,8.842103,4.229353
20051471455814,0.3167938,8.842257,4.2290106
20051476213887,0.31703863,8.8423605,4.228776
20051480971908,0.3175741,8.84245,4.2285476
20051485729981,0.31831992,8.842476,4.228437
20051490488054,0.31914064,8.842447,4.228435
20051495246075,0.3202251,8.842323,4.2286124
20051500004148,0.3214334,8.842176,4.228826
20051504762221,0.32274106,8.841999,4.2290993
20051509520241,0.32404,8.841832,4.229349
20051514278314,0.32510528,8.841744,4.229449
20051519036387,0.3258767,8.841696,4.2294917
20051523794460,0.32649744,8.841626,4.229592
20051528552481,0.32679665,8.841707,4.2293973
20051533310554,0.32679337,8.841829,4.229143
20051538068627,0.32659882,8.841961,4.228883
20051542826648,0.32660067,8.842064,4.2286663
20051547584721,0.32683825,8.842104,4.228567
20051552342793,0.32754943,8.842165,4.2283835
20051557100866,0.3283266,8.842256,4.2281337
20051561858887,0.32938203,8.842343,4.2278676
20051566616960,0.33054513,8.842314,4.2278385
20051571375033,0.3316751,8.842251,4.2278814
20051576133054,0.332773,8.842116,4.228076
20051580891127,0.3335115,8.841997,4.2282677
20051585649200,0.33421427,8.841936,4.228339
20051590407221,0.33484277,8.8418665,4.2284355
20051595165293,0.33551815,8.841841,4.2284355
20051599923366,0.33627182,8.84189,4.228273
20051604681387,0.336941,8.841923,4.228151
20051609439460,0.33756304,8.841995,4.2279487
20051614197533,0.33791646,8.842052,4.2278047
20051618955606,0.33795255,8.842157,4.227578
20051623713627,0.33779037,8.84223,4.2274423
20051628471700,0.33737636,8.842196,4.2275414
20051633229773,0.3370025,8.842184,4.227598
20051637987793,0.33697787,8.842154,4.2276654
20051642745866,0.33726716,8.842117,4.227718
20051647503939,0.33803728,8.842084,4.227727
20051652262012,0.33903074,8.842088,4.227639
20051657019981,0.34015733,8.842138,4.227443
20051661778106,0.3413135,8.842148,4.22733
20051666536179,0.3421655,8.842147,4.2272644
20051671294200,0.3426371,8.842186,4.2271414
20051676052273,0.3429392,8.842238,4.2270083
20051680810346,0.34334648,8.842311,4.226825
20051685568366,0.3433752,8.842316,4.226813
20051690326439,0.34342438,8.84228,4.2268825
20051695084512,0.3435686,8.842212,4.2270136
20051699842585,0.3437654,8.842065,4.2273026
20051704600606,0.3441966,8.841918,4.227578
20051709358679,0.34453422,8.841782,4.2278357
20051714116752,0.3450333,8.841697,4.22797
20051718874773,0.3456095,8.841642,4.228037
20051723632846,0.34614235,8.841618,4.228047
20051728390918,0.3466813,8.841648,4.227937
20051733148939,0.34720778,8.841729,4.2277255
20051737907012,0.3477026,8.841836,4.227461
20051742665085,0.3480933,8.841895,4.2273045
20051747423158,0.34827438,8.842002,4.227065
20051752181179,0.348246,8.842022,4.2270284
20051756939200,0.34805185,8.84198,4.2271338
20051761697325,0.3479289,8.841965,4.227172
20051766455346,0.34799382,8.841962,4.227175
20051771213418,0.34788358,8.841899,4.227316
20051775971491,0.34803876,8.841849,4.227404
20051780729564,0.34826094,8.841935,4.227207
20051785487585,0.34868333,8.8419485,4.227145
20051790245658,0.349238,8.841871,4.2272596
20051795003731,0.34973338,8.841869,4.227224
20051799761752,0.3501053,8.841847,4.227237
20051804519825,0.3501983,8.841871,4.227183
20051809277898,0.35027084,8.841821,4.2272816
20051814035971,0.35028604,8.841796,4.2273316
20051818793991,0.3501679,8.841757,4.2274237
20051823552064,0.3502564,8.841738,4.2274537
20051828310137,0.35053825,8.841671,4.227571
20051833068158,0.35115677,8.841556,4.2277637
20051837826231,0.35189226,8.8414135,4.2279997
20051842584304,0.35267666,8.841208,4.228362
20051847342325,0.35332283,8.841098,4.22854
20051852100398,0.35374638,8.841063,4.228575
20051856858471,0.35408932,8.841095,4.2284837
20051861616543,0.35394928,8.841152,4.2283726
20051866374564,0.35364002,8.841274,4.228142
20051871132637,0.35351545,8.841418,4.2278543
20051875890710,0.3535265,8.841539,4.227598
20051880648731,0.3534685,8.841667,4.2273374
20051885406804,0.35349208,8.841824,4.2270074
20051890164877,0.35360527,8.841943,4.226748
20051894922950,0.35366157,8.841964,4.2266994
20051899680971,0.3536332,8.841971,4.2266855
20051904439043,0.35381743,8.841931,4.2267547
20051909197116,0.35424748,8.841823,4.226947
20051913955137,0.35461578,8.841742,4.2270823
20051918713210,0.3554796,8.841577,4.227357
20051923471283,0.35650355,8.841351,4.227743
20051928229304,0.3574435,8.841208,4.2279606
20051932987377,0.35804278,8.841143,4.228049
20051937745450,0.3585972,8.841105,4.228079
20051942503523,0.3589911,8.841142,4.2279673
20051947261543,0.3591076,8.841246,4.2277412
20051952019616,0.3588791,8.841344,4.2275553
20051956777689,0.35866743,8.841499,4.2272468
20051961535710,0.35845807,8.841712,4.226823
20051966293783,0.35839385,8.841913,4.2264075
20051971051856,0.35857266,8.842132,4.225934
20051975809929,0.35874757,8.842271,4.2256274
20051980567950,0.3586895,8.842324,4.2255235
20051985326023,0.35870922,8.842399,4.2253633
20051990084096,0.35833174,8.842553,4.2250714
20051994842116,0.35787782,8.842517,4.225188
20051999600189,0.35753906,8.8424225,4.2254143
20052004358262,0.35732043,8.842261,4.22577
20052009116283,0.35738808,8.842065,4.226176
20052013874356,0.357352,8.841858,4.226611
20052018632429,0.35740244,8.841691,4.2269554
20052023390502,0.35731882,8.841574,4.227208
20052028148523,0.3574109,8.841531,4.2272897
20052032906596,0.35742575,8.841578,4.2271905
20052037664668,0.3574509,8.841583,4.227176
20052042422689,0.35738325,8.841558,4.2272334
20052047180762,0.3573921,8.841555,4.2272406
20052051938835,0.3575807,8.841591,4.227147
20052056696908,0.3579038,8.841605,4.227092
20052061454929,0.35835457,8.841609,4.2270446
20052066213002,0.35880396,8.841662,4.226897
20052070971075,0.35923502,8.841645,4.226896
20052075729096,0.35948667,8.841645,4.2268744
20052080487168,0.359481,8.84164,4.2268834
20052085245241,0.35923517,8.84167,4.2268457
20052090003262,0.35866228,8.841718,4.2267923
20052094761335,0.35775843,8.841635,4.2270455
20052099519408,0.35687438,8.841561,4.227271
20052104277481,0.3560756,8.841533,4.2274017
20052109035502,0.35539886,8.841495,4.227534
20052113793575,0.35488993,8.841446,4.2276793
20052118551648,0.35469466,8.841397,4.227798
20052123309616,0.3545879,8.841451,4.2276936
20052128067741,0.35435656,8.841438,4.227741
20052132825814,0.35365844,8.841398,4.227884
20052137583835,0.35269836,8.841362,4.2280383
20052142341908,0.35143235,8.841328,4.228215
20052147099981,0.34983099,8.841233,4.2285476
20052151858054,0.34814256,8.841046,4.2290783
20052156616075,0.34640816,8.8409395,4.229442
20052161374148,0.34474257,8.840865,4.229734
20052166132221,0.3432553,8.8407755,4.2300415
20052170890293,0.34222454,8.840739,4.2302012
20052175648314,0.34156498,8.840746,4.2302413
20052180406387,0.34102753,8.840763,4.2302475
20052185164460,0.34047973,8.840831,4.2301507
20052189922481,0.33980474,8.840905,4.23005
20052194680554,0.33920565,8.840983,4.2299337
20052199438627,0.33854944,8.84109,4.2297626
20052204196700,0.337907,8.84123,4.229521
20052208954721,0.33747014,8.841363,4.229278
20052213712793,0.33710605,8.841447,4.2291317
20052218470866,0.33700162,8.841453,4.2291284
20052223228887,0.3370915,8.841469,4.2290864
20052227986960,0.33716613,8.841376,4.2292747
20052232745033,0.33714208,8.841332,4.2293696
20052237503054,0.33712327,8.84132,4.2293963
20052242261075,0.33694136,8.8414135,4.2292156
20052247019200,0.33653852,8.841478,4.229113
20052251777273,0.33576187,8.841598,4.2289248
20052256535293,0.3350537,8.841667,4.228837
20052261293366,0.33441755,8.841733,4.2287474
20052266051439,0.33397526,8.841827,4.228584
20052270809460,0.33342138,8.841993,4.228282
20052275567533,0.33283225,8.842082,4.2281437
20052280325606,0.3322179,8.842121,4.2281113
20052285083679,0.33145177,8.842164,4.2280817
20052289841700,0.33050844,8.842264,4.2279453
20052294599721,0.3294739,8.8423605,4.227825
20052299357846,0.3284593,8.842344,4.2279377
20052304115866,0.32741246,8.842309,4.2280893
20052308873939,0.32630068,8.842263,4.228272
20052313632012,0.3255023,8.842217,4.22843
20052318390033,0.3248711,8.842134,4.2286534
20052323148106,0.32419077,8.842111,4.228757
20052327906179,0.32382154,8.842113,4.228779
20052332664252,0.323263,8.842165,4.228712
20052337422273,0.3230555,8.8421755,4.2287083
20052342180346,0.32296214,8.842146,4.228776
20052346938418,0.32298732,8.842169,4.228725
20052351696439,0.32288578,8.842103,4.2288737
20052356454512,0.3228117,8.841985,4.2291236
20052361212585,0.32276782,8.841881,4.2293444
20052365970606,0.32276425,8.841806,4.2295003
20052370728679,0.32266358,8.841768,4.229586
20052375486752,0.32248268,8.841795,4.229544
20052380244825,0.322135,8.841787,4.2295876
20052385002846,0.32201838,8.841845,4.229478
20052389760918,0.32200196,8.841913,4.2293344
20052394518991,0.32212397,8.842039,4.229063
20052399277012,0.32247862,8.842091,4.2289286
20052404035085,0.32291842,8.842123,4.228827
20052408793158,0.32333148,8.84216,4.2287188
20052413551231,0.32355005,8.842092,4.228842
20052418309252,0.32360676,8.8419485,4.2291384
20052423067325,0.3236135,8.8417845,4.229481
20052427825398,0.3234676,8.8416,4.229877
20052432583418,0.3234315,8.841408,4.230283
20052437341491,0.32349628,8.841275,4.230557
20052442099564,0.32379508,8.841166,4.230759
20052446857637,0.32421666,8.841117,4.2308316
20052451615658,0.32465154,8.841181,4.230662
20052456373731,0.32491273,8.841274,4.230449
20052461131804,0.32500377,8.841368,4.230244
20052465889825,0.32493436,8.841517,4.229938
20052470647898,0.32464615,8.8416605,4.2296605
20052475405971,0.3242146,8.841784,4.2294364
20052480164043,0.32380605,8.841893,4.229241
20052484922064,0.32360062,8.841946,4.229146
20052489680137,0.3235082,8.841915,4.2292137
20052494438210,0.32360017,8.841852,4.229341
20052499196231,0.3239125,8.841742,4.2295465
20052503954304,0.32409844,8.841619,4.229791
20052508712377,0.32428297,8.841577,4.229863
20052513470450,0.32426798,8.841512,4.2299995
20052518228471,0.32420963,8.841457,4.2301183
20052522986543,0.32402954,8.841496,4.230053
20052527744616,0.32392824,8.841585,4.229873
20052532502637,0.32395095,8.841636,4.229764
20052537260710,0.324129,8.841694,4.2296305
20052542018783,0.3243723,8.841754,4.2294865
20052546776804,0.32458818,8.841839,4.229291
20052551534877,0.32485348,8.841914,4.229114
20052556292950,0.32511407,8.841984,4.228947
20052561050971,0.3252828,8.842007,4.2288895
20052565809043,0.32539758,8.841938,4.2290215
20052570567116,0.32547843,8.841866,4.229169
20052575325189,0.3256441,8.841767,4.22936
20052580083210,0.32605472,8.841764,4.2293363
20052584841283,0.32650837,8.841735,4.2293625
20052589599356,0.32714576,8.84172,4.229345
20052594357429,0.32772985,8.841705,4.2293296
20052599115450,0.32824546,8.8417,4.2293
20052603873523,0.32859078,8.841698,4.2292786
20052608631596,0.32844153,8.8416,4.2294927
20052613389616,0.32787293,8.841536,4.2296715
20052618147689,0.32705623,8.841522,4.2297654
20052622905762,0.32615218,8.841505,4.2298713
20052627663835,0.3251884,8.841503,4.229951
20052632421856,0.32426056,8.841536,4.229952
20052637179929,0.32377955,8.841602,4.22985
20052641938002,0.3234489,8.841729,4.22961
20052646696023,0.3233529,8.841842,4.2293816
20052651454096,0.32358888,8.841963,4.2291107
20052656212116,0.3239258,8.842123,4.2287493
20052660970189,0.32443532,8.842294,4.228353
20052665728262,0.3247986,8.842462,4.2279716
20052670486335,0.3251557,8.842579,4.2277026
20052675244408,0.32543308,8.842611,4.2276125
20052680002429,0.32582054,8.842606,4.2275953
20052684760502,0.3259843,8.8426075,4.2275767
20052689518575,0.32618636,8.84259,4.227597
20052694276596,0.32648173,8.842543,4.227675
20052699034668,0.32676286,8.8425255,4.2276893
20052703792741,0.32691672,8.842544,4.22764
20052708550814,0.32693675,8.842541,4.227642
20052713308835,0.32672533,8.842508,4.22773
20052718066908,0.32636595,8.842447,4.227882
20052722824981,0.325976,8.842441,4.2279263
20052727583002,0.3255756,8.842506,4.227821
20052732341075,0.32524657,8.842508,4.2278423
20052737099148,0.3249923,8.842515,4.227847
20052741857168,0.32489246,8.842533,4.2278166
