t_s,v_gnss,v_raw,sigma,still,v_model,phase
3.5943,0.0000,0.0000,0.0498,1,0.0000,0
3.6943,0.0000,0.0000,0.0498,1,0.0000,0
3.7943,0.0000,0.0000,0.0498,1,0.0000,0
3.8943,0.0000,0.0000,0.0498,1,0.0000,0
3.9943,0.0000,0.0000,0.0498,1,0.0000,0
4.0943,0.0000,0.0000,0.0498,1,0.0000,0
4.1943,0.0000,0.0000,0.0498,1,0.0000,0
4.2943,0.0000,0.0000,0.0498,1,0.0000,0
4.3943,0.0000,0.0000,0.0498,1,0.0000,0
4.4943,0.0000,0.0000,0.0498,1,0.0000,0
4.5943,0.0000,0.0000,0.0498,1,0.0000,0
4.6943,0.0000,0.0000,0.0498,1,0.0000,0
4.7943,0.0000,0.0000,0.0498,1,0.0000,0
4.8943,0.0000,0.0000,0.0498,1,0.0000,0
4.9943,0.0000,0.0000,0.0498,1,0.0000,0
5.0943,0.0000,0.0000,0.0498,1,0.0000,0
5.1943,0.0000,0.0000,0.0498,1,0.0000,0
5.2943,0.0000,0.0000,0.0498,1,0.0000,0
5.3943,0.0000,0.0000,0.0498,1,0.0000,0
5.4943,0.0000,0.0000,0.0498,1,0.0000,0
5.5943,0.0000,0.0000,0.0498,1,0.0000,0
5.6943,0.0000,0.0000,0.0498,1,0.0000,0
5.7943,0.0000,0.0000,0.0498,1,0.0000,0
5.8943,0.0000,0.0000,0.0498,1,0.0000,0
5.9943,0.0000,0.0000,0.0498,1,0.0000,0
6.0943,0.0000,0.0000,0.0498,1,0.0000,0
6.1943,0.0000,0.0000,0.0498,1,0.0000,0
6.2943,0.0000,0.0000,0.0498,1,0.0000,0
6.3943,0.0000,0.0000,0.0498,1,0.0000,0
6.4943,0.0000,0.0000,0.0498,1,0.0000,0
6.5943,0.0000,0.0000,0.0498,1,0.0000,0
6.6943,0.0000,0.0000,0.0498,1,0.0000,0
6.7943,0.0000,0.0000,0.0498,1,0.0000,0
6.8943,0.0000,0.0000,0.0498,1,0.0000,0
6.9943,0.0000,0.0000,0.0498,1,0.0000,0
7.0943,0.0000,0.0000,0.0498,1,0.0000,0
7.1943,0.0000,0.0000,0.0498,1,0.0000,0
7.2943,0.0000,0.0000,0.0498,1,0.0000,0
7.3943,0.0000,0.0000,0.0498,1,0.0000,0
7.4943,0.0000,0.0000,0.0498,1,0.0000,0
7.5943,0.0000,0.0000,0.0498,1,0.0000,0
7.6943,0.0000,0.0000,0.0498,1,0.0000,0
7.7943,0.0000,0.0000,0.0498,1,0.0000,0
7.8943,0.0000,0.0000,0.0498,1,0.0000,0
7.9943,0.0000,0.0000,0.0498,1,0.0000,0
8.0943,0.0000,0.0000,0.0498,1,0.0000,0
8.1943,0.0000,0.0000,0.0498,1,0.0000,0
8.2943,0.0000,0.0000,0.0498,1,0.0000,0
8.3943,0.0000,0.0000,0.0498,1,0.0000,0
8.4943,0.0000,0.0000,0.0498,1,0.0000,0
8.5943,0.0000,0.0000,0.0498,1,0.0000,0
8.6943,0.0000,0.0000,0.0498,1,0.0000,0
8.7943,0.0000,0.0000,0.0498,1,0.0000,0
8.8943,0.0000,0.0000,0.0498,1,0.0000,0
8.9943,0.0000,0.0000,0.0498,1,0.0000,0
9.0943,0.0000,0.0000,0.0498,1,0.0000,0
9.1943,0.0000,0.0000,0.0498,1,0.0000,0
9.2943,0.0000,0.0000,0.0498,1,0.0000,0
9.3943,0.0000,0.0000,0.0498,1,0.0000,0
9.4943,0.0000,0.0000,0.0498,1,0.0000,0
9.5943,0.0000,0.0000,0.0498,1,0.0000,0
9.6943,0.0000,0.0000,0.0498,1,0.0000,0
9.7943,0.0000,0.0000,0.0498,1,0.0000,0
9.8943,0.0000,0.0000,0.0498,1,0.0000,0
9.9943,0.0000,0.0000,0.0498,1,0.0000,0
10.0943,0.0000,0.0000,0.0498,1,0.0000,0
10.1943,0.0000,0.0000,0.0498,1,0.0000,0
10.2943,0.0000,0.0000,0.0498,1,0.0000,0
10.3943,0.0000,0.0000,0.0498,1,0.0000,0
10.4943,0.0000,0.0000,0.0498,1,0.0000,0
10.5943,0.0000,0.0000,0.0498,1,0.0000,0
10.6943,0.0000,0.0000,0.0498,1,0.0000,0
10.7943,0.0000,0.0000,0.0498,1,0.0000,0
10.8943,0.0000,0.0000,0.0498,1,0.0000,0
10.9943,0.0000,0.0000,0.0498,1,0.0000,0
11.0943,0.0000,0.0000,0.0498,1,0.0000,0
11.1943,0.0000,0.0000,0.0498,1,0.0000,0
11.2943,0.0000,0.0000,0.0498,1,0.0000,0
11.3943,0.0000,0.0000,0.0498,1,0.0000,0
11.4943,0.0000,0.0000,0.0498,1,0.0000,0
11.5943,0.0000,0.0000,0.0498,1,0.0000,0
11.6943,0.0000,0.0000,0.0498,1,0.0000,0
11.7943,0.0000,0.0000,0.0498,1,0.0000,0
11.8943,0.0000,0.0000,0.0498,1,0.0000,0
11.9943,0.0000,0.0000,0.0498,1,0.0000,0
12.0943,0.0000,0.0000,0.0498,1,0.0000,0
12.1943,0.0000,0.0000,0.0498,1,0.0000,0
12.2943,0.0000,0.0000,0.0498,1,0.0000,0
12.3943,0.0000,0.0000,0.0498,1,0.0000,0
12.4943,0.0000,0.0000,0.0498,1,0.0000,0
12.5943,0.0000,0.0000,0.0498,1,0.0000,0
12.6943,0.0000,0.0000,0.0498,1,0.0000,0
12.7943,0.0000,0.0000,0.0498,1,0.0000,0
12.8943,0.0000,0.0000,0.0498,1,0.0000,0
12.9943,0.0000,0.0000,0.0498,1,0.0000,0
13.0943,0.0000,0.0000,0.0498,1,0.0000,0
13.1943,0.0000,0.0000,0.0498,1,0.0000,0
13.2943,0.0000,0.0000,0.0498,1,0.0000,0
13.3943,0.0000,0.0000,0.0498,1,0.0000,0
13.4943,0.0000,0.0000,0.0498,1,0.0000,0
13.5943,0.0000,0.0000,0.0498,1,0.0000,0
13.6943,0.0000,0.0000,0.0498,1,0.0000,0
13.7943,0.0000,0.0000,0.0498,1,0.0000,0
13.8943,0.0000,0.0000,0.0498,1,0.0000,0
13.9943,0.0000,0.0000,0.0498,1,0.0000,0
14.0943,0.0000,0.0000,0.0498,1,0.0000,0
14.1943,0.0000,0.0000,0.0498,1,0.0000,0
14.2943,0.0000,0.0000,0.0498,1,0.0000,0
14.3943,0.0000,0.0000,0.0498,1,0.0000,0
14.4943,0.0000,0.0000,0.0498,1,0.0000,0
17.5943,0.0000,0.0000,0.0498,1,0.0000,1
17.6943,0.0000,0.0000,0.0498,1,0.0000,1
17.7943,0.0000,0.0000,0.0498,1,0.0000,1
17.8943,0.0000,0.0000,0.0498,1,0.0000,1
17.9943,0.0000,0.0000,0.0498,1,0.0000,1
18.0943,0.0000,0.0000,0.0498,1,0.0000,1
18.1943,0.0000,0.0000,0.0498,1,0.0000,1
18.2943,0.0000,0.0000,0.0498,1,0.0000,1
18.3943,0.0000,0.0000,0.0498,1,0.0000,1
18.4943,0.0000,0.0000,0.0498,1,0.0000,1
18.5943,0.0000,0.0000,0.0498,1,0.0000,1
18.6943,0.0000,0.0000,0.0498,1,0.0000,1
18.7943,0.0000,0.0000,0.0498,1,0.0000,1
18.8943,0.0000,0.0000,0.0498,1,0.0000,1
18.9943,0.0000,0.0000,0.0498,1,0.0000,1
19.0943,0.0000,0.0000,0.0498,1,0.0000,1
19.1943,0.0000,0.0000,0.0498,1,0.0000,1
19.2943,0.0000,0.0000,0.0498,1,0.0000,1
19.3943,0.0000,0.0000,0.0498,1,0.0000,1
19.4943,0.0000,0.0000,0.0498,1,0.0000,1
19.5943,0.0000,0.0000,0.0498,1,0.0000,1
19.6943,0.0000,0.0000,0.0498,1,0.0000,1
19.7943,0.0000,0.0000,0.0498,1,0.0000,1
19.8943,0.0000,0.0000,0.0498,1,0.0000,1
19.9943,0.0000,0.0000,0.0498,1,0.0000,1
20.0943,0.0000,0.0000,0.0498,1,0.0000,1
20.1943,0.0000,0.0000,0.0498,1,0.0000,1
20.2943,0.0000,0.0000,0.0498,1,0.0000,1
20.3943,0.0000,0.0000,0.0498,1,0.0000,1
20.4943,0.0000,0.0000,0.0498,1,0.0000,1
20.5943,0.0000,0.0000,0.0498,1,0.0000,1
20.6943,0.0000,0.0000,0.0498,1,0.0000,1
20.7943,0.0000,0.0000,0.0498,1,0.0000,1
20.8943,0.0000,0.0000,0.0498,1,0.0000,1
20.9943,0.0000,0.0000,0.0498,1,0.0000,1
21.0943,0.0000,0.0000,0.0498,1,0.0000,1
21.1943,0.0000,0.0000,0.0498,1,0.0000,1
21.2943,0.0000,0.0000,0.0498,1,0.0000,1
21.3943,0.0000,0.0000,0.0498,1,0.0000,1
21.4943,0.0000,0.0000,0.0498,1,0.0000,1
21.5943,0.0000,0.0000,0.0498,1,0.0000,1
21.6943,0.0000,0.0000,0.0498,1,0.0000,1
21.7943,0.0000,0.0000,0.0498,1,0.0000,1
21.8943,0.0000,0.0000,0.0498,1,0.0000,1
21.9943,0.0000,0.0000,0.0498,1,0.0000,1
22.0943,0.0000,0.0000,0.0498,1,0.0000,1
22.1943,0.0000,0.0000,0.0498,1,0.0000,1
22.2943,0.0000,0.0000,0.0498,1,0.0000,1
22.3943,0.0000,0.0000,0.0498,1,0.0000,1
22.4943,0.0000,0.0000,0.0498,1,0.0000,1
22.5943,0.0000,0.0000,0.0498,1,0.0000,1
22.6943,0.0000,0.0000,0.0498,1,0.0000,1
22.7943,0.0000,0.0000,0.0498,1,0.0000,1
22.8943,0.0000,0.0000,0.0498,1,0.0000,1
22.9943,0.0000,0.0000,0.0498,1,0.0000,1
23.0943,0.0000,0.0000,0.0498,1,0.0000,1
23.1943,0.0000,0.0000,0.0498,1,0.0000,1
23.2943,0.0000,0.0000,0.0498,1,0.0000,1
23.3943,0.0000,0.0000,0.0498,1,0.0000,1
23.4943,0.0000,0.0000,0.0498,1,0.0000,1
23.5943,0.0000,0.0000,0.0498,1,0.0000,1
23.6943,0.0000,0.0000,0.0498,1,0.0000,1
23.7943,0.0000,0.0000,0.0498,1,0.0000,1
23.8943,0.0000,0.0000,0.0498,1,0.0000,1
23.9943,0.0000,0.0000,0.0498,1,0.0000,1
24.0943,0.0000,0.0000,0.0498,1,0.0000,1
24.1943,0.0000,0.0000,0.0498,1,0.0000,1
24.2943,0.0000,0.0000,0.0498,1,0.0000,1
24.3943,0.0000,0.0000,0.0498,1,0.0000,1
24.4943,0.0000,0.0000,0.0498,1,0.0000,1
24.5943,0.0000,0.0000,0.0498,1,0.0000,1
24.6943,0.0000,0.0000,0.0498,1,0.0000,1
24.7943,0.0000,0.0000,0.0498,1,0.0000,1
24.8943,0.0000,0.0000,0.0498,1,0.0000,1
24.9943,0.0000,0.0000,0.0498,1,0.0000,1
25.0943,0.0000,0.0000,0.0498,1,0.0000,1
25.1943,0.0000,0.0000,0.0498,1,0.0000,1
25.2943,0.0000,0.0000,0.0498,1,0.0000,1
25.3943,0.0000,0.0000,0.0498,1,0.0000,1
25.4943,0.0000,0.0000,0.0498,1,0.0000,1
25.5943,0.0000,0.0000,0.0498,1,0.0000,1
25.6943,0.0000,0.0000,0.0498,1,0.0000,1
25.7943,0.0000,0.0000,0.0498,1,0.0000,1
25.8943,0.0000,0.0000,0.0498,1,0.0000,1
25.9943,0.0000,0.0000,0.0498,1,0.0000,1
26.0943,0.0000,0.0000,0.0498,1,0.0000,1
26.1943,0.0000,0.0000,0.0498,1,0.0000,1
26.2943,0.0000,0.0000,0.0498,1,0.0000,1
26.3943,0.0000,0.0000,0.0498,1,0.0000,1
26.4943,0.0000,0.0000,0.0498,1,0.0000,1
26.5943,0.0000,0.0000,0.0498,1,0.0000,1
26.6943,0.0000,0.0000,0.0498,1,0.0000,1
26.7943,0.0000,0.0000,0.0498,1,0.0000,1
26.8943,0.0000,0.0000,0.0498,1,0.0000,1
26.9943,0.0000,0.0000,0.0498,1,0.0000,1
27.0943,0.0000,0.0000,0.0498,1,0.0000,1
27.1943,0.0000,0.0000,0.0498,1,0.0000,1
27.2943,0.0000,0.0000,0.0498,1,0.0000,1
27.3943,0.0000,0.0000,0.0498,1,0.0000,1
27.4943,0.0000,0.0000,0.0498,1,0.0000,1
27.5943,0.0000,0.0000,0.0498,0,0.0000,1
27.6943,0.0000,0.0007,0.0498,0,0.0001,1
27.7943,0.0000,0.0000,0.0498,0,0.0001,1
27.8943,0.0000,0.0000,0.0498,0,0.0001,1
27.9943,0.0000,0.0000,0.0498,0,0.0001,1
28.0943,0.0000,0.0000,0.0498,0,0.0000,1
28.1943,0.0000,0.0000,0.0498,0,0.0000,1
28.2943,0.0000,0.0000,0.0498,1,0.0000,1
28.3943,0.0000,0.0000,0.0498,1,0.0000,1
28.4943,0.0000,0.0000,0.0498,1,0.0000,1
28.5943,0.0000,0.0000,0.0498,1,0.0000,1
28.6943,0.0000,0.0000,0.0498,1,0.0000,1
28.7943,0.0000,0.0000,0.0498,1,0.0000,1
28.8943,0.0000,0.0000,0.0498,1,0.0000,1
28.9943,0.0000,0.0000,0.0498,1,0.0000,1
29.0943,0.0000,0.0000,0.0498,1,0.0000,1
29.1943,0.0000,0.0000,0.0498,1,0.0000,1
29.2943,0.0000,0.0000,0.0498,1,0.0000,1
29.3943,0.0000,0.0000,0.0498,1,0.0000,1
29.4943,0.0000,0.0000,0.0498,1,0.0000,1
29.5943,0.0000,0.0000,0.0498,1,0.0000,1
29.6943,0.0000,0.0000,0.0498,1,0.0000,1
29.7943,0.0142,0.0000,0.0498,1,0.0000,1
29.8943,0.0370,0.0000,0.0498,1,0.0000,1
29.9943,0.0598,0.0166,0.0498,0,0.0016,1
30.0943,0.0826,0.0796,0.0498,0,0.0090,1
30.1943,0.1054,0.0838,0.0498,0,0.0161,1
30.2943,0.1282,0.1088,0.0557,0,0.0250,1
30.3943,0.1510,0.0796,0.0626,0,0.0301,1
30.4943,0.1738,0.1613,0.0732,0,0.0426,1
30.5943,0.1966,0.1666,0.0781,0,0.0544,1
30.6943,0.2194,0.2975,0.1011,0,0.0776,1
30.7943,0.3591,0.3938,0.1171,0,0.1077,1
30.8943,0.5995,0.5306,0.1496,0,0.1479,1
30.9943,0.8398,0.6336,0.1531,0,0.1941,1
31.0943,1.0802,0.7492,0.1834,0,0.2469,1
31.1943,1.3206,0.9333,0.2094,0,0.3123,1
31.2943,1.5610,1.0691,0.2551,0,0.3843,1
31.3943,1.8014,1.1454,0.2604,0,0.4567,1
31.4943,2.0418,1.2200,0.3331,0,0.5293,1
31.5943,2.2822,1.4567,0.3567,0,0.6176,1
31.6943,2.5225,1.7400,0.3980,0,0.7244,1
31.7943,2.5892,1.8068,0.3983,0,0.8274,1
31.8943,2.5375,1.8286,0.4589,0,0.9227,1
31.9943,2.4857,2.0519,0.4539,0,1.0301,1
32.0943,2.4340,2.1476,0.4840,0,1.1365,1
32.1943,2.3822,2.2172,0.4861,0,1.2393,1
32.2943,2.3305,2.1633,0.5166,0,1.3273,1
32.3943,2.2787,2.2162,0.4903,0,1.4119,1
32.4943,2.2270,2.3563,0.4815,0,1.5017,1
32.5943,2.1752,2.2795,0.4698,0,1.5757,1
32.6943,2.1235,2.2267,0.4932,0,1.6377,1
32.7943,2.1419,2.5288,0.3895,0,1.7225,1
32.8943,2.2186,2.5671,0.4264,0,1.8029,1
32.9943,2.2953,2.6499,0.3868,0,1.8835,1
33.0943,2.3721,2.5669,0.4272,0,1.9485,1
33.1943,2.4488,2.7613,0.3382,0,2.0259,1
33.2943,2.5255,2.7996,0.3480,0,2.0995,1
33.3943,2.6022,2.7032,0.3589,0,2.1569,1
33.4943,2.6789,2.6319,0.3872,0,2.2021,1
33.5943,2.7556,2.8931,0.3443,0,2.2679,1
33.6943,2.8323,2.8722,0.3494,0,2.3254,1
33.7943,2.9095,2.8393,0.3500,0,2.3743,1
33.8943,2.9869,2.8502,0.3565,0,2.4196,1
33.9943,3.0643,3.0411,0.3012,0,2.4787,1
34.0943,3.1418,3.0122,0.3016,0,2.5295,1
34.1943,3.2192,2.9334,0.3006,0,2.5679,1
34.2943,3.2966,2.9325,0.2840,0,2.6026,1
34.3943,3.3740,3.2128,0.2496,0,2.6607,1
34.4943,3.4514,3.1981,0.2514,0,2.7118,1
34.5943,3.5289,3.2441,0.2403,0,2.7625,1
34.6943,3.6063,3.2070,0.2793,0,2.8048,1
34.7943,3.6571,3.4790,0.2358,0,2.8690,1
34.8943,3.6874,3.5736,0.2175,0,2.9360,1
34.9943,3.7176,3.5772,0.2241,0,2.9970,1
35.0943,3.7479,3.6923,0.2229,0,3.0632,1
35.1943,3.7782,3.7389,0.2191,0,3.1275,1
35.2943,3.8084,3.8195,0.2066,0,3.1933,1
35.3943,3.8387,3.7994,0.2145,0,3.2510,1
35.4943,3.8690,3.7979,0.2191,0,3.3030,1
35.5943,3.8992,3.8266,0.2096,0,3.3529,1
35.6943,3.9295,4.0178,0.1931,0,3.4161,1
35.7943,3.9627,4.0711,0.2098,0,3.4785,1
35.8943,3.9974,4.1967,0.2089,0,3.5468,1
35.9943,4.0321,4.1525,0.1892,0,3.6045,1
36.0943,4.0669,4.4201,0.1869,0,3.6821,1
36.1943,4.1016,4.2754,0.1893,0,3.7385,1
36.2943,4.1363,4.2933,0.1936,0,3.7913,1
36.3943,4.1711,4.3306,0.1860,0,3.8426,1
36.4943,4.2058,4.4661,0.1888,0,3.9020,1
36.5943,4.2405,4.3213,0.1957,0,3.9419,1
36.6943,4.2753,4.4879,0.2103,0,3.9938,1
36.7943,4.2877,4.2535,0.1942,0,4.0185,1
36.8943,4.2837,4.4903,0.2158,0,4.0634,1
36.9943,4.2797,4.2594,0.2093,0,4.0821,1
37.0943,4.2757,4.4148,0.2012,0,4.1138,1
37.1943,4.2717,4.3007,0.1953,0,4.1315,1
37.2943,4.2677,4.3807,0.2285,0,4.1553,1
37.3943,4.2637,4.3972,0.2094,0,4.1783,1
37.4943,4.2597,4.4949,0.2161,0,4.2084,1
37.5943,4.2557,4.4613,0.2198,0,4.2325,1
37.6943,4.2517,4.4640,0.2628,0,4.2545,1
37.7943,4.2528,4.3523,0.2132,0,4.2638,1
37.8943,4.2578,4.3750,0.2118,0,4.2744,1
37.9943,4.2629,4.4922,0.2106,0,4.2951,1
38.0943,4.2679,4.4738,0.2380,0,4.3121,1
38.1943,4.2729,4.4581,0.1960,0,4.3260,1
38.2943,4.2779,4.3841,0.1988,0,4.3315,1
38.3943,4.2829,4.3867,0.2094,0,4.3368,1
38.4943,4.2879,4.4030,0.2250,0,4.3431,1
38.5943,4.2930,4.4065,0.1932,0,4.3491,1
38.6943,4.2980,4.2814,0.1947,0,4.3427,1
38.7943,4.2928,4.3055,0.1829,0,4.3391,1
38.8943,4.2808,4.1161,0.2083,0,4.3179,1
38.9943,4.2687,4.3343,0.1799,0,4.3195,1
39.0943,4.2567,4.3879,0.1695,0,4.3260,1
39.1943,4.2447,4.3423,0.1805,0,4.3276,1
39.2943,4.2326,4.3880,0.1710,0,4.3333,1
39.3943,4.2206,4.4568,0.1511,0,4.3451,1
39.4943,4.2086,4.3452,0.1564,0,4.3451,1
39.5943,4.1965,4.5072,0.1602,0,4.3605,1
39.6943,4.1845,4.3804,0.1575,0,4.3624,1
39.7943,4.1869,4.3134,0.1561,0,4.3577,1
39.8943,4.1979,4.3710,0.1560,0,4.3590,1
39.9943,4.2089,4.2423,0.1590,0,4.3479,1
40.0943,4.2198,4.2992,0.1487,0,4.3433,1
40.1943,4.2308,4.3275,0.1496,0,4.3418,1
40.2943,4.2418,4.1753,0.1584,0,4.3259,1
40.3943,4.2528,4.2949,0.1590,0,4.3230,1
40.4943,4.2638,4.1777,0.1707,0,4.3091,1
40.5943,4.2748,4.1063,0.1726,0,4.2898,1
40.6943,4.2857,4.1898,0.1705,0,4.2803,1
40.7943,4.2845,4.1772,0.1612,0,4.2705,1
40.8943,4.2756,4.2459,0.1679,0,4.2682,1
40.9943,4.2666,4.2434,0.1643,0,4.2658,1
41.0943,4.2577,4.0719,0.1754,0,4.2473,1
41.1943,4.2487,4.2419,0.1760,0,4.2468,1
41.2943,4.2397,4.3319,0.1727,0,4.2549,1
41.3943,4.2308,4.3300,0.1931,0,4.2621,1
41.4943,4.2218,4.2607,0.2044,0,4.2619,1
41.5943,4.2129,4.3443,0.2174,0,4.2698,1
41.6943,4.2039,4.4077,0.2133,0,4.2829,1
41.7943,4.2101,4.4707,0.2292,0,4.3008,1
41.8943,4.2282,4.3613,0.2211,0,4.3065,1
41.9943,4.2463,4.3469,0.2212,0,4.3104,1
42.0943,4.2644,4.4049,0.2224,0,4.3194,1
42.1943,4.2824,4.4671,0.2033,0,4.3334,1
42.2943,4.3005,4.3373,0.2029,0,4.3338,1
42.3943,4.3186,4.3879,0.2103,0,4.3389,1
42.4943,4.3367,4.3718,0.2023,0,4.3421,1
42.5943,4.3548,4.4212,0.2032,0,4.3496,1
42.6943,4.3728,4.4236,0.1864,0,4.3567,1
42.7943,4.3752,4.4222,0.1976,0,4.3629,1
42.8943,4.3671,4.4358,0.1959,0,4.3698,1
42.9943,4.3591,4.4586,0.1750,0,4.3783,1
43.0943,4.3511,4.4022,0.1767,0,4.3806,1
43.1943,4.3430,4.3781,0.1815,0,4.3803,1
43.2943,4.3350,4.3834,0.1659,0,4.3806,1
43.3943,4.3270,4.2846,0.1706,0,4.3715,1
43.4943,4.3189,4.2303,0.1611,0,4.3580,1
43.5943,4.3109,4.3331,0.1525,0,4.3557,1
43.6943,4.3029,4.2764,0.1571,0,4.3481,1
43.7943,4.3013,4.2410,0.1376,0,4.3379,1
43.8943,4.3033,4.2322,0.1413,0,4.3279,1
43.9943,4.3053,4.1827,0.1345,0,4.3141,1
44.0943,4.3073,4.3127,0.1366,0,4.3139,1
44.1943,4.3092,4.2678,0.1301,0,4.3095,1
44.2943,4.3112,4.1655,0.1364,0,4.2958,1
44.3943,4.3132,4.2840,0.1382,0,4.2947,1
44.4943,4.3152,4.3145,0.1345,0,4.2966,1
44.5943,4.3172,4.4059,0.1321,0,4.3070,1
44.6943,4.3192,4.3603,0.1343,0,4.3121,1
44.7943,4.3206,4.3372,0.1308,0,4.3145,1
44.8943,4.3216,4.4529,0.1242,0,4.3276,1
44.9943,4.3226,4.4555,0.1291,0,4.3398,1
45.0943,4.3236,4.4221,0.1257,0,4.3476,1
45.1943,4.3246,4.4148,0.1294,0,4.3540,1
45.2943,4.3256,4.4462,0.1186,0,4.3628,1
45.3943,4.3266,4.4492,0.1306,0,4.3710,1
45.4943,4.3276,4.4805,0.1253,0,4.3814,1
45.5943,4.3286,4.5224,0.1231,0,4.3949,1
45.6943,4.3296,4.4647,0.1228,0,4.4015,1
45.7943,4.3369,4.5302,0.1288,0,4.4137,1
45.8943,4.3489,4.6385,0.1205,0,4.4351,1
45.9943,4.3610,4.5039,0.1422,0,4.4417,1
46.0943,4.3731,4.5521,0.1280,0,4.4522,1
46.1943,4.3851,4.4645,0.1385,0,4.4534,1
46.2943,4.3972,4.5078,0.1367,0,4.4585,1
46.3943,4.4093,4.6332,0.1376,0,4.4752,1
46.4943,4.4213,4.5122,0.1238,0,4.4787,1
46.5943,4.4334,4.4291,0.1355,0,4.4740,1
46.6943,4.4455,4.4731,0.1265,0,4.4739,1
46.7943,4.4568,4.5237,0.1318,0,4.4786,1
46.8943,4.4678,4.5056,0.1291,0,4.4812,1
46.9943,4.4788,4.3754,0.1356,0,4.4711,1
47.0943,4.4898,4.4116,0.1292,0,4.4655,1
47.1943,4.5008,4.5442,0.1310,0,4.4730,1
47.2943,4.5117,4.4424,0.1311,0,4.4701,1
47.3943,4.5227,4.4056,0.1365,0,4.4639,1
47.4943,4.5337,4.3558,0.1284,0,4.4536,1
47.5943,4.5447,4.3858,0.1378,0,4.4472,1
47.6943,4.5556,4.5508,0.1367,0,4.4570,1
47.7943,4.5582,4.4332,0.1372,0,4.4548,1
47.8943,4.5552,4.4587,0.1315,0,4.4552,1
47.9943,4.5521,4.5115,0.1383,0,4.4605,1
48.0943,4.5491,4.5854,0.1324,0,4.4724,1
48.1943,4.5461,4.5235,0.1357,0,4.4773,1
48.2943,4.5431,4.4689,0.1290,0,4.4765,1
48.3943,4.5401,4.4183,0.1321,0,4.4709,1
48.4943,4.5371,4.6183,0.1284,0,4.4850,1
48.5943,4.5340,4.6116,0.1377,0,4.4970,1
48.6943,4.5310,4.6473,0.1310,0,4.5113,1
48.7943,4.5280,4.4811,0.1410,0,4.5084,1
48.8943,4.5251,4.6827,0.1390,0,4.5250,1
48.9943,4.5221,4.6228,0.1374,0,4.5343,1
49.0943,4.5191,4.6303,0.1368,0,4.5435,1
49.1943,4.5161,4.4908,0.1415,0,4.5385,1
49.2943,4.5131,4.6325,0.1328,0,4.5474,1
49.3943,4.5102,4.5989,0.1319,0,4.5523,1
49.4943,4.5072,4.6396,0.1403,0,4.5606,1
49.5943,4.5042,4.5264,0.1489,0,4.5574,1
49.6943,4.5012,4.6837,0.1420,0,4.5694,1
49.7943,4.5094,4.6024,0.1410,0,4.5725,1
49.8943,4.5255,4.6315,0.1411,0,4.5781,1
49.9943,4.5415,4.5671,0.1474,0,4.5771,1
50.0943,4.5576,4.6330,0.1427,0,4.5824,1
50.1943,4.5736,4.6655,0.1486,0,4.5903,1
50.2943,4.5896,4.8017,0.1551,0,4.6104,1
50.3943,4.6057,4.6419,0.1701,0,4.6134,1
50.4943,4.6217,4.9410,0.1669,0,4.6446,1
50.5943,4.6377,4.8534,0.1894,0,4.6645,1
50.6943,4.6538,4.8570,0.1705,0,4.6828,1
50.7943,4.6618,4.8678,0.1923,0,4.7004,1
50.8943,4.6648,4.8655,0.1827,0,4.7161,1
50.9943,4.6678,4.6657,0.1917,0,4.7113,1
51.0943,4.6708,4.8000,0.1917,0,4.7197,1
51.1943,4.6738,4.7345,0.1917,0,4.7211,1
51.2943,4.6768,4.7967,0.1814,0,4.7283,1
51.3943,4.6798,4.7291,0.2031,0,4.7284,1
51.4943,4.6827,4.7261,0.1674,0,4.7282,1
51.5943,4.6857,4.7781,0.1877,0,4.7329,1
51.6943,4.6887,4.8290,0.1895,0,4.7421,1
51.7943,4.6877,4.6860,0.2119,0,4.7367,1
51.8943,4.6837,4.8653,0.1882,0,4.7490,1
51.9943,4.6797,4.8238,0.2003,0,4.7561,1
52.0943,4.6757,4.7102,0.1922,0,4.7517,1
52.1943,4.6718,4.7252,0.1887,0,4.7492,1
52.2943,4.6678,4.7428,0.1715,0,4.7486,1
52.3943,4.6638,4.7830,0.1768,0,4.7519,1
52.4943,4.6598,4.7941,0.1686,0,4.7559,1
52.5943,4.6558,4.6018,0.1776,0,4.7412,1
52.6943,4.6518,4.5403,0.1624,0,4.7221,1
52.7943,4.6434,4.6121,0.1527,0,4.7116,1
52.8943,4.6314,4.6196,0.1462,0,4.7029,1
52.9943,4.6194,4.5711,0.1412,0,4.6903,1
53.0943,4.6075,4.5038,0.1353,0,4.6726,1
53.1943,4.5955,4.6153,0.1279,0,4.6671,1
53.2943,4.5835,4.6557,0.1325,0,4.6660,1
53.3943,4.5715,4.5570,0.1435,0,4.6557,1
53.4943,4.5595,4.6858,0.1332,0,4.6585,1
53.5943,4.5476,4.7703,0.1313,0,4.6692,1
53.6943,4.5356,4.8016,0.1305,0,4.6818,1
53.7943,4.5332,4.6834,0.1317,0,4.6819,1
53.8943,4.5393,4.6875,0.1302,0,4.6825,1
53.9943,4.5453,4.6830,0.1283,0,4.6825,1
54.0943,4.5514,4.7585,0.1364,0,4.6897,1
54.1943,4.5574,4.7261,0.1348,0,4.6932,1
54.2943,4.5634,4.7156,0.1298,0,4.6953,1
54.3943,4.5695,4.7439,0.1236,0,4.7000,1
54.4943,4.5755,4.7879,0.1330,0,4.7083,1
54.5943,4.5816,4.8927,0.1365,0,4.7259,1
54.6943,4.5876,4.8865,0.1356,0,4.7412,1
54.7943,4.5924,4.7443,0.1399,0,4.7415,1
54.8943,4.5964,4.7470,0.1469,0,4.7420,1
54.9943,4.6004,4.7253,0.1568,0,4.7404,1
55.0943,4.6044,4.7781,0.1548,0,4.7440,1
55.1943,4.6084,4.7007,0.1368,0,4.7399,1
55.2943,4.6124,4.7368,0.1474,0,4.7396,1
55.3943,4.6164,4.7828,0.1447,0,4.7437,1
55.4943,4.6203,4.7758,0.1500,0,4.7467,1
55.5943,4.6243,4.7228,0.1466,0,4.7445,1
55.6943,4.6283,4.7495,0.1630,0,4.7449,1
55.7943,4.6312,4.7487,0.1553,0,4.7453,1
55.8943,4.6331,4.6306,0.1572,0,4.7344,1
55.9943,4.6351,4.6153,0.1416,0,4.7231,1
56.0943,4.6371,4.5551,0.1453,0,4.7071,1
56.1943,4.6391,4.6933,0.1499,0,4.7058,1
56.2943,4.6411,4.6422,0.1565,0,4.6997,1
56.3943,4.6431,4.7075,0.1619,0,4.7005,1
56.4943,4.6451,4.8220,0.1661,0,4.7120,1
56.5943,4.6471,4.7188,0.1605,0,4.7127,1
56.6943,4.6491,4.7688,0.1688,0,4.7180,1
56.7943,4.6553,4.7225,0.1634,0,4.7184,1
56.8943,4.6654,4.7129,0.1662,0,4.7179,1
56.9943,4.6754,4.5608,0.1662,0,4.7030,1
57.0943,4.6854,4.4485,0.1686,0,4.6787,1
57.1943,4.6955,4.6650,0.1663,0,4.6774,1
57.2943,4.7055,4.6979,0.1721,0,4.6794,1
57.3943,4.7155,4.6298,0.1577,0,4.6747,1
57.4943,4.7256,4.6679,0.1603,0,4.6740,1
57.5943,4.7356,4.7869,0.1662,0,4.6848,1
57.6943,4.7456,4.7728,0.1734,0,4.6931,1
57.7943,4.7466,4.6547,0.1681,0,4.6895,1
57.8943,4.7406,4.6624,0.1774,0,4.6869,1
57.9943,4.7345,4.7886,0.1719,0,4.6966,1
58.0943,4.7285,4.7402,0.1854,0,4.7007,1
58.1943,4.7225,4.6903,0.1599,0,4.6997,1
58.2943,4.7165,4.7450,0.1557,0,4.7041,1
58.3943,4.7104,4.7707,0.1601,0,4.7104,1
58.4943,4.7044,4.7874,0.1670,0,4.7177,1
58.5943,4.6984,4.7938,0.1583,0,4.7250,1
58.6943,4.6923,4.6489,0.1734,0,4.7177,1
58.7943,4.6918,4.8037,0.1527,0,4.7259,1
58.8943,4.6948,4.6107,0.1774,0,4.7149,1
58.9943,4.6978,4.6775,0.1646,0,4.7114,1
59.0943,4.7008,4.6167,0.1545,0,4.7024,1
59.1943,4.7039,4.6044,0.1515,0,4.6930,1
59.2943,4.7069,4.6536,0.1524,0,4.6893,1
59.3943,4.7099,4.7908,0.1526,0,4.6990,1
59.4943,4.7129,4.8567,0.1566,0,4.7140,1
59.5943,4.7159,4.8348,0.1357,0,4.7255,1
59.6943,4.7189,4.7290,0.1518,0,4.7258,1
59.7943,4.7212,4.8223,0.1493,0,4.7350,1
59.8943,4.7232,4.8383,0.1606,0,4.7448,1
59.9943,4.7252,4.7291,0.1408,0,4.7433,1
60.0943,4.7272,4.6740,0.1434,0,4.7367,1
60.1943,4.7292,4.8154,0.1458,0,4.7442,1
60.2943,4.7312,4.7524,0.1523,0,4.7450,1
60.3943,4.7332,4.7292,0.1306,0,4.7435,1
60.4943,4.7351,4.7728,0.1419,0,4.7463,1
60.5943,4.7371,4.8438,0.1469,0,4.7556,1
60.6943,4.7391,4.8396,0.1566,0,4.7636,1
60.7943,4.7361,4.8008,0.1443,0,4.7671,1
60.8943,4.7291,4.7831,0.1581,0,4.7686,1
60.9943,4.7221,4.8690,0.1562,0,4.7782,1
61.0943,4.7151,4.9868,0.1699,0,4.7980,1
61.1943,4.7081,4.7799,0.1595,0,4.7963,1
61.2943,4.7011,4.8194,0.1686,0,4.7985,1
61.3943,4.6941,4.7097,0.1637,0,4.7901,1
61.4943,4.6871,4.7860,0.1794,0,4.7897,1
61.5943,4.6801,4.8572,0.1702,0,4.7961,1
61.6943,4.6732,4.7837,0.1760,0,4.7949,1
61.7943,4.6783,4.8399,0.1633,0,4.7992,1
61.8943,4.6933,4.8629,0.1792,0,4.8053,1
61.9943,4.7084,4.6732,0.1903,0,4.7927,1
62.0943,4.7235,4.8107,0.2044,0,4.7944,1
62.1943,4.7385,4.8190,0.1981,0,4.7967,1
62.2943,4.7536,4.7579,0.2136,0,4.7930,1
62.3943,4.7686,4.6320,0.2254,0,4.7777,1
62.4943,4.7837,4.7938,0.2270,0,4.7793,1
62.5943,4.7988,4.8155,0.2138,0,4.7827,1
62.6943,4.8138,4.8705,0.2281,0,4.7911,1
62.7943,4.8070,4.6183,0.2434,0,4.7746,1
62.8943,4.7849,4.7197,0.2697,0,4.7694,1
62.9943,4.7628,4.5877,0.2367,0,4.7521,1
63.0943,4.7407,4.7649,0.2397,0,4.7533,1
63.1943,4.7186,4.5806,0.2538,0,4.7369,1
63.2943,4.6966,4.6574,0.2488,0,4.7293,1
63.3943,4.6745,4.5391,0.2466,0,4.7112,1
63.4943,4.6524,4.5971,0.2310,0,4.7004,1
63.5943,4.6303,4.4096,0.2183,0,4.6727,1
63.6943,4.6082,4.6866,0.2495,0,4.6740,1
63.7943,4.6143,4.6134,0.2263,0,4.6682,1
63.8943,4.6372,4.7463,0.2416,0,4.6757,1
63.9943,4.6601,4.7550,0.2391,0,4.6832,1
64.0943,4.6829,4.8581,0.2410,0,4.6999,1
64.1943,4.7058,4.6275,0.2510,0,4.6930,1
64.2943,4.7287,4.5749,0.2535,0,4.6817,1
64.3943,4.7515,4.4738,0.2804,0,4.6619,1
64.4943,4.7744,4.5946,0.2771,0,4.6555,1
64.5943,4.7972,4.6909,0.2987,0,4.6589,1
64.6943,4.8201,4.6373,0.3012,0,4.6569,1
64.7943,4.8277,4.6777,0.3688,0,4.6588,1
64.8943,4.8237,4.7984,0.3435,0,4.6721,1
64.9943,4.8197,4.6701,0.3808,0,4.6719,1
65.0943,4.8157,4.6032,0.3309,0,4.6654,1
65.1943,4.8117,4.4863,0.4192,0,4.6483,1
65.2943,4.8076,4.5414,0.4052,0,4.6382,1
65.3943,4.8036,4.7514,0.4215,0,4.6489,1
65.4943,4.7996,4.6280,0.3583,0,4.6470,1
65.5943,4.7956,4.7276,0.4233,0,4.6546,1
65.6943,4.7916,4.8735,0.3774,0,4.6755,1
65.7943,4.7834,4.9104,0.3926,0,4.6978,1
65.8943,4.7725,5.0034,0.3527,0,4.7269,1
65.9943,4.7615,4.7776,0.3949,0,4.7317,1
66.0943,4.7506,4.9615,0.3573,0,4.7536,1
66.1943,4.7397,5.0211,0.3811,0,4.7790,1
66.2943,4.7287,4.8211,0.3247,0,4.7830,1
66.3943,4.7178,4.6688,0.3535,0,4.7722,1
66.4943,4.7069,4.8330,0.3373,0,4.7780,1
66.5943,4.6960,4.9613,0.3783,0,4.7954,1
66.6943,4.6850,5.1497,0.3126,0,4.8291,1
66.7943,4.6833,4.8786,0.2982,0,4.8338,1
66.8943,4.6893,5.0517,0.3506,0,4.8546,1
66.9943,4.6953,5.1046,0.3238,0,4.8784,1
67.0943,4.7014,5.1449,0.2782,0,4.9037,1
67.1943,4.7074,4.9151,0.2408,0,4.9048,1
67.2943,4.7135,5.0051,0.2317,0,4.9143,1
67.3943,4.7195,5.0764,0.2204,0,4.9298,1
67.4943,4.7255,5.0749,0.2134,0,4.9436,1
67.5943,4.7316,4.8988,0.1980,0,4.9393,1
67.6943,4.7376,5.0364,0.1919,0,4.9486,1
67.7943,4.7400,5.0639,0.2023,0,4.9595,1
67.8943,4.7400,5.0457,0.2148,0,4.9677,1
67.9943,4.7400,5.1055,0.1989,0,4.9808,1
68.0943,4.7400,4.8678,0.2160,0,4.9701,1
68.1943,4.7400,4.9989,0.2234,0,4.9728,1
68.2943,4.7400,4.7907,0.2034,0,4.9555,1
68.3943,4.7400,4.8125,0.1995,0,4.9419,1
68.4943,4.7400,4.8729,0.2070,0,4.9353,1
68.5943,4.7400,5.1408,0.2071,0,4.9549,1
68.6943,4.7400,4.9152,0.2139,0,4.9511,1
68.7943,4.7326,5.0548,0.1987,0,4.9610,1
68.8943,4.7206,4.9532,0.2098,0,4.9602,1
68.9943,4.7087,5.0186,0.1984,0,4.9658,1
69.0943,4.6967,4.8059,0.1926,0,4.9506,1
69.1943,4.6847,4.9079,0.1885,0,4.9465,1
69.2943,4.6728,4.8888,0.1929,0,4.9410,1
69.3943,4.6608,5.0807,0.1847,0,4.9543,1
69.4943,4.6488,4.7107,0.1972,0,4.9311,1
69.5943,4.6369,4.9204,0.1878,0,4.9301,1
69.6943,4.6249,4.7503,0.1951,0,4.9130,1
69.7943,4.6200,4.9266,0.1957,0,4.9143,1
69.8943,4.6200,4.7789,0.2077,0,4.9014,1
69.9943,4.6200,4.7616,0.1933,0,4.8881,1
70.0943,4.6200,4.6905,0.2040,0,4.8693,1
70.1943,4.6200,4.8901,0.1802,0,4.8713,1
70.2943,4.6200,4.6405,0.1971,0,4.8493,1
70.3943,4.6200,4.6875,0.2040,0,4.8339,1
70.4943,4.6200,4.7521,0.1852,0,4.8261,1
70.5943,4.6200,4.9608,0.1912,0,4.8389,1
70.6943,4.6200,4.7908,0.2067,0,4.8344,1
70.7943,4.6212,4.8496,0.2037,0,4.8358,1
70.8943,4.6232,4.8048,0.2044,0,4.8329,1
70.9943,4.6252,4.8953,0.1870,0,4.8388,1
71.0943,4.6272,4.6708,0.1992,0,4.8228,1
71.1943,4.6292,4.6962,0.2169,0,4.8108,1
71.2943,4.6312,4.6324,0.2173,0,4.7938,1
71.3943,4.6332,4.7987,0.2229,0,4.7943,1
71.4943,4.6352,4.5524,0.2284,0,4.7712,1
71.5943,4.6372,4.7746,0.2235,0,4.7716,1
71.6943,4.6393,4.6876,0.2246,0,4.7636,1
71.7943,4.6325,4.7496,0.2068,0,4.7622,1
71.8943,4.6205,4.6018,0.2013,0,4.7470,1
71.9943,4.6085,4.7597,0.2268,0,4.7482,1
72.0943,4.5966,4.6082,0.2382,0,4.7349,1
72.1943,4.5846,4.6541,0.2311,0,4.7272,1
72.2943,4.5727,4.5998,0.2316,0,4.7151,1
72.3943,4.5607,4.9263,0.2316,0,4.7352,1
72.4943,4.5487,4.8039,0.2549,0,4.7417,1
72.5943,4.5368,4.8534,0.2411,0,4.7523,1
72.6943,4.5248,4.8708,0.2324,0,4.7636,1
72.7943,4.5259,4.9265,0.2482,0,4.7791,1
72.8943,4.5359,4.8887,0.2441,0,4.7895,1
72.9943,4.5458,4.9145,0.2542,0,4.8014,1
73.0943,4.5558,4.9378,0.2379,0,4.8144,1
73.1943,4.5657,5.0582,0.2237,0,4.8376,1
73.2943,4.5757,4.9529,0.2378,0,4.8486,1
73.3943,4.5856,4.7751,0.2265,0,4.8416,1
73.4943,4.5956,5.0334,0.2248,0,4.8598,1
73.5943,4.6055,4.9397,0.2379,0,4.8674,1
73.6943,4.6155,4.9117,0.2388,0,4.8716,1
73.7943,4.6266,4.8502,0.2234,0,4.8696,1
73.8943,4.6386,5.0465,0.2367,0,4.8864,1
73.9943,4.6507,4.9106,0.2195,0,4.8887,1
74.0943,4.6627,5.0178,0.2324,0,4.9010,1
74.1943,4.6748,4.8068,0.2180,0,4.8921,1
74.2943,4.6868,5.0643,0.2311,0,4.9084,1
74.3943,4.6989,4.9685,0.2248,0,4.9142,1
74.4943,4.7109,5.0445,0.2240,0,4.9266,1
74.5943,4.7230,4.9794,0.2305,0,4.9316,1
74.6943,4.7350,5.3248,0.2396,0,4.9690,1
74.7943,4.7507,5.0366,0.2451,0,4.9754,1
74.8943,4.7688,5.1773,0.2516,0,4.9946,1
74.9943,4.7869,4.8812,0.2324,0,4.9839,1
75.0943,4.8050,5.1027,0.2473,0,4.9952,1
75.1943,4.8232,4.9379,0.2513,0,4.9897,1
75.2943,4.8413,4.9629,0.2541,0,4.9872,1
75.3943,4.8594,4.8442,0.2451,0,4.9736,1
75.4943,4.8775,5.0112,0.2428,0,4.9771,1
75.5943,4.8956,4.9084,0.2381,0,4.9706,1
75.6943,4.9138,5.0567,0.2489,0,4.9788,1
75.7943,4.9155,4.9271,0.2602,0,4.9739,1
75.8943,4.9085,5.0663,0.2720,0,4.9827,1
75.9943,4.9016,5.0092,0.2571,0,4.9852,1
76.0943,4.8946,5.1272,0.2661,0,4.9987,1
76.1943,4.8877,4.9683,0.2814,0,4.9958,1
76.2943,4.8808,5.1358,0.2756,0,5.0091,1
76.3943,4.8738,5.1176,0.2680,0,5.0194,1
76.4943,4.8669,5.2091,0.2729,0,5.0375,1
76.5943,4.8600,4.8579,0.3249,0,5.0204,1
76.6943,4.8530,5.1891,0.2873,0,5.0364,1
76.7943,4.8567,5.0464,0.2559,0,5.0374,1
76.8943,4.8687,5.1180,0.2772,0,5.0451,1
76.9943,4.8807,4.8890,0.2956,0,5.0302,1
77.0943,4.8927,4.9689,0.2802,0,5.0244,1
77.1943,4.9047,4.9827,0.2754,0,5.0204,1
77.2943,4.9167,5.1009,0.2676,0,5.0281,1
77.3943,4.9287,4.7906,0.3404,0,5.0055,1
77.4943,4.9407,5.0445,0.3575,0,5.0092,1
77.5943,4.9527,5.2180,0.2915,0,5.0291,1
77.6943,4.9647,5.3510,0.3069,0,5.0597,1
77.7943,4.9689,5.2036,0.2943,0,5.0734,1
77.8943,4.9669,5.1190,0.3363,0,5.0777,1
77.9943,4.9649,5.1643,0.2850,0,5.0860,1
78.0943,4.9628,5.2285,0.2780,0,5.0995,1
78.1943,4.9608,5.2242,0.2763,0,5.1114,1
78.2943,4.9588,5.1760,0.2825,0,5.1175,1
78.3943,4.9568,5.2192,0.3349,0,5.1272,1
78.4943,4.9548,5.2571,0.3324,0,5.1396,1
78.5943,4.9528,5.1870,0.3111,0,5.1441,1
78.6943,4.9508,5.0970,0.3517,0,5.1396,1
78.7943,4.9524,5.2466,0.3798,0,5.1498,1
78.8943,4.9565,5.2139,0.3950,0,5.1559,1
78.9943,4.9605,5.4183,0.3235,0,5.1809,1
79.0943,4.9645,5.2635,0.4054,0,5.1887,1
79.1943,4.9685,5.2584,0.5026,0,5.1954,1
79.2943,4.9725,5.2799,0.4359,0,5.2034,1
79.3943,4.9765,5.2867,0.4070,0,5.2113,1
79.4943,4.9805,5.3913,0.4493,0,5.2285,1
79.5943,4.9845,5.5431,0.3793,0,5.2584,1
79.6943,4.9885,5.5489,0.3175,0,5.2860,1
79.7943,4.9949,5.5340,0.2834,0,5.3096,1
79.8943,5.0029,5.3380,0.3170,0,5.3123,1
79.9943,5.0109,5.3274,0.3584,0,5.3138,1
80.0943,5.0188,5.3080,0.2717,0,5.3132,1
80.1943,5.0268,5.1795,0.3221,0,5.3005,1
80.2943,5.0348,5.2673,0.3406,0,5.2973,1
80.3943,5.0428,5.2827,0.3342,0,5.2959,1
80.4943,5.0507,5.2012,0.2864,0,5.2869,1
80.5943,5.0587,5.2056,0.3247,0,5.2792,1
80.6943,5.0667,5.2812,0.3728,0,5.2794,1
80.7943,5.0712,5.3362,0.3513,0,5.2848,1
80.8943,5.0732,5.2403,0.2828,0,5.2806,1
80.9943,5.0752,5.3581,0.3341,0,5.2879,1
81.0943,5.0772,5.3072,0.3371,0,5.2898,1
81.1943,5.0792,5.2132,0.2799,0,5.2825,1
81.2943,5.0812,5.1134,0.2678,0,5.2664,1
81.3943,5.0832,5.2054,0.3391,0,5.2606,1
81.4943,5.0852,5.2156,0.2922,0,5.2563,1
81.5943,5.0872,5.1426,0.2746,0,5.2455,1
81.6943,5.0892,5.0736,0.2650,0,5.2291,1
81.7943,5.0935,5.2307,0.3424,0,5.2293,1
81.8943,5.0995,5.0364,0.3140,0,5.2109,1
81.9943,5.1055,5.1837,0.2987,0,5.2083,1
82.0943,5.1115,4.9645,0.3121,0,5.1851,1
82.1943,5.1175,5.2075,0.3812,0,5.1873,1
82.2943,5.1235,5.0551,0.3591,0,5.1747,1
82.3943,5.1295,4.9109,0.3990,0,5.1496,1
82.4943,5.1355,4.8832,0.3886,0,5.1242,1
82.5943,5.1415,4.9440,0.4623,0,5.1071,1
82.6943,5.1475,4.6024,0.4543,0,5.0591,1
82.7943,4.7916,4.6954,0.4984,0,5.0245,1
82.8943,4.1745,4.6224,0.4810,0,4.9862,1
82.9943,3.5574,4.6463,0.6340,0,4.9538,1
83.0943,2.9403,4.6646,0.6387,0,4.9263,1
83.1943,2.3232,4.3292,0.6527,0,4.8695,1
83.2943,1.7061,4.6557,0.6112,0,4.8492,1
83.3943,1.0890,4.3305,0.7272,0,4.7998,1
83.4943,0.4719,4.3184,0.7590,0,4.7540,1
83.8943,0.0062,4.1839,1.0462,0,4.5660,1
83.9943,0.6293,3.9869,1.0310,0,4.5109,1
84.0943,1.2524,4.3980,0.9550,0,4.5002,1
84.1943,1.8755,4.1383,1.0049,0,4.4657,1
84.2943,2.4987,4.2207,1.0574,0,4.4424,1
84.3943,3.1218,4.0992,1.0374,0,4.4098,1
84.4943,3.7449,4.4722,0.9406,0,4.4157,1
84.5943,4.3680,4.0660,1.1031,0,4.3824,1
84.6943,4.9911,4.2513,0.9928,0,4.3699,1
84.7943,5.2442,4.4155,0.9070,0,4.3743,1
84.8943,5.2512,4.5223,0.8313,0,4.3884,1
84.9943,5.2582,4.5289,0.9148,0,4.4017,1
85.0943,5.2651,4.7724,0.8036,0,4.4370,1
85.1943,5.2721,4.7738,0.7997,0,4.4691,1
85.2943,5.2791,4.9843,0.7945,0,4.5181,1
85.3943,5.2861,4.9969,0.7259,0,4.5637,1
85.4943,5.2931,4.9923,0.6520,0,4.6045,1
85.5943,5.3001,5.0687,0.6114,0,4.6486,1
85.6943,5.3071,4.9226,0.5902,0,4.6747,1
85.7943,5.3065,5.0727,0.6366,0,4.7126,1
85.8943,5.3005,4.9018,0.5044,0,4.7306,1
85.9943,5.2945,5.2652,0.4776,0,4.7815,1
86.0943,5.2885,5.0924,0.4429,0,4.8111,1
86.1943,5.2825,5.1904,0.4943,0,4.8472,1
86.2943,5.2765,5.0761,0.3747,0,4.8689,1
86.3943,5.2705,5.2338,0.3441,0,4.9037,1
86.4943,5.2645,4.9906,0.2910,0,4.9119,1
86.5943,5.2585,5.3402,0.3262,0,4.9527,1
86.6943,5.2525,5.2781,0.2847,0,4.9837,1
86.7943,5.2500,5.2240,0.3204,0,5.0065,1
86.8943,5.2500,5.1152,0.3380,0,5.0169,1
86.9943,5.2500,5.1403,0.3336,0,5.0286,1
87.0943,5.2500,5.1271,0.3096,0,5.0380,1
87.1943,5.2500,5.0802,0.3097,0,5.0420,1
87.2943,5.2500,5.1845,0.2801,0,5.0556,1
87.3943,5.2500,5.1125,0.2906,0,5.0610,1
87.4943,5.2500,5.1399,0.2722,0,5.0685,1
87.5943,5.2500,5.0624,0.2849,0,5.0679,1
87.6943,5.2500,5.0381,0.2875,0,5.0651,1
87.7943,5.2500,5.1335,0.2828,0,5.0716,1
87.8943,5.2500,5.1720,0.2782,0,5.0812,1
87.9943,5.2500,5.1353,0.2794,0,5.0863,1
88.0943,5.2500,5.3267,0.2648,0,5.1092,1
88.1943,5.2500,5.3361,0.2624,0,5.1308,1
88.2943,5.2500,5.3134,0.2577,0,5.1482,1
88.3943,5.2500,5.2123,0.2843,0,5.1543,1
88.4943,5.2500,5.2927,0.3259,0,5.1674,1
88.5943,5.2500,5.4277,0.2934,0,5.1922,1
88.6943,5.2500,5.4669,0.3205,0,5.2183,1
88.7943,5.2444,5.3419,0.3031,0,5.2301,1
88.8943,5.2354,5.3982,0.3497,0,5.2461,1
88.9943,5.2265,5.3392,0.3267,0,5.2550,1
89.0943,5.2175,5.3487,0.2811,0,5.2639,1
89.1943,5.2086,5.2085,0.2865,0,5.2586,1
89.2943,5.1996,5.3892,0.3046,0,5.2710,1
89.3943,5.1907,5.4924,0.2521,0,5.2921,1
89.4943,5.1817,5.3854,0.2687,0,5.3010,1
89.5943,5.1728,5.3729,0.2503,0,5.3078,1
89.6943,5.1639,5.3939,0.2891,0,5.3160,1
89.7943,5.1611,5.4789,0.2829,0,5.3315,1
89.8943,5.1632,5.5350,0.2844,0,5.3509,1
89.9943,5.1652,5.3028,0.3101,0,5.3463,1
90.0943,5.1672,5.5129,0.3439,0,5.3622,1
90.1943,5.1692,5.3592,0.3467,0,5.3619,1
90.2943,5.1712,5.4855,0.3154,0,5.3737,1
90.3943,5.1732,5.3429,0.2944,0,5.3707,1
90.4943,5.1752,5.4168,0.3334,0,5.3751,1
90.5943,5.1772,5.4053,0.2982,0,5.3780,1
90.6943,5.1792,5.4571,0.2725,0,5.3855,1
90.7943,5.1738,5.3555,0.2826,0,5.3827,1
90.8943,5.1638,5.4803,0.3054,0,5.3920,1
90.9943,5.1537,5.3768,0.3146,0,5.3905,1
91.0943,5.1437,5.2521,0.2762,0,5.3773,1
91.1943,5.1337,5.1768,0.2678,0,5.3583,1
91.2943,5.1237,5.3212,0.2867,0,5.3547,1
91.3943,5.1137,5.1940,0.3027,0,5.3394,1
91.4943,5.1037,5.2376,0.2826,0,5.3298,1
91.5943,5.0937,5.1986,0.3142,0,5.3173,1
91.6943,5.0837,5.2995,0.2833,0,5.3156,1
91.7943,5.0749,5.2897,0.2834,0,5.3131,1
91.8943,5.0669,5.2145,0.2849,0,5.3037,1
91.9943,5.0589,5.2066,0.2847,0,5.2945,1
92.0943,5.0509,5.2963,0.2889,0,5.2947,1
92.1943,5.0429,5.2456,0.2981,0,5.2900,1
92.2943,5.0349,5.0705,0.2821,0,5.2691,1
92.3943,5.0269,5.0394,0.2858,0,5.2472,1
92.4943,5.0188,5.0721,0.2711,0,5.2306,1
92.5943,5.0108,5.2031,0.2500,0,5.2280,1
92.6943,5.0028,4.8530,0.2904,0,5.1923,1
92.7943,4.9955,4.9511,0.2661,0,5.1693,1
92.8943,4.9885,4.9916,0.2686,0,5.1524,1
92.9943,4.9816,4.9962,0.2797,0,5.1375,1
93.0943,4.9746,5.0018,0.3037,0,5.1246,1
93.1943,4.9676,5.0334,0.2716,0,5.1160,1
93.2943,4.9607,5.0834,0.2581,0,5.1129,1
93.3943,4.9537,5.1112,0.2523,0,5.1127,1
93.4943,4.9467,5.0841,0.2676,0,5.1100,1
93.5943,4.9398,5.1614,0.2388,0,5.1149,1
93.6943,4.9328,5.2137,0.2373,0,5.1243,1
93.7943,4.9223,5.1984,0.2504,0,5.1313,1
93.8943,4.9093,5.2874,0.2287,0,5.1462,1
93.9943,4.8963,5.0817,0.2176,0,5.1400,1
94.0943,4.8833,5.0028,0.2364,0,5.1270,1
94.1943,4.8703,4.9814,0.2579,0,5.1131,1
94.2943,4.8573,5.1510,0.2448,0,5.1167,1
94.3943,4.8443,5.0723,0.2285,0,5.1125,1
94.4943,4.8313,5.1609,0.2195,0,5.1171,1
94.5943,4.8183,4.8942,0.2524,0,5.0959,1
94.6943,4.8053,5.2245,0.2223,0,5.1081,1
94.7943,4.7994,5.0134,0.2060,0,5.0991,1
94.8943,4.7984,5.0673,0.2110,0,5.0961,1
94.9943,4.7974,4.8403,0.2297,0,5.0717,1
95.0943,4.7964,5.1001,0.2291,0,5.0744,1
95.1943,4.7954,4.9988,0.2298,0,5.0672,1
95.2943,4.7944,5.1405,0.2164,0,5.0742,1
95.3943,4.7934,4.8471,0.2324,0,5.0526,1
95.4943,4.7924,4.8726,0.2320,0,5.0355,1
95.5943,4.7914,4.8818,0.2277,0,5.0208,1
95.6943,4.7904,4.8924,0.2073,0,5.0086,1
95.7943,4.7831,4.9025,0.2107,0,4.9985,1
95.8943,4.7722,4.9465,0.2086,0,4.9936,1
95.9943,4.7613,4.7967,0.2085,0,4.9748,1
96.0943,4.7504,4.8560,0.2021,0,4.9635,1
96.1943,4.7394,4.8741,0.1994,0,4.9550,1
96.2943,4.7285,4.8066,0.2097,0,4.9409,1
96.3943,4.7176,4.9158,0.2102,0,4.9385,1
96.4943,4.7067,4.9910,0.1796,0,4.9435,1
96.5943,4.6957,5.0853,0.1955,0,4.9570,1
96.6943,4.6848,5.0157,0.1984,0,4.9626,1
96.7943,4.6777,4.9132,0.2257,0,4.9579,1
96.8943,4.6737,4.9351,0.2063,0,4.9557,1
96.9943,4.6697,4.9845,0.2055,0,4.9584,1
97.0943,4.6656,4.8155,0.1964,0,4.9448,1
97.1943,4.6616,4.9532,0.1942,0,4.9456,1
97.2943,4.6575,4.8861,0.1783,0,4.9400,1
97.3943,4.6535,4.9008,0.2013,0,4.9362,1
97.4943,4.6495,4.8266,0.1566,0,4.9258,1
97.5943,4.6454,4.9651,0.1798,0,4.9296,1
97.6943,4.6414,4.8005,0.1779,0,4.9173,1
97.7943,4.6374,4.8848,0.1922,0,4.9142,1
97.8943,4.6335,4.8297,0.1730,0,4.9061,1
97.9943,4.6295,4.9043,0.1857,0,4.9060,1
98.0943,4.6255,4.6297,0.1725,0,4.8797,1
98.1943,4.6216,4.6658,0.1977,0,4.8593,1
98.2943,4.6176,4.7124,0.1657,0,4.8453,1
98.3943,4.6137,4.7034,0.1808,0,4.8318,1
98.4943,4.6097,4.7183,0.1657,0,4.8210,1
98.5943,4.6058,4.6783,0.1925,0,4.8074,1
98.6943,4.6018,4.6589,0.1584,0,4.7933,1
98.7943,4.5957,4.6241,0.1821,0,4.7772,1
98.8943,4.5877,4.5413,0.1767,0,4.7548,1
98.9943,4.5797,4.5729,0.1874,0,4.7375,1
99.0943,4.5717,4.5264,0.1557,0,4.7174,1
99.1943,4.5636,4.6765,0.1660,0,4.7135,1
99.2943,4.5556,4.5879,0.1496,0,4.7015,1
99.3943,4.5476,4.5751,0.1757,0,4.6895,1
99.4943,4.5396,4.5664,0.1539,0,4.6778,1
99.5943,4.5316,4.6352,0.1828,0,4.6737,1
99.6943,4.5236,4.6388,0.1716,0,4.6704,1
99.7943,4.5167,4.7716,0.1952,0,4.6800,1
99.8943,4.5107,4.8355,0.1757,0,4.6948,1
99.9943,4.5046,4.7963,0.1757,0,4.7045,1
100.0943,4.4986,4.6310,0.1715,0,4.6975,1
100.1943,4.4926,4.4811,0.1888,0,4.6769,1
100.2943,4.4866,4.5312,0.1694,0,4.6630,1
100.3943,4.4806,4.5762,0.1772,0,4.6548,1
100.4943,4.4746,4.5279,0.1786,0,4.6427,1
100.5943,4.4686,4.5902,0.1869,0,4.6377,1
100.6943,4.4626,4.6438,0.1894,0,4.6383,1
100.7943,4.4646,4.5347,0.1987,0,4.6284,1
100.8943,4.4726,4.5524,0.1953,0,4.6212,1
100.9943,4.4807,4.4615,0.2064,0,4.6060,1
101.0943,4.4887,4.5648,0.1979,0,4.6021,1
101.1943,4.4968,4.6497,0.1949,0,4.6066,1
101.2943,4.5048,4.7258,0.2044,0,4.6180,1
101.3943,4.5128,4.6632,0.1904,0,4.6223,1
101.4943,4.5209,4.6853,0.1890,0,4.6283,1
101.5943,4.5289,4.6098,0.1794,0,4.6265,1
101.6943,4.5370,4.7192,0.1891,0,4.6353,1
101.7943,4.5431,4.6134,0.1931,0,4.6332,1
101.8943,4.5481,4.7089,0.1922,0,4.6404,1
101.9943,4.5531,4.6054,0.1844,0,4.6371,1
102.0943,4.5581,4.6491,0.2008,0,4.6382,1
102.1943,4.5630,4.6793,0.1820,0,4.6422,1
102.2943,4.5680,4.6621,0.1840,0,4.6441,1
102.3943,4.5730,4.5524,0.1758,0,4.6353,1
102.4943,4.5780,4.6244,0.1810,0,4.6343,1
102.5943,4.5830,4.7187,0.1711,0,4.6423,1
102.6943,4.5879,4.6566,0.1764,0,4.6437,1
102.7943,4.5900,4.6964,0.1710,0,4.6487,1
102.8943,4.5900,4.7583,0.1660,0,4.6591,1
102.9943,4.5900,4.6703,0.1700,0,4.6602,1
103.0943,4.5900,4.7512,0.1582,0,4.6689,1
103.1943,4.5900,4.8330,0.1566,0,4.6845,1
103.2943,4.5900,4.7609,0.1675,0,4.6918,1
103.3943,4.5900,4.8461,0.1596,0,4.7064,1
103.4943,4.5900,4.8287,0.1675,0,4.7181,1
103.5943,4.5900,4.9038,0.1628,0,4.7357,1
103.6943,4.5900,4.7086,0.1627,0,4.7332,1
103.7943,4.5839,4.7596,0.1730,0,4.7357,1
103.8943,4.5728,4.7199,0.1664,0,4.7342,1
103.9943,4.5617,4.7226,0.1747,0,4.7331,1
104.0943,4.5506,4.6440,0.1763,0,4.7246,1
104.1943,4.5395,4.7149,0.1675,0,4.7237,1
104.2943,4.5283,4.6525,0.1732,0,4.7169,1
104.3943,4.5172,4.6128,0.1703,0,4.7070,1
104.4943,4.5061,4.6659,0.1646,0,4.7031,1
104.5943,4.4950,4.5325,0.1576,0,4.6868,1
104.6943,4.4839,4.5728,0.1722,0,4.6760,1
104.7943,4.4780,4.6324,0.1630,0,4.6719,1
104.8943,4.4750,4.5474,0.1693,0,4.6600,1
104.9943,4.4720,4.5461,0.1550,0,4.6492,1
105.0943,4.4690,4.5360,0.1645,0,4.6384,1
105.1943,4.4660,4.5600,0.1478,0,4.6309,1
105.2943,4.4630,4.5178,0.1575,0,4.6202,1
105.3943,4.4600,4.5118,0.1452,0,4.6099,1
105.4943,4.4570,4.3510,0.1622,0,4.5852,1
105.5943,4.4540,4.4478,0.1567,0,4.5722,1
105.6943,4.4510,4.4051,0.1606,0,4.5563,1
105.7943,4.4487,4.3688,0.1577,0,4.5384,1
105.8943,4.4467,4.3332,0.1505,0,4.5189,1
105.9943,4.4447,4.3540,0.1625,0,4.5032,1
106.0943,4.4427,4.4141,0.1531,0,4.4947,1
106.1943,4.4407,4.3137,0.1575,0,4.4775,1
106.2943,4.4387,4.3322,0.1572,0,4.4637,1
106.3943,4.4367,4.4070,0.1544,0,4.4583,1
106.4943,4.4347,4.4569,0.1490,0,4.4581,1
106.5943,4.4327,4.5126,0.1509,0,4.4633,1
106.6943,4.4307,4.4340,0.1397,0,4.4605,1
106.7943,4.4306,4.4816,0.1524,0,4.4625,1
106.8943,4.4316,4.4474,0.1521,0,4.4611,1
106.9943,4.4326,4.5654,0.1529,0,4.4710,1
107.0943,4.4336,4.4974,0.1448,0,4.4735,1
107.1943,4.4346,4.5937,0.1492,0,4.4850,1
107.2943,4.4356,4.4734,0.1493,0,4.4839,1
107.3943,4.4366,4.6326,0.1649,0,4.4980,1
107.4943,4.4376,4.5798,0.1573,0,4.5058,1
107.5943,4.4386,4.6126,0.1651,0,4.5160,1
107.6943,4.4396,4.4495,0.1607,0,4.5096,1
107.7943,4.4412,4.5535,0.1714,0,4.5138,1
107.8943,4.4432,4.6353,0.1745,0,4.5254,1
107.9943,4.4452,4.7686,0.1774,0,4.5485,1
108.0943,4.4472,4.4852,0.1609,0,4.5425,1
108.1943,4.4492,4.7922,0.1687,0,4.5663,1
108.2943,4.4512,4.5988,0.1732,0,4.5694,1
108.3943,4.4532,4.7954,0.1706,0,4.5909,1
108.4943,4.4552,4.6707,0.1576,0,4.5985,1
108.5943,4.4572,4.7421,0.1614,0,4.6121,1
108.6943,4.4592,4.6173,0.1647,0,4.6126,1
108.7943,4.4583,4.7542,0.1779,0,4.6261,1
108.8943,4.4553,4.5869,0.1651,0,4.6224,1
108.9943,4.4523,4.6602,0.1608,0,4.6260,1
109.0943,4.4493,4.5287,0.1749,0,4.6167,1
109.1943,4.4463,4.6880,0.1757,0,4.6235,1
109.2943,4.4433,4.6713,0.1633,0,4.6280,1
109.3943,4.4404,4.6417,0.1688,0,4.6293,1
109.4943,4.4374,4.5588,0.1788,0,4.6226,1
109.5943,4.4344,4.7289,0.1929,0,4.6327,1
109.6943,4.4314,4.6131,0.1732,0,4.6309,1
109.7943,4.4263,4.6288,0.1735,0,4.6307,1
109.8943,4.4192,4.5088,0.1716,0,4.6191,1
109.9943,4.4121,4.5815,0.1894,0,4.6155,1
110.0943,4.4051,4.7203,0.1688,0,4.6255,1
110.1943,4.3980,4.7050,0.1715,0,4.6330,1
110.2943,4.3910,4.5440,0.1731,0,4.6246,1
110.3943,4.3839,4.6156,0.1888,0,4.6237,1
110.4943,4.3769,4.5941,0.1802,0,4.6209,1
110.5943,4.3698,4.5546,0.1829,0,4.6146,1
110.6943,4.3628,4.6501,0.1882,0,4.6180,1
110.7943,4.3539,4.5136,0.2055,0,4.6080,1
110.8943,4.3440,4.5372,0.2003,0,4.6013,1
110.9943,4.3340,4.6099,0.1988,0,4.6021,1
111.0943,4.3241,4.5335,0.2051,0,4.5956,1
111.1943,4.3141,4.4786,0.2181,0,4.5845,1
111.2943,4.3042,4.6031,0.2193,0,4.5862,1
111.3943,4.2942,4.6849,0.2145,0,4.5956,1
111.4943,4.2843,4.6383,0.2264,0,4.5997,1
111.5943,4.2743,4.5233,0.2165,0,4.5924,1
111.6943,4.2644,4.5295,0.2269,0,4.5864,1
111.7943,4.2606,4.4723,0.2172,0,4.5756,1
111.8943,4.2616,4.4712,0.2173,0,4.5656,1
111.9943,4.2626,4.4920,0.2037,0,4.5586,1
112.0943,4.2636,4.5414,0.2034,0,4.5570,1
112.1943,4.2646,4.4451,0.1937,0,4.5463,1
112.2943,4.2656,4.5184,0.2034,0,4.5437,1
112.3943,4.2666,4.5084,0.1844,0,4.5403,1
112.4943,4.2676,4.5991,0.2094,0,4.5459,1
112.5943,4.2686,4.5656,0.1870,0,4.5478,1
112.6943,4.2696,4.6435,0.1900,0,4.5569,1
112.7943,4.2713,4.5614,0.1892,0,4.5573,1
112.8943,4.2733,4.6614,0.1964,0,4.5672,1
112.9943,4.2752,4.5875,0.1738,0,4.5691,1
113.0943,4.2772,4.4413,0.1713,0,4.5570,1
113.1943,4.2792,4.4572,0.1627,0,4.5475,1
113.2943,4.2812,4.5526,0.1751,0,4.5480,1
113.3943,4.2832,4.4595,0.1537,0,4.5396,1
113.4943,4.2851,4.5000,0.1472,0,4.5358,1
113.5943,4.2871,4.4866,0.1517,0,4.5311,1
113.6943,4.2891,4.5232,0.1428,0,4.5303,1
113.7943,4.2944,4.4428,0.1419,0,4.5220,1
113.8943,4.3025,4.3641,0.1324,0,4.5070,1
113.9943,4.3106,4.4126,0.1401,0,4.4980,1
114.0943,4.3187,4.4400,0.1568,0,4.4925,1
114.1943,4.3268,4.5481,0.1358,0,4.4978,1
114.2943,4.3349,4.3934,0.1441,0,4.4878,1
114.3943,4.3429,4.4032,0.1498,0,4.4798,1
114.4943,4.3510,4.4130,0.1588,0,4.4734,1
114.5943,4.3591,4.4786,0.1451,0,4.4739,1
114.6943,4.3672,4.4046,0.1559,0,4.4673,1
114.7943,4.3818,4.4050,0.1686,0,4.4614,1
114.8943,4.3998,4.3870,0.1901,0,4.4543,1
114.9943,4.4178,4.5564,0.1702,0,4.4640,1
115.0943,4.4358,4.6573,0.1838,0,4.4824,1
115.1943,4.4538,4.6007,0.1935,0,4.4937,1
115.2943,4.4718,4.6378,0.1982,0,4.5074,1
115.3943,4.4898,4.4607,0.1851,0,4.5029,1
115.4943,4.5078,4.6700,0.2064,0,4.5188,1
115.5943,4.5258,4.5843,0.2118,0,4.5251,1
115.6943,4.5438,4.5594,0.2463,0,4.5283,1
115.7943,4.5441,4.5253,0.2246,0,4.5281,1
115.8943,4.5352,4.5755,0.2714,0,4.5326,1
115.9943,4.5263,4.4827,0.2658,0,4.5278,1
116.0943,4.5174,4.5055,0.3305,0,4.5257,1
116.1943,4.5084,4.5194,0.2456,0,4.5251,1
116.2943,4.4995,4.6696,0.3049,0,4.5389,1
116.3943,4.4906,4.7261,0.2889,0,4.5567,1
116.4943,4.4817,4.5238,0.3111,0,4.5535,1
116.5943,4.4727,4.4686,0.2854,0,4.5455,1
116.6943,4.4638,4.5638,0.3163,0,4.5472,1
116.7943,4.4623,4.5579,0.3401,0,4.5482,1
116.8943,4.4663,4.7026,0.3519,0,4.5629,1
116.9943,4.4703,4.5831,0.3040,0,4.5648,1
117.0943,4.4743,4.5965,0.3209,0,4.5678,1
117.1943,4.4783,4.7121,0.3289,0,4.5816,1
117.2943,4.4823,4.8537,0.3014,0,4.6075,1
117.3943,4.4863,4.6863,0.2772,0,4.6150,1
117.4943,4.4903,4.4932,0.2788,0,4.6034,1
117.5943,4.4943,4.6059,0.2763,0,4.6036,1
117.6943,4.4983,4.5455,0.2724,0,4.5981,1
117.7943,4.4869,4.5646,0.2507,0,4.5949,1
117.8943,4.4638,4.3688,0.2444,0,4.5734,1
117.9943,4.4408,4.5244,0.2505,0,4.5687,1
118.0943,4.4178,4.4411,0.2371,0,4.5566,1
118.1943,4.3948,4.4534,0.2343,0,4.5468,1
118.2943,4.3718,4.4889,0.2191,0,4.5412,1
118.3943,4.3488,4.4374,0.2123,0,4.5314,1
118.4943,4.3258,4.5096,0.2178,0,4.5293,1
118.5943,4.3028,4.5710,0.2162,0,4.5333,1
118.6943,4.2798,4.5103,0.2015,0,4.5311,1
118.7943,4.2637,4.3564,0.2020,0,4.5145,1
118.8943,4.2527,4.4951,0.1967,0,4.5126,1
118.9943,4.2417,4.3906,0.1923,0,4.5010,1
119.0943,4.2307,4.4741,0.1890,0,4.4984,1
119.1943,4.2197,4.3006,0.1835,0,4.4796,1
119.2943,4.2088,4.2812,0.1903,0,4.4607,1
119.3943,4.1978,4.2427,0.1880,0,4.4400,1
119.4943,4.1868,4.3166,0.1671,0,4.4282,1
119.5943,4.1758,4.1727,0.1814,0,4.4039,1
119.6943,4.1648,4.1952,0.1728,0,4.3841,1
119.7943,4.1555,4.0811,0.1717,0,4.3552,1
119.8943,4.1475,4.2079,0.1611,0,4.3412,1
119.9943,4.1395,4.1407,0.1505,0,4.3221,1
120.0943,4.1315,4.1267,0.1521,0,4.3035,1
120.1943,4.1236,4.1521,0.1604,0,4.2891,1
120.2943,4.1156,4.1458,0.1506,0,4.2755,1
120.3943,4.1076,4.1834,0.1608,0,4.2667,1
120.4943,4.0996,4.2478,0.1512,0,4.2649,1
120.5943,4.0916,4.1803,0.1591,0,4.2569,1
120.6943,4.0836,4.2397,0.1475,0,4.2552,1
120.7943,4.0745,4.1916,0.1493,0,4.2492,1
120.8943,4.0644,4.0896,0.1459,0,4.2340,1
120.9943,4.0543,4.1945,0.1527,0,4.2302,1
121.0943,4.0443,4.1672,0.1394,0,4.2242,1
121.1943,4.0342,4.2162,0.1458,0,4.2235,1
121.2943,4.0241,4.2141,0.1384,0,4.2226,1
121.3943,4.0140,4.2421,0.1431,0,4.2244,1
121.4943,4.0040,4.3011,0.1429,0,4.2317,1
121.5943,3.9939,4.3070,0.1409,0,4.2389,1
121.6943,3.9838,4.1818,0.1365,0,4.2335,1
121.7943,3.9775,4.2163,0.1430,0,4.2318,1
121.8943,3.9736,4.2440,0.1284,0,4.2330,1
121.9943,3.9696,4.2311,0.1301,0,4.2328,1
122.0943,3.9656,4.1760,0.1305,0,4.2274,1
122.1943,3.9616,4.1557,0.1353,0,4.2206,1
122.2943,3.9576,4.2159,0.1454,0,4.2201,1
122.3943,3.9537,4.2415,0.1407,0,4.2222,1
122.4943,3.9497,4.0874,0.1433,0,4.2094,1
122.5943,3.9457,4.1687,0.1556,0,4.2055,1
122.6943,3.9417,4.1103,0.1443,0,4.1964,1
122.7943,3.9394,4.1782,0.1427,0,4.1947,1
122.8943,3.9384,4.1418,0.1413,0,4.1897,1
122.9943,3.9374,4.1425,0.1421,0,4.1852,1
123.0943,3.9364,3.9951,0.1558,0,4.1671,1
123.1943,3.9354,4.0652,0.1387,0,4.1574,1
123.2943,3.9344,4.0934,0.1405,0,4.1513,1
123.3943,3.9334,4.1614,0.1456,0,4.1523,1
123.4943,3.9324,4.0806,0.1427,0,4.1454,1
123.5943,3.9314,4.1068,0.1402,0,4.1418,1
123.6943,3.9304,3.9981,0.1396,0,4.1281,1
123.7943,3.9245,4.0837,0.1371,0,4.1239,1
123.8943,3.9156,4.0066,0.1491,0,4.1127,1
123.9943,3.9066,4.0001,0.1399,0,4.1020,1
124.0943,3.8977,4.0088,0.1376,0,4.0931,1
124.1943,3.8887,3.9704,0.1462,0,4.0815,1
124.2943,3.8798,3.9810,0.1413,0,4.0719,1
124.3943,3.8709,4.0849,0.1459,0,4.0731,1
124.4943,3.8619,3.9545,0.1449,0,4.0618,1
124.5943,3.8530,4.0918,0.1421,0,4.0647,1
124.6943,3.8440,3.9986,0.1411,0,4.0584,1
124.7943,3.8323,4.0389,0.1339,0,4.0565,1
124.8943,3.8183,4.0708,0.1286,0,4.0579,1
124.9943,3.8043,3.9967,0.1318,0,4.0521,1
125.0943,3.7902,3.9945,0.1294,0,4.0466,1
125.1943,3.7762,3.9218,0.1323,0,4.0347,1
125.2943,3.7622,3.8026,0.1363,0,4.0126,1
125.3943,3.7482,3.9013,0.1288,0,4.0020,1
125.4943,3.7342,3.8610,0.1294,0,3.9886,1
125.5943,3.7201,3.8771,0.1389,0,3.9780,1
125.6943,3.7061,3.7871,0.1396,0,3.9598,1
125.7943,3.7006,3.7050,0.1393,0,3.9356,1
125.8943,3.7016,3.7285,0.1424,0,3.9159,1
125.9943,3.7026,3.6460,0.1432,0,3.8902,1
126.0943,3.7036,3.6866,0.1427,0,3.8708,1
126.1943,3.7046,3.6943,0.1387,0,3.8540,1
126.2943,3.7056,3.6960,0.1276,0,3.8390,1
126.3943,3.7066,3.6438,0.1412,0,3.8204,1
126.4943,3.7076,3.7362,0.1362,0,3.8124,1
126.5943,3.7086,3.6240,0.1373,0,3.7945,1
126.6943,3.7096,3.6335,0.1348,0,3.7792,1
126.7943,3.7087,3.6034,0.1409,0,3.7624,1
126.8943,3.7067,3.5664,0.1485,0,3.7438,1
126.9943,3.7047,3.6155,0.1395,0,3.7316,1
127.0943,3.7027,3.5389,0.1404,0,3.7132,1
127.1943,3.7007,3.5606,0.1442,0,3.6987,1
127.2943,3.6987,3.5970,0.1481,0,3.6890,1
127.3943,3.6968,3.5646,0.1481,0,3.6772,1
127.4943,3.6948,3.6258,0.1389,0,3.6723,1
127.5943,3.6928,3.6611,0.1411,0,3.6712,1
127.6943,3.6908,3.6999,0.1361,0,3.6740,1
127.7943,3.6930,3.6592,0.1420,0,3.6726,1
127.8943,3.6980,3.7444,0.1299,0,3.6794,1
127.9943,3.7029,3.7043,0.1317,0,3.6818,1
128.0943,3.7079,3.7771,0.1313,0,3.6908,1
128.1943,3.7129,3.8079,0.1339,0,3.7020,1
128.2943,3.7178,3.7746,0.1289,0,3.7089,1
128.3943,3.7228,3.7686,0.1338,0,3.7146,1
128.4943,3.7278,3.7873,0.1282,0,3.7215,1
128.5943,3.7327,3.7817,0.1371,0,3.7272,1
128.6943,3.7377,3.7231,0.1326,0,3.7268,1
128.7943,3.7400,3.7075,0.1318,0,3.7250,1
128.8943,3.7400,3.7393,0.1313,0,3.7264,1
128.9943,3.7400,3.7448,0.1414,0,3.7281,1
129.0943,3.7400,3.7868,0.1344,0,3.7337,1
129.1943,3.7400,3.7304,0.1464,0,3.7334,1
129.2943,3.7400,3.7800,0.1312,0,3.7378,1
129.3943,3.7400,3.7946,0.1448,0,3.7432,1
129.4943,3.7400,3.8226,0.1305,0,3.7508,1
129.5943,3.7400,3.6770,0.1373,0,3.7438,1
129.6943,3.7400,3.7707,0.1386,0,3.7463,1
129.7943,3.7443,3.7527,0.1408,0,3.7469,1
129.8943,3.7513,3.7838,0.1294,0,3.7504,1
129.9943,3.7583,3.7122,0.1362,0,3.7468,1
130.0943,3.7652,3.7236,0.1282,0,3.7446,1
130.1943,3.7722,3.8413,0.1388,0,3.7538,1
130.2943,3.7791,3.8337,0.1330,0,3.7614,1
130.3943,3.7861,3.7090,0.1374,0,3.7564,1
130.4943,3.7931,3.7714,0.1360,0,3.7578,1
130.5943,3.8000,3.7163,0.1458,0,3.7539,1
130.6943,3.8070,3.8083,0.1356,0,3.7591,1
130.7943,3.8140,3.8413,0.1374,0,3.7669,1
130.8943,3.8210,3.8261,0.1362,0,3.7725,1
130.9943,3.8280,3.8345,0.1366,0,3.7784,1
131.0943,3.8350,3.8616,0.1333,0,3.7863,1
131.1943,3.8420,3.8765,0.1278,0,3.7949,1
131.2943,3.8491,3.8955,0.1263,0,3.8045,1
131.3943,3.8561,3.8652,0.1324,0,3.8103,1
131.4943,3.8631,3.9059,0.1226,0,3.8194,1
131.5943,3.8701,3.8902,0.1179,0,3.8261,1
131.6943,3.8771,3.8929,0.1258,0,3.8325,1
131.7943,3.8812,3.9099,0.1309,0,3.8398,1
131.8943,3.8832,3.9487,0.1228,0,3.8502,1
131.9943,3.8852,4.0218,0.1245,0,3.8665,1
132.0943,3.8872,3.9791,0.1233,0,3.8772,1
132.1943,3.8892,3.9339,0.1370,0,3.8826,1
132.2943,3.8912,4.0244,0.1339,0,3.8961,1
132.3943,3.8932,4.1498,0.1261,0,3.9203,1
132.4943,3.8952,4.1453,0.1352,0,3.9417,1
132.5943,3.8972,4.0356,0.1395,0,3.9506,1
132.6943,3.8992,3.9470,0.1408,0,3.9503,1
132.7943,3.9006,4.1301,0.1328,0,3.9674,1
132.8943,3.9016,4.0979,0.1375,0,3.9798,1
132.9943,3.9026,4.0539,0.1394,0,3.9869,1
133.0943,3.9036,4.0065,0.1372,0,3.9887,1
133.1943,3.9046,4.0298,0.1344,0,3.9926,1
133.2943,3.9056,3.9753,0.1432,0,3.9910,1
133.3943,3.9066,3.9896,0.1329,0,3.9909,1
133.4943,3.9076,3.9541,0.1416,0,3.9874,1
133.5943,3.9086,4.0092,0.1424,0,3.9894,1
133.6943,3.9096,4.0228,0.1392,0,3.9926,1
133.7943,3.9089,4.0111,0.1385,0,3.9944,1
133.8943,3.9069,4.0196,0.1389,0,3.9968,1
133.9943,3.9049,4.0735,0.1387,0,4.0041,1
134.0943,3.9028,3.9683,0.1402,0,4.0007,1
134.1943,3.9008,3.9312,0.1316,0,3.9941,1
134.2943,3.8988,3.8800,0.1381,0,3.9832,1
134.3943,3.8968,3.8854,0.1431,0,3.9739,1
134.4943,3.8947,3.9472,0.1335,0,3.9714,1
134.5943,3.8927,3.9254,0.1314,0,3.9670,1
134.6943,3.8907,3.8620,0.1327,0,3.9570,1
134.7943,3.8861,3.9198,0.1236,0,3.9535,1
134.8943,3.8801,3.8678,0.1301,0,3.9453,1
134.9943,3.8741,3.9337,0.1196,0,3.9442,1
135.0943,3.8681,3.9252,0.1225,0,3.9424,1
135.1943,3.8621,3.8658,0.1264,0,3.9351,1
135.2943,3.8561,3.8516,0.1200,0,3.9271,1
135.3943,3.8501,3.9398,0.1181,0,3.9284,1
135.4943,3.8441,3.8770,0.1214,0,3.9235,1
135.5943,3.8381,3.9096,0.1174,0,3.9221,1
135.6943,3.8321,3.9950,0.1167,0,3.9291,1
135.7943,3.8307,3.9378,0.1319,0,3.9299,1
135.8943,3.8316,3.9695,0.1251,0,3.9337,1
135.9943,3.8326,3.9720,0.1343,0,3.9373,1
136.0943,3.8336,3.9058,0.1310,0,3.9343,1
136.1943,3.8346,3.9762,0.1379,0,3.9383,1
136.2943,3.8356,3.9205,0.1367,0,3.9366,1
136.3943,3.8366,3.8709,0.1415,0,3.9304,1
136.4943,3.8376,3.9058,0.1359,0,3.9280,1
136.5943,3.8386,3.8625,0.1427,0,3.9218,1
136.6943,3.8396,3.8972,0.1311,0,3.9194,1
136.7943,3.8364,3.8930,0.1464,0,3.9169,1
136.8943,3.8304,3.7776,0.1401,0,3.9037,1
136.9943,3.8244,3.8525,0.1485,0,3.8988,1
137.0943,3.8184,3.8746,0.1392,0,3.8965,1
137.1943,3.8124,3.8202,0.1468,0,3.8892,1
137.2943,3.8064,3.7973,0.1496,0,3.8805,1
137.3943,3.8004,3.6742,0.1626,0,3.8609,1
137.4943,3.7944,3.7288,0.1555,0,3.8483,1
137.5943,3.7884,3.6803,0.1698,0,3.8323,1
137.6943,3.7824,3.6036,0.1569,0,3.8105,1
137.7943,3.7824,3.6921,0.1661,0,3.7993,1
137.8943,3.7864,3.7831,0.1621,0,3.7977,1
137.9943,3.7904,3.8188,0.1660,0,3.7997,1
138.0943,3.7944,3.7204,0.1668,0,3.7922,1
138.1943,3.7985,3.7219,0.1528,0,3.7855,1
138.2943,3.8025,3.6220,0.1571,0,3.7699,1
138.3943,3.8065,3.6305,0.1622,0,3.7567,1
138.4943,3.8105,3.6739,0.1456,0,3.7488,1
138.5943,3.8145,3.6100,0.1484,0,3.7356,1
138.6943,3.8185,3.6575,0.1504,0,3.7281,1
138.7943,3.8155,3.6921,0.1496,0,3.7247,1
138.8943,3.8085,3.6513,0.1576,0,3.7177,1
138.9943,3.8015,3.7164,0.1529,0,3.7176,1
139.0943,3.7945,3.6257,0.1599,0,3.7089,1
139.1943,3.7875,3.6969,0.1558,0,3.7077,1
139.2943,3.7804,3.6631,0.1625,0,3.7035,1
139.3943,3.7734,3.6868,0.1487,0,3.7019,1
139.4943,3.7664,3.6667,0.1595,0,3.6985,1
139.5943,3.7594,3.7017,0.1537,0,3.6988,1
139.6943,3.7524,3.7188,0.1596,0,3.7007,1
139.7943,3.7435,3.7150,0.1528,0,3.7021,1
139.8943,3.7336,3.8127,0.1432,0,3.7126,1
139.9943,3.7237,3.8503,0.1421,0,3.7257,1
140.0943,3.7138,3.8697,0.1505,0,3.7394,1
140.1943,3.7039,3.8349,0.1407,0,3.7485,1
140.2943,3.6940,3.7925,0.1473,0,3.7527,1
140.3943,3.6841,3.7703,0.1464,0,3.7544,1
140.4943,3.6742,3.7223,0.1558,0,3.7513,1
140.5943,3.6643,3.7574,0.1572,0,3.7519,1
140.6943,3.6544,3.7896,0.1511,0,3.7555,1
140.7943,3.6455,3.7726,0.1503,0,3.7571,1
140.8943,3.6374,3.7209,0.1627,0,3.7537,1
140.9943,3.6294,3.7698,0.1572,0,3.7552,1
141.0943,3.6213,3.7988,0.1632,0,3.7594,1
141.1943,3.6132,3.7668,0.1643,0,3.7601,1
141.2943,3.6051,3.7281,0.1640,0,3.7570,1
141.3943,3.5971,3.6627,0.1650,0,3.7480,1
141.4943,3.5890,3.6373,0.1577,0,3.7375,1
141.5943,3.5809,3.6326,0.1563,0,3.7275,1
141.6943,3.5729,3.6212,0.1594,0,3.7174,1
141.7943,3.5662,3.6135,0.1535,0,3.7075,1
141.8943,3.5602,3.5836,0.1610,0,3.6957,1
141.9943,3.5543,3.5777,0.1604,0,3.6845,1
142.0943,3.5483,3.5480,0.1656,0,3.6715,1
142.1943,3.5424,3.5348,0.1633,0,3.6585,1
142.2943,3.5364,3.5261,0.1618,0,3.6459,1
142.3943,3.5305,3.4684,0.1529,0,3.6290,1
142.4943,3.5245,3.3544,0.1548,0,3.6029,1
142.5943,3.5186,3.3989,0.1428,0,3.5834,1
142.6943,3.5127,3.3516,0.1537,0,3.5614,1
142.7943,3.5083,3.3908,0.1407,0,3.5451,1
142.8943,3.5053,3.3463,0.1424,0,3.5262,1
142.9943,3.5023,3.3791,0.1324,0,3.5122,1
143.0943,3.4993,3.3565,0.1371,0,3.4974,1
143.1943,3.4962,3.3492,0.1411,0,3.4833,1
143.2943,3.4932,3.3217,0.1380,0,3.4679,1
143.3943,3.4902,3.3419,0.1324,0,3.4559,1
143.4943,3.4872,3.3149,0.1410,0,3.4425,1
143.5943,3.4842,3.3425,0.1356,0,3.4330,1
143.6943,3.4811,3.3396,0.1345,0,3.4241,1
143.7943,3.4875,3.3924,0.1323,0,3.4211,1
143.8943,3.4995,3.4025,0.1313,0,3.4193,1
143.9943,3.5115,3.4223,0.1332,0,3.4196,1
144.0943,3.5235,3.3916,0.1272,0,3.4169,1
144.1943,3.5355,3.3775,0.1265,0,3.4132,1
144.2943,3.5475,3.4939,0.1201,0,3.4209,1
144.3943,3.5596,3.4342,0.1253,0,3.4221,1
144.4943,3.5716,3.3889,0.1217,0,3.4190,1
144.5943,3.5836,3.4039,0.1208,0,3.4175,1
144.6943,3.5956,3.4489,0.1139,0,3.4205,1
144.7943,3.6082,3.3959,0.1383,0,3.4182,1
144.8943,3.6211,3.4388,0.1301,0,3.4202,1
144.9943,3.6341,3.5083,0.1283,0,3.4285,1
145.0943,3.6470,3.6019,0.1190,0,3.4450,1
145.1943,3.6599,3.5511,0.1294,0,3.4551,1
145.2943,3.6729,3.4172,0.1351,0,3.4515,1
145.3943,3.6858,3.5428,0.1239,0,3.4602,1
145.4943,3.6988,3.6139,0.1173,0,3.4748,1
145.5943,3.7117,3.7118,0.1227,0,3.4974,1
145.6943,3.7246,3.5367,0.1264,0,3.5011,1
145.7943,3.7318,3.6368,0.1187,0,3.5140,1
145.8943,3.7348,3.7600,0.1228,0,3.5375,1
145.9943,3.7378,3.7528,0.1187,0,3.5579,1
146.0943,3.7408,3.6359,0.1231,0,3.5654,1
146.1943,3.7438,3.7226,0.1214,0,3.5803,1
146.2943,3.7468,3.7118,0.1237,0,3.5928,1
146.3943,3.7498,3.7071,0.1281,0,3.6037,1
146.4943,3.7528,3.6250,0.1349,0,3.6057,1
146.5943,3.7558,3.8243,0.1197,0,3.6265,1
146.6943,3.7588,3.7847,0.1271,0,3.6416,1
146.7943,3.7714,3.7660,0.1259,0,3.6534,1
146.8943,3.7903,3.7054,0.1300,0,3.6584,1
146.9943,3.8091,3.8266,0.1246,0,3.6744,1
147.0943,3.8280,3.8309,0.1297,0,3.6893,1
147.1943,3.8468,3.9427,0.1201,0,3.7134,1
147.2943,3.8657,3.7781,0.1375,0,3.7196,1
147.3943,3.8845,3.9858,0.1183,0,3.7449,1
147.4943,3.9034,3.9772,0.1279,0,3.7670,1
147.5943,3.9222,3.9849,0.1312,0,3.7877,1
147.6943,3.9411,3.9734,0.1345,0,3.8054,1
147.7943,3.9570,3.9879,0.1297,0,3.8228,1
147.8943,3.9701,3.9811,0.1278,0,3.8378,1
147.9943,3.9833,3.9951,0.1280,0,3.8528,1
148.0943,3.9965,3.9378,0.1411,0,3.8609,1
148.1943,4.0097,3.9757,0.1256,0,3.8718,1
148.2943,4.0228,3.9820,0.1265,0,3.8823,1
148.3943,4.0360,3.9637,0.1296,0,3.8901,1
148.4943,4.0492,3.9971,0.1289,0,3.9002,1
148.5943,4.0623,4.0164,0.1285,0,3.9113,1
148.6943,4.0755,4.0702,0.1233,0,3.9264,1
148.7943,4.0944,4.0156,0.1259,0,3.9349,1
148.8943,4.1162,4.0990,0.1321,0,3.9505,1
148.9943,4.1380,4.1727,0.1253,0,3.9717,1
149.0943,4.1598,4.2469,0.1241,0,3.9979,1
149.1943,4.1815,4.2807,0.1292,0,4.0248,1
149.2943,4.2033,4.3011,0.1272,0,4.0511,1
149.3943,4.2251,4.2787,0.1389,0,4.0727,1
149.4943,4.2469,4.2813,0.1271,0,4.0926,1
149.5943,4.2687,4.3071,0.1383,0,4.1130,1
149.6943,4.2905,4.3185,0.1345,0,4.1326,1
149.7943,4.3006,4.3196,0.1388,0,4.1503,1
149.8943,4.3016,4.3749,0.1286,0,4.1717,1
149.9943,4.3026,4.4329,0.1416,0,4.1966,1
150.0943,4.3036,4.4030,0.1328,0,4.2162,1
150.1943,4.3046,4.3719,0.1442,0,4.2310,1
150.2943,4.3056,4.4120,0.1381,0,4.2483,1
150.3943,4.3066,4.4551,0.1436,0,4.2679,1
150.4943,4.3075,4.3891,0.1406,0,4.2795,1
150.5943,4.3085,4.4378,0.1502,0,4.2945,1
150.6943,4.3095,4.4201,0.1407,0,4.3065,1
150.7943,4.3139,4.4862,0.1430,0,4.3236,1
150.8943,4.3209,4.5213,0.1432,0,4.3424,1
150.9943,4.3280,4.4031,0.1473,0,4.3482,1
151.0943,4.3351,4.4297,0.1446,0,4.3559,1
151.1943,4.3422,4.5118,0.1524,0,4.3708,1
151.2943,4.3493,4.4748,0.1406,0,4.3807,1
151.3943,4.3563,4.5059,0.1465,0,4.3926,1
151.4943,4.3634,4.4548,0.1421,0,4.3985,1
151.5943,4.3705,4.3405,0.1575,0,4.3930,1
151.6943,4.3776,4.4577,0.1507,0,4.3991,1
151.7943,4.3774,4.4081,0.1440,0,4.4000,1
151.8943,4.3734,4.4306,0.1560,0,4.4029,1
151.9943,4.3694,4.3459,0.1483,0,4.3975,1
152.0943,4.3655,4.3876,0.1507,0,4.3965,1
152.1943,4.3615,4.4024,0.1367,0,4.3971,1
152.2943,4.3575,4.4064,0.1409,0,4.3980,1
152.3943,4.3536,4.3258,0.1398,0,4.3911,1
152.4943,4.3496,4.4347,0.1379,0,4.3953,1
152.5943,4.3456,4.2888,0.1415,0,4.3851,1
152.6943,4.3417,4.3890,0.1457,0,4.3855,1
152.7943,4.3353,4.3221,0.1428,0,4.3795,1
152.8943,4.3273,4.3368,0.1488,0,4.3754,1
152.9943,4.3193,4.3357,0.1327,0,4.3716,1
153.0943,4.3112,4.4118,0.1370,0,4.3754,1
153.1943,4.3032,4.4107,0.1450,0,4.3788,1
153.2943,4.2952,4.4645,0.1426,0,4.3870,1
153.3943,4.2871,4.3628,0.1447,0,4.3847,1
153.4943,4.2791,4.4776,0.1526,0,4.3935,1
153.5943,4.2711,4.4196,0.1439,0,4.3960,1
153.6943,4.2630,4.3912,0.1641,0,4.3955,1
153.7943,4.2582,4.3167,0.1443,0,4.3880,1
153.8943,4.2552,4.3778,0.1481,0,4.3871,1
153.9943,4.2522,4.3739,0.1490,0,4.3858,1
154.0943,4.2492,4.3274,0.1612,0,4.3803,1
154.1943,4.2463,4.2815,0.1664,0,4.3709,1
154.2943,4.2433,4.2483,0.1784,0,4.3592,1
154.3943,4.2403,4.2947,0.1646,0,4.3531,1
154.4943,4.2373,4.3770,0.1757,0,4.3553,1
154.5943,4.2344,4.3607,0.1819,0,4.3558,1
154.6943,4.2314,4.4865,0.1828,0,4.3683,1
154.7943,4.2262,4.3337,0.1790,0,4.3650,1
154.8943,4.2191,4.3842,0.1935,0,4.3668,1
154.9943,4.2121,4.3256,0.1930,0,4.3629,1
155.0943,4.2050,4.2353,0.2030,0,4.3508,1
155.1943,4.1979,4.3790,0.1796,0,4.3534,1
155.2943,4.1909,4.3453,0.1992,0,4.3527,1
155.3943,4.1838,4.3394,0.2045,0,4.3514,1
155.4943,4.1768,4.3272,0.2101,0,4.3491,1
155.5943,4.1697,4.2729,0.1971,0,4.3419,1
155.6943,4.1626,4.3698,0.1995,0,4.3445,1
155.7943,4.1550,4.3155,0.2200,0,4.3417,1
155.8943,4.1470,4.2654,0.2366,0,4.3345,1
155.9943,4.1390,4.4092,0.2157,0,4.3416,1
156.0943,4.1310,4.4508,0.2079,0,4.3520,1
156.1943,4.1230,4.2974,0.2199,0,4.3468,1
156.2943,4.1150,4.3678,0.2062,0,4.3488,1
156.3943,4.1070,4.3917,0.1911,0,4.3529,1
156.4943,4.0990,4.4234,0.1833,0,4.3596,1
156.5943,4.0910,4.3531,0.1889,0,4.3590,1
156.6943,4.0830,4.3075,0.1838,0,4.3541,1
156.7943,4.0806,4.3401,0.1798,0,4.3527,1
156.8943,4.0816,4.3382,0.1740,0,4.3514,1
156.9943,4.0826,4.2748,0.1674,0,4.3441,1
157.0943,4.0836,4.1069,0.1663,0,4.3215,1
157.1943,4.0846,4.1645,0.1482,0,4.3066,1
157.2943,4.0856,4.1465,0.1432,0,4.2913,1
157.3943,4.0866,4.1709,0.1553,0,4.2799,1
157.4943,4.0876,4.1352,0.1587,0,4.2661,1
157.5943,4.0886,4.1882,0.1504,0,4.2587,1
157.6943,4.0896,4.2036,0.1486,0,4.2534,1
157.7943,4.0822,4.2108,0.1502,0,4.2494,1
157.8943,4.0692,4.1668,0.1517,0,4.2415,1
157.9943,4.0563,4.2045,0.1384,0,4.2380,1
158.0943,4.0433,4.1164,0.1314,0,4.2264,1
158.1943,4.0304,4.1085,0.1379,0,4.2152,1
158.2943,4.0174,4.0526,0.1446,0,4.1997,1
158.3943,4.0045,4.0653,0.1263,0,4.1869,1
158.4943,3.9915,4.1117,0.1298,0,4.1798,1
158.5943,3.9786,4.0112,0.1326,0,4.1637,1
158.6943,3.9656,3.9674,0.1397,0,4.1450,1
158.7943,3.9492,4.0277,0.1264,0,4.1339,1
158.8943,3.9300,4.0073,0.1330,0,4.1218,1
158.9943,3.9108,3.8669,0.1421,0,4.0976,1
159.0943,3.8917,3.8639,0.1383,0,4.0753,1
159.1943,3.8725,3.9423,0.1233,0,4.0627,1
159.2943,3.8534,3.9715,0.1327,0,4.0540,1
159.3943,3.8342,3.9411,0.1342,0,4.0433,1
159.4943,3.8151,3.8702,0.1432,0,4.0268,1
159.5943,3.7959,3.9188,0.1262,0,4.0165,1
159.6943,3.7767,3.8438,0.1380,0,4.0001,1
159.7943,3.7649,3.8051,0.1458,0,3.9815,1
159.8943,3.7570,3.8363,0.1424,0,3.9677,1
159.9943,3.7490,3.8494,0.1341,0,3.9564,1
160.0943,3.7411,3.7760,0.1398,0,3.9393,1
160.1943,3.7332,3.7225,0.1382,0,3.9186,1
160.2943,3.7253,3.8217,0.1345,0,3.9094,1
160.3943,3.7174,3.7680,0.1277,0,3.8960,1
160.4943,3.7094,3.7544,0.1385,0,3.8825,1
160.5943,3.7015,3.7056,0.1396,0,3.8656,1
160.6943,3.6936,3.7129,0.1353,0,3.8511,1
160.7943,3.6867,3.6685,0.1304,0,3.8337,1
160.8943,3.6807,3.6291,0.1456,0,3.8143,1
160.9943,3.6746,3.6348,0.1409,0,3.7972,1
161.0943,3.6686,3.6421,0.1418,0,3.7824,1
161.1943,3.6626,3.6790,0.1256,0,3.7726,1
161.2943,3.6565,3.5758,0.1454,0,3.7539,1
161.3943,3.6505,3.6025,0.1414,0,3.7395,1
161.4943,3.6445,3.6462,0.1482,0,3.7306,1
161.5943,3.6384,3.6389,0.1374,0,3.7219,1
161.6943,3.6324,3.5742,0.1466,0,3.7078,1
161.7943,3.6058,3.5203,0.1402,0,3.6900,1
161.8943,3.5659,3.5646,0.1416,0,3.6780,1
161.9943,3.5259,3.6138,0.1371,0,3.6719,1
162.0943,3.4859,3.6116,0.1503,0,3.6662,1
162.1943,3.4460,3.5876,0.1507,0,3.6587,1
162.2943,3.4060,3.6348,0.1564,0,3.6564,1
162.3943,3.3660,3.5576,0.1557,0,3.6470,1
162.4943,3.3260,3.5563,0.1629,0,3.6384,1
162.5943,3.2861,3.5873,0.1612,0,3.6335,1
162.6943,3.2461,3.4746,0.1609,0,3.6184,1
162.7943,3.2306,3.5134,0.1512,0,3.6084,1
162.8943,3.2316,3.4431,0.1615,0,3.5927,1
162.9943,3.2326,3.3010,0.1730,0,3.5649,1
163.0943,3.2336,3.3801,0.1609,0,3.5473,1
163.1943,3.2346,3.3461,0.1651,0,3.5282,1
163.2943,3.2356,3.3295,0.1588,0,3.5093,1
163.3943,3.2366,3.2882,0.1763,0,3.4882,1
163.4943,3.2376,3.2319,0.1663,0,3.4639,1
163.5943,3.2386,3.3145,0.1737,0,3.4496,1
163.6943,3.2396,3.2589,0.1758,0,3.4315,1
163.7943,3.2293,3.1780,0.1805,0,3.4074,1
163.8943,3.2101,3.2504,0.1590,0,3.3924,1
163.9943,3.1909,3.1232,0.1894,0,3.3668,1
164.0943,3.1717,3.1346,0.1800,0,3.3447,1
164.1943,3.1525,3.0368,0.2001,0,3.3154,1
164.2943,3.1333,3.0890,0.1697,0,3.2939,1
164.3943,3.1141,3.0518,0.1961,0,3.2708,1
164.4943,3.0949,3.0742,0.1642,0,3.2521,1
164.5943,3.0758,2.9450,0.1868,0,3.2229,1
164.6943,3.0566,3.0010,0.1676,0,3.2018,1
164.7943,3.0396,2.9110,0.1873,0,3.1741,1
164.8943,3.0237,2.9096,0.1796,0,3.1489,1
164.9943,3.0079,2.7400,0.2162,0,3.1100,1
165.0943,2.9920,2.8442,0.1922,0,3.0847,1
165.1943,2.9762,2.7748,0.2313,0,3.0552,1
165.2943,2.9603,2.7982,0.1983,0,3.0308,1
165.3943,2.9445,2.6514,0.2343,0,2.9947,1
165.4943,2.9287,2.7631,0.2049,0,2.9726,1
165.5943,2.9128,2.7029,0.2164,0,2.9470,1
165.6943,2.8970,2.7524,0.2163,0,2.9285,1
165.7943,2.8973,2.7412,0.2348,0,2.9106,1
165.8943,2.9104,2.9326,0.1839,0,2.9127,1
165.9943,2.9235,2.8194,0.2243,0,2.9038,1
166.0943,2.9366,2.9605,0.1969,0,2.9092,1
166.1943,2.9497,2.6884,0.2651,0,2.8882,1
166.2943,2.9627,2.8347,0.2397,0,2.8831,1
166.3943,2.9758,2.8427,0.2489,0,2.8793,1
166.4943,2.9889,2.8810,0.2548,0,2.8794,1
166.5943,3.0020,2.8716,0.2600,0,2.8787,1
166.6943,3.0151,2.9107,0.2388,0,2.8817,1
166.7943,3.0485,2.8520,0.2644,0,2.8789,1
166.8943,3.0942,2.8965,0.2727,0,2.8806,1
166.9943,3.1400,2.8551,0.3040,0,2.8782,1
167.0943,3.1858,3.0033,0.2652,0,2.8901,1
167.1943,3.2315,3.0238,0.2618,0,2.9028,1
167.2943,3.2773,3.0185,0.2752,0,2.9138,1
167.3943,3.3230,3.1106,0.2791,0,2.9325,1
167.4943,3.3688,3.2145,0.2759,0,2.9594,1
167.5943,3.4146,3.2960,0.2470,0,2.9914,1
167.6943,3.4603,3.3981,0.2451,0,3.0301,1
167.7943,3.4978,3.4561,0.2470,0,3.0706,1
167.8943,3.5290,3.6220,0.2338,0,3.1231,1
167.9943,3.5603,3.6689,0.2280,0,3.1751,1
168.0943,3.5915,3.6902,0.2419,0,3.2241,1
168.1943,3.6227,3.7485,0.2430,0,3.2740,1
168.2943,3.6539,3.5887,0.2527,0,3.3039,1
168.3943,3.6852,3.5761,0.2300,0,3.3298,1
168.4943,3.7164,3.6316,0.2221,0,3.3586,1
168.5943,3.7476,3.7062,0.2079,0,3.3916,1
168.6943,3.7789,3.8487,0.1901,0,3.4351,1
168.7943,3.7836,3.7785,0.1763,0,3.4678,1
168.8943,3.7736,3.7289,0.1767,0,3.4927,1
168.9943,3.7637,3.7912,0.1883,0,3.5211,1
169.0943,3.7537,3.7468,0.1836,0,3.5425,1
169.1943,3.7438,3.8010,0.1778,0,3.5671,1
169.2943,3.7338,3.8600,0.1581,0,3.5950,1
169.3943,3.7238,3.8155,0.1639,0,3.6160,1
169.4943,3.7139,3.8981,0.1586,0,3.6428,1
169.5943,3.7039,3.8005,0.1518,0,3.6578,1
169.6943,3.6940,3.7949,0.1507,0,3.6709,1
169.7943,3.6767,3.8044,0.1542,0,3.6836,1
169.8943,3.6546,3.7192,0.1439,0,3.6870,1
169.9943,3.6326,3.7305,0.1500,0,3.6911,1
170.0943,3.6105,3.7007,0.1401,0,3.6920,1
170.1943,3.5885,3.7274,0.1474,0,3.6954,1
170.2943,3.5664,3.7600,0.1353,0,3.7015,1
170.3943,3.5443,3.6849,0.1427,0,3.7000,1
170.4943,3.5223,3.5557,0.1372,0,3.6862,1
170.5943,3.5002,3.6332,0.1370,0,3.6812,1
170.6943,3.4782,3.5313,0.1334,0,3.6669,1
170.7943,3.4719,3.6129,0.1344,0,3.6618,1
170.8943,3.4749,3.5273,0.1328,0,3.6490,1
170.9943,3.4779,3.6087,0.1324,0,3.6452,1
171.0943,3.4808,3.5266,0.1313,0,3.6339,1
171.1943,3.4838,3.5175,0.1363,0,3.6228,1
171.2943,3.4868,3.4861,0.1320,0,3.6098,1
171.3943,3.4898,3.5750,0.1335,0,3.6065,1
171.4943,3.4928,3.4825,0.1254,0,3.5947,1
171.5943,3.4958,3.5265,0.1277,0,3.5882,1
171.6943,3.4987,3.4518,0.1272,0,3.5752,1
171.7943,3.4994,3.5386,0.1174,0,3.5717,1
171.8943,3.4984,3.5251,0.1122,0,3.5673,1
171.9943,3.4974,3.5961,0.1200,0,3.5700,1
172.0943,3.4964,3.4917,0.1146,0,3.5626,1
172.1943,3.4954,3.5319,0.1147,0,3.5597,1
172.2943,3.4944,3.4254,0.1137,0,3.5469,1
172.3943,3.4934,3.5595,0.1126,0,3.5481,1
172.4943,3.4924,3.4850,0.1137,0,3.5421,1
172.5943,3.4914,3.4855,0.1082,0,3.5367,1
172.6943,3.4904,3.4401,0.1113,0,3.5275,1
172.7943,3.4870,3.5001,0.1142,0,3.5249,1
172.8943,3.4820,3.3835,0.1167,0,3.5114,1
172.9943,3.4770,3.4671,0.1149,0,3.5072,1
173.0943,3.4720,3.3676,0.1183,0,3.4939,1
173.1943,3.4671,3.4361,0.1236,0,3.4884,1
173.2943,3.4621,3.3140,0.1244,0,3.4718,1
173.3943,3.4571,3.3366,0.1166,0,3.4590,1
173.4943,3.4521,3.3513,0.1086,0,3.4487,1
173.5943,3.4472,3.4879,0.1152,0,3.4524,1
173.6943,3.4422,3.4348,0.1180,0,3.4508,1
173.7943,3.4338,3.3865,0.1160,0,3.4446,1
173.8943,3.4229,3.3116,0.1182,0,3.4320,1
173.9943,3.4119,3.3398,0.1305,0,3.4232,1
174.0943,3.4009,3.3374,0.1273,0,3.4150,1
174.1943,3.3899,3.2606,0.1249,0,3.4003,1
174.2943,3.3790,3.2834,0.1181,0,3.3892,1
174.3943,3.3680,3.2779,0.1309,0,3.3786,1
174.4943,3.3570,3.2603,0.1359,0,3.3674,1
174.5943,3.3461,3.2267,0.1320,0,3.3540,1
174.6943,3.3351,3.2375,0.1275,0,3.3429,1
174.7943,3.3240,3.2833,0.1342,0,3.3372,1
174.8943,3.3129,3.2401,0.1366,0,3.3280,1
174.9943,3.3018,3.1974,0.1362,0,3.3156,1
175.0943,3.2907,3.2456,0.1250,0,3.3089,1
175.1943,3.2795,3.3130,0.1296,0,3.3093,1
175.2943,3.2684,3.3457,0.1262,0,3.3128,1
175.3943,3.2573,3.2969,0.1251,0,3.3113,1
175.4943,3.2462,3.3170,0.1208,0,3.3118,1
175.5943,3.2351,3.2815,0.1287,0,3.3089,1
175.6943,3.2239,3.2828,0.1259,0,3.3064,1
175.7943,3.2264,3.2442,0.1280,0,3.3005,1
175.8943,3.2363,3.2968,0.1240,0,3.3001,1
175.9943,3.2462,3.2500,0.1191,0,3.2954,1
176.0943,3.2561,3.2827,0.1265,0,3.2942,1
176.1943,3.2660,3.2210,0.1253,0,3.2872,1
176.2943,3.2759,3.2679,0.1190,0,3.2854,1
176.3943,3.2857,3.3125,0.1168,0,3.2879,1
176.4943,3.2956,3.3929,0.1163,0,3.2979,1
176.5943,3.3055,3.2896,0.1167,0,3.2971,1
176.6943,3.3154,3.2959,0.1239,0,3.2970,1
176.7943,3.3281,3.2945,0.1137,0,3.2968,1
176.8943,3.3433,3.3135,0.1189,0,3.2984,1
176.9943,3.3584,3.3421,0.1175,0,3.3025,1
177.0943,3.3735,3.3024,0.1219,0,3.3025,1
177.1943,3.3886,3.3609,0.1136,0,3.3081,1
177.2943,3.4038,3.3676,0.1185,0,3.3138,1
177.3943,3.4189,3.3207,0.1182,0,3.3144,1
177.4943,3.4340,3.3472,0.1182,0,3.3175,1
177.5943,3.4491,3.3967,0.1083,0,3.3251,1
177.6943,3.4643,3.4099,0.1165,0,3.3331,1
177.7943,3.4694,3.3814,0.1178,0,3.3377,1
177.8943,3.4684,3.3501,0.1199,0,3.3389,1
177.9943,3.4674,3.4137,0.1150,0,3.3460,1
178.0943,3.4664,3.4120,0.1202,0,3.3523,1
178.1943,3.4654,3.3753,0.1205,0,3.3545,1
178.2943,3.4644,3.3858,0.1227,0,3.3575,1
178.3943,3.4634,3.4156,0.1206,0,3.3630,1
178.4943,3.4624,3.4427,0.1191,0,3.3706,1
178.5943,3.4614,3.3966,0.1280,0,3.3731,1
178.6943,3.4605,3.4564,0.1240,0,3.3810,1
178.7943,3.4600,3.5046,0.1228,0,3.3928,1
178.8943,3.4600,3.4529,0.1303,0,3.3985,1
178.9943,3.4600,3.5053,0.1221,0,3.4086,1
179.0943,3.4600,3.4343,0.1296,0,3.4111,1
179.1943,3.4600,3.4286,0.1313,0,3.4128,1
179.2943,3.4600,3.4856,0.1190,0,3.4197,1
179.3943,3.4600,3.4542,0.1234,0,3.4230,1
179.4943,3.4600,3.5071,0.1130,0,3.4310,1
179.5943,3.4600,3.4659,0.1193,0,3.4343,1
179.6943,3.4600,3.4020,0.1263,0,3.4312,1
179.7943,3.4628,3.4440,0.1270,0,3.4324,1
179.8943,3.4678,3.4219,0.1293,0,3.4314,1
179.9943,3.4728,3.3705,0.1294,0,3.4256,1
180.0943,3.4779,3.4169,0.1219,0,3.4248,1
180.1943,3.4829,3.4238,0.1230,0,3.4247,1
180.2943,3.4879,3.4599,0.1120,0,3.4281,1
180.3943,3.4929,3.4007,0.1258,0,3.4255,1
180.4943,3.4979,3.4440,0.1296,0,3.4272,1
180.5943,3.5030,3.6006,0.1166,0,3.4437,1
180.6943,3.5080,3.5062,0.1186,0,3.4497,1
180.7943,3.5094,3.5114,0.1209,0,3.4556,1
180.8943,3.5084,3.4421,0.1285,0,3.4543,1
180.9943,3.5074,3.4678,0.1224,0,3.4556,1
181.0943,3.5064,3.5218,0.1136,0,3.4619,1
181.1943,3.5054,3.4711,0.1261,0,3.4627,1
181.2943,3.5044,3.4427,0.1217,0,3.4608,1
181.3943,3.5034,3.4337,0.1207,0,3.4583,1
181.4943,3.5024,3.4794,0.1187,0,3.4603,1
181.5943,3.5014,3.5223,0.1112,0,3.4662,1
181.6943,3.5004,3.5158,0.1182,0,3.4709,1
181.7943,3.5066,3.5031,0.1112,0,3.4740,1
181.8943,3.5175,3.5619,0.1101,0,3.4823,1
181.9943,3.5285,3.4439,0.1258,0,3.4787,1
182.0943,3.5394,3.5579,0.1126,0,3.4862,1
182.1943,3.5504,3.4750,0.1173,0,3.4851,1
182.2943,3.5613,3.5782,0.1097,0,3.4940,1
182.3943,3.5723,3.5480,0.1072,0,3.4991,1
182.4943,3.5832,3.5215,0.1187,0,3.5013,1
182.5943,3.5942,3.5638,0.1156,0,3.5072,1
182.6943,3.6051,3.5791,0.1135,0,3.5141,1
182.7943,3.6055,3.5023,0.1172,0,3.5129,1
182.8943,3.5974,3.5129,0.1104,0,3.5129,1
182.9943,3.5894,3.4005,0.1148,0,3.5022,1
183.0943,3.5813,3.4331,0.1081,0,3.4956,1
183.1943,3.5732,3.4193,0.1123,0,3.4884,1
183.2943,3.5651,3.4827,0.1148,0,3.4878,1
183.3943,3.5570,3.5360,0.1105,0,3.4924,1
183.4943,3.5489,3.5452,0.1110,0,3.4975,1
183.5943,3.5409,3.5210,0.1144,0,3.4997,1
183.6943,3.5328,3.4934,0.1138,0,3.4991,1
183.7943,3.5274,3.4694,0.1162,0,3.4963,1
183.8943,3.5234,3.4278,0.1186,0,3.4898,1
183.9943,3.5195,3.4913,0.1183,0,3.4899,1
184.0943,3.5155,3.4807,0.1174,0,3.4890,1
184.1943,3.5116,3.4500,0.1168,0,3.4853,1
184.2943,3.5076,3.3903,0.1272,0,3.4763,1
184.3943,3.5037,3.5094,0.1187,0,3.4794,1
184.4943,3.4997,3.4101,0.1217,0,3.4728,1
184.5943,3.4958,3.4663,0.1196,0,3.4722,1
184.6943,3.4918,3.3569,0.1312,0,3.4612,1
184.7943,3.4851,3.3728,0.1313,0,3.4528,1
184.8943,3.4760,3.3081,0.1357,0,3.4391,1
184.9943,3.4669,3.4208,0.1222,0,3.4373,1
185.0943,3.4579,3.3823,0.1305,0,3.4321,1
185.1943,3.4488,3.4172,0.1305,0,3.4307,1
185.2943,3.4397,3.3849,0.1304,0,3.4263,1
185.3943,3.4306,3.3199,0.1337,0,3.4162,1
185.4943,3.4216,3.2923,0.1367,0,3.4044,1
185.5943,3.4125,3.3845,0.1336,0,3.4025,1
185.6943,3.4034,3.4186,0.1343,0,3.4040,1
185.7943,3.3981,3.3824,0.1223,0,3.4020,1
185.8943,3.3951,3.3350,0.1292,0,3.3956,1
185.9943,3.3921,3.4190,0.1321,0,3.3978,1
186.0943,3.3891,3.4647,0.1288,0,3.4042,1
186.1943,3.3861,3.4205,0.1319,0,3.4057,1
186.2943,3.3831,3.3195,0.1301,0,3.3975,1
186.3943,3.3801,3.3511,0.1408,0,3.3931,1
186.4943,3.3771,3.3595,0.1384,0,3.3899,1
186.5943,3.3741,3.4090,0.1277,0,3.3917,1
186.6943,3.3711,3.3797,0.1376,0,3.3906,1
186.7943,3.3655,3.3412,0.1410,0,3.3859,1
186.8943,3.3585,3.3268,0.1380,0,3.3803,1
186.9943,3.3515,3.3201,0.1389,0,3.3745,1
187.0943,3.3446,3.2637,0.1350,0,3.3640,1
187.1943,3.3376,3.2895,0.1342,0,3.3569,1
187.2943,3.3306,3.3566,0.1301,0,3.3569,1
187.3943,3.3236,3.3382,0.1251,0,3.3551,1
187.4943,3.3167,3.3700,0.1235,0,3.3565,1
187.5943,3.3097,3.2905,0.1329,0,3.3502,1
187.6943,3.3027,3.3032,0.1281,0,3.3458,1
187.7943,3.3000,3.3774,0.1271,0,3.3488,1
187.8943,3.3000,3.3285,0.1293,0,3.3468,1
187.9943,3.3000,3.2573,0.1332,0,3.3383,1
188.0943,3.3000,3.1467,0.1350,0,3.3201,1
188.1943,3.3000,3.1906,0.1364,0,3.3078,1
188.2943,3.3000,3.2571,0.1282,0,3.3029,1
188.3943,3.3000,3.0562,0.1392,0,3.2795,1
188.4943,3.3000,3.1248,0.1302,0,3.2647,1
188.5943,3.3000,3.1436,0.1338,0,3.2532,1
188.6943,3.3000,3.2080,0.1273,0,3.2489,1
188.7943,3.3031,3.1268,0.1281,0,3.2373,1
188.8943,3.3081,3.1557,0.1259,0,3.2295,1
188.9943,3.3131,3.2078,0.1201,0,3.2275,1
189.0943,3.3180,3.3095,0.1189,0,3.2353,1
189.1943,3.3230,3.2315,0.1301,0,3.2349,1
189.2943,3.3280,3.2528,0.1224,0,3.2366,1
189.3943,3.3330,3.2466,0.1273,0,3.2376,1
189.4943,3.3379,3.3159,0.1286,0,3.2450,1
189.5943,3.3429,3.3411,0.1229,0,3.2542,1
189.6943,3.3479,3.3158,0.1220,0,3.2600,1
189.7943,3.3580,3.3664,0.1251,0,3.2702,1
189.8943,3.3721,3.3333,0.1277,0,3.2762,1
189.9943,3.3861,3.2954,0.1299,0,3.2780,1
190.0943,3.4002,3.3824,0.1152,0,3.2879,1
190.1943,3.4142,3.4249,0.1168,0,3.3010,1
190.2943,3.4283,3.3876,0.1240,0,3.3092,1
190.3943,3.4423,3.5070,0.1163,0,3.3280,1
190.4943,3.4563,3.4494,0.1128,0,3.3396,1
190.5943,3.4704,3.5180,0.1098,0,3.3565,1
190.6943,3.4844,3.4691,0.1221,0,3.3673,1
190.7943,3.4997,3.5708,0.1218,0,3.3866,1
190.8943,3.5158,3.5698,0.1112,0,3.4041,1
190.9943,3.5319,3.6202,0.1111,0,3.4246,1
191.0943,3.5480,3.5086,0.1240,0,3.4326,1
191.1943,3.5641,3.5383,0.1235,0,3.4427,1
191.2943,3.5802,3.4740,0.1191,0,3.4457,1
191.3943,3.5963,3.6076,0.1095,0,3.4611,1
191.4943,3.6124,3.5673,0.1123,0,3.4712,1
191.5943,3.6285,3.6056,0.1121,0,3.4840,1
191.6943,3.6446,3.6114,0.1070,0,3.4961,1
191.7943,3.6619,3.7251,0.0999,0,3.5179,1
191.8943,3.6798,3.6790,0.1109,0,3.5332,1
191.9943,3.6977,3.6685,0.1187,0,3.5461,1
192.0943,3.7156,3.6551,0.1129,0,3.5565,1
192.1943,3.7336,3.7411,0.1072,0,3.5740,1
192.2943,3.7515,3.6291,0.1196,0,3.5793,1
192.3943,3.7694,3.7339,0.1215,0,3.5940,1
192.4943,3.7873,3.7466,0.1198,0,3.6085,1
192.5943,3.8053,3.8125,0.1132,0,3.6279,1
192.6943,3.8232,3.7376,0.1198,0,3.6384,1
192.7943,3.8319,3.7178,0.1274,0,3.6459,1
192.8943,3.8349,3.8050,0.1186,0,3.6611,1
192.9943,3.8379,3.8537,0.1153,0,3.6794,1
193.0943,3.8409,3.7671,0.1166,0,3.6877,1
193.1943,3.8439,3.8180,0.1154,0,3.7001,1
193.2943,3.8469,3.7460,0.1150,0,3.7045,1
193.3943,3.8499,3.8298,0.1119,0,3.7164,1
193.4943,3.8530,3.7893,0.1237,0,3.7234,1
193.5943,3.8560,3.8724,0.1230,0,3.7375,1
193.6943,3.8590,3.9044,0.1127,0,3.7534,1
193.7943,3.8627,3.8440,0.1197,0,3.7620,1
193.8943,3.8667,3.7975,0.1215,0,3.7654,1
193.9943,3.8707,3.8813,0.1231,0,3.7764,1
194.0943,3.8747,3.9174,0.1162,0,3.7899,1
194.1943,3.8787,3.8944,0.1194,0,3.7998,1
194.2943,3.8827,3.8682,0.1216,0,3.8063,1
194.3943,3.8867,3.8713,0.1112,0,3.8125,1
194.4943,3.8907,3.8962,0.1128,0,3.8205,1
194.5943,3.8947,3.9018,0.1167,0,3.8282,1
194.6943,3.8987,3.9348,0.1130,0,3.8383,1
194.7943,3.9118,3.9346,0.1138,0,3.8475,1
194.8943,3.9296,3.8672,0.1153,0,3.8494,1
194.9943,3.9473,3.8889,0.1171,0,3.8531,1
195.0943,3.9651,3.9485,0.1167,0,3.8622,1
195.1943,3.9829,4.0188,0.1076,0,3.8771,1
195.2943,4.0007,3.8762,0.1192,0,3.8770,1
195.3943,4.0184,3.9844,0.1166,0,3.8872,1
195.4943,4.0362,4.0012,0.1134,0,3.8981,1
195.5943,4.0540,3.9821,0.1174,0,3.9061,1
195.6943,4.0717,4.0263,0.1239,0,3.9175,1
195.7943,4.0870,4.0769,0.1180,0,3.9327,1
195.8943,4.1002,4.1499,0.1132,0,3.9534,1
195.9943,4.1133,4.1358,0.1116,0,3.9707,1
196.0943,4.1265,4.0869,0.1188,0,3.9818,1
196.1943,4.1396,4.1466,0.1208,0,3.9975,1
196.2943,4.1528,4.1493,0.1155,0,4.0119,1
196.3943,4.1659,4.1433,0.1168,0,4.0244,1
196.4943,4.1790,4.1777,0.1211,0,4.0390,1
196.5943,4.1922,4.2281,0.1197,0,4.0570,1
196.6943,4.2053,4.2517,0.1130,0,4.0755,1
196.7943,4.2164,4.2301,0.1087,0,4.0902,1
196.8943,4.2263,4.1913,0.1139,0,4.0999,1
196.9943,4.2362,4.2858,0.1131,0,4.1176,1
197.0943,4.2461,4.2968,0.1165,0,4.1346,1
197.1943,4.2561,4.1931,0.1149,0,4.1402,1
197.2943,4.2660,4.2174,0.1140,0,4.1475,1
197.3943,4.2759,4.3418,0.1089,0,4.1660,1
197.4943,4.2858,4.3889,0.1134,0,4.1872,1
197.5943,4.2957,4.2554,0.1113,0,4.1937,1
197.6943,4.3056,4.2848,0.1114,0,4.2024,1
197.7943,4.3077,4.3566,0.1143,0,4.2171,1
197.8943,4.3037,4.3727,0.1094,0,4.2319,1
197.9943,4.2997,4.1622,0.1169,0,4.2252,1
198.0943,4.2957,4.2316,0.1060,0,4.2259,1
198.1943,4.2916,4.2097,0.1194,0,4.2243,1
198.2943,4.2876,4.2342,0.1214,0,4.2252,1
198.3943,4.2836,4.2340,0.1151,0,4.2261,1
198.4943,4.2795,4.2019,0.1148,0,4.2238,1
198.5943,4.2755,4.1608,0.1176,0,4.2178,1
198.6943,4.2715,4.2940,0.1170,0,4.2250,1
198.7943,4.2606,4.1767,0.1261,0,4.2204,1
198.8943,4.2456,4.1675,0.1220,0,4.2154,1
198.9943,4.2306,4.1021,0.1308,0,4.2046,1
199.0943,4.2156,4.1348,0.1354,0,4.1980,1
199.1943,4.2007,4.1328,0.1345,0,4.1918,1
199.2943,4.1857,4.2575,0.1323,0,4.1980,1
199.3943,4.1707,4.1501,0.1405,0,4.1935,1
199.4943,4.1557,4.1834,0.1376,0,4.1925,1
199.5943,4.1407,4.1611,0.1487,0,4.1895,1
199.6943,4.1258,4.2156,0.1448,0,4.1920,1
199.7943,4.1157,4.1827,0.1522,0,4.1911,1
199.8943,4.1087,4.1658,0.1488,0,4.1887,1
199.9943,4.1016,4.0444,0.1616,0,4.1750,1
200.0943,4.0946,4.0884,0.1635,0,4.1667,1
200.1943,4.0876,4.1296,0.1574,0,4.1632,1
200.2943,4.0806,4.1581,0.1681,0,4.1627,1
200.3943,4.0736,4.1172,0.1662,0,4.1584,1
200.4943,4.0665,4.0565,0.1730,0,4.1487,1
200.5943,4.0595,4.1154,0.1623,0,4.1455,1
200.6943,4.0525,4.2129,0.1503,0,4.1519,1
200.7943,4.0410,4.1063,0.1494,0,4.1476,1
200.8943,4.0271,4.0026,0.1694,0,4.1338,1
200.9943,4.0131,4.0127,0.1568,0,4.1223,1
201.0943,3.9991,4.0717,0.1568,0,4.1175,1
201.1943,3.9852,4.0874,0.1480,0,4.1146,1
201.2943,3.9712,3.9603,0.1580,0,4.0999,1
201.3943,3.9573,3.9667,0.1502,0,4.0872,1
201.4943,3.9433,4.0088,0.1445,0,4.0798,1
201.5943,3.9294,3.9515,0.1418,0,4.0676,1
201.6943,3.9154,3.9029,0.1469,0,4.0519,1
201.7943,3.9020,3.8982,0.1422,0,4.0373,1
201.8943,3.8890,3.8313,0.1446,0,4.0177,1
201.9943,3.8760,3.8792,0.1350,0,4.0045,1
202.0943,3.8630,3.8459,0.1285,0,3.9894,1
202.1943,3.8500,3.7701,0.1333,0,3.9685,1
202.2943,3.8370,3.9205,0.1310,0,3.9640,1
202.3943,3.8240,3.7952,0.1326,0,3.9479,1
202.4943,3.8110,3.8143,0.1336,0,3.9352,1
202.5943,3.7979,3.7751,0.1327,0,3.9200,1
202.6943,3.7849,3.8004,0.1263,0,3.9086,1
202.7943,3.7751,3.7669,0.1265,0,3.8951,1
202.8943,3.7671,3.8253,0.1298,0,3.8885,1
202.9943,3.7591,3.6962,0.1289,0,3.8702,1
203.0943,3.7512,3.7694,0.1270,0,3.8606,1
203.1943,3.7432,3.6773,0.1291,0,3.8431,1
203.2943,3.7353,3.7204,0.1323,0,3.8314,1
203.3943,3.7273,3.7109,0.1300,0,3.8200,1
203.4943,3.7193,3.6985,0.1310,0,3.8084,1
203.5943,3.7114,3.5834,0.1364,0,3.7870,1
203.6943,3.7034,3.7004,0.1377,0,3.7788,1
203.7943,3.6948,3.5942,0.1345,0,3.7612,1
203.8943,3.6857,3.6496,0.1350,0,3.7506,1
203.9943,3.6767,3.5399,0.1359,0,3.7305,1
204.0943,3.6676,3.5616,0.1425,0,3.7145,1
204.1943,3.6585,3.6435,0.1257,0,3.7077,1
204.2943,3.6495,3.6548,0.1241,0,3.7027,1
204.3943,3.6404,3.5686,0.1324,0,3.6899,1
204.4943,3.6313,3.6482,0.1376,0,3.6860,1
204.5943,3.6223,3.5655,0.1260,0,3.6745,1
204.6943,3.6132,3.5700,0.1277,0,3.6646,1
204.7943,3.6048,3.5851,0.1217,0,3.6570,1
204.8943,3.5969,3.5465,0.1279,0,3.6465,1
204.9943,3.5889,3.6076,0.1181,0,3.6428,1
205.0943,3.5809,3.5339,0.1193,0,3.6324,1
205.1943,3.5730,3.4843,0.1256,0,3.6183,1
205.2943,3.5650,3.5551,0.1206,0,3.6123,1
205.3943,3.5570,3.5054,0.1184,0,3.6021,1
205.4943,3.5490,3.5079,0.1204,0,3.5932,1
205.5943,3.5411,3.4789,0.1204,0,3.5823,1
205.6943,3.5331,3.4718,0.1232,0,3.5718,1
205.7943,3.5239,3.4523,0.1184,0,3.5604,1
205.8943,3.5139,3.5031,0.1158,0,3.5550,1
205.9943,3.5039,3.5178,0.1175,0,3.5514,1
206.0943,3.4939,3.4765,0.1143,0,3.5443,1
206.1943,3.4839,3.5176,0.1100,0,3.5418,1
206.2943,3.4739,3.4225,0.1213,0,3.5304,1
206.3943,3.4639,3.5368,0.1177,0,3.5310,1
206.4943,3.4539,3.4328,0.1208,0,3.5217,1
206.5943,3.4439,3.4739,0.1156,0,3.5171,1
206.6943,3.4339,3.3677,0.1245,0,3.5029,1
206.7943,3.4251,3.4606,0.1222,0,3.4989,1
206.8943,3.4171,3.2944,0.1287,0,3.4794,1
206.9943,3.4091,3.4762,0.1184,0,3.4791,1
207.0943,3.4011,3.3983,0.1323,0,3.4714,1
207.1943,3.3931,3.4743,0.1208,0,3.4717,1
207.2943,3.3851,3.3855,0.1294,0,3.4635,1
207.3943,3.3771,3.4049,0.1245,0,3.4579,1
207.4943,3.3692,3.3208,0.1296,0,3.4449,1
207.5943,3.3612,3.3870,0.1248,0,3.4394,1
207.6943,3.3532,3.3012,0.1325,0,3.4262,1
207.7943,3.3458,3.4231,0.1227,0,3.4259,1
207.8943,3.3388,3.3573,0.1323,0,3.4194,1
207.9943,3.3317,3.3305,0.1309,0,3.4109,1
208.0943,3.3247,3.2701,0.1375,0,3.3975,1
208.1943,3.3177,3.3254,0.1320,0,3.3907,1
208.2943,3.3107,3.3501,0.1254,0,3.3868,1
208.3943,3.3037,3.3358,0.1307,0,3.3819,1
208.4943,3.2967,3.2310,0.1368,0,3.3676,1
208.5943,3.2897,3.3160,0.1306,0,3.3627,1
208.6943,3.2827,3.3307,0.1287,0,3.3596,1
208.7943,3.2794,3.3883,0.1203,0,3.3624,1
208.8943,3.2784,3.3219,0.1301,0,3.3585,1
208.9943,3.2774,3.2764,0.1352,0,3.3507,1
209.0943,3.2764,3.3742,0.1262,0,3.3529,1
209.1943,3.2754,3.2565,0.1344,0,3.3438,1
209.2943,3.2744,3.2481,0.1420,0,3.3347,1
209.3943,3.2734,3.3102,0.1338,0,3.3323,1
209.4943,3.2724,3.3266,0.1311,0,3.3318,1
209.5943,3.2714,3.2642,0.1336,0,3.3253,1
209.6943,3.2704,3.2674,0.1333,0,3.3198,1
209.7943,3.2654,3.2027,0.1349,0,3.3087,1
209.8943,3.2573,3.2783,0.1310,0,3.3058,1
209.9943,3.2493,3.2260,0.1334,0,3.2982,1
210.0943,3.2413,3.1870,0.1416,0,3.2876,1
210.1943,3.2333,3.1909,0.1401,0,3.2784,1
210.2943,3.2253,3.1780,0.1366,0,3.2689,1
210.3943,3.2173,3.2163,0.1311,0,3.2639,1
210.4943,3.2092,3.2413,0.1337,0,3.2617,1
210.5943,3.2012,3.1688,0.1310,0,3.2529,1
210.6943,3.1932,3.2330,0.1327,0,3.2510,1
210.7943,3.1924,3.1282,0.1351,0,3.2393,1
210.8943,3.1964,3.1700,0.1356,0,3.2327,1
210.9943,3.2004,3.1548,0.1362,0,3.2253,1
211.0943,3.2044,3.1114,0.1341,0,3.2144,1
211.1943,3.2084,3.1875,0.1289,0,3.2119,1
211.2943,3.2124,3.1885,0.1352,0,3.2097,1
211.3943,3.2164,3.1862,0.1275,0,3.2074,1
211.4943,3.2204,3.1976,0.1246,0,3.2065,1
211.5943,3.2244,3.1663,0.1264,0,3.2027,1
211.6943,3.2284,3.1877,0.1234,0,3.2012,1
211.7943,3.2379,3.2309,0.1241,0,3.2041,1
211.8943,3.2510,3.2390,0.1227,0,3.2074,1
211.9943,3.2640,3.1871,0.1304,0,3.2055,1
212.0943,3.2771,3.2023,0.1330,0,3.2052,1
212.1943,3.2902,3.2796,0.1245,0,3.2122,1
212.2943,3.3032,3.2981,0.1273,0,3.2204,1
212.3943,3.3163,3.2526,0.1299,0,3.2235,1
212.4943,3.3294,3.3308,0.1260,0,3.2337,1
212.5943,3.3424,3.3169,0.1313,0,3.2416,1
212.6943,3.3555,3.3067,0.1313,0,3.2478,1
212.7943,3.3633,3.3461,0.1265,0,3.2572,1
212.8943,3.3683,3.2882,0.1348,0,3.2601,1
212.9943,3.3733,3.3980,0.1226,0,3.2732,1
213.0943,3.3782,3.3839,0.1256,0,3.2837,1
213.1943,3.3832,3.3771,0.1266,0,3.2926,1
213.2943,3.3882,3.3840,0.1301,0,3.3013,1
213.3943,3.3932,3.3615,0.1249,0,3.3071,1
213.4943,3.3982,3.4326,0.1250,0,3.3190,1
213.5943,3.4032,3.4375,0.1252,0,3.3303,1
213.6943,3.4082,3.3021,0.1352,0,3.3276,1
213.7943,3.4106,3.4124,0.1285,0,3.3357,1
213.8943,3.4116,3.3625,0.1337,0,3.3382,1
213.9943,3.4126,3.3345,0.1335,0,3.3379,1
214.0943,3.4136,3.3549,0.1315,0,3.3395,1
214.1943,3.4146,3.3806,0.1256,0,3.3434,1
214.2943,3.4156,3.3590,0.1260,0,3.3449,1
214.3943,3.4166,3.3893,0.1204,0,3.3491,1
214.4943,3.4177,3.3057,0.1239,0,3.3450,1
214.5943,3.4187,3.4136,0.1164,0,3.3515,1
214.6943,3.4197,3.3232,0.1197,0,3.3488,1
214.7943,3.4167,3.3833,0.1100,0,3.3521,1
214.8943,3.4118,3.3831,0.1109,0,3.3550,1
214.9943,3.4068,3.3992,0.1095,0,3.3592,1
215.0943,3.4018,3.3693,0.1149,0,3.3602,1
215.1943,3.3969,3.3886,0.1090,0,3.3629,1
215.2943,3.3919,3.3568,0.1117,0,3.3623,1
215.3943,3.3870,3.4138,0.1058,0,3.3672,1
215.4943,3.3820,3.3057,0.1179,0,3.3614,1
215.5943,3.3770,3.3379,0.1117,0,3.3591,1
215.6943,3.3721,3.3724,0.1090,0,3.3604,1
215.7943,3.3758,3.3699,0.1102,0,3.3613,1
215.8943,3.3859,3.3961,0.1142,0,3.3646,1
215.9943,3.3959,3.4383,0.1050,0,3.3716,1
216.0943,3.4059,3.4433,0.1055,0,3.3784,1
216.1943,3.4159,3.4555,0.1029,0,3.3858,1
216.2943,3.4259,3.3170,0.1166,0,3.3792,1
216.3943,3.4359,3.4168,0.1079,0,3.3828,1
216.4943,3.4459,3.4417,0.1114,0,3.3884,1
216.5943,3.4559,3.3947,0.1126,0,3.3890,1
216.6943,3.4659,3.3940,0.1143,0,3.3895,1
216.7943,3.4694,3.3783,0.1153,0,3.3884,1
216.8943,3.4684,3.3311,0.1243,0,3.3830,1
216.9943,3.4674,3.4018,0.1139,0,3.3848,1
217.0943,3.4664,3.3898,0.1210,0,3.3852,1
217.1943,3.4654,3.4451,0.1104,0,3.3909,1
217.2943,3.4644,3.4321,0.1174,0,3.3949,1
217.3943,3.4634,3.4045,0.1158,0,3.3958,1
217.4943,3.4624,3.3783,0.1182,0,3.3941,1
217.5943,3.4614,3.4557,0.1126,0,3.4000,1
217.6943,3.4604,3.4384,0.1192,0,3.4036,1
217.7943,3.4606,3.4998,0.1129,0,3.4128,1
217.8943,3.4616,3.4297,0.1199,0,3.4144,1
217.9943,3.4626,3.4620,0.1123,0,3.4189,1
218.0943,3.4636,3.4402,0.1196,0,3.4209,1
218.1943,3.4646,3.4523,0.1201,0,3.4239,1
218.2943,3.4656,3.4612,0.1165,0,3.4275,1
218.3943,3.4666,3.4202,0.1137,0,3.4268,1
218.4943,3.4676,3.4281,0.1179,0,3.4269,1
218.5943,3.4686,3.4340,0.1199,0,3.4276,1
218.6943,3.4696,3.4473,0.1180,0,3.4295,1
218.7943,3.4805,3.5130,0.1107,0,3.4374,1
218.8943,3.4995,3.5495,0.1080,0,3.4481,1
218.9943,3.5185,3.4449,0.1150,0,3.4478,1
219.0943,3.5375,3.5161,0.1091,0,3.4543,1
219.1943,3.5566,3.5029,0.1102,0,3.4589,1
219.2943,3.5756,3.5936,0.1079,0,3.4717,1
219.3943,3.5946,3.5627,0.1084,0,3.4804,1
219.4943,3.6136,3.6208,0.1064,0,3.4937,1
219.5943,3.6326,3.5905,0.1152,0,3.5029,1
219.6943,3.6516,3.5971,0.1123,0,3.5119,1
219.7943,3.6679,3.5717,0.1192,0,3.5176,1
219.8943,3.6820,3.5772,0.1200,0,3.5233,1
219.9943,3.6961,3.6298,0.1156,0,3.5334,1
220.0943,3.7103,3.6947,0.1094,0,3.5488,1
220.1943,3.7244,3.6162,0.1148,0,3.5552,1
220.2943,3.7385,3.6766,0.1142,0,3.5667,1
220.3943,3.7526,3.6533,0.1181,0,3.5750,1
220.4943,3.7668,3.7667,0.1118,0,3.5932,1
220.5943,3.7809,3.6473,0.1191,0,3.5984,1
220.6943,3.7950,3.6604,0.1192,0,3.6043,1
220.7943,3.7961,3.6342,0.1219,0,3.6071,1
220.8943,3.7902,3.7470,0.1194,0,3.6204,1
220.9943,3.7842,3.7756,0.1195,0,3.6352,1
221.0943,3.7782,3.7338,0.1218,0,3.6446,1
221.1943,3.7722,3.6814,0.1218,0,3.6481,1
221.2943,3.7663,3.7289,0.1232,0,3.6558,1
221.3943,3.7603,3.7035,0.1199,0,3.6603,1
221.4943,3.7543,3.7106,0.1249,0,3.6651,1
221.5943,3.7484,3.7316,0.1197,0,3.6714,1
221.6943,3.7424,3.7666,0.1173,0,3.6805,1
221.7943,3.7406,3.6894,0.1189,0,3.6813,1
221.8943,3.7416,3.7153,0.1224,0,3.6846,1
221.9943,3.7426,3.6332,0.1217,0,3.6797,1
222.0943,3.7436,3.7582,0.1203,0,3.6872,1
222.1943,3.7446,3.7045,0.1155,0,3.6888,1
222.2943,3.7456,3.7087,0.1170,0,3.6907,1
222.3943,3.7466,3.6370,0.1183,0,3.6856,1
222.4943,3.7476,3.7015,0.1240,0,3.6871,1
222.5943,3.7485,3.7005,0.1224,0,3.6884,1
222.6943,3.7495,3.7503,0.1204,0,3.6943,1
222.7943,3.7478,3.7086,0.1149,0,3.6956,1
222.8943,3.7438,3.6717,0.1235,0,3.6933,1
222.9943,3.7398,3.6555,0.1184,0,3.6897,1
223.0943,3.7357,3.7258,0.1202,0,3.6932,1
223.1943,3.7317,3.6507,0.1163,0,3.6891,1
223.2943,3.7277,3.6716,0.1170,0,3.6875,1
223.3943,3.7237,3.6257,0.1152,0,3.6816,1
223.4943,3.7196,3.7539,0.1140,0,3.6885,1
223.5943,3.7156,3.7055,0.1189,0,3.6901,1
223.6943,3.7116,3.7510,0.1213,0,3.6959,1
223.7943,3.7076,3.7375,0.1168,0,3.6998,1
223.8943,3.7036,3.7991,0.1145,0,3.7093,1
223.9943,3.6997,3.6800,0.1174,0,3.7065,1
224.0943,3.6957,3.6877,0.1209,0,3.7047,1
224.1943,3.6917,3.6671,0.1238,0,3.7011,1
224.2943,3.6877,3.6854,0.1148,0,3.6996,1
224.3943,3.6838,3.6704,0.1185,0,3.6969,1
224.4943,3.6798,3.6869,0.1206,0,3.6959,1
224.5943,3.6758,3.6678,0.1216,0,3.6932,1
224.6943,3.6719,3.7229,0.1195,0,3.6961,1
224.7943,3.6732,3.6901,0.1193,0,3.6955,1
224.8943,3.6792,3.7151,0.1137,0,3.6974,1
224.9943,3.6853,3.6033,0.1217,0,3.6884,1
225.0943,3.6913,3.6456,0.1132,0,3.6843,1
225.1943,3.6973,3.6644,0.1188,0,3.6824,1
225.2943,3.7034,3.6540,0.1191,0,3.6797,1
225.3943,3.7094,3.6447,0.1192,0,3.6764,1
225.4943,3.7154,3.5951,0.1158,0,3.6687,1
225.5943,3.7215,3.6689,0.1208,0,3.6687,1
225.6943,3.7275,3.6381,0.1181,0,3.6658,1
225.7943,3.7277,3.5503,0.1296,0,3.6548,1
225.8943,3.7237,3.5399,0.1123,0,3.6439,1
225.9943,3.7197,3.5845,0.1183,0,3.6382,1
226.0943,3.7157,3.4977,0.1223,0,3.6248,1
226.1943,3.7117,3.5278,0.1234,0,3.6156,1
226.2943,3.7078,3.4628,0.1195,0,3.6011,1
226.3943,3.7038,3.5645,0.1258,0,3.5976,1
226.4943,3.6998,3.5154,0.1220,0,3.5898,1
226.5943,3.6958,3.4599,0.1308,0,3.5774,1
226.6943,3.6918,3.4552,0.1239,0,3.5658,1
226.7943,3.6840,3.5618,0.1259,0,3.5654,1
226.8943,3.6730,3.4762,0.1365,0,3.5569,1
226.9943,3.6619,3.5491,0.1316,0,3.5562,1
227.0943,3.6508,3.5327,0.1271,0,3.5539,1
227.1943,3.6398,3.5295,0.1348,0,3.5516,1
227.2943,3.6287,3.5515,0.1339,0,3.5516,1
227.3943,3.6176,3.5213,0.1368,0,3.5487,1
227.4943,3.6066,3.4950,0.1272,0,3.5436,1
227.5943,3.5955,3.5040,0.1306,0,3.5398,1
227.6943,3.5844,3.4251,0.1406,0,3.5289,1
227.7943,3.5812,3.5654,0.1240,0,3.5324,1
227.8943,3.5832,3.5610,0.1247,0,3.5351,1
227.9943,3.5852,3.5653,0.1250,0,3.5380,1
228.0943,3.5872,3.5813,0.1236,0,3.5421,1
228.1943,3.5892,3.5653,0.1193,0,3.5443,1
228.2943,3.5912,3.5473,0.1264,0,3.5446,1
228.3943,3.5932,3.5940,0.1211,0,3.5493,1
228.4943,3.5952,3.6261,0.1200,0,3.5566,1
228.5943,3.5972,3.5886,0.1144,0,3.5597,1
228.6943,3.5992,3.5464,0.1202,0,3.5584,1
228.7943,3.6000,3.5481,0.1180,0,3.5574,1
228.8943,3.6000,3.6998,0.1083,0,3.5710,1
228.9943,3.6000,3.5800,0.1120,0,3.5718,1
229.0943,3.6000,3.5432,0.1175,0,3.5691,1
229.1943,3.6000,3.5728,0.1089,0,3.5695,1
229.2943,3.6000,3.5243,0.1094,0,3.5652,1
229.3943,3.6000,3.5571,0.1064,0,3.5644,1
229.4943,3.6000,3.5794,0.1102,0,3.5658,1
229.5943,3.6000,3.5159,0.1072,0,3.5611,1
229.6943,3.6000,3.5090,0.1086,0,3.5561,1
229.7943,3.5949,3.5490,0.1070,0,3.5554,1
229.8943,3.5870,3.4944,0.1150,0,3.5496,1
229.9943,3.5791,3.5349,0.1053,0,3.5482,1
230.0943,3.5711,3.5366,0.1076,0,3.5471,1
230.1943,3.5632,3.4965,0.1136,0,3.5423,1
230.2943,3.5552,3.4963,0.1118,0,3.5379,1
230.3943,3.5473,3.4596,0.1097,0,3.5305,1
230.4943,3.5394,3.5079,0.1150,0,3.5283,1
230.5943,3.5314,3.4655,0.1184,0,3.5223,1
230.6943,3.5235,3.5173,0.1154,0,3.5219,1
230.7943,3.5161,3.4846,0.1120,0,3.5183,1
230.8943,3.5091,3.4891,0.1191,0,3.5155,1
230.9943,3.5020,3.4036,0.1274,0,3.5049,1
231.0943,3.4950,3.5206,0.1123,0,3.5064,1
231.1943,3.4880,3.4929,0.1125,0,3.5051,1
231.2943,3.4810,3.4876,0.1177,0,3.5034,1
231.3943,3.4739,3.4464,0.1212,0,3.4980,1
231.4943,3.4669,3.5023,0.1114,0,3.4984,1
231.5943,3.4599,3.4345,0.1195,0,3.4923,1
231.6943,3.4528,3.5022,0.1174,0,3.4933,1
231.7943,3.4453,3.3853,0.1211,0,3.4830,1
231.8943,3.4373,3.3968,0.1160,0,3.4748,1
231.9943,3.4293,3.4190,0.1113,0,3.4695,1
232.0943,3.4214,3.3812,0.1192,0,3.4611,1
232.1943,3.4134,3.3202,0.1210,0,3.4477,1
232.2943,3.4054,3.3891,0.1143,0,3.4421,1
232.3943,3.3975,3.3672,0.1150,0,3.4350,1
232.4943,3.3895,3.3375,0.1211,0,3.4257,1
232.5943,3.3816,3.2873,0.1233,0,3.4125,1
232.6943,3.3736,3.2736,0.1232,0,3.3993,1
232.7943,3.3617,3.3921,0.1133,0,3.3986,1
232.8943,3.3467,3.3407,0.1197,0,3.3931,1
232.9943,3.3317,3.3318,0.1188,0,3.3873,1
233.0943,3.3166,3.2808,0.1185,0,3.3771,1
233.1943,3.3016,3.3077,0.1166,0,3.3705,1
233.2943,3.2865,3.1894,0.1251,0,3.3533,1
233.3943,3.2715,3.2100,0.1242,0,3.3396,1
233.4943,3.2564,3.1517,0.1300,0,3.3218,1
233.5943,3.2414,3.2211,0.1213,0,3.3122,1
233.6943,3.2263,3.1966,0.1281,0,3.3012,1
233.7943,3.2119,3.1022,0.1354,0,3.2823,1
233.8943,3.1979,3.1091,0.1307,0,3.2658,1
233.9943,3.1839,3.1855,0.1320,0,3.2581,1
234.0943,3.1700,3.0850,0.1360,0,3.2417,1
234.1943,3.1560,3.1050,0.1364,0,3.2287,1
234.2943,3.1420,3.0721,0.1409,0,3.2138,1
234.3943,3.1280,3.1515,0.1349,0,3.2078,1
234.4943,3.1140,3.1241,0.1346,0,3.1999,1
234.5943,3.1001,3.0310,0.1507,0,3.1838,1
234.6943,3.0861,3.0823,0.1376,0,3.1741,1
234.7943,3.0732,3.0997,0.1479,0,3.1671,1
234.8943,3.0612,2.9511,0.1581,0,3.1465,1
234.9943,3.0492,2.9885,0.1501,0,3.1315,1
235.0943,3.0371,2.9677,0.1578,0,3.1159,1
235.1943,3.0251,2.9413,0.1520,0,3.0993,1
235.2943,3.0131,2.9821,0.1502,0,3.0881,1
235.3943,3.0010,2.8770,0.1695,0,3.0680,1
235.4943,2.9890,2.8950,0.1552,0,3.0516,1
235.5943,2.9770,2.8972,0.1627,0,3.0369,1
235.6943,2.9649,2.9215,0.1648,0,3.0259,1
235.7943,2.9571,2.7968,0.1654,0,3.0041,1
235.8943,2.9521,2.8502,0.1683,0,2.9894,1
235.9943,2.9471,2.8327,0.1610,0,2.9745,1
236.0943,2.9421,2.8862,0.1575,0,2.9661,1
236.1943,2.9371,2.7010,0.1838,0,2.9409,1
236.2943,2.9321,2.8523,0.1579,0,2.9325,1
236.3943,2.9272,2.7924,0.1585,0,2.9191,1
236.4943,2.9222,2.8138,0.1677,0,2.9091,1
236.5943,2.9172,2.6743,0.1707,0,2.8868,1
236.6943,2.9122,2.7715,0.1713,0,2.8758,1
236.7943,2.9033,2.7297,0.1639,0,2.8619,1
236.8943,2.8911,2.8266,0.1575,0,2.8585,1
236.9943,2.8790,2.7813,0.1630,0,2.8512,1
237.0943,2.8669,2.7905,0.1575,0,2.8454,1
237.1943,2.8548,2.7384,0.1568,0,2.8352,1
237.2943,2.8427,2.7840,0.1681,0,2.8303,1
237.3943,2.8305,2.7007,0.1711,0,2.8180,1
237.4943,2.8184,2.6962,0.1800,0,2.8064,1
237.5943,2.8063,2.7840,0.1568,0,2.8043,1
237.6943,2.7942,2.7420,0.1673,0,2.7984,1
237.7943,2.7821,2.7623,0.1655,0,2.7949,1
237.8943,2.7701,2.7051,0.1699,0,2.7864,1
237.9943,2.7581,2.6831,0.1715,0,2.7765,1
238.0943,2.7461,2.7022,0.1770,0,2.7695,1
238.1943,2.7341,2.7097,0.1689,0,2.7638,1
238.2943,2.7221,2.6727,0.1830,0,2.7551,1
238.3943,2.7101,2.6729,0.1749,0,2.7473,1
238.4943,2.6981,2.6640,0.1861,0,2.7394,1
238.5943,2.6861,2.6586,0.1875,0,2.7317,1
238.6943,2.6741,2.5761,0.1966,0,2.7169,1
238.7943,2.6596,2.5513,0.2103,0,2.7011,1
238.8943,2.6436,2.5514,0.2103,0,2.6869,1
238.9943,2.6277,2.6019,0.1925,0,2.6788,1
239.0943,2.6118,2.5305,0.2027,0,2.6647,1
239.1943,2.5958,2.5503,0.2027,0,2.6538,1
239.2943,2.5799,2.5025,0.2047,0,2.6394,1
239.3943,2.5640,2.4475,0.2167,0,2.6211,1
239.4943,2.5480,2.3706,0.2209,0,2.5973,1
239.5943,2.5321,2.3668,0.2211,0,2.5754,1
239.6943,2.5162,2.3463,0.2405,0,2.5536,1
239.7943,2.5014,2.4239,0.2062,0,2.5412,1
239.8943,2.4874,2.3715,0.2245,0,2.5251,1
239.9943,2.4734,2.3665,0.2364,0,2.5100,1
240.0943,2.4594,2.3278,0.2410,0,2.4926,1
240.1943,2.4454,2.2645,0.2533,0,2.4709,1
240.2943,2.4314,2.2326,0.2489,0,2.4482,1
240.3943,2.4174,2.2258,0.2552,0,2.4271,1
240.4943,2.4034,2.2444,0.2584,0,2.4097,1
240.5943,2.3894,2.3112,0.2437,0,2.4003,1
240.6943,2.3754,2.1852,0.2495,0,2.3798,1
240.7943,2.3608,2.2703,0.2543,0,2.3694,1
240.8943,2.3459,2.2609,0.2517,0,2.3591,1
240.9943,2.3309,2.2815,0.2475,0,2.3517,1
241.0943,2.3160,2.1851,0.2611,0,2.3359,1
241.1943,2.3010,2.2358,0.2300,0,2.3263,1
241.2943,2.2861,2.2128,0.2544,0,2.3155,1
241.3943,2.2712,2.1753,0.2543,0,2.3022,1
241.4943,2.2562,2.0251,0.2648,0,2.2758,1
241.5943,2.2413,2.1398,0.2627,0,2.2629,1
241.6943,2.2264,2.1881,0.2547,0,2.2558,1
241.7943,2.2074,2.1869,0.2593,0,2.2492,1
241.8943,2.1855,2.1473,0.2737,0,2.2395,1
241.9943,2.1636,2.2301,0.2455,0,2.2386,1
242.0943,2.1417,2.2486,0.2511,0,2.2396,1
242.1943,2.1197,2.2217,0.2573,0,2.2379,1
242.2943,2.0978,2.0687,0.2984,0,2.2218,1
242.3943,2.0759,2.0670,0.2900,0,2.2070,1
242.4943,2.0540,2.0636,0.3023,0,2.1934,1
242.5943,2.0321,2.1234,0.2887,0,2.1867,1
242.6943,2.0102,2.0498,0.3217,0,2.1737,1
242.7943,1.9727,2.0201,0.3227,0,2.1591,1
242.8943,1.9216,1.9733,0.3456,0,2.1414,1
242.9943,1.8706,1.8817,0.3776,0,2.1167,1
243.0943,1.8196,1.8886,0.3981,0,2.0950,1
243.1943,1.7686,1.7973,0.4106,0,2.0667,1
243.2943,1.7175,1.7965,0.4487,0,2.0410,1
243.3943,1.6665,1.8055,0.4430,0,2.0186,1
243.4943,1.6155,1.8667,0.4451,0,2.0041,1
243.5943,1.5645,1.7597,0.4983,0,1.9808,1
243.6943,1.5134,1.8287,0.4641,0,1.9664,1
243.7943,1.4221,1.6532,0.5573,0,1.9366,1
243.8943,1.2966,1.6617,0.5262,0,1.9104,1
243.9943,1.1710,1.4085,0.6360,0,1.8626,1
244.0943,1.0454,1.3476,0.6481,0,1.8136,1
244.1943,0.9199,1.2787,0.6570,0,1.7627,1
244.2943,0.7943,1.1778,0.7284,0,1.7071,1
244.3943,0.6687,0.9655,0.7715,0,1.6365,1
244.4943,0.5432,1.0034,0.7740,0,1.5763,1
244.5943,0.4176,0.8316,0.7143,0,1.5054,1
244.6943,0.2920,0.8131,0.6806,0,1.4395,1
244.7943,0.2260,0.7891,0.6371,0,1.3776,1
244.8943,0.2020,0.6806,0.6396,0,1.3113,1
244.9943,0.1781,0.6539,0.5757,0,1.2487,1
245.0943,0.1542,0.4768,0.5295,0,1.1753,1
245.1943,0.1302,0.4302,0.4160,1,0.0000,1
245.2943,0.1063,0.4534,0.4161,1,0.0000,1
245.3943,0.0823,0.3474,0.3486,1,0.0000,1
245.4943,0.0584,0.2390,0.3015,1,0.0000,1
245.5943,0.0344,0.1995,0.2542,1,0.0000,1
245.6943,0.0105,0.0693,0.2253,1,0.0000,1
245.7943,0.0000,0.0564,0.1966,1,0.0000,1
245.8943,0.0000,0.0000,0.1691,1,0.0000,1
245.9943,0.0000,0.0000,0.1376,1,0.0000,1
246.0943,0.0000,0.0000,0.1335,1,0.0000,1
246.1943,0.0000,0.0000,0.1125,1,0.0000,1
246.2943,0.0000,0.0000,0.0977,1,0.0000,1
246.3943,0.0000,0.0000,0.0811,1,0.0000,1
246.4943,0.0000,0.0000,0.0735,1,0.0000,1
246.5943,0.0000,0.0000,0.0663,1,0.0000,1
246.6943,0.0000,0.0000,0.0604,1,0.0000,1
246.7943,0.0000,0.0284,0.0498,1,0.0000,1
246.8943,0.0000,0.0349,0.0498,1,0.0000,1
246.9943,0.0000,0.0221,0.0498,1,0.0000,1
247.0943,0.0000,0.0000,0.0498,1,0.0000,1
247.1943,0.0000,0.0000,0.0498,1,0.0000,1
247.2943,0.0000,0.0000,0.0498,1,0.0000,1
247.3943,0.0000,0.0000,0.0498,1,0.0000,1
247.4943,0.0000,0.0000,0.0498,1,0.0000,1
247.5943,0.0000,0.0000,0.0498,1,0.0000,1
247.6943,0.0000,0.0000,0.0498,1,0.0000,1
247.7943,0.0000,0.0000,0.0498,1,0.0000,1
247.8943,0.0000,0.0000,0.0498,1,0.0000,1
247.9943,0.0000,0.0000,0.0498,1,0.0000,1
248.0943,0.0000,0.0000,0.0498,1,0.0000,1
248.1943,0.0000,0.0000,0.0498,1,0.0000,1
248.2943,0.0000,0.0000,0.0498,1,0.0000,1
248.3943,0.0000,0.0000,0.0498,1,0.0000,1
248.4943,0.0000,0.0000,0.0498,1,0.0000,1
248.5943,0.0000,0.0000,0.0498,1,0.0000,1
248.6943,0.0000,0.0000,0.0498,1,0.0000,1
248.7943,0.0000,0.0000,0.0498,1,0.0000,1
248.8943,0.0000,0.0000,0.0498,1,0.0000,1
248.9943,0.0000,0.0000,0.0498,1,0.0000,1
249.0943,0.0000,0.0000,0.0498,1,0.0000,1
249.1943,0.0000,0.0000,0.0498,1,0.0000,1
249.2943,0.0000,0.0000,0.0498,1,0.0000,1
249.3943,0.0000,0.0000,0.0498,1,0.0000,1
249.4943,0.0000,0.0000,0.0498,1,0.0000,1
249.5943,0.0000,0.0000,0.0498,1,0.0000,1
249.6943,0.0000,0.0000,0.0498,1,0.0000,1
249.7943,0.0000,0.0000,0.0498,1,0.0000,1
249.8943,0.0000,0.0000,0.0498,1,0.0000,1
249.9943,0.0000,0.0000,0.0498,1,0.0000,1
250.0943,0.0000,0.0000,0.0498,1,0.0000,1
250.1943,0.0000,0.0000,0.0498,1,0.0000,1
250.2943,0.0000,0.0000,0.0498,1,0.0000,1
250.3943,0.0000,0.0000,0.0498,1,0.0000,1
250.4943,0.0000,0.0000,0.0498,1,0.0000,1
250.5943,0.0000,0.0000,0.0498,1,0.0000,1
250.6943,0.0000,0.0000,0.0498,1,0.0000,1
250.7943,0.0000,0.0000,0.0498,1,0.0000,1
250.8943,0.0000,0.0000,0.0498,1,0.0000,1
250.9943,0.0000,0.0000,0.0498,1,0.0000,1
251.0943,0.0000,0.0000,0.0498,1,0.0000,1
251.1943,0.0000,0.0000,0.0498,1,0.0000,1
251.2943,0.0000,0.0000,0.0498,1,0.0000,1
251.3943,0.0000,0.0000,0.0498,1,0.0000,1
251.4943,0.0000,0.0000,0.0498,1,0.0000,1
251.5943,0.0000,0.0000,0.0498,1,0.0000,1
251.6943,0.0000,0.0000,0.0498,1,0.0000,1
251.7943,0.0000,0.0000,0.0498,1,0.0000,1
251.8943,0.0000,0.0000,0.0498,1,0.0000,1
251.9943,0.0000,0.0000,0.0498,1,0.0000,1
252.0943,0.0000,0.0000,0.0498,1,0.0000,1
252.1943,0.0000,0.0000,0.0498,1,0.0000,1
252.2943,0.0000,0.0000,0.0498,1,0.0000,1
252.3943,0.0000,0.0000,0.0498,1,0.0000,1
252.4943,0.0000,0.0000,0.0498,1,0.0000,1
252.5943,0.0000,0.0000,0.0498,1,0.0000,1
252.6943,0.0000,0.0000,0.0498,1,0.0000,1
252.7943,0.0000,0.0000,0.0498,1,0.0000,1
252.8943,0.0000,0.0000,0.0498,1,0.0000,1
252.9943,0.0000,0.0000,0.0498,1,0.0000,1
253.0943,0.0000,0.0000,0.0498,1,0.0000,1
253.1943,0.0000,0.0000,0.0498,1,0.0000,1
253.2943,0.0000,0.0000,0.0498,1,0.0000,1
253.3943,0.0000,0.0000,0.0498,1,0.0000,1
253.4943,0.0000,0.0000,0.0498,1,0.0000,1
253.5943,0.0000,0.0000,0.0498,1,0.0000,1
253.6943,0.0000,0.0000,0.0498,1,0.0000,1
253.7943,0.0000,0.0000,0.0498,1,0.0000,1
253.8943,0.0000,0.0000,0.0498,1,0.0000,1
253.9943,0.0000,0.0000,0.0498,1,0.0000,1
254.0943,0.0000,0.0000,0.0498,1,0.0000,1
254.1943,0.0000,0.0000,0.0498,1,0.0000,1
254.2943,0.0000,0.0000,0.0498,1,0.0000,1
254.3943,0.0000,0.0000,0.0498,1,0.0000,1
254.4943,0.0000,0.0000,0.0498,1,0.0000,1
254.5943,0.0000,0.0000,0.0498,1,0.0000,1
254.6943,0.0000,0.0000,0.0498,1,0.0000,1
254.7943,0.0000,0.0000,0.0498,1,0.0000,1
254.8943,0.0000,0.0000,0.0498,1,0.0000,1
254.9943,0.0000,0.0000,0.0498,1,0.0000,1
255.0943,0.0000,0.0000,0.0498,1,0.0000,1
255.1943,0.0000,0.0000,0.0498,1,0.0000,1
255.2943,0.0000,0.0000,0.0498,1,0.0000,1
255.3943,0.0000,0.0000,0.0498,1,0.0000,1
255.4943,0.0000,0.0000,0.0498,1,0.0000,1
255.5943,0.0000,0.0000,0.0498,1,0.0000,1
255.6943,0.0000,0.0000,0.0498,1,0.0000,1
255.7943,0.0000,0.0000,0.0498,1,0.0000,1
255.8943,0.0000,0.0000,0.0498,1,0.0000,1
255.9943,0.0000,0.0000,0.0498,1,0.0000,1
256.0943,0.0000,0.0000,0.0498,1,0.0000,1
256.1943,0.0000,0.0000,0.0498,1,0.0000,1
256.2943,0.0000,0.0000,0.0498,1,0.0000,1
256.3943,0.0000,0.0000,0.0498,1,0.0000,1
256.4943,0.0000,0.0000,0.0498,1,0.0000,1
256.5943,0.0000,0.0000,0.0498,1,0.0000,1
256.6943,0.0000,0.0000,0.0498,1,0.0000,1
256.7943,0.0000,0.0000,0.0498,1,0.0000,1
256.8943,0.0000,0.0000,0.0498,1,0.0000,1
256.9943,0.0000,0.0000,0.0498,1,0.0000,1
257.0943,0.0000,0.0000,0.0498,1,0.0000,1
257.1943,0.0000,0.0000,0.0498,1,0.0000,1
257.2943,0.0000,0.0000,0.0498,1,0.0000,1
257.3943,0.0000,0.0000,0.0498,1,0.0000,1
257.4943,0.0000,0.0000,0.0498,1,0.0000,1
257.5943,0.0000,0.0000,0.0498,1,0.0000,1
257.6943,0.0000,0.0000,0.0498,1,0.0000,1
257.7943,0.0000,0.0000,0.0498,1,0.0000,1
257.8943,0.0000,0.0000,0.0498,1,0.0000,1
257.9943,0.0000,0.0000,0.0498,1,0.0000,1
258.0943,0.0000,0.0000,0.0498,1,0.0000,1
258.1943,0.0000,0.0000,0.0498,1,0.0000,1
258.2943,0.0000,0.0000,0.0498,1,0.0000,1
258.3943,0.0000,0.0000,0.0498,1,0.0000,1
258.4943,0.0000,0.0000,0.0498,1,0.0000,1
258.5943,0.0000,0.0000,0.0498,1,0.0000,1
258.6943,0.0000,0.0000,0.0498,1,0.0000,1
258.7943,0.0000,0.0000,0.0498,1,0.0000,1
258.8943,0.0000,0.0000,0.0498,1,0.0000,1
258.9943,0.0000,0.0000,0.0498,1,0.0000,1
259.0943,0.0000,0.0000,0.0498,1,0.0000,1
259.1943,0.0000,0.0000,0.0498,1,0.0000,1
259.2943,0.0000,0.0000,0.0498,1,0.0000,1
259.3943,0.0000,0.0271,0.0498,0,0.0026,1
259.4943,0.0000,0.0283,0.0498,0,0.0050,1
259.5943,0.0000,0.0111,0.0498,0,0.0056,1
259.6943,0.0000,0.0016,0.0498,0,0.0052,1
259.7943,0.0000,0.0000,0.0498,0,0.0047,1
259.8943,0.0000,0.0000,0.0498,0,0.0043,1
259.9943,0.0000,0.0000,0.0498,1,0.0000,1
260.0943,0.0000,0.0000,0.0498,1,0.0000,1
260.1943,0.0000,0.0000,0.0498,1,0.0000,1
260.2943,0.0000,0.0000,0.0498,0,0.0029,1
260.3943,0.0000,0.0000,0.0498,0,0.0026,1
260.4943,0.0000,0.0000,0.0498,0,0.0023,1
260.5943,0.0000,0.0000,0.0498,1,0.0000,1
260.6943,0.0000,0.0000,0.0498,1,0.0000,1
260.7943,0.0000,0.0000,0.0498,1,0.0000,1
260.8943,0.0000,0.0000,0.0498,1,0.0000,1
260.9943,0.0000,0.0000,0.0498,1,0.0000,1
261.0943,0.0000,0.0019,0.0498,0,0.0015,1
261.1943,0.0000,0.0060,0.0498,0,0.0019,1
261.2943,0.0000,0.0008,0.0498,0,0.0018,1
261.3943,0.0000,0.0041,0.0498,0,0.0020,1
261.4943,0.0000,0.0000,0.0498,0,0.0018,1
261.5943,0.0000,0.0000,0.0498,0,0.0017,1
261.6943,0.0000,0.0000,0.0498,0,0.0015,1
261.7943,0.0000,0.0000,0.0498,1,0.0000,1
261.8943,0.0000,0.0000,0.0498,1,0.0000,1
261.9943,0.0000,0.0000,0.0498,1,0.0000,1
262.0943,0.0000,0.0000,0.0498,1,0.0000,1
262.1943,0.0000,0.0000,0.0498,1,0.0000,1
262.2943,0.0000,0.0000,0.0498,0,0.0008,1
262.3943,0.0000,0.0000,0.0498,0,0.0007,1
262.4943,0.0000,0.0000,0.0498,0,0.0007,1
262.5943,0.0000,0.0000,0.0498,0,0.0006,1
262.6943,0.0000,0.0000,0.0498,0,0.0006,1
262.7943,0.0000,0.0000,0.0498,1,0.0000,1
262.8943,0.0000,0.0000,0.0498,1,0.0000,1
262.9943,0.0000,0.0000,0.0498,1,0.0000,1
263.0943,0.0000,0.0000,0.0498,1,0.0000,1
263.1943,0.0000,0.0000,0.0498,1,0.0000,1
263.2943,0.0000,0.0000,0.0498,1,0.0000,1
263.3943,0.0000,0.0000,0.0498,1,0.0000,1
263.4943,0.0000,0.0000,0.0498,1,0.0000,1
263.5943,0.0000,0.0000,0.0498,1,0.0000,1
263.6943,0.0000,0.0000,0.0498,1,0.0000,1
263.7943,0.0000,0.0000,0.0498,1,0.0000,1
263.8943,0.0000,0.0000,0.0498,1,0.0000,1
263.9943,0.0000,0.0000,0.0498,1,0.0000,1
264.0943,0.0000,0.0000,0.0498,1,0.0000,1
264.1943,0.0000,0.0000,0.0498,1,0.0000,1
264.2943,0.0000,0.0000,0.0498,1,0.0000,1
264.3943,0.0000,0.0000,0.0498,1,0.0000,1
264.4943,0.0000,0.0000,0.0498,1,0.0000,1
264.5943,0.0000,0.0000,0.0498,1,0.0000,1
264.6943,0.0000,0.0000,0.0498,1,0.0000,1
264.7943,0.0000,0.0000,0.0498,1,0.0000,1
264.8943,0.0000,0.0000,0.0498,1,0.0000,1
264.9943,0.0000,0.0000,0.0498,1,0.0000,1
265.0943,0.0000,0.0000,0.0498,1,0.0000,1
265.1943,0.0000,0.0000,0.0498,1,0.0000,1
265.2943,0.0000,0.0000,0.0498,1,0.0000,1
265.3943,0.0000,0.0000,0.0498,1,0.0000,1
265.4943,0.0000,0.0000,0.0498,1,0.0000,1
265.5943,0.0000,0.0000,0.0498,1,0.0000,1
265.6943,0.0000,0.0000,0.0498,1,0.0000,1
265.7943,0.0000,0.0000,0.0498,1,0.0000,1
265.8943,0.0000,0.0000,0.0498,1,0.0000,1
268.9943,0.0000,0.0000,0.0498,1,0.0000,2
269.0943,0.0000,0.0000,0.0498,0,0.0000,2
269.1943,0.0000,0.0000,0.0498,0,0.0000,2
269.2943,0.0000,0.0000,0.0498,0,0.0000,2
269.3943,0.0000,0.0000,0.0498,0,0.0000,2
269.4943,0.0000,0.0000,0.0498,0,0.0000,2
269.5943,0.0000,0.0000,0.0498,0,0.0000,2
269.6943,0.0000,0.0000,0.0498,0,0.0000,2
269.7943,0.0000,0.0000,0.0498,0,0.0000,2
269.8943,0.0000,0.0000,0.0498,0,0.0000,2
269.9943,0.0000,0.0000,0.0498,0,0.0000,2
270.0943,0.0000,0.0000,0.0498,0,0.0000,2
270.1943,0.0000,0.0000,0.0498,0,0.0000,2
270.2943,0.0000,0.0000,0.0498,0,0.0000,2
270.3943,0.0000,0.0000,0.0498,0,0.0000,2
270.4943,0.0000,0.0000,0.0498,1,0.0000,2
270.5943,0.0000,0.0000,0.0498,1,0.0000,2
270.6943,0.0000,0.0000,0.0498,1,0.0000,2
270.7943,0.0000,0.0000,0.0498,1,0.0000,2
270.8943,0.0000,0.0000,0.0498,1,0.0000,2
270.9943,0.0000,0.0000,0.0498,1,0.0000,2
271.0943,0.0000,0.0000,0.0498,1,0.0000,2
271.1943,0.0000,0.0000,0.0498,1,0.0000,2
271.2943,0.0000,0.0000,0.0498,1,0.0000,2
271.3943,0.0000,0.0000,0.0498,1,0.0000,2
271.4943,0.0000,0.0000,0.0498,1,0.0000,2
271.5943,0.0000,0.0000,0.0498,1,0.0000,2
271.6943,0.0000,0.0000,0.0498,1,0.0000,2
271.7943,0.0000,0.0000,0.0498,1,0.0000,2
271.8943,0.0000,0.0000,0.0498,1,0.0000,2
271.9943,0.0000,0.0000,0.0498,1,0.0000,2
272.0943,0.0000,0.0000,0.0498,1,0.0000,2
272.1943,0.0000,0.0000,0.0498,1,0.0000,2
272.2943,0.0000,0.0000,0.0498,1,0.0000,2
272.3943,0.0000,0.0000,0.0498,1,0.0000,2
272.4943,0.0000,0.0000,0.0498,1,0.0000,2
272.5943,0.0000,0.0000,0.0498,1,0.0000,2
272.6943,0.0000,0.0000,0.0498,1,0.0000,2
272.7943,0.0000,0.0000,0.0498,1,0.0000,2
272.8943,0.0000,0.0000,0.0498,1,0.0000,2
272.9943,0.0000,0.0000,0.0498,1,0.0000,2
273.0943,0.0000,0.0000,0.0498,1,0.0000,2
273.1943,0.0000,0.0000,0.0498,1,0.0000,2
273.2943,0.0000,0.0000,0.0498,1,0.0000,2
273.3943,0.0000,0.0000,0.0498,1,0.0000,2
273.4943,0.0000,0.0000,0.0498,1,0.0000,2
273.5943,0.0000,0.0000,0.0498,1,0.0000,2
273.6943,0.0000,0.0000,0.0498,1,0.0000,2
273.7943,0.0000,0.0000,0.0498,1,0.0000,2
273.8943,0.0000,0.0000,0.0498,1,0.0000,2
273.9943,0.0000,0.0000,0.0498,1,0.0000,2
274.0943,0.0000,0.0000,0.0498,1,0.0000,2
274.1943,0.0000,0.0000,0.0498,1,0.0000,2
274.2943,0.0000,0.0000,0.0498,1,0.0000,2
274.3943,0.0000,0.0000,0.0498,1,0.0000,2
274.4943,0.0000,0.0000,0.0498,1,0.0000,2
274.5943,0.0000,0.0000,0.0498,1,0.0000,2
274.6943,0.0000,0.0000,0.0498,1,0.0000,2
274.7943,0.0000,0.0000,0.0498,1,0.0000,2
274.8943,0.0000,0.0000,0.0498,1,0.0000,2
274.9943,0.0000,0.0000,0.0498,1,0.0000,2
275.0943,0.0000,0.0000,0.0498,1,0.0000,2
275.1943,0.0000,0.0000,0.0498,1,0.0000,2
275.2943,0.0000,0.0000,0.0498,1,0.0000,2
275.3943,0.0000,0.0000,0.0498,1,0.0000,2
275.4943,0.0000,0.0000,0.0498,1,0.0000,2
275.5943,0.0000,0.0000,0.0498,1,0.0000,2
275.6943,0.0000,0.0000,0.0498,1,0.0000,2
275.7943,0.0000,0.0000,0.0498,1,0.0000,2
275.8943,0.0000,0.0000,0.0498,1,0.0000,2
275.9943,0.0000,0.0000,0.0498,1,0.0000,2
276.0943,0.0000,0.0000,0.0498,1,0.0000,2
276.1943,0.0000,0.0000,0.0498,1,0.0000,2
276.2943,0.0000,0.0000,0.0498,1,0.0000,2
276.3943,0.0000,0.0000,0.0498,1,0.0000,2
276.4943,0.0000,0.0000,0.0498,1,0.0000,2
276.5943,0.0000,0.0000,0.0498,1,0.0000,2
276.6943,0.0000,0.0000,0.0498,1,0.0000,2
276.7943,0.0000,0.0000,0.0498,1,0.0000,2
276.8943,0.0000,0.0000,0.0498,1,0.0000,2
276.9943,0.0000,0.0000,0.0498,1,0.0000,2
277.0943,0.0000,0.0000,0.0498,1,0.0000,2
277.1943,0.0000,0.0000,0.0498,1,0.0000,2
277.2943,0.0000,0.0000,0.0498,1,0.0000,2
277.3943,0.0000,0.0000,0.0498,1,0.0000,2
277.4943,0.0000,0.0000,0.0498,1,0.0000,2
277.5943,0.0000,0.0000,0.0498,1,0.0000,2
277.6943,0.0000,0.0000,0.0498,1,0.0000,2
277.7943,0.0000,0.0000,0.0498,1,0.0000,2
277.8943,0.0000,0.0000,0.0498,1,0.0000,2
277.9943,0.0000,0.0000,0.0498,1,0.0000,2
278.0943,0.0000,0.0000,0.0498,1,0.0000,2
278.1943,0.0000,0.0000,0.0498,1,0.0000,2
278.2943,0.0000,0.0000,0.0498,1,0.0000,2
278.3943,0.0000,0.0000,0.0498,1,0.0000,2
278.4943,0.0000,0.0000,0.0498,1,0.0000,2
278.5943,0.0000,0.0000,0.0498,1,0.0000,2
278.6943,0.0000,0.0000,0.0498,1,0.0000,2
278.7943,0.0000,0.0000,0.0498,1,0.0000,2
278.8943,0.0000,0.0000,0.0498,1,0.0000,2
278.9943,0.0000,0.0000,0.0498,1,0.0000,2
279.0943,0.0000,0.0000,0.0498,1,0.0000,2
279.1943,0.0000,0.0000,0.0498,1,0.0000,2
279.2943,0.0000,0.0000,0.0498,1,0.0000,2
279.3943,0.0000,0.0000,0.0498,1,0.0000,2
279.4943,0.0000,0.0000,0.0498,1,0.0000,2
279.5943,0.0000,0.0000,0.0498,1,0.0000,2
279.6943,0.0000,0.0000,0.0498,1,0.0000,2
279.7943,0.0000,0.0000,0.0498,1,0.0000,2
279.8943,0.0000,0.0000,0.0498,1,0.0000,2
279.9943,0.0000,0.0000,0.0498,1,0.0000,2
280.0943,0.0000,0.0000,0.0498,1,0.0000,2
280.1943,0.0000,0.0000,0.0498,1,0.0000,2
280.2943,0.0000,0.0000,0.0498,1,0.0000,2
280.3943,0.0000,0.0000,0.0498,1,0.0000,2
