t_ns,constellation,svid,cn0,baseband_cn0,elev,azim,used_in_fix,has_ephemeris,has_almanac,carrier_freq_hz
19713244977186,1,6,37.4,32.4,71.82889,33.8546,true,true,true,1.57542E9
19713244977186,1,11,34.6,29.6,67.20751,221.2712,true,true,true,1.57542E9
19713244977186,1,12,42.2,37.2,24.911688,318.29565,true,false,true,1.57542E9
19713244977186,1,13,34.1,29.1,0.0,0.0,false,false,false,1.57542E9
19713244977186,1,17,32.4,27.4,24.384571,61.234203,true,true,true,1.57542E9
19713244977186,1,19,27.3,22.3,49.370075,29.61656,true,true,true,1.57542E9
19713244977186,1,21,38.3,33.3,17.518345,166.57326,true,true,true,1.57542E9
19713244977186,1,22,34.6,29.6,40.924557,115.49065,true,true,true,1.57542E9
19713244977186,1,24,33.9,28.9,37.151264,261.3042,true,true,true,1.57542E9
19713244977186,4,194,40.6,35.6,23.604813,97.0179,true,true,true,1.57542E9
19713244977186,4,195,45.9,40.9,32.21701,62.014374,true,true,true,1.57542E9
19713244977186,3,9,38.5,33.5,82.00473,147.53528,false,false,true,1.600875E9
19713244977186,3,20,31.0,26.0,62.37141,278.36404,false,false,true,1.603125E9
19713244977186,3,19,43.8,38.8,41.452652,19.580093,true,true,true,1.6036876E9
19713244977186,3,21,35.2,30.2,24.81651,238.7768,true,true,true,1.60425E9
19713244977186,5,42,27.1,22.1,5.4120073,96.42543,true,false,true,1.561098E9
19713244977186,5,38,42.1,37.1,57.88874,19.09498,true,true,true,1.561098E9
19713244977186,5,37,44.0,39.0,34.58737,313.9813,true,true,true,1.561098E9
19713244977186,5,28,33.0,28.0,49.608406,267.31122,true,true,true,1.561098E9
19713244977186,5,27,27.3,22.3,10.455829,246.15868,true,true,true,1.561098E9
19713244977186,5,25,36.0,31.0,35.08738,157.25748,true,true,true,1.561098E9
19713244977186,5,23,43.2,38.2,76.25328,225.64455,true,true,true,1.561098E9
19713244977186,5,13,45.7,40.7,68.27135,320.29843,true,true,true,1.561098E9
19713244977186,5,10,35.9,30.9,15.663169,162.58145,true,false,true,1.561098E9
19713244977186,5,8,33.3,28.3,37.18223,48.354237,true,true,true,1.561098E9
19713244977186,5,6,26.5,21.5,30.446934,119.6433,true,true,true,1.561098E9
19713244977186,5,3,34.9,29.9,39.472725,128.12805,false,false,true,1.561098E9
19713244977186,5,2,35.7,30.7,54.25361,175.11227,true,false,true,1.561098E9
19713244977186,5,1,33.7,28.7,15.824988,103.63155,true,false,true,1.561098E9
19713244977186,6,2,35.6,30.6,62.250828,82.92751,true,true,true,1.57542E9
19713244977186,6,15,38.2,33.2,27.57418,209.54988,true,true,true,1.57542E9
19713244977186,6,18,43.1,38.1,64.119026,3.246301,true,false,true,1.57542E9
19713244977186,6,25,25.7,20.7,13.91123,117.40616,true,true,true,1.57542E9
19713244977186,6,30,42.9,37.9,49.2451,329.32602,true,true,true,1.57542E9
19713244977186,6,34,38.8,33.8,78.96378,171.85556,true,true,true,1.57542E9
19713244977186,6,36,42.1,37.1,41.946278,41.75669,true,true,true,1.57542E9
19713244977186,1,6,28.2,23.2,71.82889,33.8546,true,true,true,1.17645E9
19713244977186,1,11,32.2,27.2,67.20751,221.2712,true,true,true,1.17645E9
19713244977186,1,14,22.2,17.2,20.761066,126.17851,true,true,true,1.17645E9
19713244977186,1,21,28.1,23.1,17.518345,166.57326,true,true,true,1.17645E9
19713244977186,1,24,30.4,25.4,37.151264,261.3042,true,true,true,1.17645E9
19713244977186,4,194,33.5,28.5,23.604813,97.0179,true,true,true,1.17645E9
19713244977186,4,195,35.5,30.5,32.21701,62.014374,true,true,true,1.17645E9
19713244977186,6,2,38.3,33.3,62.250828,82.92751,true,true,true,1.17645E9
19713244977186,6,15,26.2,21.2,27.57418,209.54988,true,true,true,1.17645E9
19713244977186,6,18,34.4,29.4,64.119026,3.246301,true,false,true,1.17645E9
19713244977186,6,30,26.6,21.6,49.2451,329.32602,true,true,true,1.17645E9
19713244977186,6,34,25.4,20.4,78.96378,171.85556,true,true,true,1.17645E9
19713244977186,6,36,32.5,27.5,41.946278,41.75669,true,true,true,1.17645E9
19713244977186,5,23,26.7,21.7,76.25328,225.64455,true,true,true,1.17645E9
19713244977186,5,25,21.5,16.5,35.08738,157.25748,true,true,true,1.17645E9
19713244977186,5,28,23.7,18.7,49.608406,267.31122,true,true,true,1.17645E9
19713244977186,5,37,39.7,34.7,34.58737,313.9813,true,true,true,1.17645E9
19713244977186,5,38,36.5,31.5,57.88874,19.09498,true,true,true,1.17645E9
19714767248956,1,6,35.3,30.3,71.82889,33.8546,true,true,true,1.57542E9
19714767248956,1,11,35.3,30.3,67.20751,221.2712,true,true,true,1.57542E9
19714767248956,1,12,42.8,37.8,24.911688,318.29565,true,false,true,1.57542E9
19714767248956,1,13,33.9,28.9,0.0,0.0,false,false,false,1.57542E9
19714767248956,1,17,32.2,27.2,24.384571,61.234203,true,true,true,1.57542E9
19714767248956,1,19,31.5,26.5,49.370075,29.61656,true,true,true,1.57542E9
19714767248956,1,21,39.0,34.0,17.518345,166.57326,true,true,true,1.57542E9
19714767248956,1,22,33.7,28.7,40.924557,115.49065,true,true,true,1.57542E9
19714767248956,1,24,33.4,28.4,37.151264,261.3042,true,true,true,1.57542E9
19714767248956,4,194,42.0,37.0,23.604813,97.0179,true,true,true,1.57542E9
19714767248956,4,195,44.0,39.0,32.21701,62.014374,true,true,true,1.57542E9
19714767248956,2,134,40.6,35.6,0.0,0.0,false,false,false,1.57542E9
19714767248956,3,9,38.6,33.6,82.00473,147.53528,false,false,true,1.600875E9
19714767248956,3,20,29.3,24.3,62.37141,278.36404,false,false,true,1.603125E9
19714767248956,3,19,44.7,39.7,41.452652,19.580093,true,true,true,1.6036876E9
19714767248956,3,21,34.8,29.8,24.81651,238.7768,true,true,true,1.60425E9
19714767248956,5,42,27.1,22.1,5.4120073,96.42543,true,false,true,1.561098E9
19714767248956,5,38,42.9,37.9,57.88874,19.09498,true,true,true,1.561098E9
19714767248956,5,37,43.3,38.3,34.58737,313.9813,true,true,true,1.561098E9
19714767248956,5,28,31.3,26.3,49.608406,267.31122,true,true,true,1.561098E9
19714767248956,5,27,29.2,24.2,10.455829,246.15868,true,true,true,1.561098E9
19714767248956,5,25,36.1,31.1,35.08738,157.25748,true,true,true,1.561098E9
19714767248956,5,23,44.3,39.3,76.25328,225.64455,true,true,true,1.561098E9
19714767248956,5,13,45.6,40.6,68.27135,320.29843,true,true,true,1.561098E9
19714767248956,5,10,35.6,30.6,15.663169,162.58145,true,false,true,1.561098E9
19714767248956,5,9,23.7,18.7,22.402777,145.66512,true,false,true,1.561098E9
19714767248956,5,8,33.5,28.5,37.18223,48.354237,true,true,true,1.561098E9
19714767248956,5,6,26.8,21.8,30.446934,119.6433,true,true,true,1.561098E9
19714767248956,5,3,34.9,29.9,39.472725,128.12805,false,false,true,1.561098E9
19714767248956,5,2,38.1,33.1,54.25361,175.11227,true,false,true,1.561098E9
19714767248956,5,1,35.0,30.0,15.824988,103.63155,true,false,true,1.561098E9
19714767248956,6,2,38.2,33.2,62.250828,82.92751,true,true,true,1.57542E9
19714767248956,6,15,37.4,32.4,27.57418,209.54988,true,true,true,1.57542E9
19714767248956,6,18,42.1,37.1,64.119026,3.246301,true,false,true,1.57542E9
19714767248956,6,25,23.3,18.3,13.91123,117.40616,true,true,true,1.57542E9
19714767248956,6,30,43.4,38.4,49.2451,329.32602,true,true,true,1.57542E9
19714767248956,6,34,37.4,32.4,78.96378,171.85556,true,true,true,1.57542E9
19714767248956,6,36,43.7,38.7,41.946278,41.75669,true,true,true,1.57542E9
19714767248956,1,6,32.2,27.2,71.82889,33.8546,true,true,true,1.17645E9
19714767248956,1,11,33.4,28.4,67.20751,221.2712,true,true,true,1.17645E9
19714767248956,1,14,21.4,16.4,20.761066,126.17851,true,true,true,1.17645E9
19714767248956,1,21,26.7,21.7,17.518345,166.57326,true,true,true,1.17645E9
19714767248956,1,24,30.6,25.6,37.151264,261.3042,true,true,true,1.17645E9
19714767248956,4,194,32.4,27.4,23.604813,97.0179,true,true,true,1.17645E9
19714767248956,4,195,36.5,31.5,32.21701,62.014374,true,true,true,1.17645E9
19714767248956,6,2,37.6,32.6,62.250828,82.92751,true,true,true,1.17645E9
19714767248956,6,15,28.2,23.2,27.57418,209.54988,true,true,true,1.17645E9
19714767248956,6,18,35.6,30.6,64.119026,3.246301,true,false,true,1.17645E9
19714767248956,6,30,26.7,21.7,49.2451,329.32602,true,true,true,1.17645E9
19714767248956,6,34,21.8,16.8,78.96378,171.85556,true,true,true,1.17645E9
19714767248956,6,36,29.5,24.5,41.946278,41.75669,true,true,true,1.17645E9
19714767248956,5,23,28.4,23.4,76.25328,225.64455,true,true,true,1.17645E9
19714767248956,5,25,21.3,16.3,35.08738,157.25748,true,true,true,1.17645E9
19714767248956,5,28,21.8,16.8,49.608406,267.31122,true,true,true,1.17645E9
19714767248956,5,37,41.3,36.3,34.58737,313.9813,true,true,true,1.17645E9
19714767248956,5,38,36.2,31.2,57.88874,19.09498,true,true,true,1.17645E9
19714767248956,5,42,18.6,13.6,5.4120073,96.42543,true,false,true,1.17645E9
19715767594112,1,6,34.6,29.6,71.82889,33.8546,true,true,true,1.57542E9
19715767594112,1,11,35.8,30.8,67.20751,221.2712,true,true,true,1.57542E9
19715767594112,1,12,43.0,38.0,24.911688,318.29565,true,false,true,1.57542E9
19715767594112,1,13,33.8,28.8,0.0,0.0,false,false,false,1.57542E9
19715767594112,1,17,31.9,26.9,24.384571,61.234203,true,true,true,1.57542E9
19715767594112,1,19,31.4,26.4,49.370075,29.61656,true,true,true,1.57542E9
19715767594112,1,21,38.7,33.7,17.518345,166.57326,true,true,true,1.57542E9
19715767594112,1,22,33.5,28.5,40.924557,115.49065,true,true,true,1.57542E9
19715767594112,1,24,32.8,27.8,37.151264,261.3042,true,true,true,1.57542E9
19715767594112,4,194,42.1,37.1,23.604813,97.0179,true,true,true,1.57542E9
19715767594112,4,195,44.2,39.2,32.21701,62.014374,true,true,true,1.57542E9
19715767594112,2,134,40.5,35.5,0.0,0.0,false,false,false,1.57542E9
19715767594112,3,9,38.3,33.3,82.00473,147.53528,false,false,true,1.600875E9
19715767594112,3,16,24.6,19.6,23.731276,147.23816,false,true,true,1.6014374E9
19715767594112,3,20,28.0,23.0,62.37141,278.36404,false,false,true,1.603125E9
19715767594112,3,19,44.6,39.6,41.452652,19.580093,true,true,true,1.6036876E9
19715767594112,3,21,34.3,29.3,24.81651,238.7768,true,true,true,1.60425E9
19715767594112,5,38,43.3,38.3,57.88874,19.09498,true,true,true,1.561098E9
19715767594112,5,37,43.7,38.7,34.58737,313.9813,true,true,true,1.561098E9
19715767594112,5,28,31.4,26.4,49.608406,267.31122,true,true,true,1.561098E9
19715767594112,5,27,28.5,23.5,10.455829,246.15868,true,true,true,1.561098E9
19715767594112,5,25,36.4,31.4,35.08738,157.25748,true,true,true,1.561098E9
19715767594112,5,23,44.7,39.7,76.25328,225.64455,true,true,true,1.561098E9
19715767594112,5,13,46.2,41.2,68.27135,320.29843,true,true,true,1.561098E9
19715767594112,5,10,36.2,31.2,15.663169,162.58145,true,false,true,1.561098E9
19715767594112,5,9,23.6,18.6,22.402777,145.66512,true,false,true,1.561098E9
19715767594112,5,8,34.8,29.8,37.18223,48.354237,true,true,true,1.561098E9
19715767594112,5,6,29.3,24.3,30.446934,119.6433,true,true,true,1.561098E9
19715767594112,5,3,35.9,30.9,39.472725,128.12805,false,false,true,1.561098E9
19715767594112,5,2,38.7,33.7,54.25361,175.11227,true,false,true,1.561098E9
19715767594112,5,1,35.7,30.7,15.824988,103.63155,true,false,true,1.561098E9
19715767594112,6,2,38.6,33.6,62.250828,82.92751,true,true,true,1.57542E9
19715767594112,6,15,36.9,31.9,27.57418,209.54988,true,true,true,1.57542E9
19715767594112,6,18,43.0,38.0,64.119026,3.246301,true,false,true,1.57542E9
19715767594112,6,25,24.5,19.5,13.91123,117.40616,true,true,true,1.57542E9
19715767594112,6,30,44.3,39.3,49.2451,329.32602,true,true,true,1.57542E9
19715767594112,6,34,37.5,32.5,78.96378,171.85556,true,true,true,1.57542E9
19715767594112,6,36,44.3,39.3,41.946278,41.75669,true,true,true,1.57542E9
19715767594112,1,6,33.5,28.5,71.82889,33.8546,true,true,true,1.17645E9
19715767594112,1,11,33.3,28.3,67.20751,221.2712,true,true,true,1.17645E9
19715767594112,1,14,22.6,17.6,20.761066,126.17851,true,true,true,1.17645E9
19715767594112,1,21,27.5,22.5,17.518345,166.57326,false,true,true,1.17645E9
19715767594112,1,24,30.7,25.7,37.151264,261.3042,true,true,true,1.17645E9
19715767594112,4,194,33.1,28.1,23.604813,97.0179,true,true,true,1.17645E9
19715767594112,4,195,36.3,31.3,32.21701,62.014374,true,true,true,1.17645E9
19715767594112,6,2,37.4,32.4,62.250828,82.92751,true,true,true,1.17645E9
19715767594112,6,15,26.5,21.5,27.57418,209.54988,true,true,true,1.17645E9
19715767594112,6,18,35.1,30.1,64.119026,3.246301,true,false,true,1.17645E9
19715767594112,6,30,25.1,20.1,49.2451,329.32602,true,true,true,1.17645E9
19715767594112,6,34,22.1,17.1,78.96378,171.85556,true,true,true,1.17645E9
19715767594112,6,36,29.4,24.4,41.946278,41.75669,true,true,true,1.17645E9
19715767594112,5,23,27.9,22.9,76.25328,225.64455,true,true,true,1.17645E9
19715767594112,5,25,21.3,16.3,35.08738,157.25748,true,true,true,1.17645E9
19715767594112,5,28,22.6,17.6,49.608406,267.31122,true,true,true,1.17645E9
19715767594112,5,37,40.8,35.8,34.58737,313.9813,true,true,true,1.17645E9
19715767594112,5,38,36.3,31.3,57.88874,19.09498,true,true,true,1.17645E9
19715767594112,5,42,18.6,13.6,5.4120073,96.42543,true,false,true,1.17645E9
19715767594112,5,23,41.6,36.6,76.25328,225.64455,true,true,true,1.57542E9
19715767594112,5,25,37.6,32.6,35.08738,157.25748,true,true,true,1.57542E9
19715767594112,5,28,25.0,20.0,49.608406,267.31122,false,true,true,1.57542E9
19715767594112,5,37,41.9,36.9,34.58737,313.9813,true,true,true,1.57542E9
19715767594112,5,38,43.6,38.6,57.88874,19.09498,true,true,true,1.57542E9
19715767594112,5,42,29.4,24.4,5.4120073,96.42543,true,false,true,1.57542E9
19716770351560,1,6,33.2,28.2,71.82889,33.8546,true,true,true,1.57542E9
19716770351560,1,11,35.9,30.9,67.20751,221.2712,true,true,true,1.57542E9
19716770351560,1,12,43.2,38.2,24.911688,318.29565,true,false,true,1.57542E9
19716770351560,1,13,32.6,27.6,0.0,0.0,false,false,false,1.57542E9
19716770351560,1,17,32.1,27.1,24.384571,61.234203,true,true,true,1.57542E9
19716770351560,1,19,33.0,28.0,49.370075,29.61656,true,true,true,1.57542E9
19716770351560,1,21,38.3,33.3,17.518345,166.57326,true,true,true,1.57542E9
19716770351560,1,22,32.5,27.5,40.924557,115.49065,true,true,true,1.57542E9
19716770351560,1,24,33.3,28.3,37.151264,261.3042,true,true,true,1.57542E9
19716770351560,4,194,41.7,36.7,23.604813,97.0179,true,true,true,1.57542E9
19716770351560,4,195,44.1,39.1,32.21701,62.014374,true,true,true,1.57542E9
19716770351560,2,134,40.8,35.8,0.0,0.0,false,false,false,1.57542E9
19716770351560,3,9,37.7,32.7,82.00473,147.53528,false,false,true,1.600875E9
19716770351560,3,16,27.6,22.6,23.731276,147.23816,true,true,true,1.6014374E9
19716770351560,3,20,27.5,22.5,62.37141,278.36404,false,false,true,1.603125E9
19716770351560,3,19,44.0,39.0,41.452652,19.580093,true,true,true,1.6036876E9
19716770351560,3,21,32.9,27.9,24.81651,238.7768,true,true,true,1.60425E9
19716770351560,5,38,44.0,39.0,57.88874,19.09498,true,true,true,1.561098E9
19716770351560,5,37,44.1,39.1,34.58737,313.9813,true,true,true,1.561098E9
19716770351560,5,28,32.1,27.1,49.608406,267.31122,true,true,true,1.561098E9
19716770351560,5,27,28.8,23.8,10.455829,246.15868,true,true,true,1.561098E9
19716770351560,5,25,34.6,29.6,35.08738,157.25748,true,true,true,1.561098E9
19716770351560,5,23,44.7,39.7,76.25328,225.64455,true,true,true,1.561098E9
19716770351560,5,13,46.4,41.4,68.27135,320.29843,true,true,true,1.561098E9
19716770351560,5,10,35.8,30.8,15.663169,162.58145,true,false,true,1.561098E9
19716770351560,5,9,26.0,21.0,22.402777,145.66512,true,false,true,1.561098E9
19716770351560,5,8,36.2,31.2,37.18223,48.354237,true,true,true,1.561098E9
19716770351560,5,6,27.9,22.9,30.446934,119.6433,true,true,true,1.561098E9
19716770351560,5,3,35.1,30.1,39.472725,128.12805,false,false,true,1.561098E9
19716770351560,5,2,39.6,34.6,54.25361,175.11227,true,false,true,1.561098E9
19716770351560,5,1,36.5,31.5,15.824988,103.63155,true,false,true,1.561098E9
19716770351560,6,2,38.2,33.2,62.250828,82.92751,true,true,true,1.57542E9
19716770351560,6,15,38.2,33.2,27.57418,209.54988,true,true,true,1.57542E9
19716770351560,6,18,43.2,38.2,64.119026,3.246301,true,false,true,1.57542E9
19716770351560,6,25,24.5,19.5,13.91123,117.40616,true,true,true,1.57542E9
19716770351560,6,30,44.1,39.1,49.2451,329.32602,true,true,true,1.57542E9
19716770351560,6,34,37.8,32.8,78.96378,171.85556,true,true,true,1.57542E9
19716770351560,6,36,44.0,39.0,41.946278,41.75669,true,true,true,1.57542E9
19716770351560,1,6,32.9,27.9,71.82889,33.8546,true,true,true,1.17645E9
19716770351560,1,11,32.3,27.3,67.20751,221.2712,true,true,true,1.17645E9
19716770351560,1,14,22.6,17.6,20.761066,126.17851,true,true,true,1.17645E9
19716770351560,1,21,27.5,22.5,17.518345,166.57326,false,true,true,1.17645E9
19716770351560,1,24,31.0,26.0,37.151264,261.3042,true,true,true,1.17645E9
19716770351560,4,194,32.1,27.1,23.604813,97.0179,true,true,true,1.17645E9
19716770351560,4,195,36.0,31.0,32.21701,62.014374,true,true,true,1.17645E9
19716770351560,6,2,37.1,32.1,62.250828,82.92751,true,true,true,1.17645E9
19716770351560,6,15,26.5,21.5,27.57418,209.54988,true,true,true,1.17645E9
19716770351560,6,18,35.1,30.1,64.119026,3.246301,true,false,true,1.17645E9
19716770351560,6,30,27.1,22.1,49.2451,329.32602,true,true,true,1.17645E9
19716770351560,6,34,20.7,15.7,78.96378,171.85556,true,true,true,1.17645E9
19716770351560,6,36,29.9,24.9,41.946278,41.75669,true,true,true,1.17645E9
19716770351560,5,23,27.8,22.8,76.25328,225.64455,true,true,true,1.17645E9
19716770351560,5,25,21.3,16.3,35.08738,157.25748,true,true,true,1.17645E9
19716770351560,5,28,21.8,16.8,49.608406,267.31122,true,true,true,1.17645E9
19716770351560,5,37,40.8,35.8,34.58737,313.9813,true,true,true,1.17645E9
19716770351560,5,38,36.0,31.0,57.88874,19.09498,true,true,true,1.17645E9
19716770351560,5,42,18.6,13.6,5.4120073,96.42543,true,false,true,1.17645E9
19716770351560,5,23,42.1,37.1,76.25328,225.64455,true,true,true,1.57542E9
19716770351560,5,25,37.2,32.2,35.08738,157.25748,true,true,true,1.57542E9
19716770351560,5,28,25.0,20.0,49.608406,267.31122,true,true,true,1.57542E9
19716770351560,5,37,42.5,37.5,34.58737,313.9813,true,true,true,1.57542E9
19716770351560,5,38,43.8,38.8,57.88874,19.09498,true,true,true,1.57542E9
19716770351560,5,42,29.8,24.8,5.4120073,96.42543,true,false,true,1.57542E9
19717769670101,1,6,33.3,28.3,71.82889,33.8546,true,true,true,1.57542E9
19717769670101,1,11,36.3,31.3,67.20751,221.2712,true,true,true,1.57542E9
19717769670101,1,12,43.3,38.3,24.911688,318.29565,true,false,true,1.57542E9
19717769670101,1,13,32.9,27.9,0.0,0.0,false,false,false,1.57542E9
19717769670101,1,17,30.9,25.9,24.384571,61.234203,true,true,true,1.57542E9
19717769670101,1,19,36.1,31.1,49.370075,29.61656,true,true,true,1.57542E9
19717769670101,1,21,39.3,34.3,17.518345,166.57326,true,true,true,1.57542E9
19717769670101,1,22,30.9,25.9,40.924557,115.49065,true,true,true,1.57542E9
19717769670101,1,24,33.5,28.5,37.151264,261.3042,true,true,true,1.57542E9
19717769670101,4,194,41.9,36.9,23.604813,97.0179,true,true,true,1.57542E9
19717769670101,4,195,43.5,38.5,32.21701,62.014374,true,true,true,1.57542E9
19717769670101,2,134,40.8,35.8,0.0,0.0,false,false,false,1.57542E9
19717769670101,3,9,38.3,33.3,82.00473,147.53528,false,false,true,1.600875E9
19717769670101,3,16,29.7,24.7,23.731276,147.23816,true,true,true,1.6014374E9
19717769670101,3,20,26.2,21.2,62.37141,278.36404,false,false,true,1.603125E9
19717769670101,3,19,43.7,38.7,41.452652,19.580093,true,true,true,1.6036876E9
19717769670101,3,21,32.3,27.3,24.81651,238.7768,true,true,true,1.60425E9
19717769670101,5,42,29.1,24.1,5.4120073,96.42543,false,false,true,1.561098E9
19717769670101,5,38,44.1,39.1,57.88874,19.09498,true,true,true,1.561098E9
19717769670101,5,37,44.1,39.1,34.58737,313.9813,true,true,true,1.561098E9
19717769670101,5,28,31.7,26.7,49.608406,267.31122,true,true,true,1.561098E9
19717769670101,5,27,28.8,23.8,10.455829,246.15868,true,true,true,1.561098E9
19717769670101,5,25,34.5,29.5,35.08738,157.25748,true,true,true,1.561098E9
19717769670101,5,23,44.7,39.7,76.25328,225.64455,true,true,true,1.561098E9
19717769670101,5,13,46.3,41.3,68.27135,320.29843,true,true,true,1.561098E9
19717769670101,5,10,35.0,30.0,15.663169,162.58145,true,false,true,1.561098E9
19717769670101,5,9,25.2,20.2,22.402777,145.66512,true,false,true,1.561098E9
19717769670101,5,8,37.1,32.1,37.18223,48.354237,true,true,true,1.561098E9
19717769670101,5,6,28.0,23.0,30.446934,119.6433,true,true,true,1.561098E9
19717769670101,5,3,34.6,29.6,39.472725,128.12805,false,false,true,1.561098E9
19717769670101,5,2,39.7,34.7,54.25361,175.11227,true,false,true,1.561098E9
19717769670101,5,1,36.5,31.5,15.824988,103.63155,true,false,true,1.561098E9
19717769670101,6,2,38.3,33.3,62.250828,82.92751,true,true,true,1.57542E9
19717769670101,6,15,38.2,33.2,27.57418,209.54988,true,true,true,1.57542E9
19717769670101,6,18,43.1,38.1,64.119026,3.246301,true,false,true,1.57542E9
19717769670101,6,25,19.8,14.8,13.91123,117.40616,true,true,true,1.57542E9
19717769670101,6,30,43.2,38.2,49.2451,329.32602,true,true,true,1.57542E9
19717769670101,6,34,38.2,33.2,78.96378,171.85556,true,true,true,1.57542E9
19717769670101,6,36,43.7,38.7,41.946278,41.75669,true,true,true,1.57542E9
19717769670101,1,6,33.4,28.4,71.82889,33.8546,true,true,true,1.17645E9
19717769670101,1,11,32.9,27.9,67.20751,221.2712,true,true,true,1.17645E9
19717769670101,1,14,21.6,16.6,20.761066,126.17851,true,true,true,1.17645E9
19717769670101,1,21,28.2,23.2,17.518345,166.57326,false,true,true,1.17645E9
19717769670101,1,24,30.9,25.9,37.151264,261.3042,true,true,true,1.17645E9
19717769670101,4,194,32.1,27.1,23.604813,97.0179,true,true,true,1.17645E9
19717769670101,4,195,36.8,31.8,32.21701,62.014374,true,true,true,1.17645E9
19717769670101,6,2,37.4,32.4,62.250828,82.92751,true,true,true,1.17645E9
19717769670101,6,15,28.6,23.6,27.57418,209.54988,true,true,true,1.17645E9
19717769670101,6,18,34.7,29.7,64.119026,3.246301,true,false,true,1.17645E9
19717769670101,6,30,28.4,23.4,49.2451,329.32602,true,true,true,1.17645E9
19717769670101,6,34,22.0,17.0,78.96378,171.85556,true,true,true,1.17645E9
19717769670101,6,36,30.6,25.6,41.946278,41.75669,true,true,true,1.17645E9
19717769670101,5,23,27.2,22.2,76.25328,225.64455,true,true,true,1.17645E9
19717769670101,5,25,21.3,16.3,35.08738,157.25748,true,true,true,1.17645E9
19717769670101,5,28,23.4,18.4,49.608406,267.31122,true,true,true,1.17645E9
19717769670101,5,37,41.4,36.4,34.58737,313.9813,true,true,true,1.17645E9
19717769670101,5,38,36.5,31.5,57.88874,19.09498,true,true,true,1.17645E9
19717769670101,5,42,18.6,13.6,5.4120073,96.42543,false,false,true,1.17645E9
19717769670101,5,23,41.8,36.8,76.25328,225.64455,true,true,true,1.57542E9
19717769670101,5,25,36.8,31.8,35.08738,157.25748,true,true,true,1.57542E9
19717769670101,5,28,25.3,20.3,49.608406,267.31122,true,true,true,1.57542E9
19717769670101,5,34,21.9,16.9,7.5157013,53.7543,false,true,true,1.57542E9
19717769670101,5,37,42.1,37.1,34.58737,313.9813,true,true,true,1.57542E9
19717769670101,5,38,44.0,39.0,57.88874,19.09498,true,true,true,1.57542E9
19717769670101,5,42,30.3,25.3,5.4120073,96.42543,true,false,true,1.57542E9
19718770612028,1,6,31.3,26.3,71.82889,33.8546,true,true,true,1.57542E9
19718770612028,1,11,36.6,31.6,67.20751,221.2712,true,true,true,1.57542E9
19718770612028,1,12,43.4,38.4,24.911688,318.29565,true,false,true,1.57542E9
19718770612028,1,13,32.2,27.2,0.0,0.0,false,false,false,1.57542E9
19718770612028,1,17,30.4,25.4,24.384571,61.234203,true,true,true,1.57542E9
19718770612028,1,19,37.3,32.3,49.370075,29.61656,true,true,true,1.57542E9
19718770612028,1,21,38.7,33.7,17.518345,166.57326,true,true,true,1.57542E9
19718770612028,1,22,30.4,25.4,40.924557,115.49065,true,true,true,1.57542E9
19718770612028,1,24,33.5,28.5,37.151264,261.3042,true,true,true,1.57542E9
19718770612028,4,194,41.6,36.6,23.604813,97.0179,true,true,true,1.57542E9
19718770612028,4,195,43.5,38.5,32.21701,62.014374,true,true,true,1.57542E9
19718770612028,2,134,40.9,35.9,0.0,0.0,false,false,false,1.57542E9
19718770612028,3,9,38.4,33.4,82.00473,147.53528,false,false,true,1.600875E9
19718770612028,3,16,30.5,25.5,23.731276,147.23816,true,true,true,1.6014374E9
19718770612028,3,20,26.2,21.2,62.37141,278.36404,false,false,true,1.603125E9
19718770612028,3,19,43.5,38.5,41.452652,19.580093,true,true,true,1.6036876E9
19718770612028,3,21,31.7,26.7,24.81651,238.7768,true,true,true,1.60425E9
19718770612028,5,42,30.7,25.7,5.4120073,96.42543,true,false,true,1.561098E9
19718770612028,5,38,45.1,40.1,57.88874,19.09498,true,true,true,1.561098E9
19718770612028,5,37,44.4,39.4,34.58737,313.9813,true,true,true,1.561098E9
19718770612028,5,28,31.4,26.4,49.608406,267.31122,true,true,true,1.561098E9
19718770612028,5,27,28.0,23.0,10.455829,246.15868,true,true,true,1.561098E9
19718770612028,5,25,33.9,28.9,35.08738,157.25748,true,true,true,1.561098E9
19718770612028,5,23,44.6,39.6,76.25328,225.64455,true,true,true,1.561098E9
19718770612028,5,13,46.4,41.4,68.27135,320.29843,true,true,true,1.561098E9
19718770612028,5,10,34.6,29.6,15.663169,162.58145,true,false,true,1.561098E9
19718770612028,5,9,26.9,21.9,22.402777,145.66512,true,false,true,1.561098E9
19718770612028,5,8,37.5,32.5,37.18223,48.354237,true,true,true,1.561098E9
19718770612028,5,6,28.5,23.5,30.446934,119.6433,true,true,true,1.561098E9
19718770612028,5,3,34.4,29.4,39.472725,128.12805,false,false,true,1.561098E9
19718770612028,5,2,39.7,34.7,54.25361,175.11227,true,false,true,1.561098E9
19718770612028,5,1,37.2,32.2,15.824988,103.63155,true,false,true,1.561098E9
19718770612028,6,2,38.2,33.2,62.250828,82.92751,true,true,true,1.57542E9
19718770612028,6,15,38.4,33.4,27.57418,209.54988,true,true,true,1.57542E9
19718770612028,6,18,43.7,38.7,64.119026,3.246301,true,false,true,1.57542E9
19718770612028,6,25,19.8,14.8,13.91123,117.40616,true,true,true,1.57542E9
19718770612028,6,27,17.5,12.5,4.5813794,309.61627,false,false,true,1.57542E9
19718770612028,6,30,43.5,38.5,49.2451,329.32602,true,true,true,1.57542E9
19718770612028,6,34,37.3,32.3,78.96378,171.85556,true,true,true,1.57542E9
19718770612028,6,36,43.7,38.7,41.946278,41.75669,true,true,true,1.57542E9
19718770612028,1,6,33.5,28.5,71.82889,33.8546,true,true,true,1.17645E9
19718770612028,1,11,33.3,28.3,67.20751,221.2712,true,true,true,1.17645E9
19718770612028,1,14,22.1,17.1,20.761066,126.17851,true,true,true,1.17645E9
19718770612028,1,21,28.8,23.8,17.518345,166.57326,true,true,true,1.17645E9
19718770612028,1,24,31.7,26.7,37.151264,261.3042,true,true,true,1.17645E9
19718770612028,4,194,32.4,27.4,23.604813,97.0179,true,true,true,1.17645E9
19718770612028,4,195,36.8,31.8,32.21701,62.014374,true,true,true,1.17645E9
19718770612028,6,2,37.4,32.4,62.250828,82.92751,true,true,true,1.17645E9
19718770612028,6,15,29.6,24.6,27.57418,209.54988,true,true,true,1.17645E9
19718770612028,6,18,35.5,30.5,64.119026,3.246301,true,false,true,1.17645E9
19718770612028,6,30,29.6,24.6,49.2451,329.32602,true,true,true,1.17645E9
19718770612028,6,34,22.0,17.0,78.96378,171.85556,true,true,true,1.17645E9
19718770612028,6,36,30.8,25.8,41.946278,41.75669,true,true,true,1.17645E9
19718770612028,5,23,28.6,23.6,76.25328,225.64455,true,true,true,1.17645E9
19718770612028,5,25,21.3,16.3,35.08738,157.25748,true,true,true,1.17645E9
19718770612028,5,28,23.4,18.4,49.608406,267.31122,true,true,true,1.17645E9
19718770612028,5,37,42.1,37.1,34.58737,313.9813,true,true,true,1.17645E9
19718770612028,5,38,37.7,32.7,57.88874,19.09498,true,true,true,1.17645E9
19718770612028,5,42,16.9,11.9,5.4120073,96.42543,false,false,true,1.17645E9
19718770612028,5,23,41.7,36.7,76.25328,225.64455,true,true,true,1.57542E9
19718770612028,5,25,37.2,32.2,35.08738,157.25748,true,true,true,1.57542E9
19718770612028,5,28,27.0,22.0,49.608406,267.31122,true,true,true,1.57542E9
19718770612028,5,34,21.9,16.9,7.5157013,53.7543,false,true,true,1.57542E9
19718770612028,5,37,43.0,38.0,34.58737,313.9813,true,true,true,1.57542E9
19718770612028,5,38,44.7,39.7,57.88874,19.09498,true,true,true,1.57542E9
19718770612028,5,42,29.7,24.7,5.4120073,96.42543,true,false,true,1.57542E9
19719769529527,1,6,33.7,28.7,71.82889,33.8546,true,true,true,1.57542E9
19719769529527,1,11,36.2,31.2,67.20751,221.2712,true,true,true,1.57542E9
19719769529527,1,12,43.5,38.5,24.911688,318.29565,true,false,true,1.57542E9
19719769529527,1,13,33.2,28.2,0.0,0.0,false,false,false,1.57542E9
19719769529527,1,17,30.4,25.4,24.384571,61.234203,true,true,true,1.57542E9
19719769529527,1,19,37.4,32.4,49.370075,29.61656,true,true,true,1.57542E9
19719769529527,1,21,38.9,33.9,17.518345,166.57326,true,true,true,1.57542E9
19719769529527,1,22,29.3,24.3,40.924557,115.49065,true,true,true,1.57542E9
19719769529527,1,24,34.3,29.3,37.151264,261.3042,true,true,true,1.57542E9
19719769529527,4,194,41.6,36.6,23.604813,97.0179,true,true,true,1.57542E9
19719769529527,4,195,42.9,37.9,32.21701,62.014374,true,true,true,1.57542E9
19719769529527,2,134,40.4,35.4,0.0,0.0,false,false,false,1.57542E9
19719769529527,3,9,38.4,33.4,82.00473,147.53528,false,false,true,1.600875E9
19719769529527,3,16,31.3,26.3,23.731276,147.23816,true,true,true,1.6014374E9
19719769529527,3,20,24.8,19.8,62.37141,278.36404,false,false,true,1.603125E9
19719769529527,3,19,43.2,38.2,41.452652,19.580093,true,true,true,1.6036876E9
19719769529527,3,21,32.1,27.1,24.81651,238.7768,true,true,true,1.60425E9
19719769529527,5,42,30.3,25.3,5.4120073,96.42543,true,false,true,1.561098E9
19719769529527,5,38,44.2,39.2,57.88874,19.09498,true,true,true,1.561098E9
19719769529527,5,37,44.2,39.2,34.58737,313.9813,true,true,true,1.561098E9
19719769529527,5,28,31.9,26.9,49.608406,267.31122,true,true,true,1.561098E9
19719769529527,5,27,28.0,23.0,10.455829,246.15868,true,true,true,1.561098E9
19719769529527,5,25,33.5,28.5,35.08738,157.25748,true,true,true,1.561098E9
19719769529527,5,23,44.6,39.6,76.25328,225.64455,true,true,true,1.561098E9
19719769529527,5,13,45.9,40.9,68.27135,320.29843,true,true,true,1.561098E9
19719769529527,5,10,34.2,29.2,15.663169,162.58145,true,false,true,1.561098E9
19719769529527,5,9,26.2,21.2,22.402777,145.66512,true,false,true,1.561098E9
19719769529527,5,8,38.0,33.0,37.18223,48.354237,true,true,true,1.561098E9
19719769529527,5,6,28.0,23.0,30.446934,119.6433,true,true,true,1.561098E9
19719769529527,5,3,33.6,28.6,39.472725,128.12805,false,false,true,1.561098E9
19719769529527,5,2,39.8,34.8,54.25361,175.11227,true,false,true,1.561098E9
19719769529527,5,1,37.3,32.3,15.824988,103.63155,true,false,true,1.561098E9
19719769529527,6,2,37.8,32.8,62.250828,82.92751,true,true,true,1.57542E9
19719769529527,6,15,38.4,33.4,27.57418,209.54988,true,true,true,1.57542E9
19719769529527,6,18,43.7,38.7,64.119026,3.246301,true,false,true,1.57542E9
19719769529527,6,25,20.2,15.2,13.91123,117.40616,true,true,true,1.57542E9
19719769529527,6,27,17.5,12.5,4.5813794,309.61627,false,false,true,1.57542E9
19719769529527,6,30,43.4,38.4,49.2451,329.32602,true,true,true,1.57542E9
19719769529527,6,34,37.1,32.1,78.96378,171.85556,true,true,true,1.57542E9
19719769529527,6,36,43.7,38.7,41.946278,41.75669,true,true,true,1.57542E9
19719769529527,1,6,33.7,28.7,71.82889,33.8546,true,true,true,1.17645E9
19719769529527,1,11,32.9,27.9,67.20751,221.2712,true,true,true,1.17645E9
19719769529527,1,14,20.9,15.9,20.761066,126.17851,true,true,true,1.17645E9
19719769529527,1,21,27.1,22.1,17.518345,166.57326,true,true,true,1.17645E9
19719769529527,1,24,31.8,26.8,37.151264,261.3042,true,true,true,1.17645E9
19719769529527,4,194,31.9,26.9,23.604813,97.0179,true,true,true,1.17645E9
19719769529527,4,195,36.5,31.5,32.21701,62.014374,true,true,true,1.17645E9
19719769529527,6,2,37.0,32.0,62.250828,82.92751,true,true,true,1.17645E9
19719769529527,6,15,29.7,24.7,27.57418,209.54988,true,true,true,1.17645E9
19719769529527,6,18,34.8,29.8,64.119026,3.246301,true,false,true,1.17645E9
19719769529527,6,30,29.5,24.5,49.2451,329.32602,true,true,true,1.17645E9
19719769529527,6,34,18.2,13.2,78.96378,171.85556,true,true,true,1.17645E9
19719769529527,6,36,31.0,26.0,41.946278,41.75669,true,true,true,1.17645E9
19719769529527,5,23,27.1,22.1,76.25328,225.64455,true,true,true,1.17645E9
19719769529527,5,25,21.3,16.3,35.08738,157.25748,true,true,true,1.17645E9
19719769529527,5,28,25.3,20.3,49.608406,267.31122,true,true,true,1.17645E9
19719769529527,5,37,42.0,37.0,34.58737,313.9813,true,true,true,1.17645E9
19719769529527,5,38,36.9,31.9,57.88874,19.09498,true,true,true,1.17645E9
19719769529527,5,42,16.9,11.9,5.4120073,96.42543,false,false,true,1.17645E9
19719769529527,5,23,41.7,36.7,76.25328,225.64455,true,true,true,1.57542E9
19719769529527,5,25,37.7,32.7,35.08738,157.25748,true,true,true,1.57542E9
19719769529527,5,28,26.4,21.4,49.608406,267.31122,true,true,true,1.57542E9
19719769529527,5,34,19.9,14.9,7.5157013,53.7543,false,true,true,1.57542E9
19719769529527,5,37,42.8,37.8,34.58737,313.9813,true,true,true,1.57542E9
19719769529527,5,38,44.1,39.1,57.88874,19.09498,true,true,true,1.57542E9
19719769529527,5,42,29.3,24.3,5.4120073,96.42543,true,false,true,1.57542E9
19720770796975,1,6,32.8,27.8,71.82889,33.8546,true,true,true,1.57542E9
19720770796975,1,11,36.4,31.4,67.20751,221.2712,true,true,true,1.57542E9
19720770796975,1,12,43.0,38.0,24.911688,318.29565,true,false,true,1.57542E9
19720770796975,1,13,31.6,26.6,0.0,0.0,false,false,false,1.57542E9
19720770796975,1,17,30.4,25.4,24.384571,61.234203,true,true,true,1.57542E9
19720770796975,1,19,38.2,33.2,49.370075,29.61656,true,true,true,1.57542E9
19720770796975,1,21,38.9,33.9,17.518345,166.57326,true,true,true,1.57542E9
19720770796975,1,22,28.7,23.7,40.924557,115.49065,true,true,true,1.57542E9
19720770796975,1,24,34.3,29.3,37.151264,261.3042,true,true,true,1.57542E9
19720770796975,4,194,41.0,36.0,23.604813,97.0179,true,true,true,1.57542E9
19720770796975,4,195,42.8,37.8,32.21701,62.014374,true,true,true,1.57542E9
19720770796975,2,134,40.4,35.4,0.0,0.0,false,false,false,1.57542E9
19720770796975,3,9,38.3,33.3,82.00473,147.53528,false,false,true,1.600875E9
19720770796975,3,16,32.1,27.1,23.731276,147.23816,true,true,true,1.6014374E9
19720770796975,3,20,23.4,18.4,62.37141,278.36404,false,false,true,1.603125E9
19720770796975,3,19,43.0,38.0,41.452652,19.580093,true,true,true,1.6036876E9
19720770796975,3,21,32.0,27.0,24.81651,238.7768,true,true,true,1.60425E9
19720770796975,5,42,31.5,26.5,5.4120073,96.42543,true,false,true,1.561098E9
19720770796975,5,38,44.7,39.7,57.88874,19.09498,true,true,true,1.561098E9
19720770796975,5,37,44.0,39.0,34.58737,313.9813,true,true,true,1.561098E9
19720770796975,5,28,31.3,26.3,49.608406,267.31122,false,true,true,1.561098E9
19720770796975,5,27,27.6,22.6,10.455829,246.15868,true,true,true,1.561098E9
19720770796975,5,25,33.7,28.7,35.08738,157.25748,true,true,true,1.561098E9
19720770796975,5,23,44.7,39.7,76.25328,225.64455,true,true,true,1.561098E9
19720770796975,5,13,46.2,41.2,68.27135,320.29843,true,true,true,1.561098E9
19720770796975,5,10,33.2,28.2,15.663169,162.58145,true,false,true,1.561098E9
19720770796975,5,9,27.9,22.9,22.402777,145.66512,true,false,true,1.561098E9
19720770796975,5,8,38.6,33.6,37.18223,48.354237,true,true,true,1.561098E9
19720770796975,5,6,28.2,23.2,30.446934,119.6433,true,true,true,1.561098E9
19720770796975,5,3,32.4,27.4,39.472725,128.12805,false,false,true,1.561098E9
19720770796975,5,2,39.9,34.9,54.25361,175.11227,true,false,true,1.561098E9
19720770796975,5,1,36.9,31.9,15.824988,103.63155,true,false,true,1.561098E9
19720770796975,6,2,36.9,31.9,62.250828,82.92751,true,true,true,1.57542E9
19720770796975,6,15,39.1,34.1,27.57418,209.54988,true,true,true,1.57542E9
19720770796975,6,18,43.7,38.7,64.119026,3.246301,true,false,true,1.57542E9
19720770796975,6,25,22.2,17.2,13.91123,117.40616,true,true,true,1.57542E9
19720770796975,6,27,17.5,12.5,4.5813794,309.61627,false,false,true,1.57542E9
19720770796975,6,30,43.4,38.4,49.2451,329.32602,true,true,true,1.57542E9
19720770796975,6,34,36.8,31.8,78.96378,171.85556,true,true,true,1.57542E9
19720770796975,6,36,43.1,38.1,41.946278,41.75669,true,true,true,1.57542E9
19720770796975,1,6,32.9,27.9,71.82889,33.8546,true,true,true,1.17645E9
19720770796975,1,11,31.7,26.7,67.20751,221.2712,true,true,true,1.17645E9
19720770796975,1,14,20.9,15.9,20.761066,126.17851,true,true,true,1.17645E9
19720770796975,1,21,25.5,20.5,17.518345,166.57326,true,true,true,1.17645E9
19720770796975,1,24,30.8,25.8,37.151264,261.3042,true,true,true,1.17645E9
19720770796975,4,194,31.0,26.0,23.604813,97.0179,true,true,true,1.17645E9
19720770796975,4,195,35.2,30.2,32.21701,62.014374,true,true,true,1.17645E9
19720770796975,6,2,35.5,30.5,62.250828,82.92751,true,true,true,1.17645E9
19720770796975,6,15,28.7,23.7,27.57418,209.54988,true,true,true,1.17645E9
19720770796975,6,18,33.8,28.8,64.119026,3.246301,true,false,true,1.17645E9
19720770796975,6,30,29.1,24.1,49.2451,329.32602,true,true,true,1.17645E9
19720770796975,6,34,18.2,13.2,78.96378,171.85556,true,true,true,1.17645E9
19720770796975,6,36,30.1,25.1,41.946278,41.75669,true,true,true,1.17645E9
19720770796975,5,23,25.8,20.8,76.25328,225.64455,true,true,true,1.17645E9
19720770796975,5,25,21.3,16.3,35.08738,157.25748,true,true,true,1.17645E9
19720770796975,5,28,23.6,18.6,49.608406,267.31122,true,true,true,1.17645E9
19720770796975,5,37,40.7,35.7,34.58737,313.9813,true,true,true,1.17645E9
19720770796975,5,38,36.1,31.1,57.88874,19.09498,true,true,true,1.17645E9
19720770796975,5,42,16.9,11.9,5.4120073,96.42543,false,false,true,1.17645E9
19720770796975,5,23,42.5,37.5,76.25328,225.64455,true,true,true,1.57542E9
19720770796975,5,25,37.4,32.4,35.08738,157.25748,true,true,true,1.57542E9
19720770796975,5,28,26.3,21.3,49.608406,267.31122,true,true,true,1.57542E9
19720770796975,5,34,19.9,14.9,7.5157013,53.7543,false,true,true,1.57542E9
19720770796975,5,37,42.3,37.3,34.58737,313.9813,true,true,true,1.57542E9
19720770796975,5,38,44.5,39.5,57.88874,19.09498,true,true,true,1.57542E9
19720770796975,5,42,29.5,24.5,5.4120073,96.42543,true,false,true,1.57542E9
19721769680777,1,6,31.8,26.8,71.82889,33.8546,true,true,true,1.57542E9
19721769680777,1,11,36.8,31.8,67.20751,221.2712,true,true,true,1.57542E9
19721769680777,1,12,43.2,38.2,24.911688,318.29565,true,false,true,1.57542E9
19721769680777,1,13,32.0,27.0,0.0,0.0,false,false,false,1.57542E9
19721769680777,1,17,28.4,23.4,24.384571,61.234203,true,true,true,1.57542E9
19721769680777,1,19,38.4,33.4,49.370075,29.61656,true,true,true,1.57542E9
19721769680777,1,21,38.7,33.7,17.518345,166.57326,true,true,true,1.57542E9
19721769680777,1,22,28.8,23.8,40.924557,115.49065,true,true,true,1.57542E9
19721769680777,1,24,35.3,30.3,37.151264,261.3042,true,true,true,1.57542E9
19721769680777,4,194,41.2,36.2,23.604813,97.0179,true,true,true,1.57542E9
19721769680777,4,195,42.5,37.5,32.21701,62.014374,true,true,true,1.57542E9
19721769680777,2,134,40.3,35.3,0.0,0.0,false,false,false,1.57542E9
19721769680777,3,9,39.1,34.1,82.00473,147.53528,false,false,true,1.600875E9
19721769680777,3,16,32.3,27.3,23.731276,147.23816,true,true,true,1.6014374E9
19721769680777,3,20,23.7,18.7,62.37141,278.36404,false,false,true,1.603125E9
19721769680777,3,19,42.8,37.8,41.452652,19.580093,true,true,true,1.6036876E9
19721769680777,3,21,31.9,26.9,24.81651,238.7768,true,true,true,1.60425E9
19721769680777,5,42,31.3,26.3,5.4120073,96.42543,true,false,true,1.561098E9
19721769680777,5,38,44.9,39.9,57.88874,19.09498,true,true,true,1.561098E9
19721769680777,5,37,44.2,39.2,34.58737,313.9813,true,true,true,1.561098E9
19721769680777,5,28,31.5,26.5,49.608406,267.31122,false,true,true,1.561098E9
19721769680777,5,27,27.6,22.6,10.455829,246.15868,true,true,true,1.561098E9
19721769680777,5,25,34.3,29.3,35.08738,157.25748,true,true,true,1.561098E9
19721769680777,5,23,44.1,39.1,76.25328,225.64455,true,true,true,1.561098E9
19721769680777,5,13,45.7,40.7,68.27135,320.29843,true,true,true,1.561098E9
19721769680777,5,10,33.0,28.0,15.663169,162.58145,true,false,true,1.561098E9
19721769680777,5,9,27.4,22.4,22.402777,145.66512,true,false,true,1.561098E9
19721769680777,5,8,38.8,33.8,37.18223,48.354237,true,true,true,1.561098E9
19721769680777,5,6,28.1,23.1,30.446934,119.6433,true,true,true,1.561098E9
19721769680777,5,3,32.3,27.3,39.472725,128.12805,false,false,true,1.561098E9
19721769680777,5,2,40.0,35.0,54.25361,175.11227,true,false,true,1.561098E9
19721769680777,5,1,37.5,32.5,15.824988,103.63155,true,false,true,1.561098E9
19721769680777,6,2,37.1,32.1,62.250828,82.92751,true,true,true,1.57542E9
19721769680777,6,15,39.5,34.5,27.57418,209.54988,true,true,true,1.57542E9
19721769680777,6,18,43.5,38.5,64.119026,3.246301,true,false,true,1.57542E9
19721769680777,6,25,22.2,17.2,13.91123,117.40616,true,true,true,1.57542E9
19721769680777,6,27,17.4,12.4,4.5813794,309.61627,false,false,true,1.57542E9
19721769680777,6,30,42.7,37.7,49.2451,329.32602,true,true,true,1.57542E9
19721769680777,6,34,37.0,32.0,78.96378,171.85556,true,true,true,1.57542E9
19721769680777,6,36,43.3,38.3,41.946278,41.75669,true,true,true,1.57542E9
19721769680777,1,6,33.1,28.1,71.82889,33.8546,true,true,true,1.17645E9
19721769680777,1,11,32.8,27.8,67.20751,221.2712,true,true,true,1.17645E9
19721769680777,1,14,19.2,14.2,20.761066,126.17851,true,true,true,1.17645E9
19721769680777,1,21,27.1,22.1,17.518345,166.57326,true,true,true,1.17645E9
19721769680777,1,24,31.5,26.5,37.151264,261.3042,true,true,true,1.17645E9
19721769680777,4,194,31.7,26.7,23.604813,97.0179,true,true,true,1.17645E9
19721769680777,4,195,36.6,31.6,32.21701,62.014374,true,true,true,1.17645E9
19721769680777,6,2,36.9,31.9,62.250828,82.92751,true,true,true,1.17645E9
19721769680777,6,15,29.0,24.0,27.57418,209.54988,true,true,true,1.17645E9
19721769680777,6,18,35.1,30.1,64.119026,3.246301,true,false,true,1.17645E9
19721769680777,6,30,29.8,24.8,49.2451,329.32602,true,true,true,1.17645E9
19721769680777,6,34,18.2,13.2,78.96378,171.85556,true,true,true,1.17645E9
19721769680777,6,36,31.4,26.4,41.946278,41.75669,true,true,true,1.17645E9
19721769680777,5,23,26.5,21.5,76.25328,225.64455,true,true,true,1.17645E9
19721769680777,5,25,21.3,16.3,35.08738,157.25748,false,true,true,1.17645E9
19721769680777,5,28,26.7,21.7,49.608406,267.31122,true,true,true,1.17645E9
19721769680777,5,37,41.9,36.9,34.58737,313.9813,true,true,true,1.17645E9
19721769680777,5,38,37.2,32.2,57.88874,19.09498,true,true,true,1.17645E9
19721769680777,5,42,16.9,11.9,5.4120073,96.42543,false,false,true,1.17645E9
19721769680777,5,23,41.7,36.7,76.25328,225.64455,true,true,true,1.57542E9
19721769680777,5,25,37.1,32.1,35.08738,157.25748,true,true,true,1.57542E9
19721769680777,5,28,25.8,20.8,49.608406,267.31122,true,true,true,1.57542E9
19721769680777,5,34,20.6,15.6,7.5157013,53.7543,false,true,true,1.57542E9
19721769680777,5,37,42.0,37.0,34.58737,313.9813,true,true,true,1.57542E9
19721769680777,5,38,44.1,39.1,57.88874,19.09498,true,true,true,1.57542E9
19721769680777,5,42,28.3,23.3,5.4120073,96.42543,true,false,true,1.57542E9
19722773383693,1,6,30.4,25.4,71.82889,33.8546,true,true,true,1.57542E9
19722773383693,1,11,36.4,31.4,67.20751,221.2712,true,true,true,1.57542E9
19722773383693,1,12,43.1,38.1,24.911688,318.29565,true,false,true,1.57542E9
19722773383693,1,13,30.9,25.9,0.0,0.0,false,false,false,1.57542E9
19722773383693,1,17,28.0,23.0,24.384571,61.234203,true,true,true,1.57542E9
19722773383693,1,19,38.0,33.0,49.370075,29.61656,true,true,true,1.57542E9
19722773383693,1,21,38.4,33.4,17.518345,166.57326,true,true,true,1.57542E9
19722773383693,1,22,26.6,21.6,40.924557,115.49065,true,true,true,1.57542E9
19722773383693,1,24,35.2,30.2,37.151264,261.3042,true,true,true,1.57542E9
19722773383693,4,194,41.0,36.0,23.604813,97.0179,true,true,true,1.57542E9
19722773383693,4,195,42.6,37.6,32.21701,62.014374,true,true,true,1.57542E9
19722773383693,2,134,40.5,35.5,0.0,0.0,false,false,false,1.57542E9
19722773383693,3,9,39.5,34.5,82.00473,147.53528,false,false,true,1.600875E9
19722773383693,3,16,32.3,27.3,23.731276,147.23816,true,true,true,1.6014374E9
19722773383693,3,20,24.1,19.1,62.37141,278.36404,false,false,true,1.603125E9
19722773383693,3,19,43.3,38.3,41.452652,19.580093,true,true,true,1.6036876E9
19722773383693,3,21,31.9,26.9,24.81651,238.7768,true,true,true,1.60425E9
19722773383693,5,42,30.6,25.6,5.4120073,96.42543,true,false,true,1.561098E9
19722773383693,5,38,45.1,40.1,57.88874,19.09498,true,true,true,1.561098E9
19722773383693,5,37,44.1,39.1,34.58737,313.9813,true,true,true,1.561098E9
19722773383693,5,28,30.7,25.7,49.608406,267.31122,false,true,true,1.561098E9
19722773383693,5,27,27.6,22.6,10.455829,246.15868,true,true,true,1.561098E9
19722773383693,5,25,34.7,29.7,35.08738,157.25748,true,true,true,1.561098E9
19722773383693,5,23,44.0,39.0,76.25328,225.64455,true,true,true,1.561098E9
19722773383693,5,13,46.2,41.2,68.27135,320.29843,true,true,true,1.561098E9
19722773383693,5,10,33.1,28.1,15.663169,162.58145,true,false,true,1.561098E9
19722773383693,5,9,28.2,23.2,22.402777,145.66512,true,false,true,1.561098E9
19722773383693,5,8,38.7,33.7,37.18223,48.354237,true,true,true,1.561098E9
19722773383693,5,6,28.8,23.8,30.446934,119.6433,true,true,true,1.561098E9
19722773383693,5,3,32.3,27.3,39.472725,128.12805,false,false,true,1.561098E9
19722773383693,5,2,39.9,34.9,54.25361,175.11227,true,false,true,1.561098E9
19722773383693,5,1,37.3,32.3,15.824988,103.63155,true,false,true,1.561098E9
19722773383693,6,2,36.2,31.2,62.250828,82.92751,true,true,true,1.57542E9
19722773383693,6,15,38.9,33.9,27.57418,209.54988,true,true,true,1.57542E9
19722773383693,6,18,43.9,38.9,64.119026,3.246301,true,false,true,1.57542E9
19722773383693,6,25,20.9,15.9,13.91123,117.40616,true,true,true,1.57542E9
19722773383693,6,27,17.4,12.4,4.5813794,309.61627,false,false,true,1.57542E9
19722773383693,6,30,43.5,38.5,49.2451,329.32602,true,true,true,1.57542E9
19722773383693,6,34,36.8,31.8,78.96378,171.85556,true,true,true,1.57542E9
19722773383693,6,36,43.0,38.0,41.946278,41.75669,true,true,true,1.57542E9
19722773383693,1,6,33.2,28.2,71.82889,33.8546,true,true,true,1.17645E9
19722773383693,1,11,33.0,28.0,67.20751,221.2712,true,true,true,1.17645E9
19722773383693,1,14,19.2,14.2,20.761066,126.17851,true,true,true,1.17645E9
19722773383693,1,21,25.5,20.5,17.518345,166.57326,true,true,true,1.17645E9
19722773383693,1,24,31.9,26.9,37.151264,261.3042,true,true,true,1.17645E9
19722773383693,4,194,32.1,27.1,23.604813,97.0179,true,true,true,1.17645E9
19722773383693,4,195,36.7,31.7,32.21701,62.014374,true,true,true,1.17645E9
19722773383693,6,2,37.2,32.2,62.250828,82.92751,true,true,true,1.17645E9
19722773383693,6,15,29.6,24.6,27.57418,209.54988,true,true,true,1.17645E9
19722773383693,6,18,35.2,30.2,64.119026,3.246301,true,false,true,1.17645E9
19722773383693,6,30,29.1,24.1,49.2451,329.32602,true,true,true,1.17645E9
19722773383693,6,34,18.6,13.6,78.96378,171.85556,true,true,true,1.17645E9
19722773383693,6,36,31.2,26.2,41.946278,41.75669,true,true,true,1.17645E9
19722773383693,5,23,26.4,21.4,76.25328,225.64455,true,true,true,1.17645E9
19722773383693,5,25,21.3,16.3,35.08738,157.25748,false,true,true,1.17645E9
19722773383693,5,28,24.3,19.3,49.608406,267.31122,true,true,true,1.17645E9
19722773383693,5,37,41.9,36.9,34.58737,313.9813,true,true,true,1.17645E9
19722773383693,5,38,37.3,32.3,57.88874,19.09498,true,true,true,1.17645E9
19722773383693,5,42,16.2,11.2,5.4120073,96.42543,false,false,true,1.17645E9
19722773383693,5,23,42.0,37.0,76.25328,225.64455,true,true,true,1.57542E9
19722773383693,5,25,37.1,32.1,35.08738,157.25748,true,true,true,1.57542E9
19722773383693,5,28,25.7,20.7,49.608406,267.31122,false,true,true,1.57542E9
19722773383693,5,34,20.6,15.6,7.5157013,53.7543,true,true,true,1.57542E9
19722773383693,5,37,42.5,37.5,34.58737,313.9813,true,true,true,1.57542E9
19722773383693,5,38,44.3,39.3,57.88874,19.09498,true,true,true,1.57542E9
19722773383693,5,42,28.5,23.5,5.4120073,96.42543,true,false,true,1.57542E9
19723774254422,1,6,31.5,26.5,71.82889,33.8546,true,true,true,1.57542E9
19723774254422,1,11,37.6,32.6,67.20751,221.2712,true,true,true,1.57542E9
19723774254422,1,12,42.6,37.6,24.911688,318.29565,true,false,true,1.57542E9
19723774254422,1,13,30.7,25.7,0.0,0.0,false,false,false,1.57542E9
19723774254422,1,14,24.2,19.2,20.761066,126.17851,false,true,true,1.57542E9
19723774254422,1,17,28.4,23.4,24.384571,61.234203,true,true,true,1.57542E9
19723774254422,1,19,37.6,32.6,49.370075,29.61656,true,true,true,1.57542E9
19723774254422,1,21,38.0,33.0,17.518345,166.57326,true,true,true,1.57542E9
19723774254422,1,22,25.5,20.5,40.924557,115.49065,true,true,true,1.57542E9
19723774254422,1,24,35.5,30.5,37.151264,261.3042,true,true,true,1.57542E9
19723774254422,4,194,41.0,36.0,23.604813,97.0179,true,true,true,1.57542E9
19723774254422,4,195,42.6,37.6,32.21701,62.014374,true,true,true,1.57542E9
19723774254422,2,134,40.2,35.2,0.0,0.0,false,false,false,1.57542E9
19723774254422,3,9,39.8,34.8,82.00473,147.53528,false,false,true,1.600875E9
19723774254422,3,16,32.4,27.4,23.731276,147.23816,true,true,true,1.6014374E9
19723774254422,3,20,23.2,18.2,62.37141,278.36404,false,false,true,1.603125E9
19723774254422,3,19,43.1,38.1,41.452652,19.580093,true,true,true,1.6036876E9
19723774254422,3,21,32.6,27.6,24.81651,238.7768,true,true,true,1.60425E9
19723774254422,5,42,30.4,25.4,5.4120073,96.42543,true,false,true,1.561098E9
19723774254422,5,38,45.0,40.0,57.88874,19.09498,true,true,true,1.561098E9
19723774254422,5,37,43.5,38.5,34.58737,313.9813,true,true,true,1.561098E9
19723774254422,5,28,30.5,25.5,49.608406,267.31122,false,true,true,1.561098E9
19723774254422,5,27,26.3,21.3,10.455829,246.15868,true,true,true,1.561098E9
19723774254422,5,25,35.9,30.9,35.08738,157.25748,true,true,true,1.561098E9
19723774254422,5,23,43.8,38.8,76.25328,225.64455,true,true,true,1.561098E9
19723774254422,5,13,46.1,41.1,68.27135,320.29843,true,true,true,1.561098E9
19723774254422,5,10,33.1,28.1,15.663169,162.58145,true,false,true,1.561098E9
19723774254422,5,9,28.4,23.4,22.402777,145.66512,true,false,true,1.561098E9
19723774254422,5,8,38.4,33.4,37.18223,48.354237,true,true,true,1.561098E9
19723774254422,5,6,27.9,22.9,30.446934,119.6433,true,true,true,1.561098E9
19723774254422,5,3,31.9,26.9,39.472725,128.12805,false,false,true,1.561098E9
19723774254422,5,2,39.7,34.7,54.25361,175.11227,true,false,true,1.561098E9
19723774254422,5,1,36.9,31.9,15.824988,103.63155,true,false,true,1.561098E9
19723774254422,6,2,37.0,32.0,62.250828,82.92751,true,true,true,1.57542E9
19723774254422,6,15,38.8,33.8,27.57418,209.54988,true,true,true,1.57542E9
19723774254422,6,18,43.7,38.7,64.119026,3.246301,true,false,true,1.57542E9
19723774254422,6,25,20.9,15.9,13.91123,117.40616,true,true,true,1.57542E9
19723774254422,6,27,17.4,12.4,4.5813794,309.61627,false,false,true,1.57542E9
19723774254422,6,30,42.8,37.8,49.2451,329.32602,true,true,true,1.57542E9
19723774254422,6,34,36.7,31.7,79.044205,171.68158,true,true,true,1.57542E9
19723774254422,6,36,43.3,38.3,41.946278,41.75669,true,true,true,1.57542E9
19723774254422,1,6,32.8,27.8,71.82889,33.8546,true,true,true,1.17645E9
19723774254422,1,11,31.9,26.9,67.20751,221.2712,true,true,true,1.17645E9
19723774254422,1,14,20.6,15.6,20.761066,126.17851,true,true,true,1.17645E9
19723774254422,1,21,25.7,20.7,17.518345,166.57326,true,true,true,1.17645E9
19723774254422,1,24,31.4,26.4,37.151264,261.3042,true,true,true,1.17645E9
19723774254422,4,194,31.5,26.5,23.604813,97.0179,true,true,true,1.17645E9
19723774254422,4,195,36.8,31.8,32.21701,62.014374,true,true,true,1.17645E9
19723774254422,6,2,36.2,31.2,62.250828,82.92751,true,true,true,1.17645E9
19723774254422,6,15,29.6,24.6,27.57418,209.54988,true,true,true,1.17645E9
19723774254422,6,18,35.0,30.0,64.119026,3.246301,true,false,true,1.17645E9
19723774254422,6,30,29.5,24.5,49.2451,329.32602,true,true,true,1.17645E9
19723774254422,6,34,18.6,13.6,79.044205,171.68158,true,true,true,1.17645E9
19723774254422,6,36,31.1,26.1,41.946278,41.75669,true,true,true,1.17645E9
19723774254422,5,23,26.7,21.7,76.25328,225.64455,true,true,true,1.17645E9
19723774254422,5,25,21.3,16.3,35.08738,157.25748,false,true,true,1.17645E9
19723774254422,5,28,24.3,19.3,49.608406,267.31122,true,true,true,1.17645E9
19723774254422,5,37,42.0,37.0,34.58737,313.9813,true,true,true,1.17645E9
19723774254422,5,38,37.0,32.0,57.88874,19.09498,true,true,true,1.17645E9
19723774254422,5,42,16.2,11.2,5.4120073,96.42543,false,false,true,1.17645E9
19723774254422,5,23,41.7,36.7,76.25328,225.64455,true,true,true,1.57542E9
19723774254422,5,25,38.1,33.1,35.08738,157.25748,true,true,true,1.57542E9
19723774254422,5,27,15.7,10.7,10.455829,246.15868,false,true,true,1.57542E9
19723774254422,5,28,27.3,22.3,49.608406,267.31122,false,true,true,1.57542E9
19723774254422,5,34,20.6,15.6,7.5157013,53.7543,true,true,true,1.57542E9
19723774254422,5,37,41.8,36.8,34.58737,313.9813,true,true,true,1.57542E9
19723774254422,5,38,44.8,39.8,57.88874,19.09498,true,true,true,1.57542E9
19723774254422,5,42,29.2,24.2,5.4120073,96.42543,true,false,true,1.57542E9
19724766183432,1,6,32.0,27.0,71.82889,33.8546,true,true,true,1.57542E9
19724766183432,1,11,36.6,31.6,67.20751,221.2712,true,true,true,1.57542E9
19724766183432,1,12,42.8,37.8,24.911688,318.29565,true,false,true,1.57542E9
19724766183432,1,13,31.3,26.3,0.0,0.0,false,false,false,1.57542E9
19724766183432,1,14,24.4,19.4,20.761066,126.17851,true,true,true,1.57542E9
19724766183432,1,19,37.4,32.4,49.370075,29.61656,true,true,true,1.57542E9
19724766183432,1,21,37.7,32.7,17.518345,166.57326,true,true,true,1.57542E9
19724766183432,1,22,25.9,20.9,40.924557,115.49065,true,true,true,1.57542E9
19724766183432,1,24,36.3,31.3,37.151264,261.3042,true,true,true,1.57542E9
19724766183432,4,194,41.3,36.3,23.604813,97.0179,true,true,true,1.57542E9
19724766183432,4,195,42.4,37.4,32.21701,62.014374,true,true,true,1.57542E9
19724766183432,2,134,40.5,35.5,0.0,0.0,false,false,false,1.57542E9
19724766183432,3,9,39.7,34.7,82.00473,147.53528,false,false,true,1.600875E9
19724766183432,3,16,33.0,28.0,23.731276,147.23816,true,true,true,1.6014374E9
19724766183432,3,20,23.6,18.6,62.37141,278.36404,false,false,true,1.603125E9
19724766183432,3,19,43.2,38.2,41.452652,19.580093,true,true,true,1.6036876E9
19724766183432,3,21,31.9,26.9,24.81651,238.7768,true,true,true,1.60425E9
19724766183432,5,42,31.0,26.0,5.4120073,96.42543,true,false,true,1.561098E9
19724766183432,5,38,44.9,39.9,57.88874,19.09498,true,true,true,1.561098E9
19724766183432,5,37,43.6,38.6,34.58737,313.9813,true,true,true,1.561098E9
19724766183432,5,34,25.9,20.9,7.5157013,53.7543,false,true,true,1.561098E9
19724766183432,5,28,31.1,26.1,49.608406,267.31122,false,true,true,1.561098E9
19724766183432,5,27,26.3,21.3,10.455829,246.15868,true,true,true,1.561098E9
19724766183432,5,25,35.8,30.8,35.08738,157.25748,true,true,true,1.561098E9
19724766183432,5,23,43.7,38.7,76.25328,225.64455,true,true,true,1.561098E9
19724766183432,5,13,46.2,41.2,68.27135,320.29843,true,true,true,1.561098E9
19724766183432,5,10,33.1,28.1,15.663169,162.58145,true,false,true,1.561098E9
19724766183432,5,9,27.6,22.6,22.402777,145.66512,true,false,true,1.561098E9
19724766183432,5,8,38.4,33.4,37.18223,48.354237,true,true,true,1.561098E9
19724766183432,5,6,28.2,23.2,30.446934,119.6433,true,true,true,1.561098E9
19724766183432,5,3,31.9,26.9,39.472725,128.12805,false,false,true,1.561098E9
19724766183432,5,2,39.4,34.4,54.25361,175.11227,true,false,true,1.561098E9
19724766183432,5,1,37.1,32.1,15.824988,103.63155,true,false,true,1.561098E9
19724766183432,6,2,37.3,32.3,62.250828,82.92751,true,true,true,1.57542E9
19724766183432,6,15,38.4,33.4,27.57418,209.54988,true,true,true,1.57542E9
19724766183432,6,18,43.8,38.8,64.119026,3.246301,true,false,true,1.57542E9
19724766183432,6,25,20.0,15.0,13.91123,117.40616,true,true,true,1.57542E9
19724766183432,6,27,17.4,12.4,4.5813794,309.61627,false,false,true,1.57542E9
19724766183432,6,30,43.7,38.7,49.2451,329.32602,true,true,true,1.57542E9
19724766183432,6,34,37.1,32.1,79.044205,171.68158,true,true,true,1.57542E9
19724766183432,6,36,43.5,38.5,41.946278,41.75669,true,true,true,1.57542E9
19724766183432,1,6,33.3,28.3,71.82889,33.8546,true,true,true,1.17645E9
19724766183432,1,11,32.9,27.9,67.20751,221.2712,true,true,true,1.17645E9
19724766183432,1,14,20.6,15.6,20.761066,126.17851,true,true,true,1.17645E9
19724766183432,1,21,26.1,21.1,17.518345,166.57326,true,true,true,1.17645E9
19724766183432,1,24,31.5,26.5,37.151264,261.3042,true,true,true,1.17645E9
19724766183432,4,194,32.0,27.0,23.604813,97.0179,true,true,true,1.17645E9
19724766183432,4,195,36.5,31.5,32.21701,62.014374,true,true,true,1.17645E9
19724766183432,6,2,36.7,31.7,62.250828,82.92751,true,true,true,1.17645E9
19724766183432,6,15,29.5,24.5,27.57418,209.54988,true,true,true,1.17645E9
19724766183432,6,18,35.3,30.3,64.119026,3.246301,true,false,true,1.17645E9
19724766183432,6,30,29.4,24.4,49.2451,329.32602,true,true,true,1.17645E9
19724766183432,6,34,18.6,13.6,79.044205,171.68158,true,true,true,1.17645E9
19724766183432,6,36,31.7,26.7,41.946278,41.75669,true,true,true,1.17645E9
19724766183432,5,23,27.4,22.4,76.25328,225.64455,true,true,true,1.17645E9
19724766183432,5,25,21.3,16.3,35.08738,157.25748,false,true,true,1.17645E9
19724766183432,5,28,25.9,20.9,49.608406,267.31122,true,true,true,1.17645E9
19724766183432,5,37,42.2,37.2,34.58737,313.9813,true,true,true,1.17645E9
19724766183432,5,38,37.3,32.3,57.88874,19.09498,true,true,true,1.17645E9
19724766183432,5,42,16.2,11.2,5.4120073,96.42543,false,false,true,1.17645E9
19724766183432,5,23,41.6,36.6,76.25328,225.64455,true,true,true,1.57542E9
19724766183432,5,25,37.6,32.6,35.08738,157.25748,true,true,true,1.57542E9
19724766183432,5,27,15.7,10.7,10.455829,246.15868,false,true,true,1.57542E9
19724766183432,5,28,25.1,20.1,49.608406,267.31122,false,true,true,1.57542E9
19724766183432,5,34,18.0,13.0,7.5157013,53.7543,true,true,true,1.57542E9
19724766183432,5,37,42.6,37.6,34.58737,313.9813,true,true,true,1.57542E9
19724766183432,5,38,44.5,39.5,57.88874,19.09498,true,true,true,1.57542E9
19724766183432,5,42,29.2,24.2,5.4120073,96.42543,true,false,true,1.57542E9
19725766377077,1,6,34.2,29.2,71.82889,33.8546,true,true,true,1.57542E9
19725766377077,1,11,35.7,30.7,67.20751,221.2712,true,true,true,1.57542E9
19725766377077,1,12,43.2,38.2,24.911688,318.29565,true,false,true,1.57542E9
19725766377077,1,13,30.7,25.7,0.0,0.0,false,false,false,1.57542E9
19725766377077,1,14,27.8,22.8,20.761066,126.17851,true,true,true,1.57542E9
19725766377077,1,19,37.2,32.2,49.370075,29.61656,true,true,true,1.57542E9
19725766377077,1,21,38.1,33.1,17.518345,166.57326,true,true,true,1.57542E9
19725766377077,1,22,28.9,23.9,40.924557,115.49065,true,true,true,1.57542E9
19725766377077,1,24,35.4,30.4,37.151264,261.3042,true,true,true,1.57542E9
19725766377077,4,194,40.0,35.0,23.604813,97.0179,true,true,true,1.57542E9
19725766377077,4,195,43.4,38.4,32.21701,62.014374,true,true,true,1.57542E9
19725766377077,2,134,39.2,34.2,0.0,0.0,false,false,false,1.57542E9
19725766377077,3,9,38.2,33.2,82.00473,147.53528,false,false,true,1.600875E9
19725766377077,3,16,31.4,26.4,23.731276,147.23816,true,true,true,1.6014374E9
19725766377077,3,20,29.4,24.4,62.37141,278.36404,false,false,true,1.603125E9
19725766377077,3,19,42.5,37.5,41.452652,19.580093,true,true,true,1.6036876E9
19725766377077,3,21,30.3,25.3,24.81651,238.7768,true,true,true,1.60425E9
19725766377077,5,42,32.0,27.0,5.4120073,96.42543,true,false,true,1.561098E9
19725766377077,5,38,44.8,39.8,57.88874,19.09498,true,true,true,1.561098E9
19725766377077,5,37,44.5,39.5,34.58737,313.9813,true,true,true,1.561098E9
19725766377077,5,28,31.4,26.4,49.608406,267.31122,false,true,true,1.561098E9
19725766377077,5,27,26.3,21.3,10.455829,246.15868,true,true,true,1.561098E9
19725766377077,5,25,31.3,26.3,35.08738,157.25748,true,true,true,1.561098E9
19725766377077,5,23,43.2,38.2,76.25328,225.64455,true,true,true,1.561098E9
19725766377077,5,13,45.9,40.9,68.27135,320.29843,true,true,true,1.561098E9
19725766377077,5,10,30.8,25.8,15.663169,162.58145,true,false,true,1.561098E9
19725766377077,5,9,27.4,22.4,22.402777,145.66512,true,false,true,1.561098E9
19725766377077,5,8,39.8,34.8,37.18223,48.354237,true,true,true,1.561098E9
19725766377077,5,6,30.0,25.0,30.446934,119.6433,true,true,true,1.561098E9
19725766377077,5,3,31.9,26.9,39.472725,128.12805,false,false,true,1.561098E9
19725766377077,5,2,37.4,32.4,54.25361,175.11227,true,false,true,1.561098E9
19725766377077,5,1,37.1,32.1,15.824988,103.63155,true,false,true,1.561098E9
19725766377077,6,2,40.0,35.0,62.250828,82.92751,true,true,true,1.57542E9
19725766377077,6,15,39.0,34.0,27.57418,209.54988,true,true,true,1.57542E9
19725766377077,6,18,43.8,38.8,64.119026,3.246301,true,false,true,1.57542E9
19725766377077,6,25,20.7,15.7,13.91123,117.40616,true,true,true,1.57542E9
19725766377077,6,27,17.3,12.3,4.5813794,309.61627,false,false,true,1.57542E9
19725766377077,6,30,42.8,37.8,49.2451,329.32602,true,true,true,1.57542E9
19725766377077,6,34,35.4,30.4,79.044205,171.68158,true,true,true,1.57542E9
19725766377077,6,36,42.6,37.6,41.946278,41.75669,true,true,true,1.57542E9
19725766377077,1,6,31.6,26.6,71.82889,33.8546,true,true,true,1.17645E9
19725766377077,1,11,32.6,27.6,67.20751,221.2712,true,true,true,1.17645E9
19725766377077,1,14,20.6,15.6,20.761066,126.17851,true,true,true,1.17645E9
19725766377077,1,21,29.6,24.6,17.518345,166.57326,true,true,true,1.17645E9
19725766377077,1,24,30.0,25.0,37.151264,261.3042,true,true,true,1.17645E9
19725766377077,4,194,31.8,26.8,23.604813,97.0179,true,true,true,1.17645E9
19725766377077,4,195,37.1,32.1,32.21701,62.014374,true,true,true,1.17645E9
19725766377077,6,2,36.5,31.5,62.250828,82.92751,true,true,true,1.17645E9
19725766377077,6,15,28.4,23.4,27.57418,209.54988,true,true,true,1.17645E9
19725766377077,6,18,34.4,29.4,64.119026,3.246301,true,false,true,1.17645E9
19725766377077,6,30,27.5,22.5,49.2451,329.32602,true,true,true,1.17645E9
19725766377077,6,34,19.5,14.5,79.044205,171.68158,true,true,true,1.17645E9
19725766377077,6,36,30.9,25.9,41.946278,41.75669,true,true,true,1.17645E9
19725766377077,5,23,28.5,23.5,76.25328,225.64455,true,true,true,1.17645E9
19725766377077,5,25,14.6,9.6,35.08738,157.25748,false,true,true,1.17645E9
19725766377077,5,28,22.6,17.6,49.608406,267.31122,true,true,true,1.17645E9
19725766377077,5,37,40.9,35.9,34.58737,313.9813,true,true,true,1.17645E9
19725766377077,5,38,35.6,30.6,57.88874,19.09498,true,true,true,1.17645E9
19725766377077,5,42,16.7,11.7,5.4120073,96.42543,false,false,true,1.17645E9
19725766377077,5,23,40.3,35.3,76.25328,225.64455,true,true,true,1.57542E9
19725766377077,5,25,35.8,30.8,35.08738,157.25748,true,true,true,1.57542E9
19725766377077,5,27,18.6,13.6,10.455829,246.15868,false,true,true,1.57542E9
19725766377077,5,28,23.9,18.9,49.608406,267.31122,false,true,true,1.57542E9
19725766377077,5,34,18.0,13.0,7.5157013,53.7543,true,true,true,1.57542E9
19725766377077,5,37,44.0,39.0,34.58737,313.9813,true,true,true,1.57542E9
19725766377077,5,38,44.5,39.5,57.88874,19.09498,true,true,true,1.57542E9
19725766377077,5,42,29.7,24.7,5.4120073,96.42543,true,false,true,1.57542E9
19726767456712,1,6,34.0,29.0,71.82889,33.8546,true,true,true,1.57542E9
19726767456712,1,11,29.0,24.0,67.20751,221.2712,true,true,true,1.57542E9
19726767456712,1,12,43.4,38.4,24.911688,318.29565,true,false,true,1.57542E9
19726767456712,1,13,25.7,20.7,0.0,0.0,false,false,false,1.57542E9
19726767456712,1,14,26.9,21.9,20.761066,126.17851,true,true,true,1.57542E9
19726767456712,1,17,34.5,29.5,24.384571,61.234203,true,true,true,1.57542E9
19726767456712,1,19,33.3,28.3,49.370075,29.61656,true,true,true,1.57542E9
19726767456712,1,21,40.4,35.4,17.518345,166.57326,true,true,true,1.57542E9
19726767456712,1,22,30.6,25.6,40.924557,115.49065,true,true,true,1.57542E9
19726767456712,1,24,36.5,31.5,37.151264,261.3042,true,true,true,1.57542E9
19726767456712,4,194,38.3,33.3,23.604813,97.0179,true,true,true,1.57542E9
19726767456712,4,195,45.0,40.0,32.21701,62.014374,true,true,true,1.57542E9
19726767456712,2,134,38.0,33.0,0.0,0.0,false,false,false,1.57542E9
19726767456712,3,9,34.6,29.6,82.00473,147.53528,false,false,true,1.600875E9
19726767456712,3,16,34.1,29.1,23.731276,147.23816,true,true,true,1.6014374E9
19726767456712,3,20,30.7,25.7,62.37141,278.36404,false,false,true,1.603125E9
19726767456712,3,19,43.3,38.3,41.452652,19.580093,true,true,true,1.6036876E9
19726767456712,3,21,27.9,22.9,24.81651,238.7768,true,true,true,1.60425E9
19726767456712,5,42,29.5,24.5,5.4120073,96.42543,true,false,true,1.561098E9
19726767456712,5,38,44.9,39.9,57.88874,19.09498,true,true,true,1.561098E9
19726767456712,5,37,44.7,39.7,34.58737,313.9813,true,true,true,1.561098E9
19726767456712,5,28,32.2,27.2,49.608406,267.31122,false,true,true,1.561098E9
19726767456712,5,25,26.3,21.3,35.08738,157.25748,true,true,true,1.561098E9
19726767456712,5,23,41.9,36.9,76.25328,225.64455,true,true,true,1.561098E9
19726767456712,5,13,45.2,40.2,68.27135,320.29843,true,true,true,1.561098E9
19726767456712,5,10,35.4,30.4,15.663169,162.58145,true,false,true,1.561098E9
19726767456712,5,9,25.4,20.4,22.402777,145.66512,true,false,true,1.561098E9
19726767456712,5,8,41.3,36.3,37.18223,48.354237,true,true,true,1.561098E9
19726767456712,5,6,26.7,21.7,30.446934,119.6433,true,true,true,1.561098E9
19726767456712,5,3,28.5,23.5,39.472725,128.12805,false,false,true,1.561098E9
19726767456712,5,2,35.5,30.5,54.25361,175.11227,true,false,true,1.561098E9
19726767456712,5,1,36.4,31.4,15.824988,103.63155,true,false,true,1.561098E9
19726767456712,6,2,39.8,34.8,62.250828,82.92751,true,true,true,1.57542E9
19726767456712,6,7,13.3,8.3,2.1111386,266.88702,false,true,true,1.57542E9
19726767456712,6,15,38.4,33.4,27.57418,209.54988,true,true,true,1.57542E9
19726767456712,6,18,43.2,38.2,64.119026,3.246301,true,false,true,1.57542E9
19726767456712,6,25,20.7,15.7,13.91123,117.40616,true,true,true,1.57542E9
19726767456712,6,27,17.3,12.3,4.5813794,309.61627,false,false,true,1.57542E9
19726767456712,6,30,43.4,38.4,49.2451,329.32602,true,true,true,1.57542E9
19726767456712,6,34,34.3,29.3,79.044205,171.68158,true,true,true,1.57542E9
19726767456712,6,36,44.2,39.2,41.946278,41.75669,true,true,true,1.57542E9
19726767456712,1,6,31.6,26.6,71.82889,33.8546,true,true,true,1.17645E9
19726767456712,1,11,31.9,26.9,67.20751,221.2712,true,true,true,1.17645E9
19726767456712,1,14,18.5,13.5,20.761066,126.17851,true,true,true,1.17645E9
19726767456712,1,21,25.7,20.7,17.518345,166.57326,true,true,true,1.17645E9
19726767456712,1,24,29.8,24.8,37.151264,261.3042,true,true,true,1.17645E9
19726767456712,4,194,31.5,26.5,23.604813,97.0179,true,true,true,1.17645E9
19726767456712,4,195,37.7,32.7,32.21701,62.014374,true,true,true,1.17645E9
19726767456712,6,2,36.2,31.2,62.250828,82.92751,true,true,true,1.17645E9
19726767456712,6,15,28.2,23.2,27.57418,209.54988,true,true,true,1.17645E9
19726767456712,6,18,32.9,27.9,64.119026,3.246301,true,false,true,1.17645E9
19726767456712,6,30,25.8,20.8,49.2451,329.32602,true,true,true,1.17645E9
19726767456712,6,34,19.5,14.5,79.044205,171.68158,false,true,true,1.17645E9
19726767456712,6,36,32.0,27.0,41.946278,41.75669,true,true,true,1.17645E9
19726767456712,5,23,26.6,21.6,76.25328,225.64455,true,true,true,1.17645E9
19726767456712,5,25,21.0,16.0,35.08738,157.25748,false,true,true,1.17645E9
19726767456712,5,28,23.1,18.1,49.608406,267.31122,true,true,true,1.17645E9
19726767456712,5,37,42.1,37.1,34.58737,313.9813,true,true,true,1.17645E9
19726767456712,5,38,34.6,29.6,57.88874,19.09498,true,true,true,1.17645E9
19726767456712,5,42,16.7,11.7,5.4120073,96.42543,false,false,true,1.17645E9
19726767456712,5,23,38.9,33.9,76.25328,225.64455,true,true,true,1.57542E9
19726767456712,5,25,31.9,26.9,35.08738,157.25748,true,true,true,1.57542E9
19726767456712,5,27,21.2,16.2,10.455829,246.15868,false,true,true,1.57542E9
19726767456712,5,28,23.6,18.6,49.608406,267.31122,false,true,true,1.57542E9
19726767456712,5,34,18.8,13.8,7.5157013,53.7543,true,true,true,1.57542E9
19726767456712,5,37,42.7,37.7,34.58737,313.9813,true,true,true,1.57542E9
19726767456712,5,38,44.6,39.6,57.88874,19.09498,true,true,true,1.57542E9
19726767456712,5,42,29.0,24.0,5.4120073,96.42543,true,false,true,1.57542E9
19727769799941,1,6,34.7,29.7,71.82889,33.8546,true,true,true,1.57542E9
19727769799941,1,11,31.6,26.6,67.20751,221.2712,true,true,true,1.57542E9
19727769799941,1,12,46.9,41.9,24.911688,318.29565,true,false,true,1.57542E9
19727769799941,1,13,38.3,33.3,0.0,0.0,false,false,false,1.57542E9
19727769799941,1,17,35.2,30.2,24.384571,61.234203,true,true,true,1.57542E9
19727769799941,1,19,33.5,28.5,49.370075,29.61656,true,true,true,1.57542E9
19727769799941,1,21,39.7,34.7,17.518345,166.57326,true,true,true,1.57542E9
19727769799941,1,22,27.8,22.8,40.924557,115.49065,true,true,true,1.57542E9
19727769799941,1,24,35.1,30.1,37.151264,261.3042,true,true,true,1.57542E9
19727769799941,4,194,39.1,34.1,23.604813,97.0179,true,true,true,1.57542E9
19727769799941,4,195,44.0,39.0,32.21701,62.014374,true,true,true,1.57542E9
19727769799941,2,134,37.8,32.8,0.0,0.0,false,false,false,1.57542E9
19727769799941,3,9,37.5,32.5,82.00473,147.53528,false,false,true,1.600875E9
19727769799941,3,16,30.8,25.8,23.731276,147.23816,true,true,true,1.6014374E9
19727769799941,3,20,34.3,29.3,62.37141,278.36404,false,false,true,1.603125E9
19727769799941,3,19,44.0,39.0,41.452652,19.580093,true,true,true,1.6036876E9
19727769799941,3,21,29.9,24.9,24.81651,238.7768,true,true,true,1.60425E9
19727769799941,5,42,31.8,26.8,5.4120073,96.42543,true,false,true,1.561098E9
19727769799941,5,38,44.3,39.3,57.88874,19.09498,true,true,true,1.561098E9
19727769799941,5,37,44.4,39.4,34.58737,313.9813,true,true,true,1.561098E9
19727769799941,5,28,29.2,24.2,49.608406,267.31122,true,true,true,1.561098E9
19727769799941,5,27,28.8,23.8,10.455829,246.15868,true,true,true,1.561098E9
19727769799941,5,25,35.3,30.3,35.08738,157.25748,true,true,true,1.561098E9
19727769799941,5,23,43.2,38.2,76.25328,225.64455,true,true,true,1.561098E9
19727769799941,5,13,42.6,37.6,68.27135,320.29843,true,true,true,1.561098E9
19727769799941,5,10,36.4,31.4,15.663169,162.58145,true,false,true,1.561098E9
19727769799941,5,9,25.4,20.4,22.402777,145.66512,true,false,true,1.561098E9
19727769799941,5,8,39.2,34.2,37.18223,48.354237,true,true,true,1.561098E9
19727769799941,5,6,27.4,22.4,30.446934,119.6433,true,true,true,1.561098E9
19727769799941,5,3,28.5,23.5,39.472725,128.12805,false,false,true,1.561098E9
19727769799941,5,2,34.1,29.1,54.25361,175.11227,true,false,true,1.561098E9
19727769799941,5,1,33.3,28.3,15.824988,103.63155,true,false,true,1.561098E9
19727769799941,6,2,41.7,36.7,62.250828,82.92751,true,true,true,1.57542E9
19727769799941,6,7,13.3,8.3,2.1111386,266.88702,false,true,true,1.57542E9
19727769799941,6,15,37.0,32.0,27.57418,209.54988,true,true,true,1.57542E9
19727769799941,6,18,41.2,36.2,64.119026,3.246301,true,false,true,1.57542E9
19727769799941,6,25,24.1,19.1,13.91123,117.40616,true,true,true,1.57542E9
19727769799941,6,27,17.3,12.3,4.5813794,309.61627,false,false,true,1.57542E9
19727769799941,6,30,42.9,37.9,49.2451,329.32602,true,true,true,1.57542E9
19727769799941,6,34,35.1,30.1,79.044205,171.68158,true,true,true,1.57542E9
19727769799941,6,36,43.9,38.9,41.946278,41.75669,true,true,true,1.57542E9
19727769799941,1,6,32.0,27.0,71.82889,33.8546,true,true,true,1.17645E9
19727769799941,1,11,32.5,27.5,67.20751,221.2712,true,true,true,1.17645E9
19727769799941,1,14,21.5,16.5,20.761066,126.17851,true,true,true,1.17645E9
19727769799941,1,21,25.0,20.0,17.518345,166.57326,true,true,true,1.17645E9
19727769799941,1,24,29.8,24.8,37.151264,261.3042,true,true,true,1.17645E9
19727769799941,4,194,31.1,26.1,23.604813,97.0179,true,true,true,1.17645E9
19727769799941,4,195,35.8,30.8,32.21701,62.014374,true,true,true,1.17645E9
19727769799941,6,2,36.2,31.2,62.250828,82.92751,true,true,true,1.17645E9
19727769799941,6,15,27.1,22.1,27.57418,209.54988,true,true,true,1.17645E9
19727769799941,6,18,33.8,28.8,64.119026,3.246301,true,false,true,1.17645E9
19727769799941,6,30,26.8,21.8,49.2451,329.32602,true,true,true,1.17645E9
19727769799941,6,34,20.0,15.0,79.044205,171.68158,false,true,true,1.17645E9
19727769799941,6,36,31.1,26.1,41.946278,41.75669,true,true,true,1.17645E9
19727769799941,5,23,26.0,21.0,76.25328,225.64455,true,true,true,1.17645E9
19727769799941,5,25,21.3,16.3,35.08738,157.25748,false,true,true,1.17645E9
19727769799941,5,28,20.7,15.7,49.608406,267.31122,true,true,true,1.17645E9
19727769799941,5,37,42.6,37.6,34.58737,313.9813,true,true,true,1.17645E9
19727769799941,5,38,33.9,28.9,57.88874,19.09498,true,true,true,1.17645E9
19727769799941,5,42,16.7,11.7,5.4120073,96.42543,false,false,true,1.17645E9
19727769799941,5,23,40.5,35.5,76.25328,225.64455,true,true,true,1.57542E9
19727769799941,5,25,34.0,29.0,35.08738,157.25748,true,true,true,1.57542E9
19727769799941,5,27,21.2,16.2,10.455829,246.15868,false,true,true,1.57542E9
19727769799941,5,28,29.0,24.0,49.608406,267.31122,false,true,true,1.57542E9
19727769799941,5,34,18.8,13.8,7.5157013,53.7543,true,true,true,1.57542E9
19727769799941,5,37,44.6,39.6,34.58737,313.9813,true,true,true,1.57542E9
19727769799941,5,38,42.2,37.2,57.88874,19.09498,true,true,true,1.57542E9
19727769799941,5,42,30.6,25.6,5.4120073,96.42543,true,false,true,1.57542E9
19728768597284,1,6,40.1,35.1,71.82889,33.8546,true,true,true,1.57542E9
19728768597284,1,11,34.6,29.6,67.20751,221.2712,true,true,true,1.57542E9
19728768597284,1,12,46.4,41.4,24.911688,318.29565,true,false,true,1.57542E9
19728768597284,1,13,41.9,36.9,0.0,0.0,false,false,false,1.57542E9
19728768597284,1,14,28.0,23.0,20.761066,126.17851,true,true,true,1.57542E9
19728768597284,1,17,34.2,29.2,24.384571,61.234203,true,true,true,1.57542E9
19728768597284,1,19,36.4,31.4,49.370075,29.61656,true,true,true,1.57542E9
19728768597284,1,21,37.7,32.7,17.518345,166.57326,true,true,true,1.57542E9
19728768597284,1,22,37.5,32.5,40.924557,115.49065,true,true,true,1.57542E9
19728768597284,1,24,31.2,26.2,37.151264,261.3042,true,true,true,1.57542E9
19728768597284,4,194,37.2,32.2,23.604813,97.0179,true,true,true,1.57542E9
19728768597284,4,195,43.9,38.9,32.21701,62.014374,true,true,true,1.57542E9
19728768597284,2,134,32.9,27.9,0.0,0.0,false,false,false,1.57542E9
19728768597284,3,9,39.1,34.1,82.00473,147.53528,false,false,true,1.600875E9
19728768597284,3,16,27.7,22.7,23.731276,147.23816,true,true,true,1.6014374E9
19728768597284,3,20,37.2,32.2,62.37141,278.36404,false,false,true,1.603125E9
19728768597284,3,19,43.4,38.4,41.452652,19.580093,true,true,true,1.6036876E9
19728768597284,3,21,29.5,24.5,24.81651,238.7768,true,true,true,1.60425E9
19728768597284,5,42,34.4,29.4,5.4120073,96.42543,true,false,true,1.561098E9
19728768597284,5,38,44.5,39.5,57.88874,19.09498,true,true,true,1.561098E9
19728768597284,5,37,44.1,39.1,34.58737,313.9813,true,true,true,1.561098E9
19728768597284,5,28,33.6,28.6,49.608406,267.31122,true,true,true,1.561098E9
19728768597284,5,27,28.8,23.8,10.455829,246.15868,true,true,true,1.561098E9
19728768597284,5,25,31.5,26.5,35.08738,157.25748,true,true,true,1.561098E9
19728768597284,5,23,40.7,35.7,76.25328,225.64455,true,true,true,1.561098E9
19728768597284,5,14,20.5,15.5,2.695912,75.00786,false,false,true,1.561098E9
19728768597284,5,13,42.8,37.8,68.27135,320.29843,true,true,true,1.561098E9
19728768597284,5,10,30.1,25.1,15.663169,162.58145,true,false,true,1.561098E9
19728768597284,5,9,24.5,19.5,22.402777,145.66512,true,false,true,1.561098E9
19728768597284,5,8,36.3,31.3,37.18223,48.354237,true,true,true,1.561098E9
19728768597284,5,6,30.3,25.3,30.446934,119.6433,true,true,true,1.561098E9
19728768597284,5,3,28.5,23.5,39.472725,128.12805,false,false,true,1.561098E9
19728768597284,5,2,32.7,27.7,54.25361,175.11227,true,false,true,1.561098E9
19728768597284,5,1,33.3,28.3,15.824988,103.63155,true,false,true,1.561098E9
19728768597284,6,2,37.9,32.9,62.250828,82.92751,true,true,true,1.57542E9
19728768597284,6,7,13.3,8.3,2.1111386,266.88702,false,true,true,1.57542E9
19728768597284,6,15,35.7,30.7,27.57418,209.54988,true,true,true,1.57542E9
19728768597284,6,18,42.7,37.7,64.119026,3.246301,true,false,true,1.57542E9
19728768597284,6,25,24.1,19.1,13.91123,117.40616,true,true,true,1.57542E9
19728768597284,6,27,17.3,12.3,4.5813794,309.61627,false,false,true,1.57542E9
19728768597284,6,30,41.9,36.9,49.2451,329.32602,true,true,true,1.57542E9
19728768597284,6,34,35.9,30.9,79.044205,171.68158,true,true,true,1.57542E9
19728768597284,6,36,42.1,37.1,41.946278,41.75669,true,true,true,1.57542E9
19728768597284,1,6,28.6,23.6,71.82889,33.8546,true,true,true,1.17645E9
19728768597284,1,11,30.1,25.1,67.20751,221.2712,true,true,true,1.17645E9
19728768597284,1,14,21.5,16.5,20.761066,126.17851,true,true,true,1.17645E9
19728768597284,1,21,27.7,22.7,17.518345,166.57326,true,true,true,1.17645E9
19728768597284,1,24,26.1,21.1,37.151264,261.3042,true,true,true,1.17645E9
19728768597284,4,194,32.3,27.3,23.604813,97.0179,true,true,true,1.17645E9
19728768597284,4,195,33.4,28.4,32.21701,62.014374,true,true,true,1.17645E9
19728768597284,6,2,34.1,29.1,62.250828,82.92751,true,true,true,1.17645E9
19728768597284,6,15,28.0,23.0,27.57418,209.54988,true,true,true,1.17645E9
19728768597284,6,18,31.9,26.9,64.119026,3.246301,true,false,true,1.17645E9
19728768597284,6,30,26.0,21.0,49.2451,329.32602,true,true,true,1.17645E9
19728768597284,6,34,22.0,17.0,79.044205,171.68158,true,true,true,1.17645E9
19728768597284,6,36,31.3,26.3,41.946278,41.75669,true,true,true,1.17645E9
19728768597284,5,23,28.2,23.2,76.25328,225.64455,true,true,true,1.17645E9
19728768597284,5,25,22.3,17.3,35.08738,157.25748,true,true,true,1.17645E9
19728768597284,5,28,20.7,15.7,49.608406,267.31122,true,true,true,1.17645E9
19728768597284,5,37,40.5,35.5,34.58737,313.9813,true,true,true,1.17645E9
19728768597284,5,38,31.2,26.2,57.88874,19.09498,true,true,true,1.17645E9
19728768597284,5,42,18.7,13.7,5.4120073,96.42543,false,false,true,1.17645E9
19728768597284,5,23,38.4,33.4,76.25328,225.64455,true,true,true,1.57542E9
19728768597284,5,25,27.6,22.6,35.08738,157.25748,true,true,true,1.57542E9
19728768597284,5,27,22.6,17.6,10.455829,246.15868,false,true,true,1.57542E9
19728768597284,5,28,31.5,26.5,49.608406,267.31122,false,true,true,1.57542E9
19728768597284,5,34,21.9,16.9,7.5157013,53.7543,true,true,true,1.57542E9
19728768597284,5,37,43.7,38.7,34.58737,313.9813,true,true,true,1.57542E9
19728768597284,5,38,42.4,37.4,57.88874,19.09498,true,true,true,1.57542E9
19728768597284,5,42,33.8,28.8,5.4120073,96.42543,true,false,true,1.57542E9
19729765634472,1,6,39.3,34.3,71.82889,33.8546,true,true,true,1.57542E9
19729765634472,1,11,33.7,28.7,67.20751,221.2712,true,true,true,1.57542E9
19729765634472,1,12,45.2,40.2,24.911688,318.29565,true,false,true,1.57542E9
19729765634472,1,13,38.0,33.0,0.0,0.0,false,false,false,1.57542E9
19729765634472,1,14,28.3,23.3,20.761066,126.17851,true,true,true,1.57542E9
19729765634472,1,17,31.5,26.5,24.384571,61.234203,true,true,true,1.57542E9
19729765634472,1,19,35.3,30.3,49.370075,29.61656,true,true,true,1.57542E9
19729765634472,1,21,35.9,30.9,17.518345,166.57326,true,true,true,1.57542E9
19729765634472,1,22,40.4,35.4,40.924557,115.49065,true,true,true,1.57542E9
19729765634472,1,24,31.5,26.5,37.151264,261.3042,true,true,true,1.57542E9
19729765634472,4,194,38.0,33.0,23.604813,97.0179,true,true,true,1.57542E9
19729765634472,4,195,45.1,40.1,32.21701,62.014374,true,true,true,1.57542E9
19729765634472,2,134,33.9,28.9,0.0,0.0,false,false,false,1.57542E9
19729765634472,3,9,40.1,35.1,82.00473,147.53528,false,false,true,1.600875E9
19729765634472,3,16,29.3,24.3,23.731276,147.23816,true,true,true,1.6014374E9
19729765634472,3,20,42.9,37.9,62.37141,278.36404,false,false,true,1.603125E9
19729765634472,3,19,43.3,38.3,41.452652,19.580093,true,true,true,1.6036876E9
19729765634472,3,21,32.7,27.7,24.81651,238.7768,true,true,true,1.60425E9
19729765634472,5,42,30.9,25.9,5.4120073,96.42543,true,false,true,1.561098E9
19729765634472,5,38,45.6,40.6,57.88874,19.09498,true,true,true,1.561098E9
19729765634472,5,37,39.8,34.8,34.58737,313.9813,true,true,true,1.561098E9
19729765634472,5,28,36.2,31.2,49.608406,267.31122,true,true,true,1.561098E9
19729765634472,5,27,28.8,23.8,10.455829,246.15868,true,true,true,1.561098E9
19729765634472,5,25,32.5,27.5,35.08738,157.25748,true,true,true,1.561098E9
19729765634472,5,23,39.3,34.3,76.25328,225.64455,true,true,true,1.561098E9
19729765634472,5,13,41.8,36.8,68.27135,320.29843,true,true,true,1.561098E9
19729765634472,5,10,27.4,22.4,15.663169,162.58145,true,false,true,1.561098E9
19729765634472,5,9,25.0,20.0,22.402777,145.66512,true,false,true,1.561098E9
19729765634472,5,8,34.8,29.8,37.18223,48.354237,true,true,true,1.561098E9
19729765634472,5,6,39.9,34.9,30.446934,119.6433,true,true,true,1.561098E9
19729765634472,5,3,30.2,25.2,39.472725,128.12805,false,false,true,1.561098E9
19729765634472,5,2,34.3,29.3,54.25361,175.11227,true,false,true,1.561098E9
19729765634472,5,1,33.3,28.3,15.824988,103.63155,true,false,true,1.561098E9
19729765634472,6,2,42.4,37.4,62.250828,82.92751,true,true,true,1.57542E9
19729765634472,6,7,13.3,8.3,2.1111386,266.88702,false,true,true,1.57542E9
19729765634472,6,15,34.1,29.1,27.57418,209.54988,true,true,true,1.57542E9
19729765634472,6,18,43.0,38.0,64.119026,3.246301,true,false,true,1.57542E9
19729765634472,6,25,24.4,19.4,13.91123,117.40616,true,true,true,1.57542E9
19729765634472,6,27,17.3,12.3,4.5813794,309.61627,false,false,true,1.57542E9
19729765634472,6,30,40.6,35.6,49.2451,329.32602,true,true,true,1.57542E9
19729765634472,6,34,36.3,31.3,79.044205,171.68158,true,true,true,1.57542E9
19729765634472,6,36,40.4,35.4,41.946278,41.75669,true,true,true,1.57542E9
19729765634472,1,6,27.4,22.4,71.82889,33.8546,true,true,true,1.17645E9
19729765634472,1,11,29.0,24.0,67.20751,221.2712,true,true,true,1.17645E9
19729765634472,1,14,21.5,16.5,20.761066,126.17851,true,true,true,1.17645E9
19729765634472,1,21,26.2,21.2,17.518345,166.57326,true,true,true,1.17645E9
19729765634472,1,24,27.5,22.5,37.151264,261.3042,true,true,true,1.17645E9
19729765634472,4,194,32.1,27.1,23.604813,97.0179,true,true,true,1.17645E9
19729765634472,4,195,32.3,27.3,32.21701,62.014374,true,true,true,1.17645E9
19729765634472,6,2,35.0,30.0,62.250828,82.92751,true,true,true,1.17645E9
19729765634472,6,15,27.0,22.0,27.57418,209.54988,true,true,true,1.17645E9
19729765634472,6,18,31.2,26.2,64.119026,3.246301,true,false,true,1.17645E9
19729765634472,6,25,21.6,16.6,13.91123,117.40616,false,true,true,1.17645E9
19729765634472,6,30,23.4,18.4,49.2451,329.32602,true,true,true,1.17645E9
19729765634472,6,34,23.7,18.7,79.044205,171.68158,true,true,true,1.17645E9
19729765634472,6,36,31.5,26.5,41.946278,41.75669,true,true,true,1.17645E9
19729765634472,5,23,28.8,23.8,76.25328,225.64455,true,true,true,1.17645E9
19729765634472,5,25,22.9,17.9,35.08738,157.25748,true,true,true,1.17645E9
19729765634472,5,28,20.5,15.5,49.608406,267.31122,true,true,true,1.17645E9
19729765634472,5,37,37.7,32.7,34.58737,313.9813,true,true,true,1.17645E9
19729765634472,5,38,30.7,25.7,57.88874,19.09498,true,true,true,1.17645E9
19729765634472,5,42,18.7,13.7,5.4120073,96.42543,false,false,true,1.17645E9
19729765634472,5,23,37.8,32.8,76.25328,225.64455,true,true,true,1.57542E9
19729765634472,5,25,28.6,23.6,35.08738,157.25748,true,true,true,1.57542E9
19729765634472,5,27,24.9,19.9,10.455829,246.15868,false,true,true,1.57542E9
19729765634472,5,28,33.1,28.1,49.608406,267.31122,false,true,true,1.57542E9
19729765634472,5,34,21.5,16.5,7.5157013,53.7543,true,true,true,1.57542E9
19729765634472,5,37,38.5,33.5,34.58737,313.9813,true,true,true,1.57542E9
19729765634472,5,38,44.2,39.2,57.88874,19.09498,true,true,true,1.57542E9
19729765634472,5,42,29.5,24.5,5.4120073,96.42543,true,false,true,1.57542E9
19730770450357,1,6,36.1,31.1,71.82889,33.8546,true,true,true,1.57542E9
19730770450357,1,11,30.3,25.3,67.20751,221.2712,true,true,true,1.57542E9
19730770450357,1,12,44.1,39.1,24.911688,318.29565,true,false,true,1.57542E9
19730770450357,1,13,37.3,32.3,0.0,0.0,false,false,false,1.57542E9
19730770450357,1,14,36.2,31.2,20.761066,126.17851,true,true,true,1.57542E9
19730770450357,1,17,32.4,27.4,24.384571,61.234203,true,true,true,1.57542E9
19730770450357,1,19,35.6,30.6,49.370075,29.61656,true,true,true,1.57542E9
19730770450357,1,21,31.3,26.3,17.518345,166.57326,true,true,true,1.57542E9
19730770450357,1,22,38.6,33.6,40.924557,115.49065,true,true,true,1.57542E9
19730770450357,1,24,32.8,27.8,37.151264,261.3042,true,true,true,1.57542E9
19730770450357,4,194,42.0,37.0,23.604813,97.0179,true,true,true,1.57542E9
19730770450357,4,195,42.4,37.4,32.21701,62.014374,true,true,true,1.57542E9
19730770450357,2,134,37.3,32.3,0.0,0.0,false,false,false,1.57542E9
19730770450357,3,9,36.5,31.5,82.00473,147.53528,false,false,true,1.600875E9
19730770450357,3,16,27.7,22.7,23.731276,147.23816,true,true,true,1.6014374E9
19730770450357,3,20,42.5,37.5,62.37141,278.36404,false,false,true,1.603125E9
19730770450357,3,19,39.3,34.3,41.452652,19.580093,true,true,true,1.6036876E9
19730770450357,3,21,31.8,26.8,24.81651,238.7768,true,true,true,1.60425E9
19730770450357,5,42,30.9,25.9,5.4120073,96.42543,true,false,true,1.561098E9
19730770450357,5,38,40.8,35.8,57.88874,19.09498,true,true,true,1.561098E9
19730770450357,5,37,43.2,38.2,34.58737,313.9813,true,true,true,1.561098E9
19730770450357,5,34,25.2,20.2,7.5157013,53.7543,true,true,true,1.561098E9
19730770450357,5,28,38.9,33.9,49.608406,267.31122,true,true,true,1.561098E9
19730770450357,5,27,26.9,21.9,10.455829,246.15868,true,true,true,1.561098E9
19730770450357,5,25,30.5,25.5,35.08738,157.25748,true,true,true,1.561098E9
19730770450357,5,23,37.3,32.3,76.25328,225.64455,true,true,true,1.561098E9
19730770450357,5,13,44.1,39.1,68.27135,320.29843,true,true,true,1.561098E9
19730770450357,5,10,30.2,25.2,15.663169,162.58145,true,false,true,1.561098E9
19730770450357,5,9,27.2,22.2,22.402777,145.66512,true,false,true,1.561098E9
19730770450357,5,8,34.4,29.4,37.18223,48.354237,true,true,true,1.561098E9
19730770450357,5,6,40.1,35.1,30.446934,119.6433,true,true,true,1.561098E9
19730770450357,5,3,36.7,31.7,39.472725,128.12805,false,false,true,1.561098E9
19730770450357,5,2,36.2,31.2,54.25361,175.11227,true,false,true,1.561098E9
19730770450357,5,1,27.7,22.7,15.824988,103.63155,true,false,true,1.561098E9
19730770450357,6,2,40.2,35.2,62.250828,82.92751,true,true,true,1.57542E9
19730770450357,6,7,19.7,14.7,2.1111386,266.88702,false,true,true,1.57542E9
19730770450357,6,15,34.8,29.8,27.57418,209.54988,true,true,true,1.57542E9
19730770450357,6,18,42.5,37.5,64.119026,3.246301,true,false,true,1.57542E9
19730770450357,6,25,34.3,29.3,13.91123,117.40616,true,true,true,1.57542E9
19730770450357,6,27,17.3,12.3,4.5813794,309.61627,false,false,true,1.57542E9
19730770450357,6,30,44.4,39.4,49.2451,329.32602,true,true,true,1.57542E9
19730770450357,6,34,34.8,29.8,79.044205,171.68158,true,true,true,1.57542E9
19730770450357,6,36,42.6,37.6,41.946278,41.75669,true,true,true,1.57542E9
19730770450357,1,6,22.8,17.8,71.82889,33.8546,true,true,true,1.17645E9
19730770450357,1,11,30.0,25.0,67.20751,221.2712,true,true,true,1.17645E9
19730770450357,1,14,21.6,16.6,20.761066,126.17851,true,true,true,1.17645E9
19730770450357,1,21,26.2,21.2,17.518345,166.57326,true,true,true,1.17645E9
19730770450357,1,24,31.3,26.3,37.151264,261.3042,true,true,true,1.17645E9
19730770450357,4,194,33.6,28.6,23.604813,97.0179,true,true,true,1.17645E9
19730770450357,4,195,30.5,25.5,32.21701,62.014374,true,true,true,1.17645E9
19730770450357,6,2,35.0,30.0,62.250828,82.92751,true,true,true,1.17645E9
19730770450357,6,15,22.4,17.4,27.57418,209.54988,true,true,true,1.17645E9
19730770450357,6,18,31.5,26.5,64.119026,3.246301,true,false,true,1.17645E9
19730770450357,6,25,29.3,24.3,13.91123,117.40616,true,true,true,1.17645E9
19730770450357,6,30,30.4,25.4,49.2451,329.32602,true,true,true,1.17645E9
19730770450357,6,34,23.7,18.7,79.044205,171.68158,true,true,true,1.17645E9
19730770450357,6,36,29.6,24.6,41.946278,41.75669,true,true,true,1.17645E9
19730770450357,5,23,25.2,20.2,76.25328,225.64455,true,true,true,1.17645E9
19730770450357,5,25,22.9,17.9,35.08738,157.25748,true,true,true,1.17645E9
19730770450357,5,28,25.7,20.7,49.608406,267.31122,true,true,true,1.17645E9
19730770450357,5,37,40.3,35.3,34.58737,313.9813,true,true,true,1.17645E9
19730770450357,5,38,33.6,28.6,57.88874,19.09498,true,true,true,1.17645E9
19730770450357,5,42,18.8,13.8,5.4120073,96.42543,false,false,true,1.17645E9
19730770450357,5,23,33.9,28.9,76.25328,225.64455,true,true,true,1.57542E9
19730770450357,5,25,29.2,24.2,35.08738,157.25748,true,true,true,1.57542E9
19730770450357,5,27,24.5,19.5,10.455829,246.15868,false,true,true,1.57542E9
19730770450357,5,28,37.4,32.4,49.608406,267.31122,true,true,true,1.57542E9
19730770450357,5,34,22.2,17.2,7.5157013,53.7543,true,true,true,1.57542E9
19730770450357,5,37,42.7,37.7,34.58737,313.9813,true,true,true,1.57542E9
19730770450357,5,38,40.5,35.5,57.88874,19.09498,true,true,true,1.57542E9
19730770450357,5,42,31.9,26.9,5.4120073,96.42543,true,false,true,1.57542E9
19731768921762,1,6,38.8,33.8,71.82889,33.8546,true,true,true,1.57542E9
19731768921762,1,11,28.0,23.0,67.20751,221.2712,true,true,true,1.57542E9
19731768921762,1,12,42.5,37.5,24.911688,318.29565,true,false,true,1.57542E9
19731768921762,1,13,34.3,29.3,0.0,0.0,false,false,false,1.57542E9
19731768921762,1,14,43.2,38.2,20.761066,126.17851,true,true,true,1.57542E9
19731768921762,1,17,28.6,23.6,24.384571,61.234203,true,true,true,1.57542E9
19731768921762,1,19,40.2,35.2,49.370075,29.61656,true,true,true,1.57542E9
19731768921762,1,21,26.7,21.7,17.518345,166.57326,true,true,true,1.57542E9
19731768921762,1,22,40.9,35.9,40.924557,115.49065,true,true,true,1.57542E9
19731768921762,1,24,38.8,33.8,37.151264,261.3042,true,true,true,1.57542E9
19731768921762,4,194,44.0,39.0,23.604813,97.0179,true,true,true,1.57542E9
19731768921762,4,195,41.4,36.4,32.21701,62.014374,true,true,true,1.57542E9
19731768921762,2,134,36.5,31.5,0.0,0.0,false,false,false,1.57542E9
19731768921762,3,9,38.2,33.2,82.00473,147.53528,false,false,true,1.600875E9
19731768921762,3,16,31.6,26.6,23.731276,147.23816,true,true,true,1.6014374E9
19731768921762,3,20,41.9,36.9,62.37141,278.36404,false,false,true,1.603125E9
19731768921762,3,19,35.1,30.1,41.452652,19.580093,true,true,true,1.6036876E9
19731768921762,3,21,28.7,23.7,24.81651,238.7768,true,true,true,1.60425E9
19731768921762,5,42,33.6,28.6,5.4120073,96.42543,true,false,true,1.561098E9
19731768921762,5,38,40.1,35.1,57.88874,19.09498,true,true,true,1.561098E9
19731768921762,5,37,38.3,33.3,34.58737,313.9813,true,true,true,1.561098E9
19731768921762,5,34,26.0,21.0,7.5157013,53.7543,true,true,true,1.561098E9
19731768921762,5,28,40.3,35.3,49.608406,267.31122,true,true,true,1.561098E9
19731768921762,5,27,31.0,26.0,10.455829,246.15868,true,true,true,1.561098E9
19731768921762,5,25,31.4,26.4,35.08738,157.25748,true,true,true,1.561098E9
19731768921762,5,23,40.0,35.0,76.25328,225.64455,true,true,true,1.561098E9
19731768921762,5,13,40.9,35.9,68.27135,320.29843,true,true,true,1.561098E9
19731768921762,5,10,26.5,21.5,15.663169,162.58145,true,false,true,1.561098E9
19731768921762,5,9,25.1,20.1,22.402777,145.66512,true,false,true,1.561098E9
19731768921762,5,8,37.5,32.5,37.18223,48.354237,true,true,true,1.561098E9
19731768921762,5,6,44.1,39.1,30.446934,119.6433,true,true,true,1.561098E9
19731768921762,5,3,41.1,36.1,39.472725,128.12805,false,false,true,1.561098E9
19731768921762,5,2,34.6,29.6,54.25361,175.11227,true,false,true,1.561098E9
19731768921762,5,1,27.7,22.7,15.824988,103.63155,true,false,true,1.561098E9
19731768921762,6,2,43.7,38.7,62.250828,82.92751,true,true,true,1.57542E9
19731768921762,6,7,19.7,14.7,2.1111386,266.88702,false,true,true,1.57542E9
19731768921762,6,15,34.9,29.9,27.57418,209.54988,true,true,true,1.57542E9
19731768921762,6,18,42.9,37.9,64.119026,3.246301,true,false,true,1.57542E9
19731768921762,6,25,38.5,33.5,13.91123,117.40616,true,true,true,1.57542E9
19731768921762,6,27,17.3,12.3,4.5813794,309.61627,false,false,true,1.57542E9
19731768921762,6,30,39.5,34.5,49.2451,329.32602,true,true,true,1.57542E9
19731768921762,6,34,37.7,32.7,79.044205,171.68158,true,true,true,1.57542E9
19731768921762,6,36,39.9,34.9,41.840115,41.710533,true,true,true,1.57542E9
19731768921762,1,6,26.6,21.6,71.82889,33.8546,true,true,true,1.17645E9
19731768921762,1,11,32.2,27.2,67.20751,221.2712,true,true,true,1.17645E9
19731768921762,1,14,33.9,28.9,20.761066,126.17851,true,true,true,1.17645E9
19731768921762,1,21,19.4,14.4,17.518345,166.57326,true,true,true,1.17645E9
19731768921762,1,24,39.4,34.4,37.151264,261.3042,true,true,true,1.17645E9
19731768921762,4,194,34.0,29.0,23.604813,97.0179,true,true,true,1.17645E9
19731768921762,4,195,25.8,20.8,32.21701,62.014374,true,true,true,1.17645E9
19731768921762,6,2,33.5,28.5,62.250828,82.92751,true,true,true,1.17645E9
19731768921762,6,15,23.3,18.3,27.57418,209.54988,true,true,true,1.17645E9
19731768921762,6,18,32.1,27.1,64.119026,3.246301,true,false,true,1.17645E9
19731768921762,6,25,32.7,27.7,13.91123,117.40616,true,true,true,1.17645E9
19731768921762,6,30,32.4,27.4,49.2451,329.32602,true,true,true,1.17645E9
19731768921762,6,34,21.6,16.6,79.044205,171.68158,true,true,true,1.17645E9
19731768921762,6,36,30.5,25.5,41.840115,41.710533,true,true,true,1.17645E9
19731768921762,5,23,27.4,22.4,76.25328,225.64455,true,true,true,1.17645E9
19731768921762,5,25,24.3,19.3,35.08738,157.25748,true,true,true,1.17645E9
19731768921762,5,28,24.9,19.9,49.608406,267.31122,true,true,true,1.17645E9
19731768921762,5,34,13.6,8.6,7.5157013,53.7543,false,true,true,1.17645E9
19731768921762,5,37,36.9,31.9,34.58737,313.9813,true,true,true,1.17645E9
19731768921762,5,38,33.1,28.1,57.88874,19.09498,true,true,true,1.17645E9
19731768921762,5,42,27.0,22.0,5.4120073,96.42543,true,false,true,1.17645E9
19731768921762,5,23,38.2,33.2,76.25328,225.64455,true,true,true,1.57542E9
19731768921762,5,25,26.7,21.7,35.08738,157.25748,true,true,true,1.57542E9
19731768921762,5,27,24.5,19.5,10.455829,246.15868,false,true,true,1.57542E9
19731768921762,5,28,38.1,33.1,49.608406,267.31122,true,true,true,1.57542E9
19731768921762,5,34,24.7,19.7,7.5157013,53.7543,true,true,true,1.57542E9
19731768921762,5,37,37.9,32.9,34.58737,313.9813,true,true,true,1.57542E9
19731768921762,5,38,39.1,34.1,57.88874,19.09498,true,true,true,1.57542E9
19731768921762,5,42,32.1,27.1,5.4120073,96.42543,true,false,true,1.57542E9
19732768118637,1,6,38.3,33.3,71.82889,33.8546,true,true,true,1.57542E9
19732768118637,1,11,28.8,23.8,67.20751,221.2712,true,true,true,1.57542E9
19732768118637,1,12,43.6,38.6,24.911688,318.29565,true,false,true,1.57542E9
19732768118637,1,13,40.2,35.2,0.0,0.0,false,false,false,1.57542E9
19732768118637,1,14,43.1,38.1,20.761066,126.17851,true,true,true,1.57542E9
19732768118637,1,17,29.7,24.7,24.384571,61.234203,true,true,true,1.57542E9
19732768118637,1,19,35.6,30.6,49.370075,29.61656,true,true,true,1.57542E9
19732768118637,1,21,28.8,23.8,17.518345,166.57326,true,true,true,1.57542E9
19732768118637,1,22,40.4,35.4,40.924557,115.49065,true,true,true,1.57542E9
19732768118637,1,24,39.1,34.1,37.151264,261.3042,true,true,true,1.57542E9
19732768118637,4,194,42.5,37.5,23.604813,97.0179,true,true,true,1.57542E9
19732768118637,4,195,41.3,36.3,32.21701,62.014374,true,true,true,1.57542E9
19732768118637,2,134,38.2,33.2,0.0,0.0,false,false,false,1.57542E9
19732768118637,3,9,37.7,32.7,82.00473,147.53528,false,false,true,1.600875E9
19732768118637,3,16,33.2,28.2,23.731276,147.23816,true,true,true,1.6014374E9
19732768118637,3,20,42.1,37.1,62.37141,278.36404,false,false,true,1.603125E9
19732768118637,3,19,38.1,33.1,41.452652,19.580093,true,true,true,1.6036876E9
19732768118637,3,21,31.9,26.9,24.81651,238.7768,true,true,true,1.60425E9
19732768118637,5,42,34.2,29.2,5.4120073,96.42543,true,false,true,1.561098E9
19732768118637,5,38,40.2,35.2,57.88874,19.09498,true,true,true,1.561098E9
19732768118637,5,37,43.9,38.9,34.58737,313.9813,true,true,true,1.561098E9
19732768118637,5,34,25.8,20.8,7.5157013,53.7543,true,true,true,1.561098E9
19732768118637,5,28,38.2,33.2,49.608406,267.31122,true,true,true,1.561098E9
19732768118637,5,27,31.0,26.0,10.455829,246.15868,true,true,true,1.561098E9
19732768118637,5,25,36.1,31.1,35.08738,157.25748,true,true,true,1.561098E9
19732768118637,5,23,39.5,34.5,76.25328,225.64455,true,true,true,1.561098E9
19732768118637,5,13,41.4,36.4,68.27135,320.29843,true,true,true,1.561098E9
19732768118637,5,10,27.4,22.4,15.663169,162.58145,true,false,true,1.561098E9
19732768118637,5,9,29.3,24.3,22.402777,145.66512,true,false,true,1.561098E9
19732768118637,5,8,30.7,25.7,37.18223,48.354237,true,true,true,1.561098E9
19732768118637,5,6,42.4,37.4,30.446934,119.6433,true,true,true,1.561098E9
19732768118637,5,3,37.4,32.4,39.472725,128.12805,false,false,true,1.561098E9
19732768118637,5,2,36.5,31.5,54.25361,175.11227,true,false,true,1.561098E9
19732768118637,5,1,27.7,22.7,15.824988,103.63155,true,false,true,1.561098E9
19732768118637,6,2,40.9,35.9,62.250828,82.92751,true,true,true,1.57542E9
19732768118637,6,7,20.6,15.6,2.1111386,266.88702,false,true,true,1.57542E9
19732768118637,6,15,35.7,30.7,27.57418,209.54988,true,true,true,1.57542E9
19732768118637,6,18,42.8,37.8,64.119026,3.246301,true,false,true,1.57542E9
19732768118637,6,25,39.1,34.1,13.91123,117.40616,true,true,true,1.57542E9
19732768118637,6,27,17.3,12.3,4.5813794,309.61627,false,false,true,1.57542E9
19732768118637,6,30,43.1,38.1,49.2451,329.32602,true,true,true,1.57542E9
19732768118637,6,34,36.5,31.5,79.044205,171.68158,true,true,true,1.57542E9
19732768118637,6,36,42.6,37.6,41.840115,41.710533,true,true,true,1.57542E9
19732768118637,1,6,22.3,17.3,71.82889,33.8546,true,true,true,1.17645E9
19732768118637,1,11,31.1,26.1,67.20751,221.2712,true,true,true,1.17645E9
19732768118637,1,14,29.8,24.8,20.761066,126.17851,true,true,true,1.17645E9
19732768118637,1,21,19.4,14.4,17.518345,166.57326,true,true,true,1.17645E9
19732768118637,1,24,37.3,32.3,37.151264,261.3042,true,true,true,1.17645E9
19732768118637,4,194,32.9,27.9,23.604813,97.0179,true,true,true,1.17645E9
19732768118637,4,195,25.5,20.5,32.21701,62.014374,true,true,true,1.17645E9
19732768118637,6,2,34.9,29.9,62.250828,82.92751,true,true,true,1.17645E9
19732768118637,6,15,24.8,19.8,27.57418,209.54988,true,true,true,1.17645E9
19732768118637,6,18,32.1,27.1,64.119026,3.246301,true,false,true,1.17645E9
19732768118637,6,25,31.3,26.3,13.91123,117.40616,true,true,true,1.17645E9
19732768118637,6,30,31.1,26.1,49.2451,329.32602,true,true,true,1.17645E9
19732768118637,6,34,24.9,19.9,79.044205,171.68158,true,true,true,1.17645E9
19732768118637,6,36,30.5,25.5,41.840115,41.710533,true,true,true,1.17645E9
19732768118637,5,23,21.8,16.8,76.25328,225.64455,true,true,true,1.17645E9
19732768118637,5,25,23.9,18.9,35.08738,157.25748,true,true,true,1.17645E9
19732768118637,5,28,25.7,20.7,49.608406,267.31122,true,true,true,1.17645E9
19732768118637,5,34,13.6,8.6,7.5157013,53.7543,false,true,true,1.17645E9
19732768118637,5,37,39.2,34.2,34.58737,313.9813,true,true,true,1.17645E9
19732768118637,5,38,34.9,29.9,57.88874,19.09498,true,true,true,1.17645E9
19732768118637,5,42,24.1,19.1,5.4120073,96.42543,true,false,true,1.17645E9
19732768118637,5,23,37.2,32.2,76.25328,225.64455,true,true,true,1.57542E9
19732768118637,5,25,33.7,28.7,35.08738,157.25748,true,true,true,1.57542E9
19732768118637,5,27,24.5,19.5,10.455829,246.15868,false,true,true,1.57542E9
19732768118637,5,28,36.0,31.0,49.608406,267.31122,true,true,true,1.57542E9
19732768118637,5,34,24.4,19.4,7.5157013,53.7543,true,true,true,1.57542E9
19732768118637,5,37,44.2,39.2,34.58737,313.9813,true,true,true,1.57542E9
19732768118637,5,38,39.0,34.0,57.88874,19.09498,true,true,true,1.57542E9
19732768118637,5,42,34.0,29.0,5.4120073,96.42543,true,false,true,1.57542E9
19733772577647,1,6,38.3,33.3,71.82889,33.8546,true,true,true,1.57542E9
19733772577647,1,11,26.4,21.4,67.20751,221.2712,true,true,true,1.57542E9
19733772577647,1,12,43.9,38.9,24.911688,318.29565,true,false,true,1.57542E9
19733772577647,1,13,36.3,31.3,0.0,0.0,false,false,false,1.57542E9
19733772577647,1,14,44.7,39.7,20.761066,126.17851,true,true,true,1.57542E9
19733772577647,1,17,30.5,25.5,24.384571,61.234203,true,true,true,1.57542E9
19733772577647,1,19,36.4,31.4,49.370075,29.61656,true,true,true,1.57542E9
19733772577647,1,21,27.4,22.4,17.518345,166.57326,true,true,true,1.57542E9
19733772577647,1,22,40.9,35.9,40.924557,115.49065,true,true,true,1.57542E9
19733772577647,1,24,40.1,35.1,37.151264,261.3042,true,true,true,1.57542E9
19733772577647,4,194,43.6,38.6,23.604813,97.0179,true,true,true,1.57542E9
19733772577647,4,195,39.0,34.0,32.21701,62.014374,true,true,true,1.57542E9
19733772577647,2,134,36.2,31.2,0.0,0.0,false,false,false,1.57542E9
19733772577647,3,9,37.8,32.8,82.00473,147.53528,false,false,true,1.600875E9
19733772577647,3,16,37.0,32.0,23.731276,147.23816,true,true,true,1.6014374E9
19733772577647,3,20,41.8,36.8,62.37141,278.36404,false,false,true,1.603125E9
19733772577647,3,19,36.8,31.8,41.452652,19.580093,true,true,true,1.6036876E9
19733772577647,3,21,27.8,22.8,24.81651,238.7768,true,true,true,1.60425E9
19733772577647,5,42,34.2,29.2,5.4120073,96.42543,true,false,true,1.561098E9
19733772577647,5,38,41.0,36.0,57.88874,19.09498,true,true,true,1.561098E9
19733772577647,5,37,42.2,37.2,34.58737,313.9813,true,true,true,1.561098E9
19733772577647,5,34,25.8,20.8,7.5157013,53.7543,true,true,true,1.561098E9
19733772577647,5,28,40.3,35.3,49.608406,267.31122,true,true,true,1.561098E9
19733772577647,5,27,27.6,22.6,10.455829,246.15868,true,true,true,1.561098E9
19733772577647,5,25,37.6,32.6,35.08738,157.25748,true,true,true,1.561098E9
19733772577647,5,23,40.7,35.7,76.25328,225.64455,true,true,true,1.561098E9
19733772577647,5,13,41.0,36.0,68.27135,320.29843,true,true,true,1.561098E9
19733772577647,5,10,26.2,21.2,15.663169,162.58145,true,false,true,1.561098E9
19733772577647,5,9,33.3,28.3,22.402777,145.66512,true,false,true,1.561098E9
19733772577647,5,8,34.5,29.5,37.18223,48.354237,true,true,true,1.561098E9
19733772577647,5,6,44.5,39.5,30.446934,119.6433,true,true,true,1.561098E9
19733772577647,5,3,39.8,34.8,39.472725,128.12805,false,false,true,1.561098E9
19733772577647,5,2,37.6,32.6,54.25361,175.11227,true,false,true,1.561098E9
19733772577647,5,1,29.5,24.5,15.824988,103.63155,true,false,true,1.561098E9
19733772577647,6,2,43.4,38.4,62.250828,82.92751,true,true,true,1.57542E9
19733772577647,6,7,20.6,15.6,2.1111386,266.88702,false,true,true,1.57542E9
19733772577647,6,15,36.4,31.4,27.57418,209.54988,true,true,true,1.57542E9
19733772577647,6,18,42.5,37.5,64.119026,3.246301,true,false,true,1.57542E9
19733772577647,6,25,39.5,34.5,13.91123,117.40616,true,true,true,1.57542E9
19733772577647,6,27,17.3,12.3,4.5813794,309.61627,false,false,true,1.57542E9
19733772577647,6,30,40.2,35.2,49.2451,329.32602,true,true,true,1.57542E9
19733772577647,6,34,37.4,32.4,79.044205,171.68158,true,true,true,1.57542E9
19733772577647,6,36,41.7,36.7,41.840115,41.710533,true,true,true,1.57542E9
19733772577647,1,6,24.7,19.7,71.82889,33.8546,true,true,true,1.17645E9
19733772577647,1,11,31.4,26.4,67.20751,221.2712,true,true,true,1.17645E9
19733772577647,1,14,35.0,30.0,20.761066,126.17851,true,true,true,1.17645E9
19733772577647,1,21,22.5,17.5,17.518345,166.57326,true,true,true,1.17645E9
19733772577647,1,24,40.4,35.4,37.151264,261.3042,true,true,true,1.17645E9
19733772577647,4,194,37.0,32.0,23.604813,97.0179,true,true,true,1.17645E9
19733772577647,4,195,27.2,22.2,32.21701,62.014374,true,true,true,1.17645E9
19733772577647,6,2,34.1,29.1,62.250828,82.92751,true,true,true,1.17645E9
19733772577647,6,15,28.6,23.6,27.57418,209.54988,true,true,true,1.17645E9
19733772577647,6,18,32.7,27.7,64.119026,3.246301,true,false,true,1.17645E9
19733772577647,6,25,32.4,27.4,13.91123,117.40616,true,true,true,1.17645E9
19733772577647,6,30,32.9,27.9,49.2451,329.32602,true,true,true,1.17645E9
19733772577647,6,34,21.0,16.0,79.044205,171.68158,true,true,true,1.17645E9
19733772577647,6,36,30.1,25.1,41.840115,41.710533,true,true,true,1.17645E9
19733772577647,5,23,23.4,18.4,76.25328,225.64455,true,true,true,1.17645E9
19733772577647,5,25,31.6,26.6,35.08738,157.25748,true,true,true,1.17645E9
19733772577647,5,28,24.6,19.6,49.608406,267.31122,true,true,true,1.17645E9
19733772577647,5,34,13.6,8.6,7.5157013,53.7543,false,true,true,1.17645E9
19733772577647,5,37,37.7,32.7,34.58737,313.9813,true,true,true,1.17645E9
19733772577647,5,38,35.3,30.3,57.88874,19.09498,true,true,true,1.17645E9
19733772577647,5,42,23.7,18.7,5.4120073,96.42543,true,false,true,1.17645E9
19733772577647,5,23,38.6,33.6,76.25328,225.64455,true,true,true,1.57542E9
19733772577647,5,25,35.8,30.8,35.08738,157.25748,true,true,true,1.57542E9
19733772577647,5,27,24.6,19.6,10.455829,246.15868,false,true,true,1.57542E9
19733772577647,5,28,37.5,32.5,49.608406,267.31122,true,true,true,1.57542E9
19733772577647,5,34,24.4,19.4,7.5157013,53.7543,false,true,true,1.57542E9
19733772577647,5,37,40.2,35.2,34.58737,313.9813,true,true,true,1.57542E9
19733772577647,5,38,39.8,34.8,57.88874,19.09498,true,true,true,1.57542E9
19733772577647,5,42,27.7,22.7,5.4120073,96.42543,true,false,true,1.57542E9
19734770699470,1,6,38.2,33.2,71.82889,33.8546,true,true,true,1.57542E9
19734770699470,1,11,28.9,23.9,67.20751,221.2712,true,true,true,1.57542E9
19734770699470,1,12,41.2,36.2,24.911688,318.29565,true,false,true,1.57542E9
19734770699470,1,13,33.2,28.2,0.0,0.0,false,false,false,1.57542E9
19734770699470,1,14,41.7,36.7,20.761066,126.17851,true,true,true,1.57542E9
19734770699470,1,17,30.4,25.4,24.384571,61.234203,true,true,true,1.57542E9
19734770699470,1,19,38.7,33.7,49.370075,29.61656,true,true,true,1.57542E9
19734770699470,1,21,26.9,21.9,17.518345,166.57326,true,true,true,1.57542E9
19734770699470,1,22,42.1,37.1,40.924557,115.49065,true,true,true,1.57542E9
19734770699470,1,24,39.1,34.1,37.151264,261.3042,true,true,true,1.57542E9
19734770699470,4,194,42.8,37.8,23.604813,97.0179,true,true,true,1.57542E9
19734770699470,4,195,38.4,33.4,32.21701,62.014374,true,true,true,1.57542E9
19734770699470,2,134,37.1,32.1,0.0,0.0,false,false,false,1.57542E9
19734770699470,3,9,39.3,34.3,82.00473,147.53528,false,false,true,1.600875E9
19734770699470,3,16,39.6,34.6,23.731276,147.23816,true,true,true,1.6014374E9
19734770699470,3,20,40.8,35.8,62.37141,278.36404,false,false,true,1.603125E9
19734770699470,3,19,37.3,32.3,41.452652,19.580093,true,true,true,1.6036876E9
19734770699470,3,21,34.2,29.2,24.81651,238.7768,true,true,true,1.60425E9
19734770699470,5,42,34.2,29.2,5.4120073,96.42543,true,false,true,1.561098E9
19734770699470,5,38,41.9,36.9,57.88874,19.09498,true,true,true,1.561098E9
19734770699470,5,37,40.3,35.3,34.58737,313.9813,true,true,true,1.561098E9
19734770699470,5,34,22.8,17.8,7.5157013,53.7543,true,true,true,1.561098E9
19734770699470,5,28,40.9,35.9,49.608406,267.31122,true,true,true,1.561098E9
19734770699470,5,27,27.6,22.6,10.455829,246.15868,true,true,true,1.561098E9
19734770699470,5,25,33.4,28.4,35.08738,157.25748,true,true,true,1.561098E9
19734770699470,5,23,41.0,36.0,76.25328,225.64455,true,true,true,1.561098E9
19734770699470,5,13,40.8,35.8,68.27135,320.29843,true,true,true,1.561098E9
19734770699470,5,10,26.7,21.7,15.663169,162.58145,true,false,true,1.561098E9
19734770699470,5,9,34.0,29.0,22.402777,145.66512,true,false,true,1.561098E9
19734770699470,5,8,33.8,28.8,37.18223,48.354237,true,true,true,1.561098E9
19734770699470,5,6,42.4,37.4,30.446934,119.6433,true,true,true,1.561098E9
19734770699470,5,3,40.9,35.9,39.472725,128.12805,false,false,true,1.561098E9
19734770699470,5,2,35.9,30.9,54.25361,175.11227,true,false,true,1.561098E9
19734770699470,5,1,29.5,24.5,15.824988,103.63155,true,false,true,1.561098E9
19734770699470,6,2,44.2,39.2,62.250828,82.92751,true,true,true,1.57542E9
19734770699470,6,7,20.6,15.6,2.1111386,266.88702,false,true,true,1.57542E9
19734770699470,6,15,36.4,31.4,27.57418,209.54988,true,true,true,1.57542E9
19734770699470,6,18,43.1,38.1,64.119026,3.246301,true,false,true,1.57542E9
19734770699470,6,25,27.8,22.8,13.91123,117.40616,true,true,true,1.57542E9
19734770699470,6,27,17.3,12.3,4.5813794,309.61627,false,false,true,1.57542E9
19734770699470,6,30,40.2,35.2,49.2451,329.32602,true,true,true,1.57542E9
19734770699470,6,34,36.2,31.2,79.044205,171.68158,true,true,true,1.57542E9
19734770699470,6,36,41.4,36.4,41.840115,41.710533,true,true,true,1.57542E9
19734770699470,1,6,27.0,22.0,71.82889,33.8546,true,true,true,1.17645E9
19734770699470,1,11,32.2,27.2,67.20751,221.2712,true,true,true,1.17645E9
19734770699470,1,14,32.5,27.5,20.761066,126.17851,true,true,true,1.17645E9
19734770699470,1,21,24.3,19.3,17.518345,166.57326,true,true,true,1.17645E9
19734770699470,1,24,39.9,34.9,37.151264,261.3042,true,true,true,1.17645E9
19734770699470,4,194,34.5,29.5,23.604813,97.0179,true,true,true,1.17645E9
19734770699470,4,195,22.5,17.5,32.21701,62.014374,true,true,true,1.17645E9
19734770699470,6,2,33.1,28.1,62.250828,82.92751,true,true,true,1.17645E9
19734770699470,6,15,25.2,20.2,27.57418,209.54988,true,true,true,1.17645E9
19734770699470,6,18,31.2,26.2,64.119026,3.246301,true,false,true,1.17645E9
19734770699470,6,25,23.6,18.6,13.91123,117.40616,true,true,true,1.17645E9
19734770699470,6,30,34.0,29.0,49.2451,329.32602,true,true,true,1.17645E9
19734770699470,6,34,21.0,16.0,79.044205,171.68158,true,true,true,1.17645E9
19734770699470,6,36,29.3,24.3,41.840115,41.710533,true,true,true,1.17645E9
19734770699470,5,23,24.0,19.0,76.25328,225.64455,true,true,true,1.17645E9
19734770699470,5,25,29.5,24.5,35.08738,157.25748,true,true,true,1.17645E9
19734770699470,5,28,26.1,21.1,49.608406,267.31122,true,true,true,1.17645E9
19734770699470,5,34,13.6,8.6,7.5157013,53.7543,false,true,true,1.17645E9
19734770699470,5,37,37.7,32.7,34.58737,313.9813,true,true,true,1.17645E9
19734770699470,5,38,33.2,28.2,57.88874,19.09498,true,true,true,1.17645E9
19734770699470,5,42,23.7,18.7,5.4120073,96.42543,true,false,true,1.17645E9
19734770699470,5,23,39.2,34.2,76.25328,225.64455,true,true,true,1.57542E9
19734770699470,5,25,30.2,25.2,35.08738,157.25748,true,true,true,1.57542E9
19734770699470,5,27,28.5,23.5,10.455829,246.15868,false,true,true,1.57542E9
19734770699470,5,28,39.3,34.3,49.608406,267.31122,true,true,true,1.57542E9
19734770699470,5,34,24.4,19.4,7.5157013,53.7543,false,true,true,1.57542E9
19734770699470,5,37,41.1,36.1,34.58737,313.9813,true,true,true,1.57542E9
19734770699470,5,38,39.8,34.8,57.88874,19.09498,true,true,true,1.57542E9
19734770699470,5,42,24.4,19.4,5.4120073,96.42543,true,false,true,1.57542E9
19735772098063,1,6,37.6,32.6,71.82889,33.8546,true,true,true,1.57542E9
19735772098063,1,11,29.4,24.4,67.20751,221.2712,true,true,true,1.57542E9
19735772098063,1,12,43.9,38.9,24.911688,318.29565,true,false,true,1.57542E9
19735772098063,1,13,37.6,32.6,0.0,0.0,false,false,false,1.57542E9
19735772098063,1,14,42.3,37.3,20.761066,126.17851,true,true,true,1.57542E9
19735772098063,1,17,28.3,23.3,24.384571,61.234203,true,true,true,1.57542E9
19735772098063,1,19,36.2,31.2,49.370075,29.61656,true,true,true,1.57542E9
19735772098063,1,21,33.8,28.8,17.518345,166.57326,true,true,true,1.57542E9
19735772098063,1,22,39.5,34.5,40.924557,115.49065,true,true,true,1.57542E9
19735772098063,1,24,38.7,33.7,37.151264,261.3042,true,true,true,1.57542E9
19735772098063,4,194,43.2,38.2,23.604813,97.0179,true,true,true,1.57542E9
19735772098063,4,195,37.4,32.4,32.21701,62.014374,true,true,true,1.57542E9
19735772098063,2,134,37.6,32.6,0.0,0.0,false,false,false,1.57542E9
19735772098063,3,9,37.3,32.3,82.00473,147.53528,false,false,true,1.600875E9
19735772098063,3,16,36.4,31.4,23.731276,147.23816,true,true,true,1.6014374E9
19735772098063,3,20,42.5,37.5,62.37141,278.36404,false,false,true,1.603125E9
19735772098063,3,19,36.9,31.9,41.452652,19.580093,true,true,true,1.6036876E9
19735772098063,3,21,37.1,32.1,24.81651,238.7768,true,true,true,1.60425E9
19735772098063,5,42,24.6,19.6,5.4120073,96.42543,true,false,true,1.561098E9
19735772098063,5,38,41.0,36.0,57.88874,19.09498,true,true,true,1.561098E9
19735772098063,5,37,43.9,38.9,34.58737,313.9813,true,true,true,1.561098E9
19735772098063,5,34,22.8,17.8,7.5157013,53.7543,true,true,true,1.561098E9
19735772098063,5,28,39.5,34.5,49.608406,267.31122,true,true,true,1.561098E9
19735772098063,5,27,28.6,23.6,10.455829,246.15868,true,true,true,1.561098E9
19735772098063,5,25,39.2,34.2,35.08738,157.25748,true,true,true,1.561098E9
19735772098063,5,23,40.8,35.8,76.25328,225.64455,true,true,true,1.561098E9
19735772098063,5,13,41.1,36.1,68.27135,320.29843,true,true,true,1.561098E9
19735772098063,5,10,29.2,24.2,15.663169,162.58145,true,false,true,1.561098E9
19735772098063,5,9,35.6,30.6,22.402777,145.66512,true,false,true,1.561098E9
19735772098063,5,8,32.5,27.5,37.18223,48.354237,true,true,true,1.561098E9
19735772098063,5,6,43.1,38.1,30.446934,119.6433,true,true,true,1.561098E9
19735772098063,5,3,39.0,34.0,39.472725,128.12805,false,false,true,1.561098E9
19735772098063,5,2,37.7,32.7,54.25361,175.11227,true,false,true,1.561098E9
19735772098063,5,1,29.5,24.5,15.824988,103.63155,true,false,true,1.561098E9
19735772098063,6,2,41.8,36.8,62.250828,82.92751,true,true,true,1.57542E9
19735772098063,6,7,22.2,17.2,2.1111386,266.88702,false,true,true,1.57542E9
19735772098063,6,15,36.5,31.5,27.57418,209.54988,true,true,true,1.57542E9
19735772098063,6,18,42.2,37.2,64.119026,3.246301,true,false,true,1.57542E9
19735772098063,6,25,24.2,19.2,13.91123,117.40616,true,true,true,1.57542E9
19735772098063,6,27,17.3,12.3,4.5813794,309.61627,false,false,true,1.57542E9
19735772098063,6,30,41.0,36.0,49.2451,329.32602,true,true,true,1.57542E9
19735772098063,6,34,36.9,31.9,79.044205,171.68158,true,true,true,1.57542E9
19735772098063,6,36,42.0,37.0,41.840115,41.710533,true,true,true,1.57542E9
19735772098063,1,6,26.2,21.2,71.82889,33.8546,true,true,true,1.17645E9
19735772098063,1,11,31.9,26.9,67.20751,221.2712,true,true,true,1.17645E9
19735772098063,1,14,32.3,27.3,20.761066,126.17851,true,true,true,1.17645E9
19735772098063,1,21,28.0,23.0,17.518345,166.57326,true,true,true,1.17645E9
19735772098063,1,24,38.8,33.8,37.151264,261.3042,true,true,true,1.17645E9
19735772098063,4,194,33.0,28.0,23.604813,97.0179,true,true,true,1.17645E9
19735772098063,4,195,26.2,21.2,32.21701,62.014374,true,true,true,1.17645E9
19735772098063,6,2,34.9,29.9,62.250828,82.92751,true,true,true,1.17645E9
19735772098063,6,15,28.4,23.4,27.57418,209.54988,true,true,true,1.17645E9
19735772098063,6,18,33.5,28.5,64.119026,3.246301,true,false,true,1.17645E9
19735772098063,6,25,23.6,18.6,13.91123,117.40616,true,true,true,1.17645E9
19735772098063,6,30,32.8,27.8,49.2451,329.32602,true,true,true,1.17645E9
19735772098063,6,34,21.5,16.5,79.044205,171.68158,true,true,true,1.17645E9
19735772098063,6,36,30.6,25.6,41.840115,41.710533,true,true,true,1.17645E9
19735772098063,5,23,20.8,15.8,76.25328,225.64455,true,true,true,1.17645E9
19735772098063,5,25,27.6,22.6,35.08738,157.25748,true,true,true,1.17645E9
19735772098063,5,28,27.2,22.2,49.608406,267.31122,true,true,true,1.17645E9
19735772098063,5,34,16.0,11.0,7.5157013,53.7543,false,true,true,1.17645E9
19735772098063,5,37,38.6,33.6,34.58737,313.9813,true,true,true,1.17645E9
19735772098063,5,38,35.8,30.8,57.88874,19.09498,true,true,true,1.17645E9
19735772098063,5,42,23.7,18.7,5.4120073,96.42543,true,false,true,1.17645E9
19735772098063,5,23,37.9,32.9,76.25328,225.64455,true,true,true,1.57542E9
19735772098063,5,25,37.1,32.1,35.08738,157.25748,true,true,true,1.57542E9
19735772098063,5,27,23.1,18.1,10.455829,246.15868,true,true,true,1.57542E9
19735772098063,5,28,37.1,32.1,49.608406,267.31122,true,true,true,1.57542E9
19735772098063,5,34,24.4,19.4,7.5157013,53.7543,false,true,true,1.57542E9
19735772098063,5,37,43.2,38.2,34.58737,313.9813,true,true,true,1.57542E9
19735772098063,5,38,38.6,33.6,57.88874,19.09498,true,true,true,1.57542E9
19735772098063,5,42,21.5,16.5,5.4120073,96.42543,true,false,true,1.57542E9
19736772907698,1,6,38.5,33.5,71.82889,33.8546,true,true,true,1.57542E9
19736772907698,1,11,30.2,25.2,67.20751,221.2712,true,true,true,1.57542E9
19736772907698,1,12,35.4,30.4,24.911688,318.29565,true,false,true,1.57542E9
19736772907698,1,13,32.6,27.6,0.0,0.0,false,false,false,1.57542E9
19736772907698,1,14,42.8,37.8,20.761066,126.17851,true,true,true,1.57542E9
19736772907698,1,19,34.8,29.8,49.370075,29.61656,true,true,true,1.57542E9
19736772907698,1,21,34.5,29.5,17.518345,166.57326,true,true,true,1.57542E9
19736772907698,1,22,36.9,31.9,40.924557,115.49065,true,true,true,1.57542E9
19736772907698,1,24,38.3,33.3,37.151264,261.3042,true,true,true,1.57542E9
19736772907698,4,194,43.3,38.3,23.604813,97.0179,true,true,true,1.57542E9
19736772907698,4,195,36.2,31.2,32.21701,62.014374,true,true,true,1.57542E9
19736772907698,2,134,37.7,32.7,0.0,0.0,false,false,false,1.57542E9
19736772907698,3,9,37.0,32.0,82.00473,147.53528,false,false,true,1.600875E9
19736772907698,3,16,35.8,30.8,23.731276,147.23816,true,true,true,1.6014374E9
19736772907698,3,20,42.1,37.1,62.37141,278.36404,false,false,true,1.603125E9
19736772907698,3,19,28.0,23.0,41.452652,19.580093,true,true,true,1.6036876E9
19736772907698,3,21,38.0,33.0,24.81651,238.7768,true,true,true,1.60425E9
19736772907698,5,42,28.6,23.6,5.4120073,96.42543,true,false,true,1.561098E9
19736772907698,5,38,40.9,35.9,57.88874,19.09498,true,true,true,1.561098E9
19736772907698,5,37,36.1,31.1,34.58737,313.9813,true,true,true,1.561098E9
19736772907698,5,34,22.8,17.8,7.5157013,53.7543,true,true,true,1.561098E9
19736772907698,5,33,25.3,20.3,2.5242438,145.99773,false,false,true,1.561098E9
19736772907698,5,28,40.1,35.1,49.608406,267.31122,true,true,true,1.561098E9
19736772907698,5,27,32.2,27.2,10.455829,246.15868,true,true,true,1.561098E9
19736772907698,5,25,37.6,32.6,35.08738,157.25748,true,true,true,1.561098E9
19736772907698,5,23,39.9,34.9,76.25328,225.64455,true,true,true,1.561098E9
19736772907698,5,13,41.5,36.5,68.27135,320.29843,true,true,true,1.561098E9
19736772907698,5,10,28.7,23.7,15.663169,162.58145,true,false,true,1.561098E9
19736772907698,5,9,34.5,29.5,22.402777,145.66512,true,false,true,1.561098E9
19736772907698,5,8,36.7,31.7,37.18223,48.354237,true,true,true,1.561098E9
19736772907698,5,6,43.1,38.1,30.446934,119.6433,true,true,true,1.561098E9
19736772907698,5,3,38.5,33.5,39.472725,128.12805,false,false,true,1.561098E9
19736772907698,5,2,37.7,32.7,54.25361,175.11227,true,false,true,1.561098E9
19736772907698,5,1,30.8,25.8,15.824988,103.63155,true,false,true,1.561098E9
19736772907698,6,2,41.6,36.6,62.250828,82.92751,true,true,true,1.57542E9
19736772907698,6,7,23.7,18.7,2.1111386,266.88702,false,true,true,1.57542E9
19736772907698,6,15,36.4,31.4,27.57418,209.54988,true,true,true,1.57542E9
19736772907698,6,18,42.7,37.7,64.119026,3.246301,true,false,true,1.57542E9
19736772907698,6,25,20.6,15.6,13.91123,117.40616,true,true,true,1.57542E9
19736772907698,6,27,17.3,12.3,4.5813794,309.61627,false,false,true,1.57542E9
19736772907698,6,30,35.8,30.8,49.2451,329.32602,true,true,true,1.57542E9
19736772907698,6,34,36.9,31.9,79.044205,171.68158,true,true,true,1.57542E9
19736772907698,6,36,41.4,36.4,41.840115,41.710533,true,true,true,1.57542E9
19736772907698,1,6,28.3,23.3,71.82889,33.8546,true,true,true,1.17645E9
19736772907698,1,11,30.0,25.0,67.20751,221.2712,true,true,true,1.17645E9
19736772907698,1,14,35.1,30.1,20.761066,126.17851,true,true,true,1.17645E9
19736772907698,1,21,31.7,26.7,17.518345,166.57326,true,true,true,1.17645E9
19736772907698,1,24,37.2,32.2,37.151264,261.3042,true,true,true,1.17645E9
19736772907698,4,194,37.1,32.1,23.604813,97.0179,true,true,true,1.17645E9
19736772907698,4,195,24.6,19.6,32.21701,62.014374,true,true,true,1.17645E9
19736772907698,6,2,32.1,27.1,62.250828,82.92751,true,true,true,1.17645E9
19736772907698,6,15,26.5,21.5,27.57418,209.54988,true,true,true,1.17645E9
19736772907698,6,18,33.4,28.4,64.119026,3.246301,true,false,true,1.17645E9
19736772907698,6,25,23.6,18.6,13.91123,117.40616,true,true,true,1.17645E9
19736772907698,6,30,30.5,25.5,49.2451,329.32602,true,true,true,1.17645E9
19736772907698,6,34,21.5,16.5,79.044205,171.68158,true,true,true,1.17645E9
19736772907698,6,36,28.4,23.4,41.840115,41.710533,true,true,true,1.17645E9
19736772907698,5,23,22.8,17.8,76.25328,225.64455,true,true,true,1.17645E9
19736772907698,5,25,30.2,25.2,35.08738,157.25748,true,true,true,1.17645E9
19736772907698,5,28,25.8,20.8,49.608406,267.31122,true,true,true,1.17645E9
19736772907698,5,34,16.0,11.0,7.5157013,53.7543,false,true,true,1.17645E9
19736772907698,5,37,30.3,25.3,34.58737,313.9813,true,true,true,1.17645E9
19736772907698,5,38,33.8,28.8,57.88874,19.09498,true,true,true,1.17645E9
19736772907698,5,42,23.7,18.7,5.4120073,96.42543,true,false,true,1.17645E9
19736772907698,5,23,37.3,32.3,76.25328,225.64455,true,true,true,1.57542E9
19736772907698,5,25,35.6,30.6,35.08738,157.25748,true,true,true,1.57542E9
19736772907698,5,27,25.2,20.2,10.455829,246.15868,true,true,true,1.57542E9
19736772907698,5,28,38.4,33.4,49.608406,267.31122,true,true,true,1.57542E9
19736772907698,5,34,16.7,11.7,7.5157013,53.7543,false,true,true,1.57542E9
19736772907698,5,37,35.3,30.3,34.58737,313.9813,true,true,true,1.57542E9
19736772907698,5,38,39.7,34.7,57.88874,19.09498,true,true,true,1.57542E9
19736772907698,5,42,28.2,23.2,5.4120073,96.42543,true,false,true,1.57542E9
19737771806239,1,6,38.5,33.5,71.82889,33.8546,true,true,true,1.57542E9
19737771806239,1,11,30.5,25.5,67.20751,221.2712,true,true,true,1.57542E9
19737771806239,1,12,37.4,32.4,24.911688,318.29565,true,false,true,1.57542E9
19737771806239,1,13,33.7,28.7,0.0,0.0,false,false,false,1.57542E9
19737771806239,1,14,39.1,34.1,20.761066,126.17851,true,true,true,1.57542E9
19737771806239,1,19,38.9,33.9,49.370075,29.61656,true,true,true,1.57542E9
19737771806239,1,21,35.8,30.8,17.518345,166.57326,true,true,true,1.57542E9
19737771806239,1,22,37.8,32.8,40.924557,115.49065,true,true,true,1.57542E9
19737771806239,1,24,40.4,35.4,37.151264,261.3042,true,true,true,1.57542E9
19737771806239,4,194,35.6,30.6,23.604813,97.0179,true,true,true,1.57542E9
19737771806239,4,195,36.4,31.4,32.21701,62.014374,true,true,true,1.57542E9
19737771806239,2,134,35.8,30.8,0.0,0.0,false,false,false,1.57542E9
19737771806239,3,9,37.8,32.8,82.00473,147.53528,false,false,true,1.600875E9
19737771806239,3,16,37.6,32.6,23.731276,147.23816,true,true,true,1.6014374E9
19737771806239,3,20,41.0,36.0,62.37141,278.36404,false,false,true,1.603125E9
19737771806239,3,19,33.2,28.2,41.452652,19.580093,true,true,true,1.6036876E9
19737771806239,3,21,37.4,32.4,24.81651,238.7768,true,true,true,1.60425E9
19737771806239,5,42,28.6,23.6,5.4120073,96.42543,true,false,true,1.561098E9
19737771806239,5,38,37.1,32.1,57.88874,19.09498,true,true,true,1.561098E9
19737771806239,5,37,36.2,31.2,34.58737,313.9813,true,true,true,1.561098E9
19737771806239,5,34,21.9,16.9,7.5157013,53.7543,false,true,true,1.561098E9
19737771806239,5,33,29.3,24.3,2.5242438,145.99773,false,false,true,1.561098E9
19737771806239,5,28,40.4,35.4,49.608406,267.31122,true,true,true,1.561098E9
19737771806239,5,27,33.0,28.0,10.455829,246.15868,true,true,true,1.561098E9
19737771806239,5,25,34.3,29.3,35.08738,157.25748,true,true,true,1.561098E9
19737771806239,5,23,40.5,35.5,76.25328,225.64455,true,true,true,1.561098E9
19737771806239,5,13,39.4,34.4,68.27135,320.29843,true,true,true,1.561098E9
19737771806239,5,10,32.9,27.9,15.663169,162.58145,true,false,true,1.561098E9
19737771806239,5,9,35.9,30.9,22.402777,145.66512,true,false,true,1.561098E9
19737771806239,5,8,35.6,30.6,37.18223,48.354237,true,true,true,1.561098E9
19737771806239,5,6,43.3,38.3,30.446934,119.6433,true,true,true,1.561098E9
19737771806239,5,3,37.0,32.0,39.472725,128.12805,false,false,true,1.561098E9
19737771806239,5,2,38.2,33.2,54.25361,175.11227,true,false,true,1.561098E9
19737771806239,5,1,35.0,30.0,15.824988,103.63155,true,false,true,1.561098E9
19737771806239,6,2,40.7,35.7,62.250828,82.92751,true,true,true,1.57542E9
19737771806239,6,7,22.4,17.4,2.1111386,266.88702,false,true,true,1.57542E9
19737771806239,6,15,33.4,28.4,27.57418,209.54988,true,true,true,1.57542E9
19737771806239,6,18,39.1,34.1,64.119026,3.246301,true,false,true,1.57542E9
19737771806239,6,25,20.6,15.6,13.91123,117.40616,true,true,true,1.57542E9
19737771806239,6,27,12.2,7.2,4.5813794,309.61627,false,false,true,1.57542E9
19737771806239,6,30,33.2,28.2,49.2451,329.32602,true,true,true,1.57542E9
19737771806239,6,34,36.8,31.8,79.044205,171.68158,true,true,true,1.57542E9
19737771806239,6,36,40.9,35.9,41.840115,41.710533,true,true,true,1.57542E9
19737771806239,1,6,25.2,20.2,71.82889,33.8546,true,true,true,1.17645E9
19737771806239,1,11,32.6,27.6,67.20751,221.2712,true,true,true,1.17645E9
19737771806239,1,14,31.5,26.5,20.761066,126.17851,true,true,true,1.17645E9
19737771806239,1,21,34.1,29.1,17.518345,166.57326,true,true,true,1.17645E9
19737771806239,1,24,38.4,33.4,37.151264,261.3042,true,true,true,1.17645E9
19737771806239,4,194,28.3,23.3,23.604813,97.0179,true,true,true,1.17645E9
19737771806239,4,195,25.6,20.6,32.21701,62.014374,true,true,true,1.17645E9
19737771806239,6,2,31.3,26.3,62.250828,82.92751,true,true,true,1.17645E9
19737771806239,6,15,27.1,22.1,27.57418,209.54988,true,true,true,1.17645E9
19737771806239,6,18,25.0,20.0,64.119026,3.246301,true,false,true,1.17645E9
19737771806239,6,25,23.6,18.6,13.91123,117.40616,true,true,true,1.17645E9
19737771806239,6,30,25.5,20.5,49.2451,329.32602,true,true,true,1.17645E9
19737771806239,6,34,23.1,18.1,79.044205,171.68158,true,true,true,1.17645E9
19737771806239,6,36,30.1,25.1,41.840115,41.710533,true,true,true,1.17645E9
19737771806239,5,23,23.3,18.3,76.25328,225.64455,true,true,true,1.17645E9
19737771806239,5,25,31.9,26.9,35.08738,157.25748,true,true,true,1.17645E9
19737771806239,5,27,15.0,10.0,10.455829,246.15868,false,true,true,1.17645E9
19737771806239,5,28,25.7,20.7,49.608406,267.31122,true,true,true,1.17645E9
19737771806239,5,34,16.0,11.0,7.5157013,53.7543,false,true,true,1.17645E9
19737771806239,5,37,32.5,27.5,34.58737,313.9813,true,true,true,1.17645E9
19737771806239,5,38,28.3,23.3,57.88874,19.09498,true,true,true,1.17645E9
19737771806239,5,42,23.7,18.7,5.4120073,96.42543,true,false,true,1.17645E9
19737771806239,5,23,38.3,33.3,76.25328,225.64455,true,true,true,1.57542E9
19737771806239,5,25,29.8,24.8,35.08738,157.25748,true,true,true,1.57542E9
19737771806239,5,27,26.9,21.9,10.455829,246.15868,true,true,true,1.57542E9
19737771806239,5,28,38.2,33.2,49.608406,267.31122,true,true,true,1.57542E9
19737771806239,5,34,16.7,11.7,7.5157013,53.7543,false,true,true,1.57542E9
19737771806239,5,37,33.0,28.0,34.58737,313.9813,true,true,true,1.57542E9
19737771806239,5,38,35.5,30.5,57.88874,19.09498,true,true,true,1.57542E9
19737771806239,5,42,22.4,17.4,5.4120073,96.42543,true,false,true,1.57542E9
19738768810510,1,6,38.7,33.7,71.82889,33.8546,true,true,true,1.57542E9
19738768810510,1,11,31.2,26.2,67.20751,221.2712,true,true,true,1.57542E9
19738768810510,1,12,32.0,27.0,24.911688,318.29565,true,false,true,1.57542E9
19738768810510,1,13,34.3,29.3,0.0,0.0,false,false,false,1.57542E9
19738768810510,1,14,33.6,28.6,20.761066,126.17851,true,true,true,1.57542E9
19738768810510,1,17,28.5,23.5,24.384571,61.234203,true,true,true,1.57542E9
19738768810510,1,19,38.4,33.4,49.370075,29.61656,true,true,true,1.57542E9
19738768810510,1,21,37.5,32.5,17.518345,166.57326,true,true,true,1.57542E9
19738768810510,1,22,36.5,31.5,40.924557,115.49065,true,true,true,1.57542E9
19738768810510,1,24,34.5,29.5,37.151264,261.3042,true,true,true,1.57542E9
19738768810510,4,194,23.9,18.9,23.604813,97.0179,true,true,true,1.57542E9
19738768810510,4,195,40.2,35.2,32.21701,62.014374,true,true,true,1.57542E9
19738768810510,2,134,33.6,28.6,0.0,0.0,false,false,false,1.57542E9
19738768810510,3,9,38.7,33.7,82.00473,147.53528,false,false,true,1.600875E9
19738768810510,3,16,38.1,33.1,23.731276,147.23816,true,true,true,1.6014374E9
19738768810510,3,20,34.5,29.5,62.37141,278.36404,false,false,true,1.603125E9
19738768810510,3,19,33.8,28.8,41.452652,19.580093,true,true,true,1.6036876E9
19738768810510,3,21,34.6,29.6,24.81651,238.7768,true,true,true,1.60425E9
19738768810510,5,42,27.0,22.0,5.4120073,96.42543,true,false,true,1.561098E9
19738768810510,5,38,41.3,36.3,57.88874,19.09498,true,true,true,1.561098E9
19738768810510,5,37,34.7,29.7,34.58737,313.9813,true,true,true,1.561098E9
19738768810510,5,33,29.3,24.3,2.5242438,145.99773,false,false,true,1.561098E9
19738768810510,5,28,35.7,30.7,49.608406,267.31122,true,true,true,1.561098E9
19738768810510,5,27,31.2,26.2,10.455829,246.15868,true,true,true,1.561098E9
19738768810510,5,25,34.7,29.7,35.08738,157.25748,true,true,true,1.561098E9
19738768810510,5,23,41.1,36.1,76.25328,225.64455,true,true,true,1.561098E9
19738768810510,5,13,36.2,31.2,68.27135,320.29843,true,true,true,1.561098E9
19738768810510,5,10,34.0,29.0,15.663169,162.58145,true,false,true,1.561098E9
19738768810510,5,9,36.4,31.4,22.402777,145.66512,true,false,true,1.561098E9
19738768810510,5,8,34.9,29.9,37.18223,48.354237,true,true,true,1.561098E9
19738768810510,5,6,39.1,34.1,30.446934,119.6433,true,true,true,1.561098E9
19738768810510,5,3,39.2,34.2,39.472725,128.12805,false,false,true,1.561098E9
19738768810510,5,2,34.6,29.6,54.25361,175.11227,true,false,true,1.561098E9
19738768810510,5,1,35.0,30.0,15.824988,103.63155,true,false,true,1.561098E9
19738768810510,6,2,43.2,38.2,62.250828,82.92751,true,true,true,1.57542E9
19738768810510,6,7,23.2,18.2,2.1111386,266.88702,false,true,true,1.57542E9
19738768810510,6,15,35.6,30.6,27.57418,209.54988,true,true,true,1.57542E9
19738768810510,6,18,41.0,36.0,64.119026,3.246301,true,false,true,1.57542E9
19738768810510,6,25,20.6,15.6,13.91123,117.40616,true,true,true,1.57542E9
19738768810510,6,27,12.2,7.2,4.5813794,309.61627,false,false,true,1.57542E9
19738768810510,6,30,32.9,27.9,49.2451,329.32602,true,true,true,1.57542E9
19738768810510,6,34,37.4,32.4,79.044205,171.68158,true,true,true,1.57542E9
19738768810510,6,36,41.5,36.5,41.840115,41.710533,true,true,true,1.57542E9
19738768810510,1,6,26.3,21.3,71.82889,33.8546,true,true,true,1.17645E9
19738768810510,1,11,31.1,26.1,67.20751,221.2712,true,true,true,1.17645E9
19738768810510,1,14,28.1,23.1,20.761066,126.17851,true,true,true,1.17645E9
19738768810510,1,21,34.5,29.5,17.518345,166.57326,true,true,true,1.17645E9
19738768810510,1,24,34.6,29.6,37.151264,261.3042,true,true,true,1.17645E9
19738768810510,4,194,28.3,23.3,23.604813,97.0179,true,true,true,1.17645E9
19738768810510,4,195,25.2,20.2,32.21701,62.014374,true,true,true,1.17645E9
19738768810510,6,2,33.3,28.3,62.250828,82.92751,true,true,true,1.17645E9
19738768810510,6,15,25.9,20.9,27.57418,209.54988,true,true,true,1.17645E9
19738768810510,6,18,31.1,26.1,64.119026,3.246301,true,false,true,1.17645E9
19738768810510,6,25,23.6,18.6,13.91123,117.40616,true,true,true,1.17645E9
19738768810510,6,30,25.0,20.0,49.2451,329.32602,true,true,true,1.17645E9
19738768810510,6,34,24.0,19.0,79.044205,171.68158,true,true,true,1.17645E9
19738768810510,6,36,30.7,25.7,41.840115,41.710533,true,true,true,1.17645E9
19738768810510,5,23,24.0,19.0,76.25328,225.64455,true,true,true,1.17645E9
19738768810510,5,25,28.6,23.6,35.08738,157.25748,true,true,true,1.17645E9
19738768810510,5,27,15.0,10.0,10.455829,246.15868,false,true,true,1.17645E9
19738768810510,5,28,23.6,18.6,49.608406,267.31122,true,true,true,1.17645E9
19738768810510,5,34,16.0,11.0,7.5157013,53.7543,false,true,true,1.17645E9
19738768810510,5,37,28.4,23.4,34.58737,313.9813,true,true,true,1.17645E9
19738768810510,5,38,33.7,28.7,57.88874,19.09498,true,true,true,1.17645E9
19738768810510,5,42,16.5,11.5,5.4120073,96.42543,true,false,true,1.17645E9
19738768810510,5,23,38.6,33.6,76.25328,225.64455,true,true,true,1.57542E9
19738768810510,5,25,30.9,25.9,35.08738,157.25748,true,true,true,1.57542E9
19738768810510,5,27,30.1,25.1,10.455829,246.15868,true,true,true,1.57542E9
19738768810510,5,28,34.4,29.4,49.608406,267.31122,true,true,true,1.57542E9
19738768810510,5,34,16.7,11.7,7.5157013,53.7543,false,true,true,1.57542E9
19738768810510,5,37,32.5,27.5,34.58737,313.9813,true,true,true,1.57542E9
19738768810510,5,38,39.9,34.9,57.88874,19.09498,true,true,true,1.57542E9
19738768810510,5,42,23.5,18.5,5.4120073,96.42543,true,false,true,1.57542E9
19739769968322,1,6,39.4,34.4,71.82889,33.8546,true,true,true,1.57542E9
19739769968322,1,11,30.5,25.5,67.20751,221.2712,true,true,true,1.57542E9
19739769968322,1,12,39.4,34.4,24.911688,318.29565,true,false,true,1.57542E9
19739769968322,1,13,37.6,32.6,0.0,0.0,false,false,false,1.57542E9
19739769968322,1,14,29.1,24.1,20.761066,126.17851,true,true,true,1.57542E9
19739769968322,1,17,27.3,22.3,24.384571,61.234203,true,true,true,1.57542E9
19739769968322,1,19,38.3,33.3,49.370075,29.61656,true,true,true,1.57542E9
19739769968322,1,21,37.8,32.8,17.518345,166.57326,true,true,true,1.57542E9
19739769968322,1,22,30.7,25.7,40.924557,115.49065,true,true,true,1.57542E9
19739769968322,1,24,31.1,26.1,37.151264,261.3042,true,true,true,1.57542E9
19739769968322,4,194,23.9,18.9,23.604813,97.0179,true,true,true,1.57542E9
19739769968322,4,195,42.8,37.8,32.21701,62.014374,true,true,true,1.57542E9
19739769968322,2,134,35.8,30.8,0.0,0.0,false,false,false,1.57542E9
19739769968322,3,9,38.3,33.3,82.00473,147.53528,false,false,true,1.600875E9
19739769968322,3,16,37.3,32.3,23.731276,147.23816,true,true,true,1.6014374E9
19739769968322,3,20,37.9,32.9,62.37141,278.36404,false,false,true,1.603125E9
19739769968322,3,19,33.4,28.4,41.452652,19.580093,true,true,true,1.6036876E9
19739769968322,3,21,35.2,30.2,24.81651,238.7768,true,true,true,1.60425E9
19739769968322,5,42,29.9,24.9,5.4120073,96.42543,true,false,true,1.561098E9
19739769968322,5,38,39.2,34.2,57.88874,19.09498,true,true,true,1.561098E9
19739769968322,5,37,41.4,36.4,34.58737,313.9813,true,true,true,1.561098E9
19739769968322,5,33,29.3,24.3,2.5242438,145.99773,false,false,true,1.561098E9
19739769968322,5,28,34.3,29.3,49.608406,267.31122,true,true,true,1.561098E9
19739769968322,5,27,32.5,27.5,10.455829,246.15868,true,true,true,1.561098E9
19739769968322,5,25,35.5,30.5,35.08738,157.25748,true,true,true,1.561098E9
19739769968322,5,23,40.8,35.8,76.25328,225.64455,true,true,true,1.561098E9
19739769968322,5,13,41.7,36.7,68.27135,320.29843,true,true,true,1.561098E9
19739769968322,5,10,35.4,30.4,15.663169,162.58145,true,false,true,1.561098E9
19739769968322,5,9,35.2,30.2,22.402777,145.66512,true,false,true,1.561098E9
19739769968322,5,8,35.1,30.1,37.18223,48.354237,true,true,true,1.561098E9
19739769968322,5,6,32.1,27.1,30.446934,119.6433,true,true,true,1.561098E9
19739769968322,5,3,39.2,34.2,39.472725,128.12805,false,false,true,1.561098E9
19739769968322,5,2,34.0,29.0,54.25361,175.11227,true,false,true,1.561098E9
19739769968322,5,1,35.0,30.0,15.824988,103.63155,true,false,true,1.561098E9
19739769968322,6,2,41.7,36.7,62.250828,82.92751,true,true,true,1.57542E9
19739769968322,6,7,23.2,18.2,2.1111386,266.88702,false,true,true,1.57542E9
19739769968322,6,15,33.6,28.6,27.57418,209.54988,true,true,true,1.57542E9
19739769968322,6,18,42.7,37.7,64.119026,3.246301,true,false,true,1.57542E9
19739769968322,6,25,20.6,15.6,13.91123,117.40616,true,true,true,1.57542E9
19739769968322,6,27,12.2,7.2,4.5813794,309.61627,false,false,true,1.57542E9
19739769968322,6,30,31.5,26.5,49.2451,329.32602,true,true,true,1.57542E9
19739769968322,6,34,37.2,32.2,79.044205,171.68158,true,true,true,1.57542E9
19739769968322,6,36,41.7,36.7,41.840115,41.710533,true,true,true,1.57542E9
19739769968322,1,6,26.1,21.1,71.82889,33.8546,true,true,true,1.17645E9
19739769968322,1,11,30.1,25.1,67.20751,221.2712,true,true,true,1.17645E9
19739769968322,1,14,22.4,17.4,20.761066,126.17851,true,true,true,1.17645E9
19739769968322,1,21,34.3,29.3,17.518345,166.57326,true,true,true,1.17645E9
19739769968322,1,24,27.7,22.7,37.151264,261.3042,true,true,true,1.17645E9
19739769968322,4,194,28.3,23.3,23.604813,97.0179,true,true,true,1.17645E9
19739769968322,4,195,26.9,21.9,32.21701,62.014374,true,true,true,1.17645E9
19739769968322,6,2,34.0,29.0,62.250828,82.92751,true,true,true,1.17645E9
19739769968322,6,15,27.2,22.2,27.57418,209.54988,true,true,true,1.17645E9
19739769968322,6,18,33.2,28.2,64.119026,3.246301,true,false,true,1.17645E9
19739769968322,6,25,23.6,18.6,13.91123,117.40616,true,true,true,1.17645E9
19739769968322,6,30,28.4,23.4,49.2451,329.32602,true,true,true,1.17645E9
19739769968322,6,34,22.6,17.6,79.044205,171.68158,true,true,true,1.17645E9
19739769968322,6,36,30.0,25.0,41.840115,41.710533,true,true,true,1.17645E9
19739769968322,5,23,21.1,16.1,76.25328,225.64455,true,true,true,1.17645E9
19739769968322,5,25,28.6,23.6,35.08738,157.25748,true,true,true,1.17645E9
19739769968322,5,27,23.0,18.0,10.455829,246.15868,false,true,true,1.17645E9
19739769968322,5,28,23.6,18.6,49.608406,267.31122,true,true,true,1.17645E9
19739769968322,5,34,16.0,11.0,7.5157013,53.7543,false,true,true,1.17645E9
19739769968322,5,37,38.7,33.7,34.58737,313.9813,true,true,true,1.17645E9
19739769968322,5,38,35.5,30.5,57.88874,19.09498,true,true,true,1.17645E9
19739769968322,5,42,20.7,15.7,5.4120073,96.42543,false,false,true,1.17645E9
19739769968322,5,23,38.5,33.5,76.25328,225.64455,true,true,true,1.57542E9
19739769968322,5,25,33.5,28.5,35.08738,157.25748,true,true,true,1.57542E9
19739769968322,5,27,26.7,21.7,10.455829,246.15868,true,true,true,1.57542E9
19739769968322,5,28,31.3,26.3,49.608406,267.31122,true,true,true,1.57542E9
19739769968322,5,34,16.7,11.7,7.5157013,53.7543,false,true,true,1.57542E9
19739769968322,5,37,40.4,35.4,34.58737,313.9813,true,true,true,1.57542E9
19739769968322,5,38,37.0,32.0,57.88874,19.09498,true,true,true,1.57542E9
19739769968322,5,42,28.0,23.0,5.4120073,96.42543,true,false,true,1.57542E9
19740769248009,1,6,39.0,34.0,71.82889,33.8546,true,true,true,1.57542E9
19740769248009,1,11,31.0,26.0,67.20751,221.2712,true,true,true,1.57542E9
19740769248009,1,12,38.1,33.1,24.911688,318.29565,true,false,true,1.57542E9
19740769248009,1,13,32.3,27.3,0.0,0.0,false,false,false,1.57542E9
19740769248009,1,14,28.8,23.8,20.761066,126.17851,true,true,true,1.57542E9
19740769248009,1,17,27.1,22.1,24.384571,61.234203,true,true,true,1.57542E9
19740769248009,1,19,35.8,30.8,49.370075,29.61656,true,true,true,1.57542E9
19740769248009,1,21,37.9,32.9,17.518345,166.57326,true,true,true,1.57542E9
19740769248009,1,22,28.6,23.6,40.924557,115.49065,true,true,true,1.57542E9
19740769248009,1,24,31.5,26.5,37.151264,261.3042,true,true,true,1.57542E9
19740769248009,4,194,22.1,17.1,23.604813,97.0179,true,true,true,1.57542E9
19740769248009,4,195,39.1,34.1,32.21701,62.014374,true,true,true,1.57542E9
19740769248009,2,134,35.8,30.8,0.0,0.0,false,false,false,1.57542E9
19740769248009,3,9,36.9,31.9,82.00473,147.53528,false,false,true,1.600875E9
19740769248009,3,16,31.5,26.5,23.731276,147.23816,true,true,true,1.6014374E9
19740769248009,3,20,40.0,35.0,62.37141,278.36404,false,false,true,1.603125E9
19740769248009,3,19,37.2,32.2,41.452652,19.580093,true,true,true,1.6036876E9
19740769248009,3,21,33.3,28.3,24.81651,238.7768,true,true,true,1.60425E9
19740769248009,5,42,29.9,24.9,5.4120073,96.42543,true,false,true,1.561098E9
19740769248009,5,38,41.0,36.0,57.88874,19.09498,true,true,true,1.561098E9
19740769248009,5,37,35.6,30.6,34.58737,313.9813,true,true,true,1.561098E9
19740769248009,5,33,29.3,24.3,2.5242438,145.99773,false,false,true,1.561098E9
19740769248009,5,28,34.8,29.8,49.608406,267.31122,true,true,true,1.561098E9
19740769248009,5,27,34.0,29.0,10.455829,246.15868,true,true,true,1.561098E9
19740769248009,5,25,30.1,25.1,35.08738,157.25748,true,true,true,1.561098E9
19740769248009,5,23,41.5,36.5,76.25328,225.64455,true,true,true,1.561098E9
19740769248009,5,13,40.4,35.4,68.27135,320.29843,true,true,true,1.561098E9
19740769248009,5,10,33.8,28.8,15.663169,162.58145,true,false,true,1.561098E9
19740769248009,5,9,30.3,25.3,22.402777,145.66512,true,false,true,1.561098E9
19740769248009,5,8,35.4,30.4,37.18223,48.354237,true,true,true,1.561098E9
19740769248009,5,6,29.2,24.2,30.446934,119.6433,true,true,true,1.561098E9
19740769248009,5,3,39.2,34.2,39.472725,128.12805,false,false,true,1.561098E9
19740769248009,5,2,34.8,29.8,54.25361,175.11227,true,false,true,1.561098E9
19740769248009,5,1,25.7,20.7,15.824988,103.63155,true,false,true,1.561098E9
19740769248009,6,2,42.5,37.5,62.250828,82.92751,true,true,true,1.57542E9
19740769248009,6,7,23.2,18.2,2.1111386,266.88702,false,true,true,1.57542E9
19740769248009,6,15,35.9,30.9,27.57418,209.54988,true,true,true,1.57542E9
19740769248009,6,18,42.7,37.7,64.119026,3.246301,true,false,true,1.57542E9
19740769248009,6,25,20.6,15.6,13.91123,117.40616,true,true,true,1.57542E9
19740769248009,6,27,12.2,7.2,4.5813794,309.61627,false,false,true,1.57542E9
19740769248009,6,30,37.7,32.7,49.2451,329.32602,true,true,true,1.57542E9
19740769248009,6,34,36.7,31.7,79.044205,171.68158,true,true,true,1.57542E9
19740769248009,6,36,42.2,37.2,41.840115,41.710533,true,true,true,1.57542E9
19740769248009,1,6,23.2,18.2,71.82889,33.8546,true,true,true,1.17645E9
19740769248009,1,11,31.6,26.6,67.20751,221.2712,true,true,true,1.17645E9
19740769248009,1,14,22.4,17.4,20.761066,126.17851,true,true,true,1.17645E9
19740769248009,1,21,31.8,26.8,17.518345,166.57326,true,true,true,1.17645E9
19740769248009,1,24,27.9,22.9,37.151264,261.3042,true,true,true,1.17645E9
19740769248009,4,194,28.3,23.3,23.604813,97.0179,true,true,true,1.17645E9
19740769248009,4,195,25.1,20.1,32.21701,62.014374,true,true,true,1.17645E9
19740769248009,6,2,35.3,30.3,62.250828,82.92751,true,true,true,1.17645E9
19740769248009,6,15,24.5,19.5,27.57418,209.54988,true,true,true,1.17645E9
19740769248009,6,18,32.6,27.6,64.119026,3.246301,true,false,true,1.17645E9
19740769248009,6,25,23.6,18.6,13.91123,117.40616,true,true,true,1.17645E9
19740769248009,6,30,30.8,25.8,49.2451,329.32602,true,true,true,1.17645E9
19740769248009,6,34,23.6,18.6,79.044205,171.68158,true,true,true,1.17645E9
19740769248009,6,36,29.9,24.9,41.840115,41.710533,true,true,true,1.17645E9
19740769248009,5,23,21.6,16.6,76.25328,225.64455,true,true,true,1.17645E9
19740769248009,5,25,22.8,17.8,35.08738,157.25748,true,true,true,1.17645E9
19740769248009,5,27,28.7,23.7,10.455829,246.15868,true,true,true,1.17645E9
19740769248009,5,28,21.5,16.5,49.608406,267.31122,true,true,true,1.17645E9
19740769248009,5,34,16.0,11.0,7.5157013,53.7543,false,true,true,1.17645E9
19740769248009,5,37,30.2,25.2,34.58737,313.9813,true,true,true,1.17645E9
19740769248009,5,38,33.8,28.8,57.88874,19.09498,true,true,true,1.17645E9
19740769248009,5,42,20.7,15.7,5.4120073,96.42543,true,false,true,1.17645E9
19740769248009,5,23,39.0,34.0,76.25328,225.64455,true,true,true,1.57542E9
19740769248009,5,25,26.4,21.4,35.08738,157.25748,true,true,true,1.57542E9
19740769248009,5,27,28.7,23.7,10.455829,246.15868,true,true,true,1.57542E9
19740769248009,5,28,32.2,27.2,49.608406,267.31122,true,true,true,1.57542E9
19740769248009,5,34,16.7,11.7,7.5157013,53.7543,false,true,true,1.57542E9
19740769248009,5,37,33.9,28.9,34.58737,313.9813,true,true,true,1.57542E9
19740769248009,5,38,39.3,34.3,57.88874,19.09498,true,true,true,1.57542E9
19740769248009,5,42,21.8,16.8,5.4120073,96.42543,true,false,true,1.57542E9
19741767379154,1,6,38.1,33.1,71.82889,33.8546,true,true,true,1.57542E9
19741767379154,1,11,29.3,24.3,67.20751,221.2712,true,true,true,1.57542E9
19741767379154,1,12,39.3,34.3,24.911688,318.29565,true,false,true,1.57542E9
19741767379154,1,13,37.6,32.6,0.0,0.0,false,false,false,1.57542E9
19741767379154,1,14,28.6,23.6,20.761066,126.17851,true,true,true,1.57542E9
19741767379154,1,17,26.3,21.3,24.384571,61.234203,true,true,true,1.57542E9
19741767379154,1,19,36.7,31.7,49.370075,29.61656,true,true,true,1.57542E9
19741767379154,1,21,30.5,25.5,17.518345,166.57326,true,true,true,1.57542E9
19741767379154,1,22,25.3,20.3,40.924557,115.49065,true,true,true,1.57542E9
19741767379154,1,24,30.1,25.1,37.151264,261.3042,true,true,true,1.57542E9
19741767379154,4,194,22.1,17.1,23.604813,97.0179,true,true,true,1.57542E9
19741767379154,4,195,36.4,31.4,32.21701,62.014374,true,true,true,1.57542E9
19741767379154,2,134,34.6,29.6,0.0,0.0,false,false,false,1.57542E9
19741767379154,3,9,37.5,32.5,82.00473,147.53528,false,false,true,1.600875E9
19741767379154,3,16,32.4,27.4,23.731276,147.23816,true,true,true,1.6014374E9
19741767379154,3,20,42.8,37.8,62.37141,278.36404,false,false,true,1.603125E9
19741767379154,3,19,38.5,33.5,41.452652,19.580093,true,true,true,1.6036876E9
19741767379154,3,21,28.9,23.9,24.81651,238.7768,true,true,true,1.60425E9
19741767379154,5,42,29.9,24.9,5.4120073,96.42543,true,false,true,1.561098E9
19741767379154,5,38,41.5,36.5,57.88874,19.09498,true,true,true,1.561098E9
19741767379154,5,37,40.2,35.2,34.58737,313.9813,true,true,true,1.561098E9
19741767379154,5,33,29.3,24.3,2.5242438,145.99773,false,false,true,1.561098E9
19741767379154,5,28,37.8,32.8,49.608406,267.31122,true,true,true,1.561098E9
19741767379154,5,27,36.1,31.1,10.455829,246.15868,true,true,true,1.561098E9
19741767379154,5,25,27.3,22.3,35.08738,157.25748,true,true,true,1.561098E9
19741767379154,5,23,40.2,35.2,76.25328,225.64455,true,true,true,1.561098E9
19741767379154,5,14,21.2,16.2,2.695912,75.00786,false,false,true,1.561098E9
19741767379154,5,13,41.4,36.4,68.27135,320.29843,true,true,true,1.561098E9
19741767379154,5,10,29.9,24.9,15.663169,162.58145,true,false,true,1.561098E9
19741767379154,5,9,30.3,25.3,22.402777,145.66512,true,false,true,1.561098E9
19741767379154,5,8,33.1,28.1,37.18223,48.354237,true,true,true,1.561098E9
19741767379154,5,6,22.9,17.9,30.446934,119.6433,true,true,true,1.561098E9
19741767379154,5,3,31.4,26.4,39.472725,128.12805,false,false,true,1.561098E9
19741767379154,5,2,34.8,29.8,54.25361,175.11227,true,false,true,1.561098E9
19741767379154,5,1,25.7,20.7,15.824988,103.63155,true,false,true,1.561098E9
19741767379154,6,2,42.6,37.6,62.250828,82.92751,true,true,true,1.57542E9
19741767379154,6,7,17.9,12.9,2.1111386,266.88702,false,true,true,1.57542E9
19741767379154,6,15,34.3,29.3,27.57418,209.54988,true,true,true,1.57542E9
19741767379154,6,18,42.3,37.3,64.119026,3.246301,true,false,true,1.57542E9
19741767379154,6,25,20.6,15.6,13.91123,117.40616,false,true,true,1.57542E9
19741767379154,6,27,12.2,7.2,4.5813794,309.61627,false,false,true,1.57542E9
19741767379154,6,30,42.1,37.1,49.2451,329.32602,true,true,true,1.57542E9
19741767379154,6,34,36.8,31.8,79.044205,171.68158,true,true,true,1.57542E9
19741767379154,6,36,42.0,37.0,41.840115,41.710533,true,true,true,1.57542E9
19741767379154,1,6,23.9,18.9,71.82889,33.8546,true,true,true,1.17645E9
19741767379154,1,11,29.8,24.8,67.20751,221.2712,true,true,true,1.17645E9
19741767379154,1,14,18.5,13.5,20.761066,126.17851,true,true,true,1.17645E9
19741767379154,1,21,24.4,19.4,17.518345,166.57326,true,true,true,1.17645E9
19741767379154,1,24,28.6,23.6,37.151264,261.3042,true,true,true,1.17645E9
19741767379154,4,194,28.3,23.3,23.604813,97.0179,true,true,true,1.17645E9
19741767379154,4,195,24.3,19.3,32.21701,62.014374,true,true,true,1.17645E9
19741767379154,6,2,35.6,30.6,62.250828,82.92751,true,true,true,1.17645E9
19741767379154,6,15,22.2,17.2,27.57418,209.54988,true,true,true,1.17645E9
19741767379154,6,18,33.4,28.4,64.119026,3.246301,true,false,true,1.17645E9
19741767379154,6,25,23.6,18.6,13.91123,117.40616,false,true,true,1.17645E9
19741767379154,6,30,25.7,20.7,49.2451,329.32602,true,true,true,1.17645E9
19741767379154,6,34,21.2,16.2,79.044205,171.68158,true,true,true,1.17645E9
19741767379154,6,36,30.3,25.3,41.840115,41.710533,true,true,true,1.17645E9
19741767379154,5,23,25.5,20.5,76.25328,225.64455,true,true,true,1.17645E9
19741767379154,5,25,22.8,17.8,35.08738,157.25748,true,true,true,1.17645E9
19741767379154,5,27,31.6,26.6,10.455829,246.15868,true,true,true,1.17645E9
19741767379154,5,28,21.1,16.1,49.608406,267.31122,true,true,true,1.17645E9
19741767379154,5,34,16.0,11.0,7.5157013,53.7543,false,true,true,1.17645E9
19741767379154,5,37,34.6,29.6,34.58737,313.9813,true,true,true,1.17645E9
19741767379154,5,38,33.5,28.5,57.88874,19.09498,true,true,true,1.17645E9
19741767379154,5,42,20.7,15.7,5.4120073,96.42543,true,false,true,1.17645E9
19741767379154,5,23,37.7,32.7,76.25328,225.64455,true,true,true,1.57542E9
19741767379154,5,25,22.6,17.6,35.08738,157.25748,true,true,true,1.57542E9
19741767379154,5,27,33.3,28.3,10.455829,246.15868,true,true,true,1.57542E9
19741767379154,5,28,35.3,30.3,49.608406,267.31122,true,true,true,1.57542E9
19741767379154,5,34,16.7,11.7,7.5157013,53.7543,false,true,true,1.57542E9
19741767379154,5,37,39.0,34.0,34.58737,313.9813,true,true,true,1.57542E9
19741767379154,5,38,40.2,35.2,57.88874,19.09498,true,true,true,1.57542E9
19741767379154,5,42,21.8,16.8,5.4120073,96.42543,true,false,true,1.57542E9
19742769692123,1,6,37.4,32.4,71.82889,33.8546,true,true,true,1.57542E9
19742769692123,1,11,30.7,25.7,67.20751,221.2712,true,true,true,1.57542E9
19742769692123,1,12,43.8,38.8,24.911688,318.29565,true,false,true,1.57542E9
19742769692123,1,13,39.4,34.4,0.0,0.0,false,false,false,1.57542E9
19742769692123,1,14,28.6,23.6,20.761066,126.17851,true,true,true,1.57542E9
19742769692123,1,19,33.3,28.3,49.370075,29.61656,true,true,true,1.57542E9
19742769692123,1,21,32.2,27.2,17.518345,166.57326,true,true,true,1.57542E9
19742769692123,1,22,25.3,20.3,40.924557,115.49065,true,true,true,1.57542E9
19742769692123,1,24,33.4,28.4,37.151264,261.3042,true,true,true,1.57542E9
19742769692123,4,194,22.1,17.1,23.604813,97.0179,true,true,true,1.57542E9
19742769692123,4,195,42.2,37.2,32.21701,62.014374,true,true,true,1.57542E9
19742769692123,2,134,34.7,29.7,0.0,0.0,false,false,false,1.57542E9
19742769692123,3,9,38.0,33.0,82.00473,147.53528,false,false,true,1.600875E9
19742769692123,3,16,37.3,32.3,23.731276,147.23816,true,true,true,1.6014374E9
19742769692123,3,20,42.6,37.6,62.37141,278.36404,false,false,true,1.603125E9
19742769692123,3,19,36.0,31.0,41.452652,19.580093,true,true,true,1.6036876E9
19742769692123,3,21,35.9,30.9,24.81651,238.7768,true,true,true,1.60425E9
19742769692123,5,42,24.5,19.5,5.4120073,96.42543,true,false,true,1.561098E9
19742769692123,5,38,42.1,37.1,57.88874,19.09498,true,true,true,1.561098E9
19742769692123,5,37,43.4,38.4,34.58737,313.9813,true,true,true,1.561098E9
19742769692123,5,33,29.3,24.3,2.5242438,145.99773,false,false,true,1.561098E9
19742769692123,5,28,40.7,35.7,49.608406,267.31122,true,true,true,1.561098E9
19742769692123,5,27,35.3,30.3,10.455829,246.15868,true,true,true,1.561098E9
19742769692123,5,25,35.6,30.6,35.08738,157.25748,true,true,true,1.561098E9
19742769692123,5,23,39.9,34.9,76.25328,225.64455,true,true,true,1.561098E9
19742769692123,5,14,21.2,16.2,2.695912,75.00786,false,false,true,1.561098E9
19742769692123,5,13,41.4,36.4,68.27135,320.29843,true,true,true,1.561098E9
19742769692123,5,10,30.9,25.9,15.663169,162.58145,true,false,true,1.561098E9
19742769692123,5,9,32.9,27.9,22.402777,145.66512,true,false,true,1.561098E9
19742769692123,5,8,33.9,28.9,37.18223,48.354237,true,true,true,1.561098E9
19742769692123,5,6,22.9,17.9,30.446934,119.6433,true,true,true,1.561098E9
19742769692123,5,3,31.4,26.4,39.472725,128.12805,false,false,true,1.561098E9
19742769692123,5,2,34.2,29.2,54.25361,175.11227,true,false,true,1.561098E9
19742769692123,5,1,25.7,20.7,15.824988,103.63155,true,false,true,1.561098E9
19742769692123,6,2,42.8,37.8,62.250828,82.92751,true,true,true,1.57542E9
19742769692123,6,7,17.9,12.9,2.1111386,266.88702,false,true,true,1.57542E9
19742769692123,6,15,33.6,28.6,27.57418,209.54988,true,true,true,1.57542E9
19742769692123,6,18,42.8,37.8,64.119026,3.246301,true,false,true,1.57542E9
19742769692123,6,25,20.6,15.6,13.91123,117.40616,false,true,true,1.57542E9
19742769692123,6,27,12.2,7.2,4.5813794,309.61627,false,false,true,1.57542E9
19742769692123,6,30,41.7,36.7,49.2451,329.32602,true,true,true,1.57542E9
19742769692123,6,34,37.0,32.0,79.044205,171.68158,true,true,true,1.57542E9
19742769692123,6,36,41.6,36.6,41.840115,41.710533,true,true,true,1.57542E9
19742769692123,1,6,24.7,19.7,71.82889,33.8546,true,true,true,1.17645E9
19742769692123,1,11,30.3,25.3,67.20751,221.2712,true,true,true,1.17645E9
19742769692123,1,14,18.5,13.5,20.761066,126.17851,true,true,true,1.17645E9
19742769692123,1,21,22.0,17.0,17.518345,166.57326,true,true,true,1.17645E9
19742769692123,1,24,30.9,25.9,37.151264,261.3042,true,true,true,1.17645E9
19742769692123,4,194,28.3,23.3,23.604813,97.0179,true,true,true,1.17645E9
19742769692123,4,195,30.5,25.5,32.21701,62.014374,true,true,true,1.17645E9
19742769692123,6,2,36.2,31.2,62.250828,82.92751,true,true,true,1.17645E9
19742769692123,6,15,25.0,20.0,27.57418,209.54988,true,true,true,1.17645E9
19742769692123,6,18,33.1,28.1,64.119026,3.246301,true,false,true,1.17645E9
19742769692123,6,25,23.6,18.6,13.91123,117.40616,false,true,true,1.17645E9
19742769692123,6,30,26.9,21.9,49.2451,329.32602,true,true,true,1.17645E9
19742769692123,6,34,23.4,18.4,79.044205,171.68158,true,true,true,1.17645E9
19742769692123,6,36,31.1,26.1,41.840115,41.710533,true,true,true,1.17645E9
19742769692123,5,23,23.2,18.2,76.25328,225.64455,true,true,true,1.17645E9
19742769692123,5,25,19.3,14.3,35.08738,157.25748,true,true,true,1.17645E9
19742769692123,5,27,31.3,26.3,10.455829,246.15868,true,true,true,1.17645E9
19742769692123,5,28,23.6,18.6,49.608406,267.31122,true,true,true,1.17645E9
19742769692123,5,34,16.0,11.0,7.5157013,53.7543,false,true,true,1.17645E9
19742769692123,5,37,38.0,33.0,34.58737,313.9813,true,true,true,1.17645E9
19742769692123,5,38,32.6,27.6,57.88874,19.09498,true,true,true,1.17645E9
19742769692123,5,42,20.7,15.7,5.4120073,96.42543,true,false,true,1.17645E9
19742769692123,5,23,37.3,32.3,76.25328,225.64455,true,true,true,1.57542E9
19742769692123,5,25,32.0,27.0,35.08738,157.25748,true,true,true,1.57542E9
19742769692123,5,27,33.1,28.1,10.455829,246.15868,true,true,true,1.57542E9
19742769692123,5,28,38.7,33.7,49.608406,267.31122,true,true,true,1.57542E9
19742769692123,5,34,16.7,11.7,7.5157013,53.7543,false,true,true,1.57542E9
19742769692123,5,37,42.3,37.3,34.58737,313.9813,true,true,true,1.57542E9
19742769692123,5,38,41.6,36.6,57.88874,19.09498,true,true,true,1.57542E9
19742769692123,5,42,22.1,17.1,5.4120073,96.42543,true,false,true,1.57542E9
19743767856966,1,6,38.5,33.5,71.82889,33.8546,true,true,true,1.57542E9
19743767856966,1,11,32.9,27.9,67.20751,221.2712,true,true,true,1.57542E9
19743767856966,1,12,41.7,36.7,24.911688,318.29565,true,false,true,1.57542E9
19743767856966,1,13,38.5,33.5,0.0,0.0,false,false,false,1.57542E9
19743767856966,1,14,21.8,16.8,20.761066,126.17851,true,true,true,1.57542E9
19743767856966,1,19,37.9,32.9,49.370075,29.61656,true,true,true,1.57542E9
19743767856966,1,21,35.0,30.0,17.518345,166.57326,true,true,true,1.57542E9
19743767856966,1,22,24.3,19.3,40.924557,115.49065,true,true,true,1.57542E9
19743767856966,1,24,33.6,28.6,37.151264,261.3042,true,true,true,1.57542E9
19743767856966,4,194,22.1,17.1,23.604813,97.0179,true,true,true,1.57542E9
19743767856966,4,195,41.5,36.5,32.21701,62.014374,true,true,true,1.57542E9
19743767856966,2,134,35.4,30.4,0.0,0.0,false,false,false,1.57542E9
19743767856966,3,9,38.2,33.2,82.00473,147.53528,false,false,true,1.600875E9
19743767856966,3,16,33.2,28.2,23.731276,147.23816,true,true,true,1.6014374E9
19743767856966,3,20,42.4,37.4,62.37141,278.36404,false,false,true,1.603125E9
19743767856966,3,19,38.6,33.6,41.452652,19.580093,true,true,true,1.6036876E9
19743767856966,3,21,36.2,31.2,24.81651,238.7768,true,true,true,1.60425E9
19743767856966,5,42,24.5,19.5,5.4120073,96.42543,true,false,true,1.561098E9
19743767856966,5,38,40.0,35.0,57.88874,19.09498,true,true,true,1.561098E9
19743767856966,5,37,41.0,36.0,34.58737,313.9813,true,true,true,1.561098E9
19743767856966,5,33,29.3,24.3,2.5242438,145.99773,false,false,true,1.561098E9
19743767856966,5,28,41.2,36.2,49.608406,267.31122,true,true,true,1.561098E9
19743767856966,5,27,40.1,35.1,10.455829,246.15868,true,true,true,1.561098E9
19743767856966,5,25,34.6,29.6,35.08738,157.25748,true,true,true,1.561098E9
19743767856966,5,23,39.7,34.7,76.25328,225.64455,true,true,true,1.561098E9
19743767856966,5,14,21.2,16.2,2.695912,75.00786,false,false,true,1.561098E9
19743767856966,5,13,41.9,36.9,68.27135,320.29843,true,true,true,1.561098E9
19743767856966,5,10,35.6,30.6,15.663169,162.58145,true,false,true,1.561098E9
19743767856966,5,9,28.7,23.7,22.402777,145.66512,true,false,true,1.561098E9
19743767856966,5,8,32.8,27.8,37.18223,48.354237,true,true,true,1.561098E9
19743767856966,5,6,21.0,16.0,30.446934,119.6433,true,true,true,1.561098E9
19743767856966,5,3,31.4,26.4,39.472725,128.12805,false,false,true,1.561098E9
19743767856966,5,2,34.6,29.6,54.25361,175.11227,true,false,true,1.561098E9
19743767856966,5,1,25.7,20.7,15.824988,103.63155,true,false,true,1.561098E9
19743767856966,6,2,41.4,36.4,62.250828,82.92751,true,true,true,1.57542E9
19743767856966,6,7,17.9,12.9,2.1111386,266.88702,false,true,true,1.57542E9
19743767856966,6,15,36.7,31.7,27.57418,209.54988,true,true,true,1.57542E9
19743767856966,6,18,38.6,33.6,64.119026,3.246301,true,false,true,1.57542E9
19743767856966,6,25,20.6,15.6,13.91123,117.40616,false,true,true,1.57542E9
19743767856966,6,27,12.2,7.2,4.5813794,309.61627,false,false,true,1.57542E9
19743767856966,6,30,40.7,35.7,49.2451,329.32602,true,true,true,1.57542E9
19743767856966,6,34,36.2,31.2,79.044205,171.68158,true,true,true,1.57542E9
19743767856966,6,36,42.0,37.0,41.840115,41.710533,true,true,true,1.57542E9
19743767856966,1,6,24.9,19.9,71.82889,33.8546,true,true,true,1.17645E9
19743767856966,1,11,31.1,26.1,67.20751,221.2712,true,true,true,1.17645E9
19743767856966,1,14,18.5,13.5,20.761066,126.17851,true,true,true,1.17645E9
19743767856966,1,21,30.2,25.2,17.518345,166.57326,true,true,true,1.17645E9
19743767856966,1,24,29.7,24.7,37.151264,261.3042,true,true,true,1.17645E9
19743767856966,4,194,28.3,23.3,23.604813,97.0179,true,true,true,1.17645E9
19743767856966,4,195,29.4,24.4,32.21701,62.014374,true,true,true,1.17645E9
19743767856966,6,2,35.7,30.7,62.250828,82.92751,true,true,true,1.17645E9
19743767856966,6,15,27.0,22.0,27.57418,209.54988,true,true,true,1.17645E9
19743767856966,6,18,30.0,25.0,64.119026,3.246301,true,false,true,1.17645E9
19743767856966,6,25,23.6,18.6,13.91123,117.40616,false,true,true,1.17645E9
19743767856966,6,30,26.2,21.2,49.2451,329.32602,true,true,true,1.17645E9
19743767856966,6,34,21.4,16.4,79.044205,171.68158,true,true,true,1.17645E9
19743767856966,6,36,29.6,24.6,41.840115,41.710533,true,true,true,1.17645E9
19743767856966,5,23,23.7,18.7,76.25328,225.64455,true,true,true,1.17645E9
19743767856966,5,25,27.4,22.4,35.08738,157.25748,true,true,true,1.17645E9
19743767856966,5,27,33.5,28.5,10.455829,246.15868,true,true,true,1.17645E9
19743767856966,5,28,21.7,16.7,49.608406,267.31122,true,true,true,1.17645E9
19743767856966,5,34,16.0,11.0,7.5157013,53.7543,false,true,true,1.17645E9
19743767856966,5,37,37.1,32.1,34.58737,313.9813,true,true,true,1.17645E9
19743767856966,5,38,31.1,26.1,57.88874,19.09498,true,true,true,1.17645E9
19743767856966,5,42,20.7,15.7,5.4120073,96.42543,true,false,true,1.17645E9
19743767856966,5,23,37.9,32.9,76.25328,225.64455,true,true,true,1.57542E9
19743767856966,5,25,33.6,28.6,35.08738,157.25748,true,true,true,1.57542E9
19743767856966,5,27,37.5,32.5,10.455829,246.15868,true,true,true,1.57542E9
19743767856966,5,28,39.1,34.1,49.608406,267.31122,true,true,true,1.57542E9
19743767856966,5,34,16.7,11.7,7.5157013,53.7543,false,true,true,1.57542E9
19743767856966,5,37,40.1,35.1,34.58737,313.9813,true,true,true,1.57542E9
19743767856966,5,38,38.9,33.9,57.88874,19.09498,true,true,true,1.57542E9
19743767856966,5,42,22.1,17.1,5.4120073,96.42543,true,false,true,1.57542E9
19744766832018,1,6,39.3,34.3,71.82889,33.8546,true,true,true,1.57542E9
19744766832018,1,11,33.6,28.6,67.20751,221.2712,true,true,true,1.57542E9
19744766832018,1,12,43.7,38.7,24.911688,318.29565,true,false,true,1.57542E9
19744766832018,1,13,36.6,31.6,0.0,0.0,false,false,false,1.57542E9
19744766832018,1,14,21.8,16.8,20.761066,126.17851,true,true,true,1.57542E9
19744766832018,1,19,36.2,31.2,49.370075,29.61656,true,true,true,1.57542E9
19744766832018,1,21,36.6,31.6,17.518345,166.57326,true,true,true,1.57542E9
19744766832018,1,22,28.0,23.0,40.924557,115.49065,true,true,true,1.57542E9
19744766832018,1,24,40.1,35.1,37.151264,261.3042,true,true,true,1.57542E9
19744766832018,4,195,31.2,26.2,32.21701,62.014374,true,true,true,1.57542E9
19744766832018,2,134,34.1,29.1,0.0,0.0,false,false,false,1.57542E9
19744766832018,3,9,39.3,34.3,82.00473,147.53528,false,false,true,1.600875E9
19744766832018,3,16,25.3,20.3,23.731276,147.23816,true,true,true,1.6014374E9
19744766832018,3,20,42.5,37.5,62.37141,278.36404,false,false,true,1.603125E9
19744766832018,3,19,38.3,33.3,41.452652,19.580093,true,true,true,1.6036876E9
19744766832018,3,21,34.1,29.1,24.81651,238.7768,true,true,true,1.60425E9
19744766832018,5,42,24.5,19.5,5.4120073,96.42543,true,false,true,1.561098E9
19744766832018,5,38,41.3,36.3,57.88874,19.09498,true,true,true,1.561098E9
19744766832018,5,37,41.1,36.1,34.58737,313.9813,true,true,true,1.561098E9
19744766832018,5,33,29.3,24.3,2.5242438,145.99773,false,false,true,1.561098E9
19744766832018,5,28,41.9,36.9,49.608406,267.31122,true,true,true,1.561098E9
19744766832018,5,27,36.4,31.4,10.455829,246.15868,true,true,true,1.561098E9
19744766832018,5,25,36.8,31.8,35.08738,157.25748,true,true,true,1.561098E9
19744766832018,5,23,39.4,34.4,76.25328,225.64455,true,true,true,1.561098E9
19744766832018,5,14,21.6,16.6,2.695912,75.00786,false,false,true,1.561098E9
19744766832018,5,13,39.8,34.8,68.27135,320.29843,true,true,true,1.561098E9
19744766832018,5,10,37.9,32.9,15.663169,162.58145,true,false,true,1.561098E9
19744766832018,5,9,28.7,23.7,22.402777,145.66512,true,false,true,1.561098E9
19744766832018,5,8,33.7,28.7,37.18223,48.354237,true,true,true,1.561098E9
19744766832018,5,6,21.0,16.0,30.446934,119.6433,true,true,true,1.561098E9
19744766832018,5,3,25.1,20.1,39.472725,128.12805,false,false,true,1.561098E9
19744766832018,5,2,34.2,29.2,54.25361,175.11227,true,false,true,1.561098E9
19744766832018,5,1,25.7,20.7,15.824988,103.63155,true,false,true,1.561098E9
19744766832018,6,2,40.6,35.6,62.250828,82.92751,true,true,true,1.57542E9
19744766832018,6,7,17.9,12.9,2.1111386,266.88702,false,true,true,1.57542E9
19744766832018,6,15,38.7,33.7,27.57418,209.54988,true,true,true,1.57542E9
19744766832018,6,18,40.8,35.8,64.119026,3.246301,true,false,true,1.57542E9
19744766832018,6,25,20.6,15.6,13.91123,117.40616,false,true,true,1.57542E9
19744766832018,6,27,12.2,7.2,4.5813794,309.61627,false,false,true,1.57542E9
19744766832018,6,30,40.1,35.1,49.2451,329.32602,true,true,true,1.57542E9
19744766832018,6,34,36.3,31.3,79.044205,171.68158,true,true,true,1.57542E9
19744766832018,6,36,41.1,36.1,41.840115,41.710533,true,true,true,1.57542E9
19744766832018,1,6,24.2,19.2,71.82889,33.8546,true,true,true,1.17645E9
19744766832018,1,11,31.5,26.5,67.20751,221.2712,true,true,true,1.17645E9
19744766832018,1,14,18.5,13.5,20.761066,126.17851,true,true,true,1.17645E9
19744766832018,1,21,31.9,26.9,17.518345,166.57326,true,true,true,1.17645E9
19744766832018,1,24,33.6,28.6,37.151264,261.3042,true,true,true,1.17645E9
19744766832018,4,194,28.3,23.3,23.604813,97.0179,false,true,true,1.17645E9
19744766832018,4,195,21.0,16.0,32.21701,62.014374,true,true,true,1.17645E9
19744766832018,6,2,35.6,30.6,62.250828,82.92751,true,true,true,1.17645E9
19744766832018,6,15,27.9,22.9,27.57418,209.54988,true,true,true,1.17645E9
19744766832018,6,18,30.8,25.8,64.119026,3.246301,true,false,true,1.17645E9
19744766832018,6,25,23.6,18.6,13.91123,117.40616,false,true,true,1.17645E9
19744766832018,6,30,25.5,20.5,49.2451,329.32602,true,true,true,1.17645E9
19744766832018,6,34,21.4,16.4,79.044205,171.68158,true,true,true,1.17645E9
19744766832018,6,36,29.9,24.9,41.840115,41.710533,true,true,true,1.17645E9
19744766832018,5,23,23.9,18.9,76.25328,225.64455,true,true,true,1.17645E9
19744766832018,5,25,27.8,22.8,35.08738,157.25748,true,true,true,1.17645E9
19744766832018,5,27,24.4,19.4,10.455829,246.15868,true,true,true,1.17645E9
19744766832018,5,28,24.9,19.9,49.608406,267.31122,true,true,true,1.17645E9
19744766832018,5,34,16.0,11.0,7.5157013,53.7543,false,true,true,1.17645E9
19744766832018,5,37,37.1,32.1,34.58737,313.9813,true,true,true,1.17645E9
19744766832018,5,38,31.1,26.1,57.88874,19.09498,true,true,true,1.17645E9
19744766832018,5,42,20.7,15.7,5.4120073,96.42543,true,false,true,1.17645E9
19744766832018,5,23,37.8,32.8,76.25328,225.64455,true,true,true,1.57542E9
19744766832018,5,25,35.2,30.2,35.08738,157.25748,true,true,true,1.57542E9
19744766832018,5,27,31.6,26.6,10.455829,246.15868,true,true,true,1.57542E9
19744766832018,5,28,41.1,36.1,49.608406,267.31122,true,true,true,1.57542E9
19744766832018,5,34,16.7,11.7,7.5157013,53.7543,false,true,true,1.57542E9
19744766832018,5,37,40.8,35.8,34.58737,313.9813,true,true,true,1.57542E9
19744766832018,5,38,40.0,35.0,57.88874,19.09498,true,true,true,1.57542E9
19744766832018,5,42,22.1,17.1,5.4120073,96.42543,true,false,true,1.57542E9
19745775165924,1,6,39.2,34.2,71.82889,33.8546,true,true,true,1.57542E9
19745775165924,1,11,32.5,27.5,67.20751,221.2712,true,true,true,1.57542E9
19745775165924,1,12,44.2,39.2,24.911688,318.29565,true,false,true,1.57542E9
19745775165924,1,13,38.8,33.8,0.0,0.0,false,false,false,1.57542E9
19745775165924,1,14,21.8,16.8,20.761066,126.17851,true,true,true,1.57542E9
19745775165924,1,19,36.6,31.6,49.370075,29.61656,true,true,true,1.57542E9
19745775165924,1,21,40.0,35.0,17.518345,166.57326,true,true,true,1.57542E9
19745775165924,1,22,30.3,25.3,40.924557,115.49065,true,true,true,1.57542E9
19745775165924,1,24,40.4,35.4,37.151264,261.3042,true,true,true,1.57542E9
19745775165924,4,195,25.6,20.6,32.21701,62.014374,true,true,true,1.57542E9
19745775165924,2,134,33.5,28.5,0.0,0.0,false,false,false,1.57542E9
19745775165924,3,9,39.4,34.4,82.00473,147.53528,false,false,true,1.600875E9
19745775165924,3,16,25.7,20.7,23.731276,147.23816,true,true,true,1.6014374E9
19745775165924,3,20,42.8,37.8,62.37141,278.36404,false,false,true,1.603125E9
19745775165924,3,19,41.0,36.0,41.452652,19.580093,true,true,true,1.6036876E9
19745775165924,3,21,35.3,30.3,24.81651,238.7768,true,true,true,1.60425E9
19745775165924,5,42,24.5,19.5,5.4120073,96.42543,true,false,true,1.561098E9
19745775165924,5,38,40.2,35.2,57.88874,19.09498,true,true,true,1.561098E9
19745775165924,5,37,42.1,37.1,34.58737,313.9813,true,true,true,1.561098E9
19745775165924,5,33,29.3,24.3,2.5242438,145.99773,false,false,true,1.561098E9
19745775165924,5,28,43.0,38.0,49.608406,267.31122,true,true,true,1.561098E9
19745775165924,5,27,33.1,28.1,10.455829,246.15868,true,true,true,1.561098E9
19745775165924,5,25,24.8,19.8,35.08738,157.25748,true,true,true,1.561098E9
19745775165924,5,23,38.2,33.2,76.25328,225.64455,true,true,true,1.561098E9
19745775165924,5,14,21.6,16.6,2.695912,75.00786,false,false,true,1.561098E9
19745775165924,5,13,40.3,35.3,68.27135,320.29843,true,true,true,1.561098E9
19745775165924,5,10,36.0,31.0,15.663169,162.58145,true,false,true,1.561098E9
19745775165924,5,9,28.7,23.7,22.402777,145.66512,true,false,true,1.561098E9
19745775165924,5,8,35.5,30.5,37.18223,48.354237,true,true,true,1.561098E9
19745775165924,5,6,21.0,16.0,30.446934,119.6433,true,true,true,1.561098E9
19745775165924,5,3,25.1,20.1,39.472725,128.12805,false,false,true,1.561098E9
19745775165924,5,2,34.2,29.2,54.25361,175.11227,true,false,true,1.561098E9
19745775165924,5,1,25.7,20.7,15.824988,103.63155,true,false,true,1.561098E9
19745775165924,6,2,38.7,33.7,62.250828,82.92751,true,true,true,1.57542E9
19745775165924,6,7,17.9,12.9,2.1111386,266.88702,false,true,true,1.57542E9
19745775165924,6,15,37.8,32.8,27.57418,209.54988,true,true,true,1.57542E9
19745775165924,6,18,38.0,33.0,64.119026,3.246301,true,false,true,1.57542E9
19745775165924,6,25,20.6,15.6,13.91123,117.40616,false,true,true,1.57542E9
19745775165924,6,27,12.2,7.2,4.5813794,309.61627,false,false,true,1.57542E9
19745775165924,6,30,38.3,33.3,49.2451,329.32602,true,true,true,1.57542E9
19745775165924,6,34,36.5,31.5,79.044205,171.68158,true,true,true,1.57542E9
19745775165924,6,36,42.2,37.2,41.840115,41.710533,true,true,true,1.57542E9
19745775165924,1,6,22.9,17.9,71.82889,33.8546,true,true,true,1.17645E9
19745775165924,1,11,28.1,23.1,67.20751,221.2712,true,true,true,1.17645E9
19745775165924,1,14,18.5,13.5,20.761066,126.17851,true,true,true,1.17645E9
19745775165924,1,21,31.7,26.7,17.518345,166.57326,true,true,true,1.17645E9
19745775165924,1,24,29.5,24.5,37.151264,261.3042,true,true,true,1.17645E9
19745775165924,4,194,28.3,23.3,23.604813,97.0179,false,true,true,1.17645E9
19745775165924,4,195,21.0,16.0,32.21701,62.014374,true,true,true,1.17645E9
19745775165924,6,2,36.7,31.7,62.250828,82.92751,true,true,true,1.17645E9
19745775165924,6,15,24.9,19.9,27.57418,209.54988,true,true,true,1.17645E9
19745775165924,6,18,29.7,24.7,64.119026,3.246301,true,false,true,1.17645E9
19745775165924,6,25,23.6,18.6,13.91123,117.40616,false,true,true,1.17645E9
19745775165924,6,30,22.7,17.7,49.2451,329.32602,true,true,true,1.17645E9
19745775165924,6,34,21.6,16.6,79.044205,171.68158,true,true,true,1.17645E9
19745775165924,6,36,30.7,25.7,41.840115,41.710533,true,true,true,1.17645E9
19745775165924,5,23,23.9,18.9,76.25328,225.64455,true,true,true,1.17645E9
19745775165924,5,25,27.8,22.8,35.08738,157.25748,true,true,true,1.17645E9
19745775165924,5,27,24.4,19.4,10.455829,246.15868,true,true,true,1.17645E9
19745775165924,5,28,22.8,17.8,49.608406,267.31122,true,true,true,1.17645E9
19745775165924,5,34,16.0,11.0,7.5157013,53.7543,false,true,true,1.17645E9
19745775165924,5,37,35.3,30.3,34.58737,313.9813,true,true,true,1.17645E9
19745775165924,5,38,31.5,26.5,57.88874,19.09498,true,true,true,1.17645E9
19745775165924,5,42,20.7,15.7,5.4120073,96.42543,true,false,true,1.17645E9
19745775165924,5,23,35.6,30.6,76.25328,225.64455,true,true,true,1.57542E9
19745775165924,5,25,35.2,30.2,35.08738,157.25748,true,true,true,1.57542E9
19745775165924,5,27,28.2,23.2,10.455829,246.15868,true,true,true,1.57542E9
19745775165924,5,28,41.4,36.4,49.608406,267.31122,true,true,true,1.57542E9
19745775165924,5,34,16.7,11.7,7.5157013,53.7543,false,true,true,1.57542E9
19745775165924,5,37,41.9,36.9,34.58737,313.9813,true,true,true,1.57542E9
19745775165924,5,38,38.7,33.7,57.88874,19.09498,true,true,true,1.57542E9
19745775165924,5,42,22.1,17.1,5.4120073,96.42543,true,false,true,1.57542E9
19746767643371,1,6,39.0,34.0,71.82889,33.8546,true,true,true,1.57542E9
19746767643371,1,11,32.3,27.3,67.20751,221.2712,true,true,true,1.57542E9
19746767643371,1,12,44.4,39.4,24.911688,318.29565,true,false,true,1.57542E9
19746767643371,1,13,36.5,31.5,0.0,0.0,false,false,false,1.57542E9
19746767643371,1,14,21.8,16.8,20.761066,126.17851,true,true,true,1.57542E9
19746767643371,1,19,34.3,29.3,49.370075,29.61656,true,true,true,1.57542E9
19746767643371,1,21,38.2,33.2,17.518345,166.57326,true,true,true,1.57542E9
19746767643371,1,22,34.3,29.3,40.924557,115.49065,true,true,true,1.57542E9
19746767643371,1,24,40.0,35.0,37.151264,261.3042,true,true,true,1.57542E9
19746767643371,4,195,27.9,22.9,32.21701,62.014374,true,true,true,1.57542E9
19746767643371,2,134,34.8,29.8,0.0,0.0,false,false,false,1.57542E9
19746767643371,3,9,37.9,32.9,82.00473,147.53528,false,false,true,1.600875E9
19746767643371,3,16,23.5,18.5,23.731276,147.23816,true,true,true,1.6014374E9
19746767643371,3,20,42.6,37.6,62.37141,278.36404,false,false,true,1.603125E9
19746767643371,3,19,42.8,37.8,41.452652,19.580093,true,true,true,1.6036876E9
19746767643371,3,21,35.4,30.4,24.81651,238.7768,true,true,true,1.60425E9
19746767643371,5,42,24.5,19.5,5.4120073,96.42543,false,false,true,1.561098E9
19746767643371,5,38,42.5,37.5,57.88874,19.09498,true,true,true,1.561098E9
19746767643371,5,37,40.9,35.9,34.58737,313.9813,true,true,true,1.561098E9
19746767643371,5,33,29.3,24.3,2.5242438,145.99773,false,false,true,1.561098E9
19746767643371,5,28,42.3,37.3,49.608406,267.31122,true,true,true,1.561098E9
19746767643371,5,27,36.6,31.6,10.455829,246.15868,true,true,true,1.561098E9
19746767643371,5,25,26.0,21.0,35.08738,157.25748,true,true,true,1.561098E9
19746767643371,5,23,36.3,31.3,76.25328,225.64455,true,true,true,1.561098E9
19746767643371,5,14,21.6,16.6,2.695912,75.00786,false,false,true,1.561098E9
19746767643371,5,13,40.6,35.6,68.27135,320.29843,true,true,true,1.561098E9
19746767643371,5,10,29.3,24.3,15.663169,162.58145,true,false,true,1.561098E9
19746767643371,5,9,28.7,23.7,22.402777,145.66512,true,false,true,1.561098E9
19746767643371,5,8,35.9,30.9,37.18223,48.354237,true,true,true,1.561098E9
19746767643371,5,6,21.0,16.0,30.446934,119.6433,true,true,true,1.561098E9
19746767643371,5,3,25.1,20.1,39.472725,128.12805,false,false,true,1.561098E9
19746767643371,5,2,33.5,28.5,54.25361,175.11227,true,false,true,1.561098E9
19746767643371,5,1,25.7,20.7,15.824988,103.63155,true,false,true,1.561098E9
19746767643371,6,2,36.1,31.1,62.250828,82.92751,true,true,true,1.57542E9
19746767643371,6,7,17.9,12.9,2.1111386,266.88702,false,true,true,1.57542E9
19746767643371,6,15,37.8,32.8,27.57418,209.54988,true,true,true,1.57542E9
19746767643371,6,18,38.0,33.0,64.119026,3.246301,true,false,true,1.57542E9
19746767643371,6,25,20.6,15.6,13.91123,117.40616,false,true,true,1.57542E9
19746767643371,6,27,17.6,12.6,4.5813794,309.61627,false,false,true,1.57542E9
19746767643371,6,30,39.5,34.5,49.2451,329.32602,true,true,true,1.57542E9
19746767643371,6,34,35.3,30.3,79.044205,171.68158,true,true,true,1.57542E9
19746767643371,6,36,42.1,37.1,41.840115,41.710533,true,true,true,1.57542E9
19746767643371,1,6,23.3,18.3,71.82889,33.8546,true,true,true,1.17645E9
19746767643371,1,11,27.3,22.3,67.20751,221.2712,true,true,true,1.17645E9
19746767643371,1,14,18.5,13.5,20.761066,126.17851,true,true,true,1.17645E9
19746767643371,1,21,26.8,21.8,17.518345,166.57326,true,true,true,1.17645E9
19746767643371,1,24,32.0,27.0,37.151264,261.3042,true,true,true,1.17645E9
19746767643371,4,194,28.3,23.3,23.604813,97.0179,false,true,true,1.17645E9
19746767643371,4,195,21.0,16.0,32.21701,62.014374,true,true,true,1.17645E9
19746767643371,6,2,36.1,31.1,62.250828,82.92751,true,true,true,1.17645E9
19746767643371,6,15,27.3,22.3,27.57418,209.54988,true,true,true,1.17645E9
19746767643371,6,18,30.7,25.7,64.119026,3.246301,true,false,true,1.17645E9
19746767643371,6,25,23.6,18.6,13.91123,117.40616,false,true,true,1.17645E9
19746767643371,6,30,25.7,20.7,49.2451,329.32602,true,true,true,1.17645E9
19746767643371,6,34,23.3,18.3,79.044205,171.68158,true,true,true,1.17645E9
19746767643371,6,36,30.5,25.5,41.840115,41.710533,true,true,true,1.17645E9
19746767643371,5,23,21.2,16.2,76.25328,225.64455,true,true,true,1.17645E9
19746767643371,5,25,27.8,22.8,35.08738,157.25748,true,true,true,1.17645E9
19746767643371,5,27,29.2,24.2,10.455829,246.15868,true,true,true,1.17645E9
19746767643371,5,28,24.0,19.0,49.608406,267.31122,true,true,true,1.17645E9
19746767643371,5,34,16.0,11.0,7.5157013,53.7543,false,true,true,1.17645E9
19746767643371,5,37,35.7,30.7,34.58737,313.9813,true,true,true,1.17645E9
19746767643371,5,38,32.2,27.2,57.88874,19.09498,true,true,true,1.17645E9
19746767643371,5,42,20.7,15.7,5.4120073,96.42543,false,false,true,1.17645E9
19746767643371,5,23,32.9,27.9,76.25328,225.64455,true,true,true,1.57542E9
19746767643371,5,25,21.8,16.8,35.08738,157.25748,true,true,true,1.57542E9
19746767643371,5,27,33.2,28.2,10.455829,246.15868,true,true,true,1.57542E9
19746767643371,5,28,39.6,34.6,49.608406,267.31122,true,true,true,1.57542E9
19746767643371,5,34,16.7,11.7,7.5157013,53.7543,false,true,true,1.57542E9
19746767643371,5,37,39.5,34.5,34.58737,313.9813,true,true,true,1.57542E9
19746767643371,5,38,40.7,35.7,57.88874,19.09498,true,true,true,1.57542E9
19746767643371,5,42,22.1,17.1,5.4120073,96.42543,false,false,true,1.57542E9
19747766952069,1,6,38.3,33.3,71.82889,33.8546,true,true,true,1.57542E9
19747766952069,1,11,33.6,28.6,67.20751,221.2712,true,true,true,1.57542E9
19747766952069,1,12,39.3,34.3,24.911688,318.29565,true,false,true,1.57542E9
19747766952069,1,13,36.3,31.3,0.0,0.0,false,false,false,1.57542E9
19747766952069,1,19,34.7,29.7,49.370075,29.61656,true,true,true,1.57542E9
19747766952069,1,21,28.3,23.3,17.518345,166.57326,true,true,true,1.57542E9
19747766952069,1,22,37.5,32.5,40.924557,115.49065,true,true,true,1.57542E9
19747766952069,1,24,40.1,35.1,37.151264,261.3042,true,true,true,1.57542E9
19747766952069,4,195,33.8,28.8,32.21701,62.014374,true,true,true,1.57542E9
19747766952069,2,134,35.8,30.8,0.0,0.0,false,false,false,1.57542E9
19747766952069,3,9,37.9,32.9,82.00473,147.53528,false,false,true,1.600875E9
19747766952069,3,16,23.5,18.5,23.731276,147.23816,true,true,true,1.6014374E9
19747766952069,3,20,41.6,36.6,62.37141,278.36404,false,false,true,1.603125E9
19747766952069,3,19,42.6,37.6,41.452652,19.580093,true,true,true,1.6036876E9
19747766952069,3,21,39.1,34.1,24.81651,238.7768,true,true,true,1.60425E9
19747766952069,5,42,24.5,19.5,5.4120073,96.42543,false,false,true,1.561098E9
19747766952069,5,38,41.5,36.5,57.88874,19.09498,true,true,true,1.561098E9
19747766952069,5,37,34.8,29.8,34.58737,313.9813,true,true,true,1.561098E9
19747766952069,5,33,29.3,24.3,2.5242438,145.99773,false,false,true,1.561098E9
19747766952069,5,28,42.6,37.6,49.608406,267.31122,true,true,true,1.561098E9
19747766952069,5,27,38.4,33.4,10.455829,246.15868,true,true,true,1.561098E9
19747766952069,5,25,24.9,19.9,35.08738,157.25748,true,true,true,1.561098E9
19747766952069,5,23,34.4,29.4,76.25328,225.64455,true,true,true,1.561098E9
19747766952069,5,14,25.8,20.8,2.695912,75.00786,false,false,true,1.561098E9
19747766952069,5,13,41.7,36.7,68.27135,320.29843,true,true,true,1.561098E9
19747766952069,5,10,29.3,24.3,15.663169,162.58145,true,false,true,1.561098E9
19747766952069,5,9,28.7,23.7,22.402777,145.66512,true,false,true,1.561098E9
19747766952069,5,8,35.6,30.6,37.18223,48.354237,true,true,true,1.561098E9
19747766952069,5,6,21.3,16.3,30.446934,119.6433,false,true,true,1.561098E9
19747766952069,5,3,27.5,22.5,39.472725,128.12805,false,false,true,1.561098E9
19747766952069,5,2,35.1,30.1,54.25361,175.11227,true,false,true,1.561098E9
19747766952069,5,1,25.7,20.7,15.824988,103.63155,false,false,true,1.561098E9
19747766952069,6,2,38.0,33.0,62.250828,82.92751,true,true,true,1.57542E9
19747766952069,6,7,17.9,12.9,2.1111386,266.88702,false,true,true,1.57542E9
19747766952069,6,8,14.6,9.6,2.0509057,220.51952,false,true,true,1.57542E9
19747766952069,6,15,34.9,29.9,27.57418,209.54988,true,true,true,1.57542E9
19747766952069,6,18,37.0,32.0,64.119026,3.246301,true,false,true,1.57542E9
19747766952069,6,25,15.1,10.1,13.91123,117.40616,false,true,true,1.57542E9
19747766952069,6,27,23.3,18.3,4.5813794,309.61627,false,false,true,1.57542E9
19747766952069,6,30,30.1,25.1,49.2451,329.32602,true,true,true,1.57542E9
19747766952069,6,34,36.0,31.0,79.044205,171.68158,true,true,true,1.57542E9
19747766952069,6,36,41.2,36.2,41.840115,41.710533,true,true,true,1.57542E9
19747766952069,1,6,25.9,20.9,71.82889,33.8546,true,true,true,1.17645E9
19747766952069,1,11,28.7,23.7,67.20751,221.2712,true,true,true,1.17645E9
19747766952069,1,14,18.5,13.5,20.761066,126.17851,true,true,true,1.17645E9
19747766952069,1,21,26.8,21.8,17.518345,166.57326,true,true,true,1.17645E9
19747766952069,1,24,32.3,27.3,37.151264,261.3042,true,true,true,1.17645E9
19747766952069,4,194,28.3,23.3,23.604813,97.0179,false,true,true,1.17645E9
19747766952069,4,195,21.0,16.0,32.21701,62.014374,true,true,true,1.17645E9
19747766952069,6,2,36.7,31.7,62.250828,82.92751,true,true,true,1.17645E9
19747766952069,6,15,25.3,20.3,27.57418,209.54988,true,true,true,1.17645E9
19747766952069,6,18,27.6,22.6,64.119026,3.246301,true,false,true,1.17645E9
19747766952069,6,25,23.6,18.6,13.91123,117.40616,false,true,true,1.17645E9
19747766952069,6,30,23.9,18.9,49.2451,329.32602,true,true,true,1.17645E9
19747766952069,6,34,20.5,15.5,79.044205,171.68158,true,true,true,1.17645E9
19747766952069,6,36,31.8,26.8,41.840115,41.710533,true,true,true,1.17645E9
19747766952069,5,23,22.0,17.0,76.25328,225.64455,true,true,true,1.17645E9
19747766952069,5,25,27.8,22.8,35.08738,157.25748,true,true,true,1.17645E9
19747766952069,5,27,34.3,29.3,10.455829,246.15868,true,true,true,1.17645E9
19747766952069,5,28,21.1,16.1,49.608406,267.31122,true,true,true,1.17645E9
19747766952069,5,34,16.0,11.0,7.5157013,53.7543,false,true,true,1.17645E9
19747766952069,5,37,29.4,24.4,34.58737,313.9813,true,true,true,1.17645E9
19747766952069,5,38,33.2,28.2,57.88874,19.09498,true,true,true,1.17645E9
19747766952069,5,42,20.7,15.7,5.4120073,96.42543,false,false,true,1.17645E9
19747766952069,5,23,32.2,27.2,76.25328,225.64455,true,true,true,1.57542E9
19747766952069,5,25,21.8,16.8,35.08738,157.25748,true,true,true,1.57542E9
19747766952069,5,27,34.9,29.9,10.455829,246.15868,true,true,true,1.57542E9
19747766952069,5,28,40.0,35.0,49.608406,267.31122,true,true,true,1.57542E9
19747766952069,5,34,16.7,11.7,7.5157013,53.7543,false,true,true,1.57542E9
19747766952069,5,37,33.0,28.0,34.58737,313.9813,true,true,true,1.57542E9
19747766952069,5,38,39.7,34.7,57.88874,19.09498,true,true,true,1.57542E9
19747766952069,5,42,22.1,17.1,5.4120073,96.42543,false,false,true,1.57542E9
19748767651496,1,6,37.5,32.5,71.82889,33.8546,true,true,true,1.57542E9
19748767651496,1,11,31.4,26.4,67.20751,221.2712,true,true,true,1.57542E9
19748767651496,1,12,40.3,35.3,24.911688,318.29565,true,false,true,1.57542E9
19748767651496,1,13,35.8,30.8,0.0,0.0,false,false,false,1.57542E9
19748767651496,1,17,43.9,38.9,24.384571,61.234203,false,true,true,1.57542E9
19748767651496,1,19,32.6,27.6,49.370075,29.61656,true,true,true,1.57542E9
19748767651496,1,21,25.3,20.3,17.518345,166.57326,true,true,true,1.57542E9
19748767651496,1,22,40.0,35.0,40.924557,115.49065,true,true,true,1.57542E9
19748767651496,1,24,38.1,33.1,37.151264,261.3042,true,true,true,1.57542E9
19748767651496,4,195,45.2,40.2,32.21701,62.014374,true,true,true,1.57542E9
19748767651496,2,134,35.2,30.2,0.0,0.0,false,false,false,1.57542E9
19748767651496,3,9,37.6,32.6,82.00473,147.53528,false,false,true,1.600875E9
19748767651496,3,16,20.7,15.7,23.731276,147.23816,true,true,true,1.6014374E9
19748767651496,3,20,39.8,34.8,62.37141,278.36404,false,false,true,1.603125E9
19748767651496,3,19,43.3,38.3,41.452652,19.580093,true,true,true,1.6036876E9
19748767651496,3,21,39.9,34.9,24.81651,238.7768,true,true,true,1.60425E9
19748767651496,5,42,24.5,19.5,5.4120073,96.42543,false,false,true,1.561098E9
19748767651496,5,38,43.3,38.3,57.88874,19.09498,true,true,true,1.561098E9
19748767651496,5,37,33.3,28.3,34.58737,313.9813,true,true,true,1.561098E9
19748767651496,5,34,23.7,18.7,7.5157013,53.7543,false,true,true,1.561098E9
19748767651496,5,33,29.3,24.3,2.5242438,145.99773,false,false,true,1.561098E9
19748767651496,5,28,40.4,35.4,49.608406,267.31122,true,true,true,1.561098E9
19748767651496,5,27,38.5,33.5,10.455829,246.15868,true,true,true,1.561098E9
19748767651496,5,25,26.7,21.7,35.08738,157.25748,true,true,true,1.561098E9
19748767651496,5,23,35.9,30.9,76.25328,225.64455,true,true,true,1.561098E9
19748767651496,5,14,25.8,20.8,2.695912,75.00786,false,false,true,1.561098E9
19748767651496,5,13,38.8,33.8,68.27135,320.29843,true,true,true,1.561098E9
19748767651496,5,10,20.8,15.8,15.663169,162.58145,true,false,true,1.561098E9
19748767651496,5,9,28.7,23.7,22.402777,145.66512,true,false,true,1.561098E9
19748767651496,5,8,32.5,27.5,37.18223,48.354237,true,true,true,1.561098E9
19748767651496,5,6,21.3,16.3,30.446934,119.6433,false,true,true,1.561098E9
19748767651496,5,3,27.5,22.5,39.472725,128.12805,false,false,true,1.561098E9
19748767651496,5,2,34.8,29.8,54.25361,175.11227,true,false,true,1.561098E9
19748767651496,5,1,25.7,20.7,15.824988,103.63155,false,false,true,1.561098E9
19748767651496,6,2,38.8,33.8,62.250828,82.92751,true,true,true,1.57542E9
19748767651496,6,7,17.9,12.9,2.1111386,266.88702,false,true,true,1.57542E9
19748767651496,6,8,14.6,9.6,2.0509057,220.51952,false,true,true,1.57542E9
19748767651496,6,15,35.6,30.6,27.57418,209.54988,true,true,true,1.57542E9
19748767651496,6,18,42.1,37.1,64.119026,3.246301,true,false,true,1.57542E9
19748767651496,6,25,15.1,10.1,13.91123,117.40616,false,true,true,1.57542E9
19748767651496,6,27,25.1,20.1,4.5813794,309.61627,false,false,true,1.57542E9
19748767651496,6,30,32.9,27.9,49.2451,329.32602,true,true,true,1.57542E9
19748767651496,6,34,33.9,28.9,79.044205,171.68158,true,true,true,1.57542E9
19748767651496,6,36,41.4,36.4,41.840115,41.710533,true,true,true,1.57542E9
19748767651496,1,6,25.9,20.9,71.82889,33.8546,true,true,true,1.17645E9
19748767651496,1,11,25.5,20.5,67.20751,221.2712,true,true,true,1.17645E9
19748767651496,1,14,18.5,13.5,20.761066,126.17851,false,true,true,1.17645E9
19748767651496,1,21,26.8,21.8,17.518345,166.57326,true,true,true,1.17645E9
19748767651496,1,24,32.2,27.2,37.151264,261.3042,true,true,true,1.17645E9
19748767651496,4,194,28.3,23.3,23.604813,97.0179,false,true,true,1.17645E9
19748767651496,4,195,26.6,21.6,32.21701,62.014374,true,true,true,1.17645E9
19748767651496,6,2,36.1,31.1,62.250828,82.92751,true,true,true,1.17645E9
19748767651496,6,15,25.2,20.2,27.57418,209.54988,true,true,true,1.17645E9
19748767651496,6,18,33.4,28.4,64.119026,3.246301,true,false,true,1.17645E9
19748767651496,6,25,23.6,18.6,13.91123,117.40616,false,true,true,1.17645E9
19748767651496,6,30,24.8,19.8,49.2451,329.32602,true,true,true,1.17645E9
19748767651496,6,34,21.3,16.3,79.044205,171.68158,true,true,true,1.17645E9
19748767651496,6,36,30.7,25.7,41.840115,41.710533,true,true,true,1.17645E9
19748767651496,5,23,22.0,17.0,76.25328,225.64455,true,true,true,1.17645E9
19748767651496,5,25,27.8,22.8,35.08738,157.25748,true,true,true,1.17645E9
19748767651496,5,27,39.3,34.3,10.455829,246.15868,true,true,true,1.17645E9
19748767651496,5,28,22.0,17.0,49.608406,267.31122,true,true,true,1.17645E9
19748767651496,5,34,16.0,11.0,7.5157013,53.7543,false,true,true,1.17645E9
19748767651496,5,37,26.8,21.8,34.58737,313.9813,true,true,true,1.17645E9
19748767651496,5,38,33.1,28.1,57.88874,19.09498,true,true,true,1.17645E9
19748767651496,5,42,20.7,15.7,5.4120073,96.42543,false,false,true,1.17645E9
19748767651496,5,23,33.1,28.1,76.25328,225.64455,true,true,true,1.57542E9
19748767651496,5,25,22.2,17.2,35.08738,157.25748,true,true,true,1.57542E9
19748767651496,5,27,35.8,30.8,10.455829,246.15868,true,true,true,1.57542E9
19748767651496,5,28,39.4,34.4,49.608406,267.31122,true,true,true,1.57542E9
19748767651496,5,34,15.9,10.9,7.5157013,53.7543,false,true,true,1.57542E9
19748767651496,5,37,30.4,25.4,34.58737,313.9813,true,true,true,1.57542E9
19748767651496,5,38,42.4,37.4,57.88874,19.09498,true,true,true,1.57542E9
19748767651496,5,42,16.4,11.4,5.4120073,96.42543,false,false,true,1.57542E9
19749768980714,1,6,39.2,34.2,71.82889,33.8546,true,true,true,1.57542E9
19749768980714,1,11,30.8,25.8,67.20751,221.2712,true,true,true,1.57542E9
19749768980714,1,12,41.7,36.7,24.911688,318.29565,true,false,true,1.57542E9
19749768980714,1,13,38.1,33.1,0.0,0.0,false,false,false,1.57542E9
19749768980714,1,17,42.6,37.6,24.384571,61.234203,true,true,true,1.57542E9
19749768980714,1,19,36.7,31.7,49.370075,29.61656,true,true,true,1.57542E9
19749768980714,1,21,25.3,20.3,17.518345,166.57326,true,true,true,1.57542E9
19749768980714,1,22,30.0,25.0,40.924557,115.49065,true,true,true,1.57542E9
19749768980714,1,24,32.0,27.0,37.151264,261.3042,true,true,true,1.57542E9
19749768980714,4,195,45.7,40.7,32.21701,62.014374,true,true,true,1.57542E9
19749768980714,2,134,34.3,29.3,0.0,0.0,false,false,false,1.57542E9
19749768980714,3,9,38.9,33.9,82.00473,147.53528,false,false,true,1.600875E9
19749768980714,3,16,23.2,18.2,23.731276,147.23816,true,true,true,1.6014374E9
19749768980714,3,20,39.0,34.0,62.37141,278.36404,false,false,true,1.603125E9
19749768980714,3,19,42.8,37.8,41.452652,19.580093,true,true,true,1.6036876E9
19749768980714,3,21,37.7,32.7,24.81651,238.7768,true,true,true,1.60425E9
19749768980714,5,42,24.5,19.5,5.4120073,96.42543,false,false,true,1.561098E9
19749768980714,5,38,42.8,37.8,57.88874,19.09498,true,true,true,1.561098E9
19749768980714,5,37,39.7,34.7,34.58737,313.9813,true,true,true,1.561098E9
19749768980714,5,34,23.7,18.7,7.5157013,53.7543,false,true,true,1.561098E9
19749768980714,5,33,29.3,24.3,2.5242438,145.99773,false,false,true,1.561098E9
19749768980714,5,28,31.0,26.0,49.608406,267.31122,true,true,true,1.561098E9
19749768980714,5,27,38.6,33.6,10.455829,246.15868,true,true,true,1.561098E9
19749768980714,5,25,27.7,22.7,35.08738,157.25748,true,true,true,1.561098E9
19749768980714,5,23,36.2,31.2,76.25328,225.64455,true,true,true,1.561098E9
19749768980714,5,14,25.8,20.8,2.695912,75.00786,false,false,true,1.561098E9
19749768980714,5,13,42.6,37.6,68.27135,320.29843,true,true,true,1.561098E9
19749768980714,5,10,20.8,15.8,15.663169,162.58145,true,false,true,1.561098E9
19749768980714,5,9,28.7,23.7,22.402777,145.66512,true,false,true,1.561098E9
19749768980714,5,8,33.6,28.6,37.18223,48.354237,true,true,true,1.561098E9
19749768980714,5,7,21.4,16.4,5.805762,160.23549,false,false,true,1.561098E9
19749768980714,5,6,21.3,16.3,30.446934,119.6433,false,true,true,1.561098E9
19749768980714,5,3,32.2,27.2,39.472725,128.12805,false,false,true,1.561098E9
19749768980714,5,2,33.6,28.6,54.25361,175.11227,true,false,true,1.561098E9
19749768980714,5,1,25.7,20.7,15.824988,103.63155,false,false,true,1.561098E9
19749768980714,6,2,40.1,35.1,62.250828,82.92751,true,true,true,1.57542E9
19749768980714,6,7,17.9,12.9,2.1111386,266.88702,false,true,true,1.57542E9
19749768980714,6,8,14.6,9.6,2.0509057,220.51952,false,true,true,1.57542E9
19749768980714,6,15,32.2,27.2,27.57418,209.54988,true,true,true,1.57542E9
19749768980714,6,18,42.6,37.6,64.119026,3.246301,true,false,true,1.57542E9
19749768980714,6,25,15.1,10.1,13.91123,117.40616,false,true,true,1.57542E9
19749768980714,6,27,22.3,17.3,4.5813794,309.61627,false,false,true,1.57542E9
19749768980714,6,30,38.3,33.3,49.2451,329.32602,true,true,true,1.57542E9
19749768980714,6,34,36.2,31.2,79.044205,171.68158,true,true,true,1.57542E9
19749768980714,6,36,40.9,35.9,41.840115,41.710533,true,true,true,1.57542E9
19749768980714,1,6,25.8,20.8,71.82889,33.8546,true,true,true,1.17645E9
19749768980714,1,11,27.1,22.1,67.20751,221.2712,true,true,true,1.17645E9
19749768980714,1,14,18.5,13.5,20.761066,126.17851,false,true,true,1.17645E9
19749768980714,1,21,26.8,21.8,17.518345,166.57326,true,true,true,1.17645E9
19749768980714,1,24,25.9,20.9,37.151264,261.3042,true,true,true,1.17645E9
19749768980714,4,194,12.9,7.9,23.604813,97.0179,false,true,true,1.17645E9
19749768980714,4,195,33.0,28.0,32.21701,62.014374,true,true,true,1.17645E9
19749768980714,6,2,35.3,30.3,62.250828,82.92751,true,true,true,1.17645E9
19749768980714,6,15,23.3,18.3,27.57418,209.54988,true,true,true,1.17645E9
19749768980714,6,18,32.3,27.3,64.119026,3.246301,true,false,true,1.17645E9
19749768980714,6,25,23.6,18.6,13.91123,117.40616,false,true,true,1.17645E9
19749768980714,6,30,26.5,21.5,49.2451,329.32602,true,true,true,1.17645E9
19749768980714,6,34,21.0,16.0,79.044205,171.68158,true,true,true,1.17645E9
19749768980714,6,36,30.8,25.8,41.840115,41.710533,true,true,true,1.17645E9
19749768980714,5,23,19.0,14.0,76.25328,225.64455,true,true,true,1.17645E9
19749768980714,5,25,27.8,22.8,35.08738,157.25748,true,true,true,1.17645E9
19749768980714,5,27,38.4,33.4,10.455829,246.15868,true,true,true,1.17645E9
19749768980714,5,28,22.0,17.0,49.608406,267.31122,true,true,true,1.17645E9
19749768980714,5,34,16.0,11.0,7.5157013,53.7543,false,true,true,1.17645E9
19749768980714,5,37,33.9,28.9,34.58737,313.9813,true,true,true,1.17645E9
19749768980714,5,38,32.9,27.9,57.88874,19.09498,true,true,true,1.17645E9
19749768980714,5,42,20.7,15.7,5.4120073,96.42543,false,false,true,1.17645E9
19749768980714,5,23,32.7,27.7,76.25328,225.64455,true,true,true,1.57542E9
19749768980714,5,25,25.0,20.0,35.08738,157.25748,true,true,true,1.57542E9
19749768980714,5,27,35.3,30.3,10.455829,246.15868,true,true,true,1.57542E9
19749768980714,5,28,27.5,22.5,49.608406,267.31122,true,true,true,1.57542E9
19749768980714,5,34,15.9,10.9,7.5157013,53.7543,false,true,true,1.57542E9
19749768980714,5,37,38.4,33.4,34.58737,313.9813,true,true,true,1.57542E9
19749768980714,5,38,41.7,36.7,57.88874,19.09498,true,true,true,1.57542E9
19749768980714,5,42,16.4,11.4,5.4120073,96.42543,false,false,true,1.57542E9
19750766456911,1,6,38.5,33.5,71.82889,33.8546,true,true,true,1.57542E9
19750766456911,1,11,31.9,26.9,67.20751,221.2712,true,true,true,1.57542E9
19750766456911,1,12,43.9,38.9,24.911688,318.29565,true,false,true,1.57542E9
19750766456911,1,13,39.0,34.0,0.0,0.0,false,false,false,1.57542E9
19750766456911,1,17,41.4,36.4,24.384571,61.234203,true,true,true,1.57542E9
19750766456911,1,19,35.0,30.0,49.370075,29.61656,true,true,true,1.57542E9
19750766456911,1,21,25.3,20.3,17.518345,166.57326,true,true,true,1.57542E9
19750766456911,1,24,30.1,25.1,37.151264,261.3042,true,true,true,1.57542E9
19750766456911,4,195,44.4,39.4,32.21701,62.014374,true,true,true,1.57542E9
19750766456911,2,134,34.0,29.0,0.0,0.0,false,false,false,1.57542E9
19750766456911,3,9,38.5,33.5,81.66185,148.7656,true,false,true,1.600875E9
19750766456911,3,16,23.2,18.2,23.731276,147.23816,true,true,true,1.6014374E9
19750766456911,3,20,41.8,36.8,62.42595,279.15695,true,false,true,1.603125E9
19750766456911,3,19,42.4,37.4,41.452652,19.580093,true,true,true,1.6036876E9
19750766456911,3,21,34.7,29.7,24.81651,238.7768,true,true,true,1.60425E9
19750766456911,5,42,24.5,19.5,5.4120073,96.42543,false,false,true,1.561098E9
19750766456911,5,38,43.3,38.3,57.88874,19.09498,true,true,true,1.561098E9
19750766456911,5,37,41.3,36.3,34.58737,313.9813,true,true,true,1.561098E9
19750766456911,5,34,21.3,16.3,7.5157013,53.7543,false,true,true,1.561098E9
19750766456911,5,33,29.3,24.3,2.5242438,145.99773,false,false,true,1.561098E9
19750766456911,5,28,37.5,32.5,49.608406,267.31122,true,true,true,1.561098E9
19750766456911,5,27,37.0,32.0,10.455829,246.15868,true,true,true,1.561098E9
19750766456911,5,25,32.4,27.4,35.08738,157.25748,true,true,true,1.561098E9
19750766456911,5,23,38.4,33.4,76.25328,225.64455,true,true,true,1.561098E9
19750766456911,5,14,23.3,18.3,2.695912,75.00786,false,false,true,1.561098E9
19750766456911,5,13,41.6,36.6,68.27135,320.29843,true,true,true,1.561098E9
19750766456911,5,10,20.8,15.8,15.663169,162.58145,true,false,true,1.561098E9
19750766456911,5,9,17.0,12.0,22.402777,145.66512,false,false,true,1.561098E9
19750766456911,5,8,33.0,28.0,37.18223,48.354237,true,true,true,1.561098E9
19750766456911,5,7,21.4,16.4,5.805762,160.23549,false,false,true,1.561098E9
19750766456911,5,6,21.3,16.3,30.446934,119.6433,false,true,true,1.561098E9
19750766456911,5,3,32.2,27.2,39.472725,128.12805,false,false,true,1.561098E9
19750766456911,5,2,33.4,28.4,54.25361,175.11227,true,false,true,1.561098E9
19750766456911,5,1,25.7,20.7,15.824988,103.63155,false,false,true,1.561098E9
19750766456911,6,2,40.1,35.1,62.250828,82.92751,true,true,true,1.57542E9
19750766456911,6,7,17.9,12.9,2.1111386,266.88702,false,true,true,1.57542E9
19750766456911,6,8,14.6,9.6,2.0509057,220.51952,false,true,true,1.57542E9
19750766456911,6,15,28.8,23.8,27.57418,209.54988,true,true,true,1.57542E9
19750766456911,6,18,42.9,37.9,64.119026,3.246301,true,false,true,1.57542E9
19750766456911,6,25,21.7,16.7,13.91123,117.40616,false,true,true,1.57542E9
19750766456911,6,27,22.3,17.3,4.5813794,309.61627,false,false,true,1.57542E9
19750766456911,6,30,41.8,36.8,49.2451,329.32602,true,true,true,1.57542E9
19750766456911,6,34,35.2,30.2,79.044205,171.68158,true,true,true,1.57542E9
19750766456911,6,36,40.6,35.6,41.840115,41.710533,true,true,true,1.57542E9
19750766456911,1,6,26.5,21.5,71.82889,33.8546,true,true,true,1.17645E9
19750766456911,1,11,30.4,25.4,67.20751,221.2712,true,true,true,1.17645E9
19750766456911,1,14,18.5,13.5,20.761066,126.17851,false,true,true,1.17645E9
19750766456911,1,21,26.8,21.8,17.518345,166.57326,true,true,true,1.17645E9
19750766456911,1,24,23.3,18.3,37.151264,261.3042,true,true,true,1.17645E9
19750766456911,4,194,12.9,7.9,23.604813,97.0179,false,true,true,1.17645E9
19750766456911,4,195,32.6,27.6,32.21701,62.014374,true,true,true,1.17645E9
19750766456911,6,2,34.4,29.4,62.250828,82.92751,true,true,true,1.17645E9
19750766456911,6,15,23.3,18.3,27.57418,209.54988,true,true,true,1.17645E9
19750766456911,6,18,32.7,27.7,64.119026,3.246301,true,false,true,1.17645E9
19750766456911,6,25,17.5,12.5,13.91123,117.40616,false,true,true,1.17645E9
19750766456911,6,30,26.5,21.5,49.2451,329.32602,true,true,true,1.17645E9
19750766456911,6,34,21.5,16.5,79.044205,171.68158,true,true,true,1.17645E9
19750766456911,6,36,30.2,25.2,41.840115,41.710533,true,true,true,1.17645E9
19750766456911,5,23,24.7,19.7,76.25328,225.64455,true,true,true,1.17645E9
19750766456911,5,25,27.8,22.8,35.08738,157.25748,true,true,true,1.17645E9
19750766456911,5,27,33.4,28.4,10.455829,246.15868,true,true,true,1.17645E9
19750766456911,5,28,22.0,17.0,49.608406,267.31122,true,true,true,1.17645E9
19750766456911,5,34,16.0,11.0,7.5157013,53.7543,false,true,true,1.17645E9
19750766456911,5,37,37.3,32.3,34.58737,313.9813,true,true,true,1.17645E9
19750766456911,5,38,32.9,27.9,57.88874,19.09498,true,true,true,1.17645E9
19750766456911,5,42,20.7,15.7,5.4120073,96.42543,false,false,true,1.17645E9
19750766456911,5,23,36.7,31.7,76.25328,225.64455,true,true,true,1.57542E9
19750766456911,5,25,31.1,26.1,35.08738,157.25748,true,true,true,1.57542E9
19750766456911,5,27,34.3,29.3,10.455829,246.15868,true,true,true,1.57542E9
19750766456911,5,28,34.8,29.8,49.608406,267.31122,true,true,true,1.57542E9
19750766456911,5,34,15.9,10.9,7.5157013,53.7543,false,true,true,1.57542E9
19750766456911,5,37,40.6,35.6,34.58737,313.9813,true,true,true,1.57542E9
19750766456911,5,38,42.2,37.2,57.88874,19.09498,true,true,true,1.57542E9
19750766456911,5,42,16.4,11.4,5.4120073,96.42543,false,false,true,1.57542E9
19751774370453,1,6,38.8,33.8,71.82889,33.8546,true,true,true,1.57542E9
19751774370453,1,11,30.3,25.3,67.20751,221.2712,true,true,true,1.57542E9
19751774370453,1,12,42.4,37.4,24.911688,318.29565,true,false,true,1.57542E9
19751774370453,1,13,39.3,34.3,0.0,0.0,false,false,false,1.57542E9
19751774370453,1,17,42.5,37.5,24.384571,61.234203,true,true,true,1.57542E9
19751774370453,1,19,34.0,29.0,49.370075,29.61656,true,true,true,1.57542E9
19751774370453,1,24,36.4,31.4,37.151264,261.3042,true,true,true,1.57542E9
19751774370453,4,195,42.8,37.8,32.21701,62.014374,true,true,true,1.57542E9
19751774370453,2,134,35.4,30.4,0.0,0.0,false,false,false,1.57542E9
19751774370453,3,9,37.9,32.9,81.66185,148.7656,true,false,true,1.600875E9
19751774370453,3,16,21.3,16.3,23.731276,147.23816,true,true,true,1.6014374E9
19751774370453,3,20,42.0,37.0,62.42595,279.15695,true,false,true,1.603125E9
19751774370453,3,19,40.8,35.8,41.452652,19.580093,true,true,true,1.6036876E9
19751774370453,3,21,26.1,21.1,24.81651,238.7768,true,true,true,1.60425E9
19751774370453,5,42,24.5,19.5,5.4120073,96.42543,false,false,true,1.561098E9
19751774370453,5,38,43.6,38.6,57.88874,19.09498,true,true,true,1.561098E9
19751774370453,5,37,42.4,37.4,34.58737,313.9813,true,true,true,1.561098E9
19751774370453,5,34,21.3,16.3,7.5157013,53.7543,false,true,true,1.561098E9
19751774370453,5,33,29.3,24.3,2.5242438,145.99773,false,false,true,1.561098E9
19751774370453,5,28,42.0,37.0,49.608406,267.31122,true,true,true,1.561098E9
19751774370453,5,27,36.1,31.1,10.455829,246.15868,true,true,true,1.561098E9
19751774370453,5,25,33.6,28.6,35.08738,157.25748,true,true,true,1.561098E9
19751774370453,5,23,39.3,34.3,76.25328,225.64455,true,true,true,1.561098E9
19751774370453,5,14,23.3,18.3,2.695912,75.00786,false,false,true,1.561098E9
19751774370453,5,13,42.1,37.1,68.27135,320.29843,true,true,true,1.561098E9
19751774370453,5,10,20.8,15.8,15.663169,162.58145,true,false,true,1.561098E9
19751774370453,5,9,17.0,12.0,22.402777,145.66512,false,false,true,1.561098E9
19751774370453,5,8,31.3,26.3,37.18223,48.354237,true,true,true,1.561098E9
19751774370453,5,7,21.4,16.4,5.805762,160.23549,false,false,true,1.561098E9
19751774370453,5,6,21.3,16.3,30.446934,119.6433,false,true,true,1.561098E9
19751774370453,5,3,32.2,27.2,39.472725,128.12805,false,false,true,1.561098E9
19751774370453,5,2,35.1,30.1,54.25361,175.11227,true,false,true,1.561098E9
19751774370453,5,1,25.7,20.7,15.824988,103.63155,false,false,true,1.561098E9
19751774370453,6,2,41.9,36.9,62.250828,82.92751,true,true,true,1.57542E9
19751774370453,6,7,17.9,12.9,2.1111386,266.88702,false,true,true,1.57542E9
19751774370453,6,8,14.6,9.6,2.0509057,220.51952,false,true,true,1.57542E9
19751774370453,6,15,28.0,23.0,27.57418,209.54988,true,true,true,1.57542E9
19751774370453,6,18,42.8,37.8,64.119026,3.246301,true,false,true,1.57542E9
19751774370453,6,25,21.7,16.7,13.91123,117.40616,false,true,true,1.57542E9
19751774370453,6,27,20.6,15.6,4.5813794,309.61627,false,false,true,1.57542E9
19751774370453,6,30,41.8,36.8,49.2451,329.32602,true,true,true,1.57542E9
19751774370453,6,34,34.9,29.9,79.044205,171.68158,true,true,true,1.57542E9
19751774370453,6,36,41.8,36.8,41.840115,41.710533,true,true,true,1.57542E9
19751774370453,1,6,24.2,19.2,71.82889,33.8546,true,true,true,1.17645E9
19751774370453,1,11,32.8,27.8,67.20751,221.2712,true,true,true,1.17645E9
19751774370453,1,14,18.5,13.5,20.761066,126.17851,false,true,true,1.17645E9
19751774370453,1,21,26.8,21.8,17.518345,166.57326,true,true,true,1.17645E9
19751774370453,1,24,34.0,29.0,37.151264,261.3042,true,true,true,1.17645E9
19751774370453,4,194,12.9,7.9,23.604813,97.0179,false,true,true,1.17645E9
19751774370453,4,195,31.3,26.3,32.21701,62.014374,true,true,true,1.17645E9
19751774370453,6,2,34.1,29.1,62.250828,82.92751,true,true,true,1.17645E9
19751774370453,6,15,22.4,17.4,27.57418,209.54988,true,true,true,1.17645E9
19751774370453,6,18,34.3,29.3,64.119026,3.246301,true,false,true,1.17645E9
19751774370453,6,25,17.5,12.5,13.91123,117.40616,false,true,true,1.17645E9
19751774370453,6,30,26.3,21.3,49.2451,329.32602,true,true,true,1.17645E9
19751774370453,6,34,21.5,16.5,79.044205,171.68158,true,true,true,1.17645E9
19751774370453,6,36,29.8,24.8,41.840115,41.710533,true,true,true,1.17645E9
19751774370453,5,23,22.0,17.0,76.25328,225.64455,true,true,true,1.17645E9
19751774370453,5,25,17.7,12.7,35.08738,157.25748,false,true,true,1.17645E9
19751774370453,5,27,27.6,22.6,10.455829,246.15868,true,true,true,1.17645E9
19751774370453,5,28,23.0,18.0,49.608406,267.31122,true,true,true,1.17645E9
19751774370453,5,34,16.0,11.0,7.5157013,53.7543,false,true,true,1.17645E9
19751774370453,5,37,39.2,34.2,34.58737,313.9813,true,true,true,1.17645E9
19751774370453,5,38,35.0,30.0,57.88874,19.09498,true,true,true,1.17645E9
19751774370453,5,42,20.7,15.7,5.4120073,96.42543,false,false,true,1.17645E9
19751774370453,5,23,36.8,31.8,76.25328,225.64455,true,true,true,1.57542E9
19751774370453,5,25,31.8,26.8,35.08738,157.25748,true,true,true,1.57542E9
19751774370453,5,27,31.9,26.9,10.455829,246.15868,true,true,true,1.57542E9
19751774370453,5,28,40.4,35.4,49.608406,267.31122,true,true,true,1.57542E9
19751774370453,5,34,18.6,13.6,7.5157013,53.7543,false,true,true,1.57542E9
19751774370453,5,37,41.3,36.3,34.58737,313.9813,true,true,true,1.57542E9
19751774370453,5,38,42.4,37.4,57.88874,19.09498,true,true,true,1.57542E9
19751774370453,5,42,16.4,11.4,5.4120073,96.42543,false,false,true,1.57542E9
19752768012223,1,6,37.9,32.9,71.82889,33.8546,true,true,true,1.57542E9
19752768012223,1,11,27.5,22.5,67.20751,221.2712,true,true,true,1.57542E9
19752768012223,1,12,44.2,39.2,24.911688,318.29565,true,false,true,1.57542E9
19752768012223,1,13,39.2,34.2,0.0,0.0,false,false,false,1.57542E9
19752768012223,1,17,43.5,38.5,24.384571,61.234203,true,true,true,1.57542E9
19752768012223,1,19,39.1,34.1,49.370075,29.61656,true,true,true,1.57542E9
19752768012223,1,24,37.7,32.7,37.151264,261.3042,true,true,true,1.57542E9
19752768012223,4,194,30.9,25.9,23.604813,97.0179,false,true,true,1.57542E9
19752768012223,4,195,40.6,35.6,32.21701,62.014374,true,true,true,1.57542E9
19752768012223,2,134,37.5,32.5,0.0,0.0,false,false,false,1.57542E9
19752768012223,3,9,35.8,30.8,81.66185,148.7656,true,false,true,1.600875E9
19752768012223,3,16,21.3,16.3,23.731276,147.23816,false,true,true,1.6014374E9
19752768012223,3,20,42.3,37.3,62.42595,279.15695,true,false,true,1.603125E9
19752768012223,3,19,38.6,33.6,41.452652,19.580093,true,true,true,1.6036876E9
19752768012223,3,21,29.7,24.7,24.81651,238.7768,true,true,true,1.60425E9
19752768012223,5,38,41.8,36.8,57.88874,19.09498,true,true,true,1.561098E9
19752768012223,5,37,42.0,37.0,34.58737,313.9813,true,true,true,1.561098E9
19752768012223,5,34,21.3,16.3,7.5157013,53.7543,false,true,true,1.561098E9
19752768012223,5,33,29.3,24.3,2.5242438,145.99773,false,false,true,1.561098E9
19752768012223,5,28,40.7,35.7,49.608406,267.31122,true,true,true,1.561098E9
19752768012223,5,27,31.4,26.4,10.455829,246.15868,true,true,true,1.561098E9
19752768012223,5,25,33.3,28.3,35.08738,157.25748,true,true,true,1.561098E9
19752768012223,5,23,39.3,34.3,76.25328,225.64455,true,true,true,1.561098E9
19752768012223,5,14,23.3,18.3,2.695912,75.00786,false,false,true,1.561098E9
19752768012223,5,13,41.8,36.8,68.27135,320.29843,true,true,true,1.561098E9
19752768012223,5,10,20.8,15.8,15.663169,162.58145,true,false,true,1.561098E9
19752768012223,5,8,32.5,27.5,37.18223,48.354237,true,true,true,1.561098E9
19752768012223,5,7,21.4,16.4,5.805762,160.23549,false,false,true,1.561098E9
19752768012223,5,6,21.3,16.3,30.446934,119.6433,false,true,true,1.561098E9
19752768012223,5,3,28.0,23.0,39.472725,128.12805,false,false,true,1.561098E9
19752768012223,5,2,37.2,32.2,54.25361,175.11227,true,false,true,1.561098E9
19752768012223,5,1,25.7,20.7,15.824988,103.63155,false,false,true,1.561098E9
19752768012223,6,2,41.7,36.7,62.250828,82.92751,true,true,true,1.57542E9
19752768012223,6,7,17.9,12.9,2.1111386,266.88702,false,true,true,1.57542E9
19752768012223,6,8,14.6,9.6,2.0509057,220.51952,false,true,true,1.57542E9
19752768012223,6,15,29.4,24.4,27.57418,209.54988,true,true,true,1.57542E9
19752768012223,6,18,43.2,38.2,64.119026,3.246301,true,false,true,1.57542E9
19752768012223,6,25,21.7,16.7,13.91123,117.40616,false,true,true,1.57542E9
19752768012223,6,27,20.9,15.9,4.5813794,309.61627,false,false,true,1.57542E9
19752768012223,6,30,41.5,36.5,49.2451,329.32602,true,true,true,1.57542E9
19752768012223,6,34,36.4,31.4,79.044205,171.68158,true,true,true,1.57542E9
19752768012223,6,36,41.2,36.2,41.840115,41.710533,true,true,true,1.57542E9
19752768012223,1,6,26.0,21.0,71.82889,33.8546,true,true,true,1.17645E9
19752768012223,1,11,32.3,27.3,67.20751,221.2712,true,true,true,1.17645E9
19752768012223,1,14,18.5,13.5,20.761066,126.17851,false,true,true,1.17645E9
19752768012223,1,21,26.8,21.8,17.518345,166.57326,true,true,true,1.17645E9
19752768012223,1,24,36.6,31.6,37.151264,261.3042,true,true,true,1.17645E9
19752768012223,4,194,12.9,7.9,23.604813,97.0179,false,true,true,1.17645E9
19752768012223,4,195,27.5,22.5,32.21701,62.014374,true,true,true,1.17645E9
19752768012223,6,2,31.7,26.7,62.250828,82.92751,true,true,true,1.17645E9
19752768012223,6,15,22.4,17.4,27.57418,209.54988,true,true,true,1.17645E9
19752768012223,6,18,31.2,26.2,64.119026,3.246301,true,false,true,1.17645E9
19752768012223,6,25,17.5,12.5,13.91123,117.40616,false,true,true,1.17645E9
19752768012223,6,30,28.0,23.0,49.2451,329.32602,true,true,true,1.17645E9
19752768012223,6,34,19.7,14.7,79.044205,171.68158,true,true,true,1.17645E9
19752768012223,6,36,28.7,23.7,41.840115,41.710533,true,true,true,1.17645E9
19752768012223,5,23,21.8,16.8,76.25328,225.64455,true,true,true,1.17645E9
19752768012223,5,25,26.1,21.1,35.08738,157.25748,false,true,true,1.17645E9
19752768012223,5,27,30.0,25.0,10.455829,246.15868,true,true,true,1.17645E9
19752768012223,5,28,24.2,19.2,49.608406,267.31122,true,true,true,1.17645E9
19752768012223,5,34,16.0,11.0,7.5157013,53.7543,false,true,true,1.17645E9
19752768012223,5,37,38.7,33.7,34.58737,313.9813,true,true,true,1.17645E9
19752768012223,5,38,32.9,27.9,57.88874,19.09498,true,true,true,1.17645E9
19752768012223,5,42,20.7,15.7,5.4120073,96.42543,false,false,true,1.17645E9
19752768012223,5,23,37.3,32.3,76.25328,225.64455,true,true,true,1.57542E9
19752768012223,5,25,30.4,25.4,35.08738,157.25748,true,true,true,1.57542E9
19752768012223,5,27,30.1,25.1,10.455829,246.15868,true,true,true,1.57542E9
19752768012223,5,28,38.8,33.8,49.608406,267.31122,true,true,true,1.57542E9
19752768012223,5,34,18.6,13.6,7.5157013,53.7543,false,true,true,1.57542E9
19752768012223,5,37,40.3,35.3,34.58737,313.9813,true,true,true,1.57542E9
19752768012223,5,38,41.8,36.8,57.88874,19.09498,true,true,true,1.57542E9
19752768012223,5,42,16.4,11.4,5.4120073,96.42543,false,false,true,1.57542E9
19753771762275,1,6,37.8,32.8,71.82889,33.8546,true,true,true,1.57542E9
19753771762275,1,11,28.6,23.6,67.20751,221.2712,true,true,true,1.57542E9
19753771762275,1,12,42.8,37.8,24.911688,318.29565,true,false,true,1.57542E9
19753771762275,1,13,38.3,33.3,0.0,0.0,false,false,false,1.57542E9
19753771762275,1,17,40.8,35.8,24.384571,61.234203,true,true,true,1.57542E9
19753771762275,1,19,39.1,34.1,49.370075,29.61656,true,true,true,1.57542E9
19753771762275,1,24,40.2,35.2,37.151264,261.3042,true,true,true,1.57542E9
19753771762275,4,194,42.8,37.8,23.604813,97.0179,true,true,true,1.57542E9
19753771762275,4,195,41.3,36.3,32.21701,62.014374,true,true,true,1.57542E9
19753771762275,2,134,38.6,33.6,0.0,0.0,false,false,false,1.57542E9
19753771762275,3,9,36.3,31.3,81.66185,148.7656,true,false,true,1.600875E9
19753771762275,3,16,21.8,16.8,23.731276,147.23816,false,true,true,1.6014374E9
19753771762275,3,20,41.5,36.5,62.42595,279.15695,true,false,true,1.603125E9
19753771762275,3,19,37.4,32.4,41.452652,19.580093,true,true,true,1.6036876E9
19753771762275,3,21,33.0,28.0,24.81651,238.7768,true,true,true,1.60425E9
19753771762275,5,38,39.0,34.0,57.88874,19.09498,true,true,true,1.561098E9
19753771762275,5,37,41.2,36.2,34.58737,313.9813,true,true,true,1.561098E9
19753771762275,5,34,21.3,16.3,7.5157013,53.7543,false,true,true,1.561098E9
19753771762275,5,33,29.3,24.3,2.5242438,145.99773,false,false,true,1.561098E9
19753771762275,5,28,40.5,35.5,49.608406,267.31122,true,true,true,1.561098E9
19753771762275,5,27,34.0,29.0,10.455829,246.15868,true,true,true,1.561098E9
19753771762275,5,25,33.5,28.5,35.08738,157.25748,true,true,true,1.561098E9
19753771762275,5,23,39.8,34.8,76.25328,225.64455,true,true,true,1.561098E9
19753771762275,5,14,21.3,16.3,2.695912,75.00786,false,false,true,1.561098E9
19753771762275,5,13,42.1,37.1,68.27135,320.29843,true,true,true,1.561098E9
19753771762275,5,8,32.3,27.3,37.18223,48.354237,true,true,true,1.561098E9
19753771762275,5,6,19.3,14.3,30.446934,119.6433,false,true,true,1.561098E9
19753771762275,5,3,28.0,23.0,39.472725,128.12805,false,false,true,1.561098E9
19753771762275,5,2,37.6,32.6,54.25361,175.11227,true,false,true,1.561098E9
19753771762275,5,1,25.7,20.7,15.824988,103.63155,false,false,true,1.561098E9
19753771762275,6,2,42.2,37.2,62.250828,82.92751,true,true,true,1.57542E9
19753771762275,6,7,13.5,8.5,2.1111386,266.88702,false,true,true,1.57542E9
19753771762275,6,8,14.6,9.6,2.0509057,220.51952,false,true,true,1.57542E9
19753771762275,6,15,33.1,28.1,27.57418,209.54988,true,true,true,1.57542E9
19753771762275,6,18,41.8,36.8,64.119026,3.246301,true,false,true,1.57542E9
19753771762275,6,25,21.7,16.7,13.91123,117.40616,false,true,true,1.57542E9
19753771762275,6,27,20.9,15.9,4.5813794,309.61627,false,false,true,1.57542E9
19753771762275,6,30,40.8,35.8,49.2451,329.32602,true,true,true,1.57542E9
19753771762275,6,34,36.7,31.7,79.044205,171.68158,true,true,true,1.57542E9
19753771762275,6,36,38.2,33.2,41.840115,41.710533,true,true,true,1.57542E9
19753771762275,1,6,22.3,17.3,71.82889,33.8546,true,true,true,1.17645E9
19753771762275,1,11,30.3,25.3,67.20751,221.2712,true,true,true,1.17645E9
19753771762275,1,14,18.5,13.5,20.761066,126.17851,false,true,true,1.17645E9
19753771762275,1,21,26.8,21.8,17.518345,166.57326,false,true,true,1.17645E9
19753771762275,1,24,38.2,33.2,37.151264,261.3042,true,true,true,1.17645E9
19753771762275,4,194,25.6,20.6,23.604813,97.0179,false,true,true,1.17645E9
19753771762275,4,195,27.3,22.3,32.21701,62.014374,true,true,true,1.17645E9
19753771762275,6,2,32.1,27.1,62.250828,82.92751,true,true,true,1.17645E9
19753771762275,6,15,23.0,18.0,27.57418,209.54988,true,true,true,1.17645E9
19753771762275,6,18,32.2,27.2,64.119026,3.246301,true,false,true,1.17645E9
19753771762275,6,25,17.5,12.5,13.91123,117.40616,false,true,true,1.17645E9
19753771762275,6,30,32.9,27.9,49.2451,329.32602,true,true,true,1.17645E9
19753771762275,6,34,19.7,14.7,79.044205,171.68158,true,true,true,1.17645E9
19753771762275,6,36,27.3,22.3,41.840115,41.710533,true,true,true,1.17645E9
19753771762275,5,23,20.7,15.7,76.25328,225.64455,true,true,true,1.17645E9
19753771762275,5,25,28.1,23.1,35.08738,157.25748,true,true,true,1.17645E9
19753771762275,5,27,31.5,26.5,10.455829,246.15868,true,true,true,1.17645E9
19753771762275,5,28,25.5,20.5,49.608406,267.31122,true,true,true,1.17645E9
19753771762275,5,37,36.3,31.3,34.58737,313.9813,true,true,true,1.17645E9
19753771762275,5,38,33.8,28.8,57.88874,19.09498,true,true,true,1.17645E9
19753771762275,5,42,20.5,15.5,5.4120073,96.42543,false,false,true,1.17645E9
19753771762275,5,23,37.0,32.0,76.25328,225.64455,true,true,true,1.57542E9
19753771762275,5,25,32.7,27.7,35.08738,157.25748,true,true,true,1.57542E9
19753771762275,5,27,32.2,27.2,10.455829,246.15868,true,true,true,1.57542E9
19753771762275,5,28,38.1,33.1,49.608406,267.31122,true,true,true,1.57542E9
19753771762275,5,34,18.6,13.6,7.5157013,53.7543,false,true,true,1.57542E9
19753771762275,5,37,40.4,35.4,34.58737,313.9813,true,true,true,1.57542E9
19753771762275,5,38,38.8,33.8,57.88874,19.09498,true,true,true,1.57542E9
19753771762275,5,42,16.7,11.7,5.4120073,96.42543,false,false,true,1.57542E9
19754768409670,1,6,40.1,35.1,71.82889,33.8546,true,true,true,1.57542E9
19754768409670,1,11,29.3,24.3,67.20751,221.2712,true,true,true,1.57542E9
19754768409670,1,12,35.8,30.8,24.911688,318.29565,true,false,true,1.57542E9
19754768409670,1,13,35.6,30.6,0.0,0.0,false,false,false,1.57542E9
19754768409670,1,17,37.4,32.4,24.384571,61.234203,true,true,true,1.57542E9
19754768409670,1,19,36.5,31.5,49.370075,29.61656,true,true,true,1.57542E9
19754768409670,1,22,26.8,21.8,40.924557,115.49065,true,true,true,1.57542E9
19754768409670,1,24,39.9,34.9,37.151264,261.3042,true,true,true,1.57542E9
19754768409670,4,194,43.8,38.8,23.604813,97.0179,true,true,true,1.57542E9
19754768409670,4,195,41.1,36.1,32.21701,62.014374,true,true,true,1.57542E9
19754768409670,2,134,38.6,33.6,0.0,0.0,false,false,false,1.57542E9
19754768409670,3,9,36.9,31.9,81.66185,148.7656,true,false,true,1.600875E9
19754768409670,3,16,21.8,16.8,23.731276,147.23816,false,true,true,1.6014374E9
19754768409670,3,20,40.4,35.4,62.42595,279.15695,true,false,true,1.603125E9
19754768409670,3,19,35.1,30.1,41.452652,19.580093,true,true,true,1.6036876E9
19754768409670,3,21,36.7,31.7,24.81651,238.7768,true,true,true,1.60425E9
19754768409670,5,42,28.6,23.6,5.4120073,96.42543,false,false,true,1.561098E9
19754768409670,5,38,38.5,33.5,57.88874,19.09498,true,true,true,1.561098E9
19754768409670,5,37,40.5,35.5,34.58737,313.9813,true,true,true,1.561098E9
19754768409670,5,34,21.3,16.3,7.5157013,53.7543,false,true,true,1.561098E9
19754768409670,5,33,29.3,24.3,2.5242438,145.99773,false,false,true,1.561098E9
19754768409670,5,28,40.7,35.7,49.608406,267.31122,true,true,true,1.561098E9
19754768409670,5,27,34.9,29.9,10.455829,246.15868,true,true,true,1.561098E9
19754768409670,5,25,30.6,25.6,35.08738,157.25748,true,true,true,1.561098E9
19754768409670,5,23,40.2,35.2,76.25328,225.64455,true,true,true,1.561098E9
19754768409670,5,14,21.3,16.3,2.695912,75.00786,false,false,true,1.561098E9
19754768409670,5,13,41.6,36.6,68.27135,320.29843,true,true,true,1.561098E9
19754768409670,5,8,38.9,33.9,37.18223,48.354237,true,true,true,1.561098E9
19754768409670,5,6,25.7,20.7,30.446934,119.6433,false,true,true,1.561098E9
19754768409670,5,3,28.0,23.0,39.472725,128.12805,false,false,true,1.561098E9
19754768409670,5,2,37.4,32.4,54.25361,175.11227,true,false,true,1.561098E9
19754768409670,5,1,32.6,27.6,15.824988,103.63155,false,false,true,1.561098E9
19754768409670,6,2,43.2,38.2,62.250828,82.92751,true,true,true,1.57542E9
19754768409670,6,7,13.5,8.5,2.1111386,266.88702,false,true,true,1.57542E9
19754768409670,6,8,14.6,9.6,2.0509057,220.51952,false,true,true,1.57542E9
19754768409670,6,15,33.0,28.0,27.57418,209.54988,true,true,true,1.57542E9
19754768409670,6,18,42.1,37.1,64.119026,3.246301,true,false,true,1.57542E9
19754768409670,6,25,21.7,16.7,13.91123,117.40616,false,true,true,1.57542E9
19754768409670,6,27,20.9,15.9,4.5813794,309.61627,false,false,true,1.57542E9
19754768409670,6,30,39.2,34.2,49.2451,329.32602,true,true,true,1.57542E9
19754768409670,6,34,37.0,32.0,79.044205,171.68158,true,true,true,1.57542E9
19754768409670,6,36,34.3,29.3,41.840115,41.710533,true,true,true,1.57542E9
19754768409670,1,6,26.8,21.8,71.82889,33.8546,true,true,true,1.17645E9
19754768409670,1,11,31.5,26.5,67.20751,221.2712,true,true,true,1.17645E9
19754768409670,1,14,18.5,13.5,20.761066,126.17851,false,true,true,1.17645E9
19754768409670,1,21,26.8,21.8,17.518345,166.57326,false,true,true,1.17645E9
19754768409670,1,24,38.0,33.0,37.151264,261.3042,true,true,true,1.17645E9
19754768409670,4,194,34.8,29.8,23.604813,97.0179,false,true,true,1.17645E9
19754768409670,4,195,27.3,22.3,32.21701,62.014374,true,true,true,1.17645E9
19754768409670,6,2,32.3,27.3,62.250828,82.92751,true,true,true,1.17645E9
19754768409670,6,15,27.0,22.0,27.57418,209.54988,true,true,true,1.17645E9
19754768409670,6,18,31.3,26.3,64.119026,3.246301,true,false,true,1.17645E9
19754768409670,6,25,17.5,12.5,13.91123,117.40616,false,true,true,1.17645E9
19754768409670,6,30,32.6,27.6,49.2451,329.32602,true,true,true,1.17645E9
19754768409670,6,34,18.3,13.3,79.044205,171.68158,true,true,true,1.17645E9
19754768409670,6,36,24.3,19.3,41.840115,41.710533,true,true,true,1.17645E9
19754768409670,5,23,22.5,17.5,76.25328,225.64455,true,true,true,1.17645E9
19754768409670,5,25,30.7,25.7,35.08738,157.25748,true,true,true,1.17645E9
19754768409670,5,27,33.9,28.9,10.455829,246.15868,true,true,true,1.17645E9
19754768409670,5,28,21.3,16.3,49.608406,267.31122,true,true,true,1.17645E9
19754768409670,5,37,34.0,29.0,34.58737,313.9813,true,true,true,1.17645E9
19754768409670,5,38,32.9,27.9,57.88874,19.09498,true,true,true,1.17645E9
19754768409670,5,42,26.4,21.4,5.4120073,96.42543,false,false,true,1.17645E9
19754768409670,5,23,38.6,33.6,76.25328,225.64455,true,true,true,1.57542E9
19754768409670,5,25,28.9,23.9,35.08738,157.25748,true,true,true,1.57542E9
19754768409670,5,27,31.7,26.7,10.455829,246.15868,true,true,true,1.57542E9
19754768409670,5,28,39.4,34.4,49.608406,267.31122,true,true,true,1.57542E9
19754768409670,5,34,18.6,13.6,7.5157013,53.7543,false,true,true,1.57542E9
19754768409670,5,37,38.8,33.8,34.58737,313.9813,true,true,true,1.57542E9
19754768409670,5,38,37.1,32.1,57.88874,19.09498,true,true,true,1.57542E9
19754768409670,5,42,26.2,21.2,5.4120073,96.42543,false,false,true,1.57542E9
19755768667378,1,6,38.8,33.8,71.82889,33.8546,true,true,true,1.57542E9
19755768667378,1,11,27.6,22.6,67.20751,221.2712,true,true,true,1.57542E9
19755768667378,1,12,36.1,31.1,24.911688,318.29565,true,false,true,1.57542E9
19755768667378,1,13,33.7,28.7,0.0,0.0,false,false,false,1.57542E9
19755768667378,1,17,38.7,33.7,24.384571,61.234203,true,true,true,1.57542E9
19755768667378,1,19,36.4,31.4,49.370075,29.61656,true,true,true,1.57542E9
19755768667378,1,22,39.1,34.1,40.924557,115.49065,true,true,true,1.57542E9
19755768667378,1,24,38.5,33.5,37.151264,261.3042,true,true,true,1.57542E9
19755768667378,4,194,41.2,36.2,23.604813,97.0179,true,true,true,1.57542E9
19755768667378,4,195,37.5,32.5,32.21701,62.014374,true,true,true,1.57542E9
19755768667378,2,134,38.6,33.6,0.0,0.0,false,false,false,1.57542E9
19755768667378,3,9,38.1,33.1,81.66185,148.7656,true,false,true,1.600875E9
19755768667378,3,16,21.2,16.2,23.731276,147.23816,false,true,true,1.6014374E9
19755768667378,3,20,39.6,34.6,62.42595,279.15695,true,false,true,1.603125E9
19755768667378,3,19,37.1,32.1,41.452652,19.580093,true,true,true,1.6036876E9
19755768667378,3,21,37.3,32.3,24.81651,238.7768,true,true,true,1.60425E9
19755768667378,5,42,24.3,19.3,5.4120073,96.42543,true,false,true,1.561098E9
19755768667378,5,38,36.4,31.4,57.88874,19.09498,true,true,true,1.561098E9
19755768667378,5,37,37.8,32.8,34.58737,313.9813,true,true,true,1.561098E9
19755768667378,5,34,21.3,16.3,7.5157013,53.7543,false,true,true,1.561098E9
19755768667378,5,33,29.3,24.3,2.5242438,145.99773,false,false,true,1.561098E9
19755768667378,5,28,41.2,36.2,49.608406,267.31122,true,true,true,1.561098E9
19755768667378,5,27,36.8,31.8,10.455829,246.15868,true,true,true,1.561098E9
19755768667378,5,25,23.9,18.9,35.08738,157.25748,true,true,true,1.561098E9
19755768667378,5,23,41.0,36.0,76.25328,225.64455,true,true,true,1.561098E9
19755768667378,5,14,21.3,16.3,2.695912,75.00786,false,false,true,1.561098E9
19755768667378,5,13,41.4,36.4,68.27135,320.29843,true,true,true,1.561098E9
19755768667378,5,8,33.1,28.1,37.18223,48.354237,true,true,true,1.561098E9
19755768667378,5,6,38.1,33.1,30.446934,119.6433,true,true,true,1.561098E9
19755768667378,5,3,24.7,19.7,39.472725,128.12805,false,false,true,1.561098E9
19755768667378,5,2,37.4,32.4,54.25361,175.11227,true,false,true,1.561098E9
19755768667378,5,1,42.6,37.6,15.824988,103.63155,true,false,true,1.561098E9
19755768667378,6,2,43.9,38.9,62.250828,82.92751,true,true,true,1.57542E9
19755768667378,6,7,13.5,8.5,2.1111386,266.88702,false,true,true,1.57542E9
19755768667378,6,8,14.6,9.6,2.0509057,220.51952,false,true,true,1.57542E9
19755768667378,6,15,33.0,28.0,27.57418,209.54988,true,true,true,1.57542E9
19755768667378,6,18,37.2,32.2,64.119026,3.246301,true,false,true,1.57542E9
19755768667378,6,25,16.9,11.9,13.91123,117.40616,false,true,true,1.57542E9
19755768667378,6,27,20.9,15.9,4.5813794,309.61627,false,false,true,1.57542E9
19755768667378,6,30,37.0,32.0,49.2451,329.32602,true,true,true,1.57542E9
19755768667378,6,34,39.0,34.0,79.044205,171.68158,true,true,true,1.57542E9
19755768667378,6,36,36.1,31.1,41.840115,41.710533,true,true,true,1.57542E9
19755768667378,1,6,26.3,21.3,71.82889,33.8546,true,true,true,1.17645E9
19755768667378,1,11,30.6,25.6,67.20751,221.2712,true,true,true,1.17645E9
19755768667378,1,14,18.5,13.5,20.761066,126.17851,false,true,true,1.17645E9
19755768667378,1,21,26.8,21.8,17.518345,166.57326,false,true,true,1.17645E9
19755768667378,1,24,38.3,33.3,37.151264,261.3042,true,true,true,1.17645E9
19755768667378,4,194,32.8,27.8,23.604813,97.0179,true,true,true,1.17645E9
19755768667378,4,195,27.3,22.3,32.21701,62.014374,true,true,true,1.17645E9
19755768667378,6,2,32.4,27.4,62.250828,82.92751,true,true,true,1.17645E9
19755768667378,6,15,26.9,21.9,27.57418,209.54988,true,true,true,1.17645E9
19755768667378,6,18,26.6,21.6,64.119026,3.246301,true,false,true,1.17645E9
19755768667378,6,25,17.5,12.5,13.91123,117.40616,false,true,true,1.17645E9
19755768667378,6,30,31.2,26.2,49.2451,329.32602,true,true,true,1.17645E9
19755768667378,6,34,18.3,13.3,79.044205,171.68158,true,true,true,1.17645E9
19755768667378,6,36,25.3,20.3,41.840115,41.710533,true,true,true,1.17645E9
19755768667378,5,23,24.8,19.8,76.25328,225.64455,true,true,true,1.17645E9
19755768667378,5,25,30.7,25.7,35.08738,157.25748,true,true,true,1.17645E9
19755768667378,5,27,34.5,29.5,10.455829,246.15868,true,true,true,1.17645E9
19755768667378,5,28,22.1,17.1,49.608406,267.31122,true,true,true,1.17645E9
19755768667378,5,37,31.9,26.9,34.58737,313.9813,true,true,true,1.17645E9
19755768667378,5,38,30.8,25.8,57.88874,19.09498,true,true,true,1.17645E9
19755768667378,5,42,20.8,15.8,5.4120073,96.42543,true,false,true,1.17645E9
19755768667378,5,23,39.2,34.2,76.25328,225.64455,true,true,true,1.57542E9
19755768667378,5,25,28.9,23.9,35.08738,157.25748,true,true,true,1.57542E9
19755768667378,5,27,34.4,29.4,10.455829,246.15868,true,true,true,1.57542E9
19755768667378,5,28,39.3,34.3,49.608406,267.31122,true,true,true,1.57542E9
19755768667378,5,34,18.6,13.6,7.5157013,53.7543,false,true,true,1.57542E9
19755768667378,5,37,35.1,30.1,34.58737,313.9813,true,true,true,1.57542E9
19755768667378,5,38,34.0,29.0,57.88874,19.09498,true,true,true,1.57542E9
19755768667378,5,42,23.5,18.5,5.4120073,96.42543,true,false,true,1.57542E9
19756768971076,1,6,37.7,32.7,71.82889,33.8546,true,true,true,1.57542E9
19756768971076,1,11,30.7,25.7,67.20751,221.2712,true,true,true,1.57542E9
19756768971076,1,12,37.1,32.1,24.911688,318.29565,true,false,true,1.57542E9
19756768971076,1,13,38.8,33.8,0.0,0.0,false,false,false,1.57542E9
19756768971076,1,17,39.0,34.0,24.384571,61.234203,true,true,true,1.57542E9
19756768971076,1,19,36.1,31.1,49.370075,29.61656,true,true,true,1.57542E9
19756768971076,1,22,39.2,34.2,40.924557,115.49065,true,true,true,1.57542E9
19756768971076,1,24,38.6,33.6,37.151264,261.3042,true,true,true,1.57542E9
19756768971076,4,194,38.3,33.3,23.604813,97.0179,true,true,true,1.57542E9
19756768971076,4,195,35.5,30.5,32.21701,62.014374,true,true,true,1.57542E9
19756768971076,2,134,38.6,33.6,0.0,0.0,false,false,false,1.57542E9
19756768971076,3,9,37.6,32.6,81.66185,148.7656,false,false,true,1.600875E9
19756768971076,3,16,21.2,16.2,23.731276,147.23816,false,true,true,1.6014374E9
19756768971076,3,20,38.6,33.6,62.42595,279.15695,false,false,true,1.603125E9
19756768971076,3,19,32.1,27.1,41.452652,19.580093,true,true,true,1.6036876E9
19756768971076,3,21,37.4,32.4,24.81651,238.7768,true,true,true,1.60425E9
19756768971076,5,42,24.3,19.3,5.4120073,96.42543,true,false,true,1.561098E9
19756768971076,5,38,34.7,29.7,57.88874,19.09498,true,true,true,1.561098E9
19756768971076,5,37,37.3,32.3,34.58737,313.9813,true,true,true,1.561098E9
19756768971076,5,34,21.3,16.3,7.5157013,53.7543,false,true,true,1.561098E9
19756768971076,5,33,29.3,24.3,2.5242438,145.99773,false,false,true,1.561098E9
19756768971076,5,28,42.5,37.5,49.608406,267.31122,true,true,true,1.561098E9
19756768971076,5,27,41.6,36.6,10.455829,246.15868,true,true,true,1.561098E9
19756768971076,5,25,24.3,19.3,35.08738,157.25748,true,true,true,1.561098E9
19756768971076,5,23,40.7,35.7,76.25328,225.64455,true,true,true,1.561098E9
19756768971076,5,14,21.3,16.3,2.695912,75.00786,false,false,true,1.561098E9
19756768971076,5,13,40.7,35.7,68.27135,320.29843,true,true,true,1.561098E9
19756768971076,5,8,29.4,24.4,37.18223,48.354237,true,true,true,1.561098E9
19756768971076,5,6,38.6,33.6,30.446934,119.6433,true,true,true,1.561098E9
19756768971076,5,3,39.5,34.5,39.472725,128.12805,false,false,true,1.561098E9
19756768971076,5,2,37.1,32.1,54.25361,175.11227,true,false,true,1.561098E9
19756768971076,5,1,38.5,33.5,15.824988,103.63155,true,false,true,1.561098E9
19756768971076,6,2,43.2,38.2,62.250828,82.92751,true,true,true,1.57542E9
19756768971076,6,7,13.5,8.5,2.1111386,266.88702,false,true,true,1.57542E9
19756768971076,6,8,14.6,9.6,2.0509057,220.51952,false,true,true,1.57542E9
19756768971076,6,15,35.3,30.3,27.57418,209.54988,true,true,true,1.57542E9
19756768971076,6,18,40.2,35.2,64.119026,3.246301,true,false,true,1.57542E9
19756768971076,6,25,21.0,16.0,13.91123,117.40616,false,true,true,1.57542E9
19756768971076,6,27,20.9,15.9,4.5813794,309.61627,false,false,true,1.57542E9
19756768971076,6,30,37.8,32.8,49.2451,329.32602,true,true,true,1.57542E9
19756768971076,6,34,38.1,33.1,79.044205,171.68158,true,true,true,1.57542E9
19756768971076,6,36,31.6,26.6,41.840115,41.710533,true,true,true,1.57542E9
19756768971076,1,6,25.3,20.3,71.82889,33.8546,true,true,true,1.17645E9
19756768971076,1,11,32.0,27.0,67.20751,221.2712,true,true,true,1.17645E9
19756768971076,1,14,18.5,13.5,20.761066,126.17851,false,true,true,1.17645E9
19756768971076,1,21,26.8,21.8,17.518345,166.57326,false,true,true,1.17645E9
19756768971076,1,24,36.5,31.5,37.151264,261.3042,true,true,true,1.17645E9
19756768971076,4,194,28.7,23.7,23.604813,97.0179,true,true,true,1.17645E9
19756768971076,4,195,22.0,17.0,32.21701,62.014374,true,true,true,1.17645E9
19756768971076,6,2,32.4,27.4,62.250828,82.92751,true,true,true,1.17645E9
19756768971076,6,15,25.9,20.9,27.57418,209.54988,true,true,true,1.17645E9
19756768971076,6,18,29.5,24.5,64.119026,3.246301,true,false,true,1.17645E9
19756768971076,6,25,17.5,12.5,13.91123,117.40616,false,true,true,1.17645E9
19756768971076,6,30,28.9,23.9,49.2451,329.32602,true,true,true,1.17645E9
19756768971076,6,34,18.3,13.3,79.044205,171.68158,true,true,true,1.17645E9
19756768971076,6,36,27.7,22.7,41.840115,41.710533,true,true,true,1.17645E9
19756768971076,5,23,27.3,22.3,76.25328,225.64455,true,true,true,1.17645E9
19756768971076,5,25,30.7,25.7,35.08738,157.25748,true,true,true,1.17645E9
19756768971076,5,27,32.4,27.4,10.455829,246.15868,true,true,true,1.17645E9
19756768971076,5,28,22.7,17.7,49.608406,267.31122,true,true,true,1.17645E9
19756768971076,5,37,28.2,23.2,34.58737,313.9813,true,true,true,1.17645E9
19756768971076,5,38,27.2,22.2,57.88874,19.09498,true,true,true,1.17645E9
19756768971076,5,42,20.8,15.8,5.4120073,96.42543,true,false,true,1.17645E9
19756768971076,5,23,39.0,34.0,76.25328,225.64455,true,true,true,1.57542E9
19756768971076,5,25,20.3,15.3,35.08738,157.25748,true,true,true,1.57542E9
19756768971076,5,27,38.7,33.7,10.455829,246.15868,true,true,true,1.57542E9
19756768971076,5,28,39.6,34.6,49.608406,267.31122,true,true,true,1.57542E9
19756768971076,5,34,18.6,13.6,7.5157013,53.7543,false,true,true,1.57542E9
19756768971076,5,37,36.6,31.6,34.58737,313.9813,true,true,true,1.57542E9
19756768971076,5,38,30.9,25.9,57.88874,19.09498,true,true,true,1.57542E9
19756768971076,5,42,24.0,19.0,5.4120073,96.42543,true,false,true,1.57542E9
19757769366388,1,6,37.4,32.4,71.82889,33.8546,true,true,true,1.57542E9
19757769366388,1,11,32.6,27.6,67.20751,221.2712,true,true,true,1.57542E9
19757769366388,1,12,33.4,28.4,24.911688,318.29565,true,false,true,1.57542E9
19757769366388,1,13,36.4,31.4,0.0,0.0,false,false,false,1.57542E9
19757769366388,1,14,22.4,17.4,20.761066,126.17851,false,true,true,1.57542E9
19757769366388,1,17,43.0,38.0,24.384571,61.234203,true,true,true,1.57542E9
19757769366388,1,19,32.9,27.9,49.370075,29.61656,true,true,true,1.57542E9
19757769366388,1,22,38.7,33.7,40.924557,115.49065,true,true,true,1.57542E9
19757769366388,1,24,37.3,32.3,37.151264,261.3042,true,true,true,1.57542E9
19757769366388,4,194,35.5,30.5,23.604813,97.0179,true,true,true,1.57542E9
19757769366388,4,195,41.6,36.6,32.21701,62.014374,true,true,true,1.57542E9
19757769366388,2,134,38.6,33.6,0.0,0.0,false,false,false,1.57542E9
19757769366388,3,9,35.0,30.0,81.66185,148.7656,false,false,true,1.600875E9
19757769366388,3,16,21.2,16.2,23.731276,147.23816,false,true,true,1.6014374E9
19757769366388,3,20,37.4,32.4,62.42595,279.15695,false,false,true,1.603125E9
19757769366388,3,19,30.9,25.9,41.452652,19.580093,true,true,true,1.6036876E9
19757769366388,3,21,39.0,34.0,24.81651,238.7768,true,true,true,1.60425E9
19757769366388,5,42,25.6,20.6,5.4120073,96.42543,true,false,true,1.561098E9
19757769366388,5,38,32.5,27.5,57.88874,19.09498,true,true,true,1.561098E9
19757769366388,5,37,40.6,35.6,34.58737,313.9813,true,true,true,1.561098E9
19757769366388,5,34,21.3,16.3,7.5157013,53.7543,false,true,true,1.561098E9
19757769366388,5,33,29.3,24.3,2.5242438,145.99773,false,false,true,1.561098E9
19757769366388,5,28,39.5,34.5,49.608406,267.31122,true,true,true,1.561098E9
19757769366388,5,27,37.3,32.3,10.455829,246.15868,true,true,true,1.561098E9
19757769366388,5,25,24.0,19.0,35.08738,157.25748,true,true,true,1.561098E9
19757769366388,5,23,41.1,36.1,76.25328,225.64455,true,true,true,1.561098E9
19757769366388,5,14,21.3,16.3,2.695912,75.00786,false,false,true,1.561098E9
19757769366388,5,13,40.5,35.5,68.27135,320.29843,true,true,true,1.561098E9
19757769366388,5,8,32.4,27.4,37.18223,48.354237,true,true,true,1.561098E9
19757769366388,5,6,41.4,36.4,30.446934,119.6433,true,true,true,1.561098E9
19757769366388,5,3,39.4,34.4,39.472725,128.12805,false,false,true,1.561098E9
19757769366388,5,2,34.5,29.5,54.25361,175.11227,true,false,true,1.561098E9
19757769366388,5,1,36.1,31.1,15.824988,103.63155,true,false,true,1.561098E9
19757769366388,6,2,39.0,34.0,62.250828,82.92751,true,true,true,1.57542E9
19757769366388,6,7,13.5,8.5,2.1111386,266.88702,false,true,true,1.57542E9
19757769366388,6,8,14.6,9.6,2.0509057,220.51952,false,true,true,1.57542E9
19757769366388,6,15,35.9,30.9,27.57418,209.54988,true,true,true,1.57542E9
19757769366388,6,18,34.6,29.6,64.119026,3.246301,true,false,true,1.57542E9
19757769366388,6,25,22.2,17.2,13.91123,117.40616,false,true,true,1.57542E9
19757769366388,6,27,20.9,15.9,4.5813794,309.61627,false,false,true,1.57542E9
19757769366388,6,30,34.6,29.6,49.2451,329.32602,true,true,true,1.57542E9
19757769366388,6,34,36.3,31.3,79.044205,171.68158,true,true,true,1.57542E9
19757769366388,6,36,29.1,24.1,41.840115,41.710533,true,true,true,1.57542E9
19757769366388,1,6,24.1,19.1,71.82889,33.8546,true,true,true,1.17645E9
19757769366388,1,11,32.3,27.3,67.20751,221.2712,true,true,true,1.17645E9
19757769366388,1,14,18.5,13.5,20.761066,126.17851,false,true,true,1.17645E9
19757769366388,1,21,26.8,21.8,17.518345,166.57326,false,true,true,1.17645E9
19757769366388,1,24,36.4,31.4,37.151264,261.3042,true,true,true,1.17645E9
19757769366388,4,194,26.8,21.8,23.604813,97.0179,true,true,true,1.17645E9
19757769366388,4,195,22.9,17.9,32.21701,62.014374,true,true,true,1.17645E9
19757769366388,6,2,30.3,25.3,62.250828,82.92751,true,true,true,1.17645E9
19757769366388,6,15,27.3,22.3,27.57418,209.54988,true,true,true,1.17645E9
19757769366388,6,18,27.2,22.2,64.119026,3.246301,true,false,true,1.17645E9
19757769366388,6,25,17.5,12.5,13.91123,117.40616,false,true,true,1.17645E9
19757769366388,6,30,30.9,25.9,49.2451,329.32602,true,true,true,1.17645E9
19757769366388,6,34,18.6,13.6,79.044205,171.68158,true,true,true,1.17645E9
19757769366388,6,36,24.0,19.0,41.840115,41.710533,true,true,true,1.17645E9
19757769366388,5,23,23.0,18.0,76.25328,225.64455,true,true,true,1.17645E9
19757769366388,5,25,30.7,25.7,35.08738,157.25748,true,true,true,1.17645E9
19757769366388,5,27,32.1,27.1,10.455829,246.15868,true,true,true,1.17645E9
19757769366388,5,28,22.7,17.7,49.608406,267.31122,true,true,true,1.17645E9
19757769366388,5,37,32.6,27.6,34.58737,313.9813,true,true,true,1.17645E9
19757769366388,5,38,26.7,21.7,57.88874,19.09498,true,true,true,1.17645E9
19757769366388,5,42,20.8,15.8,5.4120073,96.42543,true,false,true,1.17645E9
19757769366388,5,23,38.7,33.7,76.25328,225.64455,true,true,true,1.57542E9
19757769366388,5,25,21.5,16.5,35.08738,157.25748,true,true,true,1.57542E9
19757769366388,5,27,34.7,29.7,10.455829,246.15868,true,true,true,1.57542E9
19757769366388,5,28,36.9,31.9,49.608406,267.31122,true,true,true,1.57542E9
19757769366388,5,34,18.6,13.6,7.5157013,53.7543,false,true,true,1.57542E9
19757769366388,5,37,40.4,35.4,34.58737,313.9813,true,true,true,1.57542E9
19757769366388,5,38,29.8,24.8,57.88874,19.09498,true,true,true,1.57542E9
19757769366388,5,42,23.1,18.1,5.4120073,96.42543,true,false,true,1.57542E9
19758770750502,1,6,33.6,28.6,71.82889,33.8546,true,true,true,1.57542E9
19758770750502,1,11,30.9,25.9,67.20751,221.2712,true,true,true,1.57542E9
19758770750502,1,12,34.9,29.9,24.911688,318.29565,true,false,true,1.57542E9
19758770750502,1,13,32.3,27.3,0.0,0.0,false,false,false,1.57542E9
19758770750502,1,14,24.3,19.3,20.761066,126.17851,false,true,true,1.57542E9
19758770750502,1,17,43.2,38.2,24.384571,61.234203,true,true,true,1.57542E9
19758770750502,1,19,35.3,30.3,49.370075,29.61656,true,true,true,1.57542E9
19758770750502,1,22,38.8,33.8,40.924557,115.49065,true,true,true,1.57542E9
19758770750502,1,24,34.5,29.5,37.151264,261.3042,true,true,true,1.57542E9
19758770750502,4,194,35.4,30.4,23.604813,97.0179,true,true,true,1.57542E9
19758770750502,4,195,43.6,38.6,32.21701,62.014374,true,true,true,1.57542E9
19758770750502,2,134,34.5,29.5,0.0,0.0,false,false,false,1.57542E9
19758770750502,3,9,33.2,28.2,81.66185,148.7656,false,false,true,1.600875E9
19758770750502,3,16,21.2,16.2,23.731276,147.23816,false,true,true,1.6014374E9
19758770750502,3,20,32.4,27.4,62.42595,279.15695,false,false,true,1.603125E9
19758770750502,3,19,30.3,25.3,41.452652,19.580093,true,true,true,1.6036876E9
19758770750502,3,21,37.7,32.7,24.81651,238.7768,true,true,true,1.60425E9
19758770750502,5,42,27.4,22.4,5.4120073,96.42543,true,false,true,1.561098E9
19758770750502,5,38,31.7,26.7,57.88874,19.09498,true,true,true,1.561098E9
19758770750502,5,37,38.3,33.3,34.58737,313.9813,true,true,true,1.561098E9
19758770750502,5,34,21.3,16.3,7.5157013,53.7543,false,true,true,1.561098E9
19758770750502,5,33,29.3,24.3,2.5242438,145.99773,false,false,true,1.561098E9
19758770750502,5,28,38.7,33.7,49.608406,267.31122,true,true,true,1.561098E9
19758770750502,5,27,37.1,32.1,10.455829,246.15868,true,true,true,1.561098E9
19758770750502,5,25,26.7,21.7,35.08738,157.25748,true,true,true,1.561098E9
19758770750502,5,23,33.5,28.5,76.25328,225.64455,true,true,true,1.561098E9
19758770750502,5,14,21.3,16.3,2.695912,75.00786,false,false,true,1.561098E9
19758770750502,5,13,34.8,29.8,68.27135,320.29843,true,true,true,1.561098E9
19758770750502,5,8,39.9,34.9,37.18223,48.354237,true,true,true,1.561098E9
19758770750502,5,6,37.9,32.9,30.446934,119.6433,true,true,true,1.561098E9
19758770750502,5,3,39.0,34.0,39.472725,128.12805,false,false,true,1.561098E9
19758770750502,5,2,37.6,32.6,54.25361,175.11227,true,false,true,1.561098E9
19758770750502,5,1,33.3,28.3,15.824988,103.63155,true,false,true,1.561098E9
19758770750502,6,2,39.3,34.3,62.250828,82.92751,true,true,true,1.57542E9
19758770750502,6,7,13.5,8.5,2.1111386,266.88702,false,true,true,1.57542E9
19758770750502,6,8,14.6,9.6,2.0509057,220.51952,false,true,true,1.57542E9
19758770750502,6,15,36.2,31.2,27.57418,209.54988,true,true,true,1.57542E9
19758770750502,6,18,33.5,28.5,64.119026,3.246301,true,false,true,1.57542E9
19758770750502,6,25,24.4,19.4,13.91123,117.40616,false,true,true,1.57542E9
19758770750502,6,27,20.9,15.9,4.5813794,309.61627,false,false,true,1.57542E9
19758770750502,6,30,29.4,24.4,49.2451,329.32602,true,true,true,1.57542E9
19758770750502,6,34,33.1,28.1,79.044205,171.68158,true,true,true,1.57542E9
19758770750502,6,36,32.4,27.4,41.840115,41.710533,true,true,true,1.57542E9
19758770750502,1,6,21.9,16.9,71.82889,33.8546,true,true,true,1.17645E9
19758770750502,1,11,26.8,21.8,67.20751,221.2712,true,true,true,1.17645E9
19758770750502,1,14,18.5,13.5,20.761066,126.17851,false,true,true,1.17645E9
19758770750502,1,21,12.5,7.5,17.518345,166.57326,false,true,true,1.17645E9
19758770750502,1,24,35.6,30.6,37.151264,261.3042,true,true,true,1.17645E9
19758770750502,4,194,25.1,20.1,23.604813,97.0179,true,true,true,1.17645E9
19758770750502,4,195,24.8,19.8,32.21701,62.014374,true,true,true,1.17645E9
19758770750502,6,2,31.9,26.9,62.250828,82.92751,true,true,true,1.17645E9
19758770750502,6,15,28.7,23.7,27.57418,209.54988,true,true,true,1.17645E9
19758770750502,6,18,27.7,22.7,64.119026,3.246301,true,false,true,1.17645E9
19758770750502,6,25,17.5,12.5,13.91123,117.40616,false,true,true,1.17645E9
19758770750502,6,30,31.1,26.1,49.2451,329.32602,true,true,true,1.17645E9
19758770750502,6,34,18.6,13.6,79.044205,171.68158,true,true,true,1.17645E9
19758770750502,6,36,28.5,23.5,41.840115,41.710533,true,true,true,1.17645E9
19758770750502,5,23,20.5,15.5,76.25328,225.64455,true,true,true,1.17645E9
19758770750502,5,25,30.7,25.7,35.08738,157.25748,true,true,true,1.17645E9
19758770750502,5,27,33.5,28.5,10.455829,246.15868,true,true,true,1.17645E9
19758770750502,5,28,20.6,15.6,49.608406,267.31122,true,true,true,1.17645E9
19758770750502,5,37,30.4,25.4,34.58737,313.9813,true,true,true,1.17645E9
19758770750502,5,38,27.4,22.4,57.88874,19.09498,true,true,true,1.17645E9
19758770750502,5,42,20.8,15.8,5.4120073,96.42543,true,false,true,1.17645E9
19758770750502,5,23,32.3,27.3,76.25328,225.64455,true,true,true,1.57542E9
19758770750502,5,25,21.3,16.3,35.08738,157.25748,true,true,true,1.57542E9
19758770750502,5,27,33.7,28.7,10.455829,246.15868,true,true,true,1.57542E9
19758770750502,5,28,35.5,30.5,49.608406,267.31122,true,true,true,1.57542E9
19758770750502,5,34,18.6,13.6,7.5157013,53.7543,false,true,true,1.57542E9
19758770750502,5,37,36.0,31.0,34.58737,313.9813,true,true,true,1.57542E9
19758770750502,5,38,28.9,23.9,57.88874,19.09498,true,true,true,1.57542E9
19758770750502,5,42,26.3,21.3,5.4120073,96.42543,true,false,true,1.57542E9
19759770628835,1,6,39.0,34.0,71.82889,33.8546,true,true,true,1.57542E9
19759770628835,1,11,31.4,26.4,67.20751,221.2712,true,true,true,1.57542E9
19759770628835,1,12,32.2,27.2,24.911688,318.29565,true,false,true,1.57542E9
19759770628835,1,13,28.2,23.2,0.0,0.0,false,false,false,1.57542E9
19759770628835,1,14,26.0,21.0,20.761066,126.17851,false,true,true,1.57542E9
19759770628835,1,17,42.1,37.1,24.384571,61.234203,true,true,true,1.57542E9
19759770628835,1,19,38.7,33.7,49.370075,29.61656,true,true,true,1.57542E9
19759770628835,1,22,41.0,36.0,40.924557,115.49065,true,true,true,1.57542E9
19759770628835,1,24,33.3,28.3,37.151264,261.3042,true,true,true,1.57542E9
19759770628835,4,194,31.7,26.7,23.604813,97.0179,true,true,true,1.57542E9
19759770628835,4,195,42.5,37.5,32.21701,62.014374,true,true,true,1.57542E9
19759770628835,2,134,34.5,29.5,0.0,0.0,false,false,false,1.57542E9
19759770628835,3,9,33.6,28.6,81.66185,148.7656,false,false,true,1.600875E9
19759770628835,3,16,25.4,20.4,23.731276,147.23816,false,true,true,1.6014374E9
19759770628835,3,20,31.0,26.0,62.42595,279.15695,false,false,true,1.603125E9
19759770628835,3,19,36.2,31.2,41.452652,19.580093,true,true,true,1.6036876E9
19759770628835,3,21,38.4,33.4,24.81651,238.7768,true,true,true,1.60425E9
19759770628835,5,42,27.0,22.0,5.4120073,96.42543,true,false,true,1.561098E9
19759770628835,5,38,33.8,28.8,57.88874,19.09498,true,true,true,1.561098E9
19759770628835,5,37,31.6,26.6,34.58737,313.9813,true,true,true,1.561098E9
19759770628835,5,34,21.3,16.3,7.5157013,53.7543,false,true,true,1.561098E9
19759770628835,5,33,29.3,24.3,2.5242438,145.99773,false,false,true,1.561098E9
19759770628835,5,28,32.8,27.8,49.608406,267.31122,true,true,true,1.561098E9
19759770628835,5,27,37.7,32.7,10.455829,246.15868,true,true,true,1.561098E9
19759770628835,5,25,37.6,32.6,35.08738,157.25748,true,true,true,1.561098E9
19759770628835,5,23,37.0,32.0,76.25328,225.64455,true,true,true,1.561098E9
19759770628835,5,14,21.3,16.3,2.695912,75.00786,false,false,true,1.561098E9
19759770628835,5,13,35.7,30.7,68.27135,320.29843,true,true,true,1.561098E9
19759770628835,5,9,19.4,14.4,22.402777,145.66512,false,false,true,1.561098E9
19759770628835,5,8,39.4,34.4,37.18223,48.354237,true,true,true,1.561098E9
19759770628835,5,6,33.2,28.2,30.446934,119.6433,true,true,true,1.561098E9
19759770628835,5,3,36.0,31.0,39.472725,128.12805,false,false,true,1.561098E9
19759770628835,5,2,36.7,31.7,54.25361,175.11227,true,false,true,1.561098E9
19759770628835,5,1,33.5,28.5,15.824988,103.63155,true,false,true,1.561098E9
19759770628835,6,2,41.5,36.5,62.250828,82.92751,true,true,true,1.57542E9
19759770628835,6,7,13.5,8.5,2.1111386,266.88702,false,true,true,1.57542E9
19759770628835,6,8,14.6,9.6,2.0509057,220.51952,false,true,true,1.57542E9
19759770628835,6,15,35.7,30.7,27.57418,209.54988,true,true,true,1.57542E9
19759770628835,6,18,37.3,32.3,64.119026,3.246301,true,false,true,1.57542E9
19759770628835,6,25,33.3,28.3,13.91123,117.40616,false,true,true,1.57542E9
19759770628835,6,27,20.9,15.9,4.5813794,309.61627,false,false,true,1.57542E9
19759770628835,6,30,26.3,21.3,49.2451,329.32602,true,true,true,1.57542E9
19759770628835,6,34,35.3,30.3,79.044205,171.68158,true,true,true,1.57542E9
19759770628835,6,36,35.3,30.3,41.840115,41.710533,true,true,true,1.57542E9
19759770628835,1,6,22.7,17.7,71.82889,33.8546,true,true,true,1.17645E9
19759770628835,1,11,23.6,18.6,67.20751,221.2712,true,true,true,1.17645E9
19759770628835,1,14,18.5,13.5,20.761066,126.17851,false,true,true,1.17645E9
19759770628835,1,21,12.5,7.5,17.518345,166.57326,false,true,true,1.17645E9
19759770628835,1,24,30.0,25.0,37.151264,261.3042,true,true,true,1.17645E9
19759770628835,4,194,23.6,18.6,23.604813,97.0179,true,true,true,1.17645E9
19759770628835,4,195,23.3,18.3,32.21701,62.014374,true,true,true,1.17645E9
19759770628835,6,2,29.6,24.6,62.250828,82.92751,true,true,true,1.17645E9
19759770628835,6,15,27.0,22.0,27.57418,209.54988,true,true,true,1.17645E9
19759770628835,6,18,28.0,23.0,64.119026,3.246301,true,false,true,1.17645E9
19759770628835,6,25,16.5,11.5,13.91123,117.40616,false,true,true,1.17645E9
19759770628835,6,30,31.1,26.1,49.2451,329.32602,true,true,true,1.17645E9
19759770628835,6,34,18.6,13.6,79.044205,171.68158,true,true,true,1.17645E9
19759770628835,6,36,31.3,26.3,41.840115,41.710533,true,true,true,1.17645E9
19759770628835,5,23,20.5,15.5,76.25328,225.64455,true,true,true,1.17645E9
19759770628835,5,25,15.5,10.5,35.08738,157.25748,true,true,true,1.17645E9
19759770628835,5,27,30.2,25.2,10.455829,246.15868,true,true,true,1.17645E9
19759770628835,5,28,20.6,15.6,49.608406,267.31122,true,true,true,1.17645E9
19759770628835,5,37,22.5,17.5,34.58737,313.9813,true,true,true,1.17645E9
19759770628835,5,38,28.7,23.7,57.88874,19.09498,true,true,true,1.17645E9
19759770628835,5,42,18.1,13.1,5.4120073,96.42543,true,false,true,1.17645E9
19759770628835,5,23,34.9,29.9,76.25328,225.64455,true,true,true,1.57542E9
19759770628835,5,25,33.6,28.6,35.08738,157.25748,true,true,true,1.57542E9
19759770628835,5,27,34.2,29.2,10.455829,246.15868,true,true,true,1.57542E9
19759770628835,5,28,27.2,22.2,49.608406,267.31122,true,true,true,1.57542E9
19759770628835,5,34,18.6,13.6,7.5157013,53.7543,false,true,true,1.57542E9
19759770628835,5,37,29.4,24.4,34.58737,313.9813,true,true,true,1.57542E9
19759770628835,5,38,29.7,24.7,57.88874,19.09498,true,true,true,1.57542E9
19759770628835,5,42,25.1,20.1,5.4120073,96.42543,true,false,true,1.57542E9
19760769974564,1,6,40.2,35.2,71.82889,33.8546,true,true,true,1.57542E9
19760769974564,1,11,33.3,28.3,67.20751,221.2712,true,true,true,1.57542E9
19760769974564,1,12,33.6,28.6,24.911688,318.29565,true,false,true,1.57542E9
19760769974564,1,13,30.5,25.5,0.0,0.0,false,false,false,1.57542E9
19760769974564,1,14,28.5,23.5,20.761066,126.17851,true,true,true,1.57542E9
19760769974564,1,17,41.7,36.7,24.384571,61.234203,true,true,true,1.57542E9
19760769974564,1,19,39.7,34.7,49.370075,29.61656,true,true,true,1.57542E9
19760769974564,1,22,40.1,35.1,40.924557,115.49065,true,true,true,1.57542E9
19760769974564,1,24,30.3,25.3,37.151264,261.3042,true,true,true,1.57542E9
19760769974564,4,194,31.6,26.6,23.604813,97.0179,true,true,true,1.57542E9
19760769974564,4,195,42.2,37.2,32.21701,62.014374,true,true,true,1.57542E9
19760769974564,2,134,33.6,28.6,0.0,0.0,false,false,false,1.57542E9
19760769974564,3,9,36.9,31.9,81.66185,148.7656,false,false,true,1.600875E9
19760769974564,3,16,25.5,20.5,23.731276,147.23816,true,true,true,1.6014374E9
19760769974564,3,20,36.3,31.3,62.42595,279.15695,false,false,true,1.603125E9
19760769974564,3,19,37.8,32.8,41.452652,19.580093,true,true,true,1.6036876E9
19760769974564,3,21,35.9,30.9,24.81651,238.7768,true,true,true,1.60425E9
19760769974564,5,42,25.8,20.8,5.4120073,96.42543,true,false,true,1.561098E9
19760769974564,5,38,34.5,29.5,57.88874,19.09498,true,true,true,1.561098E9
19760769974564,5,37,32.9,27.9,34.58737,313.9813,true,true,true,1.561098E9
19760769974564,5,34,21.3,16.3,7.5157013,53.7543,false,true,true,1.561098E9
19760769974564,5,33,29.3,24.3,2.5242438,145.99773,false,false,true,1.561098E9
19760769974564,5,28,30.2,25.2,49.608406,267.31122,true,true,true,1.561098E9
19760769974564,5,27,39.2,34.2,10.455829,246.15868,true,true,true,1.561098E9
19760769974564,5,25,38.9,33.9,35.08738,157.25748,true,true,true,1.561098E9
19760769974564,5,23,41.2,36.2,76.25328,225.64455,true,true,true,1.561098E9
19760769974564,5,14,21.3,16.3,2.695912,75.00786,false,false,true,1.561098E9
19760769974564,5,13,43.2,38.2,68.27135,320.29843,true,true,true,1.561098E9
19760769974564,5,8,39.7,34.7,37.18223,48.354237,true,true,true,1.561098E9
19760769974564,5,6,41.4,36.4,30.446934,119.6433,true,true,true,1.561098E9
19760769974564,5,3,37.9,32.9,39.472725,128.12805,false,false,true,1.561098E9
19760769974564,5,2,38.7,33.7,54.25361,175.11227,true,false,true,1.561098E9
19760769974564,5,1,33.2,28.2,15.824988,103.63155,true,false,true,1.561098E9
19760769974564,6,2,42.4,37.4,62.250828,82.92751,true,true,true,1.57542E9
19760769974564,6,7,13.5,8.5,2.1111386,266.88702,false,true,true,1.57542E9
19760769974564,6,8,14.6,9.6,2.0509057,220.51952,false,true,true,1.57542E9
19760769974564,6,15,34.2,29.2,27.57418,209.54988,true,true,true,1.57542E9
19760769974564,6,18,40.3,35.3,64.119026,3.246301,true,false,true,1.57542E9
19760769974564,6,25,39.0,34.0,13.91123,117.40616,true,true,true,1.57542E9
19760769974564,6,27,20.9,15.9,4.5813794,309.61627,false,false,true,1.57542E9
19760769974564,6,30,33.6,28.6,49.2451,329.32602,true,true,true,1.57542E9
19760769974564,6,34,38.5,33.5,79.044205,171.68158,true,true,true,1.57542E9
19760769974564,6,36,33.1,28.1,41.840115,41.710533,true,true,true,1.57542E9
19760769974564,1,6,24.9,19.9,71.82889,33.8546,true,true,true,1.17645E9
19760769974564,1,11,29.9,24.9,67.20751,221.2712,true,true,true,1.17645E9
19760769974564,1,14,18.5,13.5,20.761066,126.17851,false,true,true,1.17645E9
19760769974564,1,21,12.5,7.5,17.518345,166.57326,false,true,true,1.17645E9
19760769974564,1,24,21.6,16.6,37.151264,261.3042,true,true,true,1.17645E9
19760769974564,4,194,21.9,16.9,23.604813,97.0179,true,true,true,1.17645E9
19760769974564,4,195,23.9,18.9,32.21701,62.014374,true,true,true,1.17645E9
19760769974564,6,2,32.4,27.4,62.250828,82.92751,true,true,true,1.17645E9
19760769974564,6,15,27.8,22.8,27.57418,209.54988,true,true,true,1.17645E9
19760769974564,6,18,30.1,25.1,64.119026,3.246301,true,false,true,1.17645E9
19760769974564,6,25,26.7,21.7,13.91123,117.40616,false,true,true,1.17645E9
19760769974564,6,30,24.0,19.0,49.2451,329.32602,true,true,true,1.17645E9
19760769974564,6,34,18.9,13.9,79.044205,171.68158,true,true,true,1.17645E9
19760769974564,6,36,32.4,27.4,41.840115,41.710533,true,true,true,1.17645E9
19760769974564,5,23,20.6,15.6,76.25328,225.64455,true,true,true,1.17645E9
19760769974564,5,25,29.4,24.4,35.08738,157.25748,true,true,true,1.17645E9
19760769974564,5,27,27.8,22.8,10.455829,246.15868,true,true,true,1.17645E9
19760769974564,5,28,20.6,15.6,49.608406,267.31122,true,true,true,1.17645E9
19760769974564,5,37,26.0,21.0,34.58737,313.9813,true,true,true,1.17645E9
19760769974564,5,38,30.2,25.2,57.88874,19.09498,true,true,true,1.17645E9
19760769974564,5,42,21.7,16.7,5.4120073,96.42543,true,false,true,1.17645E9
19760769974564,5,23,38.9,33.9,76.25328,225.64455,true,true,true,1.57542E9
19760769974564,5,25,36.4,31.4,35.08738,157.25748,true,true,true,1.57542E9
19760769974564,5,27,37.3,32.3,10.455829,246.15868,true,true,true,1.57542E9
19760769974564,5,28,25.1,20.1,49.608406,267.31122,true,true,true,1.57542E9
19760769974564,5,34,18.6,13.6,7.5157013,53.7543,false,true,true,1.57542E9
19760769974564,5,37,30.5,25.5,34.58737,313.9813,true,true,true,1.57542E9
19760769974564,5,38,31.2,26.2,57.88874,19.09498,true,true,true,1.57542E9
19760769974564,5,42,24.0,19.0,5.4120073,96.42543,true,false,true,1.57542E9
19761771413782,1,6,41.5,36.5,71.82889,33.8546,true,true,true,1.57542E9
19761771413782,1,11,32.6,27.6,67.20751,221.2712,true,true,true,1.57542E9
19761771413782,1,12,35.2,30.2,24.911688,318.29565,true,false,true,1.57542E9
19761771413782,1,13,33.5,28.5,0.0,0.0,false,false,false,1.57542E9
19761771413782,1,14,26.1,21.1,20.761066,126.17851,true,true,true,1.57542E9
19761771413782,1,17,44.4,39.4,24.384571,61.234203,true,true,true,1.57542E9
19761771413782,1,19,40.2,35.2,49.370075,29.61656,true,true,true,1.57542E9
19761771413782,1,22,33.9,28.9,40.924557,115.49065,true,true,true,1.57542E9
19761771413782,1,24,30.0,25.0,37.151264,261.3042,true,true,true,1.57542E9
19761771413782,4,194,39.2,34.2,23.604813,97.0179,true,true,true,1.57542E9
19761771413782,4,195,42.1,37.1,32.21701,62.014374,true,true,true,1.57542E9
19761771413782,2,134,33.5,28.5,0.0,0.0,false,false,false,1.57542E9
19761771413782,3,9,36.5,31.5,81.66185,148.7656,false,false,true,1.600875E9
19761771413782,3,16,23.7,18.7,23.731276,147.23816,true,true,true,1.6014374E9
19761771413782,3,20,35.8,30.8,62.42595,279.15695,false,false,true,1.603125E9
19761771413782,3,19,37.5,32.5,41.452652,19.580093,true,true,true,1.6036876E9
19761771413782,3,21,30.9,25.9,24.81651,238.7768,true,true,true,1.60425E9
19761771413782,5,42,29.4,24.4,5.4120073,96.42543,true,false,true,1.561098E9
19761771413782,5,38,32.8,27.8,57.88874,19.09498,true,true,true,1.561098E9
19761771413782,5,37,33.5,28.5,34.58737,313.9813,true,true,true,1.561098E9
19761771413782,5,34,21.3,16.3,7.5157013,53.7543,false,true,true,1.561098E9
19761771413782,5,33,29.3,24.3,2.5242438,145.99773,false,false,true,1.561098E9
19761771413782,5,28,40.8,35.8,49.608406,267.31122,true,true,true,1.561098E9
19761771413782,5,27,34.0,29.0,10.455829,246.15868,true,true,true,1.561098E9
19761771413782,5,25,32.4,27.4,35.08738,157.25748,true,true,true,1.561098E9
19761771413782,5,23,40.1,35.1,76.25328,225.64455,true,true,true,1.561098E9
19761771413782,5,14,21.3,16.3,2.695912,75.00786,false,false,true,1.561098E9
19761771413782,5,13,43.3,38.3,68.27135,320.29843,true,true,true,1.561098E9
19761771413782,5,8,40.4,35.4,37.18223,48.354237,true,true,true,1.561098E9
19761771413782,5,6,31.7,26.7,30.446934,119.6433,true,true,true,1.561098E9
19761771413782,5,3,32.5,27.5,39.472725,128.12805,false,false,true,1.561098E9
19761771413782,5,2,39.9,34.9,54.25361,175.11227,true,false,true,1.561098E9
19761771413782,5,1,34.4,29.4,15.824988,103.63155,true,false,true,1.561098E9
19761771413782,6,2,42.0,37.0,62.250828,82.92751,true,true,true,1.57542E9
19761771413782,6,7,13.5,8.5,2.1111386,266.88702,false,true,true,1.57542E9
19761771413782,6,8,14.6,9.6,2.0509057,220.51952,false,true,true,1.57542E9
19761771413782,6,15,31.7,26.7,27.57418,209.54988,true,true,true,1.57542E9
19761771413782,6,18,40.8,35.8,64.119026,3.246301,true,false,true,1.57542E9
19761771413782,6,25,26.0,21.0,13.91123,117.40616,true,true,true,1.57542E9
19761771413782,6,27,20.9,15.9,4.5813794,309.61627,false,false,true,1.57542E9
19761771413782,6,30,31.2,26.2,49.2451,329.32602,true,true,true,1.57542E9
19761771413782,6,34,38.5,33.5,79.044205,171.68158,true,true,true,1.57542E9
19761771413782,6,36,32.7,27.7,41.840115,41.710533,true,true,true,1.57542E9
19761771413782,1,6,23.5,18.5,71.82889,33.8546,true,true,true,1.17645E9
19761771413782,1,11,27.9,22.9,67.20751,221.2712,true,true,true,1.17645E9
19761771413782,1,14,15.4,10.4,20.761066,126.17851,false,true,true,1.17645E9
19761771413782,1,21,12.5,7.5,17.518345,166.57326,false,true,true,1.17645E9
19761771413782,1,24,25.7,20.7,37.151264,261.3042,true,true,true,1.17645E9
19761771413782,4,194,27.3,22.3,23.604813,97.0179,true,true,true,1.17645E9
19761771413782,4,195,22.0,17.0,32.21701,62.014374,true,true,true,1.17645E9
19761771413782,6,2,30.4,25.4,62.250828,82.92751,true,true,true,1.17645E9
19761771413782,6,15,27.8,22.8,27.57418,209.54988,true,true,true,1.17645E9
19761771413782,6,18,27.9,22.9,64.119026,3.246301,true,false,true,1.17645E9
19761771413782,6,25,26.7,21.7,13.91123,117.40616,true,true,true,1.17645E9
19761771413782,6,30,26.8,21.8,49.2451,329.32602,true,true,true,1.17645E9
19761771413782,6,34,18.9,13.9,79.044205,171.68158,false,true,true,1.17645E9
19761771413782,6,36,31.8,26.8,41.840115,41.710533,true,true,true,1.17645E9
19761771413782,5,23,21.2,16.2,76.25328,225.64455,true,true,true,1.17645E9
19761771413782,5,25,24.6,19.6,35.08738,157.25748,true,true,true,1.17645E9
19761771413782,5,27,26.9,21.9,10.455829,246.15868,true,true,true,1.17645E9
19761771413782,5,28,18.8,13.8,49.608406,267.31122,true,true,true,1.17645E9
19761771413782,5,37,25.5,20.5,34.58737,313.9813,true,true,true,1.17645E9
19761771413782,5,38,29.3,24.3,57.88874,19.09498,true,true,true,1.17645E9
19761771413782,5,42,21.7,16.7,5.4120073,96.42543,false,false,true,1.17645E9
19761771413782,5,23,37.8,32.8,76.25328,225.64455,true,true,true,1.57542E9
19761771413782,5,25,30.1,25.1,35.08738,157.25748,true,true,true,1.57542E9
19761771413782,5,27,31.0,26.0,10.455829,246.15868,true,true,true,1.57542E9
19761771413782,5,28,38.0,33.0,49.608406,267.31122,true,true,true,1.57542E9
19761771413782,5,34,18.6,13.6,7.5157013,53.7543,false,true,true,1.57542E9
19761771413782,5,37,30.6,25.6,34.58737,313.9813,true,true,true,1.57542E9
19761771413782,5,38,30.5,25.5,57.88874,19.09498,true,true,true,1.57542E9
19761771413782,5,42,29.0,24.0,5.4120073,96.42543,true,false,true,1.57542E9
19762771232792,1,6,41.0,36.0,71.82889,33.8546,true,true,true,1.57542E9
19762771232792,1,11,31.9,26.9,67.20751,221.2712,true,true,true,1.57542E9
19762771232792,1,12,32.6,27.6,24.911688,318.29565,true,false,true,1.57542E9
19762771232792,1,13,33.0,28.0,0.0,0.0,false,false,false,1.57542E9
19762771232792,1,14,37.6,32.6,20.761066,126.17851,true,true,true,1.57542E9
19762771232792,1,17,41.6,36.6,24.384571,61.234203,true,true,true,1.57542E9
19762771232792,1,19,39.2,34.2,49.370075,29.61656,true,true,true,1.57542E9
19762771232792,1,22,42.4,37.4,40.924557,115.49065,true,true,true,1.57542E9
19762771232792,1,24,36.1,31.1,37.151264,261.3042,true,true,true,1.57542E9
19762771232792,4,194,41.6,36.6,23.604813,97.0179,true,true,true,1.57542E9
19762771232792,4,195,43.6,38.6,32.21701,62.014374,true,true,true,1.57542E9
19762771232792,2,134,34.3,29.3,0.0,0.0,false,false,false,1.57542E9
19762771232792,3,9,35.4,30.4,81.66185,148.7656,false,false,true,1.600875E9
19762771232792,3,16,23.7,18.7,23.731276,147.23816,true,true,true,1.6014374E9
19762771232792,3,20,36.3,31.3,62.42595,279.15695,false,false,true,1.603125E9
19762771232792,3,19,39.0,34.0,41.452652,19.580093,true,true,true,1.6036876E9
19762771232792,3,21,32.8,27.8,24.81651,238.7768,true,true,true,1.60425E9
19762771232792,5,42,28.4,23.4,5.4120073,96.42543,true,false,true,1.561098E9
19762771232792,5,38,35.0,30.0,57.88874,19.09498,true,true,true,1.561098E9
19762771232792,5,37,30.7,25.7,34.58737,313.9813,true,true,true,1.561098E9
19762771232792,5,28,40.9,35.9,49.608406,267.31122,true,true,true,1.561098E9
19762771232792,5,27,34.4,29.4,10.455829,246.15868,true,true,true,1.561098E9
19762771232792,5,25,30.1,25.1,35.08738,157.25748,true,true,true,1.561098E9
19762771232792,5,23,40.5,35.5,76.25328,225.64455,true,true,true,1.561098E9
19762771232792,5,14,21.3,16.3,2.695912,75.00786,false,false,true,1.561098E9
19762771232792,5,13,44.0,39.0,68.27135,320.29843,true,true,true,1.561098E9
19762771232792,5,8,38.3,33.3,37.18223,48.354237,true,true,true,1.561098E9
19762771232792,5,6,40.7,35.7,30.446934,119.6433,true,true,true,1.561098E9
19762771232792,5,3,37.8,32.8,39.472725,128.12805,false,false,true,1.561098E9
19762771232792,5,2,38.2,33.2,54.25361,175.11227,true,false,true,1.561098E9
19762771232792,5,1,37.6,32.6,15.824988,103.63155,true,false,true,1.561098E9
19762771232792,6,2,42.1,37.1,62.250828,82.92751,true,true,true,1.57542E9
19762771232792,6,7,13.5,8.5,2.1111386,266.88702,false,true,true,1.57542E9
19762771232792,6,8,14.6,9.6,2.0509057,220.51952,false,true,true,1.57542E9
19762771232792,6,15,23.5,18.5,27.57418,209.54988,true,true,true,1.57542E9
19762771232792,6,18,40.4,35.4,64.119026,3.246301,true,false,true,1.57542E9
19762771232792,6,25,34.3,29.3,13.91123,117.40616,true,true,true,1.57542E9
19762771232792,6,27,20.9,15.9,4.5813794,309.61627,false,false,true,1.57542E9
19762771232792,6,30,32.8,27.8,49.2451,329.32602,true,true,true,1.57542E9
19762771232792,6,34,37.9,32.9,79.044205,171.68158,true,true,true,1.57542E9
19762771232792,6,36,33.5,28.5,41.840115,41.710533,true,true,true,1.57542E9
19762771232792,1,6,24.9,19.9,71.82889,33.8546,true,true,true,1.17645E9
19762771232792,1,11,30.7,25.7,67.20751,221.2712,true,true,true,1.17645E9
19762771232792,1,14,28.5,23.5,20.761066,126.17851,false,true,true,1.17645E9
19762771232792,1,21,12.5,7.5,17.518345,166.57326,false,true,true,1.17645E9
19762771232792,1,24,31.1,26.1,37.151264,261.3042,true,true,true,1.17645E9
19762771232792,4,194,30.0,25.0,23.604813,97.0179,true,true,true,1.17645E9
19762771232792,4,195,24.0,19.0,32.21701,62.014374,true,true,true,1.17645E9
19762771232792,6,2,32.8,27.8,62.250828,82.92751,true,true,true,1.17645E9
19762771232792,6,15,27.8,22.8,27.57418,209.54988,true,true,true,1.17645E9
19762771232792,6,18,31.2,26.2,64.119026,3.246301,true,false,true,1.17645E9
19762771232792,6,25,18.4,13.4,13.91123,117.40616,true,true,true,1.17645E9
19762771232792,6,30,30.5,25.5,49.2451,329.32602,true,true,true,1.17645E9
19762771232792,6,34,18.7,13.7,79.044205,171.68158,false,true,true,1.17645E9
19762771232792,6,36,31.9,26.9,41.840115,41.710533,true,true,true,1.17645E9
19762771232792,5,23,23.6,18.6,76.25328,225.64455,true,true,true,1.17645E9
19762771232792,5,25,24.6,19.6,35.08738,157.25748,true,true,true,1.17645E9
19762771232792,5,27,25.8,20.8,10.455829,246.15868,true,true,true,1.17645E9
19762771232792,5,28,26.1,21.1,49.608406,267.31122,true,true,true,1.17645E9
19762771232792,5,37,26.8,21.8,34.58737,313.9813,true,true,true,1.17645E9
19762771232792,5,38,32.2,27.2,57.88874,19.09498,true,true,true,1.17645E9
19762771232792,5,42,19.9,14.9,5.4120073,96.42543,false,false,true,1.17645E9
19762771232792,5,23,38.6,33.6,76.25328,225.64455,true,true,true,1.57542E9
19762771232792,5,25,27.2,22.2,35.08738,157.25748,true,true,true,1.57542E9
19762771232792,5,27,33.9,28.9,10.455829,246.15868,true,true,true,1.57542E9
19762771232792,5,28,37.9,32.9,49.608406,267.31122,true,true,true,1.57542E9
19762771232792,5,34,18.6,13.6,7.5157013,53.7543,false,true,true,1.57542E9
19762771232792,5,37,28.9,23.9,34.58737,313.9813,true,true,true,1.57542E9
19762771232792,5,38,33.5,28.5,57.88874,19.09498,true,true,true,1.57542E9
19762771232792,5,42,26.9,21.9,5.4120073,96.42543,true,false,true,1.57542E9
19763767990136,1,6,41.3,36.3,71.82889,33.8546,true,true,true,1.57542E9
19763767990136,1,11,35.4,30.4,67.20751,221.2712,true,true,true,1.57542E9
19763767990136,1,12,31.1,26.1,24.911688,318.29565,true,false,true,1.57542E9
19763767990136,1,13,30.1,25.1,0.0,0.0,false,false,false,1.57542E9
19763767990136,1,14,43.7,38.7,20.761066,126.17851,true,true,true,1.57542E9
19763767990136,1,17,33.8,28.8,24.384571,61.234203,true,true,true,1.57542E9
19763767990136,1,19,40.4,35.4,49.370075,29.61656,true,true,true,1.57542E9
19763767990136,1,22,43.5,38.5,40.924557,115.49065,true,true,true,1.57542E9
19763767990136,1,24,36.4,31.4,37.151264,261.3042,true,true,true,1.57542E9
19763767990136,4,194,40.8,35.8,23.604813,97.0179,true,true,true,1.57542E9
19763767990136,4,195,41.0,36.0,32.21701,62.014374,true,true,true,1.57542E9
19763767990136,2,134,34.3,29.3,0.0,0.0,false,false,false,1.57542E9
19763767990136,3,9,35.7,30.7,81.66185,148.7656,false,false,true,1.600875E9
19763767990136,3,16,23.7,18.7,23.731276,147.23816,true,true,true,1.6014374E9
19763767990136,3,20,36.8,31.8,62.42595,279.15695,false,false,true,1.603125E9
19763767990136,3,19,39.3,34.3,41.452652,19.580093,true,true,true,1.6036876E9
19763767990136,3,21,33.7,28.7,24.81651,238.7768,true,true,true,1.60425E9
19763767990136,5,42,26.1,21.1,5.4120073,96.42543,true,false,true,1.561098E9
19763767990136,5,38,36.0,31.0,57.88874,19.09498,true,true,true,1.561098E9
19763767990136,5,37,34.7,29.7,34.58737,313.9813,true,true,true,1.561098E9
19763767990136,5,28,40.3,35.3,49.608406,267.31122,true,true,true,1.561098E9
19763767990136,5,27,31.1,26.1,10.455829,246.15868,true,true,true,1.561098E9
19763767990136,5,25,35.6,30.6,35.08738,157.25748,true,true,true,1.561098E9
19763767990136,5,23,40.6,35.6,76.25328,225.64455,true,true,true,1.561098E9
19763767990136,5,13,43.9,38.9,68.27135,320.29843,true,true,true,1.561098E9
19763767990136,5,9,22.1,17.1,22.402777,145.66512,false,false,true,1.561098E9
19763767990136,5,8,35.4,30.4,37.18223,48.354237,true,true,true,1.561098E9
19763767990136,5,6,46.6,41.6,30.446934,119.6433,true,true,true,1.561098E9
19763767990136,5,3,38.9,33.9,39.472725,128.12805,false,false,true,1.561098E9
19763767990136,5,2,37.8,32.8,54.25361,175.11227,true,false,true,1.561098E9
19763767990136,5,1,41.0,36.0,15.824988,103.63155,true,false,true,1.561098E9
19763767990136,6,2,40.7,35.7,62.250828,82.92751,true,true,true,1.57542E9
19763767990136,6,7,13.5,8.5,2.1111386,266.88702,false,true,true,1.57542E9
19763767990136,6,8,14.6,9.6,2.0509057,220.51952,false,true,true,1.57542E9
19763767990136,6,15,25.6,20.6,27.57418,209.54988,true,true,true,1.57542E9
19763767990136,6,18,42.1,37.1,64.119026,3.246301,true,false,true,1.57542E9
19763767990136,6,25,37.0,32.0,13.91123,117.40616,true,true,true,1.57542E9
19763767990136,6,27,20.9,15.9,4.5813794,309.61627,false,false,true,1.57542E9
19763767990136,6,30,34.4,29.4,49.2451,329.32602,true,true,true,1.57542E9
19763767990136,6,34,36.1,31.1,79.044205,171.68158,true,true,true,1.57542E9
19763767990136,6,36,31.2,26.2,41.840115,41.710533,true,true,true,1.57542E9
19763767990136,1,6,26.3,21.3,71.82889,33.8546,true,true,true,1.17645E9
19763767990136,1,11,27.6,22.6,67.20751,221.2712,true,true,true,1.17645E9
19763767990136,1,14,34.5,29.5,20.761066,126.17851,true,true,true,1.17645E9
19763767990136,1,21,12.5,7.5,17.518345,166.57326,false,true,true,1.17645E9
19763767990136,1,24,30.8,25.8,37.151264,261.3042,true,true,true,1.17645E9
19763767990136,4,194,31.2,26.2,23.604813,97.0179,true,true,true,1.17645E9
19763767990136,4,195,27.9,22.9,32.21701,62.014374,true,true,true,1.17645E9
19763767990136,6,2,32.9,27.9,62.250828,82.92751,true,true,true,1.17645E9
19763767990136,6,15,27.8,22.8,27.57418,209.54988,true,true,true,1.17645E9
19763767990136,6,18,30.1,25.1,64.119026,3.246301,true,false,true,1.17645E9
19763767990136,6,25,29.4,24.4,13.91123,117.40616,true,true,true,1.17645E9
19763767990136,6,30,27.5,22.5,49.2451,329.32602,true,true,true,1.17645E9
19763767990136,6,34,18.7,13.7,79.044205,171.68158,true,true,true,1.17645E9
19763767990136,6,36,33.3,28.3,41.840115,41.710533,true,true,true,1.17645E9
19763767990136,5,23,24.7,19.7,76.25328,225.64455,true,true,true,1.17645E9
19763767990136,5,25,21.1,16.1,35.08738,157.25748,true,true,true,1.17645E9
19763767990136,5,27,25.3,20.3,10.455829,246.15868,true,true,true,1.17645E9
19763767990136,5,28,25.4,20.4,49.608406,267.31122,true,true,true,1.17645E9
19763767990136,5,37,28.8,23.8,34.58737,313.9813,true,true,true,1.17645E9
19763767990136,5,38,30.5,25.5,57.88874,19.09498,true,true,true,1.17645E9
19763767990136,5,42,19.9,14.9,5.4120073,96.42543,true,false,true,1.17645E9
19763767990136,5,23,38.2,33.2,76.25328,225.64455,true,true,true,1.57542E9
19763767990136,5,25,30.4,25.4,35.08738,157.25748,true,true,true,1.57542E9
19763767990136,5,27,28.8,23.8,10.455829,246.15868,true,true,true,1.57542E9
19763767990136,5,28,37.3,32.3,49.608406,267.31122,true,true,true,1.57542E9
19763767990136,5,34,12.2,7.2,7.5157013,53.7543,false,true,true,1.57542E9
19763767990136,5,37,32.3,27.3,34.58737,313.9813,true,true,true,1.57542E9
19763767990136,5,38,36.1,31.1,57.88874,19.09498,true,true,true,1.57542E9
19763767990136,5,42,25.8,20.8,5.4120073,96.42543,true,false,true,1.57542E9
19764775431021,1,6,40.8,35.8,71.82889,33.8546,true,true,true,1.57542E9
19764775431021,1,11,37.5,32.5,67.20751,221.2712,true,true,true,1.57542E9
19764775431021,1,12,35.1,30.1,24.911688,318.29565,true,false,true,1.57542E9
19764775431021,1,13,31.2,26.2,0.0,0.0,false,false,false,1.57542E9
19764775431021,1,14,43.4,38.4,20.761066,126.17851,true,true,true,1.57542E9
19764775431021,1,17,28.8,23.8,24.384571,61.234203,true,true,true,1.57542E9
19764775431021,1,19,42.5,37.5,49.370075,29.61656,true,true,true,1.57542E9
19764775431021,1,22,43.6,38.6,40.924557,115.49065,true,true,true,1.57542E9
19764775431021,1,24,34.3,29.3,37.151264,261.3042,true,true,true,1.57542E9
19764775431021,4,194,41.0,36.0,23.604813,97.0179,true,true,true,1.57542E9
19764775431021,4,195,38.3,33.3,32.21701,62.014374,true,true,true,1.57542E9
19764775431021,2,134,33.2,28.2,0.0,0.0,false,false,false,1.57542E9
19764775431021,3,9,36.1,31.1,81.66185,148.7656,false,false,true,1.600875E9
19764775431021,3,16,29.0,24.0,23.731276,147.23816,true,true,true,1.6014374E9
19764775431021,3,20,34.5,29.5,62.42595,279.15695,false,false,true,1.603125E9
19764775431021,3,19,31.9,26.9,41.452652,19.580093,true,true,true,1.6036876E9
19764775431021,3,21,35.4,30.4,24.81651,238.7768,true,true,true,1.60425E9
19764775431021,5,42,30.0,25.0,5.4120073,96.42543,true,false,true,1.561098E9
19764775431021,5,38,41.2,36.2,57.88874,19.09498,true,true,true,1.561098E9
19764775431021,5,37,36.3,31.3,34.58737,313.9813,true,true,true,1.561098E9
19764775431021,5,28,38.2,33.2,49.608406,267.31122,true,true,true,1.561098E9
19764775431021,5,27,33.3,28.3,10.455829,246.15868,true,true,true,1.561098E9
19764775431021,5,25,40.6,35.6,35.08738,157.25748,true,true,true,1.561098E9
19764775431021,5,23,41.9,36.9,76.25328,225.64455,true,true,true,1.561098E9
19764775431021,5,13,44.6,39.6,68.27135,320.29843,true,true,true,1.561098E9
19764775431021,5,8,39.6,34.6,37.18223,48.354237,true,true,true,1.561098E9
19764775431021,5,6,45.5,40.5,30.446934,119.6433,true,true,true,1.561098E9
19764775431021,5,3,41.9,36.9,39.472725,128.12805,false,false,true,1.561098E9
19764775431021,5,2,38.0,33.0,54.25361,175.11227,true,false,true,1.561098E9
19764775431021,5,1,43.7,38.7,15.824988,103.63155,true,false,true,1.561098E9
19764775431021,6,2,40.6,35.6,62.250828,82.92751,true,true,true,1.57542E9
19764775431021,6,7,13.5,8.5,2.1111386,266.88702,false,true,true,1.57542E9
19764775431021,6,8,14.6,9.6,2.0509057,220.51952,false,true,true,1.57542E9
19764775431021,6,15,24.7,19.7,27.57418,209.54988,true,true,true,1.57542E9
19764775431021,6,18,41.5,36.5,64.119026,3.246301,true,false,true,1.57542E9
19764775431021,6,25,32.3,27.3,13.91123,117.40616,true,true,true,1.57542E9
19764775431021,6,27,11.5,6.5,4.5813794,309.61627,false,false,true,1.57542E9
19764775431021,6,30,39.4,34.4,49.2451,329.32602,true,true,true,1.57542E9
19764775431021,6,34,34.5,29.5,79.044205,171.68158,true,true,true,1.57542E9
19764775431021,6,36,31.8,26.8,41.840115,41.710533,true,true,true,1.57542E9
19764775431021,1,6,26.2,21.2,71.82889,33.8546,true,true,true,1.17645E9
19764775431021,1,11,26.0,21.0,67.20751,221.2712,true,true,true,1.17645E9
19764775431021,1,14,34.5,29.5,20.761066,126.17851,true,true,true,1.17645E9
19764775431021,1,21,12.5,7.5,17.518345,166.57326,false,true,true,1.17645E9
19764775431021,1,24,28.5,23.5,37.151264,261.3042,true,true,true,1.17645E9
19764775431021,4,194,31.4,26.4,23.604813,97.0179,true,true,true,1.17645E9
19764775431021,4,195,28.0,23.0,32.21701,62.014374,true,true,true,1.17645E9
19764775431021,6,2,34.5,29.5,62.250828,82.92751,true,true,true,1.17645E9
19764775431021,6,15,27.8,22.8,27.57418,209.54988,true,true,true,1.17645E9
19764775431021,6,18,28.8,23.8,64.119026,3.246301,true,false,true,1.17645E9
19764775431021,6,25,27.9,22.9,13.91123,117.40616,true,true,true,1.17645E9
19764775431021,6,30,28.5,23.5,49.2451,329.32602,true,true,true,1.17645E9
19764775431021,6,34,18.7,13.7,79.044205,171.68158,true,true,true,1.17645E9
19764775431021,6,36,27.5,22.5,41.840115,41.710533,true,true,true,1.17645E9
19764775431021,5,23,24.0,19.0,76.25328,225.64455,true,true,true,1.17645E9
19764775431021,5,25,33.9,28.9,35.08738,157.25748,true,true,true,1.17645E9
19764775431021,5,27,26.7,21.7,10.455829,246.15868,true,true,true,1.17645E9
19764775431021,5,28,25.2,20.2,49.608406,267.31122,true,true,true,1.17645E9
19764775431021,5,37,33.3,28.3,34.58737,313.9813,true,true,true,1.17645E9
19764775431021,5,38,33.2,28.2,57.88874,19.09498,true,true,true,1.17645E9
19764775431021,5,42,19.9,14.9,5.4120073,96.42543,true,false,true,1.17645E9
19764775431021,5,23,39.3,34.3,76.25328,225.64455,true,true,true,1.57542E9
19764775431021,5,25,38.6,33.6,35.08738,157.25748,true,true,true,1.57542E9
19764775431021,5,27,31.0,26.0,10.455829,246.15868,true,true,true,1.57542E9
19764775431021,5,28,35.9,30.9,49.608406,267.31122,true,true,true,1.57542E9
19764775431021,5,34,12.2,7.2,7.5157013,53.7543,false,true,true,1.57542E9
19764775431021,5,37,35.0,30.0,34.58737,313.9813,true,true,true,1.57542E9
19764775431021,5,38,40.4,35.4,57.88874,19.09498,true,true,true,1.57542E9
19764775431021,5,42,27.9,22.9,5.4120073,96.42543,true,false,true,1.57542E9
19765768279874,1,6,39.7,34.7,71.82889,33.8546,true,true,true,1.57542E9
19765768279874,1,11,39.0,34.0,67.20751,221.2712,true,true,true,1.57542E9
19765768279874,1,12,38.0,33.0,24.911688,318.29565,true,false,true,1.57542E9
19765768279874,1,13,32.1,27.1,0.0,0.0,false,false,false,1.57542E9
19765768279874,1,14,43.2,38.2,20.761066,126.17851,true,true,true,1.57542E9
19765768279874,1,17,26.3,21.3,24.384571,61.234203,true,true,true,1.57542E9
19765768279874,1,19,43.6,38.6,49.370075,29.61656,true,true,true,1.57542E9
19765768279874,1,22,41.5,36.5,40.924557,115.49065,true,true,true,1.57542E9
19765768279874,1,24,34.2,29.2,37.151264,261.3042,true,true,true,1.57542E9
19765768279874,4,194,40.8,35.8,23.604813,97.0179,true,true,true,1.57542E9
19765768279874,4,195,38.2,33.2,32.21701,62.014374,true,true,true,1.57542E9
19765768279874,2,134,34.7,29.7,0.0,0.0,false,false,false,1.57542E9
19765768279874,3,9,36.2,31.2,81.66185,148.7656,false,false,true,1.600875E9
19765768279874,3,16,30.1,25.1,23.731276,147.23816,true,true,true,1.6014374E9
19765768279874,3,20,30.8,25.8,62.42595,279.15695,false,false,true,1.603125E9
19765768279874,3,19,27.5,22.5,41.452652,19.580093,true,true,true,1.6036876E9
19765768279874,3,21,37.0,32.0,24.81651,238.7768,true,true,true,1.60425E9
19765768279874,5,38,41.1,36.1,57.88874,19.09498,true,true,true,1.561098E9
19765768279874,5,37,37.7,32.7,34.58737,313.9813,true,true,true,1.561098E9
19765768279874,5,28,39.3,34.3,49.608406,267.31122,true,true,true,1.561098E9
19765768279874,5,27,30.2,25.2,10.455829,246.15868,true,true,true,1.561098E9
19765768279874,5,25,41.4,36.4,35.08738,157.25748,true,true,true,1.561098E9
19765768279874,5,23,41.2,36.2,76.25328,225.64455,true,true,true,1.561098E9
19765768279874,5,13,44.5,39.5,68.27135,320.29843,true,true,true,1.561098E9
19765768279874,5,9,30.8,25.8,22.402777,145.66512,false,false,true,1.561098E9
19765768279874,5,8,37.2,32.2,37.18223,48.354237,true,true,true,1.561098E9
19765768279874,5,6,44.6,39.6,30.446934,119.6433,true,true,true,1.561098E9
19765768279874,5,3,41.5,36.5,39.472725,128.12805,false,false,true,1.561098E9
19765768279874,5,2,36.3,31.3,54.25361,175.11227,true,false,true,1.561098E9
19765768279874,5,1,37.4,32.4,15.824988,103.63155,true,false,true,1.561098E9
19765768279874,6,2,40.4,35.4,62.250828,82.92751,true,true,true,1.57542E9
19765768279874,6,7,13.5,8.5,2.1111386,266.88702,false,true,true,1.57542E9
19765768279874,6,8,14.6,9.6,2.0509057,220.51952,false,true,true,1.57542E9
19765768279874,6,15,23.2,18.2,27.57418,209.54988,true,true,true,1.57542E9
19765768279874,6,18,41.1,36.1,64.119026,3.246301,true,false,true,1.57542E9
19765768279874,6,25,36.0,31.0,13.91123,117.40616,true,true,true,1.57542E9
19765768279874,6,27,11.5,6.5,4.5813794,309.61627,false,false,true,1.57542E9
19765768279874,6,30,40.1,35.1,49.2451,329.32602,true,true,true,1.57542E9
19765768279874,6,34,36.3,31.3,79.044205,171.68158,true,true,true,1.57542E9
19765768279874,6,36,35.7,30.7,41.840115,41.710533,true,true,true,1.57542E9
19765768279874,1,6,26.6,21.6,71.82889,33.8546,true,true,true,1.17645E9
19765768279874,1,11,25.2,20.2,67.20751,221.2712,true,true,true,1.17645E9
19765768279874,1,14,34.6,29.6,20.761066,126.17851,true,true,true,1.17645E9
19765768279874,1,21,12.5,7.5,17.518345,166.57326,false,true,true,1.17645E9
19765768279874,1,24,27.5,22.5,37.151264,261.3042,true,true,true,1.17645E9
19765768279874,4,194,31.2,26.2,23.604813,97.0179,true,true,true,1.17645E9
19765768279874,4,195,29.6,24.6,32.21701,62.014374,true,true,true,1.17645E9
19765768279874,6,2,34.5,29.5,62.250828,82.92751,true,true,true,1.17645E9
19765768279874,6,15,27.8,22.8,27.57418,209.54988,true,true,true,1.17645E9
19765768279874,6,18,28.2,23.2,64.119026,3.246301,true,false,true,1.17645E9
19765768279874,6,25,27.6,22.6,13.91123,117.40616,true,true,true,1.17645E9
19765768279874,6,30,28.1,23.1,49.2451,329.32602,true,true,true,1.17645E9
19765768279874,6,34,18.7,13.7,79.044205,171.68158,true,true,true,1.17645E9
19765768279874,6,36,32.4,27.4,41.840115,41.710533,true,true,true,1.17645E9
19765768279874,5,23,23.2,18.2,76.25328,225.64455,true,true,true,1.17645E9
19765768279874,5,25,32.8,27.8,35.08738,157.25748,true,true,true,1.17645E9
19765768279874,5,27,20.7,15.7,10.455829,246.15868,true,true,true,1.17645E9
19765768279874,5,28,25.4,20.4,49.608406,267.31122,true,true,true,1.17645E9
19765768279874,5,37,35.3,30.3,34.58737,313.9813,true,true,true,1.17645E9
19765768279874,5,38,33.8,28.8,57.88874,19.09498,true,true,true,1.17645E9
19765768279874,5,42,19.9,14.9,5.4120073,96.42543,true,false,true,1.17645E9
19765768279874,5,23,39.2,34.2,76.25328,225.64455,true,true,true,1.57542E9
19765768279874,5,25,39.7,34.7,35.08738,157.25748,true,true,true,1.57542E9
19765768279874,5,27,26.3,21.3,10.455829,246.15868,true,true,true,1.57542E9
19765768279874,5,28,37.4,32.4,49.608406,267.31122,true,true,true,1.57542E9
19765768279874,5,34,12.2,7.2,7.5157013,53.7543,false,true,true,1.57542E9
19765768279874,5,37,37.3,32.3,34.58737,313.9813,true,true,true,1.57542E9
19765768279874,5,38,39.8,34.8,57.88874,19.09498,true,true,true,1.57542E9
19765768279874,5,42,23.9,18.9,5.4120073,96.42543,true,false,true,1.57542E9
19766768031384,1,6,40.2,35.2,71.82889,33.8546,true,true,true,1.57542E9
19766768031384,1,11,38.5,33.5,67.20751,221.2712,true,true,true,1.57542E9
19766768031384,1,12,37.7,32.7,24.911688,318.29565,true,false,true,1.57542E9
19766768031384,1,13,36.2,31.2,0.0,0.0,false,false,false,1.57542E9
19766768031384,1,14,44.0,39.0,20.761066,126.17851,true,true,true,1.57542E9
19766768031384,1,19,43.7,38.7,49.370075,29.61656,true,true,true,1.57542E9
19766768031384,1,22,41.0,36.0,40.924557,115.49065,true,true,true,1.57542E9
19766768031384,1,24,32.2,27.2,37.151264,261.3042,true,true,true,1.57542E9
19766768031384,4,194,40.0,35.0,23.604813,97.0179,true,true,true,1.57542E9
19766768031384,4,195,37.1,32.1,32.21701,62.014374,true,true,true,1.57542E9
19766768031384,2,134,36.2,31.2,0.0,0.0,false,false,false,1.57542E9
19766768031384,3,9,37.4,32.4,81.66185,148.7656,false,false,true,1.600875E9
19766768031384,3,16,38.5,33.5,23.731276,147.23816,true,true,true,1.6014374E9
19766768031384,3,20,30.1,25.1,62.42595,279.15695,false,false,true,1.603125E9
19766768031384,3,19,26.4,21.4,41.452652,19.580093,true,true,true,1.6036876E9
19766768031384,3,21,35.0,30.0,24.81651,238.7768,true,true,true,1.60425E9
19766768031384,5,42,31.8,26.8,5.4120073,96.42543,true,false,true,1.561098E9
19766768031384,5,38,39.6,34.6,57.88874,19.09498,true,true,true,1.561098E9
19766768031384,5,37,39.1,34.1,34.58737,313.9813,true,true,true,1.561098E9
19766768031384,5,33,33.7,28.7,2.5242438,145.99773,false,false,true,1.561098E9
19766768031384,5,28,39.3,34.3,49.608406,267.31122,true,true,true,1.561098E9
19766768031384,5,27,27.6,22.6,10.455829,246.15868,true,true,true,1.561098E9
19766768031384,5,25,41.0,36.0,35.08738,157.25748,true,true,true,1.561098E9
19766768031384,5,23,40.9,35.9,76.25328,225.64455,true,true,true,1.561098E9
19766768031384,5,13,43.7,38.7,68.27135,320.29843,true,true,true,1.561098E9
19766768031384,5,9,40.6,35.6,22.402777,145.66512,true,false,true,1.561098E9
19766768031384,5,8,36.6,31.6,37.18223,48.354237,true,true,true,1.561098E9
19766768031384,5,6,41.6,36.6,30.446934,119.6433,true,true,true,1.561098E9
19766768031384,5,3,41.0,36.0,39.472725,128.12805,false,false,true,1.561098E9
19766768031384,5,2,37.0,32.0,54.25361,175.11227,true,false,true,1.561098E9
19766768031384,5,1,37.4,32.4,15.824988,103.63155,true,false,true,1.561098E9
19766768031384,6,2,40.9,35.9,62.250828,82.92751,true,true,true,1.57542E9
19766768031384,6,7,13.5,8.5,2.1111386,266.88702,false,true,true,1.57542E9
19766768031384,6,8,14.6,9.6,2.0509057,220.51952,false,true,true,1.57542E9
19766768031384,6,15,24.8,19.8,27.57418,209.54988,true,true,true,1.57542E9
19766768031384,6,18,40.0,35.0,64.119026,3.246301,true,false,true,1.57542E9
19766768031384,6,25,37.5,32.5,13.91123,117.40616,true,true,true,1.57542E9
19766768031384,6,27,11.5,6.5,4.5813794,309.61627,false,false,true,1.57542E9
19766768031384,6,30,39.0,34.0,49.2451,329.32602,true,true,true,1.57542E9
19766768031384,6,34,36.2,31.2,79.044205,171.68158,true,true,true,1.57542E9
19766768031384,6,36,36.5,31.5,41.840115,41.710533,true,true,true,1.57542E9
19766768031384,1,6,29.8,24.8,71.82889,33.8546,true,true,true,1.17645E9
19766768031384,1,11,29.9,24.9,67.20751,221.2712,true,true,true,1.17645E9
19766768031384,1,14,32.9,27.9,20.761066,126.17851,true,true,true,1.17645E9
19766768031384,1,21,12.5,7.5,17.518345,166.57326,false,true,true,1.17645E9
19766768031384,1,24,25.9,20.9,37.151264,261.3042,true,true,true,1.17645E9
19766768031384,4,194,29.0,24.0,23.604813,97.0179,true,true,true,1.17645E9
19766768031384,4,195,28.6,23.6,32.21701,62.014374,true,true,true,1.17645E9
19766768031384,6,2,34.5,29.5,62.250828,82.92751,true,true,true,1.17645E9
19766768031384,6,15,27.8,22.8,27.57418,209.54988,true,true,true,1.17645E9
19766768031384,6,18,28.2,23.2,64.119026,3.246301,true,false,true,1.17645E9
19766768031384,6,25,26.2,21.2,13.91123,117.40616,true,true,true,1.17645E9
19766768031384,6,30,27.2,22.2,49.2451,329.32602,true,true,true,1.17645E9
19766768031384,6,34,19.6,14.6,79.044205,171.68158,true,true,true,1.17645E9
19766768031384,6,36,35.5,30.5,41.840115,41.710533,true,true,true,1.17645E9
19766768031384,5,23,25.9,20.9,76.25328,225.64455,true,true,true,1.17645E9
19766768031384,5,25,34.7,29.7,35.08738,157.25748,true,true,true,1.17645E9
19766768031384,5,27,20.7,15.7,10.455829,246.15868,true,true,true,1.17645E9
19766768031384,5,28,24.5,19.5,49.608406,267.31122,true,true,true,1.17645E9
19766768031384,5,37,37.8,32.8,34.58737,313.9813,true,true,true,1.17645E9
19766768031384,5,38,34.8,29.8,57.88874,19.09498,true,true,true,1.17645E9
19766768031384,5,42,19.9,14.9,5.4120073,96.42543,true,false,true,1.17645E9
19766768031384,5,23,38.1,33.1,76.25328,225.64455,true,true,true,1.57542E9
19766768031384,5,25,38.2,33.2,35.08738,157.25748,true,true,true,1.57542E9
19766768031384,5,27,25.0,20.0,10.455829,246.15868,true,true,true,1.57542E9
19766768031384,5,28,36.7,31.7,49.608406,267.31122,true,true,true,1.57542E9
19766768031384,5,34,12.2,7.2,7.5157013,53.7543,false,true,true,1.57542E9
19766768031384,5,37,37.5,32.5,34.58737,313.9813,true,true,true,1.57542E9
19766768031384,5,38,39.1,34.1,57.88874,19.09498,true,true,true,1.57542E9
19766768031384,5,42,31.7,26.7,5.4120073,96.42543,true,false,true,1.57542E9
19767773843988,1,6,40.3,35.3,71.82889,33.8546,true,true,true,1.57542E9
19767773843988,1,11,38.0,33.0,67.20751,221.2712,true,true,true,1.57542E9
19767773843988,1,12,36.9,31.9,24.911688,318.29565,true,false,true,1.57542E9
19767773843988,1,13,36.9,31.9,0.0,0.0,false,false,false,1.57542E9
19767773843988,1,14,43.9,38.9,20.761066,126.17851,true,true,true,1.57542E9
19767773843988,1,19,40.4,35.4,49.370075,29.61656,true,true,true,1.57542E9
19767773843988,1,22,40.7,35.7,40.924557,115.49065,true,true,true,1.57542E9
19767773843988,1,24,31.6,26.6,37.151264,261.3042,true,true,true,1.57542E9
19767773843988,4,194,34.2,29.2,23.604813,97.0179,true,true,true,1.57542E9
19767773843988,4,195,30.9,25.9,32.21701,62.014374,true,true,true,1.57542E9
19767773843988,2,134,37.5,32.5,0.0,0.0,false,false,false,1.57542E9
19767773843988,3,9,37.4,32.4,81.66185,148.7656,false,false,true,1.600875E9
19767773843988,3,16,42.1,37.1,23.731276,147.23816,true,true,true,1.6014374E9
19767773843988,3,20,31.2,26.2,62.42595,279.15695,false,false,true,1.603125E9
19767773843988,3,19,26.4,21.4,41.452652,19.580093,true,true,true,1.6036876E9
19767773843988,3,21,35.2,30.2,24.81651,238.7768,true,true,true,1.60425E9
19767773843988,5,42,32.8,27.8,5.4120073,96.42543,true,false,true,1.561098E9
19767773843988,5,38,37.4,32.4,57.88874,19.09498,true,true,true,1.561098E9
19767773843988,5,37,40.6,35.6,34.58737,313.9813,true,true,true,1.561098E9
19767773843988,5,33,25.4,20.4,2.5242438,145.99773,false,false,true,1.561098E9
19767773843988,5,28,38.2,33.2,49.608406,267.31122,true,true,true,1.561098E9
19767773843988,5,27,27.9,22.9,10.455829,246.15868,true,true,true,1.561098E9
19767773843988,5,25,41.4,36.4,35.08738,157.25748,true,true,true,1.561098E9
19767773843988,5,23,40.6,35.6,76.25328,225.64455,true,true,true,1.561098E9
19767773843988,5,13,42.1,37.1,68.27135,320.29843,true,true,true,1.561098E9
19767773843988,5,9,36.7,31.7,22.402777,145.66512,true,false,true,1.561098E9
19767773843988,5,8,32.2,27.2,37.18223,48.354237,true,true,true,1.561098E9
19767773843988,5,6,41.4,36.4,30.446934,119.6433,true,true,true,1.561098E9
19767773843988,5,3,39.4,34.4,39.472725,128.12805,false,false,true,1.561098E9
19767773843988,5,2,37.4,32.4,54.25361,175.11227,true,false,true,1.561098E9
19767773843988,5,1,32.4,27.4,15.824988,103.63155,true,false,true,1.561098E9
19767773843988,6,2,41.0,36.0,62.250828,82.92751,true,true,true,1.57542E9
19767773843988,6,7,13.5,8.5,2.1111386,266.88702,false,true,true,1.57542E9
19767773843988,6,8,14.6,9.6,2.0509057,220.51952,false,true,true,1.57542E9
19767773843988,6,15,24.8,19.8,27.57418,209.54988,true,true,true,1.57542E9
19767773843988,6,18,38.5,33.5,64.119026,3.246301,true,false,true,1.57542E9
19767773843988,6,25,34.7,29.7,13.91123,117.40616,true,true,true,1.57542E9
19767773843988,6,27,11.5,6.5,4.5813794,309.61627,false,false,true,1.57542E9
19767773843988,6,30,39.4,34.4,49.2451,329.32602,true,true,true,1.57542E9
19767773843988,6,34,35.0,30.0,79.044205,171.68158,true,true,true,1.57542E9
19767773843988,6,36,38.6,33.6,41.840115,41.710533,true,true,true,1.57542E9
19767773843988,1,6,27.2,22.2,71.82889,33.8546,true,true,true,1.17645E9
19767773843988,1,11,28.6,23.6,67.20751,221.2712,true,true,true,1.17645E9
19767773843988,1,14,31.1,26.1,20.761066,126.17851,true,true,true,1.17645E9
19767773843988,1,21,12.5,7.5,17.518345,166.57326,false,true,true,1.17645E9
19767773843988,1,24,28.7,23.7,37.151264,261.3042,true,true,true,1.17645E9
19767773843988,4,194,27.4,22.4,23.604813,97.0179,true,true,true,1.17645E9
19767773843988,4,195,22.3,17.3,32.21701,62.014374,true,true,true,1.17645E9
19767773843988,6,2,32.6,27.6,62.250828,82.92751,true,true,true,1.17645E9
19767773843988,6,15,14.8,9.8,27.57418,209.54988,false,true,true,1.17645E9
19767773843988,6,18,28.3,23.3,64.119026,3.246301,true,false,true,1.17645E9
19767773843988,6,25,25.0,20.0,13.91123,117.40616,true,true,true,1.17645E9
19767773843988,6,30,23.9,18.9,49.2451,329.32602,true,true,true,1.17645E9
19767773843988,6,34,20.6,15.6,79.044205,171.68158,true,true,true,1.17645E9
19767773843988,6,36,31.3,26.3,41.840115,41.710533,true,true,true,1.17645E9
19767773843988,5,23,23.4,18.4,76.25328,225.64455,true,true,true,1.17645E9
19767773843988,5,25,35.7,30.7,35.08738,157.25748,true,true,true,1.17645E9
19767773843988,5,27,21.6,16.6,10.455829,246.15868,true,true,true,1.17645E9
19767773843988,5,28,26.6,21.6,49.608406,267.31122,true,true,true,1.17645E9
19767773843988,5,37,37.2,32.2,34.58737,313.9813,true,true,true,1.17645E9
19767773843988,5,38,33.8,28.8,57.88874,19.09498,true,true,true,1.17645E9
19767773843988,5,42,19.9,14.9,5.4120073,96.42543,true,false,true,1.17645E9
19767773843988,5,23,38.3,33.3,76.25328,225.64455,true,true,true,1.57542E9
19767773843988,5,25,38.9,33.9,35.08738,157.25748,true,true,true,1.57542E9
19767773843988,5,27,24.6,19.6,10.455829,246.15868,true,true,true,1.57542E9
19767773843988,5,28,35.8,30.8,49.608406,267.31122,true,true,true,1.57542E9
19767773843988,5,34,12.2,7.2,7.5157013,53.7543,false,true,true,1.57542E9
19767773843988,5,37,38.6,33.6,34.58737,313.9813,true,true,true,1.57542E9
19767773843988,5,38,36.9,31.9,57.88874,19.09498,true,true,true,1.57542E9
19767773843988,5,42,32.5,27.5,5.4120073,96.42543,true,false,true,1.57542E9
19768769528832,1,6,40.4,35.4,71.82889,33.8546,true,true,true,1.57542E9
19768769528832,1,11,39.1,34.1,67.20751,221.2712,true,true,true,1.57542E9
19768769528832,1,12,37.3,32.3,24.911688,318.29565,true,false,true,1.57542E9
19768769528832,1,13,36.5,31.5,0.0,0.0,false,false,false,1.57542E9
19768769528832,1,14,43.1,38.1,20.761066,126.17851,true,true,true,1.57542E9
19768769528832,1,17,25.3,20.3,24.384571,61.234203,true,true,true,1.57542E9
19768769528832,1,19,40.1,35.1,49.370075,29.61656,true,true,true,1.57542E9
19768769528832,1,22,42.5,37.5,40.924557,115.49065,true,true,true,1.57542E9
19768769528832,1,24,33.6,28.6,37.151264,261.3042,true,true,true,1.57542E9
19768769528832,4,194,30.6,25.6,23.604813,97.0179,true,true,true,1.57542E9
19768769528832,4,195,26.1,21.1,32.21701,62.014374,true,true,true,1.57542E9
19768769528832,2,134,38.7,33.7,0.0,0.0,false,false,false,1.57542E9
19768769528832,3,9,38.2,33.2,81.66185,148.7656,false,false,true,1.600875E9
19768769528832,3,16,42.3,37.3,23.731276,147.23816,true,true,true,1.6014374E9
19768769528832,3,20,31.3,26.3,62.42595,279.15695,false,false,true,1.603125E9
19768769528832,3,19,29.8,24.8,41.452652,19.580093,true,true,true,1.6036876E9
19768769528832,3,21,35.2,30.2,24.81651,238.7768,true,true,true,1.60425E9
19768769528832,5,42,33.1,28.1,5.4120073,96.42543,true,false,true,1.561098E9
19768769528832,5,38,37.0,32.0,57.88874,19.09498,true,true,true,1.561098E9
19768769528832,5,37,40.1,35.1,34.58737,313.9813,true,true,true,1.561098E9
19768769528832,5,33,25.4,20.4,2.5242438,145.99773,false,false,true,1.561098E9
19768769528832,5,28,38.2,33.2,49.608406,267.31122,true,true,true,1.561098E9
19768769528832,5,27,32.5,27.5,10.455829,246.15868,true,true,true,1.561098E9
19768769528832,5,25,43.5,38.5,35.08738,157.25748,true,true,true,1.561098E9
19768769528832,5,23,40.9,35.9,76.25328,225.64455,true,true,true,1.561098E9
19768769528832,5,14,20.6,15.6,2.695912,75.00786,false,false,true,1.561098E9
19768769528832,5,13,41.9,36.9,68.27135,320.29843,true,true,true,1.561098E9
19768769528832,5,9,38.1,33.1,22.402777,145.66512,true,false,true,1.561098E9
19768769528832,5,8,30.0,25.0,37.18223,48.354237,true,true,true,1.561098E9
19768769528832,5,6,41.8,36.8,30.446934,119.6433,true,true,true,1.561098E9
19768769528832,5,3,40.3,35.3,39.472725,128.12805,false,false,true,1.561098E9
19768769528832,5,2,37.8,32.8,54.25361,175.11227,true,false,true,1.561098E9
19768769528832,5,1,32.4,27.4,15.824988,103.63155,true,false,true,1.561098E9
19768769528832,6,2,40.2,35.2,62.250828,82.92751,true,true,true,1.57542E9
19768769528832,6,7,13.5,8.5,2.1111386,266.88702,false,true,true,1.57542E9
19768769528832,6,15,22.9,17.9,27.57418,209.54988,true,true,true,1.57542E9
19768769528832,6,18,39.4,34.4,64.119026,3.246301,true,false,true,1.57542E9
19768769528832,6,25,35.8,30.8,13.91123,117.40616,true,true,true,1.57542E9
19768769528832,6,27,11.5,6.5,4.5813794,309.61627,false,false,true,1.57542E9
19768769528832,6,30,38.7,33.7,49.2451,329.32602,true,true,true,1.57542E9
19768769528832,6,34,33.7,28.7,79.044205,171.68158,true,true,true,1.57542E9
19768769528832,6,36,33.3,28.3,41.840115,41.710533,true,true,true,1.57542E9
19768769528832,1,6,30.4,25.4,71.82889,33.8546,true,true,true,1.17645E9
19768769528832,1,11,27.9,22.9,67.20751,221.2712,true,true,true,1.17645E9
19768769528832,1,14,30.5,25.5,20.761066,126.17851,true,true,true,1.17645E9
19768769528832,1,21,12.5,7.5,17.518345,166.57326,false,true,true,1.17645E9
19768769528832,1,24,26.3,21.3,37.151264,261.3042,true,true,true,1.17645E9
19768769528832,4,194,24.4,19.4,23.604813,97.0179,true,true,true,1.17645E9
19768769528832,4,195,20.4,15.4,32.21701,62.014374,true,true,true,1.17645E9
19768769528832,6,2,34.4,29.4,62.250828,82.92751,true,true,true,1.17645E9
19768769528832,6,15,14.8,9.8,27.57418,209.54988,false,true,true,1.17645E9
19768769528832,6,18,30.9,25.9,64.119026,3.246301,true,false,true,1.17645E9
19768769528832,6,25,25.6,20.6,13.91123,117.40616,true,true,true,1.17645E9
19768769528832,6,30,27.8,22.8,49.2451,329.32602,true,true,true,1.17645E9
19768769528832,6,34,20.6,15.6,79.044205,171.68158,true,true,true,1.17645E9
19768769528832,6,36,27.4,22.4,41.840115,41.710533,true,true,true,1.17645E9
19768769528832,5,23,22.7,17.7,76.25328,225.64455,true,true,true,1.17645E9
19768769528832,5,25,36.0,31.0,35.08738,157.25748,true,true,true,1.17645E9
19768769528832,5,27,21.6,16.6,10.455829,246.15868,true,true,true,1.17645E9
19768769528832,5,28,27.9,22.9,49.608406,267.31122,true,true,true,1.17645E9
19768769528832,5,37,37.3,32.3,34.58737,313.9813,true,true,true,1.17645E9
19768769528832,5,38,34.1,29.1,57.88874,19.09498,true,true,true,1.17645E9
19768769528832,5,42,19.9,14.9,5.4120073,96.42543,true,false,true,1.17645E9
19768769528832,5,23,37.8,32.8,76.25328,225.64455,true,true,true,1.57542E9
19768769528832,5,25,41.0,36.0,35.08738,157.25748,true,true,true,1.57542E9
19768769528832,5,27,29.3,24.3,10.455829,246.15868,true,true,true,1.57542E9
19768769528832,5,28,35.4,30.4,49.608406,267.31122,true,true,true,1.57542E9
19768769528832,5,34,12.2,7.2,7.5157013,53.7543,false,true,true,1.57542E9
19768769528832,5,37,38.8,33.8,34.58737,313.9813,true,true,true,1.57542E9
19768769528832,5,38,35.3,30.3,57.88874,19.09498,true,true,true,1.57542E9
19768769528832,5,42,32.5,27.5,5.4120073,96.42543,true,false,true,1.57542E9
19769769228988,1,6,36.1,31.1,71.82889,33.8546,true,true,true,1.57542E9
19769769228988,1,11,39.7,34.7,67.20751,221.2712,true,true,true,1.57542E9
19769769228988,1,12,39.7,34.7,24.911688,318.29565,true,false,true,1.57542E9
19769769228988,1,13,36.7,31.7,0.0,0.0,false,false,false,1.57542E9
19769769228988,1,14,42.4,37.4,20.761066,126.17851,true,true,true,1.57542E9
19769769228988,1,17,27.8,22.8,24.384571,61.234203,true,true,true,1.57542E9
19769769228988,1,19,36.9,31.9,49.370075,29.61656,true,true,true,1.57542E9
19769769228988,1,22,43.5,38.5,40.924557,115.49065,true,true,true,1.57542E9
19769769228988,1,24,31.5,26.5,37.151264,261.3042,true,true,true,1.57542E9
19769769228988,4,194,25.1,20.1,23.604813,97.0179,true,true,true,1.57542E9
19769769228988,4,195,26.8,21.8,32.21701,62.014374,true,true,true,1.57542E9
19769769228988,2,134,37.6,32.6,0.0,0.0,false,false,false,1.57542E9
19769769228988,3,9,38.7,33.7,81.66185,148.7656,false,false,true,1.600875E9
19769769228988,3,16,38.6,33.6,23.731276,147.23816,true,true,true,1.6014374E9
19769769228988,3,20,30.9,25.9,62.42595,279.15695,false,false,true,1.603125E9
19769769228988,3,19,30.3,25.3,41.452652,19.580093,true,true,true,1.6036876E9
19769769228988,3,21,38.2,33.2,24.81651,238.7768,true,true,true,1.60425E9
19769769228988,5,42,30.8,25.8,5.4120073,96.42543,true,false,true,1.561098E9
19769769228988,5,38,35.3,30.3,57.88874,19.09498,true,true,true,1.561098E9
19769769228988,5,37,41.4,36.4,34.58737,313.9813,true,true,true,1.561098E9
19769769228988,5,33,25.4,20.4,2.5242438,145.99773,false,false,true,1.561098E9
19769769228988,5,28,38.9,33.9,49.608406,267.31122,true,true,true,1.561098E9
19769769228988,5,27,35.3,30.3,10.455829,246.15868,true,true,true,1.561098E9
19769769228988,5,25,45.0,40.0,35.08738,157.25748,true,true,true,1.561098E9
19769769228988,5,23,39.8,34.8,76.25328,225.64455,true,true,true,1.561098E9
19769769228988,5,14,20.6,15.6,2.695912,75.00786,false,false,true,1.561098E9
19769769228988,5,13,41.0,36.0,68.27135,320.29843,true,true,true,1.561098E9
19769769228988,5,10,21.2,16.2,15.663169,162.58145,false,false,true,1.561098E9
19769769228988,5,9,34.9,29.9,22.402777,145.66512,true,false,true,1.561098E9
19769769228988,5,8,29.5,24.5,37.18223,48.354237,true,true,true,1.561098E9
19769769228988,5,6,42.8,37.8,30.446934,119.6433,true,true,true,1.561098E9
19769769228988,5,3,39.0,34.0,39.472725,128.12805,false,false,true,1.561098E9
19769769228988,5,2,37.2,32.2,54.25361,175.11227,true,false,true,1.561098E9
19769769228988,5,1,32.9,27.9,15.824988,103.63155,true,false,true,1.561098E9
19769769228988,6,2,38.7,33.7,62.250828,82.92751,true,true,true,1.57542E9
19769769228988,6,7,13.5,8.5,2.1111386,266.88702,false,true,true,1.57542E9
19769769228988,6,15,24.2,19.2,27.57418,209.54988,true,true,true,1.57542E9
19769769228988,6,18,40.1,35.1,64.119026,3.246301,true,false,true,1.57542E9
19769769228988,6,25,34.1,29.1,13.91123,117.40616,true,true,true,1.57542E9
19769769228988,6,27,11.5,6.5,4.5813794,309.61627,false,false,true,1.57542E9
19769769228988,6,30,36.3,31.3,49.2451,329.32602,true,true,true,1.57542E9
19769769228988,6,34,32.5,27.5,79.044205,171.68158,true,true,true,1.57542E9
19769769228988,6,36,32.6,27.6,41.840115,41.710533,true,true,true,1.57542E9
19769769228988,1,6,27.1,22.1,71.82889,33.8546,true,true,true,1.17645E9
19769769228988,1,11,26.7,21.7,67.20751,221.2712,true,true,true,1.17645E9
19769769228988,1,14,30.1,25.1,20.761066,126.17851,true,true,true,1.17645E9
19769769228988,1,21,12.5,7.5,17.518345,166.57326,false,true,true,1.17645E9
19769769228988,1,24,27.3,22.3,37.151264,261.3042,true,true,true,1.17645E9
19769769228988,4,194,20.4,15.4,23.604813,97.0179,true,true,true,1.17645E9
19769769228988,4,195,20.4,15.4,32.21701,62.014374,true,true,true,1.17645E9
19769769228988,6,2,32.7,27.7,62.250828,82.92751,true,true,true,1.17645E9
19769769228988,6,15,19.8,14.8,27.57418,209.54988,false,true,true,1.17645E9
19769769228988,6,18,26.4,21.4,64.119026,3.246301,true,false,true,1.17645E9
19769769228988,6,25,22.0,17.0,13.91123,117.40616,true,true,true,1.17645E9
19769769228988,6,30,24.3,19.3,49.2451,329.32602,true,true,true,1.17645E9
19769769228988,6,34,21.7,16.7,79.044205,171.68158,true,true,true,1.17645E9
19769769228988,6,36,29.8,24.8,41.840115,41.710533,true,true,true,1.17645E9
19769769228988,5,23,25.2,20.2,76.25328,225.64455,true,true,true,1.17645E9
19769769228988,5,25,33.2,28.2,35.08738,157.25748,true,true,true,1.17645E9
19769769228988,5,27,23.6,18.6,10.455829,246.15868,true,true,true,1.17645E9
19769769228988,5,28,27.8,22.8,49.608406,267.31122,true,true,true,1.17645E9
19769769228988,5,37,36.9,31.9,34.58737,313.9813,true,true,true,1.17645E9
19769769228988,5,38,27.8,22.8,57.88874,19.09498,true,true,true,1.17645E9
19769769228988,5,42,19.9,14.9,5.4120073,96.42543,false,false,true,1.17645E9
19769769228988,5,23,38.4,33.4,76.25328,225.64455,true,true,true,1.57542E9
19769769228988,5,25,42.7,37.7,35.08738,157.25748,true,true,true,1.57542E9
19769769228988,5,27,30.2,25.2,10.455829,246.15868,true,true,true,1.57542E9
19769769228988,5,28,35.0,30.0,49.608406,267.31122,true,true,true,1.57542E9
19769769228988,5,34,12.2,7.2,7.5157013,53.7543,false,true,true,1.57542E9
19769769228988,5,37,40.8,35.8,34.58737,313.9813,true,true,true,1.57542E9
19769769228988,5,38,32.3,27.3,57.88874,19.09498,true,true,true,1.57542E9
19769769228988,5,42,30.7,25.7,5.4120073,96.42543,true,false,true,1.57542E9
19770768887529,1,6,37.8,32.8,71.82889,33.8546,true,true,true,1.57542E9
19770768887529,1,11,39.7,34.7,67.20751,221.2712,true,true,true,1.57542E9
19770768887529,1,12,38.0,33.0,24.911688,318.29565,true,false,true,1.57542E9
19770768887529,1,13,33.8,28.8,0.0,0.0,false,false,false,1.57542E9
19770768887529,1,14,38.2,33.2,20.761066,126.17851,true,true,true,1.57542E9
19770768887529,1,17,29.4,24.4,24.384571,61.234203,true,true,true,1.57542E9
19770768887529,1,19,42.3,37.3,49.370075,29.61656,true,true,true,1.57542E9
19770768887529,1,21,33.2,28.2,17.518345,166.57326,false,true,true,1.57542E9
19770768887529,1,22,41.6,36.6,40.924557,115.49065,true,true,true,1.57542E9
19770768887529,1,24,33.6,28.6,37.151264,261.3042,true,true,true,1.57542E9
19770768887529,4,194,28.1,23.1,23.604813,97.0179,true,true,true,1.57542E9
19770768887529,4,195,26.8,21.8,32.21701,62.014374,true,true,true,1.57542E9
19770768887529,2,134,35.9,30.9,0.0,0.0,false,false,false,1.57542E9
19770768887529,3,9,38.3,33.3,81.66185,148.7656,false,false,true,1.600875E9
19770768887529,3,16,34.3,29.3,23.731276,147.23816,true,true,true,1.6014374E9
19770768887529,3,20,31.1,26.1,62.42595,279.15695,false,false,true,1.603125E9
19770768887529,3,19,38.5,33.5,41.452652,19.580093,true,true,true,1.6036876E9
19770768887529,3,21,33.4,28.4,24.81651,238.7768,true,true,true,1.60425E9
19770768887529,5,42,26.0,21.0,5.4120073,96.42543,true,false,true,1.561098E9
19770768887529,5,38,35.4,30.4,57.88874,19.09498,true,true,true,1.561098E9
19770768887529,5,37,38.5,33.5,34.58737,313.9813,true,true,true,1.561098E9
19770768887529,5,33,25.4,20.4,2.5242438,145.99773,false,false,true,1.561098E9
19770768887529,5,28,38.3,33.3,49.608406,267.31122,true,true,true,1.561098E9
19770768887529,5,27,34.0,29.0,10.455829,246.15868,true,true,true,1.561098E9
19770768887529,5,25,45.6,40.6,35.08738,157.25748,true,true,true,1.561098E9
19770768887529,5,23,40.6,35.6,76.25328,225.64455,true,true,true,1.561098E9
19770768887529,5,13,36.7,31.7,68.27135,320.29843,true,true,true,1.561098E9
19770768887529,5,10,25.2,20.2,15.663169,162.58145,false,false,true,1.561098E9
19770768887529,5,9,30.2,25.2,22.402777,145.66512,true,false,true,1.561098E9
19770768887529,5,8,27.8,22.8,37.18223,48.354237,true,true,true,1.561098E9
19770768887529,5,6,40.7,35.7,30.446934,119.6433,true,true,true,1.561098E9
19770768887529,5,3,39.7,34.7,39.472725,128.12805,false,false,true,1.561098E9
19770768887529,5,2,36.8,31.8,54.25361,175.11227,true,false,true,1.561098E9
19770768887529,5,1,34.8,29.8,15.824988,103.63155,true,false,true,1.561098E9
19770768887529,6,2,39.5,34.5,62.250828,82.92751,true,true,true,1.57542E9
19770768887529,6,7,13.5,8.5,2.1111386,266.88702,false,true,true,1.57542E9
19770768887529,6,15,26.7,21.7,27.57418,209.54988,false,true,true,1.57542E9
19770768887529,6,18,37.6,32.6,64.119026,3.246301,true,false,true,1.57542E9
19770768887529,6,25,35.5,30.5,13.91123,117.40616,true,true,true,1.57542E9
19770768887529,6,27,11.5,6.5,4.5813794,309.61627,false,false,true,1.57542E9
19770768887529,6,30,31.7,26.7,49.2451,329.32602,true,true,true,1.57542E9
19770768887529,6,34,31.6,26.6,79.044205,171.68158,true,true,true,1.57542E9
19770768887529,6,36,34.9,29.9,41.840115,41.710533,true,true,true,1.57542E9
19770768887529,1,6,29.4,24.4,71.82889,33.8546,true,true,true,1.17645E9
19770768887529,1,11,27.8,22.8,67.20751,221.2712,true,true,true,1.17645E9
19770768887529,1,14,27.9,22.9,20.761066,126.17851,true,true,true,1.17645E9
19770768887529,1,21,17.8,12.8,17.518345,166.57326,false,true,true,1.17645E9
19770768887529,1,24,28.2,23.2,37.151264,261.3042,true,true,true,1.17645E9
19770768887529,4,194,20.4,15.4,23.604813,97.0179,true,true,true,1.17645E9
19770768887529,4,195,20.4,15.4,32.21701,62.014374,true,true,true,1.17645E9
19770768887529,6,2,31.3,26.3,62.250828,82.92751,true,true,true,1.17645E9
19770768887529,6,15,22.2,17.2,27.57418,209.54988,true,true,true,1.17645E9
19770768887529,6,18,28.5,23.5,64.119026,3.246301,true,false,true,1.17645E9
19770768887529,6,25,26.2,21.2,13.91123,117.40616,true,true,true,1.17645E9
19770768887529,6,30,24.4,19.4,49.2451,329.32602,true,true,true,1.17645E9
19770768887529,6,34,20.1,15.1,79.044205,171.68158,true,true,true,1.17645E9
19770768887529,6,36,29.7,24.7,41.840115,41.710533,true,true,true,1.17645E9
19770768887529,5,23,22.8,17.8,76.25328,225.64455,true,true,true,1.17645E9
19770768887529,5,25,33.7,28.7,35.08738,157.25748,true,true,true,1.17645E9
19770768887529,5,27,23.4,18.4,10.455829,246.15868,true,true,true,1.17645E9
19770768887529,5,28,29.7,24.7,49.608406,267.31122,true,true,true,1.17645E9
19770768887529,5,37,34.6,29.6,34.58737,313.9813,true,true,true,1.17645E9
19770768887529,5,38,32.2,27.2,57.88874,19.09498,true,true,true,1.17645E9
19770768887529,5,42,19.9,14.9,5.4120073,96.42543,false,false,true,1.17645E9
19770768887529,5,23,38.4,33.4,76.25328,225.64455,true,true,true,1.57542E9
19770768887529,5,25,43.6,38.6,35.08738,157.25748,true,true,true,1.57542E9
19770768887529,5,27,30.1,25.1,10.455829,246.15868,true,true,true,1.57542E9
19770768887529,5,28,35.6,30.6,49.608406,267.31122,true,true,true,1.57542E9
19770768887529,5,34,12.2,7.2,7.5157013,53.7543,false,true,true,1.57542E9
19770768887529,5,37,36.7,31.7,34.58737,313.9813,true,true,true,1.57542E9
19770768887529,5,38,30.7,25.7,57.88874,19.09498,true,true,true,1.57542E9
19770768887529,5,42,25.2,20.2,5.4120073,96.42543,true,false,true,1.57542E9
19771771740862,1,6,37.2,32.2,71.82889,33.8546,true,true,true,1.57542E9
19771771740862,1,11,40.2,35.2,67.20751,221.2712,true,true,true,1.57542E9
19771771740862,1,12,33.3,28.3,24.911688,318.29565,true,false,true,1.57542E9
19771771740862,1,13,33.0,28.0,0.0,0.0,false,false,false,1.57542E9
19771771740862,1,14,33.5,28.5,20.761066,126.17851,true,true,true,1.57542E9
19771771740862,1,17,31.9,26.9,24.384571,61.234203,true,true,true,1.57542E9
19771771740862,1,19,37.8,32.8,49.370075,29.61656,true,true,true,1.57542E9
19771771740862,1,21,28.5,23.5,17.518345,166.57326,true,true,true,1.57542E9
19771771740862,1,22,33.7,28.7,40.924557,115.49065,true,true,true,1.57542E9
19771771740862,1,24,32.7,27.7,37.151264,261.3042,true,true,true,1.57542E9
19771771740862,4,194,28.2,23.2,23.604813,97.0179,true,true,true,1.57542E9
19771771740862,4,195,23.7,18.7,32.21701,62.014374,true,true,true,1.57542E9
19771771740862,2,134,38.6,33.6,0.0,0.0,false,false,false,1.57542E9
19771771740862,3,9,35.2,30.2,81.66185,148.7656,false,false,true,1.600875E9
19771771740862,3,16,37.1,32.1,23.731276,147.23816,true,true,true,1.6014374E9
19771771740862,3,20,30.4,25.4,62.42595,279.15695,false,false,true,1.603125E9
19771771740862,3,19,33.8,28.8,41.452652,19.580093,true,true,true,1.6036876E9
19771771740862,3,21,31.8,26.8,24.81651,238.7768,true,true,true,1.60425E9
19771771740862,5,42,27.7,22.7,5.4120073,96.42543,true,false,true,1.561098E9
19771771740862,5,38,32.6,27.6,57.88874,19.09498,true,true,true,1.561098E9
19771771740862,5,37,36.6,31.6,34.58737,313.9813,true,true,true,1.561098E9
19771771740862,5,33,25.4,20.4,2.5242438,145.99773,false,false,true,1.561098E9
19771771740862,5,28,39.1,34.1,49.608406,267.31122,true,true,true,1.561098E9
19771771740862,5,27,35.3,30.3,10.455829,246.15868,true,true,true,1.561098E9
19771771740862,5,25,41.9,36.9,35.08738,157.25748,true,true,true,1.561098E9
19771771740862,5,23,40.9,35.9,76.25328,225.64455,true,true,true,1.561098E9
19771771740862,5,13,38.0,33.0,68.27135,320.29843,true,true,true,1.561098E9
19771771740862,5,10,24.2,19.2,15.663169,162.58145,true,false,true,1.561098E9
19771771740862,5,9,31.8,26.8,22.402777,145.66512,true,false,true,1.561098E9
19771771740862,5,8,27.8,22.8,37.18223,48.354237,true,true,true,1.561098E9
19771771740862,5,7,30.4,25.4,5.805762,160.23549,false,false,true,1.561098E9
19771771740862,5,6,31.2,26.2,30.446934,119.6433,true,true,true,1.561098E9
19771771740862,5,3,33.7,28.7,39.472725,128.12805,false,false,true,1.561098E9
19771771740862,5,2,37.4,32.4,54.25361,175.11227,true,false,true,1.561098E9
19771771740862,5,1,33.4,28.4,15.824988,103.63155,true,false,true,1.561098E9
19771771740862,6,2,36.4,31.4,62.250828,82.92751,true,true,true,1.57542E9
19771771740862,6,7,13.5,8.5,2.1111386,266.88702,false,true,true,1.57542E9
19771771740862,6,15,27.4,22.4,27.57418,209.54988,false,true,true,1.57542E9
19771771740862,6,18,36.4,31.4,64.119026,3.246301,true,false,true,1.57542E9
19771771740862,6,25,39.4,34.4,13.91123,117.40616,true,true,true,1.57542E9
19771771740862,6,27,11.5,6.5,4.5813794,309.61627,false,false,true,1.57542E9
19771771740862,6,30,34.8,29.8,49.2451,329.32602,true,true,true,1.57542E9
19771771740862,6,34,32.3,27.3,79.044205,171.68158,true,true,true,1.57542E9
19771771740862,6,36,26.9,21.9,41.840115,41.710533,true,true,true,1.57542E9
19771771740862,1,6,27.3,22.3,71.82889,33.8546,true,true,true,1.17645E9
19771771740862,1,11,31.0,26.0,67.20751,221.2712,true,true,true,1.17645E9
19771771740862,1,14,27.3,22.3,20.761066,126.17851,true,true,true,1.17645E9
19771771740862,1,21,23.5,18.5,17.518345,166.57326,false,true,true,1.17645E9
19771771740862,1,24,26.2,21.2,37.151264,261.3042,true,true,true,1.17645E9
19771771740862,4,194,21.5,16.5,23.604813,97.0179,true,true,true,1.17645E9
19771771740862,4,195,20.4,15.4,32.21701,62.014374,true,true,true,1.17645E9
19771771740862,6,2,29.8,24.8,62.250828,82.92751,true,true,true,1.17645E9
19771771740862,6,15,22.0,17.0,27.57418,209.54988,true,true,true,1.17645E9
19771771740862,6,18,29.0,24.0,64.119026,3.246301,true,false,true,1.17645E9
19771771740862,6,25,29.3,24.3,13.91123,117.40616,true,true,true,1.17645E9
19771771740862,6,30,24.4,19.4,49.2451,329.32602,true,true,true,1.17645E9
19771771740862,6,34,19.9,14.9,79.044205,171.68158,true,true,true,1.17645E9
19771771740862,6,36,21.3,16.3,41.840115,41.710533,true,true,true,1.17645E9
19771771740862,5,23,26.1,21.1,76.25328,225.64455,true,true,true,1.17645E9
19771771740862,5,25,32.6,27.6,35.08738,157.25748,true,true,true,1.17645E9
19771771740862,5,27,27.0,22.0,10.455829,246.15868,true,true,true,1.17645E9
19771771740862,5,28,29.7,24.7,49.608406,267.31122,true,true,true,1.17645E9
19771771740862,5,37,30.1,25.1,34.58737,313.9813,true,true,true,1.17645E9
19771771740862,5,38,29.8,24.8,57.88874,19.09498,true,true,true,1.17645E9
19771771740862,5,42,19.9,14.9,5.4120073,96.42543,false,false,true,1.17645E9
19771771740862,5,23,39.2,34.2,76.25328,225.64455,true,true,true,1.57542E9
19771771740862,5,25,40.5,35.5,35.08738,157.25748,true,true,true,1.57542E9
19771771740862,5,27,30.4,25.4,10.455829,246.15868,true,true,true,1.57542E9
19771771740862,5,28,35.7,30.7,49.608406,267.31122,true,true,true,1.57542E9
19771771740862,5,34,12.2,7.2,7.5157013,53.7543,false,true,true,1.57542E9
19771771740862,5,37,34.6,29.6,34.58737,313.9813,true,true,true,1.57542E9
19771771740862,5,38,27.0,22.0,57.88874,19.09498,true,true,true,1.57542E9
19771771740862,5,42,27.8,22.8,5.4120073,96.42543,true,false,true,1.57542E9
19772773556330,1,6,35.3,30.3,71.82889,33.8546,true,true,true,1.57542E9
19772773556330,1,11,40.8,35.8,67.20751,221.2712,true,true,true,1.57542E9
19772773556330,1,12,30.7,25.7,24.911688,318.29565,true,false,true,1.57542E9
19772773556330,1,13,26.8,21.8,0.0,0.0,false,false,false,1.57542E9
19772773556330,1,14,35.9,30.9,20.761066,126.17851,true,true,true,1.57542E9
19772773556330,1,17,27.0,22.0,24.384571,61.234203,true,true,true,1.57542E9
19772773556330,1,19,35.2,30.2,49.370075,29.61656,true,true,true,1.57542E9
19772773556330,1,21,27.7,22.7,17.518345,166.57326,true,true,true,1.57542E9
19772773556330,1,22,31.9,26.9,40.924557,115.49065,true,true,true,1.57542E9
19772773556330,1,24,37.0,32.0,37.151264,261.3042,true,true,true,1.57542E9
19772773556330,4,194,29.7,24.7,23.604813,97.0179,true,true,true,1.57542E9
19772773556330,4,195,25.2,20.2,32.21701,62.014374,true,true,true,1.57542E9
19772773556330,2,134,38.2,33.2,0.0,0.0,false,false,false,1.57542E9
19772773556330,3,9,36.5,31.5,81.66185,148.7656,false,false,true,1.600875E9
19772773556330,3,16,36.2,31.2,23.731276,147.23816,true,true,true,1.6014374E9
19772773556330,3,20,31.5,26.5,62.42595,279.15695,false,false,true,1.603125E9
19772773556330,3,19,26.0,21.0,41.452652,19.580093,true,true,true,1.6036876E9
19772773556330,3,21,32.0,27.0,24.81651,238.7768,true,true,true,1.60425E9
19772773556330,5,42,25.2,20.2,5.4120073,96.42543,true,false,true,1.561098E9
19772773556330,5,38,32.6,27.6,57.88874,19.09498,true,true,true,1.561098E9
19772773556330,5,37,34.4,29.4,34.58737,313.9813,true,true,true,1.561098E9
19772773556330,5,33,25.4,20.4,2.5242438,145.99773,false,false,true,1.561098E9
19772773556330,5,28,37.1,32.1,49.608406,267.31122,true,true,true,1.561098E9
19772773556330,5,27,33.4,28.4,10.455829,246.15868,true,true,true,1.561098E9
19772773556330,5,25,38.6,33.6,35.08738,157.25748,true,true,true,1.561098E9
19772773556330,5,23,41.1,36.1,76.25328,225.64455,true,true,true,1.561098E9
19772773556330,5,13,33.1,28.1,68.27135,320.29843,true,true,true,1.561098E9
19772773556330,5,10,26.3,21.3,15.663169,162.58145,true,false,true,1.561098E9
19772773556330,5,9,31.6,26.6,22.402777,145.66512,true,false,true,1.561098E9
19772773556330,5,8,23.6,18.6,37.18223,48.354237,true,true,true,1.561098E9
19772773556330,5,7,34.0,29.0,5.805762,160.23549,true,false,true,1.561098E9
19772773556330,5,6,32.8,27.8,30.446934,119.6433,true,true,true,1.561098E9
19772773556330,5,3,34.1,29.1,39.472725,128.12805,false,false,true,1.561098E9
19772773556330,5,2,38.8,33.8,54.25361,175.11227,true,false,true,1.561098E9
19772773556330,5,1,34.7,29.7,15.824988,103.63155,true,false,true,1.561098E9
19772773556330,6,2,32.6,27.6,62.250828,82.92751,true,true,true,1.57542E9
19772773556330,6,15,28.3,23.3,27.57418,209.54988,false,true,true,1.57542E9
19772773556330,6,18,33.0,28.0,64.119026,3.246301,true,false,true,1.57542E9
19772773556330,6,25,43.1,38.1,13.91123,117.40616,true,true,true,1.57542E9
19772773556330,6,27,15.3,10.3,4.5813794,309.61627,false,false,true,1.57542E9
19772773556330,6,30,30.2,25.2,49.2451,329.32602,true,true,true,1.57542E9
19772773556330,6,34,31.4,26.4,79.044205,171.68158,true,true,true,1.57542E9
19772773556330,6,36,22.6,17.6,41.840115,41.710533,true,true,true,1.57542E9
19772773556330,1,6,25.2,20.2,71.82889,33.8546,true,true,true,1.17645E9
19772773556330,1,11,30.0,25.0,67.20751,221.2712,true,true,true,1.17645E9
19772773556330,1,14,28.7,23.7,20.761066,126.17851,true,true,true,1.17645E9
19772773556330,1,21,20.9,15.9,17.518345,166.57326,true,true,true,1.17645E9
19772773556330,1,24,23.0,18.0,37.151264,261.3042,true,true,true,1.17645E9
19772773556330,4,194,22.3,17.3,23.604813,97.0179,true,true,true,1.17645E9
19772773556330,4,195,20.4,15.4,32.21701,62.014374,true,true,true,1.17645E9
19772773556330,6,2,23.4,18.4,62.250828,82.92751,true,true,true,1.17645E9
19772773556330,6,15,22.8,17.8,27.57418,209.54988,true,true,true,1.17645E9
19772773556330,6,18,25.6,20.6,64.119026,3.246301,true,false,true,1.17645E9
19772773556330,6,25,26.5,21.5,13.91123,117.40616,true,true,true,1.17645E9
19772773556330,6,30,17.9,12.9,49.2451,329.32602,true,true,true,1.17645E9
19772773556330,6,34,21.4,16.4,79.044205,171.68158,true,true,true,1.17645E9
19772773556330,6,36,21.3,16.3,41.840115,41.710533,true,true,true,1.17645E9
19772773556330,5,23,22.6,17.6,76.25328,225.64455,true,true,true,1.17645E9
19772773556330,5,25,29.1,24.1,35.08738,157.25748,true,true,true,1.17645E9
19772773556330,5,27,27.1,22.1,10.455829,246.15868,true,true,true,1.17645E9
19772773556330,5,28,29.9,24.9,49.608406,267.31122,true,true,true,1.17645E9
19772773556330,5,37,27.1,22.1,34.58737,313.9813,true,true,true,1.17645E9
19772773556330,5,38,25.7,20.7,57.88874,19.09498,true,true,true,1.17645E9
19772773556330,5,42,19.9,14.9,5.4120073,96.42543,false,false,true,1.17645E9
19772773556330,5,23,38.6,33.6,76.25328,225.64455,true,true,true,1.57542E9
19772773556330,5,25,36.0,31.0,35.08738,157.25748,true,true,true,1.57542E9
19772773556330,5,27,30.0,25.0,10.455829,246.15868,true,true,true,1.57542E9
19772773556330,5,28,34.3,29.3,49.608406,267.31122,true,true,true,1.57542E9
19772773556330,5,34,12.2,7.2,7.5157013,53.7543,false,true,true,1.57542E9
19772773556330,5,37,29.6,24.6,34.58737,313.9813,true,true,true,1.57542E9
19772773556330,5,38,27.9,22.9,57.88874,19.09498,true,true,true,1.57542E9
19772773556330,5,42,24.7,19.7,5.4120073,96.42543,true,false,true,1.57542E9
19773768930548,1,6,32.6,27.6,71.82889,33.8546,true,true,true,1.57542E9
19773768930548,1,11,39.9,34.9,67.20751,221.2712,true,true,true,1.57542E9
19773768930548,1,12,29.0,24.0,24.911688,318.29565,true,false,true,1.57542E9
19773768930548,1,13,28.9,23.9,0.0,0.0,false,false,false,1.57542E9
19773768930548,1,14,38.1,33.1,20.761066,126.17851,true,true,true,1.57542E9
19773768930548,1,17,28.2,23.2,24.384571,61.234203,true,true,true,1.57542E9
19773768930548,1,19,38.3,33.3,49.370075,29.61656,true,true,true,1.57542E9
19773768930548,1,21,27.7,22.7,17.518345,166.57326,true,true,true,1.57542E9
19773768930548,1,22,35.4,30.4,40.924557,115.49065,true,true,true,1.57542E9
19773768930548,1,24,36.9,31.9,37.151264,261.3042,true,true,true,1.57542E9
19773768930548,4,194,31.9,26.9,23.604813,97.0179,true,true,true,1.57542E9
19773768930548,4,195,25.7,20.7,32.21701,62.014374,true,true,true,1.57542E9
19773768930548,2,134,37.7,32.7,0.0,0.0,false,false,false,1.57542E9
19773768930548,3,9,33.3,28.3,81.66185,148.7656,false,false,true,1.600875E9
19773768930548,3,16,37.9,32.9,23.731276,147.23816,true,true,true,1.6014374E9
19773768930548,3,20,32.7,27.7,62.42595,279.15695,false,false,true,1.603125E9
19773768930548,3,19,26.3,21.3,41.452652,19.580093,true,true,true,1.6036876E9
19773768930548,3,21,33.2,28.2,24.81651,238.7768,true,true,true,1.60425E9
19773768930548,5,42,27.2,22.2,5.4120073,96.42543,true,false,true,1.561098E9
19773768930548,5,38,34.5,29.5,57.88874,19.09498,true,true,true,1.561098E9
19773768930548,5,37,32.5,27.5,34.58737,313.9813,true,true,true,1.561098E9
19773768930548,5,33,25.4,20.4,2.5242438,145.99773,false,false,true,1.561098E9
19773768930548,5,28,37.4,32.4,49.608406,267.31122,true,true,true,1.561098E9
19773768930548,5,27,27.3,22.3,10.455829,246.15868,true,true,true,1.561098E9
19773768930548,5,25,42.0,37.0,35.08738,157.25748,true,true,true,1.561098E9
19773768930548,5,23,38.4,33.4,76.25328,225.64455,true,true,true,1.561098E9
19773768930548,5,13,32.6,27.6,68.27135,320.29843,true,true,true,1.561098E9
19773768930548,5,10,26.9,21.9,15.663169,162.58145,true,false,true,1.561098E9
19773768930548,5,9,33.9,28.9,22.402777,145.66512,true,false,true,1.561098E9
19773768930548,5,8,23.2,18.2,37.18223,48.354237,true,true,true,1.561098E9
19773768930548,5,7,24.4,19.4,5.805762,160.23549,true,false,true,1.561098E9
19773768930548,5,6,34.0,29.0,30.446934,119.6433,true,true,true,1.561098E9
19773768930548,5,3,36.4,31.4,39.472725,128.12805,false,false,true,1.561098E9
19773768930548,5,2,38.7,33.7,54.25361,175.11227,true,false,true,1.561098E9
19773768930548,5,1,39.5,34.5,15.824988,103.63155,true,false,true,1.561098E9
19773768930548,6,2,31.8,26.8,62.250828,82.92751,true,true,true,1.57542E9
19773768930548,6,15,23.1,18.1,27.57418,209.54988,true,true,true,1.57542E9
19773768930548,6,18,34.0,29.0,64.119026,3.246301,true,false,true,1.57542E9
19773768930548,6,25,44.3,39.3,13.91123,117.40616,true,true,true,1.57542E9
19773768930548,6,27,15.3,10.3,4.5813794,309.61627,false,false,true,1.57542E9
19773768930548,6,30,31.9,26.9,49.2451,329.32602,true,true,true,1.57542E9
19773768930548,6,34,28.3,23.3,79.044205,171.68158,true,true,true,1.57542E9
19773768930548,6,36,22.6,17.6,41.840115,41.710533,true,true,true,1.57542E9
19773768930548,1,6,25.8,20.8,71.82889,33.8546,true,true,true,1.17645E9
19773768930548,1,11,28.9,23.9,67.20751,221.2712,true,true,true,1.17645E9
19773768930548,1,14,30.2,25.2,20.761066,126.17851,true,true,true,1.17645E9
19773768930548,1,21,21.6,16.6,17.518345,166.57326,true,true,true,1.17645E9
19773768930548,1,24,30.0,25.0,37.151264,261.3042,true,true,true,1.17645E9
19773768930548,4,194,26.5,21.5,23.604813,97.0179,true,true,true,1.17645E9
19773768930548,4,195,20.4,15.4,32.21701,62.014374,true,true,true,1.17645E9
19773768930548,6,2,24.4,19.4,62.250828,82.92751,true,true,true,1.17645E9
19773768930548,6,15,22.3,17.3,27.57418,209.54988,true,true,true,1.17645E9
19773768930548,6,18,28.8,23.8,64.119026,3.246301,true,false,true,1.17645E9
19773768930548,6,25,28.6,23.6,13.91123,117.40616,true,true,true,1.17645E9
19773768930548,6,30,22.3,17.3,49.2451,329.32602,true,true,true,1.17645E9
19773768930548,6,34,21.4,16.4,79.044205,171.68158,true,true,true,1.17645E9
19773768930548,6,36,21.3,16.3,41.840115,41.710533,true,true,true,1.17645E9
19773768930548,5,23,22.3,17.3,76.25328,225.64455,true,true,true,1.17645E9
19773768930548,5,25,30.7,25.7,35.08738,157.25748,true,true,true,1.17645E9
19773768930548,5,27,22.3,17.3,10.455829,246.15868,true,true,true,1.17645E9
19773768930548,5,28,27.9,22.9,49.608406,267.31122,true,true,true,1.17645E9
19773768930548,5,37,24.3,19.3,34.58737,313.9813,true,true,true,1.17645E9
19773768930548,5,38,28.7,23.7,57.88874,19.09498,true,true,true,1.17645E9
19773768930548,5,42,19.9,14.9,5.4120073,96.42543,false,false,true,1.17645E9
19773768930548,5,23,37.2,32.2,76.25328,225.64455,true,true,true,1.57542E9
19773768930548,5,25,40.3,35.3,35.08738,157.25748,true,true,true,1.57542E9
19773768930548,5,27,24.2,19.2,10.455829,246.15868,true,true,true,1.57542E9
19773768930548,5,28,33.6,28.6,49.608406,267.31122,true,true,true,1.57542E9
19773768930548,5,34,12.2,7.2,7.5157013,53.7543,false,true,true,1.57542E9
19773768930548,5,37,28.8,23.8,34.58737,313.9813,true,true,true,1.57542E9
19773768930548,5,38,30.8,25.8,57.88874,19.09498,true,true,true,1.57542E9
19773768930548,5,42,25.9,20.9,5.4120073,96.42543,true,false,true,1.57542E9
19774771832631,1,6,36.4,31.4,71.82889,33.8546,true,true,true,1.57542E9
19774771832631,1,11,38.7,33.7,67.20751,221.2712,true,true,true,1.57542E9
19774771832631,1,12,28.9,23.9,24.911688,318.29565,true,false,true,1.57542E9
19774771832631,1,13,27.9,22.9,0.0,0.0,false,false,false,1.57542E9
19774771832631,1,14,42.1,37.1,20.761066,126.17851,true,true,true,1.57542E9
19774771832631,1,17,28.9,23.9,24.384571,61.234203,true,true,true,1.57542E9
19774771832631,1,19,29.1,24.1,49.370075,29.61656,true,true,true,1.57542E9
19774771832631,1,21,28.0,23.0,17.518345,166.57326,true,true,true,1.57542E9
19774771832631,1,22,38.7,33.7,40.924557,115.49065,true,true,true,1.57542E9
19774771832631,1,24,35.1,30.1,37.151264,261.3042,true,true,true,1.57542E9
19774771832631,4,194,36.2,31.2,23.604813,97.0179,true,true,true,1.57542E9
19774771832631,4,195,27.1,22.1,32.21701,62.014374,true,true,true,1.57542E9
19774771832631,2,134,32.8,27.8,0.0,0.0,false,false,false,1.57542E9
19774771832631,3,9,34.6,29.6,81.66185,148.7656,false,false,true,1.600875E9
19774771832631,3,16,35.9,30.9,23.731276,147.23816,true,true,true,1.6014374E9
19774771832631,3,20,31.4,26.4,62.42595,279.15695,false,false,true,1.603125E9
19774771832631,3,19,26.4,21.4,41.452652,19.580093,true,true,true,1.6036876E9
19774771832631,3,21,34.5,29.5,24.81651,238.7768,true,true,true,1.60425E9
19774771832631,5,42,25.4,20.4,5.4120073,96.42543,true,false,true,1.561098E9
19774771832631,5,38,33.6,28.6,57.88874,19.09498,true,true,true,1.561098E9
19774771832631,5,37,31.5,26.5,34.58737,313.9813,true,true,true,1.561098E9
19774771832631,5,33,25.4,20.4,2.5242438,145.99773,false,false,true,1.561098E9
19774771832631,5,28,36.3,31.3,49.608406,267.31122,true,true,true,1.561098E9
19774771832631,5,27,25.9,20.9,10.455829,246.15868,true,true,true,1.561098E9
19774771832631,5,25,35.0,30.0,35.08738,157.25748,true,true,true,1.561098E9
19774771832631,5,23,38.9,33.9,76.25328,225.64455,true,true,true,1.561098E9
19774771832631,5,13,33.9,28.9,68.27135,320.29843,true,true,true,1.561098E9
19774771832631,5,10,22.6,17.6,15.663169,162.58145,true,false,true,1.561098E9
19774771832631,5,9,30.9,25.9,22.402777,145.66512,true,false,true,1.561098E9
19774771832631,5,8,26.7,21.7,37.18223,48.354237,true,true,true,1.561098E9
19774771832631,5,7,23.8,18.8,5.805762,160.23549,true,false,true,1.561098E9
19774771832631,5,6,34.8,29.8,30.446934,119.6433,true,true,true,1.561098E9
19774771832631,5,3,37.8,32.8,39.472725,128.12805,false,false,true,1.561098E9
19774771832631,5,2,35.1,30.1,54.25361,175.11227,true,false,true,1.561098E9
19774771832631,5,1,41.6,36.6,15.824988,103.63155,true,false,true,1.561098E9
19774771832631,6,2,31.8,26.8,62.250828,82.92751,true,true,true,1.57542E9
19774771832631,6,15,23.1,18.1,27.57418,209.54988,true,true,true,1.57542E9
19774771832631,6,18,35.3,30.3,64.119026,3.246301,true,false,true,1.57542E9
19774771832631,6,25,45.1,40.1,13.91123,117.40616,true,true,true,1.57542E9
19774771832631,6,27,19.9,14.9,4.5813794,309.61627,false,false,true,1.57542E9
19774771832631,6,30,31.7,26.7,49.2451,329.32602,true,true,true,1.57542E9
19774771832631,6,34,28.8,23.8,79.044205,171.68158,true,true,true,1.57542E9
19774771832631,6,36,21.2,16.2,41.840115,41.710533,true,true,true,1.57542E9
19774771832631,1,6,27.4,22.4,71.82889,33.8546,true,true,true,1.17645E9
19774771832631,1,11,29.4,24.4,67.20751,221.2712,true,true,true,1.17645E9
19774771832631,1,14,33.2,28.2,20.761066,126.17851,true,true,true,1.17645E9
19774771832631,1,21,21.6,16.6,17.518345,166.57326,true,true,true,1.17645E9
19774771832631,1,24,30.6,25.6,37.151264,261.3042,true,true,true,1.17645E9
19774771832631,4,194,29.9,24.9,23.604813,97.0179,true,true,true,1.17645E9
19774771832631,4,195,20.4,15.4,32.21701,62.014374,true,true,true,1.17645E9
19774771832631,6,2,28.7,23.7,62.250828,82.92751,true,true,true,1.17645E9
19774771832631,6,15,22.3,17.3,27.57418,209.54988,true,true,true,1.17645E9
19774771832631,6,18,26.8,21.8,64.119026,3.246301,true,false,true,1.17645E9
19774771832631,6,25,30.3,25.3,13.91123,117.40616,true,true,true,1.17645E9
19774771832631,6,30,21.6,16.6,49.2451,329.32602,true,true,true,1.17645E9
19774771832631,6,34,20.7,15.7,79.044205,171.68158,true,true,true,1.17645E9
19774771832631,6,36,21.3,16.3,41.840115,41.710533,true,true,true,1.17645E9
19774771832631,5,23,24.6,19.6,76.25328,225.64455,true,true,true,1.17645E9
19774771832631,5,25,23.0,18.0,35.08738,157.25748,true,true,true,1.17645E9
19774771832631,5,27,21.2,16.2,10.455829,246.15868,true,true,true,1.17645E9
19774771832631,5,28,27.7,22.7,49.608406,267.31122,true,true,true,1.17645E9
19774771832631,5,37,26.7,21.7,34.58737,313.9813,true,true,true,1.17645E9
19774771832631,5,38,25.0,20.0,57.88874,19.09498,true,true,true,1.17645E9
19774771832631,5,42,13.5,8.5,5.4120073,96.42543,false,false,true,1.17645E9
19774771832631,5,23,36.1,31.1,76.25328,225.64455,true,true,true,1.57542E9
19774771832631,5,25,31.3,26.3,35.08738,157.25748,true,true,true,1.57542E9
19774771832631,5,27,24.2,19.2,10.455829,246.15868,true,true,true,1.57542E9
19774771832631,5,28,33.2,28.2,49.608406,267.31122,true,true,true,1.57542E9
19774771832631,5,34,12.2,7.2,7.5157013,53.7543,false,true,true,1.57542E9
19774771832631,5,37,27.8,22.8,34.58737,313.9813,true,true,true,1.57542E9
19774771832631,5,38,29.7,24.7,57.88874,19.09498,true,true,true,1.57542E9
19774771832631,5,42,26.3,21.3,5.4120073,96.42543,true,false,true,1.57542E9
19775770253933,1,6,33.7,28.7,71.82889,33.8546,true,true,true,1.57542E9
19775770253933,1,11,38.6,33.6,67.20751,221.2712,true,true,true,1.57542E9
19775770253933,1,12,28.0,23.0,24.911688,318.29565,true,false,true,1.57542E9
19775770253933,1,13,29.7,24.7,0.0,0.0,false,false,false,1.57542E9
19775770253933,1,14,42.8,37.8,20.761066,126.17851,true,true,true,1.57542E9
19775770253933,1,17,40.2,35.2,24.384571,61.234203,true,true,true,1.57542E9
19775770253933,1,19,27.8,22.8,49.370075,29.61656,true,true,true,1.57542E9
19775770253933,1,21,25.5,20.5,17.518345,166.57326,true,true,true,1.57542E9
19775770253933,1,22,39.2,34.2,40.924557,115.49065,true,true,true,1.57542E9
19775770253933,1,24,38.4,33.4,37.151264,261.3042,true,true,true,1.57542E9
19775770253933,4,194,36.4,31.4,23.604813,97.0179,true,true,true,1.57542E9
19775770253933,4,195,31.9,26.9,32.21701,62.014374,true,true,true,1.57542E9
19775770253933,2,134,33.7,28.7,0.0,0.0,false,false,false,1.57542E9
19775770253933,3,9,31.1,26.1,81.66185,148.7656,false,false,true,1.600875E9
19775770253933,3,16,35.2,30.2,23.731276,147.23816,true,true,true,1.6014374E9
19775770253933,3,20,32.2,27.2,62.42595,279.15695,false,false,true,1.603125E9
19775770253933,3,19,24.9,19.9,41.452652,19.580093,true,true,true,1.6036876E9
19775770253933,3,21,29.5,24.5,24.81651,238.7768,true,true,true,1.60425E9
19775770253933,5,42,24.6,19.6,5.4120073,96.42543,true,false,true,1.561098E9
19775770253933,5,38,34.5,29.5,57.88874,19.09498,true,true,true,1.561098E9
19775770253933,5,37,33.3,28.3,34.58737,313.9813,true,true,true,1.561098E9
19775770253933,5,28,36.9,31.9,49.608406,267.31122,true,true,true,1.561098E9
19775770253933,5,27,26.2,21.2,10.455829,246.15868,true,true,true,1.561098E9
19775770253933,5,25,39.1,34.1,35.08738,157.25748,true,true,true,1.561098E9
19775770253933,5,23,39.3,34.3,76.25328,225.64455,true,true,true,1.561098E9
19775770253933,5,13,31.6,26.6,68.27135,320.29843,true,true,true,1.561098E9
19775770253933,5,10,24.7,19.7,15.663169,162.58145,true,false,true,1.561098E9
19775770253933,5,9,28.9,23.9,22.402777,145.66512,true,false,true,1.561098E9
19775770253933,5,8,28.4,23.4,37.18223,48.354237,true,true,true,1.561098E9
19775770253933,5,7,23.8,18.8,5.805762,160.23549,true,false,true,1.561098E9
19775770253933,5,6,37.1,32.1,30.446934,119.6433,true,true,true,1.561098E9
19775770253933,5,3,38.3,33.3,39.472725,128.12805,false,false,true,1.561098E9
19775770253933,5,2,33.4,28.4,54.25361,175.11227,true,false,true,1.561098E9
19775770253933,5,1,41.4,36.4,15.824988,103.63155,true,false,true,1.561098E9
19775770253933,6,2,30.4,25.4,62.250828,82.92751,true,true,true,1.57542E9
19775770253933,6,15,18.7,13.7,27.57418,209.54988,true,true,true,1.57542E9
19775770253933,6,18,36.1,31.1,64.119026,3.246301,true,false,true,1.57542E9
19775770253933,6,25,45.8,40.8,13.91123,117.40616,true,true,true,1.57542E9
19775770253933,6,27,21.8,16.8,4.5813794,309.61627,false,false,true,1.57542E9
19775770253933,6,30,30.8,25.8,49.2451,329.32602,true,true,true,1.57542E9
19775770253933,6,34,26.5,21.5,79.044205,171.68158,true,true,true,1.57542E9
19775770253933,6,36,23.8,18.8,41.840115,41.710533,true,true,true,1.57542E9
19775770253933,1,6,21.6,16.6,71.82889,33.8546,true,true,true,1.17645E9
19775770253933,1,11,30.6,25.6,67.20751,221.2712,true,true,true,1.17645E9
19775770253933,1,14,32.1,27.1,20.761066,126.17851,true,true,true,1.17645E9
19775770253933,1,21,20.6,15.6,17.518345,166.57326,true,true,true,1.17645E9
19775770253933,1,24,27.3,22.3,37.151264,261.3042,true,true,true,1.17645E9
19775770253933,4,194,32.0,27.0,23.604813,97.0179,true,true,true,1.17645E9
19775770253933,4,195,17.4,12.4,32.21701,62.014374,false,true,true,1.17645E9
19775770253933,6,2,25.8,20.8,62.250828,82.92751,true,true,true,1.17645E9
19775770253933,6,15,22.3,17.3,27.57418,209.54988,true,true,true,1.17645E9
19775770253933,6,18,24.0,19.0,64.119026,3.246301,true,false,true,1.17645E9
19775770253933,6,25,29.9,24.9,13.91123,117.40616,true,true,true,1.17645E9
19775770253933,6,30,21.5,16.5,49.2451,329.32602,true,true,true,1.17645E9
19775770253933,6,34,20.7,15.7,79.044205,171.68158,true,true,true,1.17645E9
19775770253933,6,36,21.3,16.3,41.840115,41.710533,true,true,true,1.17645E9
19775770253933,5,23,25.9,20.9,76.25328,225.64455,true,true,true,1.17645E9
19775770253933,5,25,24.6,19.6,35.08738,157.25748,true,true,true,1.17645E9
19775770253933,5,27,21.1,16.1,10.455829,246.15868,true,true,true,1.17645E9
19775770253933,5,28,27.7,22.7,49.608406,267.31122,true,true,true,1.17645E9
19775770253933,5,37,27.1,22.1,34.58737,313.9813,true,true,true,1.17645E9
19775770253933,5,38,24.0,19.0,57.88874,19.09498,true,true,true,1.17645E9
19775770253933,5,42,13.5,8.5,5.4120073,96.42543,false,false,true,1.17645E9
19775770253933,5,23,37.3,32.3,76.25328,225.64455,true,true,true,1.57542E9
19775770253933,5,25,36.4,31.4,35.08738,157.25748,true,true,true,1.57542E9
19775770253933,5,27,20.7,15.7,10.455829,246.15868,true,true,true,1.57542E9
19775770253933,5,28,34.3,29.3,49.608406,267.31122,true,true,true,1.57542E9
19775770253933,5,34,12.2,7.2,7.5157013,53.7543,false,true,true,1.57542E9
19775770253933,5,37,30.8,25.8,34.58737,313.9813,true,true,true,1.57542E9
19775770253933,5,38,31.5,26.5,57.88874,19.09498,true,true,true,1.57542E9
19775770253933,5,42,21.1,16.1,5.4120073,96.42543,true,false,true,1.57542E9
19776768860964,1,6,33.5,28.5,71.82889,33.8546,true,true,true,1.57542E9
19776768860964,1,11,35.3,30.3,67.20751,221.2712,true,true,true,1.57542E9
19776768860964,1,12,27.0,22.0,24.911688,318.29565,true,false,true,1.57542E9
19776768860964,1,13,29.5,24.5,0.0,0.0,false,false,false,1.57542E9
19776768860964,1,14,42.0,37.0,20.761066,126.17851,true,true,true,1.57542E9
19776768860964,1,17,36.9,31.9,24.384571,61.234203,true,true,true,1.57542E9
19776768860964,1,19,28.8,23.8,49.370075,29.61656,true,true,true,1.57542E9
19776768860964,1,21,26.1,21.1,17.518345,166.57326,true,true,true,1.57542E9
19776768860964,1,22,38.8,33.8,40.924557,115.49065,true,true,true,1.57542E9
19776768860964,1,24,36.7,31.7,37.151264,261.3042,true,true,true,1.57542E9
19776768860964,4,194,37.0,32.0,23.604813,97.0179,true,true,true,1.57542E9
19776768860964,4,195,33.8,28.8,32.21701,62.014374,true,true,true,1.57542E9
19776768860964,2,134,36.3,31.3,0.0,0.0,false,false,false,1.57542E9
19776768860964,3,9,37.0,32.0,81.66185,148.7656,false,false,true,1.600875E9
19776768860964,3,16,32.4,27.4,23.731276,147.23816,true,true,true,1.6014374E9
19776768860964,3,20,29.2,24.2,62.42595,279.15695,false,false,true,1.603125E9
19776768860964,3,19,28.2,23.2,41.452652,19.580093,true,true,true,1.6036876E9
19776768860964,3,21,25.8,20.8,24.81651,238.7768,true,true,true,1.60425E9
19776768860964,5,42,26.3,21.3,5.4120073,96.42543,true,false,true,1.561098E9
19776768860964,5,38,33.0,28.0,57.88874,19.09498,true,true,true,1.561098E9
19776768860964,5,37,32.0,27.0,34.58737,313.9813,true,true,true,1.561098E9
19776768860964,5,28,38.0,33.0,49.608406,267.31122,true,true,true,1.561098E9
19776768860964,5,27,23.4,18.4,10.455829,246.15868,true,true,true,1.561098E9
19776768860964,5,25,44.2,39.2,35.08738,157.25748,true,true,true,1.561098E9
19776768860964,5,23,38.7,33.7,76.25328,225.64455,true,true,true,1.561098E9
19776768860964,5,13,30.7,25.7,68.27135,320.29843,true,true,true,1.561098E9
19776768860964,5,10,26.6,21.6,15.663169,162.58145,true,false,true,1.561098E9
19776768860964,5,9,26.9,21.9,22.402777,145.66512,true,false,true,1.561098E9
19776768860964,5,8,37.9,32.9,37.18223,48.354237,true,true,true,1.561098E9
19776768860964,5,7,22.7,17.7,5.805762,160.23549,true,false,true,1.561098E9
19776768860964,5,6,38.5,33.5,30.446934,119.6433,true,true,true,1.561098E9
19776768860964,5,3,38.2,33.2,39.472725,128.12805,false,false,true,1.561098E9
19776768860964,5,2,35.8,30.8,54.25361,175.11227,true,false,true,1.561098E9
19776768860964,5,1,42.8,37.8,15.824988,103.63155,true,false,true,1.561098E9
19776768860964,6,2,39.6,34.6,62.250828,82.92751,true,true,true,1.57542E9
19776768860964,6,15,22.1,17.1,27.57418,209.54988,true,true,true,1.57542E9
19776768860964,6,18,31.1,26.1,64.119026,3.246301,true,false,true,1.57542E9
19776768860964,6,25,45.1,40.1,13.91123,117.40616,true,true,true,1.57542E9
19776768860964,6,27,22.1,17.1,4.5813794,309.61627,false,false,true,1.57542E9
19776768860964,6,30,32.7,27.7,49.2451,329.32602,true,true,true,1.57542E9
19776768860964,6,34,31.5,26.5,79.044205,171.68158,true,true,true,1.57542E9
19776768860964,6,36,25.3,20.3,41.840115,41.710533,true,true,true,1.57542E9
19776768860964,1,6,23.4,18.4,71.82889,33.8546,true,true,true,1.17645E9
19776768860964,1,11,21.3,16.3,67.20751,221.2712,true,true,true,1.17645E9
19776768860964,1,14,31.9,26.9,20.761066,126.17851,true,true,true,1.17645E9
19776768860964,1,21,20.6,15.6,17.518345,166.57326,true,true,true,1.17645E9
19776768860964,1,24,25.2,20.2,37.151264,261.3042,true,true,true,1.17645E9
19776768860964,4,194,30.5,25.5,23.604813,97.0179,true,true,true,1.17645E9
19776768860964,4,195,25.8,20.8,32.21701,62.014374,false,true,true,1.17645E9
19776768860964,6,2,29.7,24.7,62.250828,82.92751,true,true,true,1.17645E9
19776768860964,6,15,22.3,17.3,27.57418,209.54988,true,true,true,1.17645E9
19776768860964,6,18,25.4,20.4,64.119026,3.246301,true,false,true,1.17645E9
19776768860964,6,25,30.2,25.2,13.91123,117.40616,true,true,true,1.17645E9
19776768860964,6,30,21.5,16.5,49.2451,329.32602,true,true,true,1.17645E9
19776768860964,6,34,20.7,15.7,79.044205,171.68158,true,true,true,1.17645E9
19776768860964,6,36,21.3,16.3,41.840115,41.710533,true,true,true,1.17645E9
19776768860964,5,23,20.8,15.8,76.25328,225.64455,true,true,true,1.17645E9
19776768860964,5,25,29.3,24.3,35.08738,157.25748,true,true,true,1.17645E9
19776768860964,5,27,21.1,16.1,10.455829,246.15868,true,true,true,1.17645E9
19776768860964,5,28,26.3,21.3,49.608406,267.31122,true,true,true,1.17645E9
19776768860964,5,37,25.8,20.8,34.58737,313.9813,true,true,true,1.17645E9
19776768860964,5,38,25.4,20.4,57.88874,19.09498,true,true,true,1.17645E9
19776768860964,5,42,20.4,15.4,5.4120073,96.42543,false,false,true,1.17645E9
19776768860964,5,23,36.5,31.5,76.25328,225.64455,true,true,true,1.57542E9
19776768860964,5,25,42.7,37.7,35.08738,157.25748,true,true,true,1.57542E9
19776768860964,5,27,20.7,15.7,10.455829,246.15868,true,true,true,1.57542E9
19776768860964,5,28,35.8,30.8,49.608406,267.31122,true,true,true,1.57542E9
19776768860964,5,34,12.2,7.2,7.5157013,53.7543,false,true,true,1.57542E9
19776768860964,5,37,31.5,26.5,34.58737,313.9813,true,true,true,1.57542E9
19776768860964,5,38,24.9,19.9,57.88874,19.09498,true,true,true,1.57542E9
19776768860964,5,42,22.8,17.8,5.4120073,96.42543,true,false,true,1.57542E9
19777766852839,1,6,42.0,37.0,71.82889,33.8546,true,true,true,1.57542E9
19777766852839,1,11,40.6,35.6,67.20751,221.2712,true,true,true,1.57542E9
19777766852839,1,12,29.1,24.1,24.911688,318.29565,true,false,true,1.57542E9
19777766852839,1,13,30.0,25.0,0.0,0.0,false,false,false,1.57542E9
19777766852839,1,14,40.6,35.6,20.761066,126.17851,true,true,true,1.57542E9
19777766852839,1,17,30.0,25.0,24.384571,61.234203,true,true,true,1.57542E9
19777766852839,1,19,30.6,25.6,49.370075,29.61656,true,true,true,1.57542E9
19777766852839,1,21,27.8,22.8,17.518345,166.57326,true,true,true,1.57542E9
19777766852839,1,22,40.0,35.0,40.924557,115.49065,true,true,true,1.57542E9
19777766852839,1,24,30.3,25.3,37.151264,261.3042,true,true,true,1.57542E9
19777766852839,4,194,34.0,29.0,23.604813,97.0179,true,true,true,1.57542E9
19777766852839,4,195,36.7,31.7,32.21701,62.014374,true,true,true,1.57542E9
19777766852839,2,134,38.1,33.1,0.0,0.0,false,false,false,1.57542E9
19777766852839,3,9,40.6,35.6,81.66185,148.7656,false,false,true,1.600875E9
19777766852839,3,16,29.8,24.8,23.731276,147.23816,true,true,true,1.6014374E9
19777766852839,3,20,31.6,26.6,62.42595,279.15695,false,false,true,1.603125E9
19777766852839,3,19,27.5,22.5,41.452652,19.580093,true,true,true,1.6036876E9
19777766852839,3,21,26.1,21.1,24.81651,238.7768,true,true,true,1.60425E9
19777766852839,5,42,26.5,21.5,5.4120073,96.42543,true,false,true,1.561098E9
19777766852839,5,38,36.6,31.6,57.88874,19.09498,true,true,true,1.561098E9
19777766852839,5,37,30.0,25.0,34.58737,313.9813,true,true,true,1.561098E9
19777766852839,5,34,21.7,16.7,7.5157013,53.7543,false,true,true,1.561098E9
19777766852839,5,28,34.6,29.6,49.608406,267.31122,true,true,true,1.561098E9
19777766852839,5,27,25.1,20.1,10.455829,246.15868,true,true,true,1.561098E9
19777766852839,5,25,45.0,40.0,35.08738,157.25748,true,true,true,1.561098E9
19777766852839,5,23,41.1,36.1,76.25328,225.64455,true,true,true,1.561098E9
19777766852839,5,13,34.0,29.0,68.27135,320.29843,true,true,true,1.561098E9
19777766852839,5,10,24.8,19.8,15.663169,162.58145,true,false,true,1.561098E9
19777766852839,5,9,30.1,25.1,22.402777,145.66512,true,false,true,1.561098E9
19777766852839,5,8,43.1,38.1,37.18223,48.354237,true,true,true,1.561098E9
19777766852839,5,7,23.8,18.8,5.805762,160.23549,true,false,true,1.561098E9
19777766852839,5,6,37.8,32.8,30.446934,119.6433,true,true,true,1.561098E9
19777766852839,5,3,39.1,34.1,39.472725,128.12805,false,false,true,1.561098E9
19777766852839,5,2,40.4,35.4,54.25361,175.11227,true,false,true,1.561098E9
19777766852839,5,1,41.6,36.6,15.824988,103.63155,true,false,true,1.561098E9
19777766852839,6,2,39.8,34.8,62.250828,82.92751,true,true,true,1.57542E9
19777766852839,6,15,25.5,20.5,27.57418,209.54988,true,true,true,1.57542E9
19777766852839,6,18,39.9,34.9,64.119026,3.246301,true,false,true,1.57542E9
19777766852839,6,25,43.5,38.5,13.91123,117.40616,true,true,true,1.57542E9
19777766852839,6,27,20.7,15.7,4.5813794,309.61627,false,false,true,1.57542E9
19777766852839,6,30,29.9,24.9,49.2451,329.32602,true,true,true,1.57542E9
19777766852839,6,34,33.5,28.5,79.044205,171.68158,true,true,true,1.57542E9
19777766852839,6,36,33.6,28.6,41.840115,41.710533,true,true,true,1.57542E9
19777766852839,1,6,31.7,26.7,71.82889,33.8546,true,true,true,1.17645E9
19777766852839,1,11,28.5,23.5,67.20751,221.2712,true,true,true,1.17645E9
19777766852839,1,14,31.7,26.7,20.761066,126.17851,true,true,true,1.17645E9
19777766852839,1,21,20.6,15.6,17.518345,166.57326,true,true,true,1.17645E9
19777766852839,1,24,21.5,16.5,37.151264,261.3042,true,true,true,1.17645E9
19777766852839,4,194,32.5,27.5,23.604813,97.0179,true,true,true,1.17645E9
19777766852839,4,195,28.4,23.4,32.21701,62.014374,true,true,true,1.17645E9
19777766852839,6,2,33.1,28.1,62.250828,82.92751,true,true,true,1.17645E9
19777766852839,6,15,22.3,17.3,27.57418,209.54988,true,true,true,1.17645E9
19777766852839,6,18,32.7,27.7,64.119026,3.246301,true,false,true,1.17645E9
19777766852839,6,25,30.1,25.1,13.91123,117.40616,true,true,true,1.17645E9
19777766852839,6,30,18.1,13.1,49.2451,329.32602,true,true,true,1.17645E9
19777766852839,6,34,19.4,14.4,79.044205,171.68158,true,true,true,1.17645E9
19777766852839,6,36,20.7,15.7,41.840115,41.710533,true,true,true,1.17645E9
19777766852839,5,23,23.3,18.3,76.25328,225.64455,true,true,true,1.17645E9
19777766852839,5,25,31.2,26.2,35.08738,157.25748,true,true,true,1.17645E9
19777766852839,5,27,21.1,16.1,10.455829,246.15868,true,true,true,1.17645E9
19777766852839,5,28,23.4,18.4,49.608406,267.31122,true,true,true,1.17645E9
19777766852839,5,37,22.2,17.2,34.58737,313.9813,true,true,true,1.17645E9
19777766852839,5,38,33.3,28.3,57.88874,19.09498,true,true,true,1.17645E9
19777766852839,5,42,20.4,15.4,5.4120073,96.42543,false,false,true,1.17645E9
19777766852839,5,23,39.2,34.2,76.25328,225.64455,true,true,true,1.57542E9
19777766852839,5,25,43.2,38.2,35.08738,157.25748,true,true,true,1.57542E9
19777766852839,5,27,20.7,15.7,10.455829,246.15868,true,true,true,1.57542E9
19777766852839,5,28,31.6,26.6,49.608406,267.31122,true,true,true,1.57542E9
19777766852839,5,34,12.2,7.2,7.5157013,53.7543,false,true,true,1.57542E9
19777766852839,5,37,27.5,22.5,34.58737,313.9813,true,true,true,1.57542E9
19777766852839,5,38,31.3,26.3,57.88874,19.09498,true,true,true,1.57542E9
19777766852839,5,42,23.8,18.8,5.4120073,96.42543,true,false,true,1.57542E9
19778768036015,1,6,41.2,36.2,71.82889,33.8546,true,true,true,1.57542E9
19778768036015,1,11,41.2,36.2,67.20751,221.2712,true,true,true,1.57542E9
19778768036015,1,12,27.8,22.8,24.911688,318.29565,true,false,true,1.57542E9
19778768036015,1,13,29.9,24.9,0.0,0.0,false,false,false,1.57542E9
19778768036015,1,14,40.9,35.9,20.761066,126.17851,true,true,true,1.57542E9
19778768036015,1,17,32.4,27.4,24.384571,61.234203,true,true,true,1.57542E9
19778768036015,1,19,35.0,30.0,49.370075,29.61656,true,true,true,1.57542E9
19778768036015,1,21,30.3,25.3,17.518345,166.57326,true,true,true,1.57542E9
19778768036015,1,22,40.4,35.4,40.924557,115.49065,true,true,true,1.57542E9
19778768036015,1,24,31.0,26.0,37.151264,261.3042,true,true,true,1.57542E9
19778768036015,4,194,38.2,33.2,23.604813,97.0179,true,true,true,1.57542E9
19778768036015,4,195,34.9,29.9,32.21701,62.014374,true,true,true,1.57542E9
19778768036015,2,134,36.8,31.8,0.0,0.0,false,false,false,1.57542E9
19778768036015,3,9,39.9,34.9,81.66185,148.7656,false,false,true,1.600875E9
19778768036015,3,16,34.1,29.1,23.731276,147.23816,true,true,true,1.6014374E9
19778768036015,3,20,32.3,27.3,62.42595,279.15695,false,false,true,1.603125E9
19778768036015,3,19,25.9,20.9,41.452652,19.580093,true,true,true,1.6036876E9
19778768036015,3,21,26.2,21.2,24.81651,238.7768,true,true,true,1.60425E9
19778768036015,5,42,27.2,22.2,5.4120073,96.42543,true,false,true,1.561098E9
19778768036015,5,38,37.7,32.7,57.88874,19.09498,true,true,true,1.561098E9
19778768036015,5,37,29.2,24.2,34.58737,313.9813,true,true,true,1.561098E9
19778768036015,5,34,21.7,16.7,7.5157013,53.7543,false,true,true,1.561098E9
19778768036015,5,28,33.1,28.1,49.608406,267.31122,true,true,true,1.561098E9
19778768036015,5,27,26.8,21.8,10.455829,246.15868,true,true,true,1.561098E9
19778768036015,5,25,41.3,36.3,35.08738,157.25748,true,true,true,1.561098E9
19778768036015,5,23,40.3,35.3,76.25328,225.64455,true,true,true,1.561098E9
19778768036015,5,13,33.4,28.4,68.27135,320.29843,true,true,true,1.561098E9
19778768036015,5,10,23.1,18.1,15.663169,162.58145,true,false,true,1.561098E9
19778768036015,5,9,27.4,22.4,22.402777,145.66512,true,false,true,1.561098E9
19778768036015,5,8,40.7,35.7,37.18223,48.354237,true,true,true,1.561098E9
19778768036015,5,7,23.1,18.1,5.805762,160.23549,true,false,true,1.561098E9
19778768036015,5,6,38.4,33.4,30.446934,119.6433,true,true,true,1.561098E9
19778768036015,5,3,39.2,34.2,39.472725,128.12805,false,false,true,1.561098E9
19778768036015,5,2,36.7,31.7,54.25361,175.11227,true,false,true,1.561098E9
19778768036015,5,1,40.7,35.7,15.824988,103.63155,true,false,true,1.561098E9
19778768036015,6,2,39.2,34.2,62.250828,82.92751,true,true,true,1.57542E9
19778768036015,6,15,30.9,25.9,27.57418,209.54988,true,true,true,1.57542E9
19778768036015,6,18,41.3,36.3,64.119026,3.246301,true,false,true,1.57542E9
19778768036015,6,25,43.5,38.5,13.91123,117.40616,true,true,true,1.57542E9
19778768036015,6,27,21.8,16.8,4.5813794,309.61627,false,false,true,1.57542E9
19778768036015,6,30,30.3,25.3,49.2451,329.32602,true,true,true,1.57542E9
19778768036015,6,34,30.3,25.3,79.044205,171.68158,true,true,true,1.57542E9
19778768036015,6,36,37.0,32.0,41.840115,41.710533,true,true,true,1.57542E9
19778768036015,1,6,30.6,25.6,71.82889,33.8546,true,true,true,1.17645E9
19778768036015,1,11,33.5,28.5,67.20751,221.2712,true,true,true,1.17645E9
19778768036015,1,14,32.1,27.1,20.761066,126.17851,true,true,true,1.17645E9
19778768036015,1,21,21.2,16.2,17.518345,166.57326,true,true,true,1.17645E9
19778768036015,1,24,22.5,17.5,37.151264,261.3042,true,true,true,1.17645E9
19778768036015,4,194,34.6,29.6,23.604813,97.0179,true,true,true,1.17645E9
19778768036015,4,195,28.2,23.2,32.21701,62.014374,true,true,true,1.17645E9
19778768036015,6,2,34.8,29.8,62.250828,82.92751,true,true,true,1.17645E9
19778768036015,6,15,18.0,13.0,27.57418,209.54988,true,true,true,1.17645E9
19778768036015,6,18,31.9,26.9,64.119026,3.246301,true,false,true,1.17645E9
19778768036015,6,25,29.9,24.9,13.91123,117.40616,true,true,true,1.17645E9
19778768036015,6,30,21.2,16.2,49.2451,329.32602,true,true,true,1.17645E9
19778768036015,6,34,23.6,18.6,79.044205,171.68158,true,true,true,1.17645E9
19778768036015,6,36,31.1,26.1,41.840115,41.710533,false,true,true,1.17645E9
19778768036015,5,23,27.4,22.4,76.25328,225.64455,true,true,true,1.17645E9
19778768036015,5,25,29.2,24.2,35.08738,157.25748,true,true,true,1.17645E9
19778768036015,5,27,21.1,16.1,10.455829,246.15868,true,true,true,1.17645E9
19778768036015,5,28,25.0,20.0,49.608406,267.31122,true,true,true,1.17645E9
19778768036015,5,37,25.6,20.6,34.58737,313.9813,true,true,true,1.17645E9
19778768036015,5,38,33.1,28.1,57.88874,19.09498,true,true,true,1.17645E9
19778768036015,5,42,19.4,14.4,5.4120073,96.42543,false,false,true,1.17645E9
19778768036015,5,23,38.5,33.5,76.25328,225.64455,true,true,true,1.57542E9
19778768036015,5,25,39.9,34.9,35.08738,157.25748,true,true,true,1.57542E9
19778768036015,5,27,23.0,18.0,10.455829,246.15868,true,true,true,1.57542E9
19778768036015,5,28,29.5,24.5,49.608406,267.31122,true,true,true,1.57542E9
19778768036015,5,34,12.2,7.2,7.5157013,53.7543,false,true,true,1.57542E9
19778768036015,5,37,27.7,22.7,34.58737,313.9813,true,true,true,1.57542E9
19778768036015,5,38,35.3,30.3,57.88874,19.09498,true,true,true,1.57542E9
19778768036015,5,42,26.4,21.4,5.4120073,96.42543,true,false,true,1.57542E9
19779771296327,1,6,39.3,34.3,71.82889,33.8546,true,true,true,1.57542E9
19779771296327,1,11,43.0,38.0,67.20751,221.2712,true,true,true,1.57542E9
19779771296327,1,12,28.5,23.5,24.911688,318.29565,true,false,true,1.57542E9
19779771296327,1,13,30.1,25.1,0.0,0.0,false,false,false,1.57542E9
19779771296327,1,14,37.3,32.3,20.761066,126.17851,true,true,true,1.57542E9
19779771296327,1,17,29.3,24.3,24.384571,61.234203,true,true,true,1.57542E9
19779771296327,1,19,40.1,35.1,49.370075,29.61656,true,true,true,1.57542E9
19779771296327,1,21,30.8,25.8,17.518345,166.57326,true,true,true,1.57542E9
19779771296327,1,22,41.4,36.4,40.924557,115.49065,true,true,true,1.57542E9
19779771296327,1,24,29.9,24.9,37.151264,261.3042,true,true,true,1.57542E9
19779771296327,4,194,38.1,33.1,23.604813,97.0179,true,true,true,1.57542E9
19779771296327,4,195,29.7,24.7,32.21701,62.014374,true,true,true,1.57542E9
19779771296327,2,134,37.4,32.4,0.0,0.0,false,false,false,1.57542E9
19779771296327,3,9,37.0,32.0,81.66185,148.7656,false,false,true,1.600875E9
19779771296327,3,16,28.5,23.5,23.731276,147.23816,true,true,true,1.6014374E9
19779771296327,3,20,32.8,27.8,62.42595,279.15695,false,false,true,1.603125E9
19779771296327,3,19,37.1,32.1,41.452652,19.580093,true,true,true,1.6036876E9
19779771296327,3,21,25.4,20.4,24.81651,238.7768,true,true,true,1.60425E9
19779771296327,5,42,30.2,25.2,5.4120073,96.42543,true,false,true,1.561098E9
19779771296327,5,38,37.8,32.8,57.88874,19.09498,true,true,true,1.561098E9
19779771296327,5,37,31.5,26.5,34.58737,313.9813,true,true,true,1.561098E9
19779771296327,5,34,21.7,16.7,7.5157013,53.7543,false,true,true,1.561098E9
19779771296327,5,28,38.8,33.8,49.608406,267.31122,true,true,true,1.561098E9
19779771296327,5,27,26.8,21.8,10.455829,246.15868,true,true,true,1.561098E9
19779771296327,5,25,40.1,35.1,35.08738,157.25748,true,true,true,1.561098E9
19779771296327,5,23,41.4,36.4,76.25328,225.64455,true,true,true,1.561098E9
19779771296327,5,14,28.2,23.2,2.695912,75.00786,false,false,true,1.561098E9
19779771296327,5,13,35.6,30.6,68.27135,320.29843,true,true,true,1.561098E9
19779771296327,5,10,26.6,21.6,15.663169,162.58145,true,false,true,1.561098E9
19779771296327,5,9,26.1,21.1,22.402777,145.66512,true,false,true,1.561098E9
19779771296327,5,8,35.7,30.7,37.18223,48.354237,true,true,true,1.561098E9
19779771296327,5,7,23.1,18.1,5.805762,160.23549,false,false,true,1.561098E9
19779771296327,5,6,38.9,33.9,30.446934,119.6433,true,true,true,1.561098E9
19779771296327,5,3,36.9,31.9,39.472725,128.12805,false,false,true,1.561098E9
19779771296327,5,2,37.3,32.3,54.25361,175.11227,true,false,true,1.561098E9
19779771296327,5,1,42.4,37.4,15.824988,103.63155,true,false,true,1.561098E9
19779771296327,6,2,39.2,34.2,62.250828,82.92751,true,true,true,1.57542E9
19779771296327,6,15,27.6,22.6,27.57418,209.54988,true,true,true,1.57542E9
19779771296327,6,18,42.5,37.5,64.119026,3.246301,true,false,true,1.57542E9
19779771296327,6,25,44.2,39.2,13.91123,117.40616,true,true,true,1.57542E9
19779771296327,6,27,21.8,16.8,4.5813794,309.61627,false,false,true,1.57542E9
19779771296327,6,30,37.9,32.9,49.2451,329.32602,true,true,true,1.57542E9
19779771296327,6,34,31.1,26.1,79.044205,171.68158,true,true,true,1.57542E9
19779771296327,6,36,35.2,30.2,41.840115,41.710533,true,true,true,1.57542E9
19779771296327,1,6,29.7,24.7,71.82889,33.8546,true,true,true,1.17645E9
19779771296327,1,11,32.7,27.7,67.20751,221.2712,true,true,true,1.17645E9
19779771296327,1,14,31.7,26.7,20.761066,126.17851,true,true,true,1.17645E9
19779771296327,1,21,26.4,21.4,17.518345,166.57326,true,true,true,1.17645E9
19779771296327,1,24,25.1,20.1,37.151264,261.3042,true,true,true,1.17645E9
19779771296327,4,194,32.0,27.0,23.604813,97.0179,true,true,true,1.17645E9
19779771296327,4,195,20.7,15.7,32.21701,62.014374,true,true,true,1.17645E9
19779771296327,6,2,34.4,29.4,62.250828,82.92751,true,true,true,1.17645E9
19779771296327,6,15,22.2,17.2,27.57418,209.54988,true,true,true,1.17645E9
19779771296327,6,18,30.1,25.1,64.119026,3.246301,true,false,true,1.17645E9
19779771296327,6,25,31.0,26.0,13.91123,117.40616,true,true,true,1.17645E9
19779771296327,6,30,23.9,18.9,49.2451,329.32602,true,true,true,1.17645E9
19779771296327,6,34,24.7,19.7,79.044205,171.68158,true,true,true,1.17645E9
19779771296327,6,36,26.1,21.1,41.840115,41.710533,true,true,true,1.17645E9
19779771296327,5,23,27.7,22.7,76.25328,225.64455,true,true,true,1.17645E9
19779771296327,5,25,25.9,20.9,35.08738,157.25748,true,true,true,1.17645E9
19779771296327,5,27,21.1,16.1,10.455829,246.15868,true,true,true,1.17645E9
19779771296327,5,28,28.2,23.2,49.608406,267.31122,true,true,true,1.17645E9
19779771296327,5,37,25.8,20.8,34.58737,313.9813,true,true,true,1.17645E9
19779771296327,5,38,29.3,24.3,57.88874,19.09498,true,true,true,1.17645E9
19779771296327,5,42,19.4,14.4,5.4120073,96.42543,true,false,true,1.17645E9
19779771296327,5,23,40.0,35.0,76.25328,225.64455,true,true,true,1.57542E9
19779771296327,5,25,38.4,33.4,35.08738,157.25748,true,true,true,1.57542E9
19779771296327,5,27,23.0,18.0,10.455829,246.15868,false,true,true,1.57542E9
19779771296327,5,28,35.6,30.6,49.608406,267.31122,true,true,true,1.57542E9
19779771296327,5,34,12.2,7.2,7.5157013,53.7543,false,true,true,1.57542E9
19779771296327,5,37,27.4,22.4,34.58737,313.9813,true,true,true,1.57542E9
19779771296327,5,38,36.5,31.5,57.88874,19.09498,true,true,true,1.57542E9
19779771296327,5,42,30.6,25.6,5.4120073,96.42543,true,false,true,1.57542E9
19780765181952,1,6,41.0,36.0,71.82889,33.8546,true,true,true,1.57542E9
19780765181952,1,11,40.6,35.6,67.20751,221.2712,true,true,true,1.57542E9
19780765181952,1,12,35.2,30.2,24.911688,318.29565,true,false,true,1.57542E9
19780765181952,1,13,37.3,32.3,0.0,0.0,false,false,false,1.57542E9
19780765181952,1,14,43.5,38.5,20.761066,126.17851,true,true,true,1.57542E9
19780765181952,1,17,32.9,27.9,24.384571,61.234203,true,true,true,1.57542E9
19780765181952,1,19,39.6,34.6,49.370075,29.61656,true,true,true,1.57542E9
19780765181952,1,21,28.9,23.9,17.518345,166.57326,true,true,true,1.57542E9
19780765181952,1,22,39.4,34.4,40.924557,115.49065,true,true,true,1.57542E9
19780765181952,1,24,30.4,25.4,37.151264,261.3042,true,true,true,1.57542E9
19780765181952,4,194,39.2,34.2,23.604813,97.0179,true,true,true,1.57542E9
19780765181952,4,195,32.9,27.9,32.21701,62.014374,true,true,true,1.57542E9
19780765181952,2,134,39.0,34.0,0.0,0.0,false,false,false,1.57542E9
19780765181952,3,9,35.0,30.0,81.66185,148.7656,false,false,true,1.600875E9
19780765181952,3,16,34.0,29.0,23.731276,147.23816,true,true,true,1.6014374E9
19780765181952,3,20,32.3,27.3,62.42595,279.15695,false,false,true,1.603125E9
19780765181952,3,19,30.3,25.3,41.452652,19.580093,true,true,true,1.6036876E9
19780765181952,3,21,30.5,25.5,24.81651,238.7768,true,true,true,1.60425E9
19780765181952,5,42,31.9,26.9,5.4120073,96.42543,true,false,true,1.561098E9
19780765181952,5,38,32.5,27.5,57.88874,19.09498,true,true,true,1.561098E9
19780765181952,5,37,39.3,34.3,34.58737,313.9813,true,true,true,1.561098E9
19780765181952,5,28,38.7,33.7,49.608406,267.31122,true,true,true,1.561098E9
19780765181952,5,27,26.8,21.8,10.455829,246.15868,true,true,true,1.561098E9
19780765181952,5,25,30.9,25.9,35.08738,157.25748,true,true,true,1.561098E9
19780765181952,5,23,41.0,36.0,76.25328,225.64455,true,true,true,1.561098E9
19780765181952,5,14,25.2,20.2,2.695912,75.00786,false,false,true,1.561098E9
19780765181952,5,13,38.7,33.7,68.27135,320.29843,true,true,true,1.561098E9
19780765181952,5,10,27.5,22.5,15.663169,162.58145,true,false,true,1.561098E9
19780765181952,5,9,31.9,26.9,22.402777,145.66512,true,false,true,1.561098E9
19780765181952,5,8,29.8,24.8,37.18223,48.354237,true,true,true,1.561098E9
19780765181952,5,7,23.1,18.1,5.805762,160.23549,false,false,true,1.561098E9
19780765181952,5,6,41.1,36.1,30.446934,119.6433,true,true,true,1.561098E9
19780765181952,5,3,39.8,34.8,39.472725,128.12805,false,false,true,1.561098E9
19780765181952,5,2,36.5,31.5,54.25361,175.11227,true,false,true,1.561098E9
19780765181952,5,1,40.5,35.5,15.824988,103.63155,true,false,true,1.561098E9
19780765181952,6,2,38.3,33.3,62.250828,82.92751,true,true,true,1.57542E9
19780765181952,6,15,24.0,19.0,27.57418,209.54988,true,true,true,1.57542E9
19780765181952,6,18,42.8,37.8,64.119026,3.246301,true,false,true,1.57542E9
19780765181952,6,25,41.1,36.1,13.91123,117.40616,true,true,true,1.57542E9
19780765181952,6,27,21.8,16.8,4.5813794,309.61627,false,false,true,1.57542E9
19780765181952,6,30,35.9,30.9,49.2451,329.32602,true,true,true,1.57542E9
19780765181952,6,34,36.6,31.6,79.044205,171.68158,true,true,true,1.57542E9
19780765181952,6,36,30.7,25.7,41.840115,41.710533,true,true,true,1.57542E9
19780765181952,1,6,30.5,25.5,71.82889,33.8546,true,true,true,1.17645E9
19780765181952,1,11,30.7,25.7,67.20751,221.2712,true,true,true,1.17645E9
19780765181952,1,14,35.3,30.3,20.761066,126.17851,true,true,true,1.17645E9
19780765181952,1,21,26.4,21.4,17.518345,166.57326,true,true,true,1.17645E9
19780765181952,1,24,25.8,20.8,37.151264,261.3042,true,true,true,1.17645E9
19780765181952,4,194,28.9,23.9,23.604813,97.0179,true,true,true,1.17645E9
19780765181952,4,195,22.7,17.7,32.21701,62.014374,true,true,true,1.17645E9
19780765181952,6,2,30.4,25.4,62.250828,82.92751,true,true,true,1.17645E9
19780765181952,6,15,22.2,17.2,27.57418,209.54988,true,true,true,1.17645E9
19780765181952,6,18,27.2,22.2,64.119026,3.246301,true,false,true,1.17645E9
19780765181952,6,25,30.3,25.3,13.91123,117.40616,true,true,true,1.17645E9
19780765181952,6,30,26.7,21.7,49.2451,329.32602,true,true,true,1.17645E9
19780765181952,6,34,27.8,22.8,79.044205,171.68158,true,true,true,1.17645E9
19780765181952,6,36,24.1,19.1,41.840115,41.710533,true,true,true,1.17645E9
19780765181952,5,23,28.1,23.1,76.25328,225.64455,true,true,true,1.17645E9
19780765181952,5,25,21.9,16.9,35.08738,157.25748,true,true,true,1.17645E9
19780765181952,5,27,21.1,16.1,10.455829,246.15868,true,true,true,1.17645E9
19780765181952,5,28,27.7,22.7,49.608406,267.31122,true,true,true,1.17645E9
19780765181952,5,37,31.1,26.1,34.58737,313.9813,true,true,true,1.17645E9
19780765181952,5,38,32.6,27.6,57.88874,19.09498,true,true,true,1.17645E9
19780765181952,5,42,19.4,14.4,5.4120073,96.42543,true,false,true,1.17645E9
19780765181952,5,23,38.7,33.7,76.25328,225.64455,true,true,true,1.57542E9
19780765181952,5,25,29.4,24.4,35.08738,157.25748,true,true,true,1.57542E9
19780765181952,5,27,22.7,17.7,10.455829,246.15868,false,true,true,1.57542E9
19780765181952,5,28,35.6,30.6,49.608406,267.31122,true,true,true,1.57542E9
19780765181952,5,34,12.2,7.2,7.5157013,53.7543,false,true,true,1.57542E9
19780765181952,5,37,39.0,34.0,34.58737,313.9813,true,true,true,1.57542E9
19780765181952,5,38,32.3,27.3,57.88874,19.09498,true,true,true,1.57542E9
19780765181952,5,42,30.4,25.4,5.4120073,96.42543,true,false,true,1.57542E9
19781766304295,1,6,41.7,36.7,71.82889,33.8546,true,true,true,1.57542E9
19781766304295,1,11,36.1,31.1,67.20751,221.2712,true,true,true,1.57542E9
19781766304295,1,12,38.3,33.3,24.911688,318.29565,true,false,true,1.57542E9
19781766304295,1,13,36.5,31.5,0.0,0.0,false,false,false,1.57542E9
19781766304295,1,14,46.7,41.7,20.761066,126.17851,true,true,true,1.57542E9
19781766304295,1,17,29.2,24.2,24.384571,61.234203,true,true,true,1.57542E9
19781766304295,1,19,32.1,27.1,49.370075,29.61656,true,true,true,1.57542E9
19781766304295,1,21,29.0,24.0,17.518345,166.57326,true,true,true,1.57542E9
19781766304295,1,22,45.0,40.0,40.924557,115.49065,true,true,true,1.57542E9
19781766304295,1,24,32.9,27.9,37.151264,261.3042,true,true,true,1.57542E9
19781766304295,4,194,38.2,33.2,23.604813,97.0179,true,true,true,1.57542E9
19781766304295,4,195,32.7,27.7,32.21701,62.014374,true,true,true,1.57542E9
19781766304295,2,134,34.3,29.3,0.0,0.0,false,false,false,1.57542E9
19781766304295,3,9,36.8,31.8,81.66185,148.7656,false,false,true,1.600875E9
19781766304295,3,16,42.1,37.1,23.731276,147.23816,true,true,true,1.6014374E9
19781766304295,3,20,32.0,27.0,62.42595,279.15695,false,false,true,1.603125E9
19781766304295,3,19,27.7,22.7,41.452652,19.580093,true,true,true,1.6036876E9
19781766304295,3,21,28.5,23.5,24.81651,238.7768,true,true,true,1.60425E9
19781766304295,5,42,32.5,27.5,5.4120073,96.42543,true,false,true,1.561098E9
19781766304295,5,38,34.4,29.4,57.88874,19.09498,true,true,true,1.561098E9
19781766304295,5,37,38.7,33.7,34.58737,313.9813,true,true,true,1.561098E9
19781766304295,5,34,28.8,23.8,7.5157013,53.7543,false,true,true,1.561098E9
19781766304295,5,28,40.0,35.0,49.608406,267.31122,true,true,true,1.561098E9
19781766304295,5,27,26.2,21.2,10.455829,246.15868,true,true,true,1.561098E9
19781766304295,5,25,32.5,27.5,35.08738,157.25748,true,true,true,1.561098E9
19781766304295,5,23,39.3,34.3,76.25328,225.64455,true,true,true,1.561098E9
19781766304295,5,14,22.5,17.5,2.695912,75.00786,false,false,true,1.561098E9
19781766304295,5,13,42.4,37.4,68.27135,320.29843,true,true,true,1.561098E9
19781766304295,5,10,28.9,23.9,15.663169,162.58145,true,false,true,1.561098E9
19781766304295,5,9,39.6,34.6,22.402777,145.66512,true,false,true,1.561098E9
19781766304295,5,8,30.8,25.8,37.18223,48.354237,true,true,true,1.561098E9
19781766304295,5,7,19.4,14.4,5.805762,160.23549,false,false,true,1.561098E9
19781766304295,5,6,43.8,38.8,30.446934,119.6433,true,true,true,1.561098E9
19781766304295,5,3,43.2,38.2,39.472725,128.12805,false,false,true,1.561098E9
19781766304295,5,2,33.0,28.0,54.25361,175.11227,true,false,true,1.561098E9
19781766304295,5,1,36.3,31.3,15.824988,103.63155,true,false,true,1.561098E9
19781766304295,6,2,40.9,35.9,62.250828,82.92751,true,true,true,1.57542E9
19781766304295,6,15,22.7,17.7,27.57418,209.54988,true,true,true,1.57542E9
19781766304295,6,18,39.1,34.1,64.119026,3.246301,true,false,true,1.57542E9
19781766304295,6,25,39.5,34.5,13.91123,117.40616,true,true,true,1.57542E9
19781766304295,6,27,21.8,16.8,4.5813794,309.61627,false,false,true,1.57542E9
19781766304295,6,30,42.5,37.5,49.2451,329.32602,true,true,true,1.57542E9
19781766304295,6,34,37.2,32.2,79.044205,171.68158,true,true,true,1.57542E9
19781766304295,6,36,27.0,22.0,41.840115,41.710533,true,true,true,1.57542E9
19781766304295,1,6,29.9,24.9,71.82889,33.8546,true,true,true,1.17645E9
19781766304295,1,11,26.2,21.2,67.20751,221.2712,true,true,true,1.17645E9
19781766304295,1,14,37.3,32.3,20.761066,126.17851,true,true,true,1.17645E9
19781766304295,1,21,18.7,13.7,17.518345,166.57326,true,true,true,1.17645E9
19781766304295,1,24,28.9,23.9,37.151264,261.3042,true,true,true,1.17645E9
19781766304295,4,194,27.9,22.9,23.604813,97.0179,true,true,true,1.17645E9
19781766304295,4,195,22.9,17.9,32.21701,62.014374,true,true,true,1.17645E9
19781766304295,6,2,33.1,28.1,62.250828,82.92751,true,true,true,1.17645E9
19781766304295,6,15,22.2,17.2,27.57418,209.54988,true,true,true,1.17645E9
19781766304295,6,18,33.1,28.1,64.119026,3.246301,true,false,true,1.17645E9
19781766304295,6,25,31.2,26.2,13.91123,117.40616,true,true,true,1.17645E9
19781766304295,6,30,27.0,22.0,49.2451,329.32602,true,true,true,1.17645E9
19781766304295,6,34,26.0,21.0,79.044205,171.68158,true,true,true,1.17645E9
19781766304295,6,36,26.1,21.1,41.840115,41.710533,true,true,true,1.17645E9
19781766304295,5,23,27.0,22.0,76.25328,225.64455,true,true,true,1.17645E9
19781766304295,5,25,25.0,20.0,35.08738,157.25748,true,true,true,1.17645E9
19781766304295,5,27,21.1,16.1,10.455829,246.15868,true,true,true,1.17645E9
19781766304295,5,28,24.5,19.5,49.608406,267.31122,true,true,true,1.17645E9
19781766304295,5,37,30.5,25.5,34.58737,313.9813,true,true,true,1.17645E9
19781766304295,5,38,28.0,23.0,57.88874,19.09498,true,true,true,1.17645E9
19781766304295,5,42,18.0,13.0,5.4120073,96.42543,true,false,true,1.17645E9
19781766304295,5,23,37.6,32.6,76.25328,225.64455,true,true,true,1.57542E9
19781766304295,5,25,28.8,23.8,35.08738,157.25748,true,true,true,1.57542E9
19781766304295,5,27,23.1,18.1,10.455829,246.15868,false,true,true,1.57542E9
19781766304295,5,28,38.4,33.4,49.608406,267.31122,true,true,true,1.57542E9
19781766304295,5,34,27.5,22.5,7.5157013,53.7543,false,true,true,1.57542E9
19781766304295,5,37,38.2,33.2,34.58737,313.9813,true,true,true,1.57542E9
19781766304295,5,38,34.2,29.2,57.88874,19.09498,true,true,true,1.57542E9
19781766304295,5,42,32.8,27.8,5.4120073,96.42543,true,false,true,1.57542E9
19782772049087,1,6,39.9,34.9,71.82889,33.8546,true,true,true,1.57542E9
19782772049087,1,11,33.7,28.7,67.20751,221.2712,true,true,true,1.57542E9
19782772049087,1,12,36.5,31.5,24.911688,318.29565,true,false,true,1.57542E9
19782772049087,1,13,31.2,26.2,0.0,0.0,false,false,false,1.57542E9
19782772049087,1,14,42.6,37.6,20.761066,126.17851,true,true,true,1.57542E9
19782772049087,1,17,41.8,36.8,24.384571,61.234203,true,true,true,1.57542E9
19782772049087,1,19,32.9,27.9,49.370075,29.61656,true,true,true,1.57542E9
19782772049087,1,21,28.8,23.8,17.518345,166.57326,true,true,true,1.57542E9
19782772049087,1,22,45.6,40.6,40.924557,115.49065,true,true,true,1.57542E9
19782772049087,1,24,35.7,30.7,37.151264,261.3042,true,true,true,1.57542E9
19782772049087,4,194,38.5,33.5,23.604813,97.0179,true,true,true,1.57542E9
19782772049087,4,195,37.0,32.0,32.21701,62.014374,true,true,true,1.57542E9
19782772049087,2,134,33.4,28.4,0.0,0.0,false,false,false,1.57542E9
19782772049087,3,9,36.3,31.3,81.66185,148.7656,false,false,true,1.600875E9
19782772049087,3,16,43.6,38.6,23.731276,147.23816,true,true,true,1.6014374E9
19782772049087,3,20,32.1,27.1,62.42595,279.15695,false,false,true,1.603125E9
19782772049087,3,19,29.3,24.3,41.452652,19.580093,true,true,true,1.6036876E9
19782772049087,3,21,26.8,21.8,24.81651,238.7768,true,true,true,1.60425E9
19782772049087,5,42,28.3,23.3,5.4120073,96.42543,true,false,true,1.561098E9
19782772049087,5,38,33.1,28.1,57.88874,19.09498,true,true,true,1.561098E9
19782772049087,5,37,37.4,32.4,34.58737,313.9813,true,true,true,1.561098E9
19782772049087,5,34,27.1,22.1,7.5157013,53.7543,true,true,true,1.561098E9
19782772049087,5,28,40.0,35.0,49.608406,267.31122,true,true,true,1.561098E9
19782772049087,5,27,26.2,21.2,10.455829,246.15868,true,true,true,1.561098E9
19782772049087,5,25,39.6,34.6,35.08738,157.25748,true,true,true,1.561098E9
19782772049087,5,23,40.4,35.4,76.25328,225.64455,true,true,true,1.561098E9
19782772049087,5,14,25.5,20.5,2.695912,75.00786,false,false,true,1.561098E9
19782772049087,5,13,42.7,37.7,68.27135,320.29843,true,true,true,1.561098E9
19782772049087,5,10,28.2,23.2,15.663169,162.58145,true,false,true,1.561098E9
19782772049087,5,9,41.1,36.1,22.402777,145.66512,true,false,true,1.561098E9
19782772049087,5,8,30.0,25.0,37.18223,48.354237,true,true,true,1.561098E9
19782772049087,5,7,19.4,14.4,5.805762,160.23549,false,false,true,1.561098E9
19782772049087,5,6,43.3,38.3,30.446934,119.6433,true,true,true,1.561098E9
19782772049087,5,3,38.7,33.7,39.472725,128.12805,false,false,true,1.561098E9
19782772049087,5,2,36.5,31.5,54.25361,175.11227,true,false,true,1.561098E9
19782772049087,5,1,36.9,31.9,15.824988,103.63155,true,false,true,1.561098E9
19782772049087,6,2,42.1,37.1,62.250828,82.92751,true,true,true,1.57542E9
19782772049087,6,15,24.1,19.1,27.57418,209.54988,true,true,true,1.57542E9
19782772049087,6,18,35.8,30.8,64.119026,3.246301,true,false,true,1.57542E9
19782772049087,6,25,34.9,29.9,13.91123,117.40616,true,true,true,1.57542E9
19782772049087,6,27,21.8,16.8,4.5813794,309.61627,false,false,true,1.57542E9
19782772049087,6,30,33.1,28.1,49.2451,329.32602,true,true,true,1.57542E9
19782772049087,6,34,37.2,32.2,79.044205,171.68158,true,true,true,1.57542E9
19782772049087,6,36,27.5,22.5,41.840115,41.710533,true,true,true,1.57542E9
19782772049087,1,6,30.1,25.1,71.82889,33.8546,true,true,true,1.17645E9
19782772049087,1,11,26.7,21.7,67.20751,221.2712,true,true,true,1.17645E9
19782772049087,1,14,36.2,31.2,20.761066,126.17851,true,true,true,1.17645E9
19782772049087,1,21,21.3,16.3,17.518345,166.57326,true,true,true,1.17645E9
19782772049087,1,24,28.3,23.3,37.151264,261.3042,true,true,true,1.17645E9
19782772049087,4,194,29.4,24.4,23.604813,97.0179,true,true,true,1.17645E9
19782772049087,4,195,22.7,17.7,32.21701,62.014374,true,true,true,1.17645E9
19782772049087,6,2,33.4,28.4,62.250828,82.92751,true,true,true,1.17645E9
19782772049087,6,15,17.9,12.9,27.57418,209.54988,true,true,true,1.17645E9
19782772049087,6,18,26.8,21.8,64.119026,3.246301,true,false,true,1.17645E9
19782772049087,6,25,25.4,20.4,13.91123,117.40616,true,true,true,1.17645E9
19782772049087,6,30,27.0,22.0,49.2451,329.32602,true,true,true,1.17645E9
19782772049087,6,34,26.0,21.0,79.044205,171.68158,true,true,true,1.17645E9
19782772049087,6,36,22.8,17.8,41.840115,41.710533,true,true,true,1.17645E9
19782772049087,5,23,25.4,20.4,76.25328,225.64455,true,true,true,1.17645E9
19782772049087,5,25,27.5,22.5,35.08738,157.25748,true,true,true,1.17645E9
19782772049087,5,27,21.1,16.1,10.455829,246.15868,false,true,true,1.17645E9
19782772049087,5,28,20.5,15.5,49.608406,267.31122,true,true,true,1.17645E9
19782772049087,5,37,27.2,22.2,34.58737,313.9813,true,true,true,1.17645E9
19782772049087,5,38,27.3,22.3,57.88874,19.09498,true,true,true,1.17645E9
19782772049087,5,42,18.0,13.0,5.4120073,96.42543,true,false,true,1.17645E9
19782772049087,5,23,38.9,33.9,76.25328,225.64455,true,true,true,1.57542E9
19782772049087,5,25,36.6,31.6,35.08738,157.25748,true,true,true,1.57542E9
19782772049087,5,27,25.2,20.2,10.455829,246.15868,false,true,true,1.57542E9
19782772049087,5,28,38.4,33.4,49.608406,267.31122,true,true,true,1.57542E9
19782772049087,5,34,24.0,19.0,7.5157013,53.7543,true,true,true,1.57542E9
19782772049087,5,37,36.3,31.3,34.58737,313.9813,true,true,true,1.57542E9
19782772049087,5,38,30.2,25.2,57.88874,19.09498,true,true,true,1.57542E9
19782772049087,5,42,25.5,20.5,5.4120073,96.42543,true,false,true,1.57542E9
19783766248357,1,6,34.0,29.0,71.82889,33.8546,true,true,true,1.57542E9
19783766248357,1,11,33.1,28.1,67.20751,221.2712,true,true,true,1.57542E9
19783766248357,1,13,26.8,21.8,0.0,0.0,false,false,false,1.57542E9
19783766248357,1,14,40.9,35.9,20.761066,126.17851,true,true,true,1.57542E9
19783766248357,1,17,44.6,39.6,24.384571,61.234203,true,true,true,1.57542E9
19783766248357,1,19,32.6,27.6,49.370075,29.61656,true,true,true,1.57542E9
19783766248357,1,21,35.5,30.5,17.518345,166.57326,true,true,true,1.57542E9
19783766248357,1,22,39.9,34.9,40.924557,115.49065,true,true,true,1.57542E9
19783766248357,1,24,37.3,32.3,37.151264,261.3042,true,true,true,1.57542E9
19783766248357,4,194,35.4,30.4,23.604813,97.0179,true,true,true,1.57542E9
19783766248357,4,195,43.5,38.5,32.21701,62.014374,true,true,true,1.57542E9
19783766248357,2,134,33.4,28.4,0.0,0.0,false,false,false,1.57542E9
19783766248357,3,9,35.0,30.0,81.66185,148.7656,false,false,true,1.600875E9
19783766248357,3,16,40.3,35.3,23.731276,147.23816,true,true,true,1.6014374E9
19783766248357,3,20,32.7,27.7,62.42595,279.15695,false,false,true,1.603125E9
19783766248357,3,19,31.2,26.2,41.452652,19.580093,true,true,true,1.6036876E9
19783766248357,3,21,28.8,23.8,24.81651,238.7768,true,true,true,1.60425E9
19783766248357,5,42,26.1,21.1,5.4120073,96.42543,true,false,true,1.561098E9
19783766248357,5,38,31.1,26.1,57.88874,19.09498,true,true,true,1.561098E9
19783766248357,5,37,28.6,23.6,34.58737,313.9813,true,true,true,1.561098E9
19783766248357,5,34,25.9,20.9,7.5157013,53.7543,true,true,true,1.561098E9
19783766248357,5,28,36.7,31.7,49.608406,267.31122,true,true,true,1.561098E9
19783766248357,5,27,31.3,26.3,10.455829,246.15868,true,true,true,1.561098E9
19783766248357,5,25,40.2,35.2,35.08738,157.25748,true,true,true,1.561098E9
19783766248357,5,23,40.6,35.6,76.25328,225.64455,true,true,true,1.561098E9
19783766248357,5,14,28.3,23.3,2.695912,75.00786,false,false,true,1.561098E9
19783766248357,5,13,34.5,29.5,68.27135,320.29843,true,true,true,1.561098E9
19783766248357,5,10,34.0,29.0,15.663169,162.58145,true,false,true,1.561098E9
19783766248357,5,9,38.0,33.0,22.402777,145.66512,true,false,true,1.561098E9
19783766248357,5,8,37.2,32.2,37.18223,48.354237,true,true,true,1.561098E9
19783766248357,5,7,19.4,14.4,5.805762,160.23549,false,false,true,1.561098E9
19783766248357,5,6,38.0,33.0,30.446934,119.6433,true,true,true,1.561098E9
19783766248357,5,3,38.7,33.7,39.472725,128.12805,false,false,true,1.561098E9
19783766248357,5,2,38.8,33.8,54.25361,175.11227,true,false,true,1.561098E9
19783766248357,5,1,33.6,28.6,15.824988,103.63155,true,false,true,1.561098E9
19783766248357,6,2,40.8,35.8,62.250828,82.92751,true,true,true,1.57542E9
19783766248357,6,15,29.5,24.5,27.57418,209.54988,true,true,true,1.57542E9
19783766248357,6,18,29.6,24.6,64.119026,3.246301,true,false,true,1.57542E9
19783766248357,6,25,40.7,35.7,13.91123,117.40616,true,true,true,1.57542E9
19783766248357,6,27,21.8,16.8,4.5813794,309.61627,false,false,true,1.57542E9
19783766248357,6,30,25.2,20.2,49.2451,329.32602,true,true,true,1.57542E9
19783766248357,6,34,37.3,32.3,79.044205,171.68158,true,true,true,1.57542E9
19783766248357,6,36,31.5,26.5,41.840115,41.710533,true,true,true,1.57542E9
19783766248357,1,6,21.8,16.8,71.82889,33.8546,true,true,true,1.17645E9
19783766248357,1,11,29.4,24.4,67.20751,221.2712,true,true,true,1.17645E9
19783766248357,1,14,30.9,25.9,20.761066,126.17851,true,true,true,1.17645E9
19783766248357,1,21,28.0,23.0,17.518345,166.57326,true,true,true,1.17645E9
19783766248357,1,24,34.4,29.4,37.151264,261.3042,true,true,true,1.17645E9
19783766248357,4,194,28.1,23.1,23.604813,97.0179,true,true,true,1.17645E9
19783766248357,4,195,24.7,19.7,32.21701,62.014374,true,true,true,1.17645E9
19783766248357,6,2,34.7,29.7,62.250828,82.92751,true,true,true,1.17645E9
19783766248357,6,15,21.7,16.7,27.57418,209.54988,true,true,true,1.17645E9
19783766248357,6,18,24.1,19.1,64.119026,3.246301,true,false,true,1.17645E9
19783766248357,6,25,29.4,24.4,13.91123,117.40616,true,true,true,1.17645E9
19783766248357,6,30,18.6,13.6,49.2451,329.32602,true,true,true,1.17645E9
19783766248357,6,34,23.4,18.4,79.044205,171.68158,true,true,true,1.17645E9
19783766248357,6,36,30.6,25.6,41.840115,41.710533,true,true,true,1.17645E9
19783766248357,5,23,24.6,19.6,76.25328,225.64455,true,true,true,1.17645E9
19783766248357,5,25,29.8,24.8,35.08738,157.25748,true,true,true,1.17645E9
19783766248357,5,27,21.1,16.1,10.455829,246.15868,false,true,true,1.17645E9
19783766248357,5,28,20.5,15.5,49.608406,267.31122,true,true,true,1.17645E9
19783766248357,5,37,21.0,16.0,34.58737,313.9813,true,true,true,1.17645E9
19783766248357,5,38,24.3,19.3,57.88874,19.09498,true,true,true,1.17645E9
19783766248357,5,42,19.0,14.0,5.4120073,96.42543,true,false,true,1.17645E9
19783766248357,5,23,39.6,34.6,76.25328,225.64455,true,true,true,1.57542E9
19783766248357,5,25,38.5,33.5,35.08738,157.25748,true,true,true,1.57542E9
19783766248357,5,27,28.9,23.9,10.455829,246.15868,true,true,true,1.57542E9
19783766248357,5,28,34.4,29.4,49.608406,267.31122,true,true,true,1.57542E9
19783766248357,5,34,23.5,18.5,7.5157013,53.7543,true,true,true,1.57542E9
19783766248357,5,37,24.7,19.7,34.58737,313.9813,true,true,true,1.57542E9
19783766248357,5,38,26.9,21.9,57.88874,19.09498,true,true,true,1.57542E9
19783766248357,5,42,22.0,17.0,5.4120073,96.42543,true,false,true,1.57542E9
19784771128201,1,6,37.6,32.6,71.82889,33.8546,true,true,true,1.57542E9
19784771128201,1,11,30.9,25.9,67.20751,221.2712,true,true,true,1.57542E9
19784771128201,1,13,26.8,21.8,0.0,0.0,false,false,false,1.57542E9
19784771128201,1,14,37.0,32.0,20.761066,126.17851,true,true,true,1.57542E9
19784771128201,1,17,42.4,37.4,24.384571,61.234203,true,true,true,1.57542E9
19784771128201,1,19,35.5,30.5,49.370075,29.61656,true,true,true,1.57542E9
19784771128201,1,21,36.3,31.3,17.518345,166.57326,true,true,true,1.57542E9
19784771128201,1,22,38.3,33.3,40.924557,115.49065,true,true,true,1.57542E9
19784771128201,1,24,31.3,26.3,37.151264,261.3042,true,true,true,1.57542E9
19784771128201,4,194,34.6,29.6,23.604813,97.0179,true,true,true,1.57542E9
19784771128201,4,195,42.1,37.1,32.21701,62.014374,true,true,true,1.57542E9
19784771128201,2,134,34.0,29.0,0.0,0.0,false,false,false,1.57542E9
19784771128201,3,9,39.0,34.0,81.66185,148.7656,false,false,true,1.600875E9
19784771128201,3,16,35.1,30.1,23.731276,147.23816,true,true,true,1.6014374E9
19784771128201,3,20,31.0,26.0,62.42595,279.15695,false,false,true,1.603125E9
19784771128201,3,19,34.3,29.3,41.452652,19.580093,true,true,true,1.6036876E9
19784771128201,3,21,28.2,23.2,24.81651,238.7768,true,true,true,1.60425E9
19784771128201,5,42,28.1,23.1,5.4120073,96.42543,true,false,true,1.561098E9
19784771128201,5,38,37.2,32.2,57.88874,19.09498,true,true,true,1.561098E9
19784771128201,5,37,26.6,21.6,34.58737,313.9813,true,true,true,1.561098E9
19784771128201,5,34,25.2,20.2,7.5157013,53.7543,true,true,true,1.561098E9
19784771128201,5,28,32.9,27.9,49.608406,267.31122,true,true,true,1.561098E9
19784771128201,5,27,29.1,24.1,10.455829,246.15868,true,true,true,1.561098E9
19784771128201,5,25,37.3,32.3,35.08738,157.25748,true,true,true,1.561098E9
19784771128201,5,23,40.0,35.0,76.25328,225.64455,true,true,true,1.561098E9
19784771128201,5,14,28.3,23.3,2.695912,75.00786,false,false,true,1.561098E9
19784771128201,5,13,36.6,31.6,68.27135,320.29843,true,true,true,1.561098E9
19784771128201,5,10,37.0,32.0,15.663169,162.58145,true,false,true,1.561098E9
19784771128201,5,9,31.5,26.5,22.402777,145.66512,true,false,true,1.561098E9
19784771128201,5,8,38.3,33.3,37.18223,48.354237,true,true,true,1.561098E9
19784771128201,5,7,21.3,16.3,5.805762,160.23549,false,false,true,1.561098E9
19784771128201,5,6,35.7,30.7,30.446934,119.6433,true,true,true,1.561098E9
19784771128201,5,3,37.9,32.9,39.472725,128.12805,false,false,true,1.561098E9
19784771128201,5,2,35.7,30.7,54.25361,175.11227,true,false,true,1.561098E9
19784771128201,5,1,35.0,30.0,15.824988,103.63155,true,false,true,1.561098E9
19784771128201,6,2,43.7,38.7,62.250828,82.92751,true,true,true,1.57542E9
19784771128201,6,15,31.7,26.7,27.57418,209.54988,true,true,true,1.57542E9
19784771128201,6,18,38.8,33.8,64.119026,3.246301,true,false,true,1.57542E9
19784771128201,6,25,35.5,30.5,13.91123,117.40616,true,true,true,1.57542E9
19784771128201,6,27,21.8,16.8,4.5813794,309.61627,false,false,true,1.57542E9
19784771128201,6,30,23.8,18.8,49.2451,329.32602,true,true,true,1.57542E9
19784771128201,6,34,38.4,33.4,79.044205,171.68158,true,true,true,1.57542E9
19784771128201,6,36,39.4,34.4,41.840115,41.710533,true,true,true,1.57542E9
19784771128201,1,6,23.7,18.7,71.82889,33.8546,true,true,true,1.17645E9
19784771128201,1,11,28.3,23.3,67.20751,221.2712,true,true,true,1.17645E9
19784771128201,1,14,28.5,23.5,20.761066,126.17851,true,true,true,1.17645E9
19784771128201,1,21,34.2,29.2,17.518345,166.57326,true,true,true,1.17645E9
19784771128201,1,24,30.1,25.1,37.151264,261.3042,true,true,true,1.17645E9
19784771128201,4,194,25.5,20.5,23.604813,97.0179,true,true,true,1.17645E9
19784771128201,4,195,27.7,22.7,32.21701,62.014374,true,true,true,1.17645E9
19784771128201,6,2,36.3,31.3,62.250828,82.92751,true,true,true,1.17645E9
19784771128201,6,15,21.3,16.3,27.57418,209.54988,true,true,true,1.17645E9
19784771128201,6,18,32.0,27.0,64.119026,3.246301,true,false,true,1.17645E9
19784771128201,6,25,27.4,22.4,13.91123,117.40616,true,true,true,1.17645E9
19784771128201,6,30,18.6,13.6,49.2451,329.32602,true,true,true,1.17645E9
19784771128201,6,34,26.9,21.9,79.044205,171.68158,true,true,true,1.17645E9
19784771128201,6,36,27.7,22.7,41.840115,41.710533,true,true,true,1.17645E9
19784771128201,5,23,25.6,20.6,76.25328,225.64455,true,true,true,1.17645E9
19784771128201,5,25,28.8,23.8,35.08738,157.25748,true,true,true,1.17645E9
19784771128201,5,27,21.1,16.1,10.455829,246.15868,false,true,true,1.17645E9
19784771128201,5,28,19.5,14.5,49.608406,267.31122,true,true,true,1.17645E9
19784771128201,5,37,21.0,16.0,34.58737,313.9813,true,true,true,1.17645E9
19784771128201,5,38,32.4,27.4,57.88874,19.09498,true,true,true,1.17645E9
19784771128201,5,42,27.1,22.1,5.4120073,96.42543,true,false,true,1.17645E9
19784771128201,5,23,38.4,33.4,76.25328,225.64455,true,true,true,1.57542E9
19784771128201,5,25,34.9,29.9,35.08738,157.25748,true,true,true,1.57542E9
19784771128201,5,27,26.3,21.3,10.455829,246.15868,true,true,true,1.57542E9
19784771128201,5,28,28.6,23.6,49.608406,267.31122,true,true,true,1.57542E9
19784771128201,5,34,22.4,17.4,7.5157013,53.7543,true,true,true,1.57542E9
19784771128201,5,37,22.5,17.5,34.58737,313.9813,true,true,true,1.57542E9
19784771128201,5,38,35.2,30.2,57.88874,19.09498,true,true,true,1.57542E9
19784771128201,5,42,26.2,21.2,5.4120073,96.42543,true,false,true,1.57542E9
19785769449867,1,6,39.5,34.5,71.82889,33.8546,true,true,true,1.57542E9
19785769449867,1,11,34.0,29.0,67.20751,221.2712,true,true,true,1.57542E9
19785769449867,1,12,24.1,19.1,24.911688,318.29565,true,false,true,1.57542E9
19785769449867,1,14,34.4,29.4,20.761066,126.17851,true,true,true,1.57542E9
19785769449867,1,17,40.8,35.8,24.384571,61.234203,true,true,true,1.57542E9
19785769449867,1,19,33.7,28.7,49.370075,29.61656,true,true,true,1.57542E9
19785769449867,1,21,36.2,31.2,17.518345,166.57326,true,true,true,1.57542E9
19785769449867,1,22,39.7,34.7,40.924557,115.49065,true,true,true,1.57542E9
19785769449867,1,24,28.2,23.2,37.151264,261.3042,true,true,true,1.57542E9
19785769449867,4,194,41.6,36.6,23.604813,97.0179,true,true,true,1.57542E9
19785769449867,4,195,44.2,39.2,32.21701,62.014374,true,true,true,1.57542E9
19785769449867,2,134,35.3,30.3,0.0,0.0,false,false,false,1.57542E9
19785769449867,3,9,38.0,33.0,81.66185,148.7656,false,false,true,1.600875E9
19785769449867,3,16,33.5,28.5,23.731276,147.23816,true,true,true,1.6014374E9
19785769449867,3,20,39.9,34.9,62.42595,279.15695,false,false,true,1.603125E9
19785769449867,3,19,41.3,36.3,41.452652,19.580093,true,true,true,1.6036876E9
19785769449867,3,21,30.7,25.7,24.81651,238.7768,true,true,true,1.60425E9
19785769449867,5,42,29.0,24.0,5.4120073,96.42543,true,false,true,1.561098E9
19785769449867,5,38,39.4,34.4,57.88874,19.09498,true,true,true,1.561098E9
19785769449867,5,37,25.7,20.7,34.58737,313.9813,true,true,true,1.561098E9
19785769449867,5,34,25.2,20.2,7.5157013,53.7543,true,true,true,1.561098E9
19785769449867,5,28,33.0,28.0,49.608406,267.31122,true,true,true,1.561098E9
19785769449867,5,27,32.9,27.9,10.455829,246.15868,true,true,true,1.561098E9
19785769449867,5,25,34.1,29.1,35.08738,157.25748,true,true,true,1.561098E9
19785769449867,5,23,39.7,34.7,76.25328,225.64455,true,true,true,1.561098E9
19785769449867,5,14,30.4,25.4,2.695912,75.00786,false,false,true,1.561098E9
19785769449867,5,13,43.7,38.7,68.27135,320.29843,true,true,true,1.561098E9
19785769449867,5,10,32.8,27.8,15.663169,162.58145,true,false,true,1.561098E9
19785769449867,5,9,32.7,27.7,22.402777,145.66512,true,false,true,1.561098E9
19785769449867,5,8,30.5,25.5,37.18223,48.354237,true,true,true,1.561098E9
19785769449867,5,7,21.3,16.3,5.805762,160.23549,false,false,true,1.561098E9
19785769449867,5,6,35.0,30.0,30.446934,119.6433,true,true,true,1.561098E9
19785769449867,5,3,36.3,31.3,39.472725,128.12805,false,false,true,1.561098E9
19785769449867,5,2,36.1,31.1,54.25361,175.11227,true,false,true,1.561098E9
19785769449867,5,1,39.1,34.1,15.824988,103.63155,true,false,true,1.561098E9
19785769449867,6,2,38.5,33.5,62.250828,82.92751,true,true,true,1.57542E9
19785769449867,6,15,34.7,29.7,27.57418,209.54988,true,true,true,1.57542E9
19785769449867,6,18,41.5,36.5,64.119026,3.246301,true,false,true,1.57542E9
19785769449867,6,25,28.7,23.7,13.91123,117.40616,true,true,true,1.57542E9
19785769449867,6,27,21.8,16.8,4.5813794,309.61627,false,false,true,1.57542E9
19785769449867,6,30,35.7,30.7,49.2451,329.32602,true,true,true,1.57542E9
19785769449867,6,34,37.7,32.7,79.044205,171.68158,true,true,true,1.57542E9
19785769449867,6,36,41.8,36.8,41.840115,41.710533,true,true,true,1.57542E9
19785769449867,1,6,30.8,25.8,71.82889,33.8546,true,true,true,1.17645E9
19785769449867,1,11,26.5,21.5,67.20751,221.2712,true,true,true,1.17645E9
19785769449867,1,14,25.0,20.0,20.761066,126.17851,true,true,true,1.17645E9
19785769449867,1,21,30.0,25.0,17.518345,166.57326,true,true,true,1.17645E9
19785769449867,1,24,22.5,17.5,37.151264,261.3042,true,true,true,1.17645E9
19785769449867,4,194,33.8,28.8,23.604813,97.0179,true,true,true,1.17645E9
19785769449867,4,195,34.9,29.9,32.21701,62.014374,true,true,true,1.17645E9
19785769449867,6,2,38.7,33.7,62.250828,82.92751,true,true,true,1.17645E9
19785769449867,6,15,26.0,21.0,27.57418,209.54988,true,true,true,1.17645E9
19785769449867,6,18,35.6,30.6,64.119026,3.246301,true,false,true,1.17645E9
19785769449867,6,25,22.0,17.0,13.91123,117.40616,true,true,true,1.17645E9
19785769449867,6,30,22.5,17.5,49.2451,329.32602,true,true,true,1.17645E9
19785769449867,6,34,26.7,21.7,79.044205,171.68158,true,true,true,1.17645E9
19785769449867,6,36,31.4,26.4,41.840115,41.710533,true,true,true,1.17645E9
19785769449867,5,23,24.4,19.4,76.25328,225.64455,true,true,true,1.17645E9
19785769449867,5,25,26.2,21.2,35.08738,157.25748,true,true,true,1.17645E9
19785769449867,5,27,14.6,9.6,10.455829,246.15868,false,true,true,1.17645E9
19785769449867,5,28,19.5,14.5,49.608406,267.31122,true,true,true,1.17645E9
19785769449867,5,37,21.0,16.0,34.58737,313.9813,true,true,true,1.17645E9
19785769449867,5,38,35.3,30.3,57.88874,19.09498,true,true,true,1.17645E9
19785769449867,5,42,27.1,22.1,5.4120073,96.42543,true,false,true,1.17645E9
19785769449867,5,23,37.2,32.2,76.25328,225.64455,true,true,true,1.57542E9
19785769449867,5,25,29.7,24.7,35.08738,157.25748,true,true,true,1.57542E9
19785769449867,5,27,29.6,24.6,10.455829,246.15868,true,true,true,1.57542E9
19785769449867,5,28,30.6,25.6,49.608406,267.31122,true,true,true,1.57542E9
19785769449867,5,34,22.4,17.4,7.5157013,53.7543,true,true,true,1.57542E9
19785769449867,5,37,22.0,17.0,34.58737,313.9813,true,true,true,1.57542E9
19785769449867,5,38,37.3,32.3,57.88874,19.09498,true,true,true,1.57542E9
19785769449867,5,42,29.6,24.6,5.4120073,96.42543,true,false,true,1.57542E9
19786770272731,1,6,39.2,34.2,71.82889,33.8546,true,true,true,1.57542E9
19786770272731,1,11,30.0,25.0,67.20751,221.2712,true,true,true,1.57542E9
19786770272731,1,14,36.3,31.3,20.761066,126.17851,true,true,true,1.57542E9
19786770272731,1,17,31.3,26.3,24.384571,61.234203,true,true,true,1.57542E9
19786770272731,1,19,40.4,35.4,49.370075,29.61656,true,true,true,1.57542E9
19786770272731,1,21,31.0,26.0,17.518345,166.57326,true,true,true,1.57542E9
19786770272731,1,22,38.7,33.7,40.924557,115.49065,true,true,true,1.57542E9
19786770272731,1,24,28.9,23.9,37.151264,261.3042,true,true,true,1.57542E9
19786770272731,4,194,44.0,39.0,23.604813,97.0179,true,true,true,1.57542E9
19786770272731,4,195,40.1,35.1,32.21701,62.014374,true,true,true,1.57542E9
19786770272731,2,134,36.6,31.6,0.0,0.0,false,false,false,1.57542E9
19786770272731,3,9,35.3,30.3,81.66185,148.7656,false,false,true,1.600875E9
19786770272731,3,16,33.8,28.8,23.731276,147.23816,true,true,true,1.6014374E9
19786770272731,3,20,37.2,32.2,62.42595,279.15695,false,false,true,1.603125E9
19786770272731,3,19,37.1,32.1,41.452652,19.580093,true,true,true,1.6036876E9
19786770272731,3,21,30.7,25.7,24.81651,238.7768,true,true,true,1.60425E9
19786770272731,5,42,27.9,22.9,5.4120073,96.42543,true,false,true,1.561098E9
19786770272731,5,38,36.7,31.7,57.88874,19.09498,true,true,true,1.561098E9
19786770272731,5,37,26.6,21.6,34.58737,313.9813,true,true,true,1.561098E9
19786770272731,5,34,22.4,17.4,7.5157013,53.7543,true,true,true,1.561098E9
19786770272731,5,28,37.3,32.3,49.608406,267.31122,true,true,true,1.561098E9
19786770272731,5,27,36.2,31.2,10.455829,246.15868,true,true,true,1.561098E9
19786770272731,5,25,36.3,31.3,35.08738,157.25748,true,true,true,1.561098E9
19786770272731,5,23,41.1,36.1,76.25328,225.64455,true,true,true,1.561098E9
19786770272731,5,14,31.7,26.7,2.695912,75.00786,false,false,true,1.561098E9
19786770272731,5,13,43.6,38.6,68.27135,320.29843,true,true,true,1.561098E9
19786770272731,5,10,28.4,23.4,15.663169,162.58145,true,false,true,1.561098E9
19786770272731,5,9,32.4,27.4,22.402777,145.66512,true,false,true,1.561098E9
19786770272731,5,8,38.3,33.3,37.18223,48.354237,true,true,true,1.561098E9
19786770272731,5,7,21.9,16.9,5.805762,160.23549,false,false,true,1.561098E9
19786770272731,5,6,39.7,34.7,30.446934,119.6433,true,true,true,1.561098E9
19786770272731,5,3,36.9,31.9,39.472725,128.12805,false,false,true,1.561098E9
19786770272731,5,2,37.0,32.0,54.25361,175.11227,true,false,true,1.561098E9
19786770272731,5,1,39.8,34.8,15.824988,103.63155,true,false,true,1.561098E9
19786770272731,6,2,39.7,34.7,62.250828,82.92751,true,true,true,1.57542E9
19786770272731,6,15,32.1,27.1,27.57418,209.54988,true,true,true,1.57542E9
19786770272731,6,18,41.4,36.4,64.119026,3.246301,true,false,true,1.57542E9
19786770272731,6,25,37.6,32.6,13.91123,117.40616,true,true,true,1.57542E9
19786770272731,6,27,21.8,16.8,4.5813794,309.61627,false,false,true,1.57542E9
19786770272731,6,30,40.1,35.1,49.2451,329.32602,true,true,true,1.57542E9
19786770272731,6,34,36.8,31.8,79.044205,171.68158,true,true,true,1.57542E9
19786770272731,6,36,38.4,33.4,41.840115,41.710533,true,true,true,1.57542E9
19786770272731,1,6,27.7,22.7,71.82889,33.8546,true,true,true,1.17645E9
19786770272731,1,11,32.0,27.0,67.20751,221.2712,true,true,true,1.17645E9
19786770272731,1,14,30.6,25.6,20.761066,126.17851,true,true,true,1.17645E9
19786770272731,1,21,28.0,23.0,17.518345,166.57326,true,true,true,1.17645E9
19786770272731,1,24,25.8,20.8,37.151264,261.3042,true,true,true,1.17645E9
19786770272731,4,194,33.0,28.0,23.604813,97.0179,true,true,true,1.17645E9
19786770272731,4,195,26.1,21.1,32.21701,62.014374,true,true,true,1.17645E9
19786770272731,6,2,28.4,23.4,62.250828,82.92751,true,true,true,1.17645E9
19786770272731,6,15,23.4,18.4,27.57418,209.54988,true,true,true,1.17645E9
19786770272731,6,18,31.5,26.5,64.119026,3.246301,true,false,true,1.17645E9
19786770272731,6,25,30.9,25.9,13.91123,117.40616,true,true,true,1.17645E9
19786770272731,6,30,31.2,26.2,49.2451,329.32602,true,true,true,1.17645E9
19786770272731,6,34,23.0,18.0,79.044205,171.68158,true,true,true,1.17645E9
19786770272731,6,36,33.3,28.3,41.840115,41.710533,true,true,true,1.17645E9
19786770272731,5,23,21.4,16.4,76.25328,225.64455,true,true,true,1.17645E9
19786770272731,5,25,26.1,21.1,35.08738,157.25748,true,true,true,1.17645E9
19786770272731,5,27,14.6,9.6,10.455829,246.15868,false,true,true,1.17645E9
19786770272731,5,28,22.1,17.1,49.608406,267.31122,true,true,true,1.17645E9
19786770272731,5,37,21.0,16.0,34.58737,313.9813,true,true,true,1.17645E9
19786770272731,5,38,33.3,28.3,57.88874,19.09498,true,true,true,1.17645E9
19786770272731,5,42,23.3,18.3,5.4120073,96.42543,true,false,true,1.17645E9
19786770272731,5,23,38.6,33.6,76.25328,225.64455,true,true,true,1.57542E9
19786770272731,5,25,34.0,29.0,35.08738,157.25748,true,true,true,1.57542E9
19786770272731,5,27,32.1,27.1,10.455829,246.15868,true,true,true,1.57542E9
19786770272731,5,28,34.1,29.1,49.608406,267.31122,true,true,true,1.57542E9
19786770272731,5,34,19.4,14.4,7.5157013,53.7543,true,true,true,1.57542E9
19786770272731,5,37,20.8,15.8,34.58737,313.9813,true,true,true,1.57542E9
19786770272731,5,38,36.4,31.4,57.88874,19.09498,true,true,true,1.57542E9
19786770272731,5,42,28.0,23.0,5.4120073,96.42543,true,false,true,1.57542E9
19787773748929,1,6,42.8,37.8,71.82889,33.8546,true,true,true,1.57542E9
19787773748929,1,11,30.0,25.0,67.20751,221.2712,true,true,true,1.57542E9
19787773748929,1,14,45.0,40.0,20.761066,126.17851,true,true,true,1.57542E9
19787773748929,1,17,31.3,26.3,24.384571,61.234203,true,true,true,1.57542E9
19787773748929,1,19,43.9,38.9,49.370075,29.61656,true,true,true,1.57542E9
19787773748929,1,21,29.0,24.0,17.518345,166.57326,true,true,true,1.57542E9
19787773748929,1,22,37.8,32.8,40.924557,115.49065,true,true,true,1.57542E9
19787773748929,1,24,30.8,25.8,37.151264,261.3042,true,true,true,1.57542E9
19787773748929,4,194,42.8,37.8,23.604813,97.0179,true,true,true,1.57542E9
19787773748929,4,195,39.2,34.2,32.21701,62.014374,true,true,true,1.57542E9
19787773748929,2,134,36.7,31.7,0.0,0.0,false,false,false,1.57542E9
19787773748929,3,9,37.0,32.0,81.66185,148.7656,false,false,true,1.600875E9
19787773748929,3,16,36.6,31.6,23.731276,147.23816,true,true,true,1.6014374E9
19787773748929,3,20,38.5,33.5,62.42595,279.15695,false,false,true,1.603125E9
19787773748929,3,19,34.7,29.7,41.452652,19.580093,true,true,true,1.6036876E9
19787773748929,3,21,32.4,27.4,24.81651,238.7768,true,true,true,1.60425E9
19787773748929,5,42,25.5,20.5,5.4120073,96.42543,true,false,true,1.561098E9
19787773748929,5,38,38.2,33.2,57.88874,19.09498,true,true,true,1.561098E9
19787773748929,5,37,26.2,21.2,34.58737,313.9813,true,true,true,1.561098E9
19787773748929,5,34,22.4,17.4,7.5157013,53.7543,true,true,true,1.561098E9
19787773748929,5,28,39.1,34.1,49.608406,267.31122,true,true,true,1.561098E9
19787773748929,5,27,35.4,30.4,10.455829,246.15868,true,true,true,1.561098E9
19787773748929,5,25,35.5,30.5,35.08738,157.25748,true,true,true,1.561098E9
19787773748929,5,23,39.8,34.8,76.25328,225.64455,true,true,true,1.561098E9
19787773748929,5,14,30.2,25.2,2.695912,75.00786,false,false,true,1.561098E9
19787773748929,5,13,42.7,37.7,68.27135,320.29843,true,true,true,1.561098E9
19787773748929,5,10,28.5,23.5,15.663169,162.58145,true,false,true,1.561098E9
19787773748929,5,9,34.4,29.4,22.402777,145.66512,true,false,true,1.561098E9
19787773748929,5,8,41.2,36.2,37.18223,48.354237,true,true,true,1.561098E9
19787773748929,5,6,43.3,38.3,30.446934,119.6433,true,true,true,1.561098E9
19787773748929,5,3,38.4,33.4,39.472725,128.12805,false,false,true,1.561098E9
19787773748929,5,2,37.9,32.9,54.25361,175.11227,true,false,true,1.561098E9
19787773748929,5,1,44.3,39.3,15.824988,103.63155,true,false,true,1.561098E9
19787773748929,6,2,39.3,34.3,62.250828,82.92751,true,true,true,1.57542E9
19787773748929,6,15,31.5,26.5,27.57418,209.54988,true,true,true,1.57542E9
19787773748929,6,18,42.1,37.1,64.119026,3.246301,true,false,true,1.57542E9
19787773748929,6,25,42.1,37.1,13.91123,117.40616,true,true,true,1.57542E9
19787773748929,6,27,21.8,16.8,4.5813794,309.61627,false,false,true,1.57542E9
19787773748929,6,30,39.2,34.2,49.2451,329.32602,true,true,true,1.57542E9
19787773748929,6,34,36.0,31.0,79.044205,171.68158,true,true,true,1.57542E9
19787773748929,6,36,37.3,32.3,41.840115,41.710533,true,true,true,1.57542E9
19787773748929,1,6,25.7,20.7,71.82889,33.8546,true,true,true,1.17645E9
19787773748929,1,11,28.3,23.3,67.20751,221.2712,true,true,true,1.17645E9
19787773748929,1,14,35.7,30.7,20.761066,126.17851,true,true,true,1.17645E9
19787773748929,1,21,24.9,19.9,17.518345,166.57326,true,true,true,1.17645E9
19787773748929,1,24,25.1,20.1,37.151264,261.3042,true,true,true,1.17645E9
19787773748929,4,194,33.5,28.5,23.604813,97.0179,true,true,true,1.17645E9
19787773748929,4,195,25.4,20.4,32.21701,62.014374,true,true,true,1.17645E9
19787773748929,6,2,34.7,29.7,62.250828,82.92751,true,true,true,1.17645E9
19787773748929,6,15,28.6,23.6,27.57418,209.54988,true,true,true,1.17645E9
19787773748929,6,18,33.0,28.0,64.119026,3.246301,true,false,true,1.17645E9
19787773748929,6,25,30.0,25.0,13.91123,117.40616,true,true,true,1.17645E9
19787773748929,6,30,30.2,25.2,49.2451,329.32602,true,true,true,1.17645E9
19787773748929,6,34,24.1,19.1,79.044205,171.68158,true,true,true,1.17645E9
19787773748929,6,36,36.2,31.2,41.840115,41.710533,true,true,true,1.17645E9
19787773748929,5,23,20.6,15.6,76.25328,225.64455,true,true,true,1.17645E9
19787773748929,5,25,26.0,21.0,35.08738,157.25748,true,true,true,1.17645E9
19787773748929,5,27,14.6,9.6,10.455829,246.15868,false,true,true,1.17645E9
19787773748929,5,28,24.1,19.1,49.608406,267.31122,true,true,true,1.17645E9
19787773748929,5,37,21.0,16.0,34.58737,313.9813,true,true,true,1.17645E9
19787773748929,5,38,35.8,30.8,57.88874,19.09498,true,true,true,1.17645E9
19787773748929,5,42,21.8,16.8,5.4120073,96.42543,true,false,true,1.17645E9
19787773748929,5,23,37.6,32.6,76.25328,225.64455,true,true,true,1.57542E9
19787773748929,5,25,32.9,27.9,35.08738,157.25748,true,true,true,1.57542E9
19787773748929,5,27,32.0,27.0,10.455829,246.15868,true,true,true,1.57542E9
19787773748929,5,28,37.0,32.0,49.608406,267.31122,true,true,true,1.57542E9
19787773748929,5,34,19.4,14.4,7.5157013,53.7543,true,true,true,1.57542E9
19787773748929,5,37,24.5,19.5,34.58737,313.9813,true,true,true,1.57542E9
19787773748929,5,38,38.0,33.0,57.88874,19.09498,true,true,true,1.57542E9
19787773748929,5,42,24.3,19.3,5.4120073,96.42543,true,false,true,1.57542E9
19788772288303,1,6,40.9,35.9,71.82889,33.8546,true,true,true,1.57542E9
19788772288303,1,11,37.6,32.6,67.20751,221.2712,true,true,true,1.57542E9
19788772288303,1,12,26.5,21.5,24.911688,318.29565,true,false,true,1.57542E9
19788772288303,1,14,40.1,35.1,20.761066,126.17851,true,true,true,1.57542E9
19788772288303,1,17,35.3,30.3,24.384571,61.234203,true,true,true,1.57542E9
19788772288303,1,19,42.7,37.7,49.370075,29.61656,true,true,true,1.57542E9
19788772288303,1,21,39.8,34.8,17.518345,166.57326,true,true,true,1.57542E9
19788772288303,1,22,37.9,32.9,40.924557,115.49065,true,true,true,1.57542E9
19788772288303,1,24,37.4,32.4,37.151264,261.3042,true,true,true,1.57542E9
19788772288303,4,194,41.2,36.2,23.604813,97.0179,true,true,true,1.57542E9
19788772288303,4,195,37.7,32.7,32.21701,62.014374,true,true,true,1.57542E9
19788772288303,2,134,37.6,32.6,0.0,0.0,false,false,false,1.57542E9
19788772288303,3,9,38.5,33.5,81.66185,148.7656,false,false,true,1.600875E9
19788772288303,3,16,38.9,33.9,23.731276,147.23816,true,true,true,1.6014374E9
19788772288303,3,20,33.5,28.5,62.42595,279.15695,false,false,true,1.603125E9
19788772288303,3,19,36.0,31.0,41.452652,19.580093,true,true,true,1.6036876E9
19788772288303,3,21,32.8,27.8,24.81651,238.7768,true,true,true,1.60425E9
19788772288303,5,42,28.7,23.7,5.4120073,96.42543,true,false,true,1.561098E9
19788772288303,5,38,36.2,31.2,57.88874,19.09498,true,true,true,1.561098E9
19788772288303,5,28,37.1,32.1,49.608406,267.31122,true,true,true,1.561098E9
19788772288303,5,27,30.6,25.6,10.455829,246.15868,true,true,true,1.561098E9
19788772288303,5,25,42.6,37.6,35.08738,157.25748,true,true,true,1.561098E9
19788772288303,5,23,41.2,36.2,76.25328,225.64455,true,true,true,1.561098E9
19788772288303,5,13,37.6,32.6,68.27135,320.29843,true,true,true,1.561098E9
19788772288303,5,10,31.6,26.6,15.663169,162.58145,true,false,true,1.561098E9
19788772288303,5,9,35.1,30.1,22.402777,145.66512,true,false,true,1.561098E9
19788772288303,5,8,42.7,37.7,37.18223,48.354237,true,true,true,1.561098E9
19788772288303,5,6,37.1,32.1,30.446934,119.6433,true,true,true,1.561098E9
19788772288303,5,3,35.4,30.4,39.472725,128.12805,false,false,true,1.561098E9
19788772288303,5,2,37.1,32.1,54.25361,175.11227,true,false,true,1.561098E9
19788772288303,5,1,46.6,41.6,15.824988,103.63155,true,false,true,1.561098E9
19788772288303,6,2,38.3,33.3,62.250828,82.92751,true,true,true,1.57542E9
19788772288303,6,15,35.0,30.0,27.57418,209.54988,true,true,true,1.57542E9
19788772288303,6,18,38.6,33.6,64.119026,3.246301,true,false,true,1.57542E9
19788772288303,6,25,42.3,37.3,13.91123,117.40616,true,true,true,1.57542E9
19788772288303,6,27,21.8,16.8,4.5813794,309.61627,false,false,true,1.57542E9
19788772288303,6,30,38.9,33.9,49.2451,329.32602,true,true,true,1.57542E9
19788772288303,6,34,36.7,31.7,79.044205,171.68158,true,true,true,1.57542E9
19788772288303,6,36,35.1,30.1,41.840115,41.710533,true,true,true,1.57542E9
19788772288303,1,6,26.6,21.6,71.82889,33.8546,true,true,true,1.17645E9
19788772288303,1,11,31.2,26.2,67.20751,221.2712,true,true,true,1.17645E9
19788772288303,1,14,32.8,27.8,20.761066,126.17851,true,true,true,1.17645E9
19788772288303,1,21,34.7,29.7,17.518345,166.57326,true,true,true,1.17645E9
19788772288303,1,24,26.6,21.6,37.151264,261.3042,true,true,true,1.17645E9
19788772288303,4,194,33.2,28.2,23.604813,97.0179,true,true,true,1.17645E9
19788772288303,4,195,29.9,24.9,32.21701,62.014374,true,true,true,1.17645E9
19788772288303,6,2,33.9,28.9,62.250828,82.92751,true,true,true,1.17645E9
19788772288303,6,15,31.4,26.4,27.57418,209.54988,true,true,true,1.17645E9
19788772288303,6,18,31.4,26.4,64.119026,3.246301,true,false,true,1.17645E9
19788772288303,6,25,29.8,24.8,13.91123,117.40616,true,true,true,1.17645E9
19788772288303,6,30,27.7,22.7,49.2451,329.32602,true,true,true,1.17645E9
19788772288303,6,34,24.0,19.0,79.044205,171.68158,true,true,true,1.17645E9
19788772288303,6,36,35.6,30.6,41.840115,41.710533,true,true,true,1.17645E9
19788772288303,5,23,24.3,19.3,76.25328,225.64455,true,true,true,1.17645E9
19788772288303,5,25,30.5,25.5,35.08738,157.25748,true,true,true,1.17645E9
19788772288303,5,27,17.4,12.4,10.455829,246.15868,false,true,true,1.17645E9
19788772288303,5,28,30.4,25.4,49.608406,267.31122,true,true,true,1.17645E9
19788772288303,5,37,15.7,10.7,34.58737,313.9813,true,true,true,1.17645E9
19788772288303,5,38,31.4,26.4,57.88874,19.09498,true,true,true,1.17645E9
19788772288303,5,42,25.5,20.5,5.4120073,96.42543,true,false,true,1.17645E9
19788772288303,5,23,39.9,34.9,76.25328,225.64455,true,true,true,1.57542E9
19788772288303,5,25,39.8,34.8,35.08738,157.25748,true,true,true,1.57542E9
19788772288303,5,27,26.0,21.0,10.455829,246.15868,true,true,true,1.57542E9
19788772288303,5,28,34.6,29.6,49.608406,267.31122,true,true,true,1.57542E9
19788772288303,5,34,19.4,14.4,7.5157013,53.7543,false,true,true,1.57542E9
19788772288303,5,37,24.3,19.3,34.58737,313.9813,true,true,true,1.57542E9
19788772288303,5,38,34.0,29.0,57.88874,19.09498,true,true,true,1.57542E9
19788772288303,5,42,26.8,21.8,5.4120073,96.42543,true,false,true,1.57542E9
19789769297209,1,6,42.5,37.5,71.82889,33.8546,true,true,true,1.57542E9
19789769297209,1,11,41.7,36.7,67.20751,221.2712,true,true,true,1.57542E9
19789769297209,1,14,40.8,35.8,20.761066,126.17851,true,true,true,1.57542E9
19789769297209,1,17,45.3,40.3,24.384571,61.234203,true,true,true,1.57542E9
19789769297209,1,19,39.3,34.3,49.370075,29.61656,true,true,true,1.57542E9
19789769297209,1,21,36.5,31.5,17.518345,166.57326,true,true,true,1.57542E9
19789769297209,1,22,34.8,29.8,40.924557,115.49065,true,true,true,1.57542E9
19789769297209,1,24,38.2,33.2,37.151264,261.3042,true,true,true,1.57542E9
19789769297209,4,194,40.3,35.3,23.604813,97.0179,true,true,true,1.57542E9
19789769297209,4,195,40.6,35.6,32.21701,62.014374,true,true,true,1.57542E9
19789769297209,2,134,36.8,31.8,0.0,0.0,false,false,false,1.57542E9
19789769297209,3,9,41.8,36.8,81.66185,148.7656,false,false,true,1.600875E9
19789769297209,3,16,41.4,36.4,23.731276,147.23816,true,true,true,1.6014374E9
19789769297209,3,20,30.6,25.6,62.42595,279.15695,false,false,true,1.603125E9
19789769297209,3,19,35.3,30.3,41.452652,19.580093,true,true,true,1.6036876E9
19789769297209,3,21,32.5,27.5,24.81651,238.7768,true,true,true,1.60425E9
19789769297209,5,42,29.2,24.2,5.4120073,96.42543,true,false,true,1.561098E9
19789769297209,5,38,39.9,34.9,57.88874,19.09498,true,true,true,1.561098E9
19789769297209,5,37,27.9,22.9,34.58737,313.9813,true,true,true,1.561098E9
19789769297209,5,34,28.5,23.5,7.5157013,53.7543,true,true,true,1.561098E9
19789769297209,5,28,39.6,34.6,49.608406,267.31122,true,true,true,1.561098E9
19789769297209,5,27,30.6,25.6,10.455829,246.15868,true,true,true,1.561098E9
19789769297209,5,25,35.9,30.9,35.08738,157.25748,true,true,true,1.561098E9
19789769297209,5,23,42.9,37.9,76.25328,225.64455,true,true,true,1.561098E9
19789769297209,5,13,30.9,25.9,68.27135,320.29843,true,true,true,1.561098E9
19789769297209,5,10,33.1,28.1,15.663169,162.58145,true,false,true,1.561098E9
19789769297209,5,9,37.6,32.6,22.402777,145.66512,true,false,true,1.561098E9
19789769297209,5,8,42.2,37.2,37.18223,48.354237,true,true,true,1.561098E9
19789769297209,5,6,36.0,31.0,30.446934,119.6433,true,true,true,1.561098E9
19789769297209,5,3,35.3,30.3,39.472725,128.12805,false,false,true,1.561098E9
19789769297209,5,2,40.6,35.6,54.25361,175.11227,true,false,true,1.561098E9
19789769297209,5,1,43.7,38.7,15.824988,103.63155,true,false,true,1.561098E9
19789769297209,6,2,39.6,34.6,62.250828,82.92751,true,true,true,1.57542E9
19789769297209,6,15,27.1,22.1,27.57418,209.54988,true,true,true,1.57542E9
19789769297209,6,18,40.1,35.1,64.119026,3.246301,true,false,true,1.57542E9
19789769297209,6,25,37.9,32.9,13.91123,117.40616,true,true,true,1.57542E9
19789769297209,6,27,21.8,16.8,4.5813794,309.61627,false,false,true,1.57542E9
19789769297209,6,30,38.2,33.2,49.2451,329.32602,true,true,true,1.57542E9
19789769297209,6,34,36.5,31.5,79.044205,171.68158,true,true,true,1.57542E9
19789769297209,6,36,33.9,28.9,41.840115,41.710533,true,true,true,1.57542E9
19789769297209,1,6,30.9,25.9,71.82889,33.8546,true,true,true,1.17645E9
19789769297209,1,11,34.6,29.6,67.20751,221.2712,true,true,true,1.17645E9
19789769297209,1,14,32.7,27.7,20.761066,126.17851,true,true,true,1.17645E9
19789769297209,1,21,28.6,23.6,17.518345,166.57326,true,true,true,1.17645E9
19789769297209,1,24,32.3,27.3,37.151264,261.3042,true,true,true,1.17645E9
19789769297209,4,194,36.5,31.5,23.604813,97.0179,true,true,true,1.17645E9
19789769297209,4,195,31.6,26.6,32.21701,62.014374,true,true,true,1.17645E9
19789769297209,6,2,29.1,24.1,62.250828,82.92751,true,true,true,1.17645E9
19789769297209,6,15,23.4,18.4,27.57418,209.54988,true,true,true,1.17645E9
19789769297209,6,18,32.5,27.5,64.119026,3.246301,true,false,true,1.17645E9
19789769297209,6,25,27.6,22.6,13.91123,117.40616,true,true,true,1.17645E9
19789769297209,6,30,22.2,17.2,49.2451,329.32602,true,true,true,1.17645E9
19789769297209,6,34,21.4,16.4,79.044205,171.68158,true,true,true,1.17645E9
19789769297209,6,36,29.0,24.0,41.840115,41.710533,true,true,true,1.17645E9
19789769297209,5,23,21.4,16.4,76.25328,225.64455,true,true,true,1.17645E9
19789769297209,5,25,27.6,22.6,35.08738,157.25748,true,true,true,1.17645E9
19789769297209,5,27,17.4,12.4,10.455829,246.15868,false,true,true,1.17645E9
19789769297209,5,28,21.4,16.4,49.608406,267.31122,true,true,true,1.17645E9
19789769297209,5,34,21.8,16.8,7.5157013,53.7543,false,true,true,1.17645E9
19789769297209,5,37,15.7,10.7,34.58737,313.9813,true,true,true,1.17645E9
19789769297209,5,38,32.5,27.5,57.88874,19.09498,true,true,true,1.17645E9
19789769297209,5,42,25.4,20.4,5.4120073,96.42543,true,false,true,1.17645E9
19789769297209,5,23,40.7,35.7,76.25328,225.64455,true,true,true,1.57542E9
19789769297209,5,25,32.3,27.3,35.08738,157.25748,true,true,true,1.57542E9
19789769297209,5,27,23.2,18.2,10.455829,246.15868,true,true,true,1.57542E9
19789769297209,5,28,36.3,31.3,49.608406,267.31122,true,true,true,1.57542E9
19789769297209,5,34,18.8,13.8,7.5157013,53.7543,false,true,true,1.57542E9
19789769297209,5,37,23.4,18.4,34.58737,313.9813,false,true,true,1.57542E9
19789769297209,5,38,35.6,30.6,57.88874,19.09498,true,true,true,1.57542E9
19789769297209,5,42,28.5,23.5,5.4120073,96.42543,true,false,true,1.57542E9
19790772920125,1,6,41.4,36.4,71.82889,33.8546,true,true,true,1.57542E9
19790772920125,1,11,41.0,36.0,67.20751,221.2712,true,true,true,1.57542E9
19790772920125,1,14,40.8,35.8,20.761066,126.17851,true,true,true,1.57542E9
19790772920125,1,17,46.7,41.7,24.384571,61.234203,true,true,true,1.57542E9
19790772920125,1,19,41.3,36.3,49.370075,29.61656,true,true,true,1.57542E9
19790772920125,1,21,39.6,34.6,17.518345,166.57326,true,true,true,1.57542E9
19790772920125,1,22,37.2,32.2,40.924557,115.49065,true,true,true,1.57542E9
19790772920125,1,24,32.3,27.3,37.151264,261.3042,true,true,true,1.57542E9
19790772920125,4,194,36.8,31.8,23.604813,97.0179,true,true,true,1.57542E9
19790772920125,4,195,36.8,31.8,32.21701,62.014374,true,true,true,1.57542E9
19790772920125,2,134,36.8,31.8,0.0,0.0,false,false,false,1.57542E9
19790772920125,3,9,37.3,32.3,81.66185,148.7656,false,false,true,1.600875E9
19790772920125,3,16,45.7,40.7,23.731276,147.23816,true,true,true,1.6014374E9
19790772920125,3,20,31.1,26.1,62.42595,279.15695,false,false,true,1.603125E9
19790772920125,3,19,39.5,34.5,41.452652,19.580093,true,true,true,1.6036876E9
19790772920125,3,21,30.3,25.3,24.81651,238.7768,true,true,true,1.60425E9
19790772920125,5,42,32.8,27.8,5.4120073,96.42543,true,false,true,1.561098E9
19790772920125,5,38,39.9,34.9,57.88874,19.09498,true,true,true,1.561098E9
19790772920125,5,37,32.4,27.4,34.58737,313.9813,true,true,true,1.561098E9
19790772920125,5,34,36.5,31.5,7.5157013,53.7543,true,true,true,1.561098E9
19790772920125,5,33,23.0,18.0,2.5242438,145.99773,false,false,true,1.561098E9
19790772920125,5,28,41.4,36.4,49.608406,267.31122,true,true,true,1.561098E9
19790772920125,5,27,22.5,17.5,10.455829,246.15868,true,true,true,1.561098E9
19790772920125,5,25,44.4,39.4,35.08738,157.25748,true,true,true,1.561098E9
19790772920125,5,23,39.9,34.9,76.25328,225.64455,true,true,true,1.561098E9
19790772920125,5,13,35.4,30.4,68.27135,320.29843,true,true,true,1.561098E9
19790772920125,5,10,35.4,30.4,15.663169,162.58145,true,false,true,1.561098E9
19790772920125,5,9,42.0,37.0,22.402777,145.66512,true,false,true,1.561098E9
19790772920125,5,8,44.2,39.2,37.18223,48.354237,true,true,true,1.561098E9
19790772920125,5,7,24.0,19.0,5.805762,160.23549,false,false,true,1.561098E9
19790772920125,5,6,35.7,30.7,30.446934,119.6433,true,true,true,1.561098E9
19790772920125,5,3,36.4,31.4,39.472725,128.12805,false,false,true,1.561098E9
19790772920125,5,2,36.9,31.9,54.25361,175.11227,true,false,true,1.561098E9
19790772920125,5,1,41.1,36.1,15.824988,103.63155,true,false,true,1.561098E9
19790772920125,6,2,38.3,33.3,62.250828,82.92751,true,true,true,1.57542E9
19790772920125,6,15,30.2,25.2,27.57418,209.54988,true,true,true,1.57542E9
19790772920125,6,18,41.0,36.0,64.119026,3.246301,true,false,true,1.57542E9
19790772920125,6,25,40.3,35.3,13.91123,117.40616,true,true,true,1.57542E9
19790772920125,6,27,8.1,3.1,4.5813794,309.61627,false,false,true,1.57542E9
19790772920125,6,30,35.3,30.3,49.2451,329.32602,true,true,true,1.57542E9
19790772920125,6,34,28.2,23.2,79.044205,171.68158,true,true,true,1.57542E9
19790772920125,6,36,35.3,30.3,41.840115,41.710533,true,true,true,1.57542E9
19790772920125,1,6,31.3,26.3,71.82889,33.8546,true,true,true,1.17645E9
19790772920125,1,11,35.7,30.7,67.20751,221.2712,true,true,true,1.17645E9
19790772920125,1,14,31.8,26.8,20.761066,126.17851,true,true,true,1.17645E9
19790772920125,1,21,33.4,28.4,17.518345,166.57326,true,true,true,1.17645E9
19790772920125,1,24,27.4,22.4,37.151264,261.3042,true,true,true,1.17645E9
19790772920125,4,194,33.9,28.9,23.604813,97.0179,true,true,true,1.17645E9
19790772920125,4,195,31.5,26.5,32.21701,62.014374,true,true,true,1.17645E9
19790772920125,6,2,35.8,30.8,62.250828,82.92751,true,true,true,1.17645E9
19790772920125,6,15,26.8,21.8,27.57418,209.54988,true,true,true,1.17645E9
19790772920125,6,18,30.0,25.0,64.119026,3.246301,true,false,true,1.17645E9
19790772920125,6,25,24.0,19.0,13.91123,117.40616,true,true,true,1.17645E9
19790772920125,6,30,22.8,17.8,49.2451,329.32602,true,true,true,1.17645E9
19790772920125,6,34,24.2,19.2,79.044205,171.68158,true,true,true,1.17645E9
19790772920125,6,36,33.5,28.5,41.840115,41.710533,true,true,true,1.17645E9
19790772920125,5,23,29.8,24.8,76.25328,225.64455,true,true,true,1.17645E9
19790772920125,5,25,26.9,21.9,35.08738,157.25748,true,true,true,1.17645E9
19790772920125,5,27,17.4,12.4,10.455829,246.15868,false,true,true,1.17645E9
19790772920125,5,28,25.7,20.7,49.608406,267.31122,true,true,true,1.17645E9
19790772920125,5,34,34.0,29.0,7.5157013,53.7543,true,true,true,1.17645E9
19790772920125,5,37,22.7,17.7,34.58737,313.9813,false,true,true,1.17645E9
19790772920125,5,38,33.0,28.0,57.88874,19.09498,true,true,true,1.17645E9
19790772920125,5,42,23.0,18.0,5.4120073,96.42543,true,false,true,1.17645E9
19790772920125,5,23,37.8,32.8,76.25328,225.64455,true,true,true,1.57542E9
19790772920125,5,25,41.8,36.8,35.08738,157.25748,true,true,true,1.57542E9
19790772920125,5,27,23.2,18.2,10.455829,246.15868,true,true,true,1.57542E9
19790772920125,5,28,38.9,33.9,49.608406,267.31122,true,true,true,1.57542E9
19790772920125,5,34,35.9,30.9,7.5157013,53.7543,false,true,true,1.57542E9
19790772920125,5,37,30.2,25.2,34.58737,313.9813,false,true,true,1.57542E9
19790772920125,5,38,36.7,31.7,57.88874,19.09498,true,true,true,1.57542E9
19790772920125,5,42,32.1,27.1,5.4120073,96.42543,true,false,true,1.57542E9
19791770791427,1,6,39.9,34.9,71.82889,33.8546,true,true,true,1.57542E9
19791770791427,1,11,41.4,36.4,67.20751,221.2712,true,true,true,1.57542E9
19791770791427,1,14,41.7,36.7,20.761066,126.17851,true,true,true,1.57542E9
19791770791427,1,17,44.6,39.6,24.384571,61.234203,true,true,true,1.57542E9
19791770791427,1,19,42.0,37.0,49.370075,29.61656,true,true,true,1.57542E9
19791770791427,1,21,39.9,34.9,17.518345,166.57326,true,true,true,1.57542E9
19791770791427,1,22,41.9,36.9,40.924557,115.49065,true,true,true,1.57542E9
19791770791427,1,24,29.2,24.2,37.151264,261.3042,true,true,true,1.57542E9
19791770791427,4,194,40.3,35.3,23.604813,97.0179,true,true,true,1.57542E9
19791770791427,4,195,37.3,32.3,32.21701,62.014374,true,true,true,1.57542E9
19791770791427,2,134,35.8,30.8,0.0,0.0,false,false,false,1.57542E9
19791770791427,3,9,35.2,30.2,81.66185,148.7656,false,false,true,1.600875E9
19791770791427,3,16,47.3,42.3,23.731276,147.23816,true,true,true,1.6014374E9
19791770791427,3,20,34.2,29.2,62.42595,279.15695,false,false,true,1.603125E9
19791770791427,3,19,39.8,34.8,41.452652,19.580093,true,true,true,1.6036876E9
19791770791427,3,21,29.1,24.1,24.81651,238.7768,true,true,true,1.60425E9
19791770791427,5,42,31.9,26.9,5.4120073,96.42543,true,false,true,1.561098E9
19791770791427,5,38,38.8,33.8,57.88874,19.09498,true,true,true,1.561098E9
19791770791427,5,37,38.5,33.5,34.58737,313.9813,true,true,true,1.561098E9
19791770791427,5,34,40.4,35.4,7.5157013,53.7543,true,true,true,1.561098E9
19791770791427,5,28,37.8,32.8,49.608406,267.31122,true,true,true,1.561098E9
19791770791427,5,25,48.7,43.7,35.08738,157.25748,true,true,true,1.561098E9
19791770791427,5,23,40.6,35.6,76.25328,225.64455,true,true,true,1.561098E9
19791770791427,5,13,37.7,32.7,68.27135,320.29843,true,true,true,1.561098E9
19791770791427,5,10,33.6,28.6,15.663169,162.58145,true,false,true,1.561098E9
19791770791427,5,9,43.3,38.3,22.402777,145.66512,true,false,true,1.561098E9
19791770791427,5,8,41.4,36.4,37.18223,48.354237,true,true,true,1.561098E9
19791770791427,5,7,24.0,19.0,5.805762,160.23549,false,false,true,1.561098E9
19791770791427,5,6,41.0,36.0,30.446934,119.6433,true,true,true,1.561098E9
19791770791427,5,3,38.2,33.2,39.472725,128.12805,false,false,true,1.561098E9
19791770791427,5,2,36.4,31.4,54.25361,175.11227,true,false,true,1.561098E9
19791770791427,5,1,45.5,40.5,15.824988,103.63155,true,false,true,1.561098E9
19791770791427,6,2,39.9,34.9,62.250828,82.92751,true,true,true,1.57542E9
19791770791427,6,15,29.3,24.3,27.57418,209.54988,true,true,true,1.57542E9
19791770791427,6,18,42.3,37.3,64.119026,3.246301,true,false,true,1.57542E9
19791770791427,6,25,37.2,32.2,13.91123,117.40616,true,true,true,1.57542E9
19791770791427,6,27,8.1,3.1,4.5813794,309.61627,false,false,true,1.57542E9
19791770791427,6,30,37.4,32.4,49.2451,329.32602,true,true,true,1.57542E9
19791770791427,6,34,33.4,28.4,79.044205,171.68158,true,true,true,1.57542E9
19791770791427,6,36,37.6,32.6,41.840115,41.710533,true,true,true,1.57542E9
19791770791427,1,6,30.0,25.0,71.82889,33.8546,true,true,true,1.17645E9
19791770791427,1,11,32.6,27.6,67.20751,221.2712,true,true,true,1.17645E9
19791770791427,1,14,34.3,29.3,20.761066,126.17851,true,true,true,1.17645E9
19791770791427,1,21,36.4,31.4,17.518345,166.57326,true,true,true,1.17645E9
19791770791427,1,24,25.1,20.1,37.151264,261.3042,true,true,true,1.17645E9
19791770791427,4,194,33.7,28.7,23.604813,97.0179,true,true,true,1.17645E9
19791770791427,4,195,28.7,23.7,32.21701,62.014374,true,true,true,1.17645E9
19791770791427,6,2,34.2,29.2,62.250828,82.92751,true,true,true,1.17645E9
19791770791427,6,15,26.6,21.6,27.57418,209.54988,true,true,true,1.17645E9
19791770791427,6,18,30.5,25.5,64.119026,3.246301,true,false,true,1.17645E9
19791770791427,6,25,26.6,21.6,13.91123,117.40616,true,true,true,1.17645E9
19791770791427,6,30,28.6,23.6,49.2451,329.32602,true,true,true,1.17645E9
19791770791427,6,34,24.1,19.1,79.044205,171.68158,true,true,true,1.17645E9
19791770791427,6,36,34.1,29.1,41.840115,41.710533,true,true,true,1.17645E9
19791770791427,5,23,30.4,25.4,76.25328,225.64455,true,true,true,1.17645E9
19791770791427,5,25,33.1,28.1,35.08738,157.25748,true,true,true,1.17645E9
19791770791427,5,27,17.4,12.4,10.455829,246.15868,false,true,true,1.17645E9
19791770791427,5,28,30.3,25.3,49.608406,267.31122,true,true,true,1.17645E9
19791770791427,5,34,37.7,32.7,7.5157013,53.7543,true,true,true,1.17645E9
19791770791427,5,37,33.6,28.6,34.58737,313.9813,true,true,true,1.17645E9
19791770791427,5,38,33.0,28.0,57.88874,19.09498,true,true,true,1.17645E9
19791770791427,5,42,22.9,17.9,5.4120073,96.42543,true,false,true,1.17645E9
19791770791427,5,23,39.9,34.9,76.25328,225.64455,true,true,true,1.57542E9
19791770791427,5,25,46.0,41.0,35.08738,157.25748,true,true,true,1.57542E9
19791770791427,5,27,23.2,18.2,10.455829,246.15868,true,true,true,1.57542E9
19791770791427,5,28,34.6,29.6,49.608406,267.31122,true,true,true,1.57542E9
19791770791427,5,34,37.6,32.6,7.5157013,53.7543,true,true,true,1.57542E9
19791770791427,5,37,36.2,31.2,34.58737,313.9813,true,true,true,1.57542E9
19791770791427,5,38,37.3,32.3,57.88874,19.09498,true,true,true,1.57542E9
19791770791427,5,42,30.3,25.3,5.4120073,96.42543,true,false,true,1.57542E9
19792771101010,1,6,41.3,36.3,71.82889,33.8546,true,true,true,1.57542E9
19792771101010,1,11,39.3,34.3,67.20751,221.2712,true,true,true,1.57542E9
19792771101010,1,12,34.9,29.9,24.911688,318.29565,true,false,true,1.57542E9
19792771101010,1,14,43.8,38.8,20.761066,126.17851,true,true,true,1.57542E9
19792771101010,1,17,41.9,36.9,24.384571,61.234203,true,true,true,1.57542E9
19792771101010,1,19,41.3,36.3,49.370075,29.61656,true,true,true,1.57542E9
19792771101010,1,21,35.2,30.2,17.518345,166.57326,true,true,true,1.57542E9
19792771101010,1,22,40.6,35.6,40.924557,115.49065,true,true,true,1.57542E9
19792771101010,1,24,32.3,27.3,37.151264,261.3042,true,true,true,1.57542E9
19792771101010,4,194,41.2,36.2,23.604813,97.0179,true,true,true,1.57542E9
19792771101010,4,195,39.3,34.3,32.21701,62.014374,true,true,true,1.57542E9
19792771101010,2,134,37.2,32.2,0.0,0.0,false,false,false,1.57542E9
19792771101010,3,9,36.1,31.1,81.66185,148.7656,false,false,true,1.600875E9
19792771101010,3,16,45.2,40.2,23.731276,147.23816,true,true,true,1.6014374E9
19792771101010,3,20,30.0,25.0,62.42595,279.15695,false,false,true,1.603125E9
19792771101010,3,19,34.9,29.9,41.452652,19.580093,true,true,true,1.6036876E9
19792771101010,3,21,27.1,22.1,24.81651,238.7768,true,true,true,1.60425E9
19792771101010,5,42,33.8,28.8,5.4120073,96.42543,true,false,true,1.561098E9
19792771101010,5,38,33.3,28.3,57.88874,19.09498,true,true,true,1.561098E9
19792771101010,5,37,42.0,37.0,34.58737,313.9813,true,true,true,1.561098E9
19792771101010,5,34,41.7,36.7,7.5157013,53.7543,true,true,true,1.561098E9
19792771101010,5,28,38.4,33.4,49.608406,267.31122,true,true,true,1.561098E9
19792771101010,5,25,47.0,42.0,35.08738,157.25748,true,true,true,1.561098E9
19792771101010,5,23,40.1,35.1,76.25328,225.64455,true,true,true,1.561098E9
19792771101010,5,13,39.5,34.5,68.27135,320.29843,true,true,true,1.561098E9
19792771101010,5,10,28.1,23.1,15.663169,162.58145,true,false,true,1.561098E9
19792771101010,5,9,43.0,38.0,22.402777,145.66512,true,false,true,1.561098E9
19792771101010,5,8,41.0,36.0,37.18223,48.354237,true,true,true,1.561098E9
19792771101010,5,7,24.0,19.0,5.805762,160.23549,false,false,true,1.561098E9
19792771101010,5,6,41.3,36.3,30.446934,119.6433,true,true,true,1.561098E9
19792771101010,5,3,40.9,35.9,39.472725,128.12805,false,false,true,1.561098E9
19792771101010,5,2,33.8,28.8,54.25361,175.11227,true,false,true,1.561098E9
19792771101010,5,1,42.5,37.5,15.824988,103.63155,true,false,true,1.561098E9
19792771101010,6,2,40.6,35.6,62.250828,82.92751,true,true,true,1.57542E9
19792771101010,6,15,30.1,25.1,27.57418,209.54988,true,true,true,1.57542E9
19792771101010,6,18,40.7,35.7,64.119026,3.246301,true,false,true,1.57542E9
19792771101010,6,25,34.0,29.0,13.91123,117.40616,true,true,true,1.57542E9
19792771101010,6,27,8.1,3.1,4.5813794,309.61627,false,false,true,1.57542E9
19792771101010,6,30,36.7,31.7,49.2451,329.32602,true,true,true,1.57542E9
19792771101010,6,34,36.5,31.5,79.044205,171.68158,true,true,true,1.57542E9
19792771101010,6,36,35.6,30.6,41.840115,41.710533,true,true,true,1.57542E9
19792771101010,1,6,31.3,26.3,71.82889,33.8546,true,true,true,1.17645E9
19792771101010,1,11,28.6,23.6,67.20751,221.2712,true,true,true,1.17645E9
19792771101010,1,14,34.7,29.7,20.761066,126.17851,true,true,true,1.17645E9
19792771101010,1,21,32.9,27.9,17.518345,166.57326,true,true,true,1.17645E9
19792771101010,1,24,21.5,16.5,37.151264,261.3042,true,true,true,1.17645E9
19792771101010,4,194,30.6,25.6,23.604813,97.0179,true,true,true,1.17645E9
19792771101010,4,195,27.9,22.9,32.21701,62.014374,true,true,true,1.17645E9
19792771101010,6,2,32.4,27.4,62.250828,82.92751,true,true,true,1.17645E9
19792771101010,6,15,24.3,19.3,27.57418,209.54988,true,true,true,1.17645E9
19792771101010,6,18,29.6,24.6,64.119026,3.246301,true,false,true,1.17645E9
19792771101010,6,25,23.5,18.5,13.91123,117.40616,true,true,true,1.17645E9
19792771101010,6,30,22.5,17.5,49.2451,329.32602,true,true,true,1.17645E9
19792771101010,6,34,25.9,20.9,79.044205,171.68158,true,true,true,1.17645E9
19792771101010,6,36,35.2,30.2,41.840115,41.710533,true,true,true,1.17645E9
19792771101010,5,23,28.1,23.1,76.25328,225.64455,true,true,true,1.17645E9
19792771101010,5,25,35.0,30.0,35.08738,157.25748,true,true,true,1.17645E9
19792771101010,5,27,17.4,12.4,10.455829,246.15868,false,true,true,1.17645E9
19792771101010,5,28,29.7,24.7,49.608406,267.31122,true,true,true,1.17645E9
19792771101010,5,34,36.0,31.0,7.5157013,53.7543,true,true,true,1.17645E9
19792771101010,5,37,37.0,32.0,34.58737,313.9813,true,true,true,1.17645E9
19792771101010,5,38,33.1,28.1,57.88874,19.09498,true,true,true,1.17645E9
19792771101010,5,42,21.4,16.4,5.4120073,96.42543,true,false,true,1.17645E9
19792771101010,5,23,38.9,33.9,76.25328,225.64455,true,true,true,1.57542E9
19792771101010,5,25,44.6,39.6,35.08738,157.25748,true,true,true,1.57542E9
19792771101010,5,27,23.2,18.2,10.455829,246.15868,true,true,true,1.57542E9
19792771101010,5,28,35.1,30.1,49.608406,267.31122,true,true,true,1.57542E9
19792771101010,5,34,39.5,34.5,7.5157013,53.7543,true,true,true,1.57542E9
19792771101010,5,37,40.5,35.5,34.58737,313.9813,true,true,true,1.57542E9
19792771101010,5,38,31.4,26.4,57.88874,19.09498,true,true,true,1.57542E9
19792771101010,5,42,32.3,27.3,5.4120073,96.42543,true,false,true,1.57542E9
19793770499083,1,6,41.4,36.4,71.82889,33.8546,true,true,true,1.57542E9
19793770499083,1,11,35.7,30.7,67.20751,221.2712,true,true,true,1.57542E9
19793770499083,1,12,37.8,32.8,24.911688,318.29565,true,false,true,1.57542E9
19793770499083,1,14,42.7,37.7,20.761066,126.17851,true,true,true,1.57542E9
19793770499083,1,17,38.6,33.6,24.384571,61.234203,true,true,true,1.57542E9
19793770499083,1,19,40.4,35.4,49.370075,29.61656,true,true,true,1.57542E9
19793770499083,1,21,34.6,29.6,17.518345,166.57326,true,true,true,1.57542E9
19793770499083,1,22,44.5,39.5,40.924557,115.49065,true,true,true,1.57542E9
19793770499083,1,24,33.1,28.1,37.151264,261.3042,true,true,true,1.57542E9
19793770499083,4,194,41.2,36.2,23.604813,97.0179,true,true,true,1.57542E9
19793770499083,4,195,34.1,29.1,32.21701,62.014374,true,true,true,1.57542E9
19793770499083,2,134,34.4,29.4,0.0,0.0,false,false,false,1.57542E9
19793770499083,3,9,36.3,31.3,81.66185,148.7656,false,false,true,1.600875E9
19793770499083,3,16,44.7,39.7,23.731276,147.23816,true,true,true,1.6014374E9
19793770499083,3,20,31.7,26.7,62.42595,279.15695,false,false,true,1.603125E9
19793770499083,3,19,37.0,32.0,41.452652,19.580093,true,true,true,1.6036876E9
19793770499083,3,21,34.5,29.5,24.81651,238.7768,true,true,true,1.60425E9
19793770499083,5,42,33.2,28.2,5.4120073,96.42543,true,false,true,1.561098E9
19793770499083,5,38,35.1,30.1,57.88874,19.09498,true,true,true,1.561098E9
19793770499083,5,37,38.9,33.9,34.58737,313.9813,true,true,true,1.561098E9
19793770499083,5,34,41.0,36.0,7.5157013,53.7543,true,true,true,1.561098E9
19793770499083,5,33,29.8,24.8,2.5242438,145.99773,false,false,true,1.561098E9
19793770499083,5,28,40.1,35.1,49.608406,267.31122,true,true,true,1.561098E9
19793770499083,5,25,43.0,38.0,35.08738,157.25748,true,true,true,1.561098E9
19793770499083,5,23,39.5,34.5,76.25328,225.64455,true,true,true,1.561098E9
19793770499083,5,13,42.5,37.5,68.27135,320.29843,true,true,true,1.561098E9
19793770499083,5,10,29.4,24.4,15.663169,162.58145,true,false,true,1.561098E9
19793770499083,5,9,43.4,38.4,22.402777,145.66512,true,false,true,1.561098E9
19793770499083,5,8,40.3,35.3,37.18223,48.354237,true,true,true,1.561098E9
19793770499083,5,7,24.4,19.4,5.805762,160.23549,false,false,true,1.561098E9
19793770499083,5,6,43.5,38.5,30.446934,119.6433,true,true,true,1.561098E9
19793770499083,5,3,43.3,38.3,39.472725,128.12805,false,false,true,1.561098E9
19793770499083,5,2,33.0,28.0,54.25361,175.11227,true,false,true,1.561098E9
19793770499083,5,1,39.0,34.0,15.824988,103.63155,true,false,true,1.561098E9
19793770499083,6,2,40.8,35.8,62.250828,82.92751,true,true,true,1.57542E9
19793770499083,6,15,34.4,29.4,27.57418,209.54988,true,true,true,1.57542E9
19793770499083,6,18,38.6,33.6,64.119026,3.246301,true,false,true,1.57542E9
19793770499083,6,25,32.8,27.8,13.91123,117.40616,true,true,true,1.57542E9
19793770499083,6,27,8.1,3.1,4.5813794,309.61627,false,false,true,1.57542E9
19793770499083,6,30,42.3,37.3,49.2451,329.32602,true,true,true,1.57542E9
19793770499083,6,34,36.5,31.5,79.044205,171.68158,true,true,true,1.57542E9
19793770499083,6,36,29.3,24.3,41.840115,41.710533,true,true,true,1.57542E9
19793770499083,1,6,28.3,23.3,71.82889,33.8546,true,true,true,1.17645E9
19793770499083,1,11,24.8,19.8,67.20751,221.2712,true,true,true,1.17645E9
19793770499083,1,14,32.6,27.6,20.761066,126.17851,true,true,true,1.17645E9
19793770499083,1,21,27.2,22.2,17.518345,166.57326,true,true,true,1.17645E9
19793770499083,1,24,27.3,22.3,37.151264,261.3042,true,true,true,1.17645E9
19793770499083,4,194,31.2,26.2,23.604813,97.0179,true,true,true,1.17645E9
19793770499083,4,195,25.6,20.6,32.21701,62.014374,true,true,true,1.17645E9
19793770499083,6,2,33.0,28.0,62.250828,82.92751,true,true,true,1.17645E9
19793770499083,6,15,30.6,25.6,27.57418,209.54988,true,true,true,1.17645E9
19793770499083,6,18,30.8,25.8,64.119026,3.246301,true,false,true,1.17645E9
19793770499083,6,25,29.0,24.0,13.91123,117.40616,true,true,true,1.17645E9
19793770499083,6,30,25.2,20.2,49.2451,329.32602,true,true,true,1.17645E9
19793770499083,6,34,23.0,18.0,79.044205,171.68158,true,true,true,1.17645E9
19793770499083,6,36,35.7,30.7,41.840115,41.710533,true,true,true,1.17645E9
19793770499083,5,23,25.8,20.8,76.25328,225.64455,true,true,true,1.17645E9
19793770499083,5,25,33.8,28.8,35.08738,157.25748,true,true,true,1.17645E9
19793770499083,5,27,17.4,12.4,10.455829,246.15868,false,true,true,1.17645E9
19793770499083,5,28,25.8,20.8,49.608406,267.31122,true,true,true,1.17645E9
19793770499083,5,34,32.9,27.9,7.5157013,53.7543,true,true,true,1.17645E9
19793770499083,5,37,30.4,25.4,34.58737,313.9813,true,true,true,1.17645E9
19793770499083,5,38,33.0,28.0,57.88874,19.09498,true,true,true,1.17645E9
19793770499083,5,42,21.4,16.4,5.4120073,96.42543,true,false,true,1.17645E9
19793770499083,5,23,37.0,32.0,76.25328,225.64455,true,true,true,1.57542E9
19793770499083,5,25,40.5,35.5,35.08738,157.25748,true,true,true,1.57542E9
19793770499083,5,27,23.2,18.2,10.455829,246.15868,true,true,true,1.57542E9
19793770499083,5,28,37.5,32.5,49.608406,267.31122,true,true,true,1.57542E9
19793770499083,5,34,38.7,33.7,7.5157013,53.7543,true,true,true,1.57542E9
19793770499083,5,37,37.1,32.1,34.58737,313.9813,true,true,true,1.57542E9
19793770499083,5,38,34.6,29.6,57.88874,19.09498,true,true,true,1.57542E9
19793770499083,5,42,30.2,25.2,5.4120073,96.42543,true,false,true,1.57542E9
19794767197728,1,6,40.9,35.9,71.82889,33.8546,true,true,true,1.57542E9
19794767197728,1,11,36.5,31.5,67.20751,221.2712,true,true,true,1.57542E9
19794767197728,1,12,37.4,32.4,24.911688,318.29565,true,false,true,1.57542E9
19794767197728,1,14,40.2,35.2,20.761066,126.17851,true,true,true,1.57542E9
19794767197728,1,17,41.6,36.6,24.384571,61.234203,true,true,true,1.57542E9
19794767197728,1,19,41.3,36.3,49.370075,29.61656,true,true,true,1.57542E9
19794767197728,1,21,39.0,34.0,17.518345,166.57326,true,true,true,1.57542E9
19794767197728,1,22,45.0,40.0,40.924557,115.49065,true,true,true,1.57542E9
19794767197728,1,24,35.4,30.4,37.151264,261.3042,true,true,true,1.57542E9
19794767197728,4,194,39.3,34.3,23.604813,97.0179,true,true,true,1.57542E9
19794767197728,4,195,39.6,34.6,32.21701,62.014374,true,true,true,1.57542E9
19794767197728,2,134,33.1,28.1,0.0,0.0,false,false,false,1.57542E9
19794767197728,3,9,35.1,30.1,81.66185,148.7656,false,false,true,1.600875E9
19794767197728,3,16,42.8,37.8,23.731276,147.23816,true,true,true,1.6014374E9
19794767197728,3,20,30.7,25.7,62.42595,279.15695,false,false,true,1.603125E9
19794767197728,3,19,38.5,33.5,41.452652,19.580093,true,true,true,1.6036876E9
19794767197728,3,21,37.0,32.0,24.81651,238.7768,true,true,true,1.60425E9
19794767197728,5,42,33.1,28.1,5.4120073,96.42543,true,false,true,1.561098E9
19794767197728,5,38,36.5,31.5,57.88874,19.09498,true,true,true,1.561098E9
19794767197728,5,37,40.4,35.4,34.58737,313.9813,true,true,true,1.561098E9
19794767197728,5,34,37.8,32.8,7.5157013,53.7543,true,true,true,1.561098E9
19794767197728,5,33,26.3,21.3,2.5242438,145.99773,false,false,true,1.561098E9
19794767197728,5,28,38.7,33.7,49.608406,267.31122,true,true,true,1.561098E9
19794767197728,5,25,42.2,37.2,35.08738,157.25748,true,true,true,1.561098E9
19794767197728,5,23,41.9,36.9,76.25328,225.64455,true,true,true,1.561098E9
19794767197728,5,13,45.0,40.0,68.27135,320.29843,true,true,true,1.561098E9
19794767197728,5,10,30.2,25.2,15.663169,162.58145,true,false,true,1.561098E9
19794767197728,5,9,41.1,36.1,22.402777,145.66512,true,false,true,1.561098E9
19794767197728,5,8,39.7,34.7,37.18223,48.354237,true,true,true,1.561098E9
19794767197728,5,7,25.6,20.6,5.805762,160.23549,false,false,true,1.561098E9
19794767197728,5,6,46.8,41.8,30.446934,119.6433,true,true,true,1.561098E9
19794767197728,5,3,40.5,35.5,39.472725,128.12805,false,false,true,1.561098E9
19794767197728,5,2,37.0,32.0,54.25361,175.11227,true,false,true,1.561098E9
19794767197728,5,1,36.1,31.1,15.824988,103.63155,true,false,true,1.561098E9
19794767197728,6,2,40.4,35.4,62.250828,82.92751,true,true,true,1.57542E9
19794767197728,6,15,33.6,28.6,27.57418,209.54988,true,true,true,1.57542E9
19794767197728,6,18,40.8,35.8,64.119026,3.246301,true,false,true,1.57542E9
19794767197728,6,25,36.5,31.5,13.91123,117.40616,true,true,true,1.57542E9
19794767197728,6,27,8.1,3.1,4.5813794,309.61627,false,false,true,1.57542E9
19794767197728,6,30,40.0,35.0,49.2451,329.32602,true,true,true,1.57542E9
19794767197728,6,34,35.4,30.4,79.044205,171.68158,true,true,true,1.57542E9
19794767197728,6,36,29.4,24.4,41.840115,41.710533,true,true,true,1.57542E9
19794767197728,1,6,27.1,22.1,71.82889,33.8546,true,true,true,1.17645E9
19794767197728,1,11,26.8,21.8,67.20751,221.2712,true,true,true,1.17645E9
19794767197728,1,14,32.5,27.5,20.761066,126.17851,true,true,true,1.17645E9
19794767197728,1,21,29.6,24.6,17.518345,166.57326,true,true,true,1.17645E9
19794767197728,1,24,29.9,24.9,37.151264,261.3042,true,true,true,1.17645E9
19794767197728,4,194,31.0,26.0,23.604813,97.0179,true,true,true,1.17645E9
19794767197728,4,195,27.9,22.9,32.21701,62.014374,true,true,true,1.17645E9
19794767197728,6,2,35.6,30.6,62.250828,82.92751,true,true,true,1.17645E9
19794767197728,6,15,29.4,24.4,27.57418,209.54988,true,true,true,1.17645E9
19794767197728,6,18,33.3,28.3,64.119026,3.246301,true,false,true,1.17645E9
19794767197728,6,25,29.8,24.8,13.91123,117.40616,true,true,true,1.17645E9
19794767197728,6,30,28.4,23.4,49.2451,329.32602,true,true,true,1.17645E9
19794767197728,6,34,22.9,17.9,79.044205,171.68158,true,true,true,1.17645E9
19794767197728,6,36,35.3,30.3,41.840115,41.710533,true,true,true,1.17645E9
19794767197728,5,23,25.7,20.7,76.25328,225.64455,true,true,true,1.17645E9
19794767197728,5,25,32.5,27.5,35.08738,157.25748,true,true,true,1.17645E9
19794767197728,5,27,17.4,12.4,10.455829,246.15868,false,true,true,1.17645E9
19794767197728,5,28,29.8,24.8,49.608406,267.31122,true,true,true,1.17645E9
19794767197728,5,34,31.7,26.7,7.5157013,53.7543,true,true,true,1.17645E9
19794767197728,5,37,29.7,24.7,34.58737,313.9813,true,true,true,1.17645E9
19794767197728,5,38,33.7,28.7,57.88874,19.09498,true,true,true,1.17645E9
19794767197728,5,42,21.4,16.4,5.4120073,96.42543,true,false,true,1.17645E9
19794767197728,5,23,39.6,34.6,76.25328,225.64455,true,true,true,1.57542E9
19794767197728,5,25,41.3,36.3,35.08738,157.25748,true,true,true,1.57542E9
19794767197728,5,27,23.2,18.2,10.455829,246.15868,true,true,true,1.57542E9
19794767197728,5,28,36.7,31.7,49.608406,267.31122,true,true,true,1.57542E9
19794767197728,5,34,36.0,31.0,7.5157013,53.7543,true,true,true,1.57542E9
19794767197728,5,37,38.4,33.4,34.58737,313.9813,true,true,true,1.57542E9
19794767197728,5,38,35.3,30.3,57.88874,19.09498,true,true,true,1.57542E9
19794767197728,5,42,29.2,24.2,5.4120073,96.42543,true,false,true,1.57542E9
19795766908405,1,6,40.6,35.6,71.82889,33.8546,true,true,true,1.57542E9
19795766908405,1,11,35.8,30.8,67.20751,221.2712,true,true,true,1.57542E9
19795766908405,1,12,35.5,30.5,24.911688,318.29565,true,false,true,1.57542E9
19795766908405,1,14,41.3,36.3,20.761066,126.17851,true,true,true,1.57542E9
19795766908405,1,17,42.1,37.1,24.384571,61.234203,true,true,true,1.57542E9
19795766908405,1,19,39.1,34.1,49.370075,29.61656,true,true,true,1.57542E9
19795766908405,1,21,38.3,33.3,17.518345,166.57326,true,true,true,1.57542E9
19795766908405,1,22,44.6,39.6,40.924557,115.49065,true,true,true,1.57542E9
19795766908405,1,24,35.3,30.3,37.151264,261.3042,true,true,true,1.57542E9
19795766908405,4,194,39.5,34.5,23.604813,97.0179,true,true,true,1.57542E9
19795766908405,4,195,41.1,36.1,32.21701,62.014374,true,true,true,1.57542E9
19795766908405,2,134,33.7,28.7,0.0,0.0,false,false,false,1.57542E9
19795766908405,3,9,35.6,30.6,81.66185,148.7656,false,false,true,1.600875E9
19795766908405,3,16,43.2,38.2,23.731276,147.23816,true,true,true,1.6014374E9
19795766908405,3,20,32.9,27.9,62.42595,279.15695,false,false,true,1.603125E9
19795766908405,3,19,38.3,33.3,41.452652,19.580093,true,true,true,1.6036876E9
19795766908405,3,21,37.8,32.8,24.81651,238.7768,true,true,true,1.60425E9
19795766908405,5,42,28.6,23.6,5.4120073,96.42543,true,false,true,1.561098E9
19795766908405,5,38,37.2,32.2,57.88874,19.09498,true,true,true,1.561098E9
19795766908405,5,37,40.5,35.5,34.58737,313.9813,true,true,true,1.561098E9
19795766908405,5,34,35.9,30.9,7.5157013,53.7543,true,true,true,1.561098E9
19795766908405,5,33,25.1,20.1,2.5242438,145.99773,false,false,true,1.561098E9
19795766908405,5,28,39.2,34.2,49.608406,267.31122,true,true,true,1.561098E9
19795766908405,5,25,44.7,39.7,35.08738,157.25748,true,true,true,1.561098E9
19795766908405,5,23,41.2,36.2,76.25328,225.64455,true,true,true,1.561098E9
19795766908405,5,14,28.8,23.8,2.695912,75.00786,false,false,true,1.561098E9
19795766908405,5,13,45.0,40.0,68.27135,320.29843,true,true,true,1.561098E9
19795766908405,5,10,28.1,23.1,15.663169,162.58145,true,false,true,1.561098E9
19795766908405,5,9,39.5,34.5,22.402777,145.66512,true,false,true,1.561098E9
19795766908405,5,8,39.3,34.3,37.18223,48.354237,true,true,true,1.561098E9
19795766908405,5,7,28.5,23.5,5.805762,160.23549,true,false,true,1.561098E9
19795766908405,5,6,47.3,42.3,30.446934,119.6433,true,true,true,1.561098E9
19795766908405,5,3,39.3,34.3,39.472725,128.12805,false,false,true,1.561098E9
19795766908405,5,2,37.5,32.5,54.25361,175.11227,true,false,true,1.561098E9
19795766908405,5,1,33.5,28.5,15.824988,103.63155,true,false,true,1.561098E9
19795766908405,6,2,41.6,36.6,62.250828,82.92751,true,true,true,1.57542E9
19795766908405,6,15,31.3,26.3,27.57418,209.54988,true,true,true,1.57542E9
19795766908405,6,18,40.0,35.0,64.119026,3.246301,true,false,true,1.57542E9
19795766908405,6,25,38.3,33.3,13.91123,117.40616,true,true,true,1.57542E9
19795766908405,6,27,8.1,3.1,4.5813794,309.61627,false,false,true,1.57542E9
19795766908405,6,30,39.5,34.5,49.2451,329.32602,true,true,true,1.57542E9
19795766908405,6,34,36.6,31.6,79.044205,171.68158,true,true,true,1.57542E9
19795766908405,6,36,33.1,28.1,41.840115,41.710533,true,true,true,1.57542E9
19795766908405,1,6,24.8,19.8,71.82889,33.8546,true,true,true,1.17645E9
19795766908405,1,11,27.0,22.0,67.20751,221.2712,true,true,true,1.17645E9
19795766908405,1,14,34.9,29.9,20.761066,126.17851,true,true,true,1.17645E9
19795766908405,1,21,32.5,27.5,17.518345,166.57326,true,true,true,1.17645E9
19795766908405,1,24,29.3,24.3,37.151264,261.3042,true,true,true,1.17645E9
19795766908405,4,194,29.9,24.9,23.604813,97.0179,true,true,true,1.17645E9
19795766908405,4,195,26.9,21.9,32.21701,62.014374,true,true,true,1.17645E9
19795766908405,6,2,31.5,26.5,62.250828,82.92751,true,true,true,1.17645E9
19795766908405,6,15,31.3,26.3,27.57418,209.54988,true,true,true,1.17645E9
19795766908405,6,18,29.2,24.2,64.119026,3.246301,true,false,true,1.17645E9
19795766908405,6,25,23.0,18.0,13.91123,117.40616,true,true,true,1.17645E9
19795766908405,6,30,22.7,17.7,49.2451,329.32602,true,true,true,1.17645E9
19795766908405,6,34,22.9,17.9,79.044205,171.68158,true,true,true,1.17645E9
19795766908405,6,36,35.5,30.5,41.840115,41.710533,true,true,true,1.17645E9
19795766908405,5,23,25.7,20.7,76.25328,225.64455,true,true,true,1.17645E9
19795766908405,5,25,33.3,28.3,35.08738,157.25748,true,true,true,1.17645E9
19795766908405,5,27,17.4,12.4,10.455829,246.15868,false,true,true,1.17645E9
19795766908405,5,28,23.6,18.6,49.608406,267.31122,true,true,true,1.17645E9
19795766908405,5,34,27.2,22.2,7.5157013,53.7543,true,true,true,1.17645E9
19795766908405,5,37,34.8,29.8,34.58737,313.9813,true,true,true,1.17645E9
19795766908405,5,38,31.1,26.1,57.88874,19.09498,true,true,true,1.17645E9
19795766908405,5,42,21.4,16.4,5.4120073,96.42543,true,false,true,1.17645E9
19795766908405,5,23,39.2,34.2,76.25328,225.64455,true,true,true,1.57542E9
19795766908405,5,25,42.7,37.7,35.08738,157.25748,true,true,true,1.57542E9
19795766908405,5,27,16.0,11.0,10.455829,246.15868,false,true,true,1.57542E9
19795766908405,5,28,36.9,31.9,49.608406,267.31122,true,true,true,1.57542E9
19795766908405,5,34,34.2,29.2,7.5157013,53.7543,true,true,true,1.57542E9
19795766908405,5,37,38.9,33.9,34.58737,313.9813,true,true,true,1.57542E9
19795766908405,5,38,37.4,32.4,57.88874,19.09498,true,true,true,1.57542E9
19795766908405,5,42,24.5,19.5,5.4120073,96.42543,true,false,true,1.57542E9
19796770018717,1,6,41.3,36.3,71.82889,33.8546,true,true,true,1.57542E9
19796770018717,1,11,35.5,30.5,67.20751,221.2712,true,true,true,1.57542E9
19796770018717,1,12,35.3,30.3,24.911688,318.29565,true,false,true,1.57542E9
19796770018717,1,14,39.5,34.5,20.761066,126.17851,true,true,true,1.57542E9
19796770018717,1,17,42.4,37.4,24.384571,61.234203,true,true,true,1.57542E9
19796770018717,1,19,40.1,35.1,49.370075,29.61656,true,true,true,1.57542E9
19796770018717,1,21,33.1,28.1,17.518345,166.57326,true,true,true,1.57542E9
19796770018717,1,22,44.1,39.1,40.924557,115.49065,true,true,true,1.57542E9
19796770018717,1,24,33.9,28.9,37.151264,261.3042,true,true,true,1.57542E9
19796770018717,4,194,34.2,29.2,23.604813,97.0179,true,true,true,1.57542E9
19796770018717,4,195,41.6,36.6,32.21701,62.014374,true,true,true,1.57542E9
19796770018717,2,134,32.6,27.6,0.0,0.0,false,false,false,1.57542E9
19796770018717,3,9,36.6,31.6,81.66185,148.7656,false,false,true,1.600875E9
19796770018717,3,16,39.0,34.0,23.731276,147.23816,true,true,true,1.6014374E9
19796770018717,3,20,31.7,26.7,62.42595,279.15695,false,false,true,1.603125E9
19796770018717,3,19,34.7,29.7,41.452652,19.580093,true,true,true,1.6036876E9
19796770018717,3,21,37.7,32.7,24.81651,238.7768,true,true,true,1.60425E9
19796770018717,5,42,28.3,23.3,5.4120073,96.42543,true,false,true,1.561098E9
19796770018717,5,38,33.6,28.6,57.88874,19.09498,true,true,true,1.561098E9
19796770018717,5,37,41.7,36.7,34.58737,313.9813,true,true,true,1.561098E9
19796770018717,5,34,34.6,29.6,7.5157013,53.7543,true,true,true,1.561098E9
19796770018717,5,33,26.1,21.1,2.5242438,145.99773,false,false,true,1.561098E9
19796770018717,5,28,39.6,34.6,49.608406,267.31122,true,true,true,1.561098E9
19796770018717,5,25,44.7,39.7,35.08738,157.25748,true,true,true,1.561098E9
19796770018717,5,23,41.8,36.8,76.25328,225.64455,true,true,true,1.561098E9
19796770018717,5,14,26.9,21.9,2.695912,75.00786,false,false,true,1.561098E9
19796770018717,5,13,44.2,39.2,68.27135,320.29843,true,true,true,1.561098E9
19796770018717,5,10,30.1,25.1,15.663169,162.58145,true,false,true,1.561098E9
19796770018717,5,9,36.2,31.2,22.402777,145.66512,true,false,true,1.561098E9
19796770018717,5,8,39.6,34.6,37.18223,48.354237,true,true,true,1.561098E9
19796770018717,5,7,28.3,23.3,5.805762,160.23549,true,false,true,1.561098E9
19796770018717,5,6,46.6,41.6,30.446934,119.6433,true,true,true,1.561098E9
19796770018717,5,3,39.4,34.4,39.472725,128.12805,false,false,true,1.561098E9
19796770018717,5,2,37.9,32.9,54.25361,175.11227,true,false,true,1.561098E9
19796770018717,5,1,33.2,28.2,15.824988,103.63155,true,false,true,1.561098E9
19796770018717,6,2,42.1,37.1,62.250828,82.92751,true,true,true,1.57542E9
19796770018717,6,15,32.7,27.7,27.57418,209.54988,true,true,true,1.57542E9
19796770018717,6,18,38.8,33.8,64.119026,3.246301,true,false,true,1.57542E9
19796770018717,6,25,32.9,27.9,13.91123,117.40616,true,true,true,1.57542E9
19796770018717,6,27,8.1,3.1,4.5813794,309.61627,false,false,true,1.57542E9
19796770018717,6,30,37.5,32.5,49.2451,329.32602,true,true,true,1.57542E9
19796770018717,6,34,37.9,32.9,79.044205,171.68158,true,true,true,1.57542E9
19796770018717,6,36,31.7,26.7,41.840115,41.710533,true,true,true,1.57542E9
19796770018717,1,6,27.7,22.7,71.82889,33.8546,true,true,true,1.17645E9
19796770018717,1,11,29.4,24.4,67.20751,221.2712,true,true,true,1.17645E9
19796770018717,1,14,34.7,29.7,20.761066,126.17851,true,true,true,1.17645E9
19796770018717,1,21,28.5,23.5,17.518345,166.57326,true,true,true,1.17645E9
19796770018717,1,24,31.1,26.1,37.151264,261.3042,true,true,true,1.17645E9
19796770018717,4,194,26.5,21.5,23.604813,97.0179,true,true,true,1.17645E9
19796770018717,4,195,26.9,21.9,32.21701,62.014374,true,true,true,1.17645E9
19796770018717,6,2,33.6,28.6,62.250828,82.92751,true,true,true,1.17645E9
19796770018717,6,15,32.8,27.8,27.57418,209.54988,true,true,true,1.17645E9
19796770018717,6,18,31.8,26.8,64.119026,3.246301,true,false,true,1.17645E9
19796770018717,6,25,23.7,18.7,13.91123,117.40616,true,true,true,1.17645E9
19796770018717,6,30,26.6,21.6,49.2451,329.32602,true,true,true,1.17645E9
19796770018717,6,34,19.3,14.3,79.044205,171.68158,true,true,true,1.17645E9
19796770018717,6,36,34.6,29.6,41.840115,41.710533,true,true,true,1.17645E9
19796770018717,5,23,27.0,22.0,76.25328,225.64455,true,true,true,1.17645E9
19796770018717,5,25,33.8,28.8,35.08738,157.25748,true,true,true,1.17645E9
19796770018717,5,27,17.4,12.4,10.455829,246.15868,false,true,true,1.17645E9
19796770018717,5,28,24.4,19.4,49.608406,267.31122,true,true,true,1.17645E9
19796770018717,5,34,24.4,19.4,7.5157013,53.7543,true,true,true,1.17645E9
19796770018717,5,37,35.3,30.3,34.58737,313.9813,true,true,true,1.17645E9
19796770018717,5,38,28.3,23.3,57.88874,19.09498,true,true,true,1.17645E9
19796770018717,5,42,18.3,13.3,5.4120073,96.42543,true,false,true,1.17645E9
19796770018717,5,23,39.7,34.7,76.25328,225.64455,true,true,true,1.57542E9
19796770018717,5,25,42.6,37.6,35.08738,157.25748,true,true,true,1.57542E9
19796770018717,5,27,16.0,11.0,10.455829,246.15868,false,true,true,1.57542E9
19796770018717,5,28,37.6,32.6,49.608406,267.31122,true,true,true,1.57542E9
19796770018717,5,34,33.3,28.3,7.5157013,53.7543,true,true,true,1.57542E9
19796770018717,5,37,39.7,34.7,34.58737,313.9813,true,true,true,1.57542E9
19796770018717,5,38,33.2,28.2,57.88874,19.09498,true,true,true,1.57542E9
19796770018717,5,42,27.0,22.0,5.4120073,96.42543,true,false,true,1.57542E9
19797770700539,1,6,41.7,36.7,71.82889,33.8546,true,true,true,1.57542E9
19797770700539,1,11,33.6,28.6,67.20751,221.2712,true,true,true,1.57542E9
19797770700539,1,12,35.6,30.6,24.911688,318.29565,true,false,true,1.57542E9
19797770700539,1,14,38.5,33.5,20.761066,126.17851,true,true,true,1.57542E9
19797770700539,1,17,40.8,35.8,24.384571,61.234203,true,true,true,1.57542E9
19797770700539,1,19,40.4,35.4,49.370075,29.61656,true,true,true,1.57542E9
19797770700539,1,21,30.7,25.7,17.518345,166.57326,true,true,true,1.57542E9
19797770700539,1,22,44.6,39.6,40.924557,115.49065,true,true,true,1.57542E9
19797770700539,1,24,34.9,29.9,37.151264,261.3042,true,true,true,1.57542E9
19797770700539,4,194,33.0,28.0,23.604813,97.0179,true,true,true,1.57542E9
19797770700539,4,195,41.9,36.9,32.21701,62.014374,true,true,true,1.57542E9
19797770700539,2,134,34.0,29.0,0.0,0.0,false,false,false,1.57542E9
19797770700539,3,9,36.9,31.9,81.66185,148.7656,false,false,true,1.600875E9
19797770700539,3,16,38.2,33.2,23.731276,147.23816,true,true,true,1.6014374E9
19797770700539,3,20,32.1,27.1,62.42595,279.15695,false,false,true,1.603125E9
19797770700539,3,19,34.3,29.3,41.452652,19.580093,true,true,true,1.6036876E9
19797770700539,3,21,37.6,32.6,24.81651,238.7768,true,true,true,1.60425E9
19797770700539,5,42,26.5,21.5,5.4120073,96.42543,true,false,true,1.561098E9
19797770700539,5,38,34.8,29.8,57.88874,19.09498,true,true,true,1.561098E9
19797770700539,5,37,41.0,36.0,34.58737,313.9813,true,true,true,1.561098E9
19797770700539,5,34,31.2,26.2,7.5157013,53.7543,true,true,true,1.561098E9
19797770700539,5,33,26.1,21.1,2.5242438,145.99773,false,false,true,1.561098E9
19797770700539,5,28,40.1,35.1,49.608406,267.31122,true,true,true,1.561098E9
19797770700539,5,25,44.1,39.1,35.08738,157.25748,true,true,true,1.561098E9
19797770700539,5,23,41.1,36.1,76.25328,225.64455,true,true,true,1.561098E9
19797770700539,5,14,26.9,21.9,2.695912,75.00786,false,false,true,1.561098E9
19797770700539,5,13,43.9,38.9,68.27135,320.29843,true,true,true,1.561098E9
19797770700539,5,10,28.1,23.1,15.663169,162.58145,true,false,true,1.561098E9
19797770700539,5,9,36.0,31.0,22.402777,145.66512,true,false,true,1.561098E9
19797770700539,5,8,40.6,35.6,37.18223,48.354237,true,true,true,1.561098E9
19797770700539,5,7,25.1,20.1,5.805762,160.23549,true,false,true,1.561098E9
19797770700539,5,6,45.9,40.9,30.446934,119.6433,true,true,true,1.561098E9
19797770700539,5,3,38.3,33.3,39.472725,128.12805,false,false,true,1.561098E9
19797770700539,5,2,39.7,34.7,54.25361,175.11227,true,false,true,1.561098E9
19797770700539,5,1,33.8,28.8,15.824988,103.63155,true,false,true,1.561098E9
19797770700539,6,2,42.4,37.4,62.250828,82.92751,true,true,true,1.57542E9
19797770700539,6,15,32.9,27.9,27.57418,209.54988,true,true,true,1.57542E9
19797770700539,6,18,39.2,34.2,64.119026,3.246301,true,false,true,1.57542E9
19797770700539,6,25,30.3,25.3,13.91123,117.40616,true,true,true,1.57542E9
19797770700539,6,27,8.1,3.1,4.5813794,309.61627,false,false,true,1.57542E9
19797770700539,6,30,37.0,32.0,49.2451,329.32602,true,true,true,1.57542E9
19797770700539,6,34,37.8,32.8,79.044205,171.68158,true,true,true,1.57542E9
19797770700539,6,36,30.6,25.6,41.840115,41.710533,true,true,true,1.57542E9
19797770700539,1,6,27.7,22.7,71.82889,33.8546,true,true,true,1.17645E9
19797770700539,1,11,30.4,25.4,67.20751,221.2712,true,true,true,1.17645E9
19797770700539,1,14,33.4,28.4,20.761066,126.17851,true,true,true,1.17645E9
19797770700539,1,21,26.8,21.8,17.518345,166.57326,true,true,true,1.17645E9
19797770700539,1,24,31.9,26.9,37.151264,261.3042,true,true,true,1.17645E9
19797770700539,4,194,23.4,18.4,23.604813,97.0179,true,true,true,1.17645E9
19797770700539,4,195,23.3,18.3,32.21701,62.014374,true,true,true,1.17645E9
19797770700539,6,2,34.2,29.2,62.250828,82.92751,true,true,true,1.17645E9
19797770700539,6,15,30.8,25.8,27.57418,209.54988,true,true,true,1.17645E9
19797770700539,6,18,32.0,27.0,64.119026,3.246301,true,false,true,1.17645E9
19797770700539,6,25,22.0,17.0,13.91123,117.40616,true,true,true,1.17645E9
19797770700539,6,30,23.7,18.7,49.2451,329.32602,true,true,true,1.17645E9
19797770700539,6,34,20.2,15.2,79.044205,171.68158,true,true,true,1.17645E9
19797770700539,6,36,34.1,29.1,41.840115,41.710533,true,true,true,1.17645E9
19797770700539,5,23,25.1,20.1,76.25328,225.64455,true,true,true,1.17645E9
19797770700539,5,25,31.2,26.2,35.08738,157.25748,true,true,true,1.17645E9
19797770700539,5,27,17.4,12.4,10.455829,246.15868,false,true,true,1.17645E9
19797770700539,5,28,23.9,18.9,49.608406,267.31122,true,true,true,1.17645E9
19797770700539,5,34,25.3,20.3,7.5157013,53.7543,true,true,true,1.17645E9
19797770700539,5,37,34.1,29.1,34.58737,313.9813,true,true,true,1.17645E9
19797770700539,5,38,27.2,22.2,57.88874,19.09498,true,true,true,1.17645E9
19797770700539,5,42,22.2,17.2,5.4120073,96.42543,true,false,true,1.17645E9
19797770700539,5,23,38.6,33.6,76.25328,225.64455,true,true,true,1.57542E9
19797770700539,5,25,42.2,37.2,35.08738,157.25748,true,true,true,1.57542E9
19797770700539,5,27,16.0,11.0,10.455829,246.15868,false,true,true,1.57542E9
19797770700539,5,28,37.5,32.5,49.608406,267.31122,true,true,true,1.57542E9
19797770700539,5,34,28.3,23.3,7.5157013,53.7543,true,true,true,1.57542E9
19797770700539,5,37,40.1,35.1,34.58737,313.9813,true,true,true,1.57542E9
19797770700539,5,38,34.1,29.1,57.88874,19.09498,true,true,true,1.57542E9
19797770700539,5,42,26.9,21.9,5.4120073,96.42543,true,false,true,1.57542E9
19798773748195,1,6,42.0,37.0,71.82889,33.8546,true,true,true,1.57542E9
19798773748195,1,11,36.8,31.8,67.20751,221.2712,true,true,true,1.57542E9
19798773748195,1,12,32.8,27.8,24.911688,318.29565,true,false,true,1.57542E9
19798773748195,1,14,35.5,30.5,20.761066,126.17851,true,true,true,1.57542E9
19798773748195,1,17,38.7,33.7,24.384571,61.234203,true,true,true,1.57542E9
19798773748195,1,19,40.7,35.7,49.370075,29.61656,true,true,true,1.57542E9
19798773748195,1,21,29.8,24.8,17.518345,166.57326,true,true,true,1.57542E9
19798773748195,1,22,43.0,38.0,40.924557,115.49065,true,true,true,1.57542E9
19798773748195,1,24,35.5,30.5,37.151264,261.3042,true,true,true,1.57542E9
19798773748195,4,194,37.1,32.1,23.604813,97.0179,true,true,true,1.57542E9
19798773748195,4,195,41.0,36.0,32.21701,62.014374,true,true,true,1.57542E9
19798773748195,2,134,32.9,27.9,0.0,0.0,false,false,false,1.57542E9
19798773748195,3,9,35.8,30.8,81.66185,148.7656,false,false,true,1.600875E9
19798773748195,3,16,35.0,30.0,23.731276,147.23816,true,true,true,1.6014374E9
19798773748195,3,20,34.5,29.5,62.42595,279.15695,false,false,true,1.603125E9
19798773748195,3,19,37.0,32.0,41.452652,19.580093,true,true,true,1.6036876E9
19798773748195,3,21,37.4,32.4,24.81651,238.7768,true,true,true,1.60425E9
19798773748195,5,38,32.6,27.6,57.88874,19.09498,true,true,true,1.561098E9
19798773748195,5,37,40.7,35.7,34.58737,313.9813,true,true,true,1.561098E9
19798773748195,5,34,28.8,23.8,7.5157013,53.7543,true,true,true,1.561098E9
19798773748195,5,33,22.2,17.2,2.5242438,145.99773,false,false,true,1.561098E9
19798773748195,5,28,39.7,34.7,49.608406,267.31122,true,true,true,1.561098E9
19798773748195,5,27,27.6,22.6,10.455829,246.15868,false,true,true,1.561098E9
19798773748195,5,25,43.5,38.5,35.08738,157.25748,true,true,true,1.561098E9
19798773748195,5,23,41.5,36.5,76.25328,225.64455,true,true,true,1.561098E9
19798773748195,5,13,45.1,40.1,68.27135,320.29843,true,true,true,1.561098E9
19798773748195,5,10,27.0,22.0,15.663169,162.58145,true,false,true,1.561098E9
19798773748195,5,9,32.2,27.2,22.402777,145.66512,true,false,true,1.561098E9
19798773748195,5,8,40.5,35.5,37.18223,48.354237,true,true,true,1.561098E9
19798773748195,5,7,25.9,20.9,5.805762,160.23549,true,false,true,1.561098E9
19798773748195,5,6,43.7,38.7,30.446934,119.6433,true,true,true,1.561098E9
19798773748195,5,3,38.0,33.0,39.472725,128.12805,false,false,true,1.561098E9
19798773748195,5,2,38.6,33.6,54.25361,175.11227,true,false,true,1.561098E9
19798773748195,5,1,36.9,31.9,15.824988,103.63155,true,false,true,1.561098E9
19798773748195,6,2,41.6,36.6,62.250828,82.92751,true,true,true,1.57542E9
19798773748195,6,15,32.3,27.3,27.57418,209.54988,true,true,true,1.57542E9
19798773748195,6,18,40.4,35.4,64.119026,3.246301,true,false,true,1.57542E9
19798773748195,6,25,30.7,25.7,13.91123,117.40616,true,true,true,1.57542E9
19798773748195,6,27,8.1,3.1,4.5813794,309.61627,false,false,true,1.57542E9
19798773748195,6,30,37.1,32.1,49.2451,329.32602,true,true,true,1.57542E9
19798773748195,6,34,38.4,33.4,79.044205,171.68158,true,true,true,1.57542E9
19798773748195,6,36,29.1,24.1,41.840115,41.710533,true,true,true,1.57542E9
19798773748195,1,6,27.5,22.5,71.82889,33.8546,true,true,true,1.17645E9
19798773748195,1,11,30.5,25.5,67.20751,221.2712,true,true,true,1.17645E9
19798773748195,1,14,27.5,22.5,20.761066,126.17851,true,true,true,1.17645E9
19798773748195,1,21,27.4,22.4,17.518345,166.57326,true,true,true,1.17645E9
19798773748195,1,24,31.1,26.1,37.151264,261.3042,true,true,true,1.17645E9
19798773748195,4,194,28.1,23.1,23.604813,97.0179,true,true,true,1.17645E9
19798773748195,4,195,25.5,20.5,32.21701,62.014374,true,true,true,1.17645E9
19798773748195,6,2,35.1,30.1,62.250828,82.92751,true,true,true,1.17645E9
19798773748195,6,15,29.1,24.1,27.57418,209.54988,true,true,true,1.17645E9
19798773748195,6,18,34.2,29.2,64.119026,3.246301,true,false,true,1.17645E9
19798773748195,6,25,21.4,16.4,13.91123,117.40616,true,true,true,1.17645E9
19798773748195,6,30,23.2,18.2,49.2451,329.32602,true,true,true,1.17645E9
19798773748195,6,34,20.2,15.2,79.044205,171.68158,true,true,true,1.17645E9
19798773748195,6,36,34.8,29.8,41.840115,41.710533,true,true,true,1.17645E9
19798773748195,5,23,25.7,20.7,76.25328,225.64455,true,true,true,1.17645E9
19798773748195,5,25,29.7,24.7,35.08738,157.25748,true,true,true,1.17645E9
19798773748195,5,27,17.4,12.4,10.455829,246.15868,false,true,true,1.17645E9
19798773748195,5,28,24.7,19.7,49.608406,267.31122,true,true,true,1.17645E9
19798773748195,5,34,21.6,16.6,7.5157013,53.7543,true,true,true,1.17645E9
19798773748195,5,37,36.7,31.7,34.58737,313.9813,true,true,true,1.17645E9
19798773748195,5,38,30.4,25.4,57.88874,19.09498,true,true,true,1.17645E9
19798773748195,5,42,22.2,17.2,5.4120073,96.42543,true,false,true,1.17645E9
19798773748195,5,23,39.2,34.2,76.25328,225.64455,true,true,true,1.57542E9
19798773748195,5,25,41.4,36.4,35.08738,157.25748,true,true,true,1.57542E9
19798773748195,5,27,18.2,13.2,10.455829,246.15868,false,true,true,1.57542E9
19798773748195,5,28,37.8,32.8,49.608406,267.31122,true,true,true,1.57542E9
19798773748195,5,34,27.5,22.5,7.5157013,53.7543,true,true,true,1.57542E9
19798773748195,5,37,39.3,34.3,34.58737,313.9813,true,true,true,1.57542E9
19798773748195,5,38,32.7,27.7,57.88874,19.09498,true,true,true,1.57542E9
19798773748195,5,42,26.6,21.6,5.4120073,96.42543,true,false,true,1.57542E9
19799771291580,1,6,40.9,35.9,71.82889,33.8546,true,true,true,1.57542E9
19799771291580,1,11,35.4,30.4,67.20751,221.2712,true,true,true,1.57542E9
19799771291580,1,12,34.5,29.5,24.911688,318.29565,true,false,true,1.57542E9
19799771291580,1,14,36.6,31.6,20.761066,126.17851,true,true,true,1.57542E9
19799771291580,1,17,38.9,33.9,24.384571,61.234203,true,true,true,1.57542E9
19799771291580,1,19,41.5,36.5,49.370075,29.61656,true,true,true,1.57542E9
19799771291580,1,21,31.2,26.2,17.518345,166.57326,true,true,true,1.57542E9
19799771291580,1,22,41.3,36.3,40.924557,115.49065,true,true,true,1.57542E9
19799771291580,1,24,36.0,31.0,37.151264,261.3042,true,true,true,1.57542E9
19799771291580,4,194,35.9,30.9,23.604813,97.0179,true,true,true,1.57542E9
19799771291580,4,195,41.2,36.2,32.21701,62.014374,true,true,true,1.57542E9
19799771291580,2,134,32.3,27.3,0.0,0.0,false,false,false,1.57542E9
19799771291580,3,9,36.0,31.0,81.66185,148.7656,false,false,true,1.600875E9
19799771291580,3,16,36.6,31.6,23.731276,147.23816,true,true,true,1.6014374E9
19799771291580,3,20,33.4,28.4,62.42595,279.15695,false,false,true,1.603125E9
19799771291580,3,19,37.0,32.0,41.452652,19.580093,true,true,true,1.6036876E9
19799771291580,3,21,37.9,32.9,24.81651,238.7768,true,true,true,1.60425E9
19799771291580,5,38,34.6,29.6,57.88874,19.09498,true,true,true,1.561098E9
19799771291580,5,37,39.8,34.8,34.58737,313.9813,true,true,true,1.561098E9
19799771291580,5,34,34.0,29.0,7.5157013,53.7543,true,true,true,1.561098E9
19799771291580,5,33,24.6,19.6,2.5242438,145.99773,false,false,true,1.561098E9
19799771291580,5,28,39.6,34.6,49.608406,267.31122,true,true,true,1.561098E9
19799771291580,5,27,29.2,24.2,10.455829,246.15868,true,true,true,1.561098E9
19799771291580,5,25,40.0,35.0,35.08738,157.25748,true,true,true,1.561098E9
19799771291580,5,23,42.1,37.1,76.25328,225.64455,true,true,true,1.561098E9
19799771291580,5,13,45.7,40.7,68.27135,320.29843,true,true,true,1.561098E9
19799771291580,5,10,27.3,22.3,15.663169,162.58145,true,false,true,1.561098E9
19799771291580,5,9,34.2,29.2,22.402777,145.66512,true,false,true,1.561098E9
19799771291580,5,8,40.9,35.9,37.18223,48.354237,true,true,true,1.561098E9
19799771291580,5,7,26.6,21.6,5.805762,160.23549,true,false,true,1.561098E9
19799771291580,5,6,42.4,37.4,30.446934,119.6433,true,true,true,1.561098E9
19799771291580,5,3,34.1,29.1,39.472725,128.12805,false,false,true,1.561098E9
19799771291580,5,2,40.3,35.3,54.25361,175.11227,true,false,true,1.561098E9
19799771291580,5,1,35.1,30.1,15.824988,103.63155,true,false,true,1.561098E9
19799771291580,6,2,42.0,37.0,62.250828,82.92751,true,true,true,1.57542E9
19799771291580,6,15,32.3,27.3,27.57418,209.54988,true,true,true,1.57542E9
19799771291580,6,18,40.7,35.7,64.119026,3.246301,true,false,true,1.57542E9
19799771291580,6,25,37.0,32.0,13.91123,117.40616,true,true,true,1.57542E9
19799771291580,6,27,8.1,3.1,4.5813794,309.61627,false,false,true,1.57542E9
19799771291580,6,30,36.5,31.5,49.2451,329.32602,true,true,true,1.57542E9
19799771291580,6,34,36.7,31.7,79.044205,171.68158,true,true,true,1.57542E9
19799771291580,6,36,27.6,22.6,41.840115,41.710533,true,true,true,1.57542E9
19799771291580,1,6,27.5,22.5,71.82889,33.8546,true,true,true,1.17645E9
19799771291580,1,11,26.9,21.9,67.20751,221.2712,true,true,true,1.17645E9
19799771291580,1,14,30.1,25.1,20.761066,126.17851,true,true,true,1.17645E9
19799771291580,1,21,25.9,20.9,17.518345,166.57326,true,true,true,1.17645E9
19799771291580,1,24,32.2,27.2,37.151264,261.3042,true,true,true,1.17645E9
19799771291580,4,194,27.7,22.7,23.604813,97.0179,true,true,true,1.17645E9
19799771291580,4,195,26.6,21.6,32.21701,62.014374,true,true,true,1.17645E9
19799771291580,6,2,35.0,30.0,62.250828,82.92751,true,true,true,1.17645E9
19799771291580,6,15,28.9,23.9,27.57418,209.54988,true,true,true,1.17645E9
19799771291580,6,18,33.1,28.1,64.119026,3.246301,true,false,true,1.17645E9
19799771291580,6,25,26.8,21.8,13.91123,117.40616,true,true,true,1.17645E9
19799771291580,6,30,25.1,20.1,49.2451,329.32602,true,true,true,1.17645E9
19799771291580,6,34,22.4,17.4,79.044205,171.68158,true,true,true,1.17645E9
19799771291580,6,36,35.6,30.6,41.840115,41.710533,true,true,true,1.17645E9
19799771291580,5,23,25.3,20.3,76.25328,225.64455,true,true,true,1.17645E9
19799771291580,5,25,29.1,24.1,35.08738,157.25748,true,true,true,1.17645E9
19799771291580,5,27,17.4,12.4,10.455829,246.15868,false,true,true,1.17645E9
19799771291580,5,28,23.8,18.8,49.608406,267.31122,true,true,true,1.17645E9
19799771291580,5,34,22.9,17.9,7.5157013,53.7543,true,true,true,1.17645E9
19799771291580,5,37,34.5,29.5,34.58737,313.9813,true,true,true,1.17645E9
19799771291580,5,38,32.5,27.5,57.88874,19.09498,true,true,true,1.17645E9
19799771291580,5,42,22.2,17.2,5.4120073,96.42543,true,false,true,1.17645E9
19799771291580,5,23,40.8,35.8,76.25328,225.64455,true,true,true,1.57542E9
19799771291580,5,25,38.4,33.4,35.08738,157.25748,true,true,true,1.57542E9
19799771291580,5,27,26.3,21.3,10.455829,246.15868,false,true,true,1.57542E9
19799771291580,5,28,36.3,31.3,49.608406,267.31122,true,true,true,1.57542E9
19799771291580,5,34,31.0,26.0,7.5157013,53.7543,true,true,true,1.57542E9
19799771291580,5,37,37.7,32.7,34.58737,313.9813,true,true,true,1.57542E9
19799771291580,5,38,32.2,27.2,57.88874,19.09498,true,true,true,1.57542E9
19799771291580,5,42,26.6,21.6,5.4120073,96.42543,true,false,true,1.57542E9
19800773385330,1,6,39.4,34.4,71.82889,33.8546,true,true,true,1.57542E9
19800773385330,1,11,34.1,29.1,67.20751,221.2712,true,true,true,1.57542E9
19800773385330,1,12,37.0,32.0,24.911688,318.29565,true,false,true,1.57542E9
19800773385330,1,14,38.2,33.2,20.761066,126.17851,true,true,true,1.57542E9
19800773385330,1,17,40.5,35.5,24.384571,61.234203,true,true,true,1.57542E9
19800773385330,1,19,39.7,34.7,49.370075,29.61656,true,true,true,1.57542E9
19800773385330,1,21,32.4,27.4,17.518345,166.57326,true,true,true,1.57542E9
19800773385330,1,22,39.5,34.5,40.924557,115.49065,true,true,true,1.57542E9
19800773385330,1,24,36.4,31.4,37.151264,261.3042,true,true,true,1.57542E9
19800773385330,4,194,37.0,32.0,23.604813,97.0179,true,true,true,1.57542E9
19800773385330,4,195,39.5,34.5,32.21701,62.014374,true,true,true,1.57542E9
19800773385330,2,134,32.5,27.5,0.0,0.0,false,false,false,1.57542E9
19800773385330,3,9,36.4,31.4,81.66185,148.7656,false,false,true,1.600875E9
19800773385330,3,16,37.6,32.6,23.731276,147.23816,true,true,true,1.6014374E9
19800773385330,3,20,34.6,29.6,62.42595,279.15695,false,false,true,1.603125E9
19800773385330,3,19,37.4,32.4,41.452652,19.580093,true,true,true,1.6036876E9
19800773385330,3,21,38.6,33.6,24.81651,238.7768,true,true,true,1.60425E9
19800773385330,5,42,28.5,23.5,5.4120073,96.42543,true,false,true,1.561098E9
19800773385330,5,38,33.3,28.3,57.88874,19.09498,true,true,true,1.561098E9
19800773385330,5,37,39.8,34.8,34.58737,313.9813,true,true,true,1.561098E9
19800773385330,5,34,35.1,30.1,7.5157013,53.7543,true,true,true,1.561098E9
19800773385330,5,33,25.3,20.3,2.5242438,145.99773,false,false,true,1.561098E9
19800773385330,5,28,39.5,34.5,49.608406,267.31122,true,true,true,1.561098E9
19800773385330,5,27,29.4,24.4,10.455829,246.15868,true,true,true,1.561098E9
19800773385330,5,25,37.4,32.4,35.08738,157.25748,true,true,true,1.561098E9
19800773385330,5,23,42.3,37.3,76.25328,225.64455,true,true,true,1.561098E9
19800773385330,5,14,23.4,18.4,2.695912,75.00786,false,false,true,1.561098E9
19800773385330,5,13,44.5,39.5,68.27135,320.29843,true,true,true,1.561098E9
19800773385330,5,10,30.9,25.9,15.663169,162.58145,true,false,true,1.561098E9
19800773385330,5,9,34.2,29.2,22.402777,145.66512,true,false,true,1.561098E9
19800773385330,5,8,39.9,34.9,37.18223,48.354237,true,true,true,1.561098E9
19800773385330,5,7,26.9,21.9,5.805762,160.23549,true,false,true,1.561098E9
19800773385330,5,6,41.8,36.8,30.446934,119.6433,true,true,true,1.561098E9
19800773385330,5,3,34.7,29.7,39.472725,128.12805,false,false,true,1.561098E9
19800773385330,5,2,40.4,35.4,54.25361,175.11227,true,false,true,1.561098E9
19800773385330,5,1,35.1,30.1,15.824988,103.63155,true,false,true,1.561098E9
19800773385330,6,2,41.0,36.0,62.250828,82.92751,true,true,true,1.57542E9
19800773385330,6,15,33.2,28.2,27.57418,209.54988,true,true,true,1.57542E9
19800773385330,6,18,40.8,35.8,64.119026,3.246301,true,false,true,1.57542E9
19800773385330,6,25,31.1,26.1,13.91123,117.40616,true,true,true,1.57542E9
19800773385330,6,27,8.1,3.1,4.5813794,309.61627,false,false,true,1.57542E9
19800773385330,6,30,36.2,31.2,49.2451,329.32602,true,true,true,1.57542E9
19800773385330,6,34,37.7,32.7,79.044205,171.68158,true,true,true,1.57542E9
19800773385330,6,36,30.1,25.1,41.840115,41.710533,true,true,true,1.57542E9
19800773385330,1,6,24.0,19.0,71.82889,33.8546,true,true,true,1.17645E9
19800773385330,1,11,29.3,24.3,67.20751,221.2712,true,true,true,1.17645E9
19800773385330,1,14,31.8,26.8,20.761066,126.17851,true,true,true,1.17645E9
19800773385330,1,21,24.4,19.4,17.518345,166.57326,true,true,true,1.17645E9
19800773385330,1,24,34.2,29.2,37.151264,261.3042,true,true,true,1.17645E9
19800773385330,4,194,24.3,19.3,23.604813,97.0179,true,true,true,1.17645E9
19800773385330,4,195,25.7,20.7,32.21701,62.014374,true,true,true,1.17645E9
19800773385330,6,2,31.0,26.0,62.250828,82.92751,true,true,true,1.17645E9
19800773385330,6,15,30.6,25.6,27.57418,209.54988,true,true,true,1.17645E9
19800773385330,6,18,33.1,28.1,64.119026,3.246301,true,false,true,1.17645E9
19800773385330,6,25,23.2,18.2,13.91123,117.40616,true,true,true,1.17645E9
19800773385330,6,30,25.2,20.2,49.2451,329.32602,true,true,true,1.17645E9
19800773385330,6,34,20.5,15.5,79.044205,171.68158,true,true,true,1.17645E9
19800773385330,6,36,34.5,29.5,41.840115,41.710533,true,true,true,1.17645E9
19800773385330,5,23,25.1,20.1,76.25328,225.64455,true,true,true,1.17645E9
19800773385330,5,25,25.7,20.7,35.08738,157.25748,true,true,true,1.17645E9
19800773385330,5,27,17.4,12.4,10.455829,246.15868,false,true,true,1.17645E9
19800773385330,5,28,24.9,19.9,49.608406,267.31122,true,true,true,1.17645E9
19800773385330,5,34,22.9,17.9,7.5157013,53.7543,true,true,true,1.17645E9
19800773385330,5,37,35.4,30.4,34.58737,313.9813,true,true,true,1.17645E9
19800773385330,5,38,32.9,27.9,57.88874,19.09498,true,true,true,1.17645E9
19800773385330,5,42,19.3,14.3,5.4120073,96.42543,true,false,true,1.17645E9
19800773385330,5,23,40.2,35.2,76.25328,225.64455,true,true,true,1.57542E9
19800773385330,5,25,36.4,31.4,35.08738,157.25748,true,true,true,1.57542E9
19800773385330,5,27,26.5,21.5,10.455829,246.15868,true,true,true,1.57542E9
19800773385330,5,28,37.3,32.3,49.608406,267.31122,true,true,true,1.57542E9
19800773385330,5,34,31.7,26.7,7.5157013,53.7543,true,true,true,1.57542E9
19800773385330,5,37,37.7,32.7,34.58737,313.9813,true,true,true,1.57542E9
19800773385330,5,38,30.5,25.5,57.88874,19.09498,true,true,true,1.57542E9
19800773385330,5,42,27.0,22.0,5.4120073,96.42543,true,false,true,1.57542E9
19801769425173,1,6,40.0,35.0,71.82889,33.8546,true,true,true,1.57542E9
19801769425173,1,11,32.1,27.1,67.20751,221.2712,true,true,true,1.57542E9
19801769425173,1,12,30.9,25.9,24.911688,318.29565,true,false,true,1.57542E9
19801769425173,1,14,36.7,31.7,20.761066,126.17851,true,true,true,1.57542E9
19801769425173,1,17,40.5,35.5,24.384571,61.234203,true,true,true,1.57542E9
19801769425173,1,19,39.3,34.3,49.370075,29.61656,true,true,true,1.57542E9
19801769425173,1,21,34.0,29.0,17.518345,166.57326,true,true,true,1.57542E9
19801769425173,1,22,39.8,34.8,40.924557,115.49065,true,true,true,1.57542E9
19801769425173,1,24,36.4,31.4,37.151264,261.3042,true,true,true,1.57542E9
19801769425173,4,194,35.6,30.6,23.604813,97.0179,true,true,true,1.57542E9
19801769425173,4,195,38.6,33.6,32.21701,62.014374,true,true,true,1.57542E9
19801769425173,2,134,32.4,27.4,0.0,0.0,false,false,false,1.57542E9
19801769425173,3,9,35.7,30.7,81.66185,148.7656,false,false,true,1.600875E9
19801769425173,3,16,38.5,33.5,23.731276,147.23816,true,true,true,1.6014374E9
19801769425173,3,20,35.6,30.6,62.42595,279.15695,false,false,true,1.603125E9
19801769425173,3,19,37.9,32.9,41.452652,19.580093,true,true,true,1.6036876E9
19801769425173,3,21,37.7,32.7,24.81651,238.7768,true,true,true,1.60425E9
19801769425173,5,42,30.3,25.3,5.4120073,96.42543,true,false,true,1.561098E9
19801769425173,5,38,35.9,30.9,57.88874,19.09498,true,true,true,1.561098E9
19801769425173,5,37,37.3,32.3,34.58737,313.9813,true,true,true,1.561098E9
19801769425173,5,34,32.0,27.0,7.5157013,53.7543,true,true,true,1.561098E9
19801769425173,5,33,25.9,20.9,2.5242438,145.99773,false,false,true,1.561098E9
19801769425173,5,28,40.8,35.8,49.608406,267.31122,true,true,true,1.561098E9
19801769425173,5,27,32.0,27.0,10.455829,246.15868,true,true,true,1.561098E9
19801769425173,5,25,40.0,35.0,35.08738,157.25748,true,true,true,1.561098E9
19801769425173,5,23,41.7,36.7,76.25328,225.64455,true,true,true,1.561098E9
19801769425173,5,14,23.4,18.4,2.695912,75.00786,false,false,true,1.561098E9
19801769425173,5,13,44.3,39.3,68.27135,320.29843,true,true,true,1.561098E9
19801769425173,5,10,31.4,26.4,15.663169,162.58145,true,false,true,1.561098E9
19801769425173,5,9,34.9,29.9,22.402777,145.66512,true,false,true,1.561098E9
19801769425173,5,8,38.9,33.9,37.18223,48.354237,true,true,true,1.561098E9
19801769425173,5,7,30.4,25.4,5.805762,160.23549,true,false,true,1.561098E9
19801769425173,5,6,41.8,36.8,30.446934,119.6433,true,true,true,1.561098E9
19801769425173,5,3,35.0,30.0,39.472725,128.12805,false,false,true,1.561098E9
19801769425173,5,2,38.8,33.8,54.25361,175.11227,true,false,true,1.561098E9
19801769425173,5,1,36.0,31.0,15.824988,103.63155,true,false,true,1.561098E9
19801769425173,6,2,40.7,35.7,62.250828,82.92751,true,true,true,1.57542E9
19801769425173,6,15,31.7,26.7,27.57418,209.54988,true,true,true,1.57542E9
19801769425173,6,18,40.0,35.0,64.119026,3.246301,true,false,true,1.57542E9
19801769425173,6,25,28.9,23.9,13.91123,117.40616,true,true,true,1.57542E9
19801769425173,6,27,8.1,3.1,4.5813794,309.61627,false,false,true,1.57542E9
19801769425173,6,30,34.4,29.4,49.2451,329.32602,true,true,true,1.57542E9
19801769425173,6,34,38.3,33.3,79.044205,171.68158,true,true,true,1.57542E9
19801769425173,6,36,32.5,27.5,41.840115,41.710533,true,true,true,1.57542E9
19801769425173,1,6,24.8,19.8,71.82889,33.8546,true,true,true,1.17645E9
19801769425173,1,11,31.0,26.0,67.20751,221.2712,true,true,true,1.17645E9
19801769425173,1,14,31.1,26.1,20.761066,126.17851,true,true,true,1.17645E9
19801769425173,1,21,23.5,18.5,17.518345,166.57326,true,true,true,1.17645E9
19801769425173,1,24,33.3,28.3,37.151264,261.3042,true,true,true,1.17645E9
19801769425173,4,194,26.5,21.5,23.604813,97.0179,true,true,true,1.17645E9
19801769425173,4,195,22.8,17.8,32.21701,62.014374,true,true,true,1.17645E9
19801769425173,6,2,31.3,26.3,62.250828,82.92751,true,true,true,1.17645E9
19801769425173,6,15,30.1,25.1,27.57418,209.54988,true,true,true,1.17645E9
19801769425173,6,18,31.7,26.7,64.119026,3.246301,true,false,true,1.17645E9
19801769425173,6,25,23.1,18.1,13.91123,117.40616,true,true,true,1.17645E9
19801769425173,6,30,25.8,20.8,49.2451,329.32602,true,true,true,1.17645E9
19801769425173,6,34,20.5,15.5,79.044205,171.68158,true,true,true,1.17645E9
19801769425173,6,36,32.6,27.6,41.840115,41.710533,true,true,true,1.17645E9
19801769425173,5,23,25.5,20.5,76.25328,225.64455,true,true,true,1.17645E9
19801769425173,5,25,26.8,21.8,35.08738,157.25748,true,true,true,1.17645E9
19801769425173,5,27,17.4,12.4,10.455829,246.15868,false,true,true,1.17645E9
19801769425173,5,28,24.5,19.5,49.608406,267.31122,true,true,true,1.17645E9
19801769425173,5,34,22.9,17.9,7.5157013,53.7543,true,true,true,1.17645E9
19801769425173,5,37,33.4,28.4,34.58737,313.9813,true,true,true,1.17645E9
19801769425173,5,38,30.3,25.3,57.88874,19.09498,true,true,true,1.17645E9
19801769425173,5,42,24.7,19.7,5.4120073,96.42543,true,false,true,1.17645E9
19801769425173,5,23,39.3,34.3,76.25328,225.64455,true,true,true,1.57542E9
19801769425173,5,25,37.4,32.4,35.08738,157.25748,true,true,true,1.57542E9
19801769425173,5,27,28.8,23.8,10.455829,246.15868,true,true,true,1.57542E9
19801769425173,5,28,38.9,33.9,49.608406,267.31122,true,true,true,1.57542E9
19801769425173,5,34,31.1,26.1,7.5157013,53.7543,true,true,true,1.57542E9
19801769425173,5,37,36.3,31.3,34.58737,313.9813,true,true,true,1.57542E9
19801769425173,5,38,33.4,28.4,57.88874,19.09498,true,true,true,1.57542E9
19801769425173,5,42,26.4,21.4,5.4120073,96.42543,true,false,true,1.57542E9
19802771621527,1,6,39.5,34.5,71.82889,33.8546,true,true,true,1.57542E9
19802771621527,1,11,32.3,27.3,67.20751,221.2712,true,true,true,1.57542E9
19802771621527,1,12,26.4,21.4,24.911688,318.29565,true,false,true,1.57542E9
19802771621527,1,14,37.8,32.8,20.761066,126.17851,true,true,true,1.57542E9
19802771621527,1,17,34.3,29.3,24.384571,61.234203,true,true,true,1.57542E9
19802771621527,1,19,41.1,36.1,49.370075,29.61656,true,true,true,1.57542E9
19802771621527,1,21,33.2,28.2,17.518345,166.57326,true,true,true,1.57542E9
19802771621527,1,22,36.9,31.9,40.924557,115.49065,true,true,true,1.57542E9
19802771621527,1,24,36.2,31.2,37.151264,261.3042,true,true,true,1.57542E9
19802771621527,4,194,35.8,30.8,23.604813,97.0179,true,true,true,1.57542E9
19802771621527,4,195,39.6,34.6,32.21701,62.014374,true,true,true,1.57542E9
19802771621527,2,134,33.0,28.0,0.0,0.0,false,false,false,1.57542E9
19802771621527,3,9,35.9,30.9,81.66185,148.7656,false,false,true,1.600875E9
19802771621527,3,16,36.0,31.0,23.731276,147.23816,true,true,true,1.6014374E9
19802771621527,3,20,33.8,28.8,62.42595,279.15695,false,false,true,1.603125E9
19802771621527,3,19,36.6,31.6,41.452652,19.580093,true,true,true,1.6036876E9
19802771621527,3,21,39.8,34.8,24.81651,238.7768,true,true,true,1.60425E9
19802771621527,5,42,32.1,27.1,5.4120073,96.42543,true,false,true,1.561098E9
19802771621527,5,38,35.4,30.4,57.88874,19.09498,true,true,true,1.561098E9
19802771621527,5,37,29.5,24.5,34.58737,313.9813,true,true,true,1.561098E9
19802771621527,5,34,25.7,20.7,7.5157013,53.7543,true,true,true,1.561098E9
19802771621527,5,33,23.8,18.8,2.5242438,145.99773,false,false,true,1.561098E9
19802771621527,5,28,41.1,36.1,49.608406,267.31122,true,true,true,1.561098E9
19802771621527,5,27,34.6,29.6,10.455829,246.15868,true,true,true,1.561098E9
19802771621527,5,25,36.3,31.3,35.08738,157.25748,true,true,true,1.561098E9
19802771621527,5,23,40.9,35.9,76.25328,225.64455,true,true,true,1.561098E9
19802771621527,5,14,23.4,18.4,2.695912,75.00786,false,false,true,1.561098E9
19802771621527,5,13,43.9,38.9,68.27135,320.29843,true,true,true,1.561098E9
19802771621527,5,10,27.0,22.0,15.663169,162.58145,true,false,true,1.561098E9
19802771621527,5,9,33.1,28.1,22.402777,145.66512,true,false,true,1.561098E9
19802771621527,5,8,39.9,34.9,37.18223,48.354237,true,true,true,1.561098E9
19802771621527,5,7,25.1,20.1,5.805762,160.23549,true,false,true,1.561098E9
19802771621527,5,6,38.6,33.6,30.446934,119.6433,true,true,true,1.561098E9
19802771621527,5,3,32.7,27.7,39.472725,128.12805,false,false,true,1.561098E9
19802771621527,5,2,38.6,33.6,54.25361,175.11227,true,false,true,1.561098E9
19802771621527,5,1,33.7,28.7,15.824988,103.63155,true,false,true,1.561098E9
19802771621527,6,2,39.6,34.6,62.250828,82.92751,true,true,true,1.57542E9
19802771621527,6,15,32.3,27.3,27.57418,209.54988,true,true,true,1.57542E9
19802771621527,6,18,41.4,36.4,64.119026,3.246301,true,false,true,1.57542E9
19802771621527,6,25,27.5,22.5,13.91123,117.40616,true,true,true,1.57542E9
19802771621527,6,27,8.1,3.1,4.5813794,309.61627,false,false,true,1.57542E9
19802771621527,6,30,34.7,29.7,49.2451,329.32602,true,true,true,1.57542E9
19802771621527,6,34,37.0,32.0,79.044205,171.68158,true,true,true,1.57542E9
19802771621527,6,36,32.7,27.7,41.840115,41.710533,true,true,true,1.57542E9
19802771621527,1,6,27.0,22.0,71.82889,33.8546,true,true,true,1.17645E9
19802771621527,1,11,31.4,26.4,67.20751,221.2712,true,true,true,1.17645E9
19802771621527,1,14,26.2,21.2,20.761066,126.17851,true,true,true,1.17645E9
19802771621527,1,21,22.2,17.2,17.518345,166.57326,true,true,true,1.17645E9
19802771621527,1,24,33.5,28.5,37.151264,261.3042,true,true,true,1.17645E9
19802771621527,4,194,28.1,23.1,23.604813,97.0179,true,true,true,1.17645E9
19802771621527,4,195,22.0,17.0,32.21701,62.014374,true,true,true,1.17645E9
19802771621527,6,2,30.7,25.7,62.250828,82.92751,true,true,true,1.17645E9
19802771621527,6,15,26.6,21.6,27.57418,209.54988,true,true,true,1.17645E9
19802771621527,6,18,31.0,26.0,64.119026,3.246301,true,false,true,1.17645E9
19802771621527,6,25,21.7,16.7,13.91123,117.40616,true,true,true,1.17645E9
19802771621527,6,30,24.4,19.4,49.2451,329.32602,true,true,true,1.17645E9
19802771621527,6,34,20.2,15.2,79.044205,171.68158,true,true,true,1.17645E9
19802771621527,6,36,33.8,28.8,41.840115,41.710533,true,true,true,1.17645E9
19802771621527,5,23,24.2,19.2,76.25328,225.64455,true,true,true,1.17645E9
19802771621527,5,25,21.7,16.7,35.08738,157.25748,true,true,true,1.17645E9
19802771621527,5,27,17.4,12.4,10.455829,246.15868,false,true,true,1.17645E9
19802771621527,5,28,24.9,19.9,49.608406,267.31122,true,true,true,1.17645E9
19802771621527,5,34,22.9,17.9,7.5157013,53.7543,true,true,true,1.17645E9
19802771621527,5,37,23.7,18.7,34.58737,313.9813,true,true,true,1.17645E9
19802771621527,5,38,30.0,25.0,57.88874,19.09498,true,true,true,1.17645E9
19802771621527,5,42,26.4,21.4,5.4120073,96.42543,true,false,true,1.17645E9
19802771621527,5,23,39.0,34.0,76.25328,225.64455,true,true,true,1.57542E9
19802771621527,5,25,34.1,29.1,35.08738,157.25748,true,true,true,1.57542E9
19802771621527,5,27,31.3,26.3,10.455829,246.15868,true,true,true,1.57542E9
19802771621527,5,28,38.9,33.9,49.608406,267.31122,true,true,true,1.57542E9
19802771621527,5,34,23.9,18.9,7.5157013,53.7543,true,true,true,1.57542E9
19802771621527,5,37,25.4,20.4,34.58737,313.9813,true,true,true,1.57542E9
19802771621527,5,38,28.3,23.3,57.88874,19.09498,true,true,true,1.57542E9
19802771621527,5,42,29.2,24.2,5.4120073,96.42543,true,false,true,1.57542E9
19803770717725,1,6,37.5,32.5,71.82889,33.8546,true,true,true,1.57542E9
19803770717725,1,11,31.1,26.1,67.20751,221.2712,true,true,true,1.57542E9
19803770717725,1,12,25.1,20.1,24.911688,318.29565,true,false,true,1.57542E9
19803770717725,1,14,32.9,27.9,20.761066,126.17851,true,true,true,1.57542E9
19803770717725,1,17,30.9,25.9,24.384571,61.234203,true,true,true,1.57542E9
19803770717725,1,19,40.1,35.1,49.370075,29.61656,true,true,true,1.57542E9
19803770717725,1,21,28.7,23.7,17.518345,166.57326,true,true,true,1.57542E9
19803770717725,1,22,35.6,30.6,40.924557,115.49065,true,true,true,1.57542E9
19803770717725,1,24,38.2,33.2,37.151264,261.3042,true,true,true,1.57542E9
19803770717725,4,194,38.2,33.2,23.604813,97.0179,true,true,true,1.57542E9
19803770717725,4,195,36.9,31.9,32.21701,62.014374,true,true,true,1.57542E9
19803770717725,2,134,33.0,28.0,0.0,0.0,false,false,false,1.57542E9
19803770717725,3,9,36.9,31.9,81.66185,148.7656,false,false,true,1.600875E9
19803770717725,3,16,32.2,27.2,23.731276,147.23816,true,true,true,1.6014374E9
19803770717725,3,20,37.9,32.9,62.42595,279.15695,false,false,true,1.603125E9
19803770717725,3,19,35.3,30.3,41.452652,19.580093,true,true,true,1.6036876E9
19803770717725,3,21,39.5,34.5,24.81651,238.7768,true,true,true,1.60425E9
19803770717725,5,42,35.4,30.4,5.4120073,96.42543,true,false,true,1.561098E9
19803770717725,5,38,36.5,31.5,57.88874,19.09498,true,true,true,1.561098E9
19803770717725,5,37,29.9,24.9,34.58737,313.9813,true,true,true,1.561098E9
19803770717725,5,34,25.5,20.5,7.5157013,53.7543,true,true,true,1.561098E9
19803770717725,5,33,23.8,18.8,2.5242438,145.99773,false,false,true,1.561098E9
19803770717725,5,28,40.8,35.8,49.608406,267.31122,true,true,true,1.561098E9
19803770717725,5,27,31.6,26.6,10.455829,246.15868,true,true,true,1.561098E9
19803770717725,5,25,35.3,30.3,35.08738,157.25748,true,true,true,1.561098E9
19803770717725,5,23,40.9,35.9,76.25328,225.64455,true,true,true,1.561098E9
19803770717725,5,13,43.1,38.1,68.27135,320.29843,true,true,true,1.561098E9
19803770717725,5,10,28.4,23.4,15.663169,162.58145,true,false,true,1.561098E9
19803770717725,5,9,28.3,23.3,22.402777,145.66512,true,false,true,1.561098E9
19803770717725,5,8,35.0,30.0,37.18223,48.354237,true,true,true,1.561098E9
19803770717725,5,7,24.3,19.3,5.805762,160.23549,true,false,true,1.561098E9
19803770717725,5,6,34.6,29.6,30.446934,119.6433,true,true,true,1.561098E9
19803770717725,5,3,33.9,28.9,39.472725,128.12805,false,false,true,1.561098E9
19803770717725,5,2,34.8,29.8,54.25361,175.11227,true,false,true,1.561098E9
19803770717725,5,1,34.3,29.3,15.824988,103.63155,true,false,true,1.561098E9
19803770717725,6,2,39.1,34.1,62.250828,82.92751,true,true,true,1.57542E9
19803770717725,6,15,27.1,22.1,27.57418,209.54988,true,true,true,1.57542E9
19803770717725,6,18,42.5,37.5,64.119026,3.246301,true,false,true,1.57542E9
19803770717725,6,25,30.3,25.3,13.91123,117.40616,true,true,true,1.57542E9
19803770717725,6,27,8.1,3.1,4.5813794,309.61627,false,false,true,1.57542E9
19803770717725,6,30,39.9,34.9,49.2451,329.32602,true,true,true,1.57542E9
19803770717725,6,34,37.8,32.8,79.044205,171.68158,true,true,true,1.57542E9
19803770717725,6,36,34.2,29.2,41.840115,41.710533,true,true,true,1.57542E9
19803770717725,1,6,27.5,22.5,71.82889,33.8546,true,true,true,1.17645E9
19803770717725,1,11,30.4,25.4,67.20751,221.2712,true,true,true,1.17645E9
19803770717725,1,14,23.0,18.0,20.761066,126.17851,true,true,true,1.17645E9
19803770717725,1,21,23.1,18.1,17.518345,166.57326,true,true,true,1.17645E9
19803770717725,1,24,35.1,30.1,37.151264,261.3042,true,true,true,1.17645E9
19803770717725,4,194,30.6,25.6,23.604813,97.0179,true,true,true,1.17645E9
19803770717725,4,195,22.4,17.4,32.21701,62.014374,true,true,true,1.17645E9
19803770717725,6,2,31.9,26.9,62.250828,82.92751,true,true,true,1.17645E9
19803770717725,6,15,21.5,16.5,27.57418,209.54988,true,true,true,1.17645E9
19803770717725,6,18,33.3,28.3,64.119026,3.246301,true,false,true,1.17645E9
19803770717725,6,25,21.7,16.7,13.91123,117.40616,true,true,true,1.17645E9
19803770717725,6,30,32.1,27.1,49.2451,329.32602,true,true,true,1.17645E9
19803770717725,6,34,24.8,19.8,79.044205,171.68158,true,true,true,1.17645E9
19803770717725,6,36,31.8,26.8,41.840115,41.710533,true,true,true,1.17645E9
19803770717725,5,23,26.4,21.4,76.25328,225.64455,true,true,true,1.17645E9
19803770717725,5,25,28.0,23.0,35.08738,157.25748,true,true,true,1.17645E9
19803770717725,5,27,19.5,14.5,10.455829,246.15868,false,true,true,1.17645E9
19803770717725,5,28,22.9,17.9,49.608406,267.31122,true,true,true,1.17645E9
19803770717725,5,34,17.7,12.7,7.5157013,53.7543,true,true,true,1.17645E9
19803770717725,5,37,23.7,18.7,34.58737,313.9813,true,true,true,1.17645E9
19803770717725,5,38,33.7,28.7,57.88874,19.09498,true,true,true,1.17645E9
19803770717725,5,42,28.1,23.1,5.4120073,96.42543,true,false,true,1.17645E9
19803770717725,5,23,38.7,33.7,76.25328,225.64455,true,true,true,1.57542E9
19803770717725,5,25,33.2,28.2,35.08738,157.25748,true,true,true,1.57542E9
19803770717725,5,27,28.9,23.9,10.455829,246.15868,true,true,true,1.57542E9
19803770717725,5,28,38.5,33.5,49.608406,267.31122,true,true,true,1.57542E9
19803770717725,5,34,22.7,17.7,7.5157013,53.7543,true,true,true,1.57542E9
19803770717725,5,37,24.8,19.8,34.58737,313.9813,true,true,true,1.57542E9
19803770717725,5,38,32.3,27.3,57.88874,19.09498,true,true,true,1.57542E9
19803770717725,5,42,31.6,26.6,5.4120073,96.42543,true,false,true,1.57542E9
19804770827360,1,6,38.6,33.6,71.82889,33.8546,true,true,true,1.57542E9
19804770827360,1,11,32.1,27.1,67.20751,221.2712,true,true,true,1.57542E9
19804770827360,1,12,26.0,21.0,24.911688,318.29565,true,false,true,1.57542E9
19804770827360,1,14,34.3,29.3,20.761066,126.17851,true,true,true,1.57542E9
19804770827360,1,17,30.9,25.9,24.384571,61.234203,true,true,true,1.57542E9
19804770827360,1,19,38.6,33.6,49.370075,29.61656,true,true,true,1.57542E9
19804770827360,1,21,28.8,23.8,17.518345,166.57326,true,true,true,1.57542E9
19804770827360,1,22,35.3,30.3,40.924557,115.49065,true,true,true,1.57542E9
19804770827360,1,24,40.1,35.1,37.151264,261.3042,true,true,true,1.57542E9
19804770827360,4,194,33.6,28.6,23.604813,97.0179,true,true,true,1.57542E9
19804770827360,4,195,32.3,27.3,32.21701,62.014374,true,true,true,1.57542E9
19804770827360,2,134,32.3,27.3,0.0,0.0,false,false,false,1.57542E9
19804770827360,3,9,35.3,30.3,81.66185,148.7656,false,false,true,1.600875E9
19804770827360,3,16,33.2,28.2,23.731276,147.23816,true,true,true,1.6014374E9
19804770827360,3,20,40.9,35.9,62.42595,279.15695,false,false,true,1.603125E9
19804770827360,3,19,33.7,28.7,41.452652,19.580093,true,true,true,1.6036876E9
19804770827360,3,21,38.4,33.4,24.81651,238.7768,true,true,true,1.60425E9
19804770827360,5,42,29.6,24.6,5.4120073,96.42543,true,false,true,1.561098E9
19804770827360,5,38,38.3,33.3,57.88874,19.09498,true,true,true,1.561098E9
19804770827360,5,37,28.8,23.8,34.58737,313.9813,true,true,true,1.561098E9
19804770827360,5,34,28.5,23.5,7.5157013,53.7543,true,true,true,1.561098E9
19804770827360,5,33,22.3,17.3,2.5242438,145.99773,false,false,true,1.561098E9
19804770827360,5,28,40.3,35.3,49.608406,267.31122,true,true,true,1.561098E9
19804770827360,5,27,30.4,25.4,10.455829,246.15868,true,true,true,1.561098E9
19804770827360,5,25,32.9,27.9,35.08738,157.25748,true,true,true,1.561098E9
19804770827360,5,23,39.2,34.2,76.25328,225.64455,true,true,true,1.561098E9
19804770827360,5,13,42.9,37.9,68.27135,320.29843,true,true,true,1.561098E9
19804770827360,5,10,26.9,21.9,15.663169,162.58145,true,false,true,1.561098E9
19804770827360,5,9,27.2,22.2,22.402777,145.66512,true,false,true,1.561098E9
19804770827360,5,8,34.8,29.8,37.18223,48.354237,true,true,true,1.561098E9
19804770827360,5,7,24.3,19.3,5.805762,160.23549,true,false,true,1.561098E9
19804770827360,5,6,32.2,27.2,30.446934,119.6433,true,true,true,1.561098E9
19804770827360,5,3,32.6,27.6,39.472725,128.12805,false,false,true,1.561098E9
19804770827360,5,2,32.7,27.7,54.25361,175.11227,true,false,true,1.561098E9
19804770827360,5,1,33.4,28.4,15.824988,103.63155,true,false,true,1.561098E9
19804770827360,6,2,38.7,33.7,62.250828,82.92751,true,true,true,1.57542E9
19804770827360,6,15,27.8,22.8,27.57418,209.54988,true,true,true,1.57542E9
19804770827360,6,18,43.1,38.1,64.119026,3.246301,true,false,true,1.57542E9
19804770827360,6,25,31.5,26.5,13.91123,117.40616,true,true,true,1.57542E9
19804770827360,6,27,8.1,3.1,4.5813794,309.61627,false,false,true,1.57542E9
19804770827360,6,30,40.2,35.2,49.2451,329.32602,true,true,true,1.57542E9
19804770827360,6,34,34.1,29.1,79.044205,171.68158,true,true,true,1.57542E9
19804770827360,6,36,34.5,29.5,41.840115,41.710533,true,true,true,1.57542E9
19804770827360,1,6,26.4,21.4,71.82889,33.8546,true,true,true,1.17645E9
19804770827360,1,11,30.8,25.8,67.20751,221.2712,true,true,true,1.17645E9
19804770827360,1,14,25.8,20.8,20.761066,126.17851,true,true,true,1.17645E9
19804770827360,1,21,21.5,16.5,17.518345,166.57326,true,true,true,1.17645E9
19804770827360,1,24,38.3,33.3,37.151264,261.3042,true,true,true,1.17645E9
19804770827360,4,194,25.1,20.1,23.604813,97.0179,true,true,true,1.17645E9
19804770827360,4,195,23.5,18.5,32.21701,62.014374,true,true,true,1.17645E9
19804770827360,6,2,31.2,26.2,62.250828,82.92751,true,true,true,1.17645E9
19804770827360,6,15,21.5,16.5,27.57418,209.54988,true,true,true,1.17645E9
19804770827360,6,18,35.0,30.0,64.119026,3.246301,true,false,true,1.17645E9
19804770827360,6,25,19.9,14.9,13.91123,117.40616,true,true,true,1.17645E9
19804770827360,6,30,33.5,28.5,49.2451,329.32602,true,true,true,1.17645E9
19804770827360,6,34,24.8,19.8,79.044205,171.68158,true,true,true,1.17645E9
19804770827360,6,36,30.5,25.5,41.840115,41.710533,true,true,true,1.17645E9
19804770827360,5,23,25.3,20.3,76.25328,225.64455,true,true,true,1.17645E9
19804770827360,5,25,25.8,20.8,35.08738,157.25748,true,true,true,1.17645E9
19804770827360,5,27,24.8,19.8,10.455829,246.15868,false,true,true,1.17645E9
19804770827360,5,28,23.8,18.8,49.608406,267.31122,true,true,true,1.17645E9
19804770827360,5,34,17.7,12.7,7.5157013,53.7543,true,true,true,1.17645E9
19804770827360,5,37,23.7,18.7,34.58737,313.9813,true,true,true,1.17645E9
19804770827360,5,38,34.9,29.9,57.88874,19.09498,true,true,true,1.17645E9
19804770827360,5,42,23.6,18.6,5.4120073,96.42543,true,false,true,1.17645E9
19804770827360,5,23,37.7,32.7,76.25328,225.64455,true,true,true,1.57542E9
19804770827360,5,25,31.5,26.5,35.08738,157.25748,true,true,true,1.57542E9
19804770827360,5,27,28.5,23.5,10.455829,246.15868,true,true,true,1.57542E9
19804770827360,5,28,38.3,33.3,49.608406,267.31122,true,true,true,1.57542E9
19804770827360,5,34,24.4,19.4,7.5157013,53.7543,true,true,true,1.57542E9
19804770827360,5,37,25.8,20.8,34.58737,313.9813,true,true,true,1.57542E9
19804770827360,5,38,36.7,31.7,57.88874,19.09498,true,true,true,1.57542E9
19804770827360,5,42,25.9,20.9,5.4120073,96.42543,true,false,true,1.57542E9
19805769795484,1,6,37.8,32.8,71.82889,33.8546,true,true,true,1.57542E9
19805769795484,1,11,31.0,26.0,67.20751,221.2712,true,true,true,1.57542E9
19805769795484,1,12,27.9,22.9,24.911688,318.29565,true,false,true,1.57542E9
19805769795484,1,14,33.7,28.7,20.761066,126.17851,true,true,true,1.57542E9
19805769795484,1,17,36.1,31.1,24.384571,61.234203,true,true,true,1.57542E9
19805769795484,1,19,37.6,32.6,49.370075,29.61656,true,true,true,1.57542E9
19805769795484,1,21,31.1,26.1,17.518345,166.57326,true,true,true,1.57542E9
19805769795484,1,22,31.2,26.2,40.924557,115.49065,true,true,true,1.57542E9
19805769795484,1,24,40.8,35.8,37.151264,261.3042,true,true,true,1.57542E9
19805769795484,4,194,34.3,29.3,23.604813,97.0179,true,true,true,1.57542E9
19805769795484,4,195,33.0,28.0,32.21701,62.014374,true,true,true,1.57542E9
19805769795484,2,134,32.3,27.3,0.0,0.0,false,false,false,1.57542E9
19805769795484,3,9,36.6,31.6,81.66185,148.7656,false,false,true,1.600875E9
19805769795484,3,16,28.2,23.2,23.731276,147.23816,true,true,true,1.6014374E9
19805769795484,3,20,41.3,36.3,62.42595,279.15695,false,false,true,1.603125E9
19805769795484,3,19,33.6,28.6,41.452652,19.580093,true,true,true,1.6036876E9
19805769795484,3,21,36.8,31.8,24.81651,238.7768,true,true,true,1.60425E9
19805769795484,5,42,25.6,20.6,5.4120073,96.42543,true,false,true,1.561098E9
19805769795484,5,38,37.9,32.9,57.88874,19.09498,true,true,true,1.561098E9
19805769795484,5,37,30.4,25.4,34.58737,313.9813,true,true,true,1.561098E9
19805769795484,5,34,22.7,17.7,7.5157013,53.7543,true,true,true,1.561098E9
19805769795484,5,33,22.6,17.6,2.5242438,145.99773,false,false,true,1.561098E9
19805769795484,5,28,40.4,35.4,49.608406,267.31122,true,true,true,1.561098E9
19805769795484,5,27,30.9,25.9,10.455829,246.15868,true,true,true,1.561098E9
19805769795484,5,25,31.0,26.0,35.08738,157.25748,true,true,true,1.561098E9
19805769795484,5,23,40.8,35.8,76.25328,225.64455,true,true,true,1.561098E9
19805769795484,5,13,41.0,36.0,68.27135,320.29843,true,true,true,1.561098E9
19805769795484,5,10,25.7,20.7,15.663169,162.58145,true,false,true,1.561098E9
19805769795484,5,9,26.3,21.3,22.402777,145.66512,true,false,true,1.561098E9
19805769795484,5,8,33.0,28.0,37.18223,48.354237,true,true,true,1.561098E9
19805769795484,5,7,24.2,19.2,5.805762,160.23549,true,false,true,1.561098E9
19805769795484,5,6,33.7,28.7,30.446934,119.6433,true,true,true,1.561098E9
19805769795484,5,3,32.6,27.6,39.472725,128.12805,false,false,true,1.561098E9
19805769795484,5,2,34.4,29.4,54.25361,175.11227,true,false,true,1.561098E9
19805769795484,5,1,36.5,31.5,15.824988,103.63155,true,false,true,1.561098E9
19805769795484,6,2,37.9,32.9,62.250828,82.92751,true,true,true,1.57542E9
19805769795484,6,15,27.5,22.5,27.57418,209.54988,true,true,true,1.57542E9
19805769795484,6,18,42.3,37.3,64.119026,3.246301,true,false,true,1.57542E9
19805769795484,6,25,30.7,25.7,13.91123,117.40616,true,true,true,1.57542E9
19805769795484,6,27,8.1,3.1,4.5813794,309.61627,false,false,true,1.57542E9
19805769795484,6,30,40.6,35.6,49.2451,329.32602,true,true,true,1.57542E9
19805769795484,6,34,36.4,31.4,79.044205,171.68158,true,true,true,1.57542E9
19805769795484,6,36,35.7,30.7,41.840115,41.710533,true,true,true,1.57542E9
19805769795484,1,6,26.7,21.7,71.82889,33.8546,true,true,true,1.17645E9
19805769795484,1,11,27.9,22.9,67.20751,221.2712,true,true,true,1.17645E9
19805769795484,1,14,21.5,16.5,20.761066,126.17851,true,true,true,1.17645E9
19805769795484,1,21,24.0,19.0,17.518345,166.57326,true,true,true,1.17645E9
19805769795484,1,24,37.2,32.2,37.151264,261.3042,true,true,true,1.17645E9
19805769795484,4,194,26.4,21.4,23.604813,97.0179,true,true,true,1.17645E9
19805769795484,4,195,20.6,15.6,32.21701,62.014374,true,true,true,1.17645E9
19805769795484,6,2,29.1,24.1,62.250828,82.92751,true,true,true,1.17645E9
19805769795484,6,15,21.2,16.2,27.57418,209.54988,true,true,true,1.17645E9
19805769795484,6,18,33.3,28.3,64.119026,3.246301,true,false,true,1.17645E9
19805769795484,6,25,26.2,21.2,13.91123,117.40616,true,true,true,1.17645E9
19805769795484,6,30,33.2,28.2,49.2451,329.32602,true,true,true,1.17645E9
19805769795484,6,34,20.4,15.4,79.044205,171.68158,true,true,true,1.17645E9
19805769795484,6,36,29.9,24.9,41.840115,41.710533,true,true,true,1.17645E9
19805769795484,5,23,23.4,18.4,76.25328,225.64455,true,true,true,1.17645E9
19805769795484,5,25,23.4,18.4,35.08738,157.25748,true,true,true,1.17645E9
19805769795484,5,27,26.1,21.1,10.455829,246.15868,true,true,true,1.17645E9
19805769795484,5,28,26.4,21.4,49.608406,267.31122,true,true,true,1.17645E9
19805769795484,5,34,17.7,12.7,7.5157013,53.7543,true,true,true,1.17645E9
19805769795484,5,37,22.4,17.4,34.58737,313.9813,true,true,true,1.17645E9
19805769795484,5,38,33.0,28.0,57.88874,19.09498,true,true,true,1.17645E9
19805769795484,5,42,23.6,18.6,5.4120073,96.42543,true,false,true,1.17645E9
19805769795484,5,23,39.9,34.9,76.25328,225.64455,true,true,true,1.57542E9
19805769795484,5,25,27.6,22.6,35.08738,157.25748,true,true,true,1.57542E9
19805769795484,5,27,29.3,24.3,10.455829,246.15868,true,true,true,1.57542E9
19805769795484,5,28,38.4,33.4,49.608406,267.31122,true,true,true,1.57542E9
19805769795484,5,34,21.0,16.0,7.5157013,53.7543,true,true,true,1.57542E9
19805769795484,5,37,27.0,22.0,34.58737,313.9813,true,true,true,1.57542E9
19805769795484,5,38,36.2,31.2,57.88874,19.09498,true,true,true,1.57542E9
19805769795484,5,42,23.3,18.3,5.4120073,96.42543,true,false,true,1.57542E9
19806774070015,1,6,38.0,33.0,71.82889,33.8546,true,true,true,1.57542E9
19806774070015,1,11,30.4,25.4,67.20751,221.2712,true,true,true,1.57542E9
19806774070015,1,12,28.6,23.6,24.911688,318.29565,true,false,true,1.57542E9
19806774070015,1,14,37.5,32.5,20.761066,126.17851,true,true,true,1.57542E9
19806774070015,1,17,38.5,33.5,24.384571,61.234203,true,true,true,1.57542E9
19806774070015,1,19,38.3,33.3,49.370075,29.61656,true,true,true,1.57542E9
19806774070015,1,21,26.4,21.4,17.518345,166.57326,true,true,true,1.57542E9
19806774070015,1,22,33.4,28.4,40.924557,115.49065,true,true,true,1.57542E9
19806774070015,1,24,41.0,36.0,37.151264,261.3042,true,true,true,1.57542E9
19806774070015,4,194,38.6,33.6,23.604813,97.0179,true,true,true,1.57542E9
19806774070015,4,195,38.0,33.0,32.21701,62.014374,true,true,true,1.57542E9
19806774070015,2,134,32.3,27.3,0.0,0.0,false,false,false,1.57542E9
19806774070015,3,9,38.4,33.4,81.66185,148.7656,false,false,true,1.600875E9
19806774070015,3,16,32.0,27.0,23.731276,147.23816,true,true,true,1.6014374E9
19806774070015,3,20,41.8,36.8,62.42595,279.15695,false,false,true,1.603125E9
19806774070015,3,19,34.4,29.4,41.452652,19.580093,true,true,true,1.6036876E9
19806774070015,3,21,38.4,33.4,24.81651,238.7768,true,true,true,1.60425E9
19806774070015,5,42,32.7,27.7,5.4120073,96.42543,true,false,true,1.561098E9
19806774070015,5,38,37.5,32.5,57.88874,19.09498,true,true,true,1.561098E9
19806774070015,5,37,43.3,38.3,34.58737,313.9813,true,true,true,1.561098E9
19806774070015,5,34,26.1,21.1,7.5157013,53.7543,true,true,true,1.561098E9
19806774070015,5,33,24.5,19.5,2.5242438,145.99773,false,false,true,1.561098E9
19806774070015,5,28,41.0,36.0,49.608406,267.31122,true,true,true,1.561098E9
19806774070015,5,27,32.4,27.4,10.455829,246.15868,true,true,true,1.561098E9
19806774070015,5,25,31.2,26.2,35.08738,157.25748,true,true,true,1.561098E9
19806774070015,5,23,41.2,36.2,76.25328,225.64455,true,true,true,1.561098E9
19806774070015,5,13,40.4,35.4,68.27135,320.29843,true,true,true,1.561098E9
19806774070015,5,10,23.7,18.7,15.663169,162.58145,true,false,true,1.561098E9
19806774070015,5,9,27.9,22.9,22.402777,145.66512,true,false,true,1.561098E9
19806774070015,5,8,35.5,30.5,37.18223,48.354237,true,true,true,1.561098E9
19806774070015,5,7,22.6,17.6,5.805762,160.23549,true,false,true,1.561098E9
19806774070015,5,6,35.7,30.7,30.446934,119.6433,true,true,true,1.561098E9
19806774070015,5,3,32.3,27.3,39.472725,128.12805,false,false,true,1.561098E9
19806774070015,5,2,34.4,29.4,54.25361,175.11227,true,false,true,1.561098E9
19806774070015,5,1,38.4,33.4,15.824988,103.63155,true,false,true,1.561098E9
19806774070015,6,2,37.1,32.1,62.250828,82.92751,true,true,true,1.57542E9
19806774070015,6,15,23.7,18.7,27.57418,209.54988,true,true,true,1.57542E9
19806774070015,6,18,41.2,36.2,64.119026,3.246301,true,false,true,1.57542E9
19806774070015,6,25,32.7,27.7,13.91123,117.40616,true,true,true,1.57542E9
19806774070015,6,27,8.1,3.1,4.5813794,309.61627,false,false,true,1.57542E9
19806774070015,6,30,40.4,35.4,49.2451,329.32602,true,true,true,1.57542E9
19806774070015,6,34,37.8,32.8,79.044205,171.68158,true,true,true,1.57542E9
19806774070015,6,36,36.6,31.6,41.840115,41.710533,true,true,true,1.57542E9
19806774070015,1,6,27.1,22.1,71.82889,33.8546,true,true,true,1.17645E9
19806774070015,1,11,31.9,26.9,67.20751,221.2712,true,true,true,1.17645E9
19806774070015,1,14,27.1,22.1,20.761066,126.17851,true,true,true,1.17645E9
19806774070015,1,21,24.0,19.0,17.518345,166.57326,true,true,true,1.17645E9
19806774070015,1,24,39.1,34.1,37.151264,261.3042,true,true,true,1.17645E9
19806774070015,4,194,30.5,25.5,23.604813,97.0179,true,true,true,1.17645E9
19806774070015,4,195,26.8,21.8,32.21701,62.014374,true,true,true,1.17645E9
19806774070015,6,2,31.4,26.4,62.250828,82.92751,true,true,true,1.17645E9
19806774070015,6,15,21.2,16.2,27.57418,209.54988,true,true,true,1.17645E9
19806774070015,6,18,32.6,27.6,64.119026,3.246301,true,false,true,1.17645E9
19806774070015,6,25,26.9,21.9,13.91123,117.40616,true,true,true,1.17645E9
19806774070015,6,30,32.1,27.1,49.2451,329.32602,true,true,true,1.17645E9
19806774070015,6,34,23.4,18.4,79.044205,171.68158,true,true,true,1.17645E9
19806774070015,6,36,26.4,21.4,41.840115,41.710533,true,true,true,1.17645E9
19806774070015,5,23,24.6,19.6,76.25328,225.64455,true,true,true,1.17645E9
19806774070015,5,25,23.4,18.4,35.08738,157.25748,true,true,true,1.17645E9
19806774070015,5,27,30.8,25.8,10.455829,246.15868,true,true,true,1.17645E9
19806774070015,5,28,25.3,20.3,49.608406,267.31122,true,true,true,1.17645E9
19806774070015,5,34,17.7,12.7,7.5157013,53.7543,false,true,true,1.17645E9
19806774070015,5,37,34.0,29.0,34.58737,313.9813,true,true,true,1.17645E9
19806774070015,5,38,32.4,27.4,57.88874,19.09498,true,true,true,1.17645E9
19806774070015,5,42,21.6,16.6,5.4120073,96.42543,true,false,true,1.17645E9
19806774070015,5,23,39.3,34.3,76.25328,225.64455,true,true,true,1.57542E9
19806774070015,5,25,26.9,21.9,35.08738,157.25748,true,true,true,1.57542E9
19806774070015,5,27,29.1,24.1,10.455829,246.15868,true,true,true,1.57542E9
19806774070015,5,28,37.8,32.8,49.608406,267.31122,true,true,true,1.57542E9
19806774070015,5,34,25.5,20.5,7.5157013,53.7543,true,true,true,1.57542E9
19806774070015,5,37,40.6,35.6,34.58737,313.9813,true,true,true,1.57542E9
19806774070015,5,38,36.5,31.5,57.88874,19.09498,true,true,true,1.57542E9
19806774070015,5,42,31.2,26.2,5.4120073,96.42543,true,false,true,1.57542E9
19807772228400,1,6,39.0,34.0,71.82889,33.8546,true,true,true,1.57542E9
19807772228400,1,11,32.6,27.6,67.20751,221.2712,true,true,true,1.57542E9
19807772228400,1,12,35.4,30.4,24.911688,318.29565,true,false,true,1.57542E9
19807772228400,1,14,33.2,28.2,20.761066,126.17851,true,true,true,1.57542E9
19807772228400,1,17,39.5,34.5,24.384571,61.234203,true,true,true,1.57542E9
19807772228400,1,19,34.7,29.7,49.370075,29.61656,true,true,true,1.57542E9
19807772228400,1,21,27.3,22.3,17.518345,166.57326,true,true,true,1.57542E9
19807772228400,1,22,36.4,31.4,40.924557,115.49065,true,true,true,1.57542E9
19807772228400,1,24,39.2,34.2,37.151264,261.3042,true,true,true,1.57542E9
19807772228400,4,194,37.6,32.6,23.604813,97.0179,true,true,true,1.57542E9
19807772228400,4,195,37.5,32.5,32.21701,62.014374,true,true,true,1.57542E9
19807772228400,2,134,32.3,27.3,0.0,0.0,false,false,false,1.57542E9
19807772228400,3,9,37.0,32.0,81.66185,148.7656,false,false,true,1.600875E9
19807772228400,3,16,33.8,28.8,23.731276,147.23816,true,true,true,1.6014374E9
19807772228400,3,20,42.4,37.4,62.42595,279.15695,false,false,true,1.603125E9
19807772228400,3,19,36.9,31.9,41.452652,19.580093,true,true,true,1.6036876E9
19807772228400,3,21,36.3,31.3,24.81651,238.7768,true,true,true,1.60425E9
19807772228400,5,42,27.7,22.7,5.4120073,96.42543,true,false,true,1.561098E9
19807772228400,5,38,38.1,33.1,57.88874,19.09498,true,true,true,1.561098E9
19807772228400,5,37,45.5,40.5,34.58737,313.9813,true,true,true,1.561098E9
19807772228400,5,34,28.9,23.9,7.5157013,53.7543,true,true,true,1.561098E9
19807772228400,5,33,24.2,19.2,2.5242438,145.99773,false,false,true,1.561098E9
19807772228400,5,28,40.9,35.9,49.608406,267.31122,true,true,true,1.561098E9
19807772228400,5,27,36.5,31.5,10.455829,246.15868,true,true,true,1.561098E9
19807772228400,5,25,33.2,28.2,35.08738,157.25748,true,true,true,1.561098E9
19807772228400,5,23,41.4,36.4,76.25328,225.64455,true,true,true,1.561098E9
19807772228400,5,14,21.9,16.9,2.695912,75.00786,false,false,true,1.561098E9
19807772228400,5,13,42.6,37.6,68.27135,320.29843,true,true,true,1.561098E9
19807772228400,5,10,26.3,21.3,15.663169,162.58145,true,false,true,1.561098E9
19807772228400,5,9,30.1,25.1,22.402777,145.66512,true,false,true,1.561098E9
19807772228400,5,8,34.0,29.0,37.18223,48.354237,true,true,true,1.561098E9
19807772228400,5,7,26.3,21.3,5.805762,160.23549,true,false,true,1.561098E9
19807772228400,5,6,36.5,31.5,30.446934,119.6433,true,true,true,1.561098E9
19807772228400,5,3,37.1,32.1,39.472725,128.12805,false,false,true,1.561098E9
19807772228400,5,2,31.9,26.9,54.25361,175.11227,true,false,true,1.561098E9
19807772228400,5,1,33.4,28.4,15.824988,103.63155,true,false,true,1.561098E9
19807772228400,6,2,39.7,34.7,62.250828,82.92751,true,true,true,1.57542E9
19807772228400,6,15,29.7,24.7,27.57418,209.54988,true,true,true,1.57542E9
19807772228400,6,18,41.7,36.7,64.119026,3.246301,true,false,true,1.57542E9
19807772228400,6,25,30.4,25.4,13.91123,117.40616,true,true,true,1.57542E9
19807772228400,6,27,8.1,3.1,4.5813794,309.61627,false,false,true,1.57542E9
19807772228400,6,30,39.5,34.5,49.2451,329.32602,true,true,true,1.57542E9
19807772228400,6,34,35.1,30.1,79.044205,171.68158,true,true,true,1.57542E9
19807772228400,6,36,35.9,30.9,41.840115,41.710533,true,true,true,1.57542E9
19807772228400,1,6,27.4,22.4,71.82889,33.8546,true,true,true,1.17645E9
19807772228400,1,11,31.5,26.5,67.20751,221.2712,true,true,true,1.17645E9
19807772228400,1,14,27.9,22.9,20.761066,126.17851,true,true,true,1.17645E9
19807772228400,1,21,24.0,19.0,17.518345,166.57326,true,true,true,1.17645E9
19807772228400,1,24,38.0,33.0,37.151264,261.3042,true,true,true,1.17645E9
19807772228400,4,194,28.6,23.6,23.604813,97.0179,true,true,true,1.17645E9
19807772228400,4,195,26.5,21.5,32.21701,62.014374,true,true,true,1.17645E9
19807772228400,6,2,32.2,27.2,62.250828,82.92751,true,true,true,1.17645E9
19807772228400,6,15,19.3,14.3,27.57418,209.54988,true,true,true,1.17645E9
19807772228400,6,18,32.1,27.1,64.119026,3.246301,true,false,true,1.17645E9
19807772228400,6,25,23.0,18.0,13.91123,117.40616,true,true,true,1.17645E9
19807772228400,6,30,30.8,25.8,49.2451,329.32602,true,true,true,1.17645E9
19807772228400,6,34,22.2,17.2,79.044205,171.68158,true,true,true,1.17645E9
19807772228400,6,36,27.1,22.1,41.840115,41.710533,true,true,true,1.17645E9
19807772228400,5,23,26.3,21.3,76.25328,225.64455,true,true,true,1.17645E9
19807772228400,5,25,21.0,16.0,35.08738,157.25748,true,true,true,1.17645E9
19807772228400,5,27,29.6,24.6,10.455829,246.15868,true,true,true,1.17645E9
19807772228400,5,28,26.8,21.8,49.608406,267.31122,true,true,true,1.17645E9
19807772228400,5,34,17.7,12.7,7.5157013,53.7543,false,true,true,1.17645E9
19807772228400,5,37,41.4,36.4,34.58737,313.9813,true,true,true,1.17645E9
19807772228400,5,38,32.0,27.0,57.88874,19.09498,true,true,true,1.17645E9
19807772228400,5,42,21.6,16.6,5.4120073,96.42543,true,false,true,1.17645E9
19807772228400,5,23,39.7,34.7,76.25328,225.64455,true,true,true,1.57542E9
19807772228400,5,25,29.7,24.7,35.08738,157.25748,true,true,true,1.57542E9
19807772228400,5,27,34.6,29.6,10.455829,246.15868,true,true,true,1.57542E9
19807772228400,5,28,39.4,34.4,49.608406,267.31122,true,true,true,1.57542E9
19807772228400,5,34,22.8,17.8,7.5157013,53.7543,true,true,true,1.57542E9
19807772228400,5,37,44.0,39.0,34.58737,313.9813,true,true,true,1.57542E9
19807772228400,5,38,36.2,31.2,57.88874,19.09498,true,true,true,1.57542E9
19807772228400,5,42,20.9,15.9,5.4120073,96.42543,true,false,true,1.57542E9
19808771225431,1,6,36.1,31.1,71.82889,33.8546,true,true,true,1.57542E9
19808771225431,1,11,33.2,28.2,67.20751,221.2712,true,true,true,1.57542E9
19808771225431,1,12,31.5,26.5,24.911688,318.29565,true,false,true,1.57542E9
19808771225431,1,14,31.8,26.8,20.761066,126.17851,true,true,true,1.57542E9
19808771225431,1,17,38.3,33.3,24.384571,61.234203,true,true,true,1.57542E9
19808771225431,1,19,36.4,31.4,49.370075,29.61656,true,true,true,1.57542E9
19808771225431,1,21,30.8,25.8,17.518345,166.57326,true,true,true,1.57542E9
19808771225431,1,22,37.3,32.3,40.924557,115.49065,true,true,true,1.57542E9
19808771225431,1,24,40.2,35.2,37.151264,261.3042,true,true,true,1.57542E9
19808771225431,4,194,37.1,32.1,23.604813,97.0179,true,true,true,1.57542E9
19808771225431,4,195,39.8,34.8,32.21701,62.014374,true,true,true,1.57542E9
19808771225431,2,134,34.1,29.1,0.0,0.0,false,false,false,1.57542E9
19808771225431,3,9,35.8,30.8,81.66185,148.7656,false,false,true,1.600875E9
19808771225431,3,16,34.1,29.1,23.731276,147.23816,true,true,true,1.6014374E9
19808771225431,3,20,44.6,39.6,62.42595,279.15695,false,false,true,1.603125E9
19808771225431,3,19,41.5,36.5,41.452652,19.580093,true,true,true,1.6036876E9
19808771225431,3,21,40.3,35.3,24.81651,238.7768,true,true,true,1.60425E9
19808771225431,5,42,27.6,22.6,5.4120073,96.42543,true,false,true,1.561098E9
19808771225431,5,38,40.8,35.8,57.88874,19.09498,true,true,true,1.561098E9
19808771225431,5,37,44.7,39.7,34.58737,313.9813,true,true,true,1.561098E9
19808771225431,5,34,28.0,23.0,7.5157013,53.7543,true,true,true,1.561098E9
19808771225431,5,33,26.0,21.0,2.5242438,145.99773,false,false,true,1.561098E9
19808771225431,5,28,42.7,37.7,49.608406,267.31122,true,true,true,1.561098E9
19808771225431,5,27,39.1,34.1,10.455829,246.15868,true,true,true,1.561098E9
19808771225431,5,25,31.2,26.2,35.08738,157.25748,true,true,true,1.561098E9
19808771225431,5,23,38.9,33.9,76.25328,225.64455,true,true,true,1.561098E9
19808771225431,5,14,23.6,18.6,2.695912,75.00786,false,false,true,1.561098E9
19808771225431,5,13,42.4,37.4,68.27135,320.29843,true,true,true,1.561098E9
19808771225431,5,10,27.8,22.8,15.663169,162.58145,true,false,true,1.561098E9
19808771225431,5,9,31.5,26.5,22.402777,145.66512,true,false,true,1.561098E9
19808771225431,5,8,34.4,29.4,37.18223,48.354237,true,true,true,1.561098E9
19808771225431,5,7,24.2,19.2,5.805762,160.23549,true,false,true,1.561098E9
19808771225431,5,6,37.6,32.6,30.446934,119.6433,true,true,true,1.561098E9
19808771225431,5,3,34.4,29.4,39.472725,128.12805,false,false,true,1.561098E9
19808771225431,5,2,32.3,27.3,54.25361,175.11227,true,false,true,1.561098E9
19808771225431,5,1,34.4,29.4,15.824988,103.63155,true,false,true,1.561098E9
19808771225431,6,2,36.0,31.0,62.250828,82.92751,true,true,true,1.57542E9
19808771225431,6,15,28.9,23.9,27.57418,209.54988,true,true,true,1.57542E9
19808771225431,6,18,40.4,35.4,64.119026,3.246301,true,false,true,1.57542E9
19808771225431,6,25,28.9,23.9,13.91123,117.40616,true,true,true,1.57542E9
19808771225431,6,27,8.1,3.1,4.5813794,309.61627,false,false,true,1.57542E9
19808771225431,6,30,40.4,35.4,49.2451,329.32602,true,true,true,1.57542E9
19808771225431,6,34,33.3,28.3,79.044205,171.68158,true,true,true,1.57542E9
19808771225431,6,36,37.7,32.7,41.840115,41.710533,true,true,true,1.57542E9
19808771225431,1,6,26.7,21.7,71.82889,33.8546,true,true,true,1.17645E9
19808771225431,1,11,31.0,26.0,67.20751,221.2712,true,true,true,1.17645E9
19808771225431,1,14,26.7,21.7,20.761066,126.17851,true,true,true,1.17645E9
19808771225431,1,21,20.2,15.2,17.518345,166.57326,true,true,true,1.17645E9
19808771225431,1,24,37.6,32.6,37.151264,261.3042,true,true,true,1.17645E9
19808771225431,4,194,32.7,27.7,23.604813,97.0179,true,true,true,1.17645E9
19808771225431,4,195,26.7,21.7,32.21701,62.014374,true,true,true,1.17645E9
19808771225431,6,2,33.4,28.4,62.250828,82.92751,true,true,true,1.17645E9
19808771225431,6,15,19.3,14.3,27.57418,209.54988,true,true,true,1.17645E9
19808771225431,6,18,33.8,28.8,64.119026,3.246301,true,false,true,1.17645E9
19808771225431,6,25,24.4,19.4,13.91123,117.40616,true,true,true,1.17645E9
19808771225431,6,30,28.0,23.0,49.2451,329.32602,true,true,true,1.17645E9
19808771225431,6,34,21.0,16.0,79.044205,171.68158,true,true,true,1.17645E9
19808771225431,6,36,30.5,25.5,41.840115,41.710533,true,true,true,1.17645E9
19808771225431,5,23,24.3,19.3,76.25328,225.64455,true,true,true,1.17645E9
19808771225431,5,25,24.4,19.4,35.08738,157.25748,true,true,true,1.17645E9
19808771225431,5,27,29.6,24.6,10.455829,246.15868,true,true,true,1.17645E9
19808771225431,5,28,26.4,21.4,49.608406,267.31122,true,true,true,1.17645E9
19808771225431,5,34,17.8,12.8,7.5157013,53.7543,false,true,true,1.17645E9
19808771225431,5,37,41.0,36.0,34.58737,313.9813,true,true,true,1.17645E9
19808771225431,5,38,32.6,27.6,57.88874,19.09498,true,true,true,1.17645E9
19808771225431,5,42,19.1,14.1,5.4120073,96.42543,true,false,true,1.17645E9
19808771225431,5,23,35.9,30.9,76.25328,225.64455,true,true,true,1.57542E9
19808771225431,5,25,26.7,21.7,35.08738,157.25748,true,true,true,1.57542E9
19808771225431,5,27,37.0,32.0,10.455829,246.15868,true,true,true,1.57542E9
19808771225431,5,28,40.3,35.3,49.608406,267.31122,true,true,true,1.57542E9
19808771225431,5,34,22.5,17.5,7.5157013,53.7543,true,true,true,1.57542E9
19808771225431,5,37,43.4,38.4,34.58737,313.9813,true,true,true,1.57542E9
19808771225431,5,38,39.9,34.9,57.88874,19.09498,true,true,true,1.57542E9
19808771225431,5,42,27.0,22.0,5.4120073,96.42543,true,false,true,1.57542E9
19809769091056,1,6,37.7,32.7,71.82889,33.8546,true,true,true,1.57542E9
19809769091056,1,11,31.0,26.0,67.20751,221.2712,true,true,true,1.57542E9
19809769091056,1,12,31.8,26.8,24.911688,318.29565,true,false,true,1.57542E9
19809769091056,1,14,32.5,27.5,20.761066,126.17851,false,true,true,1.57542E9
19809769091056,1,17,39.8,34.8,24.384571,61.234203,true,true,true,1.57542E9
19809769091056,1,19,36.4,31.4,49.370075,29.61656,true,true,true,1.57542E9
19809769091056,1,21,34.8,29.8,17.518345,166.57326,true,true,true,1.57542E9
19809769091056,1,22,36.2,31.2,40.924557,115.49065,true,true,true,1.57542E9
19809769091056,1,24,37.6,32.6,37.151264,261.3042,true,true,true,1.57542E9
19809769091056,4,194,34.7,29.7,23.604813,97.0179,true,true,true,1.57542E9
19809769091056,4,195,39.0,34.0,32.21701,62.014374,true,true,true,1.57542E9
19809769091056,2,134,32.6,27.6,0.0,0.0,false,false,false,1.57542E9
19809769091056,3,9,35.1,30.1,81.66185,148.7656,false,false,true,1.600875E9
19809769091056,3,16,32.8,27.8,23.731276,147.23816,true,true,true,1.6014374E9
19809769091056,3,20,44.3,39.3,62.42595,279.15695,false,false,true,1.603125E9
19809769091056,3,19,42.3,37.3,41.452652,19.580093,true,true,true,1.6036876E9
19809769091056,3,21,39.6,34.6,24.81651,238.7768,true,true,true,1.60425E9
19809769091056,5,42,27.1,22.1,5.4120073,96.42543,true,false,true,1.561098E9
19809769091056,5,38,41.1,36.1,57.88874,19.09498,true,true,true,1.561098E9
19809769091056,5,37,42.6,37.6,34.58737,313.9813,true,true,true,1.561098E9
19809769091056,5,34,27.6,22.6,7.5157013,53.7543,true,true,true,1.561098E9
19809769091056,5,33,28.5,23.5,2.5242438,145.99773,false,false,true,1.561098E9
19809769091056,5,28,43.3,38.3,49.608406,267.31122,true,true,true,1.561098E9
19809769091056,5,27,40.7,35.7,10.455829,246.15868,true,true,true,1.561098E9
19809769091056,5,25,35.0,30.0,35.08738,157.25748,true,true,true,1.561098E9
19809769091056,5,23,35.9,30.9,76.25328,225.64455,true,true,true,1.561098E9
19809769091056,5,14,23.6,18.6,2.695912,75.00786,false,false,true,1.561098E9
19809769091056,5,13,41.9,36.9,68.27135,320.29843,true,true,true,1.561098E9
19809769091056,5,10,30.6,25.6,15.663169,162.58145,true,false,true,1.561098E9
19809769091056,5,9,30.3,25.3,22.402777,145.66512,true,false,true,1.561098E9
19809769091056,5,8,37.4,32.4,37.18223,48.354237,true,true,true,1.561098E9
19809769091056,5,7,24.2,19.2,5.805762,160.23549,true,false,true,1.561098E9
19809769091056,5,6,38.8,33.8,30.446934,119.6433,true,true,true,1.561098E9
19809769091056,5,3,34.6,29.6,39.472725,128.12805,false,false,true,1.561098E9
19809769091056,5,2,32.3,27.3,54.25361,175.11227,true,false,true,1.561098E9
19809769091056,5,1,33.4,28.4,15.824988,103.63155,true,false,true,1.561098E9
19809769091056,6,2,37.2,32.2,62.250828,82.92751,true,true,true,1.57542E9
19809769091056,6,15,34.4,29.4,27.57418,209.54988,true,true,true,1.57542E9
19809769091056,6,18,41.2,36.2,64.119026,3.246301,true,false,true,1.57542E9
19809769091056,6,25,27.7,22.7,13.91123,117.40616,true,true,true,1.57542E9
19809769091056,6,30,40.9,35.9,49.2451,329.32602,true,true,true,1.57542E9
19809769091056,6,34,32.7,27.7,79.044205,171.68158,true,true,true,1.57542E9
19809769091056,6,36,40.0,35.0,41.840115,41.710533,true,true,true,1.57542E9
19809769091056,1,6,25.7,20.7,71.82889,33.8546,true,true,true,1.17645E9
19809769091056,1,11,27.0,22.0,67.20751,221.2712,true,true,true,1.17645E9
19809769091056,1,14,22.4,17.4,20.761066,126.17851,true,true,true,1.17645E9
19809769091056,1,21,27.7,22.7,17.518345,166.57326,true,true,true,1.17645E9
19809769091056,1,24,34.4,29.4,37.151264,261.3042,true,true,true,1.17645E9
19809769091056,4,194,30.8,25.8,23.604813,97.0179,true,true,true,1.17645E9
19809769091056,4,195,28.9,23.9,32.21701,62.014374,true,true,true,1.17645E9
19809769091056,6,2,32.9,27.9,62.250828,82.92751,true,true,true,1.17645E9
19809769091056,6,15,22.7,17.7,27.57418,209.54988,true,true,true,1.17645E9
19809769091056,6,18,33.0,28.0,64.119026,3.246301,true,false,true,1.17645E9
19809769091056,6,25,22.9,17.9,13.91123,117.40616,true,true,true,1.17645E9
19809769091056,6,30,27.5,22.5,49.2451,329.32602,true,true,true,1.17645E9
19809769091056,6,34,21.2,16.2,79.044205,171.68158,true,true,true,1.17645E9
19809769091056,6,36,30.9,25.9,41.840115,41.710533,true,true,true,1.17645E9
19809769091056,5,23,22.3,17.3,76.25328,225.64455,true,true,true,1.17645E9
19809769091056,5,25,28.9,23.9,35.08738,157.25748,true,true,true,1.17645E9
19809769091056,5,27,32.3,27.3,10.455829,246.15868,true,true,true,1.17645E9
19809769091056,5,28,25.4,20.4,49.608406,267.31122,true,true,true,1.17645E9
19809769091056,5,34,17.8,12.8,7.5157013,53.7543,false,true,true,1.17645E9
19809769091056,5,37,39.8,34.8,34.58737,313.9813,true,true,true,1.17645E9
19809769091056,5,38,33.4,28.4,57.88874,19.09498,true,true,true,1.17645E9
19809769091056,5,42,21.1,16.1,5.4120073,96.42543,true,false,true,1.17645E9
19809769091056,5,23,32.5,27.5,76.25328,225.64455,true,true,true,1.57542E9
19809769091056,5,25,31.2,26.2,35.08738,157.25748,true,true,true,1.57542E9
19809769091056,5,27,37.4,32.4,10.455829,246.15868,true,true,true,1.57542E9
19809769091056,5,28,40.5,35.5,49.608406,267.31122,true,true,true,1.57542E9
19809769091056,5,34,24.9,19.9,7.5157013,53.7543,true,true,true,1.57542E9
19809769091056,5,37,41.6,36.6,34.58737,313.9813,true,true,true,1.57542E9
19809769091056,5,38,40.8,35.8,57.88874,19.09498,true,true,true,1.57542E9
19809769091056,5,42,25.2,20.2,5.4120073,96.42543,true,false,true,1.57542E9
19810770427305,1,6,40.2,35.2,71.82889,33.8546,true,true,true,1.57542E9
19810770427305,1,11,35.2,30.2,67.20751,221.2712,true,true,true,1.57542E9
19810770427305,1,12,30.7,25.7,24.911688,318.29565,true,false,true,1.57542E9
19810770427305,1,14,34.0,29.0,20.761066,126.17851,false,true,true,1.57542E9
19810770427305,1,17,38.5,33.5,24.384571,61.234203,true,true,true,1.57542E9
19810770427305,1,19,39.7,34.7,49.370075,29.61656,true,true,true,1.57542E9
19810770427305,1,21,35.5,30.5,17.518345,166.57326,true,true,true,1.57542E9
19810770427305,1,22,39.6,34.6,40.924557,115.49065,true,true,true,1.57542E9
19810770427305,1,24,34.7,29.7,37.151264,261.3042,true,true,true,1.57542E9
19810770427305,4,194,37.7,32.7,23.604813,97.0179,true,true,true,1.57542E9
19810770427305,4,195,42.8,37.8,32.21701,62.014374,true,true,true,1.57542E9
19810770427305,2,134,32.6,27.6,0.0,0.0,false,false,false,1.57542E9
19810770427305,3,9,38.0,33.0,81.66185,148.7656,false,false,true,1.600875E9
19810770427305,3,16,34.7,29.7,23.731276,147.23816,true,true,true,1.6014374E9
19810770427305,3,20,43.4,38.4,62.42595,279.15695,false,false,true,1.603125E9
19810770427305,3,19,42.2,37.2,41.452652,19.580093,true,true,true,1.6036876E9
19810770427305,3,21,36.3,31.3,24.81651,238.7768,true,true,true,1.60425E9
19810770427305,5,42,29.1,24.1,5.4120073,96.42543,true,false,true,1.561098E9
19810770427305,5,38,43.3,38.3,57.88874,19.09498,true,true,true,1.561098E9
19810770427305,5,37,38.9,33.9,34.58737,313.9813,true,true,true,1.561098E9
19810770427305,5,34,28.4,23.4,7.5157013,53.7543,true,true,true,1.561098E9
19810770427305,5,33,24.7,19.7,2.5242438,145.99773,false,false,true,1.561098E9
19810770427305,5,28,43.0,38.0,49.608406,267.31122,true,true,true,1.561098E9
19810770427305,5,27,40.9,35.9,10.455829,246.15868,true,true,true,1.561098E9
19810770427305,5,25,34.5,29.5,35.08738,157.25748,true,true,true,1.561098E9
19810770427305,5,23,41.3,36.3,76.25328,225.64455,true,true,true,1.561098E9
19810770427305,5,14,23.4,18.4,2.695912,75.00786,false,false,true,1.561098E9
19810770427305,5,13,43.1,38.1,68.27135,320.29843,true,true,true,1.561098E9
19810770427305,5,10,28.7,23.7,15.663169,162.58145,true,false,true,1.561098E9
19810770427305,5,9,30.0,25.0,22.402777,145.66512,true,false,true,1.561098E9
19810770427305,5,8,33.9,28.9,37.18223,48.354237,true,true,true,1.561098E9
19810770427305,5,7,25.7,20.7,5.805762,160.23549,true,false,true,1.561098E9
19810770427305,5,6,39.3,34.3,30.446934,119.6433,true,true,true,1.561098E9
19810770427305,5,3,34.6,29.6,39.472725,128.12805,false,false,true,1.561098E9
19810770427305,5,2,31.5,26.5,54.25361,175.11227,true,false,true,1.561098E9
19810770427305,5,1,33.7,28.7,15.824988,103.63155,true,false,true,1.561098E9
19810770427305,6,2,38.3,33.3,62.250828,82.92751,true,true,true,1.57542E9
19810770427305,6,15,33.2,28.2,27.57418,209.54988,true,true,true,1.57542E9
19810770427305,6,18,42.9,37.9,64.119026,3.246301,true,false,true,1.57542E9
19810770427305,6,25,25.9,20.9,13.91123,117.40616,true,true,true,1.57542E9
19810770427305,6,30,39.5,34.5,49.2451,329.32602,true,true,true,1.57542E9
19810770427305,6,34,34.4,29.4,79.044205,171.68158,true,true,true,1.57542E9
19810770427305,6,36,41.1,36.1,41.840115,41.710533,true,true,true,1.57542E9
19810770427305,1,6,27.0,22.0,71.82889,33.8546,true,true,true,1.17645E9
19810770427305,1,11,31.9,26.9,67.20751,221.2712,true,true,true,1.17645E9
19810770427305,1,14,23.3,18.3,20.761066,126.17851,true,true,true,1.17645E9
19810770427305,1,21,23.3,18.3,17.518345,166.57326,true,true,true,1.17645E9
19810770427305,1,24,30.7,25.7,37.151264,261.3042,true,true,true,1.17645E9
19810770427305,4,194,31.3,26.3,23.604813,97.0179,true,true,true,1.17645E9
19810770427305,4,195,33.1,28.1,32.21701,62.014374,true,true,true,1.17645E9
19810770427305,6,2,33.3,28.3,62.250828,82.92751,true,true,true,1.17645E9
19810770427305,6,15,24.6,19.6,27.57418,209.54988,true,true,true,1.17645E9
19810770427305,6,18,31.9,26.9,64.119026,3.246301,true,false,true,1.17645E9
19810770427305,6,25,22.9,17.9,13.91123,117.40616,true,true,true,1.17645E9
19810770427305,6,30,31.0,26.0,49.2451,329.32602,true,true,true,1.17645E9
19810770427305,6,34,25.0,20.0,79.044205,171.68158,true,true,true,1.17645E9
19810770427305,6,36,32.8,27.8,41.840115,41.710533,true,true,true,1.17645E9
19810770427305,5,23,26.6,21.6,76.25328,225.64455,true,true,true,1.17645E9
19810770427305,5,25,23.9,18.9,35.08738,157.25748,true,true,true,1.17645E9
19810770427305,5,27,31.5,26.5,10.455829,246.15868,true,true,true,1.17645E9
19810770427305,5,28,25.4,20.4,49.608406,267.31122,true,true,true,1.17645E9
19810770427305,5,34,21.2,16.2,7.5157013,53.7543,false,true,true,1.17645E9
19810770427305,5,37,38.6,33.6,34.58737,313.9813,true,true,true,1.17645E9
19810770427305,5,38,33.8,28.8,57.88874,19.09498,true,true,true,1.17645E9
19810770427305,5,42,21.1,16.1,5.4120073,96.42543,true,false,true,1.17645E9
19810770427305,5,23,38.4,33.4,76.25328,225.64455,true,true,true,1.57542E9
19810770427305,5,25,31.4,26.4,35.08738,157.25748,true,true,true,1.57542E9
19810770427305,5,27,38.9,33.9,10.455829,246.15868,true,true,true,1.57542E9
19810770427305,5,28,40.9,35.9,49.608406,267.31122,true,true,true,1.57542E9
19810770427305,5,34,25.1,20.1,7.5157013,53.7543,true,true,true,1.57542E9
19810770427305,5,37,38.7,33.7,34.58737,313.9813,true,true,true,1.57542E9
19810770427305,5,38,42.0,37.0,57.88874,19.09498,true,true,true,1.57542E9
19810770427305,5,42,25.7,20.7,5.4120073,96.42543,true,false,true,1.57542E9
19811774114440,1,6,42.8,37.8,71.82889,33.8546,true,true,true,1.57542E9
19811774114440,1,11,35.5,30.5,67.20751,221.2712,true,true,true,1.57542E9
19811774114440,1,12,31.1,26.1,24.911688,318.29565,true,false,true,1.57542E9
19811774114440,1,14,35.3,30.3,20.761066,126.17851,false,true,true,1.57542E9
19811774114440,1,17,38.5,33.5,24.384571,61.234203,true,true,true,1.57542E9
19811774114440,1,19,40.9,35.9,49.370075,29.61656,true,true,true,1.57542E9
19811774114440,1,21,35.3,30.3,17.518345,166.57326,true,true,true,1.57542E9
19811774114440,1,22,40.6,35.6,40.924557,115.49065,true,true,true,1.57542E9
19811774114440,1,24,36.8,31.8,37.151264,261.3042,true,true,true,1.57542E9
19811774114440,4,194,37.2,32.2,23.604813,97.0179,true,true,true,1.57542E9
19811774114440,4,195,45.3,40.3,32.21701,62.014374,true,true,true,1.57542E9
19811774114440,2,134,32.6,27.6,0.0,0.0,false,false,false,1.57542E9
19811774114440,3,9,39.5,34.5,81.66185,148.7656,false,false,true,1.600875E9
19811774114440,3,16,32.3,27.3,23.731276,147.23816,true,true,true,1.6014374E9
19811774114440,3,20,42.1,37.1,62.42595,279.15695,false,false,true,1.603125E9
19811774114440,3,19,42.2,37.2,41.452652,19.580093,true,true,true,1.6036876E9
19811774114440,3,21,33.1,28.1,24.81651,238.7768,true,true,true,1.60425E9
19811774114440,5,42,27.6,22.6,5.4120073,96.42543,true,false,true,1.561098E9
19811774114440,5,38,42.9,37.9,57.88874,19.09498,true,true,true,1.561098E9
19811774114440,5,37,39.8,34.8,34.58737,313.9813,true,true,true,1.561098E9
19811774114440,5,34,26.8,21.8,7.5157013,53.7543,true,true,true,1.561098E9
19811774114440,5,33,26.1,21.1,2.5242438,145.99773,false,false,true,1.561098E9
19811774114440,5,28,43.0,38.0,49.608406,267.31122,true,true,true,1.561098E9
19811774114440,5,27,39.9,34.9,10.455829,246.15868,true,true,true,1.561098E9
19811774114440,5,25,32.6,27.6,35.08738,157.25748,true,true,true,1.561098E9
19811774114440,5,23,41.1,36.1,76.25328,225.64455,true,true,true,1.561098E9
19811774114440,5,14,27.3,22.3,2.695912,75.00786,false,false,true,1.561098E9
19811774114440,5,13,45.2,40.2,68.27135,320.29843,true,true,true,1.561098E9
19811774114440,5,10,34.1,29.1,15.663169,162.58145,true,false,true,1.561098E9
19811774114440,5,9,29.2,24.2,22.402777,145.66512,true,false,true,1.561098E9
19811774114440,5,8,33.7,28.7,37.18223,48.354237,true,true,true,1.561098E9
19811774114440,5,7,27.8,22.8,5.805762,160.23549,true,false,true,1.561098E9
19811774114440,5,6,38.6,33.6,30.446934,119.6433,true,true,true,1.561098E9
19811774114440,5,3,32.2,27.2,39.472725,128.12805,false,false,true,1.561098E9
19811774114440,5,2,31.5,26.5,54.25361,175.11227,true,false,true,1.561098E9
19811774114440,5,1,33.7,28.7,15.824988,103.63155,true,false,true,1.561098E9
19811774114440,6,2,40.8,35.8,62.250828,82.92751,true,true,true,1.57542E9
19811774114440,6,15,31.2,26.2,27.57418,209.54988,true,true,true,1.57542E9
19811774114440,6,18,44.7,39.7,64.119026,3.246301,true,false,true,1.57542E9
19811774114440,6,25,28.3,23.3,13.91123,117.40616,true,true,true,1.57542E9
19811774114440,6,30,40.6,35.6,49.2451,329.32602,true,true,true,1.57542E9
19811774114440,6,34,36.9,31.9,79.044205,171.68158,true,true,true,1.57542E9
19811774114440,6,36,39.0,34.0,41.840115,41.710533,true,true,true,1.57542E9
19811774114440,1,6,28.2,23.2,71.82889,33.8546,true,true,true,1.17645E9
19811774114440,1,11,33.2,28.2,67.20751,221.2712,true,true,true,1.17645E9
19811774114440,1,14,23.3,18.3,20.761066,126.17851,true,true,true,1.17645E9
19811774114440,1,21,25.6,20.6,17.518345,166.57326,true,true,true,1.17645E9
19811774114440,1,24,30.9,25.9,37.151264,261.3042,true,true,true,1.17645E9
19811774114440,4,194,30.3,25.3,23.604813,97.0179,true,true,true,1.17645E9
19811774114440,4,195,28.0,23.0,32.21701,62.014374,true,true,true,1.17645E9
19811774114440,6,2,36.7,31.7,62.250828,82.92751,true,true,true,1.17645E9
19811774114440,6,15,28.5,23.5,27.57418,209.54988,true,true,true,1.17645E9
19811774114440,6,18,34.4,29.4,64.119026,3.246301,true,false,true,1.17645E9
19811774114440,6,25,19.6,14.6,13.91123,117.40616,true,true,true,1.17645E9
19811774114440,6,30,32.3,27.3,49.2451,329.32602,true,true,true,1.17645E9
19811774114440,6,34,25.0,20.0,79.044205,171.68158,true,true,true,1.17645E9
19811774114440,6,36,34.3,29.3,41.840115,41.710533,true,true,true,1.17645E9
19811774114440,5,23,26.5,21.5,76.25328,225.64455,true,true,true,1.17645E9
19811774114440,5,25,20.9,15.9,35.08738,157.25748,true,true,true,1.17645E9
19811774114440,5,27,32.7,27.7,10.455829,246.15868,true,true,true,1.17645E9
19811774114440,5,28,21.4,16.4,49.608406,267.31122,true,true,true,1.17645E9
19811774114440,5,34,21.2,16.2,7.5157013,53.7543,true,true,true,1.17645E9
19811774114440,5,37,33.8,28.8,34.58737,313.9813,true,true,true,1.17645E9
19811774114440,5,38,33.2,28.2,57.88874,19.09498,true,true,true,1.17645E9
19811774114440,5,42,21.1,16.1,5.4120073,96.42543,true,false,true,1.17645E9
19811774114440,5,23,39.4,34.4,76.25328,225.64455,true,true,true,1.57542E9
19811774114440,5,25,29.1,24.1,35.08738,157.25748,true,true,true,1.57542E9
19811774114440,5,27,37.2,32.2,10.455829,246.15868,true,true,true,1.57542E9
19811774114440,5,28,40.8,35.8,49.608406,267.31122,true,true,true,1.57542E9
19811774114440,5,34,25.1,20.1,7.5157013,53.7543,true,true,true,1.57542E9
19811774114440,5,37,38.7,33.7,34.58737,313.9813,true,true,true,1.57542E9
19811774114440,5,38,41.9,36.9,57.88874,19.09498,true,true,true,1.57542E9
19811774114440,5,42,23.8,18.8,5.4120073,96.42543,true,false,true,1.57542E9
19812769752461,1,6,41.9,36.9,71.82889,33.8546,true,true,true,1.57542E9
19812769752461,1,11,35.7,30.7,67.20751,221.2712,true,true,true,1.57542E9
19812769752461,1,12,29.6,24.6,24.911688,318.29565,true,false,true,1.57542E9
19812769752461,1,14,37.0,32.0,20.761066,126.17851,true,true,true,1.57542E9
19812769752461,1,17,41.1,36.1,24.384571,61.234203,true,true,true,1.57542E9
19812769752461,1,19,39.5,34.5,49.370075,29.61656,true,true,true,1.57542E9
19812769752461,1,21,36.6,31.6,17.518345,166.57326,true,true,true,1.57542E9
19812769752461,1,22,37.8,32.8,40.924557,115.49065,true,true,true,1.57542E9
19812769752461,1,24,36.7,31.7,37.151264,261.3042,true,true,true,1.57542E9
19812769752461,4,194,32.9,27.9,23.604813,97.0179,true,true,true,1.57542E9
19812769752461,4,195,45.0,40.0,32.21701,62.014374,true,true,true,1.57542E9
19812769752461,2,134,32.6,27.6,0.0,0.0,false,false,false,1.57542E9
19812769752461,3,9,40.2,35.2,81.66185,148.7656,false,false,true,1.600875E9
19812769752461,3,16,32.4,27.4,23.731276,147.23816,true,true,true,1.6014374E9
19812769752461,3,20,42.7,37.7,62.42595,279.15695,false,false,true,1.603125E9
19812769752461,3,19,43.1,38.1,41.452652,19.580093,true,true,true,1.6036876E9
19812769752461,3,21,36.7,31.7,24.81651,238.7768,true,true,true,1.60425E9
19812769752461,5,42,26.4,21.4,5.4120073,96.42543,true,false,true,1.561098E9
19812769752461,5,38,44.3,39.3,57.88874,19.09498,true,true,true,1.561098E9
19812769752461,5,37,41.3,36.3,34.58737,313.9813,true,true,true,1.561098E9
19812769752461,5,34,27.4,22.4,7.5157013,53.7543,true,true,true,1.561098E9
19812769752461,5,33,27.1,22.1,2.5242438,145.99773,false,false,true,1.561098E9
19812769752461,5,28,43.1,38.1,49.608406,267.31122,true,true,true,1.561098E9
19812769752461,5,27,32.4,27.4,10.455829,246.15868,true,true,true,1.561098E9
19812769752461,5,25,29.9,24.9,35.08738,157.25748,true,true,true,1.561098E9
19812769752461,5,23,41.1,36.1,76.25328,225.64455,true,true,true,1.561098E9
19812769752461,5,14,35.0,30.0,2.695912,75.00786,false,false,true,1.561098E9
19812769752461,5,13,45.2,40.2,68.27135,320.29843,true,true,true,1.561098E9
19812769752461,5,10,32.3,27.3,15.663169,162.58145,true,false,true,1.561098E9
19812769752461,5,9,29.5,24.5,22.402777,145.66512,true,false,true,1.561098E9
19812769752461,5,8,36.3,31.3,37.18223,48.354237,true,true,true,1.561098E9
19812769752461,5,7,27.0,22.0,5.805762,160.23549,true,false,true,1.561098E9
19812769752461,5,6,37.0,32.0,30.446934,119.6433,true,true,true,1.561098E9
19812769752461,5,3,32.2,27.2,39.472725,128.12805,false,false,true,1.561098E9
19812769752461,5,2,31.5,26.5,54.25361,175.11227,true,false,true,1.561098E9
19812769752461,5,1,32.4,27.4,15.824988,103.63155,true,false,true,1.561098E9
19812769752461,6,2,41.4,36.4,62.250828,82.92751,true,true,true,1.57542E9
19812769752461,6,15,33.0,28.0,27.57418,209.54988,true,true,true,1.57542E9
19812769752461,6,18,44.2,39.2,64.119026,3.246301,true,false,true,1.57542E9
19812769752461,6,25,34.1,29.1,13.91123,117.40616,true,true,true,1.57542E9
19812769752461,6,30,39.7,34.7,49.2451,329.32602,true,true,true,1.57542E9
19812769752461,6,34,35.7,30.7,79.044205,171.68158,true,true,true,1.57542E9
19812769752461,6,36,39.3,34.3,41.840115,41.710533,true,true,true,1.57542E9
19812769752461,1,6,30.2,25.2,71.82889,33.8546,true,true,true,1.17645E9
19812769752461,1,11,30.8,25.8,67.20751,221.2712,true,true,true,1.17645E9
19812769752461,1,14,18.8,13.8,20.761066,126.17851,true,true,true,1.17645E9
19812769752461,1,21,28.6,23.6,17.518345,166.57326,true,true,true,1.17645E9
19812769752461,1,24,33.7,28.7,37.151264,261.3042,true,true,true,1.17645E9
19812769752461,4,194,31.3,26.3,23.604813,97.0179,true,true,true,1.17645E9
19812769752461,4,195,27.4,22.4,32.21701,62.014374,true,true,true,1.17645E9
19812769752461,6,2,38.0,33.0,62.250828,82.92751,true,true,true,1.17645E9
19812769752461,6,15,31.3,26.3,27.57418,209.54988,true,true,true,1.17645E9
19812769752461,6,18,35.8,30.8,64.119026,3.246301,true,false,true,1.17645E9
19812769752461,6,25,19.6,14.6,13.91123,117.40616,true,true,true,1.17645E9
19812769752461,6,30,29.3,24.3,49.2451,329.32602,true,true,true,1.17645E9
19812769752461,6,34,23.3,18.3,79.044205,171.68158,true,true,true,1.17645E9
19812769752461,6,36,32.2,27.2,41.840115,41.710533,true,true,true,1.17645E9
19812769752461,5,23,28.5,23.5,76.25328,225.64455,true,true,true,1.17645E9
19812769752461,5,25,22.0,17.0,35.08738,157.25748,true,true,true,1.17645E9
19812769752461,5,27,30.2,25.2,10.455829,246.15868,true,true,true,1.17645E9
19812769752461,5,28,23.6,18.6,49.608406,267.31122,true,true,true,1.17645E9
19812769752461,5,34,19.1,14.1,7.5157013,53.7543,true,true,true,1.17645E9
19812769752461,5,37,35.2,30.2,34.58737,313.9813,true,true,true,1.17645E9
19812769752461,5,38,33.6,28.6,57.88874,19.09498,true,true,true,1.17645E9
19812769752461,5,42,21.1,16.1,5.4120073,96.42543,true,false,true,1.17645E9
19812769752461,5,23,38.7,33.7,76.25328,225.64455,true,true,true,1.57542E9
19812769752461,5,25,25.8,20.8,35.08738,157.25748,true,true,true,1.57542E9
19812769752461,5,27,31.5,26.5,10.455829,246.15868,true,true,true,1.57542E9
19812769752461,5,28,40.6,35.6,49.608406,267.31122,true,true,true,1.57542E9
19812769752461,5,34,24.0,19.0,7.5157013,53.7543,true,true,true,1.57542E9
19812769752461,5,37,39.3,34.3,34.58737,313.9813,true,true,true,1.57542E9
19812769752461,5,38,43.1,38.1,57.88874,19.09498,true,true,true,1.57542E9
19812769752461,5,42,24.1,19.1,5.4120073,96.42543,true,false,true,1.57542E9
19813771031783,1,6,40.9,35.9,71.82889,33.8546,true,true,true,1.57542E9
19813771031783,1,11,36.5,31.5,67.20751,221.2712,true,true,true,1.57542E9
19813771031783,1,12,29.9,24.9,24.911688,318.29565,true,false,true,1.57542E9
19813771031783,1,14,34.0,29.0,20.761066,126.17851,true,true,true,1.57542E9
19813771031783,1,17,41.8,36.8,24.384571,61.234203,true,true,true,1.57542E9
19813771031783,1,19,39.3,34.3,49.370075,29.61656,true,true,true,1.57542E9
19813771031783,1,21,35.4,30.4,17.518345,166.57326,true,true,true,1.57542E9
19813771031783,1,22,37.4,32.4,40.924557,115.49065,true,true,true,1.57542E9
19813771031783,1,24,37.9,32.9,37.151264,261.3042,true,true,true,1.57542E9
19813771031783,4,194,33.7,28.7,23.604813,97.0179,true,true,true,1.57542E9
19813771031783,4,195,44.3,39.3,32.21701,62.014374,true,true,true,1.57542E9
19813771031783,2,134,32.6,27.6,0.0,0.0,false,false,false,1.57542E9
19813771031783,3,9,40.2,35.2,81.66185,148.7656,false,false,true,1.600875E9
19813771031783,3,16,31.9,26.9,23.731276,147.23816,true,true,true,1.6014374E9
19813771031783,3,20,42.3,37.3,62.42595,279.15695,false,false,true,1.603125E9
19813771031783,3,19,42.6,37.6,41.452652,19.580093,true,true,true,1.6036876E9
19813771031783,3,21,34.9,29.9,24.81651,238.7768,true,true,true,1.60425E9
19813771031783,5,38,43.9,38.9,57.88874,19.09498,true,true,true,1.561098E9
19813771031783,5,37,39.8,34.8,34.58737,313.9813,true,true,true,1.561098E9
19813771031783,5,34,26.0,21.0,7.5157013,53.7543,true,true,true,1.561098E9
19813771031783,5,33,29.0,24.0,2.5242438,145.99773,false,false,true,1.561098E9
19813771031783,5,28,41.7,36.7,49.608406,267.31122,true,true,true,1.561098E9
19813771031783,5,27,31.9,26.9,10.455829,246.15868,true,true,true,1.561098E9
19813771031783,5,25,34.4,29.4,35.08738,157.25748,true,true,true,1.561098E9
19813771031783,5,23,40.4,35.4,76.25328,225.64455,true,true,true,1.561098E9
19813771031783,5,14,39.1,34.1,2.695912,75.00786,false,false,true,1.561098E9
19813771031783,5,13,45.0,40.0,68.27135,320.29843,true,true,true,1.561098E9
19813771031783,5,10,31.7,26.7,15.663169,162.58145,true,false,true,1.561098E9
19813771031783,5,9,28.3,23.3,22.402777,145.66512,true,false,true,1.561098E9
19813771031783,5,8,38.1,33.1,37.18223,48.354237,true,true,true,1.561098E9
19813771031783,5,7,27.3,22.3,5.805762,160.23549,true,false,true,1.561098E9
19813771031783,5,6,36.5,31.5,30.446934,119.6433,true,true,true,1.561098E9
19813771031783,5,3,33.7,28.7,39.472725,128.12805,false,false,true,1.561098E9
19813771031783,5,2,31.7,26.7,54.25361,175.11227,true,false,true,1.561098E9
19813771031783,5,1,32.4,27.4,15.824988,103.63155,true,false,true,1.561098E9
19813771031783,6,2,40.2,35.2,62.250828,82.92751,true,true,true,1.57542E9
19813771031783,6,15,33.3,28.3,27.57418,209.54988,true,true,true,1.57542E9
19813771031783,6,18,43.4,38.4,64.119026,3.246301,true,false,true,1.57542E9
19813771031783,6,25,34.8,29.8,13.91123,117.40616,true,true,true,1.57542E9
19813771031783,6,30,40.8,35.8,49.2451,329.32602,true,true,true,1.57542E9
19813771031783,6,34,36.9,31.9,79.044205,171.68158,true,true,true,1.57542E9
19813771031783,6,36,38.2,33.2,41.840115,41.710533,true,true,true,1.57542E9
19813771031783,1,6,30.3,25.3,71.82889,33.8546,true,true,true,1.17645E9
19813771031783,1,11,31.9,26.9,67.20751,221.2712,true,true,true,1.17645E9
19813771031783,1,14,21.7,16.7,20.761066,126.17851,true,true,true,1.17645E9
19813771031783,1,21,26.8,21.8,17.518345,166.57326,true,true,true,1.17645E9
19813771031783,1,24,34.0,29.0,37.151264,261.3042,true,true,true,1.17645E9
19813771031783,4,194,29.4,24.4,23.604813,97.0179,true,true,true,1.17645E9
19813771031783,4,195,29.9,24.9,32.21701,62.014374,true,true,true,1.17645E9
19813771031783,6,2,37.0,32.0,62.250828,82.92751,true,true,true,1.17645E9
19813771031783,6,15,29.9,24.9,27.57418,209.54988,true,true,true,1.17645E9
19813771031783,6,18,35.4,30.4,64.119026,3.246301,true,false,true,1.17645E9
19813771031783,6,25,19.4,14.4,13.91123,117.40616,true,true,true,1.17645E9
19813771031783,6,30,25.1,20.1,49.2451,329.32602,true,true,true,1.17645E9
19813771031783,6,34,23.6,18.6,79.044205,171.68158,true,true,true,1.17645E9
19813771031783,6,36,31.0,26.0,41.840115,41.710533,true,true,true,1.17645E9
19813771031783,5,23,30.6,25.6,76.25328,225.64455,true,true,true,1.17645E9
19813771031783,5,25,22.2,17.2,35.08738,157.25748,true,true,true,1.17645E9
19813771031783,5,27,28.1,23.1,10.455829,246.15868,true,true,true,1.17645E9
19813771031783,5,28,23.1,18.1,49.608406,267.31122,true,true,true,1.17645E9
19813771031783,5,34,19.1,14.1,7.5157013,53.7543,true,true,true,1.17645E9
19813771031783,5,37,35.7,30.7,34.58737,313.9813,true,true,true,1.17645E9
19813771031783,5,38,32.8,27.8,57.88874,19.09498,true,true,true,1.17645E9
19813771031783,5,42,21.1,16.1,5.4120073,96.42543,true,false,true,1.17645E9
19813771031783,5,23,38.5,33.5,76.25328,225.64455,true,true,true,1.57542E9
19813771031783,5,25,31.3,26.3,35.08738,157.25748,true,true,true,1.57542E9
19813771031783,5,27,29.0,24.0,10.455829,246.15868,true,true,true,1.57542E9
19813771031783,5,28,40.5,35.5,49.608406,267.31122,true,true,true,1.57542E9
19813771031783,5,34,26.3,21.3,7.5157013,53.7543,true,true,true,1.57542E9
19813771031783,5,37,39.1,34.1,34.58737,313.9813,true,true,true,1.57542E9
19813771031783,5,38,43.3,38.3,57.88874,19.09498,true,true,true,1.57542E9
19813771031783,5,42,26.4,21.4,5.4120073,96.42543,true,false,true,1.57542E9
19814771375220,1,6,38.3,33.3,71.82889,33.8546,true,true,true,1.57542E9
19814771375220,1,11,36.1,31.1,67.20751,221.2712,true,true,true,1.57542E9
19814771375220,1,12,29.6,24.6,24.911688,318.29565,true,false,true,1.57542E9
19814771375220,1,14,32.6,27.6,20.761066,126.17851,true,true,true,1.57542E9
19814771375220,1,17,35.5,30.5,24.384571,61.234203,true,true,true,1.57542E9
19814771375220,1,19,35.3,30.3,49.370075,29.61656,true,true,true,1.57542E9
19814771375220,1,21,35.8,30.8,17.518345,166.57326,true,true,true,1.57542E9
19814771375220,1,22,37.0,32.0,40.924557,115.49065,true,true,true,1.57542E9
19814771375220,1,24,40.2,35.2,37.151264,261.3042,true,true,true,1.57542E9
19814771375220,4,194,32.8,27.8,23.604813,97.0179,true,true,true,1.57542E9
19814771375220,4,195,44.0,39.0,32.21701,62.014374,true,true,true,1.57542E9
19814771375220,2,134,37.4,32.4,0.0,0.0,false,false,false,1.57542E9
19814771375220,3,9,37.8,32.8,81.66185,148.7656,false,false,true,1.600875E9
19814771375220,3,16,36.1,31.1,23.731276,147.23816,true,true,true,1.6014374E9
19814771375220,3,20,47.2,42.2,62.42595,279.15695,false,false,true,1.603125E9
19814771375220,3,19,41.9,36.9,41.452652,19.580093,true,true,true,1.6036876E9
19814771375220,3,21,38.0,33.0,24.81651,238.7768,true,true,true,1.60425E9
19814771375220,5,38,44.2,39.2,57.88874,19.09498,true,true,true,1.561098E9
19814771375220,5,37,42.6,37.6,34.58737,313.9813,true,true,true,1.561098E9
19814771375220,5,34,25.9,20.9,7.5157013,53.7543,true,true,true,1.561098E9
19814771375220,5,33,29.0,24.0,2.5242438,145.99773,false,false,true,1.561098E9
19814771375220,5,28,45.3,40.3,49.608406,267.31122,true,true,true,1.561098E9
19814771375220,5,27,32.9,27.9,10.455829,246.15868,true,true,true,1.561098E9
19814771375220,5,25,35.1,30.1,35.08738,157.25748,true,true,true,1.561098E9
19814771375220,5,23,42.6,37.6,76.25328,225.64455,true,true,true,1.561098E9
19814771375220,5,14,33.5,28.5,2.695912,75.00786,false,false,true,1.561098E9
19814771375220,5,13,44.1,39.1,68.27135,320.29843,true,true,true,1.561098E9
19814771375220,5,10,29.1,24.1,15.663169,162.58145,true,false,true,1.561098E9
19814771375220,5,9,27.6,22.6,22.402777,145.66512,true,false,true,1.561098E9
19814771375220,5,8,34.5,29.5,37.18223,48.354237,true,true,true,1.561098E9
19814771375220,5,7,24.4,19.4,5.805762,160.23549,true,false,true,1.561098E9
19814771375220,5,6,42.1,37.1,30.446934,119.6433,true,true,true,1.561098E9
19814771375220,5,3,33.7,28.7,39.472725,128.12805,false,false,true,1.561098E9
19814771375220,5,2,31.7,26.7,54.25361,175.11227,true,false,true,1.561098E9
19814771375220,5,1,30.6,25.6,15.824988,103.63155,true,false,true,1.561098E9
19814771375220,6,2,41.9,36.9,62.250828,82.92751,true,true,true,1.57542E9
19814771375220,6,15,37.6,32.6,27.57418,209.54988,true,true,true,1.57542E9
19814771375220,6,18,41.7,36.7,64.119026,3.246301,true,false,true,1.57542E9
19814771375220,6,25,24.2,19.2,13.91123,117.40616,true,true,true,1.57542E9
19814771375220,6,30,43.3,38.3,49.2451,329.32602,true,true,true,1.57542E9
19814771375220,6,34,38.1,33.1,79.044205,171.68158,true,true,true,1.57542E9
19814771375220,6,36,43.3,38.3,41.840115,41.710533,true,true,true,1.57542E9
19814771375220,1,6,34.0,29.0,71.82889,33.8546,true,true,true,1.17645E9
19814771375220,1,11,27.3,22.3,67.20751,221.2712,true,true,true,1.17645E9
19814771375220,1,14,22.6,17.6,20.761066,126.17851,true,true,true,1.17645E9
19814771375220,1,21,24.8,19.8,17.518345,166.57326,true,true,true,1.17645E9
19814771375220,1,24,34.6,29.6,37.151264,261.3042,true,true,true,1.17645E9
19814771375220,4,194,28.7,23.7,23.604813,97.0179,true,true,true,1.17645E9
19814771375220,4,195,34.6,29.6,32.21701,62.014374,true,true,true,1.17645E9
19814771375220,6,2,37.3,32.3,62.250828,82.92751,true,true,true,1.17645E9
19814771375220,6,15,30.0,25.0,27.57418,209.54988,true,true,true,1.17645E9
19814771375220,6,18,33.7,28.7,64.119026,3.246301,true,false,true,1.17645E9
19814771375220,6,25,28.4,23.4,13.91123,117.40616,true,true,true,1.17645E9
19814771375220,6,30,34.3,29.3,49.2451,329.32602,true,true,true,1.17645E9
19814771375220,6,34,22.2,17.2,79.044205,171.68158,true,true,true,1.17645E9
19814771375220,6,36,31.4,26.4,41.840115,41.710533,true,true,true,1.17645E9
19814771375220,5,23,28.1,23.1,76.25328,225.64455,true,true,true,1.17645E9
19814771375220,5,25,22.7,17.7,35.08738,157.25748,true,true,true,1.17645E9
19814771375220,5,27,23.6,18.6,10.455829,246.15868,true,true,true,1.17645E9
19814771375220,5,28,28.7,23.7,49.608406,267.31122,true,true,true,1.17645E9
19814771375220,5,34,19.1,14.1,7.5157013,53.7543,true,true,true,1.17645E9
19814771375220,5,37,35.4,30.4,34.58737,313.9813,true,true,true,1.17645E9
19814771375220,5,38,30.6,25.6,57.88874,19.09498,true,true,true,1.17645E9
19814771375220,5,42,16.6,11.6,5.4120073,96.42543,true,false,true,1.17645E9
19814771375220,5,23,40.2,35.2,76.25328,225.64455,true,true,true,1.57542E9
19814771375220,5,25,35.4,30.4,35.08738,157.25748,true,true,true,1.57542E9
19814771375220,5,27,24.0,19.0,10.455829,246.15868,true,true,true,1.57542E9
19814771375220,5,28,42.5,37.5,49.608406,267.31122,true,true,true,1.57542E9
19814771375220,5,34,25.5,20.5,7.5157013,53.7543,true,true,true,1.57542E9
19814771375220,5,37,41.9,36.9,34.58737,313.9813,true,true,true,1.57542E9
19814771375220,5,38,44.8,39.8,57.88874,19.09498,true,true,true,1.57542E9
19814771375220,5,42,29.0,24.0,5.4120073,96.42543,true,false,true,1.57542E9
19815768940116,1,6,39.2,34.2,71.82889,33.8546,true,true,true,1.57542E9
19815768940116,1,11,36.0,31.0,67.20751,221.2712,true,true,true,1.57542E9
19815768940116,1,12,29.8,24.8,24.911688,318.29565,true,false,true,1.57542E9
19815768940116,1,14,30.9,25.9,20.761066,126.17851,true,true,true,1.57542E9
19815768940116,1,17,33.4,28.4,24.384571,61.234203,true,true,true,1.57542E9
19815768940116,1,19,30.5,25.5,49.370075,29.61656,true,true,true,1.57542E9
19815768940116,1,21,36.0,31.0,17.518345,166.57326,true,true,true,1.57542E9
19815768940116,1,22,40.1,35.1,40.924557,115.49065,true,true,true,1.57542E9
19815768940116,1,24,39.4,34.4,37.151264,261.3042,true,true,true,1.57542E9
19815768940116,4,194,33.2,28.2,23.604813,97.0179,true,true,true,1.57542E9
19815768940116,4,195,42.5,37.5,32.21701,62.014374,true,true,true,1.57542E9
19815768940116,2,134,38.3,33.3,0.0,0.0,false,false,false,1.57542E9
19815768940116,3,9,38.3,33.3,81.66185,148.7656,false,false,true,1.600875E9
19815768940116,3,16,36.1,31.1,23.731276,147.23816,true,true,true,1.6014374E9
19815768940116,3,20,47.1,42.1,62.42595,279.15695,false,false,true,1.603125E9
19815768940116,3,19,41.2,36.2,41.452652,19.580093,true,true,true,1.6036876E9
19815768940116,3,21,37.4,32.4,24.81651,238.7768,true,true,true,1.60425E9
19815768940116,5,42,32.5,27.5,5.4120073,96.42543,true,false,true,1.561098E9
19815768940116,5,38,44.0,39.0,57.88874,19.09498,true,true,true,1.561098E9
19815768940116,5,37,42.0,37.0,34.58737,313.9813,true,true,true,1.561098E9
19815768940116,5,34,25.9,20.9,7.5157013,53.7543,true,true,true,1.561098E9
19815768940116,5,33,22.5,17.5,2.5242438,145.99773,false,false,true,1.561098E9
19815768940116,5,28,46.1,41.1,49.608406,267.31122,true,true,true,1.561098E9
19815768940116,5,27,32.2,27.2,10.455829,246.15868,true,true,true,1.561098E9
19815768940116,5,25,29.5,24.5,35.08738,157.25748,true,true,true,1.561098E9
19815768940116,5,23,42.9,37.9,76.25328,225.64455,true,true,true,1.561098E9
19815768940116,5,14,34.8,29.8,2.695912,75.00786,false,false,true,1.561098E9
19815768940116,5,13,44.7,39.7,68.27135,320.29843,true,true,true,1.561098E9
19815768940116,5,10,28.8,23.8,15.663169,162.58145,true,false,true,1.561098E9
19815768940116,5,9,23.0,18.0,22.402777,145.66512,true,false,true,1.561098E9
19815768940116,5,8,31.5,26.5,37.18223,48.354237,true,true,true,1.561098E9
19815768940116,5,6,42.8,37.8,30.446934,119.6433,true,true,true,1.561098E9
19815768940116,5,3,32.4,27.4,39.472725,128.12805,false,false,true,1.561098E9
19815768940116,5,2,30.7,25.7,54.25361,175.11227,true,false,true,1.561098E9
19815768940116,5,1,30.6,25.6,15.824988,103.63155,true,false,true,1.561098E9
19815768940116,6,2,43.9,38.9,62.250828,82.92751,true,true,true,1.57542E9
19815768940116,6,15,36.5,31.5,27.57418,209.54988,true,true,true,1.57542E9
19815768940116,6,18,42.9,37.9,64.119026,3.246301,true,false,true,1.57542E9
19815768940116,6,25,23.9,18.9,13.91123,117.40616,true,true,true,1.57542E9
19815768940116,6,30,43.3,38.3,49.2451,329.32602,true,true,true,1.57542E9
19815768940116,6,34,38.3,33.3,79.044205,171.68158,true,true,true,1.57542E9
19815768940116,6,36,41.8,36.8,41.840115,41.710533,true,true,true,1.57542E9
19815768940116,1,6,34.3,29.3,71.82889,33.8546,true,true,true,1.17645E9
19815768940116,1,11,24.7,19.7,67.20751,221.2712,true,true,true,1.17645E9
19815768940116,1,14,23.8,18.8,20.761066,126.17851,true,true,true,1.17645E9
19815768940116,1,21,24.8,19.8,17.518345,166.57326,true,true,true,1.17645E9
19815768940116,1,24,36.1,31.1,37.151264,261.3042,true,true,true,1.17645E9
19815768940116,4,194,28.3,23.3,23.604813,97.0179,true,true,true,1.17645E9
19815768940116,4,195,36.9,31.9,32.21701,62.014374,true,true,true,1.17645E9
19815768940116,6,2,35.9,30.9,62.250828,82.92751,true,true,true,1.17645E9
19815768940116,6,15,31.1,26.1,27.57418,209.54988,true,true,true,1.17645E9
19815768940116,6,18,33.6,28.6,64.119026,3.246301,true,false,true,1.17645E9
19815768940116,6,25,28.2,23.2,13.91123,117.40616,true,true,true,1.17645E9
19815768940116,6,30,32.6,27.6,49.2451,329.32602,true,true,true,1.17645E9
19815768940116,6,34,22.2,17.2,79.044205,171.68158,true,true,true,1.17645E9
19815768940116,6,36,31.0,26.0,41.840115,41.710533,true,true,true,1.17645E9
19815768940116,5,23,27.5,22.5,76.25328,225.64455,true,true,true,1.17645E9
19815768940116,5,25,22.4,17.4,35.08738,157.25748,true,true,true,1.17645E9
19815768940116,5,27,22.0,17.0,10.455829,246.15868,true,true,true,1.17645E9
19815768940116,5,28,30.3,25.3,49.608406,267.31122,true,true,true,1.17645E9
19815768940116,5,34,18.4,13.4,7.5157013,53.7543,true,true,true,1.17645E9
19815768940116,5,37,37.6,32.6,34.58737,313.9813,true,true,true,1.17645E9
19815768940116,5,38,30.1,25.1,57.88874,19.09498,true,true,true,1.17645E9
19815768940116,5,42,22.4,17.4,5.4120073,96.42543,true,false,true,1.17645E9
19815768940116,5,23,40.4,35.4,76.25328,225.64455,true,true,true,1.57542E9
19815768940116,5,25,35.2,30.2,35.08738,157.25748,true,true,true,1.57542E9
19815768940116,5,27,24.0,19.0,10.455829,246.15868,true,true,true,1.57542E9
19815768940116,5,28,43.7,38.7,49.608406,267.31122,true,true,true,1.57542E9
19815768940116,5,34,25.8,20.8,7.5157013,53.7543,true,true,true,1.57542E9
19815768940116,5,37,40.6,35.6,34.58737,313.9813,true,true,true,1.57542E9
19815768940116,5,38,42.6,37.6,57.88874,19.09498,true,true,true,1.57542E9
19815768940116,5,42,30.6,25.6,5.4120073,96.42543,true,false,true,1.57542E9
19816769253553,1,6,38.8,33.8,71.82889,33.8546,true,true,true,1.57542E9
19816769253553,1,11,34.1,29.1,67.20751,221.2712,true,true,true,1.57542E9
19816769253553,1,12,31.0,26.0,24.911688,318.29565,true,false,true,1.57542E9
19816769253553,1,14,31.2,26.2,20.761066,126.17851,true,true,true,1.57542E9
19816769253553,1,17,34.6,29.6,24.384571,61.234203,true,true,true,1.57542E9
19816769253553,1,19,32.0,27.0,49.370075,29.61656,true,true,true,1.57542E9
19816769253553,1,21,34.5,29.5,17.518345,166.57326,true,true,true,1.57542E9
19816769253553,1,22,41.1,36.1,40.924557,115.49065,true,true,true,1.57542E9
19816769253553,1,24,38.3,33.3,37.151264,261.3042,true,true,true,1.57542E9
19816769253553,4,194,34.0,29.0,23.604813,97.0179,true,true,true,1.57542E9
19816769253553,4,195,43.2,38.2,32.21701,62.014374,true,true,true,1.57542E9
19816769253553,2,134,38.4,33.4,0.0,0.0,false,false,false,1.57542E9
19816769253553,3,9,38.8,33.8,81.66185,148.7656,false,false,true,1.600875E9
19816769253553,3,16,37.0,32.0,23.731276,147.23816,true,true,true,1.6014374E9
19816769253553,3,20,47.5,42.5,62.42595,279.15695,false,false,true,1.603125E9
19816769253553,3,19,39.9,34.9,41.452652,19.580093,true,true,true,1.6036876E9
19816769253553,3,21,36.6,31.6,24.81651,238.7768,true,true,true,1.60425E9
19816769253553,5,42,33.4,28.4,5.4120073,96.42543,true,false,true,1.561098E9
19816769253553,5,38,45.4,40.4,57.88874,19.09498,true,true,true,1.561098E9
19816769253553,5,37,42.5,37.5,34.58737,313.9813,true,true,true,1.561098E9
19816769253553,5,33,23.5,18.5,2.5242438,145.99773,false,false,true,1.561098E9
19816769253553,5,28,46.0,41.0,49.608406,267.31122,true,true,true,1.561098E9
19816769253553,5,27,31.7,26.7,10.455829,246.15868,true,true,true,1.561098E9
19816769253553,5,25,30.8,25.8,35.08738,157.25748,true,true,true,1.561098E9
19816769253553,5,23,42.4,37.4,76.25328,225.64455,true,true,true,1.561098E9
19816769253553,5,14,35.6,30.6,2.695912,75.00786,false,false,true,1.561098E9
19816769253553,5,13,45.0,40.0,68.27135,320.29843,true,true,true,1.561098E9
19816769253553,5,10,27.9,22.9,15.663169,162.58145,true,false,true,1.561098E9
19816769253553,5,9,23.0,18.0,22.402777,145.66512,true,false,true,1.561098E9
19816769253553,5,8,31.0,26.0,37.18223,48.354237,true,true,true,1.561098E9
19816769253553,5,6,43.0,38.0,30.446934,119.6433,true,true,true,1.561098E9
19816769253553,5,3,33.8,28.8,39.472725,128.12805,false,false,true,1.561098E9
19816769253553,5,2,30.7,25.7,54.25361,175.11227,true,false,true,1.561098E9
19816769253553,5,1,30.6,25.6,15.824988,103.63155,true,false,true,1.561098E9
19816769253553,6,2,44.0,39.0,62.250828,82.92751,true,true,true,1.57542E9
19816769253553,6,15,35.5,30.5,27.57418,209.54988,true,true,true,1.57542E9
19816769253553,6,18,44.2,39.2,64.119026,3.246301,true,false,true,1.57542E9
19816769253553,6,25,26.3,21.3,13.91123,117.40616,true,true,true,1.57542E9
19816769253553,6,30,44.6,39.6,49.2451,329.32602,true,true,true,1.57542E9
19816769253553,6,34,38.5,33.5,79.044205,171.68158,true,true,true,1.57542E9
19816769253553,6,36,39.2,34.2,41.840115,41.710533,true,true,true,1.57542E9
19816769253553,1,6,34.0,29.0,71.82889,33.8546,true,true,true,1.17645E9
19816769253553,1,11,22.5,17.5,67.20751,221.2712,true,true,true,1.17645E9
19816769253553,1,14,23.4,18.4,20.761066,126.17851,true,true,true,1.17645E9
19816769253553,1,21,19.4,14.4,17.518345,166.57326,true,true,true,1.17645E9
19816769253553,1,24,36.5,31.5,37.151264,261.3042,true,true,true,1.17645E9
19816769253553,4,194,26.4,21.4,23.604813,97.0179,true,true,true,1.17645E9
19816769253553,4,195,37.4,32.4,32.21701,62.014374,true,true,true,1.17645E9
19816769253553,6,2,35.2,30.2,62.250828,82.92751,true,true,true,1.17645E9
19816769253553,6,15,30.5,25.5,27.57418,209.54988,true,true,true,1.17645E9
19816769253553,6,18,33.0,28.0,64.119026,3.246301,true,false,true,1.17645E9
19816769253553,6,25,29.9,24.9,13.91123,117.40616,true,true,true,1.17645E9
19816769253553,6,30,30.6,25.6,49.2451,329.32602,true,true,true,1.17645E9
19816769253553,6,34,20.4,15.4,79.044205,171.68158,true,true,true,1.17645E9
19816769253553,6,36,31.4,26.4,41.840115,41.710533,true,true,true,1.17645E9
19816769253553,5,23,26.6,21.6,76.25328,225.64455,true,true,true,1.17645E9
19816769253553,5,25,22.0,17.0,35.08738,157.25748,true,true,true,1.17645E9
19816769253553,5,27,22.6,17.6,10.455829,246.15868,true,true,true,1.17645E9
19816769253553,5,28,30.6,25.6,49.608406,267.31122,true,true,true,1.17645E9
19816769253553,5,34,18.4,13.4,7.5157013,53.7543,true,true,true,1.17645E9
19816769253553,5,37,36.7,31.7,34.58737,313.9813,true,true,true,1.17645E9
19816769253553,5,38,29.0,24.0,57.88874,19.09498,true,true,true,1.17645E9
19816769253553,5,42,22.0,17.0,5.4120073,96.42543,true,false,true,1.17645E9
19816769253553,5,23,40.6,35.6,76.25328,225.64455,true,true,true,1.57542E9
19816769253553,5,25,34.5,29.5,35.08738,157.25748,true,true,true,1.57542E9
19816769253553,5,27,20.5,15.5,10.455829,246.15868,true,true,true,1.57542E9
19816769253553,5,28,43.8,38.8,49.608406,267.31122,true,true,true,1.57542E9
19816769253553,5,34,26.5,21.5,7.5157013,53.7543,true,true,true,1.57542E9
19816769253553,5,37,41.5,36.5,34.58737,313.9813,true,true,true,1.57542E9
19816769253553,5,38,43.1,38.1,57.88874,19.09498,true,true,true,1.57542E9
19816769253553,5,42,31.9,26.9,5.4120073,96.42543,true,false,true,1.57542E9
19817768199594,1,6,39.1,34.1,71.82889,33.8546,true,true,true,1.57542E9
19817768199594,1,11,36.0,31.0,67.20751,221.2712,true,true,true,1.57542E9
19817768199594,1,12,30.1,25.1,24.911688,318.29565,true,false,true,1.57542E9
19817768199594,1,14,30.9,25.9,20.761066,126.17851,true,true,true,1.57542E9
19817768199594,1,17,35.2,30.2,24.384571,61.234203,true,true,true,1.57542E9
19817768199594,1,19,30.9,25.9,49.370075,29.61656,true,true,true,1.57542E9
19817768199594,1,21,36.1,31.1,17.518345,166.57326,true,true,true,1.57542E9
19817768199594,1,22,38.0,33.0,40.924557,115.49065,true,true,true,1.57542E9
19817768199594,1,24,39.1,34.1,37.151264,261.3042,true,true,true,1.57542E9
19817768199594,4,194,32.9,27.9,23.604813,97.0179,true,true,true,1.57542E9
19817768199594,4,195,44.0,39.0,32.21701,62.014374,true,true,true,1.57542E9
19817768199594,2,134,39.1,34.1,0.0,0.0,false,false,false,1.57542E9
19817768199594,3,9,36.9,31.9,81.66185,148.7656,false,false,true,1.600875E9
19817768199594,3,16,35.9,30.9,23.731276,147.23816,true,true,true,1.6014374E9
19817768199594,3,20,46.9,41.9,62.42595,279.15695,false,false,true,1.603125E9
19817768199594,3,19,41.1,36.1,41.452652,19.580093,true,true,true,1.6036876E9
19817768199594,3,21,36.9,31.9,24.81651,238.7768,true,true,true,1.60425E9
19817768199594,5,42,31.7,26.7,5.4120073,96.42543,true,false,true,1.561098E9
19817768199594,5,38,45.5,40.5,57.88874,19.09498,true,true,true,1.561098E9
19817768199594,5,37,42.9,37.9,34.58737,313.9813,true,true,true,1.561098E9
19817768199594,5,33,23.1,18.1,2.5242438,145.99773,false,false,true,1.561098E9
19817768199594,5,28,45.8,40.8,49.608406,267.31122,true,true,true,1.561098E9
19817768199594,5,27,31.7,26.7,10.455829,246.15868,true,true,true,1.561098E9
19817768199594,5,25,31.0,26.0,35.08738,157.25748,true,true,true,1.561098E9
19817768199594,5,23,41.6,36.6,76.25328,225.64455,true,true,true,1.561098E9
19817768199594,5,14,35.6,30.6,2.695912,75.00786,false,false,true,1.561098E9
19817768199594,5,13,44.7,39.7,68.27135,320.29843,true,true,true,1.561098E9
19817768199594,5,10,27.6,22.6,15.663169,162.58145,true,false,true,1.561098E9
19817768199594,5,9,24.6,19.6,22.402777,145.66512,true,false,true,1.561098E9
19817768199594,5,8,31.4,26.4,37.18223,48.354237,true,true,true,1.561098E9
19817768199594,5,7,24.0,19.0,5.805762,160.23549,true,false,true,1.561098E9
19817768199594,5,6,41.3,36.3,30.446934,119.6433,true,true,true,1.561098E9
19817768199594,5,3,33.1,28.1,39.472725,128.12805,false,false,true,1.561098E9
19817768199594,5,2,30.7,25.7,54.25361,175.11227,true,false,true,1.561098E9
19817768199594,5,1,30.6,25.6,15.824988,103.63155,true,false,true,1.561098E9
19817768199594,6,2,43.4,38.4,62.250828,82.92751,true,true,true,1.57542E9
19817768199594,6,15,37.6,32.6,27.57418,209.54988,true,true,true,1.57542E9
19817768199594,6,18,42.7,37.7,64.119026,3.246301,true,false,true,1.57542E9
19817768199594,6,25,23.4,18.4,13.91123,117.40616,true,true,true,1.57542E9
19817768199594,6,30,43.4,38.4,49.2451,329.32602,true,true,true,1.57542E9
19817768199594,6,34,37.6,32.6,79.044205,171.68158,true,true,true,1.57542E9
19817768199594,6,36,43.0,38.0,41.840115,41.710533,true,true,true,1.57542E9
19817768199594,1,6,34.4,29.4,71.82889,33.8546,true,true,true,1.17645E9
19817768199594,1,11,23.9,18.9,67.20751,221.2712,true,true,true,1.17645E9
19817768199594,1,14,22.7,17.7,20.761066,126.17851,true,true,true,1.17645E9
19817768199594,1,21,22.5,17.5,17.518345,166.57326,true,true,true,1.17645E9
19817768199594,1,24,36.2,31.2,37.151264,261.3042,true,true,true,1.17645E9
19817768199594,4,194,27.2,22.2,23.604813,97.0179,true,true,true,1.17645E9
19817768199594,4,195,35.7,30.7,32.21701,62.014374,true,true,true,1.17645E9
19817768199594,6,2,35.1,30.1,62.250828,82.92751,true,true,true,1.17645E9
19817768199594,6,15,32.1,27.1,27.57418,209.54988,true,true,true,1.17645E9
19817768199594,6,18,33.4,28.4,64.119026,3.246301,true,false,true,1.17645E9
19817768199594,6,25,27.8,22.8,13.91123,117.40616,true,true,true,1.17645E9
19817768199594,6,30,33.0,28.0,49.2451,329.32602,true,true,true,1.17645E9
19817768199594,6,34,20.2,15.2,79.044205,171.68158,true,true,true,1.17645E9
19817768199594,6,36,29.8,24.8,41.840115,41.710533,true,true,true,1.17645E9
19817768199594,5,23,26.7,21.7,76.25328,225.64455,true,true,true,1.17645E9
19817768199594,5,25,23.9,18.9,35.08738,157.25748,true,true,true,1.17645E9
19817768199594,5,27,23.2,18.2,10.455829,246.15868,true,true,true,1.17645E9
19817768199594,5,28,31.8,26.8,49.608406,267.31122,true,true,true,1.17645E9
19817768199594,5,34,19.2,14.2,7.5157013,53.7543,true,true,true,1.17645E9
19817768199594,5,37,37.5,32.5,34.58737,313.9813,true,true,true,1.17645E9
19817768199594,5,38,29.4,24.4,57.88874,19.09498,true,true,true,1.17645E9
19817768199594,5,42,21.8,16.8,5.4120073,96.42543,true,false,true,1.17645E9
19817768199594,5,23,39.1,34.1,76.25328,225.64455,true,true,true,1.57542E9
19817768199594,5,25,32.8,27.8,35.08738,157.25748,true,true,true,1.57542E9
19817768199594,5,27,20.5,15.5,10.455829,246.15868,true,true,true,1.57542E9
19817768199594,5,28,43.8,38.8,49.608406,267.31122,true,true,true,1.57542E9
19817768199594,5,34,25.3,20.3,7.5157013,53.7543,true,true,true,1.57542E9
19817768199594,5,37,41.4,36.4,34.58737,313.9813,true,true,true,1.57542E9
19817768199594,5,38,44.6,39.6,57.88874,19.09498,true,true,true,1.57542E9
19817768199594,5,42,31.5,26.5,5.4120073,96.42543,true,false,true,1.57542E9
19818772101885,1,6,30.9,25.9,71.82889,33.8546,true,true,true,1.57542E9
19818772101885,1,11,37.4,32.4,67.20751,221.2712,true,true,true,1.57542E9
19818772101885,1,12,31.5,26.5,24.911688,318.29565,true,false,true,1.57542E9
19818772101885,1,14,31.0,26.0,20.761066,126.17851,true,true,true,1.57542E9
19818772101885,1,17,32.8,27.8,24.384571,61.234203,true,true,true,1.57542E9
19818772101885,1,19,29.3,24.3,49.370075,29.61656,true,true,true,1.57542E9
19818772101885,1,21,36.9,31.9,17.518345,166.57326,true,true,true,1.57542E9
19818772101885,1,22,39.0,34.0,40.924557,115.49065,true,true,true,1.57542E9
19818772101885,1,24,38.9,33.9,37.151264,261.3042,true,true,true,1.57542E9
19818772101885,4,194,33.5,28.5,23.604813,97.0179,true,true,true,1.57542E9
19818772101885,4,195,43.9,38.9,32.21701,62.014374,true,true,true,1.57542E9
19818772101885,2,134,37.8,32.8,0.0,0.0,false,false,false,1.57542E9
19818772101885,3,9,39.0,34.0,81.66185,148.7656,false,false,true,1.600875E9
19818772101885,3,16,35.7,30.7,23.731276,147.23816,true,true,true,1.6014374E9
19818772101885,3,20,47.0,42.0,62.42595,279.15695,false,false,true,1.603125E9
19818772101885,3,19,44.4,39.4,41.452652,19.580093,true,true,true,1.6036876E9
19818772101885,3,21,37.1,32.1,24.81651,238.7768,true,true,true,1.60425E9
19818772101885,5,42,32.7,27.7,5.4120073,96.42543,true,false,true,1.561098E9
19818772101885,5,38,45.9,40.9,57.88874,19.09498,true,true,true,1.561098E9
19818772101885,5,37,42.9,37.9,34.58737,313.9813,true,true,true,1.561098E9
19818772101885,5,33,24.4,19.4,2.5242438,145.99773,false,false,true,1.561098E9
19818772101885,5,28,44.9,39.9,49.608406,267.31122,true,true,true,1.561098E9
19818772101885,5,27,29.2,24.2,10.455829,246.15868,true,true,true,1.561098E9
19818772101885,5,25,35.1,30.1,35.08738,157.25748,true,true,true,1.561098E9
19818772101885,5,23,43.1,38.1,76.25328,225.64455,true,true,true,1.561098E9
19818772101885,5,14,34.3,29.3,2.695912,75.00786,false,false,true,1.561098E9
19818772101885,5,13,45.0,40.0,68.27135,320.29843,true,true,true,1.561098E9
19818772101885,5,10,28.3,23.3,15.663169,162.58145,true,false,true,1.561098E9
19818772101885,5,9,23.7,18.7,22.402777,145.66512,true,false,true,1.561098E9
19818772101885,5,8,29.7,24.7,37.18223,48.354237,true,true,true,1.561098E9
19818772101885,5,7,25.9,20.9,5.805762,160.23549,true,false,true,1.561098E9
19818772101885,5,6,41.8,36.8,30.446934,119.6433,true,true,true,1.561098E9
19818772101885,5,3,33.9,28.9,39.472725,128.12805,false,false,true,1.561098E9
19818772101885,5,2,29.0,24.0,54.25361,175.11227,true,false,true,1.561098E9
19818772101885,5,1,30.6,25.6,15.824988,103.63155,true,false,true,1.561098E9
19818772101885,6,2,41.1,36.1,62.250828,82.92751,true,true,true,1.57542E9
19818772101885,6,15,38.2,33.2,27.57418,209.54988,true,true,true,1.57542E9
19818772101885,6,18,41.2,36.2,64.119026,3.246301,true,false,true,1.57542E9
19818772101885,6,25,23.4,18.4,13.91123,117.40616,true,true,true,1.57542E9
19818772101885,6,30,44.2,39.2,49.2451,329.32602,true,true,true,1.57542E9
19818772101885,6,34,38.7,33.7,79.044205,171.68158,true,true,true,1.57542E9
19818772101885,6,36,43.9,38.9,41.840115,41.710533,true,true,true,1.57542E9
19818772101885,1,6,36.3,31.3,71.82889,33.8546,true,true,true,1.17645E9
19818772101885,1,11,28.8,23.8,67.20751,221.2712,true,true,true,1.17645E9
19818772101885,1,14,22.4,17.4,20.761066,126.17851,true,true,true,1.17645E9
19818772101885,1,21,23.7,18.7,17.518345,166.57326,true,true,true,1.17645E9
19818772101885,1,24,35.5,30.5,37.151264,261.3042,true,true,true,1.17645E9
19818772101885,4,194,27.4,22.4,23.604813,97.0179,true,true,true,1.17645E9
19818772101885,4,195,35.5,30.5,32.21701,62.014374,true,true,true,1.17645E9
19818772101885,6,2,36.5,31.5,62.250828,82.92751,true,true,true,1.17645E9
19818772101885,6,15,30.5,25.5,27.57418,209.54988,true,true,true,1.17645E9
19818772101885,6,18,33.3,28.3,64.119026,3.246301,true,false,true,1.17645E9
19818772101885,6,25,28.0,23.0,13.91123,117.40616,true,true,true,1.17645E9
19818772101885,6,30,34.4,29.4,49.2451,329.32602,true,true,true,1.17645E9
19818772101885,6,34,23.2,18.2,79.044205,171.68158,true,true,true,1.17645E9
19818772101885,6,36,29.0,24.0,41.840115,41.710533,true,true,true,1.17645E9
19818772101885,5,23,28.9,23.9,76.25328,225.64455,true,true,true,1.17645E9
19818772101885,5,25,24.1,19.1,35.08738,157.25748,true,true,true,1.17645E9
19818772101885,5,27,23.7,18.7,10.455829,246.15868,true,true,true,1.17645E9
19818772101885,5,28,30.9,25.9,49.608406,267.31122,true,true,true,1.17645E9
19818772101885,5,34,24.8,19.8,7.5157013,53.7543,true,true,true,1.17645E9
19818772101885,5,37,36.9,31.9,34.58737,313.9813,true,true,true,1.17645E9
19818772101885,5,38,29.0,24.0,57.88874,19.09498,true,true,true,1.17645E9
19818772101885,5,42,21.9,16.9,5.4120073,96.42543,true,false,true,1.17645E9
19818772101885,5,23,40.3,35.3,76.25328,225.64455,true,true,true,1.57542E9
19818772101885,5,25,32.9,27.9,35.08738,157.25748,true,true,true,1.57542E9
19818772101885,5,27,19.3,14.3,10.455829,246.15868,true,true,true,1.57542E9
19818772101885,5,28,43.0,38.0,49.608406,267.31122,true,true,true,1.57542E9
19818772101885,5,34,23.2,18.2,7.5157013,53.7543,true,true,true,1.57542E9
19818772101885,5,37,41.7,36.7,34.58737,313.9813,true,true,true,1.57542E9
19818772101885,5,38,45.5,40.5,57.88874,19.09498,true,true,true,1.57542E9
19818772101885,5,42,31.1,26.1,5.4120073,96.42543,true,false,true,1.57542E9
19819771879750,1,11,39.4,34.4,67.20751,221.2712,true,true,true,1.57542E9
19819771879750,1,12,32.3,27.3,24.911688,318.29565,true,false,true,1.57542E9
19819771879750,1,14,33.5,28.5,20.761066,126.17851,true,true,true,1.57542E9
19819771879750,1,17,36.4,31.4,24.384571,61.234203,true,true,true,1.57542E9
19819771879750,1,19,27.5,22.5,49.370075,29.61656,true,true,true,1.57542E9
19819771879750,1,21,36.2,31.2,17.518345,166.57326,true,true,true,1.57542E9
19819771879750,1,22,39.0,34.0,40.924557,115.49065,true,true,true,1.57542E9
19819771879750,1,24,37.7,32.7,37.151264,261.3042,true,true,true,1.57542E9
19819771879750,4,194,30.8,25.8,23.604813,97.0179,true,true,true,1.57542E9
19819771879750,4,195,42.9,37.9,32.21701,62.014374,true,true,true,1.57542E9
19819771879750,2,134,37.2,32.2,0.0,0.0,false,false,false,1.57542E9
19819771879750,3,9,41.9,36.9,81.66185,148.7656,false,false,true,1.600875E9
19819771879750,3,16,37.4,32.4,23.731276,147.23816,true,true,true,1.6014374E9
19819771879750,3,20,47.5,42.5,62.42595,279.15695,false,false,true,1.603125E9
19819771879750,3,19,42.9,37.9,41.452652,19.580093,true,true,true,1.6036876E9
19819771879750,3,21,39.9,34.9,24.81651,238.7768,true,true,true,1.60425E9
19819771879750,5,42,32.5,27.5,5.4120073,96.42543,true,false,true,1.561098E9
19819771879750,5,38,44.8,39.8,57.88874,19.09498,true,true,true,1.561098E9
19819771879750,5,37,43.7,38.7,34.58737,313.9813,true,true,true,1.561098E9
19819771879750,5,34,21.1,16.1,7.5157013,53.7543,true,true,true,1.561098E9
19819771879750,5,33,27.0,22.0,2.5242438,145.99773,false,false,true,1.561098E9
19819771879750,5,28,44.5,39.5,49.608406,267.31122,true,true,true,1.561098E9
19819771879750,5,27,32.0,27.0,10.455829,246.15868,true,true,true,1.561098E9
19819771879750,5,25,30.9,25.9,35.08738,157.25748,true,true,true,1.561098E9
19819771879750,5,23,42.3,37.3,76.25328,225.64455,true,true,true,1.561098E9
19819771879750,5,14,31.9,26.9,2.695912,75.00786,false,false,true,1.561098E9
19819771879750,5,13,45.0,40.0,68.27135,320.29843,true,true,true,1.561098E9
19819771879750,5,10,30.8,25.8,15.663169,162.58145,true,false,true,1.561098E9
19819771879750,5,9,23.7,18.7,22.402777,145.66512,true,false,true,1.561098E9
19819771879750,5,8,29.0,24.0,37.18223,48.354237,true,true,true,1.561098E9
19819771879750,5,7,26.8,21.8,5.805762,160.23549,true,false,true,1.561098E9
19819771879750,5,6,41.6,36.6,30.446934,119.6433,true,true,true,1.561098E9
19819771879750,5,3,33.9,28.9,39.472725,128.12805,false,false,true,1.561098E9
19819771879750,5,2,29.0,24.0,54.25361,175.11227,true,false,true,1.561098E9
19819771879750,6,2,41.6,36.6,62.250828,82.92751,true,true,true,1.57542E9
19819771879750,6,15,38.7,33.7,27.57418,209.54988,true,true,true,1.57542E9
19819771879750,6,18,42.4,37.4,64.119026,3.246301,true,false,true,1.57542E9
19819771879750,6,25,23.0,18.0,13.91123,117.40616,true,true,true,1.57542E9
19819771879750,6,30,43.2,38.2,49.2451,329.32602,true,true,true,1.57542E9
19819771879750,6,34,39.5,34.5,79.044205,171.68158,true,true,true,1.57542E9
19819771879750,6,36,42.3,37.3,41.840115,41.710533,true,true,true,1.57542E9
19819771879750,1,6,34.3,29.3,71.82889,33.8546,true,true,true,1.17645E9
19819771879750,1,11,27.2,22.2,67.20751,221.2712,true,true,true,1.17645E9
19819771879750,1,14,21.7,16.7,20.761066,126.17851,true,true,true,1.17645E9
19819771879750,1,21,22.5,17.5,17.518345,166.57326,true,true,true,1.17645E9
19819771879750,1,24,34.7,29.7,37.151264,261.3042,true,true,true,1.17645E9
19819771879750,4,194,27.2,22.2,23.604813,97.0179,true,true,true,1.17645E9
19819771879750,4,195,36.4,31.4,32.21701,62.014374,true,true,true,1.17645E9
19819771879750,6,2,37.3,32.3,62.250828,82.92751,true,true,true,1.17645E9
19819771879750,6,15,31.5,26.5,27.57418,209.54988,true,true,true,1.17645E9
19819771879750,6,18,32.6,27.6,64.119026,3.246301,true,false,true,1.17645E9
19819771879750,6,25,29.7,24.7,13.91123,117.40616,true,true,true,1.17645E9
19819771879750,6,30,32.1,27.1,49.2451,329.32602,true,true,true,1.17645E9
19819771879750,6,34,22.1,17.1,79.044205,171.68158,true,true,true,1.17645E9
19819771879750,6,36,31.2,26.2,41.840115,41.710533,true,true,true,1.17645E9
19819771879750,5,23,29.1,24.1,76.25328,225.64455,true,true,true,1.17645E9
19819771879750,5,25,24.5,19.5,35.08738,157.25748,true,true,true,1.17645E9
19819771879750,5,27,23.7,18.7,10.455829,246.15868,true,true,true,1.17645E9
19819771879750,5,28,31.7,26.7,49.608406,267.31122,true,true,true,1.17645E9
19819771879750,5,34,22.7,17.7,7.5157013,53.7543,true,true,true,1.17645E9
19819771879750,5,37,37.1,32.1,34.58737,313.9813,true,true,true,1.17645E9
19819771879750,5,38,31.0,26.0,57.88874,19.09498,true,true,true,1.17645E9
19819771879750,5,42,22.3,17.3,5.4120073,96.42543,true,false,true,1.17645E9
19819771879750,5,23,40.6,35.6,76.25328,225.64455,true,true,true,1.57542E9
19819771879750,5,25,33.9,28.9,35.08738,157.25748,true,true,true,1.57542E9
19819771879750,5,27,19.3,14.3,10.455829,246.15868,true,true,true,1.57542E9
19819771879750,5,28,43.2,38.2,49.608406,267.31122,true,true,true,1.57542E9
19819771879750,5,34,25.3,20.3,7.5157013,53.7543,true,true,true,1.57542E9
19819771879750,5,37,43.8,38.8,34.58737,313.9813,true,true,true,1.57542E9
19819771879750,5,38,44.0,39.0,57.88874,19.09498,true,true,true,1.57542E9
19819771879750,5,42,31.2,26.2,5.4120073,96.42543,true,false,true,1.57542E9
19820772089541,1,11,40.2,35.2,67.20751,221.2712,true,true,true,1.57542E9
19820772089541,1,12,32.5,27.5,24.911688,318.29565,true,false,true,1.57542E9
19820772089541,1,14,35.1,30.1,20.761066,126.17851,true,true,true,1.57542E9
19820772089541,1,17,38.9,33.9,24.384571,61.234203,true,true,true,1.57542E9
19820772089541,1,19,29.2,24.2,49.370075,29.61656,true,true,true,1.57542E9
19820772089541,1,21,35.1,30.1,17.518345,166.57326,true,true,true,1.57542E9
19820772089541,1,22,39.1,34.1,40.924557,115.49065,true,true,true,1.57542E9
19820772089541,1,24,39.2,34.2,37.151264,261.3042,true,true,true,1.57542E9
19820772089541,4,194,30.4,25.4,23.604813,97.0179,true,true,true,1.57542E9
19820772089541,4,195,42.7,37.7,32.21701,62.014374,true,true,true,1.57542E9
19820772089541,2,134,36.9,31.9,0.0,0.0,false,false,false,1.57542E9
19820772089541,3,9,42.5,37.5,81.66185,148.7656,false,false,true,1.600875E9
19820772089541,3,16,37.0,32.0,23.731276,147.23816,true,true,true,1.6014374E9
19820772089541,3,20,47.7,42.7,62.42595,279.15695,false,false,true,1.603125E9
19820772089541,3,19,42.9,37.9,41.452652,19.580093,true,true,true,1.6036876E9
19820772089541,3,21,40.6,35.6,24.81651,238.7768,true,true,true,1.60425E9
19820772089541,5,42,32.9,27.9,5.4120073,96.42543,true,false,true,1.561098E9
19820772089541,5,38,44.6,39.6,57.88874,19.09498,true,true,true,1.561098E9
19820772089541,5,37,43.6,38.6,34.58737,313.9813,true,true,true,1.561098E9
19820772089541,5,34,21.1,16.1,7.5157013,53.7543,false,true,true,1.561098E9
19820772089541,5,33,27.8,22.8,2.5242438,145.99773,false,false,true,1.561098E9
19820772089541,5,28,44.4,39.4,49.608406,267.31122,true,true,true,1.561098E9
19820772089541,5,27,32.7,27.7,10.455829,246.15868,true,true,true,1.561098E9
19820772089541,5,25,27.4,22.4,35.08738,157.25748,true,true,true,1.561098E9
19820772089541,5,23,42.8,37.8,76.25328,225.64455,true,true,true,1.561098E9
19820772089541,5,14,29.2,24.2,2.695912,75.00786,false,false,true,1.561098E9
19820772089541,5,13,45.0,40.0,68.27135,320.29843,true,true,true,1.561098E9
19820772089541,5,10,31.4,26.4,15.663169,162.58145,true,false,true,1.561098E9
19820772089541,5,9,28.9,23.9,22.402777,145.66512,true,false,true,1.561098E9
19820772089541,5,8,32.2,27.2,37.18223,48.354237,true,true,true,1.561098E9
19820772089541,5,7,27.4,22.4,5.805762,160.23549,true,false,true,1.561098E9
19820772089541,5,6,42.1,37.1,30.446934,119.6433,true,true,true,1.561098E9
19820772089541,5,3,30.8,25.8,39.472725,128.12805,false,false,true,1.561098E9
19820772089541,5,2,29.0,24.0,54.25361,175.11227,true,false,true,1.561098E9
19820772089541,6,2,41.6,36.6,62.250828,82.92751,true,true,true,1.57542E9
19820772089541,6,15,37.9,32.9,27.57418,209.54988,true,true,true,1.57542E9
19820772089541,6,18,43.1,38.1,64.119026,3.246301,true,false,true,1.57542E9
19820772089541,6,25,25.2,20.2,13.91123,117.40616,false,true,true,1.57542E9
19820772089541,6,30,42.5,37.5,49.2451,329.32602,true,true,true,1.57542E9
19820772089541,6,34,40.4,35.4,79.044205,171.68158,true,true,true,1.57542E9
19820772089541,6,36,42.1,37.1,41.840115,41.710533,true,true,true,1.57542E9
19820772089541,1,6,35.1,30.1,71.82889,33.8546,true,true,true,1.17645E9
19820772089541,1,11,27.3,22.3,67.20751,221.2712,true,true,true,1.17645E9
19820772089541,1,14,21.8,16.8,20.761066,126.17851,true,true,true,1.17645E9
19820772089541,1,21,23.7,18.7,17.518345,166.57326,true,true,true,1.17645E9
19820772089541,1,24,33.7,28.7,37.151264,261.3042,true,true,true,1.17645E9
19820772089541,4,194,25.9,20.9,23.604813,97.0179,true,true,true,1.17645E9
19820772089541,4,195,36.1,31.1,32.21701,62.014374,true,true,true,1.17645E9
19820772089541,6,2,38.0,33.0,62.250828,82.92751,true,true,true,1.17645E9
19820772089541,6,15,32.0,27.0,27.57418,209.54988,true,true,true,1.17645E9
19820772089541,6,18,32.6,27.6,64.119026,3.246301,true,false,true,1.17645E9
19820772089541,6,25,29.2,24.2,13.91123,117.40616,true,true,true,1.17645E9
19820772089541,6,30,33.8,28.8,49.2451,329.32602,true,true,true,1.17645E9
19820772089541,6,34,20.5,15.5,79.044205,171.68158,false,true,true,1.17645E9
19820772089541,6,36,32.0,27.0,41.840115,41.710533,true,true,true,1.17645E9
19820772089541,5,23,28.7,23.7,76.25328,225.64455,true,true,true,1.17645E9
19820772089541,5,25,22.3,17.3,35.08738,157.25748,true,true,true,1.17645E9
19820772089541,5,27,23.7,18.7,10.455829,246.15868,true,true,true,1.17645E9
19820772089541,5,28,30.8,25.8,49.608406,267.31122,true,true,true,1.17645E9
19820772089541,5,34,22.7,17.7,7.5157013,53.7543,true,true,true,1.17645E9
19820772089541,5,37,35.4,30.4,34.58737,313.9813,true,true,true,1.17645E9
19820772089541,5,38,31.1,26.1,57.88874,19.09498,true,true,true,1.17645E9
19820772089541,5,42,21.2,16.2,5.4120073,96.42543,true,false,true,1.17645E9
19820772089541,5,23,40.7,35.7,76.25328,225.64455,true,true,true,1.57542E9
19820772089541,5,25,34.5,29.5,35.08738,157.25748,true,true,true,1.57542E9
19820772089541,5,27,20.3,15.3,10.455829,246.15868,false,true,true,1.57542E9
19820772089541,5,28,42.6,37.6,49.608406,267.31122,true,true,true,1.57542E9
19820772089541,5,34,24.2,19.2,7.5157013,53.7543,true,true,true,1.57542E9
19820772089541,5,37,44.7,39.7,34.58737,313.9813,true,true,true,1.57542E9
19820772089541,5,38,43.7,38.7,57.88874,19.09498,true,true,true,1.57542E9
19820772089541,5,42,29.7,24.7,5.4120073,96.42543,true,false,true,1.57542E9
19821770829593,1,11,40.2,35.2,67.20751,221.2712,true,true,true,1.57542E9
19821770829593,1,12,32.5,27.5,24.911688,318.29565,true,false,true,1.57542E9
19821770829593,1,14,34.0,29.0,20.761066,126.17851,true,true,true,1.57542E9
19821770829593,1,17,38.3,33.3,24.384571,61.234203,true,true,true,1.57542E9
19821770829593,1,19,26.1,21.1,49.370075,29.61656,true,true,true,1.57542E9
19821770829593,1,21,35.0,30.0,17.518345,166.57326,true,true,true,1.57542E9
19821770829593,1,22,38.5,33.5,40.924557,115.49065,true,true,true,1.57542E9
19821770829593,1,24,39.2,34.2,37.151264,261.3042,true,true,true,1.57542E9
19821770829593,4,194,30.1,25.1,23.604813,97.0179,true,true,true,1.57542E9
19821770829593,4,195,43.0,38.0,32.21701,62.014374,true,true,true,1.57542E9
19821770829593,2,134,37.1,32.1,0.0,0.0,false,false,false,1.57542E9
19821770829593,3,9,42.3,37.3,81.66185,148.7656,false,false,true,1.600875E9
19821770829593,3,16,35.8,30.8,23.731276,147.23816,true,true,true,1.6014374E9
19821770829593,3,20,47.8,42.8,62.42595,279.15695,false,false,true,1.603125E9
19821770829593,3,19,42.6,37.6,41.452652,19.580093,true,true,true,1.6036876E9
19821770829593,3,21,40.4,35.4,24.81651,238.7768,true,true,true,1.60425E9
19821770829593,5,42,32.7,27.7,5.4120073,96.42543,true,false,true,1.561098E9
19821770829593,5,38,44.7,39.7,57.88874,19.09498,true,true,true,1.561098E9
19821770829593,5,37,43.6,38.6,34.58737,313.9813,true,true,true,1.561098E9
19821770829593,5,34,21.1,16.1,7.5157013,53.7543,false,true,true,1.561098E9
19821770829593,5,33,27.6,22.6,2.5242438,145.99773,false,false,true,1.561098E9
19821770829593,5,28,43.8,38.8,49.608406,267.31122,true,true,true,1.561098E9
19821770829593,5,27,32.7,27.7,10.455829,246.15868,true,true,true,1.561098E9
19821770829593,5,25,26.7,21.7,35.08738,157.25748,true,true,true,1.561098E9
19821770829593,5,23,42.8,37.8,76.25328,225.64455,true,true,true,1.561098E9
19821770829593,5,14,29.7,24.7,2.695912,75.00786,false,false,true,1.561098E9
19821770829593,5,13,45.0,40.0,68.27135,320.29843,true,true,true,1.561098E9
19821770829593,5,10,31.7,26.7,15.663169,162.58145,true,false,true,1.561098E9
19821770829593,5,9,30.6,25.6,22.402777,145.66512,true,false,true,1.561098E9
19821770829593,5,8,31.6,26.6,37.18223,48.354237,true,true,true,1.561098E9
19821770829593,5,7,28.2,23.2,5.805762,160.23549,true,false,true,1.561098E9
19821770829593,5,6,41.6,36.6,30.446934,119.6433,true,true,true,1.561098E9
19821770829593,5,3,30.8,25.8,39.472725,128.12805,false,false,true,1.561098E9
19821770829593,5,2,29.3,24.3,54.25361,175.11227,true,false,true,1.561098E9
19821770829593,5,1,32.6,27.6,15.824988,103.63155,false,false,true,1.561098E9
19821770829593,6,2,40.8,35.8,62.250828,82.92751,true,true,true,1.57542E9
19821770829593,6,15,37.2,32.2,27.57418,209.54988,true,true,true,1.57542E9
19821770829593,6,18,42.4,37.4,64.119026,3.246301,true,false,true,1.57542E9
19821770829593,6,25,25.1,20.1,13.91123,117.40616,false,true,true,1.57542E9
19821770829593,6,30,42.6,37.6,49.2451,329.32602,true,true,true,1.57542E9
19821770829593,6,34,40.2,35.2,79.044205,171.68158,true,true,true,1.57542E9
19821770829593,6,36,41.7,36.7,41.840115,41.710533,true,true,true,1.57542E9
19821770829593,1,6,34.2,29.2,71.82889,33.8546,true,true,true,1.17645E9
19821770829593,1,11,28.2,23.2,67.20751,221.2712,true,true,true,1.17645E9
19821770829593,1,14,21.8,16.8,20.761066,126.17851,true,true,true,1.17645E9
19821770829593,1,21,24.0,19.0,17.518345,166.57326,true,true,true,1.17645E9
19821770829593,1,24,32.9,27.9,37.151264,261.3042,true,true,true,1.17645E9
19821770829593,4,194,26.5,21.5,23.604813,97.0179,true,true,true,1.17645E9
19821770829593,4,195,36.2,31.2,32.21701,62.014374,true,true,true,1.17645E9
19821770829593,6,2,37.2,32.2,62.250828,82.92751,true,true,true,1.17645E9
19821770829593,6,15,31.5,26.5,27.57418,209.54988,true,true,true,1.17645E9
19821770829593,6,18,31.9,26.9,64.119026,3.246301,true,false,true,1.17645E9
19821770829593,6,25,28.2,23.2,13.91123,117.40616,true,true,true,1.17645E9
19821770829593,6,30,33.2,28.2,49.2451,329.32602,true,true,true,1.17645E9
19821770829593,6,34,20.9,15.9,79.044205,171.68158,false,true,true,1.17645E9
19821770829593,6,36,32.6,27.6,41.840115,41.710533,true,true,true,1.17645E9
19821770829593,5,23,28.9,23.9,76.25328,225.64455,true,true,true,1.17645E9
19821770829593,5,25,22.2,17.2,35.08738,157.25748,true,true,true,1.17645E9
19821770829593,5,27,23.1,18.1,10.455829,246.15868,true,true,true,1.17645E9
19821770829593,5,28,31.5,26.5,49.608406,267.31122,true,true,true,1.17645E9
19821770829593,5,34,22.7,17.7,7.5157013,53.7543,true,true,true,1.17645E9
19821770829593,5,37,34.9,29.9,34.58737,313.9813,true,true,true,1.17645E9
19821770829593,5,38,29.3,24.3,57.88874,19.09498,true,true,true,1.17645E9
19821770829593,5,42,21.2,16.2,5.4120073,96.42543,true,false,true,1.17645E9
19821770829593,5,23,40.7,35.7,76.25328,225.64455,true,true,true,1.57542E9
19821770829593,5,25,36.0,31.0,35.08738,157.25748,true,true,true,1.57542E9
19821770829593,5,27,20.3,15.3,10.455829,246.15868,false,true,true,1.57542E9
19821770829593,5,28,42.8,37.8,49.608406,267.31122,true,true,true,1.57542E9
19821770829593,5,34,24.4,19.4,7.5157013,53.7543,true,true,true,1.57542E9
19821770829593,5,37,44.5,39.5,34.58737,313.9813,true,true,true,1.57542E9
19821770829593,5,38,44.0,39.0,57.88874,19.09498,true,true,true,1.57542E9
19821770829593,5,42,28.9,23.9,5.4120073,96.42543,true,false,true,1.57542E9
19822769193655,1,6,23.8,18.8,71.82889,33.8546,true,true,true,1.57542E9
19822769193655,1,11,40.5,35.5,67.20751,221.2712,true,true,true,1.57542E9
19822769193655,1,12,32.9,27.9,24.911688,318.29565,true,false,true,1.57542E9
19822769193655,1,14,33.1,28.1,20.761066,126.17851,true,true,true,1.57542E9
19822769193655,1,17,39.2,34.2,24.384571,61.234203,true,true,true,1.57542E9
19822769193655,1,19,27.1,22.1,49.370075,29.61656,true,true,true,1.57542E9
19822769193655,1,21,33.8,28.8,17.518345,166.57326,true,true,true,1.57542E9
19822769193655,1,22,39.2,34.2,40.924557,115.49065,true,true,true,1.57542E9
19822769193655,1,24,38.4,33.4,37.151264,261.3042,true,true,true,1.57542E9
19822769193655,4,194,30.6,25.6,23.604813,97.0179,true,true,true,1.57542E9
19822769193655,4,195,43.2,38.2,32.21701,62.014374,true,true,true,1.57542E9
19822769193655,2,134,37.1,32.1,0.0,0.0,false,false,false,1.57542E9
19822769193655,3,9,42.8,37.8,81.66185,148.7656,false,false,true,1.600875E9
19822769193655,3,16,34.3,29.3,23.731276,147.23816,true,true,true,1.6014374E9
19822769193655,3,20,47.8,42.8,62.42595,279.15695,false,false,true,1.603125E9
19822769193655,3,19,42.8,37.8,41.452652,19.580093,true,true,true,1.6036876E9
19822769193655,3,21,39.8,34.8,24.81651,238.7768,true,true,true,1.60425E9
19822769193655,5,42,32.2,27.2,5.4120073,96.42543,true,false,true,1.561098E9
19822769193655,5,38,44.5,39.5,57.88874,19.09498,true,true,true,1.561098E9
19822769193655,5,37,44.1,39.1,34.58737,313.9813,true,true,true,1.561098E9
19822769193655,5,34,21.1,16.1,7.5157013,53.7543,false,true,true,1.561098E9
19822769193655,5,33,28.2,23.2,2.5242438,145.99773,false,false,true,1.561098E9
19822769193655,5,28,44.5,39.5,49.608406,267.31122,true,true,true,1.561098E9
19822769193655,5,27,33.0,28.0,10.455829,246.15868,true,true,true,1.561098E9
19822769193655,5,25,26.7,21.7,35.08738,157.25748,true,true,true,1.561098E9
19822769193655,5,23,42.9,37.9,76.25328,225.64455,true,true,true,1.561098E9
19822769193655,5,14,29.8,24.8,2.695912,75.00786,false,false,true,1.561098E9
19822769193655,5,13,45.1,40.1,68.27135,320.29843,true,true,true,1.561098E9
19822769193655,5,10,31.8,26.8,15.663169,162.58145,true,false,true,1.561098E9
19822769193655,5,9,28.8,23.8,22.402777,145.66512,true,false,true,1.561098E9
19822769193655,5,8,34.0,29.0,37.18223,48.354237,true,true,true,1.561098E9
19822769193655,5,7,29.3,24.3,5.805762,160.23549,true,false,true,1.561098E9
19822769193655,5,6,42.2,37.2,30.446934,119.6433,true,true,true,1.561098E9
19822769193655,5,3,30.9,25.9,39.472725,128.12805,false,false,true,1.561098E9
19822769193655,5,2,29.3,24.3,54.25361,175.11227,true,false,true,1.561098E9
19822769193655,5,1,32.6,27.6,15.824988,103.63155,true,false,true,1.561098E9
19822769193655,6,2,40.5,35.5,62.250828,82.92751,true,true,true,1.57542E9
19822769193655,6,15,35.8,30.8,27.57418,209.54988,true,true,true,1.57542E9
19822769193655,6,18,43.3,38.3,64.119026,3.246301,true,false,true,1.57542E9
19822769193655,6,25,22.3,17.3,13.91123,117.40616,false,true,true,1.57542E9
19822769193655,6,30,41.6,36.6,49.2451,329.32602,true,true,true,1.57542E9
19822769193655,6,34,40.0,35.0,79.044205,171.68158,true,true,true,1.57542E9
19822769193655,6,36,42.0,37.0,41.840115,41.710533,true,true,true,1.57542E9
19822769193655,1,6,35.0,30.0,71.82889,33.8546,true,true,true,1.17645E9
19822769193655,1,11,28.8,23.8,67.20751,221.2712,true,true,true,1.17645E9
19822769193655,1,14,23.0,18.0,20.761066,126.17851,true,true,true,1.17645E9
19822769193655,1,21,25.5,20.5,17.518345,166.57326,true,true,true,1.17645E9
19822769193655,1,24,33.0,28.0,37.151264,261.3042,true,true,true,1.17645E9
19822769193655,4,194,28.9,23.9,23.604813,97.0179,true,true,true,1.17645E9
19822769193655,4,195,35.5,30.5,32.21701,62.014374,true,true,true,1.17645E9
19822769193655,6,2,37.5,32.5,62.250828,82.92751,true,true,true,1.17645E9
19822769193655,6,15,31.1,26.1,27.57418,209.54988,true,true,true,1.17645E9
19822769193655,6,18,32.3,27.3,64.119026,3.246301,true,false,true,1.17645E9
19822769193655,6,25,28.5,23.5,13.91123,117.40616,true,true,true,1.17645E9
19822769193655,6,30,34.2,29.2,49.2451,329.32602,true,true,true,1.17645E9
19822769193655,6,34,20.9,15.9,79.044205,171.68158,false,true,true,1.17645E9
19822769193655,6,36,33.4,28.4,41.840115,41.710533,true,true,true,1.17645E9
19822769193655,5,23,28.3,23.3,76.25328,225.64455,true,true,true,1.17645E9
19822769193655,5,25,23.9,18.9,35.08738,157.25748,true,true,true,1.17645E9
19822769193655,5,27,24.0,19.0,10.455829,246.15868,true,true,true,1.17645E9
19822769193655,5,28,32.1,27.1,49.608406,267.31122,true,true,true,1.17645E9
19822769193655,5,34,22.7,17.7,7.5157013,53.7543,true,true,true,1.17645E9
19822769193655,5,37,35.2,30.2,34.58737,313.9813,true,true,true,1.17645E9
19822769193655,5,38,29.9,24.9,57.88874,19.09498,true,true,true,1.17645E9
19822769193655,5,42,19.8,14.8,5.4120073,96.42543,true,false,true,1.17645E9
19822769193655,5,23,40.8,35.8,76.25328,225.64455,true,true,true,1.57542E9
19822769193655,5,25,37.1,32.1,35.08738,157.25748,true,true,true,1.57542E9
19822769193655,5,27,20.3,15.3,10.455829,246.15868,false,true,true,1.57542E9
19822769193655,5,28,42.8,37.8,49.608406,267.31122,true,true,true,1.57542E9
19822769193655,5,34,25.7,20.7,7.5157013,53.7543,true,true,true,1.57542E9
19822769193655,5,37,44.8,39.8,34.58737,313.9813,true,true,true,1.57542E9
19822769193655,5,38,43.9,38.9,57.88874,19.09498,true,true,true,1.57542E9
19822769193655,5,42,28.4,23.4,5.4120073,96.42543,true,false,true,1.57542E9
19823769237665,1,6,27.9,22.9,71.82889,33.8546,true,true,true,1.57542E9
19823769237665,1,11,40.8,35.8,67.20751,221.2712,true,true,true,1.57542E9
19823769237665,1,12,33.1,28.1,24.911688,318.29565,true,false,true,1.57542E9
19823769237665,1,14,33.7,28.7,20.761066,126.17851,true,true,true,1.57542E9
19823769237665,1,17,39.0,34.0,24.384571,61.234203,true,true,true,1.57542E9
19823769237665,1,19,27.8,22.8,49.370075,29.61656,true,true,true,1.57542E9
19823769237665,1,21,33.1,28.1,17.518345,166.57326,true,true,true,1.57542E9
19823769237665,1,22,39.9,34.9,40.924557,115.49065,true,true,true,1.57542E9
19823769237665,1,24,37.4,32.4,37.151264,261.3042,true,true,true,1.57542E9
19823769237665,4,194,31.0,26.0,23.604813,97.0179,true,true,true,1.57542E9
19823769237665,4,195,42.8,37.8,32.21701,62.014374,true,true,true,1.57542E9
19823769237665,2,134,37.7,32.7,0.0,0.0,false,false,false,1.57542E9
19823769237665,3,9,42.6,37.6,81.66185,148.7656,false,false,true,1.600875E9
19823769237665,3,16,34.6,29.6,23.731276,147.23816,true,true,true,1.6014374E9
19823769237665,3,20,47.2,42.2,62.42595,279.15695,false,false,true,1.603125E9
19823769237665,3,19,42.5,37.5,41.452652,19.580093,true,true,true,1.6036876E9
19823769237665,3,21,39.4,34.4,24.81651,238.7768,true,true,true,1.60425E9
19823769237665,5,42,32.5,27.5,5.4120073,96.42543,true,false,true,1.561098E9
19823769237665,5,38,44.1,39.1,57.88874,19.09498,true,true,true,1.561098E9
19823769237665,5,37,44.3,39.3,34.58737,313.9813,true,true,true,1.561098E9
19823769237665,5,34,21.1,16.1,7.5157013,53.7543,false,true,true,1.561098E9
19823769237665,5,33,26.8,21.8,2.5242438,145.99773,false,false,true,1.561098E9
19823769237665,5,28,44.9,39.9,49.608406,267.31122,true,true,true,1.561098E9
19823769237665,5,27,32.9,27.9,10.455829,246.15868,true,true,true,1.561098E9
19823769237665,5,25,26.7,21.7,35.08738,157.25748,true,true,true,1.561098E9
19823769237665,5,23,42.7,37.7,76.25328,225.64455,true,true,true,1.561098E9
19823769237665,5,14,29.1,24.1,2.695912,75.00786,false,false,true,1.561098E9
19823769237665,5,13,44.6,39.6,68.27135,320.29843,true,true,true,1.561098E9
19823769237665,5,10,32.9,27.9,15.663169,162.58145,true,false,true,1.561098E9
19823769237665,5,9,29.3,24.3,22.402777,145.66512,true,false,true,1.561098E9
19823769237665,5,8,35.7,30.7,37.18223,48.354237,true,true,true,1.561098E9
19823769237665,5,7,29.5,24.5,5.805762,160.23549,true,false,true,1.561098E9
19823769237665,5,6,42.2,37.2,30.446934,119.6433,true,true,true,1.561098E9
19823769237665,5,3,30.9,25.9,39.472725,128.12805,false,false,true,1.561098E9
19823769237665,5,2,32.5,27.5,54.25361,175.11227,true,false,true,1.561098E9
19823769237665,5,1,32.4,27.4,15.824988,103.63155,true,false,true,1.561098E9
19823769237665,6,2,40.8,35.8,62.250828,82.92751,true,true,true,1.57542E9
19823769237665,6,15,35.7,30.7,27.57418,209.54988,true,true,true,1.57542E9
19823769237665,6,18,43.0,38.0,64.119026,3.246301,true,false,true,1.57542E9
19823769237665,6,25,22.7,17.7,13.91123,117.40616,false,true,true,1.57542E9
19823769237665,6,30,40.7,35.7,49.2451,329.32602,true,true,true,1.57542E9
19823769237665,6,34,39.2,34.2,79.044205,171.68158,true,true,true,1.57542E9
19823769237665,6,36,42.1,37.1,41.840115,41.710533,true,true,true,1.57542E9
19823769237665,1,6,34.5,29.5,71.82889,33.8546,true,true,true,1.17645E9
19823769237665,1,11,28.3,23.3,67.20751,221.2712,true,true,true,1.17645E9
19823769237665,1,14,22.3,17.3,20.761066,126.17851,true,true,true,1.17645E9
19823769237665,1,21,24.5,19.5,17.518345,166.57326,true,true,true,1.17645E9
19823769237665,1,24,32.5,27.5,37.151264,261.3042,true,true,true,1.17645E9
19823769237665,4,194,27.9,22.9,23.604813,97.0179,true,true,true,1.17645E9
19823769237665,4,195,35.8,30.8,32.21701,62.014374,true,true,true,1.17645E9
19823769237665,6,2,37.3,32.3,62.250828,82.92751,true,true,true,1.17645E9
19823769237665,6,15,32.4,27.4,27.57418,209.54988,true,true,true,1.17645E9
19823769237665,6,18,32.1,27.1,64.119026,3.246301,true,false,true,1.17645E9
19823769237665,6,25,27.7,22.7,13.91123,117.40616,true,true,true,1.17645E9
19823769237665,6,30,32.4,27.4,49.2451,329.32602,true,true,true,1.17645E9
19823769237665,6,34,20.9,15.9,79.044205,171.68158,false,true,true,1.17645E9
19823769237665,6,36,32.8,27.8,41.840115,41.710533,true,true,true,1.17645E9
19823769237665,5,23,29.3,24.3,76.25328,225.64455,true,true,true,1.17645E9
19823769237665,5,25,23.6,18.6,35.08738,157.25748,true,true,true,1.17645E9
19823769237665,5,27,21.8,16.8,10.455829,246.15868,true,true,true,1.17645E9
19823769237665,5,28,31.2,26.2,49.608406,267.31122,true,true,true,1.17645E9
19823769237665,5,34,18.1,13.1,7.5157013,53.7543,true,true,true,1.17645E9
19823769237665,5,37,34.6,29.6,34.58737,313.9813,true,true,true,1.17645E9
19823769237665,5,38,30.1,25.1,57.88874,19.09498,true,true,true,1.17645E9
19823769237665,5,42,19.8,14.8,5.4120073,96.42543,true,false,true,1.17645E9
19823769237665,5,23,39.4,34.4,76.25328,225.64455,true,true,true,1.57542E9
19823769237665,5,25,36.8,31.8,35.08738,157.25748,true,true,true,1.57542E9
19823769237665,5,27,20.3,15.3,10.455829,246.15868,false,true,true,1.57542E9
19823769237665,5,28,43.3,38.3,49.608406,267.31122,true,true,true,1.57542E9
19823769237665,5,34,25.6,20.6,7.5157013,53.7543,true,true,true,1.57542E9
19823769237665,5,37,45.3,40.3,34.58737,313.9813,true,true,true,1.57542E9
19823769237665,5,38,43.2,38.2,57.88874,19.09498,true,true,true,1.57542E9
19823769237665,5,42,27.3,22.3,5.4120073,96.42543,true,false,true,1.57542E9
19824770870685,1,6,25.3,20.3,71.82889,33.8546,true,true,true,1.57542E9
19824770870685,1,11,41.3,36.3,67.20751,221.2712,true,true,true,1.57542E9
19824770870685,1,12,32.5,27.5,24.911688,318.29565,true,false,true,1.57542E9
19824770870685,1,14,35.2,30.2,20.761066,126.17851,true,true,true,1.57542E9
19824770870685,1,17,39.0,34.0,24.384571,61.234203,true,true,true,1.57542E9
19824770870685,1,19,26.6,21.6,49.370075,29.61656,true,true,true,1.57542E9
19824770870685,1,21,32.1,27.1,17.518345,166.57326,true,true,true,1.57542E9
19824770870685,1,22,39.9,34.9,40.924557,115.49065,true,true,true,1.57542E9
19824770870685,1,24,35.4,30.4,37.151264,261.3042,true,true,true,1.57542E9
19824770870685,4,194,31.2,26.2,23.604813,97.0179,true,true,true,1.57542E9
19824770870685,4,195,43.0,38.0,32.21701,62.014374,true,true,true,1.57542E9
19824770870685,2,134,38.3,33.3,0.0,0.0,false,false,false,1.57542E9
19824770870685,3,9,43.2,38.2,81.66185,148.7656,false,false,true,1.600875E9
19824770870685,3,16,34.3,29.3,23.731276,147.23816,true,true,true,1.6014374E9
19824770870685,3,20,47.4,42.4,62.42595,279.15695,false,false,true,1.603125E9
19824770870685,3,19,42.3,37.3,41.452652,19.580093,true,true,true,1.6036876E9
19824770870685,3,21,39.9,34.9,24.81651,238.7768,true,true,true,1.60425E9
19824770870685,5,42,33.0,28.0,5.4120073,96.42543,true,false,true,1.561098E9
19824770870685,5,38,43.8,38.8,57.88874,19.09498,true,true,true,1.561098E9
19824770870685,5,37,43.6,38.6,34.58737,313.9813,true,true,true,1.561098E9
19824770870685,5,34,21.1,16.1,7.5157013,53.7543,false,true,true,1.561098E9
19824770870685,5,33,27.0,22.0,2.5242438,145.99773,false,false,true,1.561098E9
19824770870685,5,28,45.0,40.0,49.608406,267.31122,true,true,true,1.561098E9
19824770870685,5,27,33.8,28.8,10.455829,246.15868,true,true,true,1.561098E9
19824770870685,5,25,25.5,20.5,35.08738,157.25748,true,true,true,1.561098E9
19824770870685,5,23,43.0,38.0,76.25328,225.64455,true,true,true,1.561098E9
19824770870685,5,14,27.9,22.9,2.695912,75.00786,false,false,true,1.561098E9
19824770870685,5,13,43.5,38.5,68.27135,320.29843,true,true,true,1.561098E9
19824770870685,5,10,32.5,27.5,15.663169,162.58145,true,false,true,1.561098E9
19824770870685,5,9,28.5,23.5,22.402777,145.66512,true,false,true,1.561098E9
19824770870685,5,8,36.3,31.3,37.18223,48.354237,true,true,true,1.561098E9
19824770870685,5,7,27.4,22.4,5.805762,160.23549,true,false,true,1.561098E9
19824770870685,5,6,41.8,36.8,30.446934,119.6433,true,true,true,1.561098E9
19824770870685,5,3,31.0,26.0,39.472725,128.12805,false,false,true,1.561098E9
19824770870685,5,2,32.5,27.5,54.25361,175.11227,true,false,true,1.561098E9
19824770870685,5,1,32.3,27.3,15.824988,103.63155,true,false,true,1.561098E9
19824770870685,6,2,41.4,36.4,62.250828,82.92751,true,true,true,1.57542E9
19824770870685,6,15,35.8,30.8,27.57418,209.54988,true,true,true,1.57542E9
19824770870685,6,18,44.1,39.1,64.119026,3.246301,true,false,true,1.57542E9
19824770870685,6,25,22.3,17.3,13.91123,117.40616,false,true,true,1.57542E9
19824770870685,6,30,41.3,36.3,49.2451,329.32602,true,true,true,1.57542E9
19824770870685,6,34,40.9,35.9,79.044205,171.68158,true,true,true,1.57542E9
19824770870685,6,36,42.2,37.2,41.840115,41.710533,true,true,true,1.57542E9
19824770870685,1,6,34.3,29.3,71.82889,33.8546,true,true,true,1.17645E9
19824770870685,1,11,29.0,24.0,67.20751,221.2712,true,true,true,1.17645E9
19824770870685,1,14,20.9,15.9,20.761066,126.17851,true,true,true,1.17645E9
19824770870685,1,21,23.9,18.9,17.518345,166.57326,true,true,true,1.17645E9
19824770870685,1,24,30.5,25.5,37.151264,261.3042,true,true,true,1.17645E9
19824770870685,4,194,26.9,21.9,23.604813,97.0179,true,true,true,1.17645E9
19824770870685,4,195,35.2,30.2,32.21701,62.014374,true,true,true,1.17645E9
19824770870685,6,2,37.1,32.1,62.250828,82.92751,true,true,true,1.17645E9
19824770870685,6,15,30.7,25.7,27.57418,209.54988,true,true,true,1.17645E9
19824770870685,6,18,31.8,26.8,64.119026,3.246301,true,false,true,1.17645E9
19824770870685,6,25,27.7,22.7,13.91123,117.40616,true,true,true,1.17645E9
19824770870685,6,30,30.8,25.8,49.2451,329.32602,true,true,true,1.17645E9
19824770870685,6,34,18.0,13.0,79.044205,171.68158,false,true,true,1.17645E9
19824770870685,6,36,31.5,26.5,41.840115,41.710533,true,true,true,1.17645E9
19824770870685,5,23,27.6,22.6,76.25328,225.64455,true,true,true,1.17645E9
19824770870685,5,25,23.0,18.0,35.08738,157.25748,true,true,true,1.17645E9
19824770870685,5,27,21.7,16.7,10.455829,246.15868,true,true,true,1.17645E9
19824770870685,5,28,30.0,25.0,49.608406,267.31122,true,true,true,1.17645E9
19824770870685,5,34,20.7,15.7,7.5157013,53.7543,true,true,true,1.17645E9
19824770870685,5,37,34.2,29.2,34.58737,313.9813,true,true,true,1.17645E9
19824770870685,5,38,29.1,24.1,57.88874,19.09498,true,true,true,1.17645E9
19824770870685,5,42,19.8,14.8,5.4120073,96.42543,true,false,true,1.17645E9
19824770870685,5,23,39.9,34.9,76.25328,225.64455,true,true,true,1.57542E9
19824770870685,5,25,35.9,30.9,35.08738,157.25748,true,true,true,1.57542E9
19824770870685,5,27,20.3,15.3,10.455829,246.15868,false,true,true,1.57542E9
19824770870685,5,28,44.0,39.0,49.608406,267.31122,true,true,true,1.57542E9
19824770870685,5,34,23.5,18.5,7.5157013,53.7543,true,true,true,1.57542E9
19824770870685,5,37,44.2,39.2,34.58737,313.9813,true,true,true,1.57542E9
19824770870685,5,38,42.1,37.1,57.88874,19.09498,true,true,true,1.57542E9
19824770870685,5,42,28.6,23.6,5.4120073,96.42543,true,false,true,1.57542E9
19825767672039,1,6,27.7,22.7,70.98528,33.30392,true,true,true,1.57542E9
19825767672039,1,11,41.2,36.2,67.9825,222.53412,true,true,true,1.57542E9
19825767672039,1,12,33.1,28.1,25.594944,318.52423,true,false,true,1.57542E9
19825767672039,1,14,35.0,30.0,20.142693,126.69893,true,true,true,1.57542E9
19825767672039,1,17,40.1,35.1,23.971045,61.882233,true,true,true,1.57542E9
19825767672039,1,19,31.9,26.9,48.987778,30.639143,true,true,true,1.57542E9
19825767672039,1,21,32.2,27.2,18.1691,166.18054,true,true,true,1.57542E9
19825767672039,1,22,40.8,35.8,40.357727,116.29975,true,true,true,1.57542E9
19825767672039,1,24,37.5,32.5,36.90641,260.31775,true,true,true,1.57542E9
19825767672039,4,194,30.1,25.1,23.562761,97.34604,true,true,true,1.57542E9
19825767672039,4,195,42.6,37.6,32.201817,61.9094,true,true,true,1.57542E9
19825767672039,2,134,37.5,32.5,0.0,0.0,false,false,false,1.57542E9
19825767672039,3,9,44.0,39.0,81.66185,148.7656,false,false,true,1.600875E9
19825767672039,3,16,35.4,30.4,23.731276,147.23816,true,true,true,1.6014374E9
19825767672039,3,20,47.2,42.2,62.42595,279.15695,false,false,true,1.603125E9
19825767672039,3,19,42.9,37.9,41.452652,19.580093,true,true,true,1.6036876E9
19825767672039,3,21,41.0,36.0,24.81651,238.7768,true,true,true,1.60425E9
19825767672039,5,42,33.6,28.6,5.761793,95.748856,true,false,true,1.561098E9
19825767672039,5,38,45.2,40.2,57.289368,19.916945,true,true,true,1.561098E9
19825767672039,5,37,43.4,38.4,35.20997,313.58307,true,true,true,1.561098E9
19825767672039,5,34,17.7,12.7,7.012293,54.18593,false,true,true,1.561098E9
19825767672039,5,33,27.9,22.9,2.5242438,145.99773,false,false,true,1.561098E9
19825767672039,5,28,44.8,39.8,49.991238,268.45978,true,true,true,1.561098E9
19825767672039,5,27,32.8,27.8,10.922231,246.752,true,true,true,1.561098E9
19825767672039,5,25,24.7,19.7,34.310093,157.51646,true,true,true,1.561098E9
19825767672039,5,23,43.7,38.7,75.68048,222.87172,true,true,true,1.561098E9
19825767672039,5,14,29.2,24.2,2.9173799,74.31655,false,false,true,1.561098E9
19825767672039,5,13,43.9,38.9,68.08281,322.41965,true,true,true,1.561098E9
19825767672039,5,10,32.4,27.4,15.339809,162.75711,true,false,true,1.561098E9
19825767672039,5,9,29.0,24.0,22.861095,145.60156,true,false,true,1.561098E9
19825767672039,5,8,36.1,31.1,37.097713,48.682156,true,true,true,1.561098E9
19825767672039,5,7,28.2,23.2,5.520913,160.33675,true,false,true,1.561098E9
19825767672039,5,6,41.4,36.4,30.914,119.44292,true,true,true,1.561098E9
19825767672039,5,3,31.0,26.0,39.472725,128.12805,false,false,true,1.561098E9
19825767672039,5,2,32.5,27.5,54.266415,175.11546,true,false,true,1.561098E9
19825767672039,5,1,32.7,27.7,15.828106,103.63194,true,false,true,1.561098E9
19825767672039,6,2,40.9,35.9,62.044716,84.49735,true,true,true,1.57542E9
19825767672039,6,15,35.3,30.3,28.22441,209.93094,true,true,true,1.57542E9
19825767672039,6,18,44.3,39.3,63.948322,4.8319335,true,false,true,1.57542E9
19825767672039,6,25,24.7,19.7,13.4918165,117.97556,false,true,true,1.57542E9
19825767672039,6,30,41.1,36.1,49.833244,329.69556,true,true,true,1.57542E9
19825767672039,6,34,41.0,36.0,79.774475,171.11238,true,true,true,1.57542E9
19825767672039,6,36,42.3,37.3,41.35009,41.399582,true,true,true,1.57542E9
19825767672039,1,6,34.8,29.8,70.98528,33.30392,true,true,true,1.17645E9
19825767672039,1,11,30.3,25.3,67.9825,222.53412,true,true,true,1.17645E9
19825767672039,1,14,25.3,20.3,20.142693,126.69893,true,true,true,1.17645E9
19825767672039,1,21,25.2,20.2,18.1691,166.18054,true,true,true,1.17645E9
19825767672039,1,24,32.9,27.9,36.90641,260.31775,true,true,true,1.17645E9
19825767672039,4,194,27.2,22.2,23.562761,97.34604,true,true,true,1.17645E9
19825767672039,4,195,35.7,30.7,32.201817,61.9094,true,true,true,1.17645E9
19825767672039,6,2,37.7,32.7,62.044716,84.49735,true,true,true,1.17645E9
19825767672039,6,15,31.5,26.5,28.22441,209.93094,true,true,true,1.17645E9
19825767672039,6,18,32.3,27.3,63.948322,4.8319335,true,false,true,1.17645E9
19825767672039,6,25,28.4,23.4,13.4918165,117.97556,true,true,true,1.17645E9
19825767672039,6,30,32.3,27.3,49.833244,329.69556,true,true,true,1.17645E9
19825767672039,6,34,18.0,13.0,79.774475,171.11238,false,true,true,1.17645E9
19825767672039,6,36,32.4,27.4,41.35009,41.399582,true,true,true,1.17645E9
19825767672039,5,23,28.6,23.6,75.68048,222.87172,true,true,true,1.17645E9
19825767672039,5,25,22.8,17.8,34.310093,157.51646,true,true,true,1.17645E9
19825767672039,5,27,22.0,17.0,10.922231,246.752,true,true,true,1.17645E9
19825767672039,5,28,32.0,27.0,49.991238,268.45978,true,true,true,1.17645E9
19825767672039,5,34,20.7,15.7,7.012293,54.18593,true,true,true,1.17645E9
19825767672039,5,37,36.1,31.1,35.20997,313.58307,true,true,true,1.17645E9
19825767672039,5,38,29.6,24.6,57.289368,19.916945,true,true,true,1.17645E9
19825767672039,5,42,19.1,14.1,5.761793,95.748856,true,false,true,1.17645E9
19825767672039,5,23,40.0,35.0,75.68048,222.87172,false,true,true,1.57542E9
19825767672039,5,25,34.3,29.3,34.310093,157.51646,true,true,true,1.57542E9
19825767672039,5,27,16.9,11.9,10.922231,246.752,false,true,true,1.57542E9
19825767672039,5,28,43.2,38.2,49.991238,268.45978,true,true,true,1.57542E9
19825767672039,5,34,25.0,20.0,7.012293,54.18593,true,true,true,1.57542E9
19825767672039,5,37,44.7,39.7,35.20997,313.58307,true,true,true,1.57542E9
19825767672039,5,38,42.4,37.4,57.289368,19.916945,true,true,true,1.57542E9
19825767672039,5,42,30.1,25.1,5.761793,95.748856,true,false,true,1.57542E9
19826773875476,1,6,27.8,22.8,70.98528,33.30392,true,true,true,1.57542E9
19826773875476,1,11,41.6,36.6,67.9825,222.53412,true,true,true,1.57542E9
19826773875476,1,12,34.4,29.4,25.594944,318.52423,true,false,true,1.57542E9
19826773875476,1,14,34.8,29.8,20.142693,126.69893,true,true,true,1.57542E9
19826773875476,1,17,40.6,35.6,23.971045,61.882233,true,true,true,1.57542E9
19826773875476,1,19,30.6,25.6,48.987778,30.639143,true,true,true,1.57542E9
19826773875476,1,21,32.3,27.3,18.1691,166.18054,true,true,true,1.57542E9
19826773875476,1,22,40.4,35.4,40.357727,116.29975,true,true,true,1.57542E9
19826773875476,1,24,37.7,32.7,36.90641,260.31775,true,true,true,1.57542E9
19826773875476,4,194,30.1,25.1,23.562761,97.34604,true,true,true,1.57542E9
19826773875476,4,195,42.9,37.9,32.201817,61.9094,true,true,true,1.57542E9
19826773875476,2,134,36.1,31.1,0.0,0.0,false,false,false,1.57542E9
19826773875476,3,9,43.7,38.7,81.66185,148.7656,false,false,true,1.600875E9
19826773875476,3,16,35.5,30.5,23.731276,147.23816,true,true,true,1.6014374E9
19826773875476,3,20,47.0,42.0,62.42595,279.15695,false,false,true,1.603125E9
19826773875476,3,19,42.8,37.8,41.452652,19.580093,true,true,true,1.6036876E9
19826773875476,3,21,41.0,36.0,24.81651,238.7768,true,true,true,1.60425E9
19826773875476,5,42,33.0,28.0,5.761793,95.748856,true,false,true,1.561098E9
19826773875476,5,38,45.0,40.0,57.289368,19.916945,true,true,true,1.561098E9
19826773875476,5,37,42.4,37.4,35.20997,313.58307,true,true,true,1.561098E9
19826773875476,5,34,17.7,12.7,7.012293,54.18593,false,true,true,1.561098E9
19826773875476,5,33,26.8,21.8,2.5242438,145.99773,false,false,true,1.561098E9
19826773875476,5,28,44.5,39.5,49.991238,268.45978,true,true,true,1.561098E9
19826773875476,5,27,31.9,26.9,10.922231,246.752,true,true,true,1.561098E9
19826773875476,5,25,24.7,19.7,34.310093,157.51646,true,true,true,1.561098E9
19826773875476,5,23,43.0,38.0,75.68048,222.87172,true,true,true,1.561098E9
19826773875476,5,14,30.8,25.8,2.9173799,74.31655,false,false,true,1.561098E9
19826773875476,5,13,43.5,38.5,68.08281,322.41965,true,true,true,1.561098E9
19826773875476,5,10,32.2,27.2,15.339809,162.75711,true,false,true,1.561098E9
19826773875476,5,9,28.3,23.3,22.861095,145.60156,true,false,true,1.561098E9
19826773875476,5,8,35.7,30.7,37.097713,48.682156,true,true,true,1.561098E9
19826773875476,5,7,26.6,21.6,5.520913,160.33675,true,false,true,1.561098E9
19826773875476,5,6,40.6,35.6,30.914,119.44292,true,true,true,1.561098E9
19826773875476,5,3,32.3,27.3,39.472725,128.12805,false,false,true,1.561098E9
19826773875476,5,2,31.4,26.4,54.266415,175.11546,true,false,true,1.561098E9
19826773875476,5,1,32.7,27.7,15.828106,103.63194,true,false,true,1.561098E9
19826773875476,6,2,42.4,37.4,62.044716,84.49735,true,true,true,1.57542E9
19826773875476,6,15,35.5,30.5,28.22441,209.93094,true,true,true,1.57542E9
19826773875476,6,18,44.4,39.4,63.948322,4.8319335,true,false,true,1.57542E9
19826773875476,6,25,24.3,19.3,13.4918165,117.97556,false,true,true,1.57542E9
19826773875476,6,30,41.6,36.6,49.833244,329.69556,true,true,true,1.57542E9
19826773875476,6,34,40.7,35.7,79.774475,171.11238,true,true,true,1.57542E9
19826773875476,6,36,42.0,37.0,41.35009,41.399582,true,true,true,1.57542E9
19826773875476,1,6,35.1,30.1,70.98528,33.30392,true,true,true,1.17645E9
19826773875476,1,11,29.5,24.5,67.9825,222.53412,true,true,true,1.17645E9
19826773875476,1,14,24.6,19.6,20.142693,126.69893,true,true,true,1.17645E9
19826773875476,1,21,25.1,20.1,18.1691,166.18054,true,true,true,1.17645E9
19826773875476,1,24,32.4,27.4,36.90641,260.31775,true,true,true,1.17645E9
19826773875476,4,194,26.1,21.1,23.562761,97.34604,true,true,true,1.17645E9
19826773875476,4,195,35.4,30.4,32.201817,61.9094,true,true,true,1.17645E9
19826773875476,6,2,37.4,32.4,62.044716,84.49735,true,true,true,1.17645E9
19826773875476,6,15,31.5,26.5,28.22441,209.93094,true,true,true,1.17645E9
19826773875476,6,18,32.0,27.0,63.948322,4.8319335,true,false,true,1.17645E9
19826773875476,6,25,27.8,22.8,13.4918165,117.97556,true,true,true,1.17645E9
19826773875476,6,30,31.8,26.8,49.833244,329.69556,true,true,true,1.17645E9
19826773875476,6,34,20.2,15.2,79.774475,171.11238,false,true,true,1.17645E9
19826773875476,6,36,32.6,27.6,41.35009,41.399582,true,true,true,1.17645E9
19826773875476,5,23,26.6,21.6,75.68048,222.87172,true,true,true,1.17645E9
19826773875476,5,25,22.9,17.9,34.310093,157.51646,true,true,true,1.17645E9
19826773875476,5,27,22.6,17.6,10.922231,246.752,true,true,true,1.17645E9
19826773875476,5,28,31.7,26.7,49.991238,268.45978,true,true,true,1.17645E9
19826773875476,5,34,18.7,13.7,7.012293,54.18593,true,true,true,1.17645E9
19826773875476,5,37,35.4,30.4,35.20997,313.58307,true,true,true,1.17645E9
19826773875476,5,38,28.8,23.8,57.289368,19.916945,true,true,true,1.17645E9
19826773875476,5,42,19.1,14.1,5.761793,95.748856,true,false,true,1.17645E9
19826773875476,5,23,40.7,35.7,75.68048,222.87172,true,true,true,1.57542E9
19826773875476,5,25,34.8,29.8,34.310093,157.51646,true,true,true,1.57542E9
19826773875476,5,27,16.9,11.9,10.922231,246.752,false,true,true,1.57542E9
19826773875476,5,28,43.9,38.9,49.991238,268.45978,true,true,true,1.57542E9
19826773875476,5,34,22.0,17.0,7.012293,54.18593,true,true,true,1.57542E9
19826773875476,5,37,44.9,39.9,35.20997,313.58307,true,true,true,1.57542E9
19826773875476,5,38,42.9,37.9,57.289368,19.916945,true,true,true,1.57542E9
19826773875476,5,42,29.3,24.3,5.761793,95.748856,true,false,true,1.57542E9
19827769364695,1,6,29.6,24.6,70.98528,33.30392,true,true,true,1.57542E9
19827769364695,1,11,41.4,36.4,67.9825,222.53412,true,true,true,1.57542E9
19827769364695,1,12,33.3,28.3,25.594944,318.52423,true,false,true,1.57542E9
19827769364695,1,14,34.7,29.7,20.142693,126.69893,true,true,true,1.57542E9
19827769364695,1,17,41.0,36.0,23.971045,61.882233,true,true,true,1.57542E9
19827769364695,1,19,32.9,27.9,48.987778,30.639143,true,true,true,1.57542E9
19827769364695,1,21,32.2,27.2,18.1691,166.18054,true,true,true,1.57542E9
19827769364695,1,22,41.3,36.3,40.357727,116.29975,true,true,true,1.57542E9
19827769364695,1,24,37.6,32.6,36.90641,260.31775,true,true,true,1.57542E9
19827769364695,4,194,30.7,25.7,23.562761,97.34604,true,true,true,1.57542E9
19827769364695,4,195,43.4,38.4,32.201817,61.9094,true,true,true,1.57542E9
19827769364695,2,134,36.4,31.4,0.0,0.0,false,false,false,1.57542E9
19827769364695,3,9,44.0,39.0,81.66185,148.7656,false,false,true,1.600875E9
19827769364695,3,16,35.4,30.4,23.731276,147.23816,true,true,true,1.6014374E9
19827769364695,3,20,47.0,42.0,62.42595,279.15695,false,false,true,1.603125E9
19827769364695,3,19,43.2,38.2,41.452652,19.580093,true,true,true,1.6036876E9
19827769364695,3,21,41.3,36.3,24.81651,238.7768,true,true,true,1.60425E9
19827769364695,5,42,33.9,28.9,5.761793,95.748856,true,false,true,1.561098E9
19827769364695,5,38,45.5,40.5,57.289368,19.916945,true,true,true,1.561098E9
19827769364695,5,37,42.6,37.6,35.20997,313.58307,true,true,true,1.561098E9
19827769364695,5,34,21.0,16.0,7.012293,54.18593,false,true,true,1.561098E9
19827769364695,5,33,26.8,21.8,2.5242438,145.99773,false,false,true,1.561098E9
19827769364695,5,28,44.6,39.6,49.991238,268.45978,true,true,true,1.561098E9
19827769364695,5,27,32.2,27.2,10.922231,246.752,true,true,true,1.561098E9
19827769364695,5,25,24.7,19.7,34.310093,157.51646,true,true,true,1.561098E9
19827769364695,5,23,43.8,38.8,75.68048,222.87172,true,true,true,1.561098E9
19827769364695,5,14,30.8,25.8,2.9173799,74.31655,false,false,true,1.561098E9
19827769364695,5,13,43.9,38.9,68.08281,322.41965,true,true,true,1.561098E9
19827769364695,5,10,33.1,28.1,15.339809,162.75711,true,false,true,1.561098E9
19827769364695,5,9,28.3,23.3,22.861095,145.60156,true,false,true,1.561098E9
19827769364695,5,8,36.6,31.6,37.097713,48.682156,true,true,true,1.561098E9
19827769364695,5,7,28.3,23.3,5.520913,160.33675,true,false,true,1.561098E9
19827769364695,5,6,41.8,36.8,30.914,119.44292,true,true,true,1.561098E9
19827769364695,5,3,33.6,28.6,39.472725,128.12805,false,false,true,1.561098E9
19827769364695,5,2,31.4,26.4,54.266415,175.11546,true,false,true,1.561098E9
19827769364695,5,1,32.4,27.4,15.828106,103.63194,true,false,true,1.561098E9
19827769364695,6,2,42.2,37.2,62.044716,84.49735,true,true,true,1.57542E9
19827769364695,6,15,35.9,30.9,28.22441,209.93094,true,true,true,1.57542E9
19827769364695,6,18,44.0,39.0,63.948322,4.8319335,true,false,true,1.57542E9
19827769364695,6,25,22.5,17.5,13.4918165,117.97556,false,true,true,1.57542E9
19827769364695,6,30,41.5,36.5,49.833244,329.69556,true,true,true,1.57542E9
19827769364695,6,34,40.1,35.1,79.774475,171.11238,true,true,true,1.57542E9
19827769364695,6,36,41.4,36.4,41.35009,41.399582,true,true,true,1.57542E9
19827769364695,1,6,35.1,30.1,70.98528,33.30392,true,true,true,1.17645E9
19827769364695,1,11,29.7,24.7,67.9825,222.53412,true,true,true,1.17645E9
19827769364695,1,14,25.6,20.6,20.142693,126.69893,true,true,true,1.17645E9
19827769364695,1,21,24.4,19.4,18.1691,166.18054,true,true,true,1.17645E9
19827769364695,1,24,33.4,28.4,36.90641,260.31775,true,true,true,1.17645E9
19827769364695,4,194,27.8,22.8,23.562761,97.34604,true,true,true,1.17645E9
19827769364695,4,195,35.2,30.2,32.201817,61.9094,true,true,true,1.17645E9
19827769364695,6,2,37.5,32.5,62.044716,84.49735,true,true,true,1.17645E9
19827769364695,6,15,32.2,27.2,28.22441,209.93094,true,true,true,1.17645E9
19827769364695,6,18,32.5,27.5,63.948322,4.8319335,true,false,true,1.17645E9
19827769364695,6,25,28.5,23.5,13.4918165,117.97556,true,true,true,1.17645E9
19827769364695,6,30,33.0,28.0,49.833244,329.69556,true,true,true,1.17645E9
19827769364695,6,34,20.2,15.2,79.774475,171.11238,false,true,true,1.17645E9
19827769364695,6,36,32.8,27.8,41.35009,41.399582,true,true,true,1.17645E9
19827769364695,5,23,28.2,23.2,75.68048,222.87172,true,true,true,1.17645E9
19827769364695,5,25,23.0,18.0,34.310093,157.51646,true,true,true,1.17645E9
19827769364695,5,27,23.4,18.4,10.922231,246.752,true,true,true,1.17645E9
19827769364695,5,28,32.8,27.8,49.991238,268.45978,true,true,true,1.17645E9
19827769364695,5,34,18.7,13.7,7.012293,54.18593,true,true,true,1.17645E9
19827769364695,5,37,36.6,31.6,35.20997,313.58307,true,true,true,1.17645E9
19827769364695,5,38,30.1,25.1,57.289368,19.916945,true,true,true,1.17645E9
19827769364695,5,42,19.5,14.5,5.761793,95.748856,false,false,true,1.17645E9
19827769364695,5,23,40.2,35.2,75.68048,222.87172,true,true,true,1.57542E9
19827769364695,5,25,35.3,30.3,34.310093,157.51646,true,true,true,1.57542E9
19827769364695,5,27,16.9,11.9,10.922231,246.752,false,true,true,1.57542E9
19827769364695,5,28,43.3,38.3,49.991238,268.45978,true,true,true,1.57542E9
19827769364695,5,34,24.0,19.0,7.012293,54.18593,true,true,true,1.57542E9
19827769364695,5,37,45.1,40.1,35.20997,313.58307,true,true,true,1.57542E9
19827769364695,5,38,42.0,37.0,57.289368,19.916945,true,true,true,1.57542E9
19827769364695,5,42,29.1,24.1,5.761793,95.748856,true,false,true,1.57542E9
19828772295163,1,6,29.8,24.8,70.98528,33.30392,true,true,true,1.57542E9
19828772295163,1,11,41.4,36.4,67.9825,222.53412,true,true,true,1.57542E9
19828772295163,1,12,34.1,29.1,25.594944,318.52423,true,false,true,1.57542E9
19828772295163,1,14,35.2,30.2,20.142693,126.69893,true,true,true,1.57542E9
19828772295163,1,17,40.8,35.8,23.971045,61.882233,true,true,true,1.57542E9
19828772295163,1,19,33.0,28.0,48.987778,30.639143,true,true,true,1.57542E9
19828772295163,1,21,33.3,28.3,18.1691,166.18054,true,true,true,1.57542E9
19828772295163,1,22,41.0,36.0,40.357727,116.29975,true,true,true,1.57542E9
19828772295163,1,24,38.1,33.1,36.90641,260.31775,true,true,true,1.57542E9
19828772295163,4,194,29.6,24.6,23.562761,97.34604,true,true,true,1.57542E9
19828772295163,4,195,43.4,38.4,32.201817,61.9094,true,true,true,1.57542E9
19828772295163,2,134,36.5,31.5,0.0,0.0,false,false,false,1.57542E9
19828772295163,3,9,44.2,39.2,81.66185,148.7656,false,false,true,1.600875E9
19828772295163,3,16,34.8,29.8,23.731276,147.23816,true,true,true,1.6014374E9
19828772295163,3,20,46.8,41.8,62.42595,279.15695,false,false,true,1.603125E9
19828772295163,3,19,43.3,38.3,41.452652,19.580093,true,true,true,1.6036876E9
19828772295163,3,21,41.0,36.0,24.81651,238.7768,true,true,true,1.60425E9
19828772295163,5,42,33.4,28.4,5.761793,95.748856,true,false,true,1.561098E9
19828772295163,5,38,45.3,40.3,57.289368,19.916945,true,true,true,1.561098E9
19828772295163,5,37,42.7,37.7,35.20997,313.58307,true,true,true,1.561098E9
19828772295163,5,34,21.0,16.0,7.012293,54.18593,false,true,true,1.561098E9
19828772295163,5,33,26.5,21.5,2.5242438,145.99773,false,false,true,1.561098E9
19828772295163,5,28,44.5,39.5,49.991238,268.45978,true,true,true,1.561098E9
19828772295163,5,27,31.9,26.9,10.922231,246.752,true,true,true,1.561098E9
19828772295163,5,23,44.1,39.1,75.68048,222.87172,true,true,true,1.561098E9
19828772295163,5,14,31.1,26.1,2.9173799,74.31655,false,false,true,1.561098E9
19828772295163,5,13,43.4,38.4,68.08281,322.41965,true,true,true,1.561098E9
19828772295163,5,10,33.5,28.5,15.339809,162.75711,true,false,true,1.561098E9
19828772295163,5,9,28.3,23.3,22.861095,145.60156,true,false,true,1.561098E9
19828772295163,5,8,37.6,32.6,37.097713,48.682156,true,true,true,1.561098E9
19828772295163,5,7,28.8,23.8,5.520913,160.33675,true,false,true,1.561098E9
19828772295163,5,6,41.9,36.9,30.914,119.44292,true,true,true,1.561098E9
19828772295163,5,3,33.5,28.5,39.472725,128.12805,false,false,true,1.561098E9
19828772295163,5,2,30.6,25.6,54.266415,175.11546,true,false,true,1.561098E9
19828772295163,5,1,33.0,28.0,15.828106,103.63194,true,false,true,1.561098E9
19828772295163,6,2,41.9,36.9,62.044716,84.49735,true,true,true,1.57542E9
19828772295163,6,15,35.5,30.5,28.22441,209.93094,true,true,true,1.57542E9
19828772295163,6,18,43.4,38.4,63.948322,4.8319335,true,false,true,1.57542E9
19828772295163,6,25,24.8,19.8,13.4918165,117.97556,false,true,true,1.57542E9
19828772295163,6,30,41.2,36.2,49.833244,329.69556,true,true,true,1.57542E9
19828772295163,6,34,40.5,35.5,79.774475,171.11238,true,true,true,1.57542E9
19828772295163,6,36,42.2,37.2,41.35009,41.399582,true,true,true,1.57542E9
19828772295163,1,6,35.2,30.2,70.98528,33.30392,true,true,true,1.17645E9
19828772295163,1,11,29.9,24.9,67.9825,222.53412,true,true,true,1.17645E9
19828772295163,1,14,22.5,17.5,20.142693,126.69893,true,true,true,1.17645E9
19828772295163,1,21,25.1,20.1,18.1691,166.18054,true,true,true,1.17645E9
19828772295163,1,24,33.4,28.4,36.90641,260.31775,true,true,true,1.17645E9
19828772295163,4,194,26.6,21.6,23.562761,97.34604,true,true,true,1.17645E9
19828772295163,4,195,34.8,29.8,32.201817,61.9094,true,true,true,1.17645E9
19828772295163,6,2,37.6,32.6,62.044716,84.49735,true,true,true,1.17645E9
19828772295163,6,15,32.2,27.2,28.22441,209.93094,true,true,true,1.17645E9
19828772295163,6,18,32.4,27.4,63.948322,4.8319335,true,false,true,1.17645E9
19828772295163,6,25,27.3,22.3,13.4918165,117.97556,true,true,true,1.17645E9
19828772295163,6,30,32.6,27.6,49.833244,329.69556,true,true,true,1.17645E9
19828772295163,6,34,20.2,15.2,79.774475,171.11238,false,true,true,1.17645E9
19828772295163,6,36,33.4,28.4,41.35009,41.399582,true,true,true,1.17645E9
19828772295163,5,23,28.4,23.4,75.68048,222.87172,true,true,true,1.17645E9
19828772295163,5,25,23.5,18.5,34.310093,157.51646,true,true,true,1.17645E9
19828772295163,5,27,22.9,17.9,10.922231,246.752,true,true,true,1.17645E9
19828772295163,5,28,32.1,27.1,49.991238,268.45978,true,true,true,1.17645E9
19828772295163,5,34,18.7,13.7,7.012293,54.18593,true,true,true,1.17645E9
19828772295163,5,37,36.2,31.2,35.20997,313.58307,true,true,true,1.17645E9
19828772295163,5,38,29.0,24.0,57.289368,19.916945,true,true,true,1.17645E9
19828772295163,5,42,22.0,17.0,5.761793,95.748856,true,false,true,1.17645E9
19828772295163,5,23,40.3,35.3,75.68048,222.87172,true,true,true,1.57542E9
19828772295163,5,25,35.9,30.9,34.310093,157.51646,true,true,true,1.57542E9
19828772295163,5,27,18.5,13.5,10.922231,246.752,false,true,true,1.57542E9
19828772295163,5,28,43.4,38.4,49.991238,268.45978,true,true,true,1.57542E9
19828772295163,5,34,24.7,19.7,7.012293,54.18593,true,true,true,1.57542E9
19828772295163,5,37,44.3,39.3,35.20997,313.58307,true,true,true,1.57542E9
19828772295163,5,38,42.6,37.6,57.289368,19.916945,true,true,true,1.57542E9
19828772295163,5,42,29.0,24.0,5.761793,95.748856,true,false,true,1.57542E9
19829772733965,1,6,31.7,26.7,70.98528,33.30392,true,true,true,1.57542E9
19829772733965,1,11,42.2,37.2,67.9825,222.53412,true,true,true,1.57542E9
19829772733965,1,12,34.9,29.9,25.594944,318.52423,true,false,true,1.57542E9
19829772733965,1,14,34.8,29.8,20.142693,126.69893,true,true,true,1.57542E9
19829772733965,1,17,41.0,36.0,23.971045,61.882233,true,true,true,1.57542E9
19829772733965,1,19,32.1,27.1,48.987778,30.639143,true,true,true,1.57542E9
19829772733965,1,21,33.2,28.2,18.1691,166.18054,true,true,true,1.57542E9
19829772733965,1,22,41.1,36.1,40.357727,116.29975,true,true,true,1.57542E9
19829772733965,1,24,37.7,32.7,36.90641,260.31775,true,true,true,1.57542E9
19829772733965,4,194,30.9,25.9,23.562761,97.34604,true,true,true,1.57542E9
19829772733965,4,195,43.1,38.1,32.201817,61.9094,true,true,true,1.57542E9
19829772733965,2,134,36.7,31.7,0.0,0.0,false,false,false,1.57542E9
19829772733965,3,9,44.2,39.2,81.66185,148.7656,false,false,true,1.600875E9
19829772733965,3,16,33.8,28.8,23.731276,147.23816,true,true,true,1.6014374E9
19829772733965,3,20,46.8,41.8,62.42595,279.15695,false,false,true,1.603125E9
19829772733965,3,19,43.1,38.1,41.452652,19.580093,true,true,true,1.6036876E9
19829772733965,3,21,41.2,36.2,24.81651,238.7768,true,true,true,1.60425E9
19829772733965,5,42,33.3,28.3,5.761793,95.748856,true,false,true,1.561098E9
19829772733965,5,38,45.4,40.4,57.289368,19.916945,true,true,true,1.561098E9
19829772733965,5,37,42.6,37.6,35.20997,313.58307,true,true,true,1.561098E9
19829772733965,5,34,21.0,16.0,7.012293,54.18593,false,true,true,1.561098E9
19829772733965,5,33,25.5,20.5,2.5242438,145.99773,false,false,true,1.561098E9
19829772733965,5,28,44.3,39.3,49.991238,268.45978,true,true,true,1.561098E9
19829772733965,5,27,32.7,27.7,10.922231,246.752,true,true,true,1.561098E9
19829772733965,5,23,43.7,38.7,75.68048,222.87172,true,true,true,1.561098E9
19829772733965,5,14,30.6,25.6,2.9173799,74.31655,false,false,true,1.561098E9
19829772733965,5,13,43.3,38.3,68.08281,322.41965,true,true,true,1.561098E9
19829772733965,5,10,33.0,28.0,15.339809,162.75711,true,false,true,1.561098E9
19829772733965,5,9,28.8,23.8,22.861095,145.60156,true,false,true,1.561098E9
19829772733965,5,8,37.1,32.1,37.097713,48.682156,true,true,true,1.561098E9
19829772733965,5,7,28.9,23.9,5.520913,160.33675,true,false,true,1.561098E9
19829772733965,5,6,41.6,36.6,30.914,119.44292,true,true,true,1.561098E9
19829772733965,5,3,33.5,28.5,39.472725,128.12805,false,false,true,1.561098E9
19829772733965,5,2,30.6,25.6,54.266415,175.11546,true,false,true,1.561098E9
19829772733965,5,1,32.8,27.8,15.828106,103.63194,true,false,true,1.561098E9
19829772733965,6,2,41.5,36.5,62.044716,84.49735,true,true,true,1.57542E9
19829772733965,6,15,35.0,30.0,28.22441,209.93094,true,true,true,1.57542E9
19829772733965,6,18,43.8,38.8,63.948322,4.8319335,true,false,true,1.57542E9
19829772733965,6,25,23.2,18.2,13.4918165,117.97556,false,true,true,1.57542E9
19829772733965,6,30,41.4,36.4,49.833244,329.69556,true,true,true,1.57542E9
19829772733965,6,34,40.1,35.1,79.774475,171.11238,true,true,true,1.57542E9
19829772733965,6,36,42.1,37.1,41.35009,41.399582,true,true,true,1.57542E9
19829772733965,1,6,35.6,30.6,70.98528,33.30392,true,true,true,1.17645E9
19829772733965,1,11,29.6,24.6,67.9825,222.53412,true,true,true,1.17645E9
19829772733965,1,14,21.4,16.4,20.142693,126.69893,true,true,true,1.17645E9
19829772733965,1,21,25.1,20.1,18.1691,166.18054,true,true,true,1.17645E9
19829772733965,1,24,33.1,28.1,36.90641,260.31775,true,true,true,1.17645E9
19829772733965,4,194,27.9,22.9,23.562761,97.34604,true,true,true,1.17645E9
19829772733965,4,195,34.8,29.8,32.201817,61.9094,true,true,true,1.17645E9
19829772733965,6,2,37.7,32.7,62.044716,84.49735,true,true,true,1.17645E9
19829772733965,6,15,32.3,27.3,28.22441,209.93094,true,true,true,1.17645E9
19829772733965,6,18,32.5,27.5,63.948322,4.8319335,true,false,true,1.17645E9
19829772733965,6,25,27.9,22.9,13.4918165,117.97556,true,true,true,1.17645E9
19829772733965,6,30,32.4,27.4,49.833244,329.69556,true,true,true,1.17645E9
19829772733965,6,34,18.7,13.7,79.774475,171.11238,false,true,true,1.17645E9
19829772733965,6,36,33.2,28.2,41.35009,41.399582,true,true,true,1.17645E9
19829772733965,5,23,28.6,23.6,75.68048,222.87172,true,true,true,1.17645E9
19829772733965,5,25,21.4,16.4,34.310093,157.51646,true,true,true,1.17645E9
19829772733965,5,27,22.1,17.1,10.922231,246.752,true,true,true,1.17645E9
19829772733965,5,28,32.1,27.1,49.991238,268.45978,true,true,true,1.17645E9
19829772733965,5,34,18.7,13.7,7.012293,54.18593,true,true,true,1.17645E9
19829772733965,5,37,36.1,31.1,35.20997,313.58307,true,true,true,1.17645E9
19829772733965,5,38,30.0,25.0,57.289368,19.916945,true,true,true,1.17645E9
19829772733965,5,42,20.9,15.9,5.761793,95.748856,true,false,true,1.17645E9
19829772733965,5,23,40.2,35.2,75.68048,222.87172,true,true,true,1.57542E9
19829772733965,5,25,35.6,30.6,34.310093,157.51646,true,true,true,1.57542E9
19829772733965,5,27,22.0,17.0,10.922231,246.752,false,true,true,1.57542E9
19829772733965,5,28,42.2,37.2,49.991238,268.45978,true,true,true,1.57542E9
19829772733965,5,34,24.6,19.6,7.012293,54.18593,true,true,true,1.57542E9
19829772733965,5,37,44.8,39.8,35.20997,313.58307,true,true,true,1.57542E9
19829772733965,5,38,42.3,37.3,57.289368,19.916945,true,true,true,1.57542E9
19829772733965,5,42,28.6,23.6,5.761793,95.748856,true,false,true,1.57542E9
19830773529277,1,6,30.1,25.1,70.98528,33.30392,true,true,true,1.57542E9
19830773529277,1,11,41.3,36.3,67.9825,222.53412,true,true,true,1.57542E9
19830773529277,1,12,34.7,29.7,25.594944,318.52423,true,false,true,1.57542E9
19830773529277,1,14,34.4,29.4,20.142693,126.69893,true,true,true,1.57542E9
19830773529277,1,17,40.4,35.4,23.971045,61.882233,true,true,true,1.57542E9
19830773529277,1,19,33.8,28.8,48.987778,30.639143,true,true,true,1.57542E9
19830773529277,1,21,32.3,27.3,18.1691,166.18054,true,true,true,1.57542E9
19830773529277,1,22,40.8,35.8,40.357727,116.29975,true,true,true,1.57542E9
19830773529277,1,24,37.2,32.2,36.90641,260.31775,true,true,true,1.57542E9
19830773529277,4,194,30.6,25.6,23.562761,97.34604,true,true,true,1.57542E9
19830773529277,4,195,42.8,37.8,32.201817,61.9094,true,true,true,1.57542E9
19830773529277,2,134,36.5,31.5,0.0,0.0,false,false,false,1.57542E9
19830773529277,3,9,44.4,39.4,81.66185,148.7656,false,false,true,1.600875E9
19830773529277,3,16,34.1,29.1,23.731276,147.23816,true,true,true,1.6014374E9
19830773529277,3,20,46.7,41.7,62.42595,279.15695,false,false,true,1.603125E9
19830773529277,3,19,43.3,38.3,41.452652,19.580093,true,true,true,1.6036876E9
19830773529277,3,21,41.4,36.4,24.81651,238.7768,true,true,true,1.60425E9
19830773529277,5,42,33.6,28.6,5.761793,95.748856,true,false,true,1.561098E9
19830773529277,5,38,45.1,40.1,57.289368,19.916945,true,true,true,1.561098E9
19830773529277,5,37,42.6,37.6,35.20997,313.58307,true,true,true,1.561098E9
19830773529277,5,34,21.5,16.5,7.012293,54.18593,false,true,true,1.561098E9
19830773529277,5,33,26.0,21.0,2.5242438,145.99773,false,false,true,1.561098E9
19830773529277,5,28,44.5,39.5,49.991238,268.45978,true,true,true,1.561098E9
19830773529277,5,27,31.8,26.8,10.922231,246.752,true,true,true,1.561098E9
19830773529277,5,23,43.9,38.9,75.68048,222.87172,true,true,true,1.561098E9
19830773529277,5,14,29.9,24.9,2.9173799,74.31655,false,false,true,1.561098E9
19830773529277,5,13,43.1,38.1,68.08281,322.41965,true,true,true,1.561098E9
19830773529277,5,10,33.2,28.2,15.339809,162.75711,true,false,true,1.561098E9
19830773529277,5,9,28.6,23.6,22.861095,145.60156,true,false,true,1.561098E9
19830773529277,5,8,37.2,32.2,37.097713,48.682156,true,true,true,1.561098E9
19830773529277,5,7,29.3,24.3,5.520913,160.33675,true,false,true,1.561098E9
19830773529277,5,6,41.7,36.7,30.914,119.44292,true,true,true,1.561098E9
19830773529277,5,3,33.6,28.6,39.472725,128.12805,false,false,true,1.561098E9
19830773529277,5,2,30.7,25.7,54.266415,175.11546,true,false,true,1.561098E9
19830773529277,5,1,33.7,28.7,15.828106,103.63194,true,false,true,1.561098E9
19830773529277,6,2,42.5,37.5,62.044716,84.49735,true,true,true,1.57542E9
19830773529277,6,15,33.8,28.8,28.22441,209.93094,true,true,true,1.57542E9
19830773529277,6,18,42.8,37.8,63.948322,4.8319335,true,false,true,1.57542E9
19830773529277,6,25,23.1,18.1,13.4918165,117.97556,false,true,true,1.57542E9
19830773529277,6,30,41.1,36.1,49.833244,329.69556,true,true,true,1.57542E9
19830773529277,6,34,40.0,35.0,79.774475,171.11238,true,true,true,1.57542E9
19830773529277,6,36,41.1,36.1,41.35009,41.399582,true,true,true,1.57542E9
19830773529277,1,6,35.0,30.0,70.98528,33.30392,true,true,true,1.17645E9
19830773529277,1,11,28.9,23.9,67.9825,222.53412,true,true,true,1.17645E9
19830773529277,1,14,25.4,20.4,20.142693,126.69893,true,true,true,1.17645E9
19830773529277,1,21,23.5,18.5,18.1691,166.18054,true,true,true,1.17645E9
19830773529277,1,24,32.8,27.8,36.90641,260.31775,true,true,true,1.17645E9
19830773529277,4,194,28.0,23.0,23.562761,97.34604,true,true,true,1.17645E9
19830773529277,4,195,34.1,29.1,32.201817,61.9094,true,true,true,1.17645E9
19830773529277,6,2,37.3,32.3,62.044716,84.49735,true,true,true,1.17645E9
19830773529277,6,15,31.2,26.2,28.22441,209.93094,true,true,true,1.17645E9
19830773529277,6,18,31.5,26.5,63.948322,4.8319335,true,false,true,1.17645E9
19830773529277,6,25,27.0,22.0,13.4918165,117.97556,true,true,true,1.17645E9
19830773529277,6,30,31.6,26.6,49.833244,329.69556,true,true,true,1.17645E9
19830773529277,6,34,18.7,13.7,79.774475,171.11238,false,true,true,1.17645E9
19830773529277,6,36,32.3,27.3,41.35009,41.399582,true,true,true,1.17645E9
19830773529277,5,23,26.6,21.6,75.68048,222.87172,true,true,true,1.17645E9
19830773529277,5,25,21.4,16.4,34.310093,157.51646,true,true,true,1.17645E9
19830773529277,5,27,24.1,19.1,10.922231,246.752,true,true,true,1.17645E9
19830773529277,5,28,32.3,27.3,49.991238,268.45978,true,true,true,1.17645E9
19830773529277,5,34,18.7,13.7,7.012293,54.18593,true,true,true,1.17645E9
19830773529277,5,37,35.9,30.9,35.20997,313.58307,true,true,true,1.17645E9
19830773529277,5,38,29.6,24.6,57.289368,19.916945,true,true,true,1.17645E9
19830773529277,5,42,22.3,17.3,5.761793,95.748856,true,false,true,1.17645E9
19830773529277,5,23,39.6,34.6,75.68048,222.87172,true,true,true,1.57542E9
19830773529277,5,25,35.8,30.8,34.310093,157.51646,true,true,true,1.57542E9
19830773529277,5,27,22.0,17.0,10.922231,246.752,false,true,true,1.57542E9
19830773529277,5,28,43.3,38.3,49.991238,268.45978,true,true,true,1.57542E9
19830773529277,5,34,26.2,21.2,7.012293,54.18593,false,true,true,1.57542E9
19830773529277,5,37,44.2,39.2,35.20997,313.58307,true,true,true,1.57542E9
19830773529277,5,38,41.4,36.4,57.289368,19.916945,true,true,true,1.57542E9
19830773529277,5,42,28.2,23.2,5.761793,95.748856,true,false,true,1.57542E9
